Batch,Cultivation batch,Strain,Certificate,Series,Date of issue,#,Parameter,Result,Document,Issued,Laboratory,Internal,Status
CJ1024,CJ1024,Cup Junky,CoQ-PP_26-001,release,06.06.2026,1,"Identification A, Appearance · Macroscopic",Conforms | Одговара,iCoA-PP_26-001,03.06.2026,Purely Plant GmbH (in-house),yes,to be performed — see route
CJ1024,CJ1024,Cup Junky,CoQ-PP_26-142,reissue — 12-month retest,21.09.2026,1,"Identification A, Appearance · Macroscopic",Conforms | Одговара,iCoA-PP_26-178,24.08.2026,Purely Plant GmbH (in-house),yes,covered
CJ1024,CJ1024,Cup Junky,CoQ-PP_26-001,release,06.06.2026,2,Identification B · Microscopic,Conforms | Одговара,iCoA-PP_26-001,03.06.2026,Purely Plant GmbH (in-house),yes,to be performed — see route
CJ1024,CJ1024,Cup Junky,CoQ-PP_26-142,reissue — 12-month retest,21.09.2026,2,Identification B · Microscopic,Conforms | Одговара,iCoA-PP_26-178,24.08.2026,Purely Plant GmbH (in-house),yes,to be performed — see route
CJ1024,CJ1024,Cup Junky,CoQ-PP_26-001,release,06.06.2026,3,Identification C · HPLC/HPTLC,Conforms | Одговара,ППК25052,26.02.2025,UKIM Faculty of Pharmacy — Center for Natural Products,,covered
CJ1024,CJ1024,Cup Junky,CoQ-PP_26-142,reissue — 12-month retest,21.09.2026,3,Identification C · HPLC/HPTLC,Conforms | Одговара,227-26-К/26,11.09.2026,Farmahem,,covered
CJ1024,CJ1024,Cup Junky,CoQ-PP_26-001,release,06.06.2026,4,Assay — Total Δ⁹-THC,23.00,ППК25052,26.02.2025,UKIM Faculty of Pharmacy — Center for Natural Products,,covered
CJ1024,CJ1024,Cup Junky,CoQ-PP_26-142,reissue — 12-month retest,21.09.2026,4,Assay — Total Δ⁹-THC,28.12,227-26-К/26,11.09.2026,Farmahem,,covered
CJ1024,CJ1024,Cup Junky,CoQ-PP_26-001,release,06.06.2026,5,Assay — Total CBD,0.05,ППК25052,26.02.2025,UKIM Faculty of Pharmacy — Center for Natural Products,,covered
CJ1024,CJ1024,Cup Junky,CoQ-PP_26-142,reissue — 12-month retest,21.09.2026,5,Assay — Total CBD,< LOQ,227-26-К/26,11.09.2026,Farmahem,,covered
CJ1024,CJ1024,Cup Junky,CoQ-PP_26-001,release,06.06.2026,6,Total CBN,not tested,—,—,—,,not tested — no certificate covers it
CJ1024,CJ1024,Cup Junky,CoQ-PP_26-142,reissue — 12-month retest,21.09.2026,6,Total CBN,0.20,227-26-К/26,11.09.2026,Farmahem,,covered
CJ1024,CJ1024,Cup Junky,CoQ-PP_26-001,release,06.06.2026,7,Foreign Matter,Conforms | Одговара,iCoA-PP_26-001,03.06.2026,Purely Plant GmbH (in-house),yes,to be performed — see route
CJ1024,CJ1024,Cup Junky,CoQ-PP_26-142,reissue — 12-month retest,21.09.2026,7,Foreign Matter,Conforms | Одговара,iCoA-PP_26-178,24.08.2026,Purely Plant GmbH (in-house),yes,covered
CJ1024,CJ1024,Cup Junky,CoQ-PP_26-001,release,06.06.2026,8,Loss on Drying,5.91,ППК25052,26.02.2025,UKIM Faculty of Pharmacy — Center for Natural Products,,covered
CJ1024,CJ1024,Cup Junky,CoQ-PP_26-142,reissue — 12-month retest,21.09.2026,8,Loss on Drying,5.91,ППК25052,26.02.2025,UKIM Faculty of Pharmacy — Center for Natural Products,,carried from the initial testing (the batch's initial CoQ (number assigned on issue)) — covered
CJ1024,CJ1024,Cup Junky,CoQ-PP_26-001,release,06.06.2026,9.1,TAMC,8.4 × 10³,164/0272/25,24.02.2025,IPH — Institute of Public Health,,covered
CJ1024,CJ1024,Cup Junky,CoQ-PP_26-142,reissue — 12-month retest,21.09.2026,9.1,TAMC,< 10,565/1096/26,01.09.2026,IPH — Institute of Public Health,,covered
CJ1024,CJ1024,Cup Junky,CoQ-PP_26-001,release,06.06.2026,9.2,TYMC,< 10,164/0272/25,24.02.2025,IPH — Institute of Public Health,,covered
CJ1024,CJ1024,Cup Junky,CoQ-PP_26-142,reissue — 12-month retest,21.09.2026,9.2,TYMC,10,565/1096/26,01.09.2026,IPH — Institute of Public Health,,covered
CJ1024,CJ1024,Cup Junky,CoQ-PP_26-001,release,06.06.2026,9.3,Bile-tolerant gram-neg.,< 10,164/0272/25,24.02.2025,IPH — Institute of Public Health,,covered
CJ1024,CJ1024,Cup Junky,CoQ-PP_26-142,reissue — 12-month retest,21.09.2026,9.3,Bile-tolerant gram-neg.,< 10,565/1096/26,01.09.2026,IPH — Institute of Public Health,,covered
CJ1024,CJ1024,Cup Junky,CoQ-PP_26-001,release,06.06.2026,9.4,Salmonella,Absent | Отсутна,164/0272/25,24.02.2025,IPH — Institute of Public Health,,covered
CJ1024,CJ1024,Cup Junky,CoQ-PP_26-142,reissue — 12-month retest,21.09.2026,9.4,Salmonella,Absent | Отсутна,565/1096/26,01.09.2026,IPH — Institute of Public Health,,covered
CJ1024,CJ1024,Cup Junky,CoQ-PP_26-001,release,06.06.2026,9.5,Escherichia coli,Absent | Отсутна,164/0272/25,24.02.2025,IPH — Institute of Public Health,,covered
CJ1024,CJ1024,Cup Junky,CoQ-PP_26-142,reissue — 12-month retest,21.09.2026,9.5,Escherichia coli,Absent | Отсутна,565/1096/26,01.09.2026,IPH — Institute of Public Health,,covered
CJ1024,CJ1024,Cup Junky,CoQ-PP_26-001,release,06.06.2026,9.6,Pseudomonas aeruginosa,upon request — not required for release,—,—,—,,upon request — not required for release
CJ1024,CJ1024,Cup Junky,CoQ-PP_26-142,reissue — 12-month retest,21.09.2026,9.6,Pseudomonas aeruginosa,upon request — not required for release,—,—,—,,upon request — not required for release
CJ1024,CJ1024,Cup Junky,CoQ-PP_26-001,release,06.06.2026,9.7,Staphylococcus aureus,upon request — not required for release,—,—,—,,upon request — not required for release
CJ1024,CJ1024,Cup Junky,CoQ-PP_26-142,reissue — 12-month retest,21.09.2026,9.7,Staphylococcus aureus,upon request — not required for release,—,—,—,,upon request — not required for release
CJ1024,CJ1024,Cup Junky,CoQ-PP_26-001,release,06.06.2026,10.1,Aflatoxin B₁,not tested,—,—,—,,not tested — no certificate covers it
CJ1024,CJ1024,Cup Junky,CoQ-PP_26-142,reissue — 12-month retest,21.09.2026,10.1,Aflatoxin B₁,ND,227-26-М/26,16.09.2026,Farmahem,,covered
CJ1024,CJ1024,Cup Junky,CoQ-PP_26-001,release,06.06.2026,10.2,Aflatoxins ∑,< 2,750/2025,27.02.2025,IPH — Institute of Public Health,,covered
CJ1024,CJ1024,Cup Junky,CoQ-PP_26-142,reissue — 12-month retest,21.09.2026,10.2,Aflatoxins ∑,ND,227-26-М/26,16.09.2026,Farmahem,,carried from the initial testing (the batch's initial CoQ (number assigned on issue)) — covered
CJ1024,CJ1024,Cup Junky,CoQ-PP_26-001,release,06.06.2026,10.3,Ochratoxin A,not tested,—,—,—,,not tested — no certificate covers it
CJ1024,CJ1024,Cup Junky,CoQ-PP_26-142,reissue — 12-month retest,21.09.2026,10.3,Ochratoxin A,ND,227-26-М/26,16.09.2026,Farmahem,,covered
CJ1024,CJ1024,Cup Junky,CoQ-PP_26-001,release,06.06.2026,11.1,Lead (Pb),0.036,750/2025,27.02.2025,IPH — Institute of Public Health,,covered
CJ1024,CJ1024,Cup Junky,CoQ-PP_26-142,reissue — 12-month retest,21.09.2026,11.1,Lead (Pb),0.036,750/2025,27.02.2025,IPH — Institute of Public Health,,carried from the initial testing (the batch's initial CoQ (number assigned on issue)) — covered
CJ1024,CJ1024,Cup Junky,CoQ-PP_26-001,release,06.06.2026,11.2,Cadmium (Cd),0.013,750/2025,27.02.2025,IPH — Institute of Public Health,,covered
CJ1024,CJ1024,Cup Junky,CoQ-PP_26-142,reissue — 12-month retest,21.09.2026,11.2,Cadmium (Cd),0.013,750/2025,27.02.2025,IPH — Institute of Public Health,,carried from the initial testing (the batch's initial CoQ (number assigned on issue)) — covered
CJ1024,CJ1024,Cup Junky,CoQ-PP_26-001,release,06.06.2026,11.3,Arsenic (As),0.063,750/2025,27.02.2025,IPH — Institute of Public Health,,covered
CJ1024,CJ1024,Cup Junky,CoQ-PP_26-142,reissue — 12-month retest,21.09.2026,11.3,Arsenic (As),0.063,750/2025,27.02.2025,IPH — Institute of Public Health,,carried from the initial testing (the batch's initial CoQ (number assigned on issue)) — covered
CJ1024,CJ1024,Cup Junky,CoQ-PP_26-001,release,06.06.2026,11.4,Mercury (Hg),0.006,750/2025,27.02.2025,IPH — Institute of Public Health,,covered
CJ1024,CJ1024,Cup Junky,CoQ-PP_26-142,reissue — 12-month retest,21.09.2026,11.4,Mercury (Hg),0.006,750/2025,27.02.2025,IPH — Institute of Public Health,,carried from the initial testing (the batch's initial CoQ (number assigned on issue)) — covered
CJ1024,CJ1024,Cup Junky,CoQ-PP_26-001,release,06.06.2026,12,Pesticide Residues,ND,750/2025,27.02.2025,IPH — Institute of Public Health,,covered
CJ1024,CJ1024,Cup Junky,CoQ-PP_26-142,reissue — 12-month retest,21.09.2026,12,Pesticide Residues,ND,750/2025,27.02.2025,IPH — Institute of Public Health,,carried from the initial testing (the batch's initial CoQ (number assigned on issue)) — covered
BSS1024,BSS1024,Blue Sunset Sherbet,CoQ-PP_26-002,release,06.06.2026,1,"Identification A, Appearance · Macroscopic",Conforms | Одговара,iCoA-PP_26-002,03.06.2026,Purely Plant GmbH (in-house),yes,to be performed — see route
BSS1024,BSS1024,Blue Sunset Sherbet,CoQ-PP_26-086,reissue — 12-month retest,17.08.2026,1,"Identification A, Appearance · Macroscopic",Conforms | Одговара,iCoA-PP_26-099,27.07.2026,Purely Plant GmbH (in-house),yes,covered
BSS1024,BSS1024,Blue Sunset Sherbet,CoQ-PP_26-002,release,06.06.2026,2,Identification B · Microscopic,Conforms | Одговара,iCoA-PP_26-002,03.06.2026,Purely Plant GmbH (in-house),yes,to be performed — see route
BSS1024,BSS1024,Blue Sunset Sherbet,CoQ-PP_26-086,reissue — 12-month retest,17.08.2026,2,Identification B · Microscopic,Conforms | Одговара,iCoA-PP_26-099,27.07.2026,Purely Plant GmbH (in-house),yes,covered
BSS1024,BSS1024,Blue Sunset Sherbet,CoQ-PP_26-002,release,06.06.2026,3,Identification C · HPLC/HPTLC,Conforms | Одговара,ППК25051,26.02.2025,UKIM Faculty of Pharmacy — Center for Natural Products,,covered
BSS1024,BSS1024,Blue Sunset Sherbet,CoQ-PP_26-086,reissue — 12-month retest,17.08.2026,3,Identification C · HPLC/HPTLC,Conforms | Одговара,197-2-К/26,07.08.2026,Farmahem,,covered
BSS1024,BSS1024,Blue Sunset Sherbet,CoQ-PP_26-002,release,06.06.2026,4,Assay — Total Δ⁹-THC,21.03,ППК25051,26.02.2025,UKIM Faculty of Pharmacy — Center for Natural Products,,covered
BSS1024,BSS1024,Blue Sunset Sherbet,CoQ-PP_26-086,reissue — 12-month retest,17.08.2026,4,Assay — Total Δ⁹-THC,25.01,197-2-К/26,07.08.2026,Farmahem,,covered
BSS1024,BSS1024,Blue Sunset Sherbet,CoQ-PP_26-002,release,06.06.2026,5,Assay — Total CBD,0.04,ППК25051,26.02.2025,UKIM Faculty of Pharmacy — Center for Natural Products,,covered
BSS1024,BSS1024,Blue Sunset Sherbet,CoQ-PP_26-086,reissue — 12-month retest,17.08.2026,5,Assay — Total CBD,< LOQ,197-2-К/26,07.08.2026,Farmahem,,covered
BSS1024,BSS1024,Blue Sunset Sherbet,CoQ-PP_26-002,release,06.06.2026,6,Total CBN,0.02,ППК25051,26.02.2025,CNP,,covered
BSS1024,BSS1024,Blue Sunset Sherbet,CoQ-PP_26-086,reissue — 12-month retest,17.08.2026,6,Total CBN,< LOQ,197-2-К/26,07.08.2026,Farmahem,,covered
BSS1024,BSS1024,Blue Sunset Sherbet,CoQ-PP_26-002,release,06.06.2026,7,Foreign Matter,Conforms | Одговара,iCoA-PP_26-002,03.06.2026,Purely Plant GmbH (in-house),yes,to be performed — see route
BSS1024,BSS1024,Blue Sunset Sherbet,CoQ-PP_26-086,reissue — 12-month retest,17.08.2026,7,Foreign Matter,Conforms | Одговара,iCoA-PP_26-099,27.07.2026,Purely Plant GmbH (in-house),yes,covered
BSS1024,BSS1024,Blue Sunset Sherbet,CoQ-PP_26-002,release,06.06.2026,8,Loss on Drying,5.99,ППК25051,26.02.2025,UKIM Faculty of Pharmacy — Center for Natural Products,,covered
BSS1024,BSS1024,Blue Sunset Sherbet,CoQ-PP_26-086,reissue — 12-month retest,17.08.2026,8,Loss on Drying,5.99,ППК25051,26.02.2025,UKIM Faculty of Pharmacy — Center for Natural Products,,carried from the initial testing (CoQ-PP-2025-0001) — covered
BSS1024,BSS1024,Blue Sunset Sherbet,CoQ-PP_26-002,release,06.06.2026,9.1,TAMC,1.5 × 10⁴,161/0269/25,24.02.2025,IPH — Institute of Public Health,,covered
BSS1024,BSS1024,Blue Sunset Sherbet,CoQ-PP_26-086,reissue — 12-month retest,17.08.2026,9.1,TAMC,1.5 × 10⁴,161/0269/25,24.02.2025,IPH — Institute of Public Health,,carried from the initial testing (CoQ-PP-2025-0001) — covered
BSS1024,BSS1024,Blue Sunset Sherbet,CoQ-PP_26-002,release,06.06.2026,9.2,TYMC,2.2 × 10³,161/0269/25,24.02.2025,IPH — Institute of Public Health,,covered
BSS1024,BSS1024,Blue Sunset Sherbet,CoQ-PP_26-086,reissue — 12-month retest,17.08.2026,9.2,TYMC,2.2 × 10³,161/0269/25,24.02.2025,IPH — Institute of Public Health,,carried from the initial testing (CoQ-PP-2025-0001) — covered
BSS1024,BSS1024,Blue Sunset Sherbet,CoQ-PP_26-002,release,06.06.2026,9.3,Bile-tolerant gram-neg.,< 10² and > 10,161/0269/25,24.02.2025,IPH — Institute of Public Health,,covered
BSS1024,BSS1024,Blue Sunset Sherbet,CoQ-PP_26-086,reissue — 12-month retest,17.08.2026,9.3,Bile-tolerant gram-neg.,< 10² and > 10,161/0269/25,24.02.2025,IPH — Institute of Public Health,,carried from the initial testing (CoQ-PP-2025-0001) — covered
BSS1024,BSS1024,Blue Sunset Sherbet,CoQ-PP_26-002,release,06.06.2026,9.4,Salmonella,Absent | Отсутна,161/0269/25,24.02.2025,IPH — Institute of Public Health,,covered
BSS1024,BSS1024,Blue Sunset Sherbet,CoQ-PP_26-086,reissue — 12-month retest,17.08.2026,9.4,Salmonella,Absent | Отсутна,161/0269/25,24.02.2025,IPH — Institute of Public Health,,carried from the initial testing (CoQ-PP-2025-0001) — covered
BSS1024,BSS1024,Blue Sunset Sherbet,CoQ-PP_26-002,release,06.06.2026,9.5,Escherichia coli,Absent | Отсутна,161/0269/25,24.02.2025,IPH — Institute of Public Health,,covered
BSS1024,BSS1024,Blue Sunset Sherbet,CoQ-PP_26-086,reissue — 12-month retest,17.08.2026,9.5,Escherichia coli,Absent | Отсутна,161/0269/25,24.02.2025,IPH — Institute of Public Health,,carried from the initial testing (CoQ-PP-2025-0001) — covered
BSS1024,BSS1024,Blue Sunset Sherbet,CoQ-PP_26-002,release,06.06.2026,9.6,Pseudomonas aeruginosa,upon request — not required for release,—,—,—,,upon request — not required for release
BSS1024,BSS1024,Blue Sunset Sherbet,CoQ-PP_26-086,reissue — 12-month retest,17.08.2026,9.6,Pseudomonas aeruginosa,upon request — not required for release,—,—,—,,upon request — not required for release
BSS1024,BSS1024,Blue Sunset Sherbet,CoQ-PP_26-002,release,06.06.2026,9.7,Staphylococcus aureus,upon request — not required for release,—,—,—,,upon request — not required for release
BSS1024,BSS1024,Blue Sunset Sherbet,CoQ-PP_26-086,reissue — 12-month retest,17.08.2026,9.7,Staphylococcus aureus,upon request — not required for release,—,—,—,,upon request — not required for release
BSS1024,BSS1024,Blue Sunset Sherbet,CoQ-PP_26-002,release,06.06.2026,10.1,Aflatoxin B₁,not tested,—,—,—,,not tested — no certificate covers it
BSS1024,BSS1024,Blue Sunset Sherbet,CoQ-PP_26-086,reissue — 12-month retest,17.08.2026,10.1,Aflatoxin B₁,ND,197-2-М/26,10.08.2026,Farmahem,,covered
BSS1024,BSS1024,Blue Sunset Sherbet,CoQ-PP_26-002,release,06.06.2026,10.2,Aflatoxins ∑,< 2,751/2025,27.02.2025,IPH — Institute of Public Health,,covered
BSS1024,BSS1024,Blue Sunset Sherbet,CoQ-PP_26-086,reissue — 12-month retest,17.08.2026,10.2,Aflatoxins ∑,ND,197-2-М/26,10.08.2026,Farmahem,,covered
BSS1024,BSS1024,Blue Sunset Sherbet,CoQ-PP_26-002,release,06.06.2026,10.3,Ochratoxin A,not tested,—,—,—,,not tested — no certificate covers it
BSS1024,BSS1024,Blue Sunset Sherbet,CoQ-PP_26-086,reissue — 12-month retest,17.08.2026,10.3,Ochratoxin A,ND,197-2-М/26,10.08.2026,Farmahem,,covered
BSS1024,BSS1024,Blue Sunset Sherbet,CoQ-PP_26-002,release,06.06.2026,11.1,Lead (Pb),0.071,751/2025,27.02.2025,IPH — Institute of Public Health,,covered
BSS1024,BSS1024,Blue Sunset Sherbet,CoQ-PP_26-086,reissue — 12-month retest,17.08.2026,11.1,Lead (Pb),0.071,751/2025,27.02.2025,IPH — Institute of Public Health,,carried from the initial testing (CoQ-PP-2025-0001) — covered
BSS1024,BSS1024,Blue Sunset Sherbet,CoQ-PP_26-002,release,06.06.2026,11.2,Cadmium (Cd),0.014,751/2025,27.02.2025,IPH — Institute of Public Health,,covered
BSS1024,BSS1024,Blue Sunset Sherbet,CoQ-PP_26-086,reissue — 12-month retest,17.08.2026,11.2,Cadmium (Cd),0.014,751/2025,27.02.2025,IPH — Institute of Public Health,,carried from the initial testing (CoQ-PP-2025-0001) — covered
BSS1024,BSS1024,Blue Sunset Sherbet,CoQ-PP_26-002,release,06.06.2026,11.3,Arsenic (As),0.081,751/2025,27.02.2025,IPH — Institute of Public Health,,covered
BSS1024,BSS1024,Blue Sunset Sherbet,CoQ-PP_26-086,reissue — 12-month retest,17.08.2026,11.3,Arsenic (As),0.081,751/2025,27.02.2025,IPH — Institute of Public Health,,carried from the initial testing (CoQ-PP-2025-0001) — covered
BSS1024,BSS1024,Blue Sunset Sherbet,CoQ-PP_26-002,release,06.06.2026,11.4,Mercury (Hg),0.014,751/2025,27.02.2025,IPH — Institute of Public Health,,covered
BSS1024,BSS1024,Blue Sunset Sherbet,CoQ-PP_26-086,reissue — 12-month retest,17.08.2026,11.4,Mercury (Hg),0.014,751/2025,27.02.2025,IPH — Institute of Public Health,,carried from the initial testing (CoQ-PP-2025-0001) — covered
BSS1024,BSS1024,Blue Sunset Sherbet,CoQ-PP_26-002,release,06.06.2026,12,Pesticide Residues,ND,751/2025,27.02.2025,IPH — Institute of Public Health,,covered
BSS1024,BSS1024,Blue Sunset Sherbet,CoQ-PP_26-086,reissue — 12-month retest,17.08.2026,12,Pesticide Residues,ND,751/2025,27.02.2025,IPH — Institute of Public Health,,carried from the initial testing (CoQ-PP-2025-0001) — covered
BG1024,BG1024,Blue Gelato,CoQ-PP_26-003,release,06.06.2026,1,"Identification A, Appearance · Macroscopic",Conforms | Одговара,iCoA-PP_26-003,03.06.2026,Purely Plant GmbH (in-house),yes,to be performed — see route
BG1024,BG1024,Blue Gelato,CoQ-PP_26-085,reissue — 12-month retest,17.08.2026,1,"Identification A, Appearance · Macroscopic",Conforms | Одговара,iCoA-PP_26-098,27.07.2026,Purely Plant GmbH (in-house),yes,covered
BG1024,BG1024,Blue Gelato,CoQ-PP_26-003,release,06.06.2026,2,Identification B · Microscopic,Conforms | Одговара,iCoA-PP_26-003,03.06.2026,Purely Plant GmbH (in-house),yes,to be performed — see route
BG1024,BG1024,Blue Gelato,CoQ-PP_26-085,reissue — 12-month retest,17.08.2026,2,Identification B · Microscopic,Conforms | Одговара,iCoA-PP_26-098,27.07.2026,Purely Plant GmbH (in-house),yes,covered
BG1024,BG1024,Blue Gelato,CoQ-PP_26-003,release,06.06.2026,3,Identification C · HPLC/HPTLC,Conforms | Одговара,ППК25050,26.02.2025,UKIM Faculty of Pharmacy — Center for Natural Products,,covered
BG1024,BG1024,Blue Gelato,CoQ-PP_26-085,reissue — 12-month retest,17.08.2026,3,Identification C · HPLC/HPTLC,Conforms | Одговара,197-1-К/26,07.08.2026,Farmahem,,covered
BG1024,BG1024,Blue Gelato,CoQ-PP_26-003,release,06.06.2026,4,Assay — Total Δ⁹-THC,21.80,ППК25050,26.02.2025,UKIM Faculty of Pharmacy — Center for Natural Products,,covered
BG1024,BG1024,Blue Gelato,CoQ-PP_26-085,reissue — 12-month retest,17.08.2026,4,Assay — Total Δ⁹-THC,26.14,197-1-К/26,07.08.2026,Farmahem,,covered
BG1024,BG1024,Blue Gelato,CoQ-PP_26-003,release,06.06.2026,5,Assay — Total CBD,0.04,ППК25050,26.02.2025,UKIM Faculty of Pharmacy — Center for Natural Products,,covered
BG1024,BG1024,Blue Gelato,CoQ-PP_26-085,reissue — 12-month retest,17.08.2026,5,Assay — Total CBD,< LOQ,197-1-К/26,07.08.2026,Farmahem,,covered
BG1024,BG1024,Blue Gelato,CoQ-PP_26-003,release,06.06.2026,6,Total CBN,0.02,ППК25050,26.02.2025,CNP,,covered
BG1024,BG1024,Blue Gelato,CoQ-PP_26-085,reissue — 12-month retest,17.08.2026,6,Total CBN,0.28,197-1-К/26,07.08.2026,Farmahem,,covered
BG1024,BG1024,Blue Gelato,CoQ-PP_26-003,release,06.06.2026,7,Foreign Matter,Conforms | Одговара,iCoA-PP_26-003,03.06.2026,Purely Plant GmbH (in-house),yes,to be performed — see route
BG1024,BG1024,Blue Gelato,CoQ-PP_26-085,reissue — 12-month retest,17.08.2026,7,Foreign Matter,Conforms | Одговара,iCoA-PP_26-098,27.07.2026,Purely Plant GmbH (in-house),yes,covered
BG1024,BG1024,Blue Gelato,CoQ-PP_26-003,release,06.06.2026,8,Loss on Drying,5.73,ППК25050,26.02.2025,UKIM Faculty of Pharmacy — Center for Natural Products,,covered
BG1024,BG1024,Blue Gelato,CoQ-PP_26-085,reissue — 12-month retest,17.08.2026,8,Loss on Drying,5.73,ППК25050,26.02.2025,UKIM Faculty of Pharmacy — Center for Natural Products,,carried from the initial testing (CoQ-PP-2025-0002) — covered
BG1024,BG1024,Blue Gelato,CoQ-PP_26-003,release,06.06.2026,9.1,TAMC,1.6 × 10⁴,163/0271/25,24.02.2025,IPH — Institute of Public Health,,covered
BG1024,BG1024,Blue Gelato,CoQ-PP_26-085,reissue — 12-month retest,17.08.2026,9.1,TAMC,1.6 × 10⁴,163/0271/25,24.02.2025,IPH — Institute of Public Health,,carried from the initial testing (CoQ-PP-2025-0002) — covered
BG1024,BG1024,Blue Gelato,CoQ-PP_26-003,release,06.06.2026,9.2,TYMC,1 × 10⁴,163/0271/25,24.02.2025,IPH — Institute of Public Health,,covered
BG1024,BG1024,Blue Gelato,CoQ-PP_26-085,reissue — 12-month retest,17.08.2026,9.2,TYMC,1 × 10⁴,163/0271/25,24.02.2025,IPH — Institute of Public Health,,carried from the initial testing (CoQ-PP-2025-0002) — covered
BG1024,BG1024,Blue Gelato,CoQ-PP_26-003,release,06.06.2026,9.3,Bile-tolerant gram-neg.,< 10² and > 10,163/0271/25,24.02.2025,IPH — Institute of Public Health,,covered
BG1024,BG1024,Blue Gelato,CoQ-PP_26-085,reissue — 12-month retest,17.08.2026,9.3,Bile-tolerant gram-neg.,< 10² and > 10,163/0271/25,24.02.2025,IPH — Institute of Public Health,,carried from the initial testing (CoQ-PP-2025-0002) — covered
BG1024,BG1024,Blue Gelato,CoQ-PP_26-003,release,06.06.2026,9.4,Salmonella,Absent | Отсутна,163/0271/25,24.02.2025,IPH — Institute of Public Health,,covered
BG1024,BG1024,Blue Gelato,CoQ-PP_26-085,reissue — 12-month retest,17.08.2026,9.4,Salmonella,Absent | Отсутна,163/0271/25,24.02.2025,IPH — Institute of Public Health,,carried from the initial testing (CoQ-PP-2025-0002) — covered
BG1024,BG1024,Blue Gelato,CoQ-PP_26-003,release,06.06.2026,9.5,Escherichia coli,Absent | Отсутна,163/0271/25,24.02.2025,IPH — Institute of Public Health,,covered
BG1024,BG1024,Blue Gelato,CoQ-PP_26-085,reissue — 12-month retest,17.08.2026,9.5,Escherichia coli,Absent | Отсутна,163/0271/25,24.02.2025,IPH — Institute of Public Health,,carried from the initial testing (CoQ-PP-2025-0002) — covered
BG1024,BG1024,Blue Gelato,CoQ-PP_26-003,release,06.06.2026,9.6,Pseudomonas aeruginosa,upon request — not required for release,—,—,—,,upon request — not required for release
BG1024,BG1024,Blue Gelato,CoQ-PP_26-085,reissue — 12-month retest,17.08.2026,9.6,Pseudomonas aeruginosa,upon request — not required for release,—,—,—,,upon request — not required for release
BG1024,BG1024,Blue Gelato,CoQ-PP_26-003,release,06.06.2026,9.7,Staphylococcus aureus,upon request — not required for release,—,—,—,,upon request — not required for release
BG1024,BG1024,Blue Gelato,CoQ-PP_26-085,reissue — 12-month retest,17.08.2026,9.7,Staphylococcus aureus,upon request — not required for release,—,—,—,,upon request — not required for release
BG1024,BG1024,Blue Gelato,CoQ-PP_26-003,release,06.06.2026,10.1,Aflatoxin B₁,not tested,—,—,—,,not tested — no certificate covers it
BG1024,BG1024,Blue Gelato,CoQ-PP_26-085,reissue — 12-month retest,17.08.2026,10.1,Aflatoxin B₁,ND,197-1-М/26,10.08.2026,Farmahem,,covered
BG1024,BG1024,Blue Gelato,CoQ-PP_26-003,release,06.06.2026,10.2,Aflatoxins ∑,< 2,752/2025,27.02.2025,IPH — Institute of Public Health,,covered
BG1024,BG1024,Blue Gelato,CoQ-PP_26-085,reissue — 12-month retest,17.08.2026,10.2,Aflatoxins ∑,ND,197-1-М/26,10.08.2026,Farmahem,,covered
BG1024,BG1024,Blue Gelato,CoQ-PP_26-003,release,06.06.2026,10.3,Ochratoxin A,not tested,—,—,—,,not tested — no certificate covers it
BG1024,BG1024,Blue Gelato,CoQ-PP_26-085,reissue — 12-month retest,17.08.2026,10.3,Ochratoxin A,ND,197-1-М/26,10.08.2026,Farmahem,,covered
BG1024,BG1024,Blue Gelato,CoQ-PP_26-003,release,06.06.2026,11.1,Lead (Pb),0.01,752/2025,27.02.2025,IPH — Institute of Public Health,,covered
BG1024,BG1024,Blue Gelato,CoQ-PP_26-085,reissue — 12-month retest,17.08.2026,11.1,Lead (Pb),0.01,752/2025,27.02.2025,IPH — Institute of Public Health,,carried from the initial testing (CoQ-PP-2025-0002) — covered
BG1024,BG1024,Blue Gelato,CoQ-PP_26-003,release,06.06.2026,11.2,Cadmium (Cd),0.016,752/2025,27.02.2025,IPH — Institute of Public Health,,covered
BG1024,BG1024,Blue Gelato,CoQ-PP_26-085,reissue — 12-month retest,17.08.2026,11.2,Cadmium (Cd),0.016,752/2025,27.02.2025,IPH — Institute of Public Health,,carried from the initial testing (CoQ-PP-2025-0002) — covered
BG1024,BG1024,Blue Gelato,CoQ-PP_26-003,release,06.06.2026,11.3,Arsenic (As),0.014,752/2025,27.02.2025,IPH — Institute of Public Health,,covered
BG1024,BG1024,Blue Gelato,CoQ-PP_26-085,reissue — 12-month retest,17.08.2026,11.3,Arsenic (As),0.014,752/2025,27.02.2025,IPH — Institute of Public Health,,carried from the initial testing (CoQ-PP-2025-0002) — covered
BG1024,BG1024,Blue Gelato,CoQ-PP_26-003,release,06.06.2026,11.4,Mercury (Hg),0.005,752/2025,27.02.2025,IPH — Institute of Public Health,,covered
BG1024,BG1024,Blue Gelato,CoQ-PP_26-085,reissue — 12-month retest,17.08.2026,11.4,Mercury (Hg),0.005,752/2025,27.02.2025,IPH — Institute of Public Health,,carried from the initial testing (CoQ-PP-2025-0002) — covered
BG1024,BG1024,Blue Gelato,CoQ-PP_26-003,release,06.06.2026,12,Pesticide Residues,ND,752/2025,27.02.2025,IPH — Institute of Public Health,,covered
BG1024,BG1024,Blue Gelato,CoQ-PP_26-085,reissue — 12-month retest,17.08.2026,12,Pesticide Residues,ND,752/2025,27.02.2025,IPH — Institute of Public Health,,carried from the initial testing (CoQ-PP-2025-0002) — covered
GG1024,GG1024,Gorilla Glue,CoQ-PP_26-004,release,06.06.2026,1,"Identification A, Appearance · Macroscopic",Conforms | Одговара,iCoA-PP_26-004,03.06.2026,Purely Plant GmbH (in-house),yes,to be performed — see route
GG1024,GG1024,Gorilla Glue,CoQ-PP_26-115,reissue — 12-month retest,18.09.2026,1,"Identification A, Appearance · Macroscopic",Conforms | Одговара,iCoA-PP_26-129,17.08.2026,Purely Plant GmbH (in-house),yes,covered
GG1024,GG1024,Gorilla Glue,CoQ-PP_26-004,release,06.06.2026,2,Identification B · Microscopic,Conforms | Одговара,iCoA-PP_26-004,03.06.2026,Purely Plant GmbH (in-house),yes,to be performed — see route
GG1024,GG1024,Gorilla Glue,CoQ-PP_26-115,reissue — 12-month retest,18.09.2026,2,Identification B · Microscopic,Conforms | Одговара,iCoA-PP_26-129,17.08.2026,Purely Plant GmbH (in-house),yes,covered
GG1024,GG1024,Gorilla Glue,CoQ-PP_26-004,release,06.06.2026,3,Identification C · HPLC/HPTLC,not tested,—,—,—,,not tested — no certificate covers it
GG1024,GG1024,Gorilla Glue,CoQ-PP_26-115,reissue — 12-month retest,18.09.2026,3,Identification C · HPLC/HPTLC,Conforms | Одговара,220-9-К/26,25.08.2026,Farmahem,,covered
GG1024,GG1024,Gorilla Glue,CoQ-PP_26-004,release,06.06.2026,4,Assay — Total Δ⁹-THC,not tested,—,—,—,,not tested — no certificate covers it
GG1024,GG1024,Gorilla Glue,CoQ-PP_26-115,reissue — 12-month retest,18.09.2026,4,Assay — Total Δ⁹-THC,15.51,220-9-К/26,25.08.2026,Farmahem,,covered
GG1024,GG1024,Gorilla Glue,CoQ-PP_26-004,release,06.06.2026,5,Assay — Total CBD,not tested,—,—,—,,not tested — no certificate covers it
GG1024,GG1024,Gorilla Glue,CoQ-PP_26-115,reissue — 12-month retest,18.09.2026,5,Assay — Total CBD,< LOQ,220-9-К/26,25.08.2026,Farmahem,,covered
GG1024,GG1024,Gorilla Glue,CoQ-PP_26-004,release,06.06.2026,6,Total CBN,not tested,—,—,—,,not tested — no certificate covers it
GG1024,GG1024,Gorilla Glue,CoQ-PP_26-115,reissue — 12-month retest,18.09.2026,6,Total CBN,< LOQ,220-9-К/26,25.08.2026,Farmahem,,covered
GG1024,GG1024,Gorilla Glue,CoQ-PP_26-004,release,06.06.2026,7,Foreign Matter,Conforms | Одговара,iCoA-PP_26-004,03.06.2026,Purely Plant GmbH (in-house),yes,to be performed — see route
GG1024,GG1024,Gorilla Glue,CoQ-PP_26-115,reissue — 12-month retest,18.09.2026,7,Foreign Matter,Conforms | Одговара,iCoA-PP_26-129,17.08.2026,Purely Plant GmbH (in-house),yes,covered
GG1024,GG1024,Gorilla Glue,CoQ-PP_26-004,release,06.06.2026,8,Loss on Drying,7.8,ППК25008,29.01.2025,CNP,,covered
GG1024,GG1024,Gorilla Glue,CoQ-PP_26-115,reissue — 12-month retest,18.09.2026,8,Loss on Drying,7.8,ППК25008,29.01.2025,CNP,,carried from the initial testing (CoQ-PP-2025-0003) — covered
GG1024,GG1024,Gorilla Glue,CoQ-PP_26-004,release,06.06.2026,9.1,TAMC,1.1 × 10⁴ CFU/g,166/0274/25,24.02.2025,IPH — Institute of Public Health,,covered
GG1024,GG1024,Gorilla Glue,CoQ-PP_26-115,reissue — 12-month retest,18.09.2026,9.1,TAMC,1.1 × 10⁴ CFU/g,166/0274/25,24.02.2025,IPH — Institute of Public Health,,covered
GG1024,GG1024,Gorilla Glue,CoQ-PP_26-004,release,06.06.2026,9.2,TYMC,< 10,166/0274/25,24.02.2025,IPH — Institute of Public Health,,covered
GG1024,GG1024,Gorilla Glue,CoQ-PP_26-115,reissue — 12-month retest,18.09.2026,9.2,TYMC,< 10,166/0274/25,24.02.2025,IPH — Institute of Public Health,,covered
GG1024,GG1024,Gorilla Glue,CoQ-PP_26-004,release,06.06.2026,9.3,Bile-tolerant gram-neg.,< 10² and > 10 CFU/g,166/0274/25,24.02.2025,IPH — Institute of Public Health,,covered
GG1024,GG1024,Gorilla Glue,CoQ-PP_26-115,reissue — 12-month retest,18.09.2026,9.3,Bile-tolerant gram-neg.,< 10² and > 10 CFU/g,166/0274/25,24.02.2025,IPH — Institute of Public Health,,covered
GG1024,GG1024,Gorilla Glue,CoQ-PP_26-004,release,06.06.2026,9.4,Salmonella,Absent | Отсутна,166/0274/25,24.02.2025,IPH — Institute of Public Health,,covered
GG1024,GG1024,Gorilla Glue,CoQ-PP_26-115,reissue — 12-month retest,18.09.2026,9.4,Salmonella,Absent | Отсутна,166/0274/25,24.02.2025,IPH — Institute of Public Health,,covered
GG1024,GG1024,Gorilla Glue,CoQ-PP_26-004,release,06.06.2026,9.5,Escherichia coli,Absent | Отсутна,166/0274/25,24.02.2025,IPH — Institute of Public Health,,covered
GG1024,GG1024,Gorilla Glue,CoQ-PP_26-115,reissue — 12-month retest,18.09.2026,9.5,Escherichia coli,Absent | Отсутна,166/0274/25,24.02.2025,IPH — Institute of Public Health,,covered
GG1024,GG1024,Gorilla Glue,CoQ-PP_26-004,release,06.06.2026,9.6,Pseudomonas aeruginosa,upon request — not required for release,—,—,—,,upon request — not required for release
GG1024,GG1024,Gorilla Glue,CoQ-PP_26-115,reissue — 12-month retest,18.09.2026,9.6,Pseudomonas aeruginosa,upon request — not required for release,—,—,—,,upon request — not required for release
GG1024,GG1024,Gorilla Glue,CoQ-PP_26-004,release,06.06.2026,9.7,Staphylococcus aureus,upon request — not required for release,—,—,—,,upon request — not required for release
GG1024,GG1024,Gorilla Glue,CoQ-PP_26-115,reissue — 12-month retest,18.09.2026,9.7,Staphylococcus aureus,upon request — not required for release,—,—,—,,upon request — not required for release
GG1024,GG1024,Gorilla Glue,CoQ-PP_26-004,release,06.06.2026,10.1,Aflatoxin B₁,not tested,—,—,—,,not tested — no certificate covers it
GG1024,GG1024,Gorilla Glue,CoQ-PP_26-115,reissue — 12-month retest,18.09.2026,10.1,Aflatoxin B₁,ND,220-9-М/26,11.09.2026,Farmahem,,covered
GG1024,GG1024,Gorilla Glue,CoQ-PP_26-004,release,06.06.2026,10.2,Aflatoxins ∑,< 2,748/2025,04.03.2025,IPH — Institute of Public Health,,covered
GG1024,GG1024,Gorilla Glue,CoQ-PP_26-115,reissue — 12-month retest,18.09.2026,10.2,Aflatoxins ∑,ND,220-9-М/26,11.09.2026,Farmahem,,covered
GG1024,GG1024,Gorilla Glue,CoQ-PP_26-004,release,06.06.2026,10.3,Ochratoxin A,not tested,—,—,—,,not tested — no certificate covers it
GG1024,GG1024,Gorilla Glue,CoQ-PP_26-115,reissue — 12-month retest,18.09.2026,10.3,Ochratoxin A,ND,220-9-М/26,11.09.2026,Farmahem,,covered
GG1024,GG1024,Gorilla Glue,CoQ-PP_26-004,release,06.06.2026,11.1,Lead (Pb),0.052,748/2025,04.03.2025,IPH — Institute of Public Health,,covered
GG1024,GG1024,Gorilla Glue,CoQ-PP_26-115,reissue — 12-month retest,18.09.2026,11.1,Lead (Pb),0.052,748/2025,04.03.2025,IPH — Institute of Public Health,,covered
GG1024,GG1024,Gorilla Glue,CoQ-PP_26-004,release,06.06.2026,11.2,Cadmium (Cd),0.016,748/2025,04.03.2025,IPH — Institute of Public Health,,covered
GG1024,GG1024,Gorilla Glue,CoQ-PP_26-115,reissue — 12-month retest,18.09.2026,11.2,Cadmium (Cd),0.016,748/2025,04.03.2025,IPH — Institute of Public Health,,covered
GG1024,GG1024,Gorilla Glue,CoQ-PP_26-004,release,06.06.2026,11.3,Arsenic (As),0.04,748/2025,04.03.2025,IPH — Institute of Public Health,,covered
GG1024,GG1024,Gorilla Glue,CoQ-PP_26-115,reissue — 12-month retest,18.09.2026,11.3,Arsenic (As),0.04,748/2025,04.03.2025,IPH — Institute of Public Health,,covered
GG1024,GG1024,Gorilla Glue,CoQ-PP_26-004,release,06.06.2026,11.4,Mercury (Hg),0.004,748/2025,04.03.2025,IPH — Institute of Public Health,,covered
GG1024,GG1024,Gorilla Glue,CoQ-PP_26-115,reissue — 12-month retest,18.09.2026,11.4,Mercury (Hg),0.004,748/2025,04.03.2025,IPH — Institute of Public Health,,covered
GG1024,GG1024,Gorilla Glue,CoQ-PP_26-004,release,06.06.2026,12,Pesticide Residues,ND mg/Kg — all 22 residues,748/2025,04.03.2025,IJZ,,covered
GG1024,GG1024,Gorilla Glue,CoQ-PP_26-115,reissue — 12-month retest,18.09.2026,12,Pesticide Residues,ND mg/Kg — all 22 residues,748/2025,04.03.2025,IJZ,,carried from the initial testing (CoQ-PP-2025-0003) — covered
HPA1024,HPA1024,High Pro Amnesia,CoQ-PP_26-005,release,06.06.2026,1,"Identification A, Appearance · Macroscopic",Conforms | Одговара,iCoA-PP_26-005,03.06.2026,Purely Plant GmbH (in-house),yes,to be performed — see route
HPA1024,HPA1024,High Pro Amnesia,CoQ-PP_26-097,reissue — 12-month retest,17.08.2026,1,"Identification A, Appearance · Macroscopic",Conforms | Одговара,iCoA-PP_26-110,27.07.2026,Purely Plant GmbH (in-house),yes,covered
HPA1024,HPA1024,High Pro Amnesia,CoQ-PP_26-005,release,06.06.2026,2,Identification B · Microscopic,Conforms | Одговара,iCoA-PP_26-005,03.06.2026,Purely Plant GmbH (in-house),yes,to be performed — see route
HPA1024,HPA1024,High Pro Amnesia,CoQ-PP_26-097,reissue — 12-month retest,17.08.2026,2,Identification B · Microscopic,Conforms | Одговара,iCoA-PP_26-110,27.07.2026,Purely Plant GmbH (in-house),yes,covered
HPA1024,HPA1024,High Pro Amnesia,CoQ-PP_26-005,release,06.06.2026,3,Identification C · HPLC/HPTLC,not tested,—,—,—,,not tested — no certificate covers it
HPA1024,HPA1024,High Pro Amnesia,CoQ-PP_26-097,reissue — 12-month retest,17.08.2026,3,Identification C · HPLC/HPTLC,Conforms | Одговара,197-13-К/26,07.08.2026,Farmahem,,covered
HPA1024,HPA1024,High Pro Amnesia,CoQ-PP_26-005,release,06.06.2026,4,Assay — Total Δ⁹-THC,14.97,iCoA-PP_26-005,03.06.2026,Purely Plant GmbH (in-house),yes,"in-house CoA only — not an eCoA or an iCoA: a value no certificate of analysis certifies cannot be on a release certificate (owner's rule, 02.09.2026)"
HPA1024,HPA1024,High Pro Amnesia,CoQ-PP_26-097,reissue — 12-month retest,17.08.2026,4,Assay — Total Δ⁹-THC,17.31,197-13-К/26,07.08.2026,Farmahem,,covered
HPA1024,HPA1024,High Pro Amnesia,CoQ-PP_26-005,release,06.06.2026,5,Assay — Total CBD,0.04,iCoA-PP_26-005,03.06.2026,Purely Plant GmbH (in-house),yes,"in-house CoA only — not an eCoA or an iCoA: a value no certificate of analysis certifies cannot be on a release certificate (owner's rule, 02.09.2026)"
HPA1024,HPA1024,High Pro Amnesia,CoQ-PP_26-097,reissue — 12-month retest,17.08.2026,5,Assay — Total CBD,< LOQ,197-13-К/26,07.08.2026,Farmahem,,covered
HPA1024,HPA1024,High Pro Amnesia,CoQ-PP_26-005,release,06.06.2026,6,Total CBN,not tested,—,—,—,,not tested — no certificate covers it
HPA1024,HPA1024,High Pro Amnesia,CoQ-PP_26-097,reissue — 12-month retest,17.08.2026,6,Total CBN,0.36,197-13-К/26,07.08.2026,Farmahem,,covered
HPA1024,HPA1024,High Pro Amnesia,CoQ-PP_26-005,release,06.06.2026,7,Foreign Matter,Conforms | Одговара,iCoA-PP_26-005,03.06.2026,Purely Plant GmbH (in-house),yes,to be performed — see route
HPA1024,HPA1024,High Pro Amnesia,CoQ-PP_26-097,reissue — 12-month retest,17.08.2026,7,Foreign Matter,Conforms | Одговара,iCoA-PP_26-110,27.07.2026,Purely Plant GmbH (in-house),yes,covered
HPA1024,HPA1024,High Pro Amnesia,CoQ-PP_26-005,release,06.06.2026,8,Loss on Drying,not tested,—,—,—,,not tested — no certificate covers it
HPA1024,HPA1024,High Pro Amnesia,CoQ-PP_26-097,reissue — 12-month retest,17.08.2026,8,Loss on Drying,carried from the initial testing — not tested,—,—,—,,carried from the initial testing (CoQ-PP-2025-0004) — not tested — no certificate covers it
HPA1024,HPA1024,High Pro Amnesia,CoQ-PP_26-005,release,06.06.2026,9.1,TAMC,5.2 × 10⁴,iCoA-PP_26-005,03.06.2026,Purely Plant GmbH (in-house),yes,"in-house CoA only — not an eCoA or an iCoA: a value no certificate of analysis certifies cannot be on a release certificate (owner's rule, 02.09.2026)"
HPA1024,HPA1024,High Pro Amnesia,CoQ-PP_26-097,reissue — 12-month retest,17.08.2026,9.1,TAMC,5.2 × 10⁴,iCoA-PP_26-005,03.06.2026,Purely Plant GmbH (in-house),yes,"carried from the initial testing (CoQ-PP-2025-0004) — in-house CoA only — not an eCoA or an iCoA: a value no certificate of analysis certifies cannot be on a release certificate (owner's rule, 02.09.2026)"
HPA1024,HPA1024,High Pro Amnesia,CoQ-PP_26-005,release,06.06.2026,9.2,TYMC,7 × 10²,iCoA-PP_26-005,03.06.2026,Purely Plant GmbH (in-house),yes,"in-house CoA only — not an eCoA or an iCoA: a value no certificate of analysis certifies cannot be on a release certificate (owner's rule, 02.09.2026)"
HPA1024,HPA1024,High Pro Amnesia,CoQ-PP_26-097,reissue — 12-month retest,17.08.2026,9.2,TYMC,7 × 10²,iCoA-PP_26-005,03.06.2026,Purely Plant GmbH (in-house),yes,"carried from the initial testing (CoQ-PP-2025-0004) — in-house CoA only — not an eCoA or an iCoA: a value no certificate of analysis certifies cannot be on a release certificate (owner's rule, 02.09.2026)"
HPA1024,HPA1024,High Pro Amnesia,CoQ-PP_26-005,release,06.06.2026,9.3,Bile-tolerant gram-neg.,< 10,iCoA-PP_26-005,03.06.2026,Purely Plant GmbH (in-house),yes,"in-house CoA only — not an eCoA or an iCoA: a value no certificate of analysis certifies cannot be on a release certificate (owner's rule, 02.09.2026)"
HPA1024,HPA1024,High Pro Amnesia,CoQ-PP_26-097,reissue — 12-month retest,17.08.2026,9.3,Bile-tolerant gram-neg.,< 10,iCoA-PP_26-005,03.06.2026,Purely Plant GmbH (in-house),yes,"carried from the initial testing (CoQ-PP-2025-0004) — in-house CoA only — not an eCoA or an iCoA: a value no certificate of analysis certifies cannot be on a release certificate (owner's rule, 02.09.2026)"
HPA1024,HPA1024,High Pro Amnesia,CoQ-PP_26-005,release,06.06.2026,9.4,Salmonella,Absent | Отсутна,iCoA-PP_26-005,03.06.2026,Purely Plant GmbH (in-house),yes,"in-house CoA only — not an eCoA or an iCoA: a value no certificate of analysis certifies cannot be on a release certificate (owner's rule, 02.09.2026)"
HPA1024,HPA1024,High Pro Amnesia,CoQ-PP_26-097,reissue — 12-month retest,17.08.2026,9.4,Salmonella,Absent | Отсутна,iCoA-PP_26-005,03.06.2026,Purely Plant GmbH (in-house),yes,"carried from the initial testing (CoQ-PP-2025-0004) — in-house CoA only — not an eCoA or an iCoA: a value no certificate of analysis certifies cannot be on a release certificate (owner's rule, 02.09.2026)"
HPA1024,HPA1024,High Pro Amnesia,CoQ-PP_26-005,release,06.06.2026,9.5,Escherichia coli,Absent | Отсутна,iCoA-PP_26-005,03.06.2026,Purely Plant GmbH (in-house),yes,"in-house CoA only — not an eCoA or an iCoA: a value no certificate of analysis certifies cannot be on a release certificate (owner's rule, 02.09.2026)"
HPA1024,HPA1024,High Pro Amnesia,CoQ-PP_26-097,reissue — 12-month retest,17.08.2026,9.5,Escherichia coli,Absent | Отсутна,iCoA-PP_26-005,03.06.2026,Purely Plant GmbH (in-house),yes,"carried from the initial testing (CoQ-PP-2025-0004) — in-house CoA only — not an eCoA or an iCoA: a value no certificate of analysis certifies cannot be on a release certificate (owner's rule, 02.09.2026)"
HPA1024,HPA1024,High Pro Amnesia,CoQ-PP_26-005,release,06.06.2026,9.6,Pseudomonas aeruginosa,upon request — not required for release,—,—,—,,upon request — not required for release
HPA1024,HPA1024,High Pro Amnesia,CoQ-PP_26-097,reissue — 12-month retest,17.08.2026,9.6,Pseudomonas aeruginosa,upon request — not required for release,—,—,—,,upon request — not required for release
HPA1024,HPA1024,High Pro Amnesia,CoQ-PP_26-005,release,06.06.2026,9.7,Staphylococcus aureus,upon request — not required for release,—,—,—,,upon request — not required for release
HPA1024,HPA1024,High Pro Amnesia,CoQ-PP_26-097,reissue — 12-month retest,17.08.2026,9.7,Staphylococcus aureus,upon request — not required for release,—,—,—,,upon request — not required for release
HPA1024,HPA1024,High Pro Amnesia,CoQ-PP_26-005,release,06.06.2026,10.1,Aflatoxin B₁,not tested,—,—,—,,not tested — no certificate covers it
HPA1024,HPA1024,High Pro Amnesia,CoQ-PP_26-097,reissue — 12-month retest,17.08.2026,10.1,Aflatoxin B₁,ND,197-13-М/26,10.08.2026,Farmahem,,covered
HPA1024,HPA1024,High Pro Amnesia,CoQ-PP_26-005,release,06.06.2026,10.2,Aflatoxins ∑,< 2,iCoA-PP_26-005,03.06.2026,Purely Plant GmbH (in-house),yes,"in-house CoA only — not an eCoA or an iCoA: a value no certificate of analysis certifies cannot be on a release certificate (owner's rule, 02.09.2026)"
HPA1024,HPA1024,High Pro Amnesia,CoQ-PP_26-097,reissue — 12-month retest,17.08.2026,10.2,Aflatoxins ∑,ND,197-13-М/26,10.08.2026,Farmahem,,covered
HPA1024,HPA1024,High Pro Amnesia,CoQ-PP_26-005,release,06.06.2026,10.3,Ochratoxin A,not tested,—,—,—,,not tested — no certificate covers it
HPA1024,HPA1024,High Pro Amnesia,CoQ-PP_26-097,reissue — 12-month retest,17.08.2026,10.3,Ochratoxin A,< LOQ,197-13-М/26,10.08.2026,Farmahem,,covered
HPA1024,HPA1024,High Pro Amnesia,CoQ-PP_26-005,release,06.06.2026,11.1,Lead (Pb),0.02,iCoA-PP_26-005,03.06.2026,Purely Plant GmbH (in-house),yes,"in-house CoA only — not an eCoA or an iCoA: a value no certificate of analysis certifies cannot be on a release certificate (owner's rule, 02.09.2026)"
HPA1024,HPA1024,High Pro Amnesia,CoQ-PP_26-097,reissue — 12-month retest,17.08.2026,11.1,Lead (Pb),0.02,iCoA-PP_26-005,03.06.2026,Purely Plant GmbH (in-house),yes,"carried from the initial testing (CoQ-PP-2025-0004) — in-house CoA only — not an eCoA or an iCoA: a value no certificate of analysis certifies cannot be on a release certificate (owner's rule, 02.09.2026)"
HPA1024,HPA1024,High Pro Amnesia,CoQ-PP_26-005,release,06.06.2026,11.2,Cadmium (Cd),0.013,iCoA-PP_26-005,03.06.2026,Purely Plant GmbH (in-house),yes,"in-house CoA only — not an eCoA or an iCoA: a value no certificate of analysis certifies cannot be on a release certificate (owner's rule, 02.09.2026)"
HPA1024,HPA1024,High Pro Amnesia,CoQ-PP_26-097,reissue — 12-month retest,17.08.2026,11.2,Cadmium (Cd),0.013,iCoA-PP_26-005,03.06.2026,Purely Plant GmbH (in-house),yes,"carried from the initial testing (CoQ-PP-2025-0004) — in-house CoA only — not an eCoA or an iCoA: a value no certificate of analysis certifies cannot be on a release certificate (owner's rule, 02.09.2026)"
HPA1024,HPA1024,High Pro Amnesia,CoQ-PP_26-005,release,06.06.2026,11.3,Arsenic (As),0.017,iCoA-PP_26-005,03.06.2026,Purely Plant GmbH (in-house),yes,"in-house CoA only — not an eCoA or an iCoA: a value no certificate of analysis certifies cannot be on a release certificate (owner's rule, 02.09.2026)"
HPA1024,HPA1024,High Pro Amnesia,CoQ-PP_26-097,reissue — 12-month retest,17.08.2026,11.3,Arsenic (As),0.017,iCoA-PP_26-005,03.06.2026,Purely Plant GmbH (in-house),yes,"carried from the initial testing (CoQ-PP-2025-0004) — in-house CoA only — not an eCoA or an iCoA: a value no certificate of analysis certifies cannot be on a release certificate (owner's rule, 02.09.2026)"
HPA1024,HPA1024,High Pro Amnesia,CoQ-PP_26-005,release,06.06.2026,11.4,Mercury (Hg),0.0026,iCoA-PP_26-005,03.06.2026,Purely Plant GmbH (in-house),yes,"in-house CoA only — not an eCoA or an iCoA: a value no certificate of analysis certifies cannot be on a release certificate (owner's rule, 02.09.2026)"
HPA1024,HPA1024,High Pro Amnesia,CoQ-PP_26-097,reissue — 12-month retest,17.08.2026,11.4,Mercury (Hg),0.0026,iCoA-PP_26-005,03.06.2026,Purely Plant GmbH (in-house),yes,"carried from the initial testing (CoQ-PP-2025-0004) — in-house CoA only — not an eCoA or an iCoA: a value no certificate of analysis certifies cannot be on a release certificate (owner's rule, 02.09.2026)"
HPA1024,HPA1024,High Pro Amnesia,CoQ-PP_26-005,release,06.06.2026,12,Pesticide Residues,ND,iCoA-PP_26-005,03.06.2026,Purely Plant GmbH (in-house),yes,"in-house CoA only — not an eCoA or an iCoA: a value no certificate of analysis certifies cannot be on a release certificate (owner's rule, 02.09.2026)"
HPA1024,HPA1024,High Pro Amnesia,CoQ-PP_26-097,reissue — 12-month retest,17.08.2026,12,Pesticide Residues,ND,iCoA-PP_26-005,03.06.2026,Purely Plant GmbH (in-house),yes,"carried from the initial testing (CoQ-PP-2025-0004) — in-house CoA only — not an eCoA or an iCoA: a value no certificate of analysis certifies cannot be on a release certificate (owner's rule, 02.09.2026)"
OPM1024,OPM1024,Orange Punch Mimosa,CoQ-PP_26-006,release,06.06.2026,1,"Identification A, Appearance · Macroscopic",Conforms | Одговара,iCoA-PP_26-006,03.06.2026,Purely Plant GmbH (in-house),yes,to be performed — see route
OPM1024,OPM1024,Orange Punch Mimosa,CoQ-PP_26-101,reissue — 12-month retest,17.08.2026,1,"Identification A, Appearance · Macroscopic",Conforms | Одговара,iCoA-PP_26-114,27.07.2026,Purely Plant GmbH (in-house),yes,covered
OPM1024,OPM1024,Orange Punch Mimosa,CoQ-PP_26-006,release,06.06.2026,2,Identification B · Microscopic,Conforms | Одговара,iCoA-PP_26-006,03.06.2026,Purely Plant GmbH (in-house),yes,to be performed — see route
OPM1024,OPM1024,Orange Punch Mimosa,CoQ-PP_26-101,reissue — 12-month retest,17.08.2026,2,Identification B · Microscopic,Conforms | Одговара,iCoA-PP_26-114,27.07.2026,Purely Plant GmbH (in-house),yes,covered
OPM1024,OPM1024,Orange Punch Mimosa,CoQ-PP_26-006,release,06.06.2026,3,Identification C · HPLC/HPTLC,not tested,—,—,—,,not tested — no certificate covers it
OPM1024,OPM1024,Orange Punch Mimosa,CoQ-PP_26-101,reissue — 12-month retest,17.08.2026,3,Identification C · HPLC/HPTLC,Conforms | Одговара,197-17-К/26,07.08.2026,Farmahem,,covered
OPM1024,OPM1024,Orange Punch Mimosa,CoQ-PP_26-006,release,06.06.2026,4,Assay — Total Δ⁹-THC,19.96,iCoA-PP_26-006,03.06.2026,Purely Plant GmbH (in-house),yes,"in-house CoA only — not an eCoA or an iCoA: a value no certificate of analysis certifies cannot be on a release certificate (owner's rule, 02.09.2026)"
OPM1024,OPM1024,Orange Punch Mimosa,CoQ-PP_26-101,reissue — 12-month retest,17.08.2026,4,Assay — Total Δ⁹-THC,20.03,197-17-К/26,07.08.2026,Farmahem,,covered
OPM1024,OPM1024,Orange Punch Mimosa,CoQ-PP_26-006,release,06.06.2026,5,Assay — Total CBD,0.05,iCoA-PP_26-006,03.06.2026,Purely Plant GmbH (in-house),yes,"in-house CoA only — not an eCoA or an iCoA: a value no certificate of analysis certifies cannot be on a release certificate (owner's rule, 02.09.2026)"
OPM1024,OPM1024,Orange Punch Mimosa,CoQ-PP_26-101,reissue — 12-month retest,17.08.2026,5,Assay — Total CBD,< LOQ,197-17-К/26,07.08.2026,Farmahem,,covered
OPM1024,OPM1024,Orange Punch Mimosa,CoQ-PP_26-006,release,06.06.2026,6,Total CBN,not tested,—,—,—,,not tested — no certificate covers it
OPM1024,OPM1024,Orange Punch Mimosa,CoQ-PP_26-101,reissue — 12-month retest,17.08.2026,6,Total CBN,< LOQ,197-17-К/26,07.08.2026,Farmahem,,covered
OPM1024,OPM1024,Orange Punch Mimosa,CoQ-PP_26-006,release,06.06.2026,7,Foreign Matter,Conforms | Одговара,iCoA-PP_26-006,03.06.2026,Purely Plant GmbH (in-house),yes,to be performed — see route
OPM1024,OPM1024,Orange Punch Mimosa,CoQ-PP_26-101,reissue — 12-month retest,17.08.2026,7,Foreign Matter,Conforms | Одговара,iCoA-PP_26-114,27.07.2026,Purely Plant GmbH (in-house),yes,covered
OPM1024,OPM1024,Orange Punch Mimosa,CoQ-PP_26-006,release,06.06.2026,8,Loss on Drying,not tested,—,—,—,,not tested — no certificate covers it
OPM1024,OPM1024,Orange Punch Mimosa,CoQ-PP_26-101,reissue — 12-month retest,17.08.2026,8,Loss on Drying,carried from the initial testing — not tested,—,—,—,,carried from the initial testing (CoQ-PP-2025-0005) — not tested — no certificate covers it
OPM1024,OPM1024,Orange Punch Mimosa,CoQ-PP_26-006,release,06.06.2026,9.1,TAMC,1.3 × 10⁴,iCoA-PP_26-006,03.06.2026,Purely Plant GmbH (in-house),yes,"in-house CoA only — not an eCoA or an iCoA: a value no certificate of analysis certifies cannot be on a release certificate (owner's rule, 02.09.2026)"
OPM1024,OPM1024,Orange Punch Mimosa,CoQ-PP_26-101,reissue — 12-month retest,17.08.2026,9.1,TAMC,1.3 × 10⁴,iCoA-PP_26-006,03.06.2026,Purely Plant GmbH (in-house),yes,"carried from the initial testing (CoQ-PP-2025-0005) — in-house CoA only — not an eCoA or an iCoA: a value no certificate of analysis certifies cannot be on a release certificate (owner's rule, 02.09.2026)"
OPM1024,OPM1024,Orange Punch Mimosa,CoQ-PP_26-006,release,06.06.2026,9.2,TYMC,7 × 10²,iCoA-PP_26-006,03.06.2026,Purely Plant GmbH (in-house),yes,"in-house CoA only — not an eCoA or an iCoA: a value no certificate of analysis certifies cannot be on a release certificate (owner's rule, 02.09.2026)"
OPM1024,OPM1024,Orange Punch Mimosa,CoQ-PP_26-101,reissue — 12-month retest,17.08.2026,9.2,TYMC,7 × 10²,iCoA-PP_26-006,03.06.2026,Purely Plant GmbH (in-house),yes,"carried from the initial testing (CoQ-PP-2025-0005) — in-house CoA only — not an eCoA or an iCoA: a value no certificate of analysis certifies cannot be on a release certificate (owner's rule, 02.09.2026)"
OPM1024,OPM1024,Orange Punch Mimosa,CoQ-PP_26-006,release,06.06.2026,9.3,Bile-tolerant gram-neg.,< 10² > 10³,iCoA-PP_26-006,03.06.2026,Purely Plant GmbH (in-house),yes,"in-house CoA only — not an eCoA or an iCoA: a value no certificate of analysis certifies cannot be on a release certificate (owner's rule, 02.09.2026)"
OPM1024,OPM1024,Orange Punch Mimosa,CoQ-PP_26-101,reissue — 12-month retest,17.08.2026,9.3,Bile-tolerant gram-neg.,< 10² > 10³,iCoA-PP_26-006,03.06.2026,Purely Plant GmbH (in-house),yes,"carried from the initial testing (CoQ-PP-2025-0005) — in-house CoA only — not an eCoA or an iCoA: a value no certificate of analysis certifies cannot be on a release certificate (owner's rule, 02.09.2026)"
OPM1024,OPM1024,Orange Punch Mimosa,CoQ-PP_26-006,release,06.06.2026,9.4,Salmonella,Absent | Отсутна,iCoA-PP_26-006,03.06.2026,Purely Plant GmbH (in-house),yes,"in-house CoA only — not an eCoA or an iCoA: a value no certificate of analysis certifies cannot be on a release certificate (owner's rule, 02.09.2026)"
OPM1024,OPM1024,Orange Punch Mimosa,CoQ-PP_26-101,reissue — 12-month retest,17.08.2026,9.4,Salmonella,Absent | Отсутна,iCoA-PP_26-006,03.06.2026,Purely Plant GmbH (in-house),yes,"carried from the initial testing (CoQ-PP-2025-0005) — in-house CoA only — not an eCoA or an iCoA: a value no certificate of analysis certifies cannot be on a release certificate (owner's rule, 02.09.2026)"
OPM1024,OPM1024,Orange Punch Mimosa,CoQ-PP_26-006,release,06.06.2026,9.5,Escherichia coli,Absent | Отсутна,iCoA-PP_26-006,03.06.2026,Purely Plant GmbH (in-house),yes,"in-house CoA only — not an eCoA or an iCoA: a value no certificate of analysis certifies cannot be on a release certificate (owner's rule, 02.09.2026)"
OPM1024,OPM1024,Orange Punch Mimosa,CoQ-PP_26-101,reissue — 12-month retest,17.08.2026,9.5,Escherichia coli,Absent | Отсутна,iCoA-PP_26-006,03.06.2026,Purely Plant GmbH (in-house),yes,"carried from the initial testing (CoQ-PP-2025-0005) — in-house CoA only — not an eCoA or an iCoA: a value no certificate of analysis certifies cannot be on a release certificate (owner's rule, 02.09.2026)"
OPM1024,OPM1024,Orange Punch Mimosa,CoQ-PP_26-006,release,06.06.2026,9.6,Pseudomonas aeruginosa,upon request — not required for release,—,—,—,,upon request — not required for release
OPM1024,OPM1024,Orange Punch Mimosa,CoQ-PP_26-101,reissue — 12-month retest,17.08.2026,9.6,Pseudomonas aeruginosa,upon request — not required for release,—,—,—,,upon request — not required for release
OPM1024,OPM1024,Orange Punch Mimosa,CoQ-PP_26-006,release,06.06.2026,9.7,Staphylococcus aureus,upon request — not required for release,—,—,—,,upon request — not required for release
OPM1024,OPM1024,Orange Punch Mimosa,CoQ-PP_26-101,reissue — 12-month retest,17.08.2026,9.7,Staphylococcus aureus,upon request — not required for release,—,—,—,,upon request — not required for release
OPM1024,OPM1024,Orange Punch Mimosa,CoQ-PP_26-006,release,06.06.2026,10.1,Aflatoxin B₁,not tested,—,—,—,,not tested — no certificate covers it
OPM1024,OPM1024,Orange Punch Mimosa,CoQ-PP_26-101,reissue — 12-month retest,17.08.2026,10.1,Aflatoxin B₁,ND,197-17-М/26,10.08.2026,Farmahem,,covered
OPM1024,OPM1024,Orange Punch Mimosa,CoQ-PP_26-006,release,06.06.2026,10.2,Aflatoxins ∑,< 2,iCoA-PP_26-006,03.06.2026,Purely Plant GmbH (in-house),yes,"in-house CoA only — not an eCoA or an iCoA: a value no certificate of analysis certifies cannot be on a release certificate (owner's rule, 02.09.2026)"
OPM1024,OPM1024,Orange Punch Mimosa,CoQ-PP_26-101,reissue — 12-month retest,17.08.2026,10.2,Aflatoxins ∑,ND,197-17-М/26,10.08.2026,Farmahem,,covered
OPM1024,OPM1024,Orange Punch Mimosa,CoQ-PP_26-006,release,06.06.2026,10.3,Ochratoxin A,not tested,—,—,—,,not tested — no certificate covers it
OPM1024,OPM1024,Orange Punch Mimosa,CoQ-PP_26-101,reissue — 12-month retest,17.08.2026,10.3,Ochratoxin A,ND,197-17-М/26,10.08.2026,Farmahem,,covered
OPM1024,OPM1024,Orange Punch Mimosa,CoQ-PP_26-006,release,06.06.2026,11.1,Lead (Pb),0.031,iCoA-PP_26-006,03.06.2026,Purely Plant GmbH (in-house),yes,"in-house CoA only — not an eCoA or an iCoA: a value no certificate of analysis certifies cannot be on a release certificate (owner's rule, 02.09.2026)"
OPM1024,OPM1024,Orange Punch Mimosa,CoQ-PP_26-101,reissue — 12-month retest,17.08.2026,11.1,Lead (Pb),0.031,iCoA-PP_26-006,03.06.2026,Purely Plant GmbH (in-house),yes,"carried from the initial testing (CoQ-PP-2025-0005) — in-house CoA only — not an eCoA or an iCoA: a value no certificate of analysis certifies cannot be on a release certificate (owner's rule, 02.09.2026)"
OPM1024,OPM1024,Orange Punch Mimosa,CoQ-PP_26-006,release,06.06.2026,11.2,Cadmium (Cd),0.017,iCoA-PP_26-006,03.06.2026,Purely Plant GmbH (in-house),yes,"in-house CoA only — not an eCoA or an iCoA: a value no certificate of analysis certifies cannot be on a release certificate (owner's rule, 02.09.2026)"
OPM1024,OPM1024,Orange Punch Mimosa,CoQ-PP_26-101,reissue — 12-month retest,17.08.2026,11.2,Cadmium (Cd),0.017,iCoA-PP_26-006,03.06.2026,Purely Plant GmbH (in-house),yes,"carried from the initial testing (CoQ-PP-2025-0005) — in-house CoA only — not an eCoA or an iCoA: a value no certificate of analysis certifies cannot be on a release certificate (owner's rule, 02.09.2026)"
OPM1024,OPM1024,Orange Punch Mimosa,CoQ-PP_26-006,release,06.06.2026,11.3,Arsenic (As),0.045,iCoA-PP_26-006,03.06.2026,Purely Plant GmbH (in-house),yes,"in-house CoA only — not an eCoA or an iCoA: a value no certificate of analysis certifies cannot be on a release certificate (owner's rule, 02.09.2026)"
OPM1024,OPM1024,Orange Punch Mimosa,CoQ-PP_26-101,reissue — 12-month retest,17.08.2026,11.3,Arsenic (As),0.045,iCoA-PP_26-006,03.06.2026,Purely Plant GmbH (in-house),yes,"carried from the initial testing (CoQ-PP-2025-0005) — in-house CoA only — not an eCoA or an iCoA: a value no certificate of analysis certifies cannot be on a release certificate (owner's rule, 02.09.2026)"
OPM1024,OPM1024,Orange Punch Mimosa,CoQ-PP_26-006,release,06.06.2026,11.4,Mercury (Hg),0.005,iCoA-PP_26-006,03.06.2026,Purely Plant GmbH (in-house),yes,"in-house CoA only — not an eCoA or an iCoA: a value no certificate of analysis certifies cannot be on a release certificate (owner's rule, 02.09.2026)"
OPM1024,OPM1024,Orange Punch Mimosa,CoQ-PP_26-101,reissue — 12-month retest,17.08.2026,11.4,Mercury (Hg),0.005,iCoA-PP_26-006,03.06.2026,Purely Plant GmbH (in-house),yes,"carried from the initial testing (CoQ-PP-2025-0005) — in-house CoA only — not an eCoA or an iCoA: a value no certificate of analysis certifies cannot be on a release certificate (owner's rule, 02.09.2026)"
OPM1024,OPM1024,Orange Punch Mimosa,CoQ-PP_26-006,release,06.06.2026,12,Pesticide Residues,ND,iCoA-PP_26-006,03.06.2026,Purely Plant GmbH (in-house),yes,"in-house CoA only — not an eCoA or an iCoA: a value no certificate of analysis certifies cannot be on a release certificate (owner's rule, 02.09.2026)"
OPM1024,OPM1024,Orange Punch Mimosa,CoQ-PP_26-101,reissue — 12-month retest,17.08.2026,12,Pesticide Residues,ND,iCoA-PP_26-006,03.06.2026,Purely Plant GmbH (in-house),yes,"carried from the initial testing (CoQ-PP-2025-0005) — in-house CoA only — not an eCoA or an iCoA: a value no certificate of analysis certifies cannot be on a release certificate (owner's rule, 02.09.2026)"
P050022,GP0824_02,Grape Pie,CoQ-PP_26-007,release,06.06.2026,1,"Identification A, Appearance · Macroscopic",Conforms | Одговара,iCoA-PP_26-007,03.06.2026,Purely Plant GmbH (in-house),yes,to be performed — see route
P050022,GP0824_02,Grape Pie,CoQ-PP_26-095,reissue — 12-month retest,17.08.2026,1,"Identification A, Appearance · Macroscopic",Conforms | Одговара,iCoA-PP_26-106,27.07.2026,Purely Plant GmbH (in-house),yes,covered
P050022,GP0824_02,Grape Pie,CoQ-PP_26-007,release,06.06.2026,2,Identification B · Microscopic,Conforms | Одговара,iCoA-PP_26-007,03.06.2026,Purely Plant GmbH (in-house),yes,to be performed — see route
P050022,GP0824_02,Grape Pie,CoQ-PP_26-095,reissue — 12-month retest,17.08.2026,2,Identification B · Microscopic,Conforms | Одговара,iCoA-PP_26-106,27.07.2026,Purely Plant GmbH (in-house),yes,covered
P050022,GP0824_02,Grape Pie,CoQ-PP_26-007,release,06.06.2026,3,Identification C · HPLC/HPTLC,Conforms | Одговара,ППК25139,22.05.2025,UKIM Faculty of Pharmacy — Center for Natural Products,,covered
P050022,GP0824_02,Grape Pie,CoQ-PP_26-095,reissue — 12-month retest,17.08.2026,3,Identification C · HPLC/HPTLC,Conforms | Одговара,197-11-К/26,07.08.2026,Farmahem,,covered
P050022,GP0824_02,Grape Pie,CoQ-PP_26-007,release,06.06.2026,4,Assay — Total Δ⁹-THC,23.79,ППК25139,22.05.2025,UKIM Faculty of Pharmacy — Center for Natural Products,,covered
P050022,GP0824_02,Grape Pie,CoQ-PP_26-095,reissue — 12-month retest,17.08.2026,4,Assay — Total Δ⁹-THC,22.61,197-11-К/26,07.08.2026,Farmahem,,covered
P050022,GP0824_02,Grape Pie,CoQ-PP_26-007,release,06.06.2026,5,Assay — Total CBD,0.10,ППК25139,22.05.2025,UKIM Faculty of Pharmacy — Center for Natural Products,,covered
P050022,GP0824_02,Grape Pie,CoQ-PP_26-095,reissue — 12-month retest,17.08.2026,5,Assay — Total CBD,< LOQ,197-11-К/26,07.08.2026,Farmahem,,covered
P050022,GP0824_02,Grape Pie,CoQ-PP_26-007,release,06.06.2026,6,Total CBN,0.02,ППК25139,22.05.2025,UKIM Faculty of Pharmacy — Center for Natural Products,,covered
P050022,GP0824_02,Grape Pie,CoQ-PP_26-095,reissue — 12-month retest,17.08.2026,6,Total CBN,0.23,197-11-К/26,07.08.2026,Farmahem,,covered
P050022,GP0824_02,Grape Pie,CoQ-PP_26-007,release,06.06.2026,7,Foreign Matter,Conforms | Одговара,iCoA-PP_26-007,03.06.2026,Purely Plant GmbH (in-house),yes,to be performed — see route
P050022,GP0824_02,Grape Pie,CoQ-PP_26-095,reissue — 12-month retest,17.08.2026,7,Foreign Matter,Conforms | Одговара,iCoA-PP_26-106,27.07.2026,Purely Plant GmbH (in-house),yes,covered
P050022,GP0824_02,Grape Pie,CoQ-PP_26-007,release,06.06.2026,8,Loss on Drying,7.21,ППК25139,22.05.2025,UKIM Faculty of Pharmacy — Center for Natural Products,,covered
P050022,GP0824_02,Grape Pie,CoQ-PP_26-095,reissue — 12-month retest,17.08.2026,8,Loss on Drying,7.21,ППК25139,22.05.2025,UKIM Faculty of Pharmacy — Center for Natural Products,,carried from the initial testing (CoQ-PP-2025-0006) — covered
P050022,GP0824_02,Grape Pie,CoQ-PP_26-007,release,06.06.2026,9.1,TAMC,700,471-0862-25,22.05.2025,IPH — Institute of Public Health,,covered
P050022,GP0824_02,Grape Pie,CoQ-PP_26-095,reissue — 12-month retest,17.08.2026,9.1,TAMC,< 10,627/1128/25,02.07.2025,IPH — Institute of Public Health,,carried from the initial testing (CoQ-PP-2025-0006) — covered
P050022,GP0824_02,Grape Pie,CoQ-PP_26-007,release,06.06.2026,9.2,TYMC,< 10,471-0862-25,22.05.2025,IPH — Institute of Public Health,,covered
P050022,GP0824_02,Grape Pie,CoQ-PP_26-095,reissue — 12-month retest,17.08.2026,9.2,TYMC,< 10,627/1128/25,02.07.2025,IPH — Institute of Public Health,,carried from the initial testing (CoQ-PP-2025-0006) — covered
P050022,GP0824_02,Grape Pie,CoQ-PP_26-007,release,06.06.2026,9.3,Bile-tolerant gram-neg.,< 10² and > 10,471-0862-25,22.05.2025,IPH — Institute of Public Health,,covered
P050022,GP0824_02,Grape Pie,CoQ-PP_26-095,reissue — 12-month retest,17.08.2026,9.3,Bile-tolerant gram-neg.,< 10,627/1128/25,02.07.2025,IPH — Institute of Public Health,,carried from the initial testing (CoQ-PP-2025-0006) — covered
P050022,GP0824_02,Grape Pie,CoQ-PP_26-007,release,06.06.2026,9.4,Salmonella,Absent | Отсутна,471-0862-25,22.05.2025,IPH — Institute of Public Health,,covered
P050022,GP0824_02,Grape Pie,CoQ-PP_26-095,reissue — 12-month retest,17.08.2026,9.4,Salmonella,Absent | Отсутна,627/1128/25,02.07.2025,IPH — Institute of Public Health,,carried from the initial testing (CoQ-PP-2025-0006) — covered
P050022,GP0824_02,Grape Pie,CoQ-PP_26-007,release,06.06.2026,9.5,Escherichia coli,Absent | Отсутна,471-0862-25,22.05.2025,IPH — Institute of Public Health,,covered
P050022,GP0824_02,Grape Pie,CoQ-PP_26-095,reissue — 12-month retest,17.08.2026,9.5,Escherichia coli,Absent | Отсутна,627/1128/25,02.07.2025,IPH — Institute of Public Health,,carried from the initial testing (CoQ-PP-2025-0006) — covered
P050022,GP0824_02,Grape Pie,CoQ-PP_26-007,release,06.06.2026,9.6,Pseudomonas aeruginosa,upon request — not required for release,—,—,—,,upon request — not required for release
P050022,GP0824_02,Grape Pie,CoQ-PP_26-095,reissue — 12-month retest,17.08.2026,9.6,Pseudomonas aeruginosa,upon request — not required for release,—,—,—,,upon request — not required for release
P050022,GP0824_02,Grape Pie,CoQ-PP_26-007,release,06.06.2026,9.7,Staphylococcus aureus,upon request — not required for release,—,—,—,,upon request — not required for release
P050022,GP0824_02,Grape Pie,CoQ-PP_26-095,reissue — 12-month retest,17.08.2026,9.7,Staphylococcus aureus,upon request — not required for release,—,—,—,,upon request — not required for release
P050022,GP0824_02,Grape Pie,CoQ-PP_26-007,release,06.06.2026,10.1,Aflatoxin B₁,not tested,—,—,—,,not tested — no certificate covers it
P050022,GP0824_02,Grape Pie,CoQ-PP_26-095,reissue — 12-month retest,17.08.2026,10.1,Aflatoxin B₁,ND,197-11-М/26,10.08.2026,Farmahem,,covered
P050022,GP0824_02,Grape Pie,CoQ-PP_26-007,release,06.06.2026,10.2,Aflatoxins ∑,< 2,2471-2025,30.05.2025,IPH — Institute of Public Health,,covered
P050022,GP0824_02,Grape Pie,CoQ-PP_26-095,reissue — 12-month retest,17.08.2026,10.2,Aflatoxins ∑,ND,197-11-М/26,10.08.2026,Farmahem,,covered
P050022,GP0824_02,Grape Pie,CoQ-PP_26-007,release,06.06.2026,10.3,Ochratoxin A,not tested,—,—,—,,not tested — no certificate covers it
P050022,GP0824_02,Grape Pie,CoQ-PP_26-095,reissue — 12-month retest,17.08.2026,10.3,Ochratoxin A,ND,197-11-М/26,10.08.2026,Farmahem,,covered
P050022,GP0824_02,Grape Pie,CoQ-PP_26-007,release,06.06.2026,11.1,Lead (Pb),ND,2471-2025,30.05.2025,IPH — Institute of Public Health,,covered
P050022,GP0824_02,Grape Pie,CoQ-PP_26-095,reissue — 12-month retest,17.08.2026,11.1,Lead (Pb),ND,3176/2025,26.06.2025,IPH — Institute of Public Health,,carried from the initial testing (CoQ-PP-2025-0006) — covered
P050022,GP0824_02,Grape Pie,CoQ-PP_26-007,release,06.06.2026,11.2,Cadmium (Cd),ND,2471-2025,30.05.2025,IPH — Institute of Public Health,,covered
P050022,GP0824_02,Grape Pie,CoQ-PP_26-095,reissue — 12-month retest,17.08.2026,11.2,Cadmium (Cd),ND,3176/2025,26.06.2025,IPH — Institute of Public Health,,carried from the initial testing (CoQ-PP-2025-0006) — covered
P050022,GP0824_02,Grape Pie,CoQ-PP_26-007,release,06.06.2026,11.3,Arsenic (As),ND,2471-2025,30.05.2025,IPH — Institute of Public Health,,covered
P050022,GP0824_02,Grape Pie,CoQ-PP_26-095,reissue — 12-month retest,17.08.2026,11.3,Arsenic (As),0.047,3176/2025,26.06.2025,IPH — Institute of Public Health,,carried from the initial testing (CoQ-PP-2025-0006) — covered
P050022,GP0824_02,Grape Pie,CoQ-PP_26-007,release,06.06.2026,11.4,Mercury (Hg),ND,2471-2025,30.05.2025,IPH — Institute of Public Health,,covered
P050022,GP0824_02,Grape Pie,CoQ-PP_26-095,reissue — 12-month retest,17.08.2026,11.4,Mercury (Hg),ND,3176/2025,26.06.2025,IPH — Institute of Public Health,,carried from the initial testing (CoQ-PP-2025-0006) — covered
P050022,GP0824_02,Grape Pie,CoQ-PP_26-007,release,06.06.2026,12,Pesticide Residues,ND,2471-2025,30.05.2025,IPH — Institute of Public Health,,covered
P050022,GP0824_02,Grape Pie,CoQ-PP_26-095,reissue — 12-month retest,17.08.2026,12,Pesticide Residues,ND,3176/2025,26.06.2025,IPH — Institute of Public Health,,carried from the initial testing (CoQ-PP-2025-0006) — covered
P050012,GG1024_02,Gorilla Glue,CoQ-PP_26-008,release,06.06.2026,1,"Identification A, Appearance · Macroscopic",Conforms | Одговара,iCoA-PP_26-008,03.06.2026,Purely Plant GmbH (in-house),yes,to be performed — see route
P050012,GG1024_02,Gorilla Glue,CoQ-PP_26-147,reissue — 12-month retest,21.09.2026,1,"Identification A, Appearance · Macroscopic",Conforms | Одговара,iCoA-PP_26-163,24.08.2026,Purely Plant GmbH (in-house),yes,covered
P050012,GG1024_02,Gorilla Glue,CoQ-PP_26-008,release,06.06.2026,2,Identification B · Microscopic,Conforms | Одговара,iCoA-PP_26-008,03.06.2026,Purely Plant GmbH (in-house),yes,to be performed — see route
P050012,GG1024_02,Gorilla Glue,CoQ-PP_26-147,reissue — 12-month retest,21.09.2026,2,Identification B · Microscopic,Conforms | Одговара,iCoA-PP_26-163,24.08.2026,Purely Plant GmbH (in-house),yes,to be performed — see route
P050012,GG1024_02,Gorilla Glue,CoQ-PP_26-008,release,06.06.2026,3,Identification C · HPLC/HPTLC,Conforms | Одговара,ППК25140,22.05.2025,UKIM Faculty of Pharmacy — Center for Natural Products,,covered
P050012,GG1024_02,Gorilla Glue,CoQ-PP_26-147,reissue — 12-month retest,21.09.2026,3,Identification C · HPLC/HPTLC,Conforms | Одговара,227-19-К/26,11.09.2026,Farmahem,,covered
P050012,GG1024_02,Gorilla Glue,CoQ-PP_26-008,release,06.06.2026,4,Assay — Total Δ⁹-THC,15.95,ППК25140,22.05.2025,UKIM Faculty of Pharmacy — Center for Natural Products,,covered
P050012,GG1024_02,Gorilla Glue,CoQ-PP_26-147,reissue — 12-month retest,21.09.2026,4,Assay — Total Δ⁹-THC,17.76,227-19-К/26,11.09.2026,Farmahem,,covered
P050012,GG1024_02,Gorilla Glue,CoQ-PP_26-008,release,06.06.2026,5,Assay — Total CBD,0.05,ППК25140,22.05.2025,UKIM Faculty of Pharmacy — Center for Natural Products,,covered
P050012,GG1024_02,Gorilla Glue,CoQ-PP_26-147,reissue — 12-month retest,21.09.2026,5,Assay — Total CBD,< LOQ,227-19-К/26,11.09.2026,Farmahem,,covered
P050012,GG1024_02,Gorilla Glue,CoQ-PP_26-008,release,06.06.2026,6,Total CBN,not tested,—,—,—,,not tested — no certificate covers it
P050012,GG1024_02,Gorilla Glue,CoQ-PP_26-147,reissue — 12-month retest,21.09.2026,6,Total CBN,0.26,227-19-К/26,11.09.2026,Farmahem,,covered
P050012,GG1024_02,Gorilla Glue,CoQ-PP_26-008,release,06.06.2026,7,Foreign Matter,Conforms | Одговара,iCoA-PP_26-008,03.06.2026,Purely Plant GmbH (in-house),yes,to be performed — see route
P050012,GG1024_02,Gorilla Glue,CoQ-PP_26-147,reissue — 12-month retest,21.09.2026,7,Foreign Matter,Conforms | Одговара,iCoA-PP_26-163,24.08.2026,Purely Plant GmbH (in-house),yes,covered
P050012,GG1024_02,Gorilla Glue,CoQ-PP_26-008,release,06.06.2026,8,Loss on Drying,6.88,ППК25140,22.05.2025,UKIM Faculty of Pharmacy — Center for Natural Products,,covered
P050012,GG1024_02,Gorilla Glue,CoQ-PP_26-147,reissue — 12-month retest,21.09.2026,8,Loss on Drying,6.88,ППК25140,22.05.2025,UKIM Faculty of Pharmacy — Center for Natural Products,,carried from the initial testing (the batch's initial CoQ (number assigned on issue)) — covered
P050012,GG1024_02,Gorilla Glue,CoQ-PP_26-008,release,06.06.2026,9.1,TAMC,2.1 × 10⁴,472/0863/25,22.05.2025,IPH — Institute of Public Health,,covered
P050012,GG1024_02,Gorilla Glue,CoQ-PP_26-147,reissue — 12-month retest,21.09.2026,9.1,TAMC,< 10,564/1095/26,01.09.2026,IPH — Institute of Public Health,,covered
P050012,GG1024_02,Gorilla Glue,CoQ-PP_26-008,release,06.06.2026,9.2,TYMC,1.9 × 10⁴,472/0863/25,22.05.2025,IPH — Institute of Public Health,,UNDETERMINED — pending the QCSP 001 reading
P050012,GG1024_02,Gorilla Glue,CoQ-PP_26-147,reissue — 12-month retest,21.09.2026,9.2,TYMC,< 10,564/1095/26,01.09.2026,IPH — Institute of Public Health,,covered
P050012,GG1024_02,Gorilla Glue,CoQ-PP_26-008,release,06.06.2026,9.3,Bile-tolerant gram-neg.,< 10,472/0863/25,22.05.2025,IPH — Institute of Public Health,,covered
P050012,GG1024_02,Gorilla Glue,CoQ-PP_26-147,reissue — 12-month retest,21.09.2026,9.3,Bile-tolerant gram-neg.,< 10,564/1095/26,01.09.2026,IPH — Institute of Public Health,,covered
P050012,GG1024_02,Gorilla Glue,CoQ-PP_26-008,release,06.06.2026,9.4,Salmonella,Absent | Отсутна,472/0863/25,22.05.2025,IPH — Institute of Public Health,,covered
P050012,GG1024_02,Gorilla Glue,CoQ-PP_26-147,reissue — 12-month retest,21.09.2026,9.4,Salmonella,Absent | Отсутна,564/1095/26,01.09.2026,IPH — Institute of Public Health,,covered
P050012,GG1024_02,Gorilla Glue,CoQ-PP_26-008,release,06.06.2026,9.5,Escherichia coli,Absent | Отсутна,472/0863/25,22.05.2025,IPH — Institute of Public Health,,covered
P050012,GG1024_02,Gorilla Glue,CoQ-PP_26-147,reissue — 12-month retest,21.09.2026,9.5,Escherichia coli,Absent | Отсутна,564/1095/26,01.09.2026,IPH — Institute of Public Health,,covered
P050012,GG1024_02,Gorilla Glue,CoQ-PP_26-008,release,06.06.2026,9.6,Pseudomonas aeruginosa,upon request — not required for release,—,—,—,,upon request — not required for release
P050012,GG1024_02,Gorilla Glue,CoQ-PP_26-147,reissue — 12-month retest,21.09.2026,9.6,Pseudomonas aeruginosa,upon request — not required for release,—,—,—,,upon request — not required for release
P050012,GG1024_02,Gorilla Glue,CoQ-PP_26-008,release,06.06.2026,9.7,Staphylococcus aureus,upon request — not required for release,—,—,—,,upon request — not required for release
P050012,GG1024_02,Gorilla Glue,CoQ-PP_26-147,reissue — 12-month retest,21.09.2026,9.7,Staphylococcus aureus,upon request — not required for release,—,—,—,,upon request — not required for release
P050012,GG1024_02,Gorilla Glue,CoQ-PP_26-008,release,06.06.2026,10.1,Aflatoxin B₁,not tested,—,—,—,,not tested — no certificate covers it
P050012,GG1024_02,Gorilla Glue,CoQ-PP_26-147,reissue — 12-month retest,21.09.2026,10.1,Aflatoxin B₁,ND,227-19-М/26,16.09.2026,Farmahem,,covered
P050012,GG1024_02,Gorilla Glue,CoQ-PP_26-008,release,06.06.2026,10.2,Aflatoxins ∑,< 2,2472/2025,30.05.2025,IPH — Institute of Public Health,,covered
P050012,GG1024_02,Gorilla Glue,CoQ-PP_26-147,reissue — 12-month retest,21.09.2026,10.2,Aflatoxins ∑,ND,227-19-М/26,16.09.2026,Farmahem,,carried from the initial testing (the batch's initial CoQ (number assigned on issue)) — covered
P050012,GG1024_02,Gorilla Glue,CoQ-PP_26-008,release,06.06.2026,10.3,Ochratoxin A,not tested,—,—,—,,not tested — no certificate covers it
P050012,GG1024_02,Gorilla Glue,CoQ-PP_26-147,reissue — 12-month retest,21.09.2026,10.3,Ochratoxin A,ND,227-19-М/26,16.09.2026,Farmahem,,covered
P050012,GG1024_02,Gorilla Glue,CoQ-PP_26-008,release,06.06.2026,11.1,Lead (Pb),ND,2472/2025,30.05.2025,IPH — Institute of Public Health,,covered
P050012,GG1024_02,Gorilla Glue,CoQ-PP_26-147,reissue — 12-month retest,21.09.2026,11.1,Lead (Pb),ND,2472/2025,30.05.2025,IPH — Institute of Public Health,,carried from the initial testing (the batch's initial CoQ (number assigned on issue)) — covered
P050012,GG1024_02,Gorilla Glue,CoQ-PP_26-008,release,06.06.2026,11.2,Cadmium (Cd),ND,2472/2025,30.05.2025,IPH — Institute of Public Health,,covered
P050012,GG1024_02,Gorilla Glue,CoQ-PP_26-147,reissue — 12-month retest,21.09.2026,11.2,Cadmium (Cd),ND,2472/2025,30.05.2025,IPH — Institute of Public Health,,carried from the initial testing (the batch's initial CoQ (number assigned on issue)) — covered
P050012,GG1024_02,Gorilla Glue,CoQ-PP_26-008,release,06.06.2026,11.3,Arsenic (As),ND,2472/2025,30.05.2025,IPH — Institute of Public Health,,covered
P050012,GG1024_02,Gorilla Glue,CoQ-PP_26-147,reissue — 12-month retest,21.09.2026,11.3,Arsenic (As),ND,2472/2025,30.05.2025,IPH — Institute of Public Health,,carried from the initial testing (the batch's initial CoQ (number assigned on issue)) — covered
P050012,GG1024_02,Gorilla Glue,CoQ-PP_26-008,release,06.06.2026,11.4,Mercury (Hg),ND,2472/2025,30.05.2025,IPH — Institute of Public Health,,covered
P050012,GG1024_02,Gorilla Glue,CoQ-PP_26-147,reissue — 12-month retest,21.09.2026,11.4,Mercury (Hg),ND,2472/2025,30.05.2025,IPH — Institute of Public Health,,carried from the initial testing (the batch's initial CoQ (number assigned on issue)) — covered
P050012,GG1024_02,Gorilla Glue,CoQ-PP_26-008,release,06.06.2026,12,Pesticide Residues,ND,2472/2025,30.05.2025,IPH — Institute of Public Health,,covered
P050012,GG1024_02,Gorilla Glue,CoQ-PP_26-147,reissue — 12-month retest,21.09.2026,12,Pesticide Residues,ND,2472/2025,30.05.2025,IPH — Institute of Public Health,,carried from the initial testing (the batch's initial CoQ (number assigned on issue)) — covered
P050032,MB0824_04,Motor Breath,CoQ-PP_26-009,release,06.06.2026,1,"Identification A, Appearance · Macroscopic",Conforms | Одговара,iCoA-PP_26-009,03.06.2026,Purely Plant GmbH (in-house),yes,to be performed — see route
P050032,MB0824_04,Motor Breath,CoQ-PP_26-156,reissue — 12-month retest,21.09.2026,1,"Identification A, Appearance · Macroscopic",Conforms | Одговара,iCoA-PP_26-171,24.08.2026,Purely Plant GmbH (in-house),yes,covered
P050032,MB0824_04,Motor Breath,CoQ-PP_26-009,release,06.06.2026,2,Identification B · Microscopic,Conforms | Одговара,iCoA-PP_26-009,03.06.2026,Purely Plant GmbH (in-house),yes,to be performed — see route
P050032,MB0824_04,Motor Breath,CoQ-PP_26-156,reissue — 12-month retest,21.09.2026,2,Identification B · Microscopic,Conforms | Одговара,iCoA-PP_26-171,24.08.2026,Purely Plant GmbH (in-house),yes,to be performed — see route
P050032,MB0824_04,Motor Breath,CoQ-PP_26-009,release,06.06.2026,3,Identification C · HPLC/HPTLC,Conforms | Одговара,ППК25118,06.05.2025,UKIM Faculty of Pharmacy — Center for Natural Products,,covered
P050032,MB0824_04,Motor Breath,CoQ-PP_26-156,reissue — 12-month retest,21.09.2026,3,Identification C · HPLC/HPTLC,Conforms | Одговара,227-12-К/26,11.09.2026,Farmahem,,covered
P050032,MB0824_04,Motor Breath,CoQ-PP_26-009,release,06.06.2026,4,Assay — Total Δ⁹-THC,18.67,ППК25118,06.05.2025,UKIM Faculty of Pharmacy — Center for Natural Products,,covered
P050032,MB0824_04,Motor Breath,CoQ-PP_26-156,reissue — 12-month retest,21.09.2026,4,Assay — Total Δ⁹-THC,17.57,227-12-К/26,11.09.2026,Farmahem,,covered
P050032,MB0824_04,Motor Breath,CoQ-PP_26-009,release,06.06.2026,5,Assay — Total CBD,0.05,ППК25118,06.05.2025,UKIM Faculty of Pharmacy — Center for Natural Products,,covered
P050032,MB0824_04,Motor Breath,CoQ-PP_26-156,reissue — 12-month retest,21.09.2026,5,Assay — Total CBD,< LOQ,227-12-К/26,11.09.2026,Farmahem,,covered
P050032,MB0824_04,Motor Breath,CoQ-PP_26-009,release,06.06.2026,6,Total CBN,not tested,—,—,—,,not tested — no certificate covers it
P050032,MB0824_04,Motor Breath,CoQ-PP_26-156,reissue — 12-month retest,21.09.2026,6,Total CBN,< LOQ,227-12-К/26,11.09.2026,Farmahem,,covered
P050032,MB0824_04,Motor Breath,CoQ-PP_26-009,release,06.06.2026,7,Foreign Matter,Conforms | Одговара,iCoA-PP_26-009,03.06.2026,Purely Plant GmbH (in-house),yes,to be performed — see route
P050032,MB0824_04,Motor Breath,CoQ-PP_26-156,reissue — 12-month retest,21.09.2026,7,Foreign Matter,Conforms | Одговара,iCoA-PP_26-171,24.08.2026,Purely Plant GmbH (in-house),yes,covered
P050032,MB0824_04,Motor Breath,CoQ-PP_26-009,release,06.06.2026,8,Loss on Drying,6.01,ППК25118,06.05.2025,UKIM Faculty of Pharmacy — Center for Natural Products,,covered
P050032,MB0824_04,Motor Breath,CoQ-PP_26-156,reissue — 12-month retest,21.09.2026,8,Loss on Drying,6.01,ППК25118,06.05.2025,UKIM Faculty of Pharmacy — Center for Natural Products,,carried from the initial testing (the batch's initial CoQ (number assigned on issue)) — covered
P050032,MB0824_04,Motor Breath,CoQ-PP_26-009,release,06.06.2026,9.1,TAMC,< 10,406/0744/25,05.05.2025,IPH — Institute of Public Health,,covered
P050032,MB0824_04,Motor Breath,CoQ-PP_26-156,reissue — 12-month retest,21.09.2026,9.1,TAMC,< 10,563/1094/26,01.09.2026,IPH — Institute of Public Health,,covered
P050032,MB0824_04,Motor Breath,CoQ-PP_26-009,release,06.06.2026,9.2,TYMC,< 10,406/0744/25,05.05.2025,IPH — Institute of Public Health,,covered
P050032,MB0824_04,Motor Breath,CoQ-PP_26-156,reissue — 12-month retest,21.09.2026,9.2,TYMC,< 10,563/1094/26,01.09.2026,IPH — Institute of Public Health,,covered
P050032,MB0824_04,Motor Breath,CoQ-PP_26-009,release,06.06.2026,9.3,Bile-tolerant gram-neg.,< 10,406/0744/25,05.05.2025,IPH — Institute of Public Health,,covered
P050032,MB0824_04,Motor Breath,CoQ-PP_26-156,reissue — 12-month retest,21.09.2026,9.3,Bile-tolerant gram-neg.,< 10,563/1094/26,01.09.2026,IPH — Institute of Public Health,,covered
P050032,MB0824_04,Motor Breath,CoQ-PP_26-009,release,06.06.2026,9.4,Salmonella,Absent | Отсутна,406/0744/25,05.05.2025,IPH — Institute of Public Health,,covered
P050032,MB0824_04,Motor Breath,CoQ-PP_26-156,reissue — 12-month retest,21.09.2026,9.4,Salmonella,Absent | Отсутна,563/1094/26,01.09.2026,IPH — Institute of Public Health,,covered
P050032,MB0824_04,Motor Breath,CoQ-PP_26-009,release,06.06.2026,9.5,Escherichia coli,Absent | Отсутна,406/0744/25,05.05.2025,IPH — Institute of Public Health,,covered
P050032,MB0824_04,Motor Breath,CoQ-PP_26-156,reissue — 12-month retest,21.09.2026,9.5,Escherichia coli,Absent | Отсутна,563/1094/26,01.09.2026,IPH — Institute of Public Health,,covered
P050032,MB0824_04,Motor Breath,CoQ-PP_26-009,release,06.06.2026,9.6,Pseudomonas aeruginosa,upon request — not required for release,—,—,—,,upon request — not required for release
P050032,MB0824_04,Motor Breath,CoQ-PP_26-156,reissue — 12-month retest,21.09.2026,9.6,Pseudomonas aeruginosa,upon request — not required for release,—,—,—,,upon request — not required for release
P050032,MB0824_04,Motor Breath,CoQ-PP_26-009,release,06.06.2026,9.7,Staphylococcus aureus,upon request — not required for release,—,—,—,,upon request — not required for release
P050032,MB0824_04,Motor Breath,CoQ-PP_26-156,reissue — 12-month retest,21.09.2026,9.7,Staphylococcus aureus,upon request — not required for release,—,—,—,,upon request — not required for release
P050032,MB0824_04,Motor Breath,CoQ-PP_26-009,release,06.06.2026,10.1,Aflatoxin B₁,not tested,—,—,—,,not tested — no certificate covers it
P050032,MB0824_04,Motor Breath,CoQ-PP_26-156,reissue — 12-month retest,21.09.2026,10.1,Aflatoxin B₁,ND,227-12-М/26,16.09.2026,Farmahem,,covered
P050032,MB0824_04,Motor Breath,CoQ-PP_26-009,release,06.06.2026,10.2,Aflatoxins ∑,< 2,2157/2025,07.05.2025,IPH — Institute of Public Health,,covered
P050032,MB0824_04,Motor Breath,CoQ-PP_26-156,reissue — 12-month retest,21.09.2026,10.2,Aflatoxins ∑,ND,227-12-М/26,16.09.2026,Farmahem,,carried from the initial testing (the batch's initial CoQ (number assigned on issue)) — covered
P050032,MB0824_04,Motor Breath,CoQ-PP_26-009,release,06.06.2026,10.3,Ochratoxin A,not tested,—,—,—,,not tested — no certificate covers it
P050032,MB0824_04,Motor Breath,CoQ-PP_26-156,reissue — 12-month retest,21.09.2026,10.3,Ochratoxin A,ND,227-12-М/26,16.09.2026,Farmahem,,covered
P050032,MB0824_04,Motor Breath,CoQ-PP_26-009,release,06.06.2026,11.1,Lead (Pb),0.031,2157/2025,07.05.2025,IPH — Institute of Public Health,,covered
P050032,MB0824_04,Motor Breath,CoQ-PP_26-156,reissue — 12-month retest,21.09.2026,11.1,Lead (Pb),0.031,2157/2025,07.05.2025,IPH — Institute of Public Health,,carried from the initial testing (the batch's initial CoQ (number assigned on issue)) — covered
P050032,MB0824_04,Motor Breath,CoQ-PP_26-009,release,06.06.2026,11.2,Cadmium (Cd),0.005,2157/2025,07.05.2025,IPH — Institute of Public Health,,covered
P050032,MB0824_04,Motor Breath,CoQ-PP_26-156,reissue — 12-month retest,21.09.2026,11.2,Cadmium (Cd),0.005,2157/2025,07.05.2025,IPH — Institute of Public Health,,carried from the initial testing (the batch's initial CoQ (number assigned on issue)) — covered
P050032,MB0824_04,Motor Breath,CoQ-PP_26-009,release,06.06.2026,11.3,Arsenic (As),0.011,2157/2025,07.05.2025,IPH — Institute of Public Health,,covered
P050032,MB0824_04,Motor Breath,CoQ-PP_26-156,reissue — 12-month retest,21.09.2026,11.3,Arsenic (As),0.011,2157/2025,07.05.2025,IPH — Institute of Public Health,,carried from the initial testing (the batch's initial CoQ (number assigned on issue)) — covered
P050032,MB0824_04,Motor Breath,CoQ-PP_26-009,release,06.06.2026,11.4,Mercury (Hg),ND,2157/2025,07.05.2025,IPH — Institute of Public Health,,covered
P050032,MB0824_04,Motor Breath,CoQ-PP_26-156,reissue — 12-month retest,21.09.2026,11.4,Mercury (Hg),ND,2157/2025,07.05.2025,IPH — Institute of Public Health,,carried from the initial testing (the batch's initial CoQ (number assigned on issue)) — covered
P050032,MB0824_04,Motor Breath,CoQ-PP_26-009,release,06.06.2026,12,Pesticide Residues,ND,2157/2025,07.05.2025,IPH — Institute of Public Health,,covered
P050032,MB0824_04,Motor Breath,CoQ-PP_26-156,reissue — 12-month retest,21.09.2026,12,Pesticide Residues,ND,2157/2025,07.05.2025,IPH — Institute of Public Health,,carried from the initial testing (the batch's initial CoQ (number assigned on issue)) — covered
P050042,OMP1024_01,Orange Punch Mimosa,CoQ-PP_26-010,release,06.06.2026,1,"Identification A, Appearance · Macroscopic",Conforms | Одговара,iCoA-PP_26-090,03.06.2026,Purely Plant GmbH (in-house),yes,to be performed — see route
P050042,OMP1024_01,Orange Punch Mimosa,CoQ-PP_26-128,reissue — 12-month retest,18.09.2026,1,"Identification A, Appearance · Macroscopic",Conforms | Одговара,iCoA-PP_26-142,17.08.2026,Purely Plant GmbH (in-house),yes,covered
P050042,OMP1024_01,Orange Punch Mimosa,CoQ-PP_26-010,release,06.06.2026,2,Identification B · Microscopic,Conforms | Одговара,iCoA-PP_26-090,03.06.2026,Purely Plant GmbH (in-house),yes,to be performed — see route
P050042,OMP1024_01,Orange Punch Mimosa,CoQ-PP_26-128,reissue — 12-month retest,18.09.2026,2,Identification B · Microscopic,Conforms | Одговара,iCoA-PP_26-142,17.08.2026,Purely Plant GmbH (in-house),yes,covered
P050042,OMP1024_01,Orange Punch Mimosa,CoQ-PP_26-010,release,06.06.2026,3,Identification C · HPLC/HPTLC,Conforms | Одговара,ППК25117,06.05.2025,UKIM Faculty of Pharmacy — Center for Natural Products,,covered
P050042,OMP1024_01,Orange Punch Mimosa,CoQ-PP_26-128,reissue — 12-month retest,18.09.2026,3,Identification C · HPLC/HPTLC,Conforms | Одговара,220-21-К/26,26.08.2026,Farmahem,,covered
P050042,OMP1024_01,Orange Punch Mimosa,CoQ-PP_26-010,release,06.06.2026,4,Assay — Total Δ⁹-THC,15.38,ППК25117,06.05.2025,UKIM Faculty of Pharmacy — Center for Natural Products,,covered
P050042,OMP1024_01,Orange Punch Mimosa,CoQ-PP_26-128,reissue — 12-month retest,18.09.2026,4,Assay — Total Δ⁹-THC,18.14,220-21-К/26,26.08.2026,Farmahem,,covered
P050042,OMP1024_01,Orange Punch Mimosa,CoQ-PP_26-010,release,06.06.2026,5,Assay — Total CBD,0.04,ППК25117,06.05.2025,UKIM Faculty of Pharmacy — Center for Natural Products,,covered
P050042,OMP1024_01,Orange Punch Mimosa,CoQ-PP_26-128,reissue — 12-month retest,18.09.2026,5,Assay — Total CBD,< LOQ,220-21-К/26,26.08.2026,Farmahem,,covered
P050042,OMP1024_01,Orange Punch Mimosa,CoQ-PP_26-010,release,06.06.2026,6,Total CBN,0.01,ППК25117,06.05.2025,CNP,,covered
P050042,OMP1024_01,Orange Punch Mimosa,CoQ-PP_26-128,reissue — 12-month retest,18.09.2026,6,Total CBN,< LOQ,220-21-К/26,26.08.2026,Farmahem,,covered
P050042,OMP1024_01,Orange Punch Mimosa,CoQ-PP_26-010,release,06.06.2026,7,Foreign Matter,Conforms | Одговара,iCoA-PP_26-090,03.06.2026,Purely Plant GmbH (in-house),yes,to be performed — see route
P050042,OMP1024_01,Orange Punch Mimosa,CoQ-PP_26-128,reissue — 12-month retest,18.09.2026,7,Foreign Matter,Conforms | Одговара,iCoA-PP_26-142,17.08.2026,Purely Plant GmbH (in-house),yes,covered
P050042,OMP1024_01,Orange Punch Mimosa,CoQ-PP_26-010,release,06.06.2026,8,Loss on Drying,5.86,ППК25117,06.05.2025,UKIM Faculty of Pharmacy — Center for Natural Products,,covered
P050042,OMP1024_01,Orange Punch Mimosa,CoQ-PP_26-128,reissue — 12-month retest,18.09.2026,8,Loss on Drying,5.86,ППК25117,06.05.2025,UKIM Faculty of Pharmacy — Center for Natural Products,,carried from the initial testing (CoQ-PP-2025-0007) — covered
P050042,OMP1024_01,Orange Punch Mimosa,CoQ-PP_26-010,release,06.06.2026,9.1,TAMC,10,407-0745-25,05.05.2025,IPH — Institute of Public Health,,covered
P050042,OMP1024_01,Orange Punch Mimosa,CoQ-PP_26-128,reissue — 12-month retest,18.09.2026,9.1,TAMC,< 10,2156/2025,07.05.2025,IPH — Institute of Public Health,,carried from the initial testing (CoQ-PP-2025-0007) — covered
P050042,OMP1024_01,Orange Punch Mimosa,CoQ-PP_26-010,release,06.06.2026,9.2,TYMC,< 10,407-0745-25,05.05.2025,IPH — Institute of Public Health,,covered
P050042,OMP1024_01,Orange Punch Mimosa,CoQ-PP_26-128,reissue — 12-month retest,18.09.2026,9.2,TYMC,< 10,2156/2025,07.05.2025,IPH — Institute of Public Health,,carried from the initial testing (CoQ-PP-2025-0007) — covered
P050042,OMP1024_01,Orange Punch Mimosa,CoQ-PP_26-010,release,06.06.2026,9.3,Bile-tolerant gram-neg.,< 10² and > 10,407-0745-25,05.05.2025,IPH — Institute of Public Health,,covered
P050042,OMP1024_01,Orange Punch Mimosa,CoQ-PP_26-128,reissue — 12-month retest,18.09.2026,9.3,Bile-tolerant gram-neg.,< 10² and > 10,2156/2025,07.05.2025,IPH — Institute of Public Health,,carried from the initial testing (CoQ-PP-2025-0007) — covered
P050042,OMP1024_01,Orange Punch Mimosa,CoQ-PP_26-010,release,06.06.2026,9.4,Salmonella,Absent | Отсутна,407-0745-25,05.05.2025,IPH — Institute of Public Health,,covered
P050042,OMP1024_01,Orange Punch Mimosa,CoQ-PP_26-128,reissue — 12-month retest,18.09.2026,9.4,Salmonella,Absent | Отсутна,2156/2025,07.05.2025,IPH — Institute of Public Health,,carried from the initial testing (CoQ-PP-2025-0007) — covered
P050042,OMP1024_01,Orange Punch Mimosa,CoQ-PP_26-010,release,06.06.2026,9.5,Escherichia coli,Absent | Отсутна,407-0745-25,05.05.2025,IPH — Institute of Public Health,,covered
P050042,OMP1024_01,Orange Punch Mimosa,CoQ-PP_26-128,reissue — 12-month retest,18.09.2026,9.5,Escherichia coli,Absent | Отсутна,2156/2025,07.05.2025,IPH — Institute of Public Health,,carried from the initial testing (CoQ-PP-2025-0007) — covered
P050042,OMP1024_01,Orange Punch Mimosa,CoQ-PP_26-010,release,06.06.2026,9.6,Pseudomonas aeruginosa,upon request — not required for release,—,—,—,,upon request — not required for release
P050042,OMP1024_01,Orange Punch Mimosa,CoQ-PP_26-128,reissue — 12-month retest,18.09.2026,9.6,Pseudomonas aeruginosa,upon request — not required for release,—,—,—,,upon request — not required for release
P050042,OMP1024_01,Orange Punch Mimosa,CoQ-PP_26-010,release,06.06.2026,9.7,Staphylococcus aureus,upon request — not required for release,—,—,—,,upon request — not required for release
P050042,OMP1024_01,Orange Punch Mimosa,CoQ-PP_26-128,reissue — 12-month retest,18.09.2026,9.7,Staphylococcus aureus,upon request — not required for release,—,—,—,,upon request — not required for release
P050042,OMP1024_01,Orange Punch Mimosa,CoQ-PP_26-010,release,06.06.2026,10.1,Aflatoxin B₁,not tested,—,—,—,,not tested — no certificate covers it
P050042,OMP1024_01,Orange Punch Mimosa,CoQ-PP_26-128,reissue — 12-month retest,18.09.2026,10.1,Aflatoxin B₁,ND,220-21-М/26,11.09.2026,Farmahem,,covered
P050042,OMP1024_01,Orange Punch Mimosa,CoQ-PP_26-010,release,06.06.2026,10.2,Aflatoxins ∑,< 2,2156/2025,07.05.2025,IPH — Institute of Public Health,,covered
P050042,OMP1024_01,Orange Punch Mimosa,CoQ-PP_26-128,reissue — 12-month retest,18.09.2026,10.2,Aflatoxins ∑,ND,220-21-М/26,11.09.2026,Farmahem,,covered
P050042,OMP1024_01,Orange Punch Mimosa,CoQ-PP_26-010,release,06.06.2026,10.3,Ochratoxin A,not tested,—,—,—,,not tested — no certificate covers it
P050042,OMP1024_01,Orange Punch Mimosa,CoQ-PP_26-128,reissue — 12-month retest,18.09.2026,10.3,Ochratoxin A,ND,220-21-М/26,11.09.2026,Farmahem,,covered
P050042,OMP1024_01,Orange Punch Mimosa,CoQ-PP_26-010,release,06.06.2026,11.1,Lead (Pb),0.031,2156/2025,07.05.2025,IPH — Institute of Public Health,,covered
P050042,OMP1024_01,Orange Punch Mimosa,CoQ-PP_26-128,reissue — 12-month retest,18.09.2026,11.1,Lead (Pb),0.031,2156/2025,07.05.2025,IPH — Institute of Public Health,,carried from the initial testing (CoQ-PP-2025-0007) — covered
P050042,OMP1024_01,Orange Punch Mimosa,CoQ-PP_26-010,release,06.06.2026,11.2,Cadmium (Cd),0.004,2156/2025,07.05.2025,IPH — Institute of Public Health,,covered
P050042,OMP1024_01,Orange Punch Mimosa,CoQ-PP_26-128,reissue — 12-month retest,18.09.2026,11.2,Cadmium (Cd),0.004,2156/2025,07.05.2025,IPH — Institute of Public Health,,carried from the initial testing (CoQ-PP-2025-0007) — covered
P050042,OMP1024_01,Orange Punch Mimosa,CoQ-PP_26-010,release,06.06.2026,11.3,Arsenic (As),0.01,2156/2025,07.05.2025,IPH — Institute of Public Health,,covered
P050042,OMP1024_01,Orange Punch Mimosa,CoQ-PP_26-128,reissue — 12-month retest,18.09.2026,11.3,Arsenic (As),0.01,2156/2025,07.05.2025,IPH — Institute of Public Health,,carried from the initial testing (CoQ-PP-2025-0007) — covered
P050042,OMP1024_01,Orange Punch Mimosa,CoQ-PP_26-010,release,06.06.2026,11.4,Mercury (Hg),0.001,2156/2025,07.05.2025,IPH — Institute of Public Health,,covered
P050042,OMP1024_01,Orange Punch Mimosa,CoQ-PP_26-128,reissue — 12-month retest,18.09.2026,11.4,Mercury (Hg),0.001,2156/2025,07.05.2025,IPH — Institute of Public Health,,carried from the initial testing (CoQ-PP-2025-0007) — covered
P050042,OMP1024_01,Orange Punch Mimosa,CoQ-PP_26-010,release,06.06.2026,12,Pesticide Residues,ND,2156/2025,07.05.2025,IPH — Institute of Public Health,,covered
P050042,OMP1024_01,Orange Punch Mimosa,CoQ-PP_26-128,reissue — 12-month retest,18.09.2026,12,Pesticide Residues,ND,2156/2025,07.05.2025,IPH — Institute of Public Health,,carried from the initial testing (CoQ-PP-2025-0007) — covered
P050052,HPA1024_01,High Pro Amnesia,CoQ-PP_26-011,release,06.06.2026,1,"Identification A, Appearance · Macroscopic",Conforms | Одговара,iCoA-PP_26-010,03.06.2026,Purely Plant GmbH (in-house),yes,to be performed — see route
P050052,HPA1024_01,High Pro Amnesia,CoQ-PP_26-098,reissue — 12-month retest,17.08.2026,1,"Identification A, Appearance · Macroscopic",Conforms | Одговара,iCoA-PP_26-111,27.07.2026,Purely Plant GmbH (in-house),yes,covered
P050052,HPA1024_01,High Pro Amnesia,CoQ-PP_26-011,release,06.06.2026,2,Identification B · Microscopic,Conforms | Одговара,iCoA-PP_26-010,03.06.2026,Purely Plant GmbH (in-house),yes,to be performed — see route
P050052,HPA1024_01,High Pro Amnesia,CoQ-PP_26-098,reissue — 12-month retest,17.08.2026,2,Identification B · Microscopic,Conforms | Одговара,iCoA-PP_26-111,27.07.2026,Purely Plant GmbH (in-house),yes,covered
P050052,HPA1024_01,High Pro Amnesia,CoQ-PP_26-011,release,06.06.2026,3,Identification C · HPLC/HPTLC,Conforms | Одговара,ППК25155,24.06.2025,UKIM Faculty of Pharmacy — Center for Natural Products,,covered
P050052,HPA1024_01,High Pro Amnesia,CoQ-PP_26-098,reissue — 12-month retest,17.08.2026,3,Identification C · HPLC/HPTLC,Conforms | Одговара,197-14-К/26,07.08.2026,Farmahem,,covered
P050052,HPA1024_01,High Pro Amnesia,CoQ-PP_26-011,release,06.06.2026,4,Assay — Total Δ⁹-THC,22.43,ППК25155,24.06.2025,UKIM Faculty of Pharmacy — Center for Natural Products,,covered
P050052,HPA1024_01,High Pro Amnesia,CoQ-PP_26-098,reissue — 12-month retest,17.08.2026,4,Assay — Total Δ⁹-THC,21.61,197-14-К/26,07.08.2026,Farmahem,,covered
P050052,HPA1024_01,High Pro Amnesia,CoQ-PP_26-011,release,06.06.2026,5,Assay — Total CBD,0.1,ППК25155,24.06.2025,UKIM Faculty of Pharmacy — Center for Natural Products,,covered — laboratory finding recorded
P050052,HPA1024_01,High Pro Amnesia,CoQ-PP_26-098,reissue — 12-month retest,17.08.2026,5,Assay — Total CBD,< LOQ,197-14-К/26,07.08.2026,Farmahem,,covered
P050052,HPA1024_01,High Pro Amnesia,CoQ-PP_26-011,release,06.06.2026,6,Total CBN,0.02 ᴰ,ППК25155,24.06.2025,CNP,,covered
P050052,HPA1024_01,High Pro Amnesia,CoQ-PP_26-098,reissue — 12-month retest,17.08.2026,6,Total CBN,< LOQ,197-14-К/26,07.08.2026,Farmahem,,covered
P050052,HPA1024_01,High Pro Amnesia,CoQ-PP_26-011,release,06.06.2026,7,Foreign Matter,Conforms | Одговара,iCoA-PP_26-010,03.06.2026,Purely Plant GmbH (in-house),yes,to be performed — see route
P050052,HPA1024_01,High Pro Amnesia,CoQ-PP_26-098,reissue — 12-month retest,17.08.2026,7,Foreign Matter,Conforms | Одговара,iCoA-PP_26-111,27.07.2026,Purely Plant GmbH (in-house),yes,covered
P050052,HPA1024_01,High Pro Amnesia,CoQ-PP_26-011,release,06.06.2026,8,Loss on Drying,6.36,ППК25155,24.06.2025,UKIM Faculty of Pharmacy — Center for Natural Products,,covered
P050052,HPA1024_01,High Pro Amnesia,CoQ-PP_26-098,reissue — 12-month retest,17.08.2026,8,Loss on Drying,6.36,ППК25155,24.06.2025,UKIM Faculty of Pharmacy — Center for Natural Products,,carried from the initial testing (CoQ-PP-2025-0008) — covered
P050052,HPA1024_01,High Pro Amnesia,CoQ-PP_26-011,release,06.06.2026,9.1,TAMC,9.6 × 10³,587/1066/25,18.06.2025,IPH — Institute of Public Health,,covered
P050052,HPA1024_01,High Pro Amnesia,CoQ-PP_26-098,reissue — 12-month retest,17.08.2026,9.1,TAMC,9.6 × 10³,587/1066/25,18.06.2025,IPH — Institute of Public Health,,carried from the initial testing (CoQ-PP-2025-0008) — covered
P050052,HPA1024_01,High Pro Amnesia,CoQ-PP_26-011,release,06.06.2026,9.2,TYMC,1.5 × 10⁴,587/1066/25,18.06.2025,IPH — Institute of Public Health,,UNDETERMINED — pending the QCSP 001 reading
P050052,HPA1024_01,High Pro Amnesia,CoQ-PP_26-098,reissue — 12-month retest,17.08.2026,9.2,TYMC,1.5 × 10⁴,587/1066/25,18.06.2025,IPH — Institute of Public Health,,carried from the initial testing (CoQ-PP-2025-0008) — UNDETERMINED — pending the QCSP 001 reading
P050052,HPA1024_01,High Pro Amnesia,CoQ-PP_26-011,release,06.06.2026,9.3,Bile-tolerant gram-neg.,< 10,587/1066/25,18.06.2025,IPH — Institute of Public Health,,covered
P050052,HPA1024_01,High Pro Amnesia,CoQ-PP_26-098,reissue — 12-month retest,17.08.2026,9.3,Bile-tolerant gram-neg.,< 10,587/1066/25,18.06.2025,IPH — Institute of Public Health,,carried from the initial testing (CoQ-PP-2025-0008) — covered
P050052,HPA1024_01,High Pro Amnesia,CoQ-PP_26-011,release,06.06.2026,9.4,Salmonella,Absent | Отсутна,587/1066/25,18.06.2025,IPH — Institute of Public Health,,covered
P050052,HPA1024_01,High Pro Amnesia,CoQ-PP_26-098,reissue — 12-month retest,17.08.2026,9.4,Salmonella,Absent | Отсутна,587/1066/25,18.06.2025,IPH — Institute of Public Health,,carried from the initial testing (CoQ-PP-2025-0008) — covered
P050052,HPA1024_01,High Pro Amnesia,CoQ-PP_26-011,release,06.06.2026,9.5,Escherichia coli,Absent | Отсутна,587/1066/25,18.06.2025,IPH — Institute of Public Health,,covered
P050052,HPA1024_01,High Pro Amnesia,CoQ-PP_26-098,reissue — 12-month retest,17.08.2026,9.5,Escherichia coli,Absent | Отсутна,587/1066/25,18.06.2025,IPH — Institute of Public Health,,carried from the initial testing (CoQ-PP-2025-0008) — covered
P050052,HPA1024_01,High Pro Amnesia,CoQ-PP_26-011,release,06.06.2026,9.6,Pseudomonas aeruginosa,upon request — not required for release,—,—,—,,upon request — not required for release
P050052,HPA1024_01,High Pro Amnesia,CoQ-PP_26-098,reissue — 12-month retest,17.08.2026,9.6,Pseudomonas aeruginosa,upon request — not required for release,—,—,—,,upon request — not required for release
P050052,HPA1024_01,High Pro Amnesia,CoQ-PP_26-011,release,06.06.2026,9.7,Staphylococcus aureus,upon request — not required for release,—,—,—,,upon request — not required for release
P050052,HPA1024_01,High Pro Amnesia,CoQ-PP_26-098,reissue — 12-month retest,17.08.2026,9.7,Staphylococcus aureus,upon request — not required for release,—,—,—,,upon request — not required for release
P050052,HPA1024_01,High Pro Amnesia,CoQ-PP_26-011,release,06.06.2026,10.1,Aflatoxin B₁,not tested,—,—,—,,not tested — no certificate covers it
P050052,HPA1024_01,High Pro Amnesia,CoQ-PP_26-098,reissue — 12-month retest,17.08.2026,10.1,Aflatoxin B₁,ND,197-14-М/26,10.08.2026,Farmahem,,covered
P050052,HPA1024_01,High Pro Amnesia,CoQ-PP_26-011,release,06.06.2026,10.2,Aflatoxins ∑,< 2,2995/2025,19.06.2025,IPH — Institute of Public Health,,covered
P050052,HPA1024_01,High Pro Amnesia,CoQ-PP_26-098,reissue — 12-month retest,17.08.2026,10.2,Aflatoxins ∑,ND,197-14-М/26,10.08.2026,Farmahem,,covered
P050052,HPA1024_01,High Pro Amnesia,CoQ-PP_26-011,release,06.06.2026,10.3,Ochratoxin A,not tested,—,—,—,,not tested — no certificate covers it
P050052,HPA1024_01,High Pro Amnesia,CoQ-PP_26-098,reissue — 12-month retest,17.08.2026,10.3,Ochratoxin A,"2.06 — DETECTED, >LOQ",197-14-М/26,10.08.2026,Farmahem,,covered — laboratory finding recorded
P050052,HPA1024_01,High Pro Amnesia,CoQ-PP_26-011,release,06.06.2026,11.1,Lead (Pb),0.059,2995/2025,19.06.2025,IPH — Institute of Public Health,,covered
P050052,HPA1024_01,High Pro Amnesia,CoQ-PP_26-098,reissue — 12-month retest,17.08.2026,11.1,Lead (Pb),0.059,2995/2025,19.06.2025,IPH — Institute of Public Health,,carried from the initial testing (CoQ-PP-2025-0008) — covered
P050052,HPA1024_01,High Pro Amnesia,CoQ-PP_26-011,release,06.06.2026,11.2,Cadmium (Cd),0.014,2995/2025,19.06.2025,IPH — Institute of Public Health,,covered
P050052,HPA1024_01,High Pro Amnesia,CoQ-PP_26-098,reissue — 12-month retest,17.08.2026,11.2,Cadmium (Cd),0.014,2995/2025,19.06.2025,IPH — Institute of Public Health,,carried from the initial testing (CoQ-PP-2025-0008) — covered
P050052,HPA1024_01,High Pro Amnesia,CoQ-PP_26-011,release,06.06.2026,11.3,Arsenic (As),0.037,2995/2025,19.06.2025,IPH — Institute of Public Health,,covered
P050052,HPA1024_01,High Pro Amnesia,CoQ-PP_26-098,reissue — 12-month retest,17.08.2026,11.3,Arsenic (As),0.037,2995/2025,19.06.2025,IPH — Institute of Public Health,,carried from the initial testing (CoQ-PP-2025-0008) — covered
P050052,HPA1024_01,High Pro Amnesia,CoQ-PP_26-011,release,06.06.2026,11.4,Mercury (Hg),0.008,2995/2025,19.06.2025,IPH — Institute of Public Health,,covered
P050052,HPA1024_01,High Pro Amnesia,CoQ-PP_26-098,reissue — 12-month retest,17.08.2026,11.4,Mercury (Hg),0.008,2995/2025,19.06.2025,IPH — Institute of Public Health,,carried from the initial testing (CoQ-PP-2025-0008) — covered
P050052,HPA1024_01,High Pro Amnesia,CoQ-PP_26-011,release,06.06.2026,12,Pesticide Residues,ND,2995/2025,19.06.2025,IPH — Institute of Public Health,,covered
P050052,HPA1024_01,High Pro Amnesia,CoQ-PP_26-098,reissue — 12-month retest,17.08.2026,12,Pesticide Residues,ND,2995/2025,19.06.2025,IPH — Institute of Public Health,,carried from the initial testing (CoQ-PP-2025-0008) — covered
P050062,OPM1024_02,Orange Punch Mimosa,CoQ-PP_26-012,release,06.06.2026,1,"Identification A, Appearance · Macroscopic",Conforms | Одговара,iCoA-PP_26-011,03.06.2026,Purely Plant GmbH (in-house),yes,to be performed — see route
P050062,OPM1024_02,Orange Punch Mimosa,CoQ-PP_26-102,reissue — 12-month retest,17.08.2026,1,"Identification A, Appearance · Macroscopic",Conforms | Одговара,iCoA-PP_26-115,27.07.2026,Purely Plant GmbH (in-house),yes,covered
P050062,OPM1024_02,Orange Punch Mimosa,CoQ-PP_26-012,release,06.06.2026,2,Identification B · Microscopic,Conforms | Одговара,iCoA-PP_26-011,03.06.2026,Purely Plant GmbH (in-house),yes,to be performed — see route
P050062,OPM1024_02,Orange Punch Mimosa,CoQ-PP_26-102,reissue — 12-month retest,17.08.2026,2,Identification B · Microscopic,Conforms | Одговара,iCoA-PP_26-115,27.07.2026,Purely Plant GmbH (in-house),yes,covered
P050062,OPM1024_02,Orange Punch Mimosa,CoQ-PP_26-012,release,06.06.2026,3,Identification C · HPLC/HPTLC,Conforms | Одговара,ППК25154,24.06.2025,UKIM Faculty of Pharmacy — Center for Natural Products,,covered — laboratory finding recorded
P050062,OPM1024_02,Orange Punch Mimosa,CoQ-PP_26-102,reissue — 12-month retest,17.08.2026,3,Identification C · HPLC/HPTLC,Conforms | Одговара,197-18-К/26,07.08.2026,Farmahem,,covered
P050062,OPM1024_02,Orange Punch Mimosa,CoQ-PP_26-012,release,06.06.2026,4,Assay — Total Δ⁹-THC,18.27,ППК25154,24.06.2025,UKIM Faculty of Pharmacy — Center for Natural Products,,covered — laboratory finding recorded
P050062,OPM1024_02,Orange Punch Mimosa,CoQ-PP_26-102,reissue — 12-month retest,17.08.2026,4,Assay — Total Δ⁹-THC,18.04,197-18-К/26,07.08.2026,Farmahem,,covered
P050062,OPM1024_02,Orange Punch Mimosa,CoQ-PP_26-012,release,06.06.2026,5,Assay — Total CBD,0.05,ППК25154,24.06.2025,UKIM Faculty of Pharmacy — Center for Natural Products,,covered
P050062,OPM1024_02,Orange Punch Mimosa,CoQ-PP_26-102,reissue — 12-month retest,17.08.2026,5,Assay — Total CBD,< LOQ,197-18-К/26,07.08.2026,Farmahem,,covered
P050062,OPM1024_02,Orange Punch Mimosa,CoQ-PP_26-012,release,06.06.2026,6,Total CBN,0.02 ᴰ,ППК25154,24.06.2025,CNP,,covered
P050062,OPM1024_02,Orange Punch Mimosa,CoQ-PP_26-102,reissue — 12-month retest,17.08.2026,6,Total CBN,< LOQ,197-18-К/26,07.08.2026,Farmahem,,covered
P050062,OPM1024_02,Orange Punch Mimosa,CoQ-PP_26-012,release,06.06.2026,7,Foreign Matter,Conforms | Одговара,iCoA-PP_26-011,03.06.2026,Purely Plant GmbH (in-house),yes,to be performed — see route
P050062,OPM1024_02,Orange Punch Mimosa,CoQ-PP_26-102,reissue — 12-month retest,17.08.2026,7,Foreign Matter,Conforms | Одговара,iCoA-PP_26-115,27.07.2026,Purely Plant GmbH (in-house),yes,covered
P050062,OPM1024_02,Orange Punch Mimosa,CoQ-PP_26-012,release,06.06.2026,8,Loss on Drying,6.89,ППК25154,24.06.2025,UKIM Faculty of Pharmacy — Center for Natural Products,,covered
P050062,OPM1024_02,Orange Punch Mimosa,CoQ-PP_26-102,reissue — 12-month retest,17.08.2026,8,Loss on Drying,6.89,ППК25154,24.06.2025,UKIM Faculty of Pharmacy — Center for Natural Products,,carried from the initial testing (CoQ-PP-2025-0009) — covered
P050062,OPM1024_02,Orange Punch Mimosa,CoQ-PP_26-012,release,06.06.2026,9.1,TAMC,3.4 × 10³,588/1067/25,18.06.2025,IPH — Institute of Public Health,,covered
P050062,OPM1024_02,Orange Punch Mimosa,CoQ-PP_26-102,reissue — 12-month retest,17.08.2026,9.1,TAMC,3.4 × 10³,588/1067/25,18.06.2025,IPH — Institute of Public Health,,carried from the initial testing (CoQ-PP-2025-0009) — covered
P050062,OPM1024_02,Orange Punch Mimosa,CoQ-PP_26-012,release,06.06.2026,9.2,TYMC,3.6 × 10³,588/1067/25,18.06.2025,IPH — Institute of Public Health,,covered
P050062,OPM1024_02,Orange Punch Mimosa,CoQ-PP_26-102,reissue — 12-month retest,17.08.2026,9.2,TYMC,3.6 × 10³,588/1067/25,18.06.2025,IPH — Institute of Public Health,,carried from the initial testing (CoQ-PP-2025-0009) — covered
P050062,OPM1024_02,Orange Punch Mimosa,CoQ-PP_26-012,release,06.06.2026,9.3,Bile-tolerant gram-neg.,< 10,588/1067/25,18.06.2025,IPH — Institute of Public Health,,covered
P050062,OPM1024_02,Orange Punch Mimosa,CoQ-PP_26-102,reissue — 12-month retest,17.08.2026,9.3,Bile-tolerant gram-neg.,< 10,588/1067/25,18.06.2025,IPH — Institute of Public Health,,carried from the initial testing (CoQ-PP-2025-0009) — covered
P050062,OPM1024_02,Orange Punch Mimosa,CoQ-PP_26-012,release,06.06.2026,9.4,Salmonella,Absent | Отсутна,588/1067/25,18.06.2025,IPH — Institute of Public Health,,covered
P050062,OPM1024_02,Orange Punch Mimosa,CoQ-PP_26-102,reissue — 12-month retest,17.08.2026,9.4,Salmonella,Absent | Отсутна,588/1067/25,18.06.2025,IPH — Institute of Public Health,,carried from the initial testing (CoQ-PP-2025-0009) — covered
P050062,OPM1024_02,Orange Punch Mimosa,CoQ-PP_26-012,release,06.06.2026,9.5,Escherichia coli,Absent | Отсутна,588/1067/25,18.06.2025,IPH — Institute of Public Health,,covered
P050062,OPM1024_02,Orange Punch Mimosa,CoQ-PP_26-102,reissue — 12-month retest,17.08.2026,9.5,Escherichia coli,Absent | Отсутна,588/1067/25,18.06.2025,IPH — Institute of Public Health,,carried from the initial testing (CoQ-PP-2025-0009) — covered
P050062,OPM1024_02,Orange Punch Mimosa,CoQ-PP_26-012,release,06.06.2026,9.6,Pseudomonas aeruginosa,upon request — not required for release,—,—,—,,upon request — not required for release
P050062,OPM1024_02,Orange Punch Mimosa,CoQ-PP_26-102,reissue — 12-month retest,17.08.2026,9.6,Pseudomonas aeruginosa,upon request — not required for release,—,—,—,,upon request — not required for release
P050062,OPM1024_02,Orange Punch Mimosa,CoQ-PP_26-012,release,06.06.2026,9.7,Staphylococcus aureus,upon request — not required for release,—,—,—,,upon request — not required for release
P050062,OPM1024_02,Orange Punch Mimosa,CoQ-PP_26-102,reissue — 12-month retest,17.08.2026,9.7,Staphylococcus aureus,upon request — not required for release,—,—,—,,upon request — not required for release
P050062,OPM1024_02,Orange Punch Mimosa,CoQ-PP_26-012,release,06.06.2026,10.1,Aflatoxin B₁,not tested,—,—,—,,not tested — no certificate covers it
P050062,OPM1024_02,Orange Punch Mimosa,CoQ-PP_26-102,reissue — 12-month retest,17.08.2026,10.1,Aflatoxin B₁,ND,197-18-М/26,10.08.2026,Farmahem,,covered
P050062,OPM1024_02,Orange Punch Mimosa,CoQ-PP_26-012,release,06.06.2026,10.2,Aflatoxins ∑,< 2,2994/2025,19.06.2025,IPH — Institute of Public Health,,covered
P050062,OPM1024_02,Orange Punch Mimosa,CoQ-PP_26-102,reissue — 12-month retest,17.08.2026,10.2,Aflatoxins ∑,ND,197-18-М/26,10.08.2026,Farmahem,,covered
P050062,OPM1024_02,Orange Punch Mimosa,CoQ-PP_26-012,release,06.06.2026,10.3,Ochratoxin A,not tested,—,—,—,,not tested — no certificate covers it
P050062,OPM1024_02,Orange Punch Mimosa,CoQ-PP_26-102,reissue — 12-month retest,17.08.2026,10.3,Ochratoxin A,ND,197-18-М/26,10.08.2026,Farmahem,,covered
P050062,OPM1024_02,Orange Punch Mimosa,CoQ-PP_26-012,release,06.06.2026,11.1,Lead (Pb),0.052,2994/2025,19.06.2025,IPH — Institute of Public Health,,covered
P050062,OPM1024_02,Orange Punch Mimosa,CoQ-PP_26-102,reissue — 12-month retest,17.08.2026,11.1,Lead (Pb),0.052,2994/2025,19.06.2025,IPH — Institute of Public Health,,carried from the initial testing (CoQ-PP-2025-0009) — covered
P050062,OPM1024_02,Orange Punch Mimosa,CoQ-PP_26-012,release,06.06.2026,11.2,Cadmium (Cd),0.011,2994/2025,19.06.2025,IPH — Institute of Public Health,,covered
P050062,OPM1024_02,Orange Punch Mimosa,CoQ-PP_26-102,reissue — 12-month retest,17.08.2026,11.2,Cadmium (Cd),0.011,2994/2025,19.06.2025,IPH — Institute of Public Health,,carried from the initial testing (CoQ-PP-2025-0009) — covered
P050062,OPM1024_02,Orange Punch Mimosa,CoQ-PP_26-012,release,06.06.2026,11.3,Arsenic (As),0.028,2994/2025,19.06.2025,IPH — Institute of Public Health,,covered
P050062,OPM1024_02,Orange Punch Mimosa,CoQ-PP_26-102,reissue — 12-month retest,17.08.2026,11.3,Arsenic (As),0.028,2994/2025,19.06.2025,IPH — Institute of Public Health,,carried from the initial testing (CoQ-PP-2025-0009) — covered
P050062,OPM1024_02,Orange Punch Mimosa,CoQ-PP_26-012,release,06.06.2026,11.4,Mercury (Hg),0.061,2994/2025,19.06.2025,IPH — Institute of Public Health,,covered
P050062,OPM1024_02,Orange Punch Mimosa,CoQ-PP_26-102,reissue — 12-month retest,17.08.2026,11.4,Mercury (Hg),0.061,2994/2025,19.06.2025,IPH — Institute of Public Health,,carried from the initial testing (CoQ-PP-2025-0009) — covered
P050062,OPM1024_02,Orange Punch Mimosa,CoQ-PP_26-012,release,06.06.2026,12,Pesticide Residues,ND,2994/2025,19.06.2025,IPH — Institute of Public Health,,covered
P050062,OPM1024_02,Orange Punch Mimosa,CoQ-PP_26-102,reissue — 12-month retest,17.08.2026,12,Pesticide Residues,ND,2994/2025,19.06.2025,IPH — Institute of Public Health,,carried from the initial testing (CoQ-PP-2025-0009) — covered
P050072,GP0824_03,Grape Pie,CoQ-PP_26-013,release,06.06.2026,1,"Identification A, Appearance · Macroscopic",Conforms | Одговара,iCoA-PP_26-012,03.06.2026,Purely Plant GmbH (in-house),yes,to be performed — see route
P050072,GP0824_03,Grape Pie,CoQ-PP_26-117,reissue — 12-month retest,18.09.2026,1,"Identification A, Appearance · Macroscopic",Conforms | Одговара,iCoA-PP_26-131,17.08.2026,Purely Plant GmbH (in-house),yes,covered
P050072,GP0824_03,Grape Pie,CoQ-PP_26-013,release,06.06.2026,2,Identification B · Microscopic,Conforms | Одговара,iCoA-PP_26-012,03.06.2026,Purely Plant GmbH (in-house),yes,to be performed — see route
P050072,GP0824_03,Grape Pie,CoQ-PP_26-117,reissue — 12-month retest,18.09.2026,2,Identification B · Microscopic,Conforms | Одговара,iCoA-PP_26-131,17.08.2026,Purely Plant GmbH (in-house),yes,covered
P050072,GP0824_03,Grape Pie,CoQ-PP_26-013,release,06.06.2026,3,Identification C · HPLC/HPTLC,Conforms | Одговара,ППК25175,10.07.2025,UKIM Faculty of Pharmacy — Center for Natural Products,,covered
P050072,GP0824_03,Grape Pie,CoQ-PP_26-117,reissue — 12-month retest,18.09.2026,3,Identification C · HPLC/HPTLC,Conforms | Одговара,220-11-К/26,25.08.2026,Farmahem,,covered
P050072,GP0824_03,Grape Pie,CoQ-PP_26-013,release,06.06.2026,4,Assay — Total Δ⁹-THC,25.45,ППК25175,10.07.2025,UKIM Faculty of Pharmacy — Center for Natural Products,,covered
P050072,GP0824_03,Grape Pie,CoQ-PP_26-117,reissue — 12-month retest,18.09.2026,4,Assay — Total Δ⁹-THC,28.30,220-11-К/26,25.08.2026,Farmahem,,covered
P050072,GP0824_03,Grape Pie,CoQ-PP_26-013,release,06.06.2026,5,Assay — Total CBD,0.08,ППК25175,10.07.2025,UKIM Faculty of Pharmacy — Center for Natural Products,,covered
P050072,GP0824_03,Grape Pie,CoQ-PP_26-117,reissue — 12-month retest,18.09.2026,5,Assay — Total CBD,< LOQ,220-11-К/26,25.08.2026,Farmahem,,covered
P050072,GP0824_03,Grape Pie,CoQ-PP_26-013,release,06.06.2026,6,Total CBN,< LOQ ᴰ,ППК25175,10.07.2025,CNP,,covered
P050072,GP0824_03,Grape Pie,CoQ-PP_26-117,reissue — 12-month retest,18.09.2026,6,Total CBN,< LOQ,220-11-К/26,25.08.2026,Farmahem,,covered
P050072,GP0824_03,Grape Pie,CoQ-PP_26-013,release,06.06.2026,7,Foreign Matter,Conforms | Одговара,iCoA-PP_26-012,03.06.2026,Purely Plant GmbH (in-house),yes,to be performed — see route
P050072,GP0824_03,Grape Pie,CoQ-PP_26-117,reissue — 12-month retest,18.09.2026,7,Foreign Matter,Conforms | Одговара,iCoA-PP_26-131,17.08.2026,Purely Plant GmbH (in-house),yes,covered
P050072,GP0824_03,Grape Pie,CoQ-PP_26-013,release,06.06.2026,8,Loss on Drying,6.58,ППК25175,10.07.2025,UKIM Faculty of Pharmacy — Center for Natural Products,,covered
P050072,GP0824_03,Grape Pie,CoQ-PP_26-117,reissue — 12-month retest,18.09.2026,8,Loss on Drying,6.58,ППК25175,10.07.2025,UKIM Faculty of Pharmacy — Center for Natural Products,,carried from the initial testing (CoQ-PP-2025-0010) — covered
P050072,GP0824_03,Grape Pie,CoQ-PP_26-013,release,06.06.2026,9.1,TAMC,1.1 × 10⁴,628/1129/25,02.07.2025,IPH — Institute of Public Health,,covered
P050072,GP0824_03,Grape Pie,CoQ-PP_26-117,reissue — 12-month retest,18.09.2026,9.1,TAMC,1.1 × 10⁴,628/1129/25,02.07.2025,IPH — Institute of Public Health,,carried from the initial testing (CoQ-PP-2025-0010) — covered
P050072,GP0824_03,Grape Pie,CoQ-PP_26-013,release,06.06.2026,9.2,TYMC,1.2 × 10⁴,628/1129/25,02.07.2025,IPH — Institute of Public Health,,UNDETERMINED — pending the QCSP 001 reading
P050072,GP0824_03,Grape Pie,CoQ-PP_26-117,reissue — 12-month retest,18.09.2026,9.2,TYMC,1.2 × 10⁴,628/1129/25,02.07.2025,IPH — Institute of Public Health,,carried from the initial testing (CoQ-PP-2025-0010) — UNDETERMINED — pending the QCSP 001 reading
P050072,GP0824_03,Grape Pie,CoQ-PP_26-013,release,06.06.2026,9.3,Bile-tolerant gram-neg.,< 10⁴ and > 10³,628/1129/25,02.07.2025,IPH — Institute of Public Health,,covered
P050072,GP0824_03,Grape Pie,CoQ-PP_26-117,reissue — 12-month retest,18.09.2026,9.3,Bile-tolerant gram-neg.,< 10⁴ and > 10³,628/1129/25,02.07.2025,IPH — Institute of Public Health,,carried from the initial testing (CoQ-PP-2025-0010) — covered
P050072,GP0824_03,Grape Pie,CoQ-PP_26-013,release,06.06.2026,9.4,Salmonella,Absent | Отсутна,628/1129/25,02.07.2025,IPH — Institute of Public Health,,covered
P050072,GP0824_03,Grape Pie,CoQ-PP_26-117,reissue — 12-month retest,18.09.2026,9.4,Salmonella,Absent | Отсутна,628/1129/25,02.07.2025,IPH — Institute of Public Health,,carried from the initial testing (CoQ-PP-2025-0010) — covered
P050072,GP0824_03,Grape Pie,CoQ-PP_26-013,release,06.06.2026,9.5,Escherichia coli,Absent | Отсутна,628/1129/25,02.07.2025,IPH — Institute of Public Health,,covered
P050072,GP0824_03,Grape Pie,CoQ-PP_26-117,reissue — 12-month retest,18.09.2026,9.5,Escherichia coli,Absent | Отсутна,628/1129/25,02.07.2025,IPH — Institute of Public Health,,carried from the initial testing (CoQ-PP-2025-0010) — covered
P050072,GP0824_03,Grape Pie,CoQ-PP_26-013,release,06.06.2026,9.6,Pseudomonas aeruginosa,upon request — not required for release,—,—,—,,upon request — not required for release
P050072,GP0824_03,Grape Pie,CoQ-PP_26-117,reissue — 12-month retest,18.09.2026,9.6,Pseudomonas aeruginosa,upon request — not required for release,—,—,—,,upon request — not required for release
P050072,GP0824_03,Grape Pie,CoQ-PP_26-013,release,06.06.2026,9.7,Staphylococcus aureus,upon request — not required for release,—,—,—,,upon request — not required for release
P050072,GP0824_03,Grape Pie,CoQ-PP_26-117,reissue — 12-month retest,18.09.2026,9.7,Staphylococcus aureus,upon request — not required for release,—,—,—,,upon request — not required for release
P050072,GP0824_03,Grape Pie,CoQ-PP_26-013,release,06.06.2026,10.1,Aflatoxin B₁,not tested,—,—,—,,not tested — no certificate covers it
P050072,GP0824_03,Grape Pie,CoQ-PP_26-117,reissue — 12-month retest,18.09.2026,10.1,Aflatoxin B₁,ND,220-11-М/26,11.09.2026,Farmahem,,covered
P050072,GP0824_03,Grape Pie,CoQ-PP_26-013,release,06.06.2026,10.2,Aflatoxins ∑,< 2,3178/2025,26.06.2025,IPH — Institute of Public Health,,covered
P050072,GP0824_03,Grape Pie,CoQ-PP_26-117,reissue — 12-month retest,18.09.2026,10.2,Aflatoxins ∑,ND,220-11-М/26,11.09.2026,Farmahem,,covered
P050072,GP0824_03,Grape Pie,CoQ-PP_26-013,release,06.06.2026,10.3,Ochratoxin A,not tested,—,—,—,,not tested — no certificate covers it
P050072,GP0824_03,Grape Pie,CoQ-PP_26-117,reissue — 12-month retest,18.09.2026,10.3,Ochratoxin A,ND,220-11-М/26,11.09.2026,Farmahem,,covered
P050072,GP0824_03,Grape Pie,CoQ-PP_26-013,release,06.06.2026,11.1,Lead (Pb),ND,3178/2025,26.06.2025,IPH — Institute of Public Health,,covered
P050072,GP0824_03,Grape Pie,CoQ-PP_26-117,reissue — 12-month retest,18.09.2026,11.1,Lead (Pb),ND,3178/2025,26.06.2025,IPH — Institute of Public Health,,carried from the initial testing (CoQ-PP-2025-0010) — covered
P050072,GP0824_03,Grape Pie,CoQ-PP_26-013,release,06.06.2026,11.2,Cadmium (Cd),ND,3178/2025,26.06.2025,IPH — Institute of Public Health,,covered
P050072,GP0824_03,Grape Pie,CoQ-PP_26-117,reissue — 12-month retest,18.09.2026,11.2,Cadmium (Cd),ND,3178/2025,26.06.2025,IPH — Institute of Public Health,,carried from the initial testing (CoQ-PP-2025-0010) — covered
P050072,GP0824_03,Grape Pie,CoQ-PP_26-013,release,06.06.2026,11.3,Arsenic (As),0.119,3178/2025,26.06.2025,IPH — Institute of Public Health,,covered
P050072,GP0824_03,Grape Pie,CoQ-PP_26-117,reissue — 12-month retest,18.09.2026,11.3,Arsenic (As),0.119,3178/2025,26.06.2025,IPH — Institute of Public Health,,carried from the initial testing (CoQ-PP-2025-0010) — covered
P050072,GP0824_03,Grape Pie,CoQ-PP_26-013,release,06.06.2026,11.4,Mercury (Hg),ND,3178/2025,26.06.2025,IPH — Institute of Public Health,,covered
P050072,GP0824_03,Grape Pie,CoQ-PP_26-117,reissue — 12-month retest,18.09.2026,11.4,Mercury (Hg),ND,3178/2025,26.06.2025,IPH — Institute of Public Health,,carried from the initial testing (CoQ-PP-2025-0010) — covered
P050072,GP0824_03,Grape Pie,CoQ-PP_26-013,release,06.06.2026,12,Pesticide Residues,ND,3178/2025,26.06.2025,IPH — Institute of Public Health,,covered
P050072,GP0824_03,Grape Pie,CoQ-PP_26-117,reissue — 12-month retest,18.09.2026,12,Pesticide Residues,ND,3178/2025,26.06.2025,IPH — Institute of Public Health,,carried from the initial testing (CoQ-PP-2025-0010) — covered
P050082,OPM1024_03,Orange Punch Mimosa,CoQ-PP_26-014,release,06.06.2026,1,"Identification A, Appearance · Macroscopic",Conforms | Одговара,iCoA-PP_26-013,03.06.2026,Purely Plant GmbH (in-house),yes,to be performed — see route
P050082,OPM1024_03,Orange Punch Mimosa,CoQ-PP_26-130,reissue — 12-month retest,18.09.2026,1,"Identification A, Appearance · Macroscopic",Conforms | Одговара,iCoA-PP_26-147,17.08.2026,Purely Plant GmbH (in-house),yes,covered
P050082,OPM1024_03,Orange Punch Mimosa,CoQ-PP_26-014,release,06.06.2026,2,Identification B · Microscopic,Conforms | Одговара,iCoA-PP_26-013,03.06.2026,Purely Plant GmbH (in-house),yes,to be performed — see route
P050082,OPM1024_03,Orange Punch Mimosa,CoQ-PP_26-130,reissue — 12-month retest,18.09.2026,2,Identification B · Microscopic,Conforms | Одговара,iCoA-PP_26-147,17.08.2026,Purely Plant GmbH (in-house),yes,covered
P050082,OPM1024_03,Orange Punch Mimosa,CoQ-PP_26-014,release,06.06.2026,3,Identification C · HPLC/HPTLC,Conforms | Одговара,ППК25210,28.07.2025,UKIM Faculty of Pharmacy — Center for Natural Products,,covered
P050082,OPM1024_03,Orange Punch Mimosa,CoQ-PP_26-130,reissue — 12-month retest,18.09.2026,3,Identification C · HPLC/HPTLC,Conforms | Одговара,220-23-К/26,26.08.2026,Farmahem,,covered
P050082,OPM1024_03,Orange Punch Mimosa,CoQ-PP_26-014,release,06.06.2026,4,Assay — Total Δ⁹-THC,16.55,ППК25210,28.07.2025,UKIM Faculty of Pharmacy — Center for Natural Products,,covered
P050082,OPM1024_03,Orange Punch Mimosa,CoQ-PP_26-130,reissue — 12-month retest,18.09.2026,4,Assay — Total Δ⁹-THC,19.30,220-23-К/26,26.08.2026,Farmahem,,covered
P050082,OPM1024_03,Orange Punch Mimosa,CoQ-PP_26-014,release,06.06.2026,5,Assay — Total CBD,0.04,ППК25210,28.07.2025,UKIM Faculty of Pharmacy — Center for Natural Products,,covered
P050082,OPM1024_03,Orange Punch Mimosa,CoQ-PP_26-130,reissue — 12-month retest,18.09.2026,5,Assay — Total CBD,< LOQ,220-23-К/26,26.08.2026,Farmahem,,covered
P050082,OPM1024_03,Orange Punch Mimosa,CoQ-PP_26-014,release,06.06.2026,6,Total CBN,0.01 ᴰ,ППК25210,28.07.2025,CNP,,covered
P050082,OPM1024_03,Orange Punch Mimosa,CoQ-PP_26-130,reissue — 12-month retest,18.09.2026,6,Total CBN,< LOQ,220-23-К/26,26.08.2026,Farmahem,,covered
P050082,OPM1024_03,Orange Punch Mimosa,CoQ-PP_26-014,release,06.06.2026,7,Foreign Matter,Conforms | Одговара,iCoA-PP_26-013,03.06.2026,Purely Plant GmbH (in-house),yes,to be performed — see route
P050082,OPM1024_03,Orange Punch Mimosa,CoQ-PP_26-130,reissue — 12-month retest,18.09.2026,7,Foreign Matter,Conforms | Одговара,iCoA-PP_26-147,17.08.2026,Purely Plant GmbH (in-house),yes,covered
P050082,OPM1024_03,Orange Punch Mimosa,CoQ-PP_26-014,release,06.06.2026,8,Loss on Drying,6.38,ППК25210,28.07.2025,UKIM Faculty of Pharmacy — Center for Natural Products,,covered
P050082,OPM1024_03,Orange Punch Mimosa,CoQ-PP_26-130,reissue — 12-month retest,18.09.2026,8,Loss on Drying,6.38,ППК25210,28.07.2025,UKIM Faculty of Pharmacy — Center for Natural Products,,carried from the initial testing (CoQ-PP-2025-0011) — covered
P050082,OPM1024_03,Orange Punch Mimosa,CoQ-PP_26-014,release,06.06.2026,9.1,TAMC,2 × 10²,766/1375/25,29.07.2025,IPH — Institute of Public Health,,covered
P050082,OPM1024_03,Orange Punch Mimosa,CoQ-PP_26-130,reissue — 12-month retest,18.09.2026,9.1,TAMC,2 × 10²,766/1375/25,29.07.2025,IPH — Institute of Public Health,,carried from the initial testing (CoQ-PP-2025-0011) — covered
P050082,OPM1024_03,Orange Punch Mimosa,CoQ-PP_26-014,release,06.06.2026,9.2,TYMC,3 × 10²,766/1375/25,29.07.2025,IPH — Institute of Public Health,,covered
P050082,OPM1024_03,Orange Punch Mimosa,CoQ-PP_26-130,reissue — 12-month retest,18.09.2026,9.2,TYMC,3 × 10²,766/1375/25,29.07.2025,IPH — Institute of Public Health,,carried from the initial testing (CoQ-PP-2025-0011) — covered
P050082,OPM1024_03,Orange Punch Mimosa,CoQ-PP_26-014,release,06.06.2026,9.3,Bile-tolerant gram-neg.,< 10,766/1375/25,29.07.2025,IPH — Institute of Public Health,,covered
P050082,OPM1024_03,Orange Punch Mimosa,CoQ-PP_26-130,reissue — 12-month retest,18.09.2026,9.3,Bile-tolerant gram-neg.,< 10,766/1375/25,29.07.2025,IPH — Institute of Public Health,,carried from the initial testing (CoQ-PP-2025-0011) — covered
P050082,OPM1024_03,Orange Punch Mimosa,CoQ-PP_26-014,release,06.06.2026,9.4,Salmonella,Absent | Отсутна,766/1375/25,29.07.2025,IPH — Institute of Public Health,,covered
P050082,OPM1024_03,Orange Punch Mimosa,CoQ-PP_26-130,reissue — 12-month retest,18.09.2026,9.4,Salmonella,Absent | Отсутна,766/1375/25,29.07.2025,IPH — Institute of Public Health,,carried from the initial testing (CoQ-PP-2025-0011) — covered
P050082,OPM1024_03,Orange Punch Mimosa,CoQ-PP_26-014,release,06.06.2026,9.5,Escherichia coli,Absent | Отсутна,766/1375/25,29.07.2025,IPH — Institute of Public Health,,covered
P050082,OPM1024_03,Orange Punch Mimosa,CoQ-PP_26-130,reissue — 12-month retest,18.09.2026,9.5,Escherichia coli,Absent | Отсутна,766/1375/25,29.07.2025,IPH — Institute of Public Health,,carried from the initial testing (CoQ-PP-2025-0011) — covered
P050082,OPM1024_03,Orange Punch Mimosa,CoQ-PP_26-014,release,06.06.2026,9.6,Pseudomonas aeruginosa,upon request — not required for release,—,—,—,,upon request — not required for release
P050082,OPM1024_03,Orange Punch Mimosa,CoQ-PP_26-130,reissue — 12-month retest,18.09.2026,9.6,Pseudomonas aeruginosa,upon request — not required for release,—,—,—,,upon request — not required for release
P050082,OPM1024_03,Orange Punch Mimosa,CoQ-PP_26-014,release,06.06.2026,9.7,Staphylococcus aureus,upon request — not required for release,—,—,—,,upon request — not required for release
P050082,OPM1024_03,Orange Punch Mimosa,CoQ-PP_26-130,reissue — 12-month retest,18.09.2026,9.7,Staphylococcus aureus,upon request — not required for release,—,—,—,,upon request — not required for release
P050082,OPM1024_03,Orange Punch Mimosa,CoQ-PP_26-014,release,06.06.2026,10.1,Aflatoxin B₁,not tested,—,—,—,,not tested — no certificate covers it
P050082,OPM1024_03,Orange Punch Mimosa,CoQ-PP_26-130,reissue — 12-month retest,18.09.2026,10.1,Aflatoxin B₁,ND,220-23-М/26,11.09.2026,Farmahem,,covered
P050082,OPM1024_03,Orange Punch Mimosa,CoQ-PP_26-014,release,06.06.2026,10.2,Aflatoxins ∑,2.1,3636/2025,28.07.2025,IPH — Institute of Public Health,,covered
P050082,OPM1024_03,Orange Punch Mimosa,CoQ-PP_26-130,reissue — 12-month retest,18.09.2026,10.2,Aflatoxins ∑,ND,220-23-М/26,11.09.2026,Farmahem,,covered
P050082,OPM1024_03,Orange Punch Mimosa,CoQ-PP_26-014,release,06.06.2026,10.3,Ochratoxin A,not tested,—,—,—,,not tested — no certificate covers it
P050082,OPM1024_03,Orange Punch Mimosa,CoQ-PP_26-130,reissue — 12-month retest,18.09.2026,10.3,Ochratoxin A,ND,220-23-М/26,11.09.2026,Farmahem,,covered
P050082,OPM1024_03,Orange Punch Mimosa,CoQ-PP_26-014,release,06.06.2026,11.1,Lead (Pb),ND,3636/2025,28.07.2025,IPH — Institute of Public Health,,covered
P050082,OPM1024_03,Orange Punch Mimosa,CoQ-PP_26-130,reissue — 12-month retest,18.09.2026,11.1,Lead (Pb),ND,3636/2025,28.07.2025,IPH — Institute of Public Health,,carried from the initial testing (CoQ-PP-2025-0011) — covered
P050082,OPM1024_03,Orange Punch Mimosa,CoQ-PP_26-014,release,06.06.2026,11.2,Cadmium (Cd),ND,3636/2025,28.07.2025,IPH — Institute of Public Health,,covered
P050082,OPM1024_03,Orange Punch Mimosa,CoQ-PP_26-130,reissue — 12-month retest,18.09.2026,11.2,Cadmium (Cd),ND,3636/2025,28.07.2025,IPH — Institute of Public Health,,carried from the initial testing (CoQ-PP-2025-0011) — covered
P050082,OPM1024_03,Orange Punch Mimosa,CoQ-PP_26-014,release,06.06.2026,11.3,Arsenic (As),0.135,3636/2025,28.07.2025,IPH — Institute of Public Health,,covered
P050082,OPM1024_03,Orange Punch Mimosa,CoQ-PP_26-130,reissue — 12-month retest,18.09.2026,11.3,Arsenic (As),0.135,3636/2025,28.07.2025,IPH — Institute of Public Health,,carried from the initial testing (CoQ-PP-2025-0011) — covered
P050082,OPM1024_03,Orange Punch Mimosa,CoQ-PP_26-014,release,06.06.2026,11.4,Mercury (Hg),0.03,3636/2025,28.07.2025,IPH — Institute of Public Health,,covered
P050082,OPM1024_03,Orange Punch Mimosa,CoQ-PP_26-130,reissue — 12-month retest,18.09.2026,11.4,Mercury (Hg),0.03,3636/2025,28.07.2025,IPH — Institute of Public Health,,carried from the initial testing (CoQ-PP-2025-0011) — covered
P050082,OPM1024_03,Orange Punch Mimosa,CoQ-PP_26-014,release,06.06.2026,12,Pesticide Residues,ND,3636/2025,28.07.2025,IPH — Institute of Public Health,,covered
P050082,OPM1024_03,Orange Punch Mimosa,CoQ-PP_26-130,reissue — 12-month retest,18.09.2026,12,Pesticide Residues,ND,3636/2025,28.07.2025,IPH — Institute of Public Health,,carried from the initial testing (CoQ-PP-2025-0011) — covered
P050092,GG1024_01,Gorilla Glue,CoQ-PP_26-015,release,06.06.2026,1,"Identification A, Appearance · Macroscopic",Conforms | Одговара,iCoA-PP_26-014,03.06.2026,Purely Plant GmbH (in-house),yes,to be performed — see route
P050092,GG1024_01,Gorilla Glue,CoQ-PP_26-093,reissue — 12-month retest,17.08.2026,1,"Identification A, Appearance · Macroscopic",Conforms | Одговара,iCoA-PP_26-104,27.07.2026,Purely Plant GmbH (in-house),yes,covered
P050092,GG1024_01,Gorilla Glue,CoQ-PP_26-015,release,06.06.2026,2,Identification B · Microscopic,Conforms | Одговара,iCoA-PP_26-014,03.06.2026,Purely Plant GmbH (in-house),yes,to be performed — see route
P050092,GG1024_01,Gorilla Glue,CoQ-PP_26-093,reissue — 12-month retest,17.08.2026,2,Identification B · Microscopic,Conforms | Одговара,iCoA-PP_26-104,27.07.2026,Purely Plant GmbH (in-house),yes,covered
P050092,GG1024_01,Gorilla Glue,CoQ-PP_26-015,release,06.06.2026,3,Identification C · HPLC/HPTLC,Conforms | Одговара,ППК25104,17.04.2025,UKIM Faculty of Pharmacy — Center for Natural Products,,covered
P050092,GG1024_01,Gorilla Glue,CoQ-PP_26-093,reissue — 12-month retest,17.08.2026,3,Identification C · HPLC/HPTLC,Conforms | Одговара,197-9-К/26,07.08.2026,Farmahem,,covered
P050092,GG1024_01,Gorilla Glue,CoQ-PP_26-015,release,06.06.2026,4,Assay — Total Δ⁹-THC,17.22,ППК25104,17.04.2025,UKIM Faculty of Pharmacy — Center for Natural Products,,covered
P050092,GG1024_01,Gorilla Glue,CoQ-PP_26-093,reissue — 12-month retest,17.08.2026,4,Assay — Total Δ⁹-THC,18.67,197-9-К/26,07.08.2026,Farmahem,,covered
P050092,GG1024_01,Gorilla Glue,CoQ-PP_26-015,release,06.06.2026,5,Assay — Total CBD,0.05,ППК25104,17.04.2025,UKIM Faculty of Pharmacy — Center for Natural Products,,covered
P050092,GG1024_01,Gorilla Glue,CoQ-PP_26-093,reissue — 12-month retest,17.08.2026,5,Assay — Total CBD,< LOQ,197-9-К/26,07.08.2026,Farmahem,,covered
P050092,GG1024_01,Gorilla Glue,CoQ-PP_26-015,release,06.06.2026,6,Total CBN,ND ᴰ,ППК25104,17.04.2025,CNP,,covered
P050092,GG1024_01,Gorilla Glue,CoQ-PP_26-093,reissue — 12-month retest,17.08.2026,6,Total CBN,0.20,197-9-К/26,07.08.2026,Farmahem,,covered
P050092,GG1024_01,Gorilla Glue,CoQ-PP_26-015,release,06.06.2026,7,Foreign Matter,Conforms | Одговара,iCoA-PP_26-014,03.06.2026,Purely Plant GmbH (in-house),yes,to be performed — see route
P050092,GG1024_01,Gorilla Glue,CoQ-PP_26-093,reissue — 12-month retest,17.08.2026,7,Foreign Matter,Conforms | Одговара,iCoA-PP_26-104,27.07.2026,Purely Plant GmbH (in-house),yes,covered
P050092,GG1024_01,Gorilla Glue,CoQ-PP_26-015,release,06.06.2026,8,Loss on Drying,7.54,ППК25104,17.04.2025,UKIM Faculty of Pharmacy — Center for Natural Products,,covered
P050092,GG1024_01,Gorilla Glue,CoQ-PP_26-093,reissue — 12-month retest,17.08.2026,8,Loss on Drying,7.54,ППК25104,17.04.2025,UKIM Faculty of Pharmacy — Center for Natural Products,,carried from the initial testing (CoQ-PP-2025-0012) — covered
P050092,GG1024_01,Gorilla Glue,CoQ-PP_26-015,release,06.06.2026,9.1,TAMC,5.1 × 10⁴,320/0587/25,14.04.2025,IPH — Institute of Public Health,,covered
P050092,GG1024_01,Gorilla Glue,CoQ-PP_26-093,reissue — 12-month retest,17.08.2026,9.1,TAMC,5.1 × 10⁴,320/0587/25,14.04.2025,IPH — Institute of Public Health,,carried from the initial testing (CoQ-PP-2025-0012) — covered
P050092,GG1024_01,Gorilla Glue,CoQ-PP_26-015,release,06.06.2026,9.2,TYMC,4.2 × 10⁴,320/0587/25,14.04.2025,IPH — Institute of Public Health,,OUT OF SPECIFICATION
P050092,GG1024_01,Gorilla Glue,CoQ-PP_26-093,reissue — 12-month retest,17.08.2026,9.2,TYMC,4.2 × 10⁴,320/0587/25,14.04.2025,IPH — Institute of Public Health,,carried from the initial testing (CoQ-PP-2025-0012) — OUT OF SPECIFICATION
P050092,GG1024_01,Gorilla Glue,CoQ-PP_26-015,release,06.06.2026,9.3,Bile-tolerant gram-neg.,< 10,320/0587/25,14.04.2025,IPH — Institute of Public Health,,covered
P050092,GG1024_01,Gorilla Glue,CoQ-PP_26-093,reissue — 12-month retest,17.08.2026,9.3,Bile-tolerant gram-neg.,< 10,320/0587/25,14.04.2025,IPH — Institute of Public Health,,carried from the initial testing (CoQ-PP-2025-0012) — covered
P050092,GG1024_01,Gorilla Glue,CoQ-PP_26-015,release,06.06.2026,9.4,Salmonella,Absent | Отсутна,320/0587/25,14.04.2025,IPH — Institute of Public Health,,covered
P050092,GG1024_01,Gorilla Glue,CoQ-PP_26-093,reissue — 12-month retest,17.08.2026,9.4,Salmonella,Absent | Отсутна,320/0587/25,14.04.2025,IPH — Institute of Public Health,,carried from the initial testing (CoQ-PP-2025-0012) — covered
P050092,GG1024_01,Gorilla Glue,CoQ-PP_26-015,release,06.06.2026,9.5,Escherichia coli,Absent | Отсутна,320/0587/25,14.04.2025,IPH — Institute of Public Health,,covered
P050092,GG1024_01,Gorilla Glue,CoQ-PP_26-093,reissue — 12-month retest,17.08.2026,9.5,Escherichia coli,Absent | Отсутна,320/0587/25,14.04.2025,IPH — Institute of Public Health,,carried from the initial testing (CoQ-PP-2025-0012) — covered
P050092,GG1024_01,Gorilla Glue,CoQ-PP_26-015,release,06.06.2026,9.6,Pseudomonas aeruginosa,upon request — not required for release,—,—,—,,upon request — not required for release
P050092,GG1024_01,Gorilla Glue,CoQ-PP_26-093,reissue — 12-month retest,17.08.2026,9.6,Pseudomonas aeruginosa,upon request — not required for release,—,—,—,,upon request — not required for release
P050092,GG1024_01,Gorilla Glue,CoQ-PP_26-015,release,06.06.2026,9.7,Staphylococcus aureus,upon request — not required for release,—,—,—,,upon request — not required for release
P050092,GG1024_01,Gorilla Glue,CoQ-PP_26-093,reissue — 12-month retest,17.08.2026,9.7,Staphylococcus aureus,upon request — not required for release,—,—,—,,upon request — not required for release
P050092,GG1024_01,Gorilla Glue,CoQ-PP_26-015,release,06.06.2026,10.1,Aflatoxin B₁,not tested,—,—,—,,not tested — no certificate covers it
P050092,GG1024_01,Gorilla Glue,CoQ-PP_26-093,reissue — 12-month retest,17.08.2026,10.1,Aflatoxin B₁,ND,197-9-М/26,10.08.2026,Farmahem,,covered
P050092,GG1024_01,Gorilla Glue,CoQ-PP_26-015,release,06.06.2026,10.2,Aflatoxins ∑,< 2,1766/2025,11.04.2025,IPH — Institute of Public Health,,covered
P050092,GG1024_01,Gorilla Glue,CoQ-PP_26-093,reissue — 12-month retest,17.08.2026,10.2,Aflatoxins ∑,ND,197-9-М/26,10.08.2026,Farmahem,,covered
P050092,GG1024_01,Gorilla Glue,CoQ-PP_26-015,release,06.06.2026,10.3,Ochratoxin A,not tested,—,—,—,,not tested — no certificate covers it
P050092,GG1024_01,Gorilla Glue,CoQ-PP_26-093,reissue — 12-month retest,17.08.2026,10.3,Ochratoxin A,ND,197-9-М/26,10.08.2026,Farmahem,,covered
P050092,GG1024_01,Gorilla Glue,CoQ-PP_26-015,release,06.06.2026,11.1,Lead (Pb),0.02,1766/2025,11.04.2025,IPH — Institute of Public Health,,covered
P050092,GG1024_01,Gorilla Glue,CoQ-PP_26-093,reissue — 12-month retest,17.08.2026,11.1,Lead (Pb),0.02,1766/2025,11.04.2025,IPH — Institute of Public Health,,carried from the initial testing (CoQ-PP-2025-0012) — covered
P050092,GG1024_01,Gorilla Glue,CoQ-PP_26-015,release,06.06.2026,11.2,Cadmium (Cd),0.007,1766/2025,11.04.2025,IPH — Institute of Public Health,,covered
P050092,GG1024_01,Gorilla Glue,CoQ-PP_26-093,reissue — 12-month retest,17.08.2026,11.2,Cadmium (Cd),0.007,1766/2025,11.04.2025,IPH — Institute of Public Health,,carried from the initial testing (CoQ-PP-2025-0012) — covered
P050092,GG1024_01,Gorilla Glue,CoQ-PP_26-015,release,06.06.2026,11.3,Arsenic (As),0.015,1766/2025,11.04.2025,IPH — Institute of Public Health,,covered
P050092,GG1024_01,Gorilla Glue,CoQ-PP_26-093,reissue — 12-month retest,17.08.2026,11.3,Arsenic (As),0.015,1766/2025,11.04.2025,IPH — Institute of Public Health,,carried from the initial testing (CoQ-PP-2025-0012) — covered
P050092,GG1024_01,Gorilla Glue,CoQ-PP_26-015,release,06.06.2026,11.4,Mercury (Hg),0.005,1766/2025,11.04.2025,IPH — Institute of Public Health,,covered
P050092,GG1024_01,Gorilla Glue,CoQ-PP_26-093,reissue — 12-month retest,17.08.2026,11.4,Mercury (Hg),0.005,1766/2025,11.04.2025,IPH — Institute of Public Health,,carried from the initial testing (CoQ-PP-2025-0012) — covered
P050092,GG1024_01,Gorilla Glue,CoQ-PP_26-015,release,06.06.2026,12,Pesticide Residues,ND,1766/2025,11.04.2025,IPH — Institute of Public Health,,covered
P050092,GG1024_01,Gorilla Glue,CoQ-PP_26-093,reissue — 12-month retest,17.08.2026,12,Pesticide Residues,ND,1766/2025,11.04.2025,IPH — Institute of Public Health,,carried from the initial testing (CoQ-PP-2025-0012) — covered
P050102,GP0824_01,Grape Pie,CoQ-PP_26-016,release,06.06.2026,1,"Identification A, Appearance · Macroscopic",Conforms | Одговара,iCoA-PP_26-015,03.06.2026,Purely Plant GmbH (in-house),yes,to be performed — see route
P050102,GP0824_01,Grape Pie,CoQ-PP_26-151,reissue — 12-month retest,21.09.2026,1,"Identification A, Appearance · Macroscopic",Conforms | Одговара,iCoA-PP_26-154,24.08.2026,Purely Plant GmbH (in-house),yes,covered
P050102,GP0824_01,Grape Pie,CoQ-PP_26-016,release,06.06.2026,2,Identification B · Microscopic,Conforms | Одговара,iCoA-PP_26-015,03.06.2026,Purely Plant GmbH (in-house),yes,to be performed — see route
P050102,GP0824_01,Grape Pie,CoQ-PP_26-151,reissue — 12-month retest,21.09.2026,2,Identification B · Microscopic,Conforms | Одговара,iCoA-PP_26-154,24.08.2026,Purely Plant GmbH (in-house),yes,to be performed — see route
P050102,GP0824_01,Grape Pie,CoQ-PP_26-016,release,06.06.2026,3,Identification C · HPLC/HPTLC,Conforms | Одговара,ППК25105,17.04.2025,UKIM Faculty of Pharmacy — Center for Natural Products,,covered
P050102,GP0824_01,Grape Pie,CoQ-PP_26-151,reissue — 12-month retest,21.09.2026,3,Identification C · HPLC/HPTLC,Conforms | Одговара,227-2-К/26,11.09.2026,Farmahem,,covered
P050102,GP0824_01,Grape Pie,CoQ-PP_26-016,release,06.06.2026,4,Assay — Total Δ⁹-THC,20.79,ППК25105,17.04.2025,UKIM Faculty of Pharmacy — Center for Natural Products,,covered
P050102,GP0824_01,Grape Pie,CoQ-PP_26-151,reissue — 12-month retest,21.09.2026,4,Assay — Total Δ⁹-THC,28.68,227-2-К/26,11.09.2026,Farmahem,,covered
P050102,GP0824_01,Grape Pie,CoQ-PP_26-016,release,06.06.2026,5,Assay — Total CBD,0.06,ППК25105,17.04.2025,UKIM Faculty of Pharmacy — Center for Natural Products,,covered
P050102,GP0824_01,Grape Pie,CoQ-PP_26-151,reissue — 12-month retest,21.09.2026,5,Assay — Total CBD,< LOQ,227-2-К/26,11.09.2026,Farmahem,,covered
P050102,GP0824_01,Grape Pie,CoQ-PP_26-016,release,06.06.2026,6,Total CBN,not tested,—,—,—,,not tested — no certificate covers it
P050102,GP0824_01,Grape Pie,CoQ-PP_26-151,reissue — 12-month retest,21.09.2026,6,Total CBN,0.25,227-2-К/26,11.09.2026,Farmahem,,covered
P050102,GP0824_01,Grape Pie,CoQ-PP_26-016,release,06.06.2026,7,Foreign Matter,Conforms | Одговара,iCoA-PP_26-015,03.06.2026,Purely Plant GmbH (in-house),yes,to be performed — see route
P050102,GP0824_01,Grape Pie,CoQ-PP_26-151,reissue — 12-month retest,21.09.2026,7,Foreign Matter,Conforms | Одговара,iCoA-PP_26-154,24.08.2026,Purely Plant GmbH (in-house),yes,covered
P050102,GP0824_01,Grape Pie,CoQ-PP_26-016,release,06.06.2026,8,Loss on Drying,6.73,ППК25105,17.04.2025,UKIM Faculty of Pharmacy — Center for Natural Products,,covered
P050102,GP0824_01,Grape Pie,CoQ-PP_26-151,reissue — 12-month retest,21.09.2026,8,Loss on Drying,6.73,ППК25105,17.04.2025,UKIM Faculty of Pharmacy — Center for Natural Products,,carried from the initial testing (the batch's initial CoQ (number assigned on issue)) — covered
P050102,GP0824_01,Grape Pie,CoQ-PP_26-016,release,06.06.2026,9.1,TAMC,4.2 × 10³,318/0585/25,14.04.2025,IPH — Institute of Public Health,,covered
P050102,GP0824_01,Grape Pie,CoQ-PP_26-151,reissue — 12-month retest,21.09.2026,9.1,TAMC,< 10,562/1093/26,01.09.2026,IPH — Institute of Public Health,,covered
P050102,GP0824_01,Grape Pie,CoQ-PP_26-016,release,06.06.2026,9.2,TYMC,6 × 10³,318/0585/25,14.04.2025,IPH — Institute of Public Health,,covered
P050102,GP0824_01,Grape Pie,CoQ-PP_26-151,reissue — 12-month retest,21.09.2026,9.2,TYMC,50,562/1093/26,01.09.2026,IPH — Institute of Public Health,,covered
P050102,GP0824_01,Grape Pie,CoQ-PP_26-016,release,06.06.2026,9.3,Bile-tolerant gram-neg.,< 10,318/0585/25,14.04.2025,IPH — Institute of Public Health,,covered
P050102,GP0824_01,Grape Pie,CoQ-PP_26-151,reissue — 12-month retest,21.09.2026,9.3,Bile-tolerant gram-neg.,< 10,562/1093/26,01.09.2026,IPH — Institute of Public Health,,covered
P050102,GP0824_01,Grape Pie,CoQ-PP_26-016,release,06.06.2026,9.4,Salmonella,Absent | Отсутна,318/0585/25,14.04.2025,IPH — Institute of Public Health,,covered
P050102,GP0824_01,Grape Pie,CoQ-PP_26-151,reissue — 12-month retest,21.09.2026,9.4,Salmonella,Absent | Отсутна,562/1093/26,01.09.2026,IPH — Institute of Public Health,,covered
P050102,GP0824_01,Grape Pie,CoQ-PP_26-016,release,06.06.2026,9.5,Escherichia coli,Absent | Отсутна,318/0585/25,14.04.2025,IPH — Institute of Public Health,,covered
P050102,GP0824_01,Grape Pie,CoQ-PP_26-151,reissue — 12-month retest,21.09.2026,9.5,Escherichia coli,Absent | Отсутна,562/1093/26,01.09.2026,IPH — Institute of Public Health,,covered
P050102,GP0824_01,Grape Pie,CoQ-PP_26-016,release,06.06.2026,9.6,Pseudomonas aeruginosa,upon request — not required for release,—,—,—,,upon request — not required for release
P050102,GP0824_01,Grape Pie,CoQ-PP_26-151,reissue — 12-month retest,21.09.2026,9.6,Pseudomonas aeruginosa,upon request — not required for release,—,—,—,,upon request — not required for release
P050102,GP0824_01,Grape Pie,CoQ-PP_26-016,release,06.06.2026,9.7,Staphylococcus aureus,upon request — not required for release,—,—,—,,upon request — not required for release
P050102,GP0824_01,Grape Pie,CoQ-PP_26-151,reissue — 12-month retest,21.09.2026,9.7,Staphylococcus aureus,upon request — not required for release,—,—,—,,upon request — not required for release
P050102,GP0824_01,Grape Pie,CoQ-PP_26-016,release,06.06.2026,10.1,Aflatoxin B₁,not tested,—,—,—,,not tested — no certificate covers it
P050102,GP0824_01,Grape Pie,CoQ-PP_26-151,reissue — 12-month retest,21.09.2026,10.1,Aflatoxin B₁,ND,227-2-М/26,16.09.2026,Farmahem,,covered
P050102,GP0824_01,Grape Pie,CoQ-PP_26-016,release,06.06.2026,10.2,Aflatoxins ∑,< 2,1767/2025,11.04.2025,IPH — Institute of Public Health,,covered
P050102,GP0824_01,Grape Pie,CoQ-PP_26-151,reissue — 12-month retest,21.09.2026,10.2,Aflatoxins ∑,ND,227-2-М/26,16.09.2026,Farmahem,,carried from the initial testing (the batch's initial CoQ (number assigned on issue)) — covered
P050102,GP0824_01,Grape Pie,CoQ-PP_26-016,release,06.06.2026,10.3,Ochratoxin A,not tested,—,—,—,,not tested — no certificate covers it
P050102,GP0824_01,Grape Pie,CoQ-PP_26-151,reissue — 12-month retest,21.09.2026,10.3,Ochratoxin A,ND,227-2-М/26,16.09.2026,Farmahem,,covered
P050102,GP0824_01,Grape Pie,CoQ-PP_26-016,release,06.06.2026,11.1,Lead (Pb),0.026,1767/2025,11.04.2025,IPH — Institute of Public Health,,covered
P050102,GP0824_01,Grape Pie,CoQ-PP_26-151,reissue — 12-month retest,21.09.2026,11.1,Lead (Pb),0.026,1767/2025,11.04.2025,IPH — Institute of Public Health,,carried from the initial testing (the batch's initial CoQ (number assigned on issue)) — covered
P050102,GP0824_01,Grape Pie,CoQ-PP_26-016,release,06.06.2026,11.2,Cadmium (Cd),0.005,1767/2025,11.04.2025,IPH — Institute of Public Health,,covered
P050102,GP0824_01,Grape Pie,CoQ-PP_26-151,reissue — 12-month retest,21.09.2026,11.2,Cadmium (Cd),0.005,1767/2025,11.04.2025,IPH — Institute of Public Health,,carried from the initial testing (the batch's initial CoQ (number assigned on issue)) — covered
P050102,GP0824_01,Grape Pie,CoQ-PP_26-016,release,06.06.2026,11.3,Arsenic (As),0.015,1767/2025,11.04.2025,IPH — Institute of Public Health,,covered
P050102,GP0824_01,Grape Pie,CoQ-PP_26-151,reissue — 12-month retest,21.09.2026,11.3,Arsenic (As),0.015,1767/2025,11.04.2025,IPH — Institute of Public Health,,carried from the initial testing (the batch's initial CoQ (number assigned on issue)) — covered
P050102,GP0824_01,Grape Pie,CoQ-PP_26-016,release,06.06.2026,11.4,Mercury (Hg),0.005,1767/2025,11.04.2025,IPH — Institute of Public Health,,covered
P050102,GP0824_01,Grape Pie,CoQ-PP_26-151,reissue — 12-month retest,21.09.2026,11.4,Mercury (Hg),0.005,1767/2025,11.04.2025,IPH — Institute of Public Health,,carried from the initial testing (the batch's initial CoQ (number assigned on issue)) — covered
P050102,GP0824_01,Grape Pie,CoQ-PP_26-016,release,06.06.2026,12,Pesticide Residues,ND,1767/2025,11.04.2025,IPH — Institute of Public Health,,covered
P050102,GP0824_01,Grape Pie,CoQ-PP_26-151,reissue — 12-month retest,21.09.2026,12,Pesticide Residues,ND,1767/2025,11.04.2025,IPH — Institute of Public Health,,carried from the initial testing (the batch's initial CoQ (number assigned on issue)) — covered
P050112,MB0824_05,Motor Breath,CoQ-PP_26-017,release,06.06.2026,1,"Identification A, Appearance · Macroscopic",Conforms | Одговара,iCoA-PP_26-016,03.06.2026,Purely Plant GmbH (in-house),yes,to be performed — see route
P050112,MB0824_05,Motor Breath,CoQ-PP_26-127,reissue — 12-month retest,18.09.2026,1,"Identification A, Appearance · Macroscopic",Conforms | Одговара,iCoA-PP_26-140,17.08.2026,Purely Plant GmbH (in-house),yes,covered
P050112,MB0824_05,Motor Breath,CoQ-PP_26-017,release,06.06.2026,2,Identification B · Microscopic,Conforms | Одговара,iCoA-PP_26-016,03.06.2026,Purely Plant GmbH (in-house),yes,to be performed — see route
P050112,MB0824_05,Motor Breath,CoQ-PP_26-127,reissue — 12-month retest,18.09.2026,2,Identification B · Microscopic,Conforms | Одговара,iCoA-PP_26-140,17.08.2026,Purely Plant GmbH (in-house),yes,covered
P050112,MB0824_05,Motor Breath,CoQ-PP_26-017,release,06.06.2026,3,Identification C · HPLC/HPTLC,Conforms | Одговара,ППК25211,28.07.2025,UKIM Faculty of Pharmacy — Center for Natural Products,,covered
P050112,MB0824_05,Motor Breath,CoQ-PP_26-127,reissue — 12-month retest,18.09.2026,3,Identification C · HPLC/HPTLC,Conforms | Одговара,220-20-К/26,26.08.2026,Farmahem,,covered
P050112,MB0824_05,Motor Breath,CoQ-PP_26-017,release,06.06.2026,4,Assay — Total Δ⁹-THC,16.82,ППК25211,28.07.2025,UKIM Faculty of Pharmacy — Center for Natural Products,,covered
P050112,MB0824_05,Motor Breath,CoQ-PP_26-127,reissue — 12-month retest,18.09.2026,4,Assay — Total Δ⁹-THC,17.93,220-20-К/26,26.08.2026,Farmahem,,covered
P050112,MB0824_05,Motor Breath,CoQ-PP_26-017,release,06.06.2026,5,Assay — Total CBD,0.06,ППК25211,28.07.2025,UKIM Faculty of Pharmacy — Center for Natural Products,,covered
P050112,MB0824_05,Motor Breath,CoQ-PP_26-127,reissue — 12-month retest,18.09.2026,5,Assay — Total CBD,< LOQ,220-20-К/26,26.08.2026,Farmahem,,covered
P050112,MB0824_05,Motor Breath,CoQ-PP_26-017,release,06.06.2026,6,Total CBN,0.02 ᴰ,ППК25211,28.07.2025,CNP,,covered
P050112,MB0824_05,Motor Breath,CoQ-PP_26-127,reissue — 12-month retest,18.09.2026,6,Total CBN,< LOQ,220-20-К/26,26.08.2026,Farmahem,,covered
P050112,MB0824_05,Motor Breath,CoQ-PP_26-017,release,06.06.2026,7,Foreign Matter,Conforms | Одговара,iCoA-PP_26-016,03.06.2026,Purely Plant GmbH (in-house),yes,to be performed — see route
P050112,MB0824_05,Motor Breath,CoQ-PP_26-127,reissue — 12-month retest,18.09.2026,7,Foreign Matter,Conforms | Одговара,iCoA-PP_26-140,17.08.2026,Purely Plant GmbH (in-house),yes,covered
P050112,MB0824_05,Motor Breath,CoQ-PP_26-017,release,06.06.2026,8,Loss on Drying,6.56,ППК25211,28.07.2025,UKIM Faculty of Pharmacy — Center for Natural Products,,covered
P050112,MB0824_05,Motor Breath,CoQ-PP_26-127,reissue — 12-month retest,18.09.2026,8,Loss on Drying,6.56,ППК25211,28.07.2025,UKIM Faculty of Pharmacy — Center for Natural Products,,carried from the initial testing (CoQ-PP-2025-0013) — covered
P050112,MB0824_05,Motor Breath,CoQ-PP_26-017,release,06.06.2026,9.1,TAMC,3.5 × 10³,767/1376/25,29.07.2025,IPH — Institute of Public Health,,covered
P050112,MB0824_05,Motor Breath,CoQ-PP_26-127,reissue — 12-month retest,18.09.2026,9.1,TAMC,3.5 × 10³,767/1376/25,29.07.2025,IPH — Institute of Public Health,,carried from the initial testing (CoQ-PP-2025-0013) — covered
P050112,MB0824_05,Motor Breath,CoQ-PP_26-017,release,06.06.2026,9.2,TYMC,1 × 10³,767/1376/25,29.07.2025,IPH — Institute of Public Health,,covered
P050112,MB0824_05,Motor Breath,CoQ-PP_26-127,reissue — 12-month retest,18.09.2026,9.2,TYMC,1 × 10³,767/1376/25,29.07.2025,IPH — Institute of Public Health,,carried from the initial testing (CoQ-PP-2025-0013) — covered
P050112,MB0824_05,Motor Breath,CoQ-PP_26-017,release,06.06.2026,9.3,Bile-tolerant gram-neg.,< 10,767/1376/25,29.07.2025,IPH — Institute of Public Health,,covered
P050112,MB0824_05,Motor Breath,CoQ-PP_26-127,reissue — 12-month retest,18.09.2026,9.3,Bile-tolerant gram-neg.,< 10,767/1376/25,29.07.2025,IPH — Institute of Public Health,,carried from the initial testing (CoQ-PP-2025-0013) — covered
P050112,MB0824_05,Motor Breath,CoQ-PP_26-017,release,06.06.2026,9.4,Salmonella,Absent | Отсутна,767/1376/25,29.07.2025,IPH — Institute of Public Health,,covered
P050112,MB0824_05,Motor Breath,CoQ-PP_26-127,reissue — 12-month retest,18.09.2026,9.4,Salmonella,Absent | Отсутна,767/1376/25,29.07.2025,IPH — Institute of Public Health,,carried from the initial testing (CoQ-PP-2025-0013) — covered
P050112,MB0824_05,Motor Breath,CoQ-PP_26-017,release,06.06.2026,9.5,Escherichia coli,Absent | Отсутна,767/1376/25,29.07.2025,IPH — Institute of Public Health,,covered
P050112,MB0824_05,Motor Breath,CoQ-PP_26-127,reissue — 12-month retest,18.09.2026,9.5,Escherichia coli,Absent | Отсутна,767/1376/25,29.07.2025,IPH — Institute of Public Health,,carried from the initial testing (CoQ-PP-2025-0013) — covered
P050112,MB0824_05,Motor Breath,CoQ-PP_26-017,release,06.06.2026,9.6,Pseudomonas aeruginosa,upon request — not required for release,—,—,—,,upon request — not required for release
P050112,MB0824_05,Motor Breath,CoQ-PP_26-127,reissue — 12-month retest,18.09.2026,9.6,Pseudomonas aeruginosa,upon request — not required for release,—,—,—,,upon request — not required for release
P050112,MB0824_05,Motor Breath,CoQ-PP_26-017,release,06.06.2026,9.7,Staphylococcus aureus,upon request — not required for release,—,—,—,,upon request — not required for release
P050112,MB0824_05,Motor Breath,CoQ-PP_26-127,reissue — 12-month retest,18.09.2026,9.7,Staphylococcus aureus,upon request — not required for release,—,—,—,,upon request — not required for release
P050112,MB0824_05,Motor Breath,CoQ-PP_26-017,release,06.06.2026,10.1,Aflatoxin B₁,not tested,—,—,—,,not tested — no certificate covers it
P050112,MB0824_05,Motor Breath,CoQ-PP_26-127,reissue — 12-month retest,18.09.2026,10.1,Aflatoxin B₁,ND,220-20-М/26,11.09.2026,Farmahem,,covered
P050112,MB0824_05,Motor Breath,CoQ-PP_26-017,release,06.06.2026,10.2,Aflatoxins ∑,2,3638/2025,28.07.2025,IPH — Institute of Public Health,,covered
P050112,MB0824_05,Motor Breath,CoQ-PP_26-127,reissue — 12-month retest,18.09.2026,10.2,Aflatoxins ∑,ND,220-20-М/26,11.09.2026,Farmahem,,covered
P050112,MB0824_05,Motor Breath,CoQ-PP_26-017,release,06.06.2026,10.3,Ochratoxin A,not tested,—,—,—,,not tested — no certificate covers it
P050112,MB0824_05,Motor Breath,CoQ-PP_26-127,reissue — 12-month retest,18.09.2026,10.3,Ochratoxin A,ND,220-20-М/26,11.09.2026,Farmahem,,covered
P050112,MB0824_05,Motor Breath,CoQ-PP_26-017,release,06.06.2026,11.1,Lead (Pb),ND,3638/2025,28.07.2025,IPH — Institute of Public Health,,covered
P050112,MB0824_05,Motor Breath,CoQ-PP_26-127,reissue — 12-month retest,18.09.2026,11.1,Lead (Pb),ND,3638/2025,28.07.2025,IPH — Institute of Public Health,,carried from the initial testing (CoQ-PP-2025-0013) — covered
P050112,MB0824_05,Motor Breath,CoQ-PP_26-017,release,06.06.2026,11.2,Cadmium (Cd),ND,3638/2025,28.07.2025,IPH — Institute of Public Health,,covered
P050112,MB0824_05,Motor Breath,CoQ-PP_26-127,reissue — 12-month retest,18.09.2026,11.2,Cadmium (Cd),ND,3638/2025,28.07.2025,IPH — Institute of Public Health,,carried from the initial testing (CoQ-PP-2025-0013) — covered
P050112,MB0824_05,Motor Breath,CoQ-PP_26-017,release,06.06.2026,11.3,Arsenic (As),0.086,3638/2025,28.07.2025,IPH — Institute of Public Health,,covered
P050112,MB0824_05,Motor Breath,CoQ-PP_26-127,reissue — 12-month retest,18.09.2026,11.3,Arsenic (As),0.086,3638/2025,28.07.2025,IPH — Institute of Public Health,,carried from the initial testing (CoQ-PP-2025-0013) — covered
P050112,MB0824_05,Motor Breath,CoQ-PP_26-017,release,06.06.2026,11.4,Mercury (Hg),0.006,3638/2025,28.07.2025,IPH — Institute of Public Health,,covered
P050112,MB0824_05,Motor Breath,CoQ-PP_26-127,reissue — 12-month retest,18.09.2026,11.4,Mercury (Hg),0.006,3638/2025,28.07.2025,IPH — Institute of Public Health,,carried from the initial testing (CoQ-PP-2025-0013) — covered
P050112,MB0824_05,Motor Breath,CoQ-PP_26-017,release,06.06.2026,12,Pesticide Residues,ND,3638/2025,28.07.2025,IPH — Institute of Public Health,,covered
P050112,MB0824_05,Motor Breath,CoQ-PP_26-127,reissue — 12-month retest,18.09.2026,12,Pesticide Residues,ND,3638/2025,28.07.2025,IPH — Institute of Public Health,,carried from the initial testing (CoQ-PP-2025-0013) — covered
P050122,BSS1024_01,Blue Sunset Sherbet,CoQ-PP_26-018,release,06.06.2026,1,"Identification A, Appearance · Macroscopic",Conforms | Одговара,iCoA-PP_26-087,03.06.2026,Purely Plant GmbH (in-house),yes,to be performed — see route
P050122,BSS1024_01,Blue Sunset Sherbet,CoQ-PP_26-137,reissue — 12-month retest,21.09.2026,1,"Identification A, Appearance · Macroscopic",Conforms | Одговара,iCoA-PP_26-174,24.08.2026,Purely Plant GmbH (in-house),yes,covered
P050122,BSS1024_01,Blue Sunset Sherbet,CoQ-PP_26-018,release,06.06.2026,2,Identification B · Microscopic,Conforms | Одговара,iCoA-PP_26-087,03.06.2026,Purely Plant GmbH (in-house),yes,to be performed — see route
P050122,BSS1024_01,Blue Sunset Sherbet,CoQ-PP_26-137,reissue — 12-month retest,21.09.2026,2,Identification B · Microscopic,Conforms | Одговара,iCoA-PP_26-174,24.08.2026,Purely Plant GmbH (in-house),yes,to be performed — see route
P050122,BSS1024_01,Blue Sunset Sherbet,CoQ-PP_26-018,release,06.06.2026,3,Identification C · HPLC/HPTLC,Conforms | Одговара,ППК25176,10.07.2025,UKIM Faculty of Pharmacy — Center for Natural Products,,covered
P050122,BSS1024_01,Blue Sunset Sherbet,CoQ-PP_26-137,reissue — 12-month retest,21.09.2026,3,Identification C · HPLC/HPTLC,Conforms | Одговара,227-29-К/26,11.09.2026,Farmahem,,covered
P050122,BSS1024_01,Blue Sunset Sherbet,CoQ-PP_26-018,release,06.06.2026,4,Assay — Total Δ⁹-THC,23.42,ППК25176,10.07.2025,UKIM Faculty of Pharmacy — Center for Natural Products,,covered
P050122,BSS1024_01,Blue Sunset Sherbet,CoQ-PP_26-137,reissue — 12-month retest,21.09.2026,4,Assay — Total Δ⁹-THC,26.10,227-29-К/26,11.09.2026,Farmahem,,covered
P050122,BSS1024_01,Blue Sunset Sherbet,CoQ-PP_26-018,release,06.06.2026,5,Assay — Total CBD,0.06,ППК25176,10.07.2025,UKIM Faculty of Pharmacy — Center for Natural Products,,covered
P050122,BSS1024_01,Blue Sunset Sherbet,CoQ-PP_26-137,reissue — 12-month retest,21.09.2026,5,Assay — Total CBD,< LOQ,227-29-К/26,11.09.2026,Farmahem,,covered
P050122,BSS1024_01,Blue Sunset Sherbet,CoQ-PP_26-018,release,06.06.2026,6,Total CBN,not tested,—,—,—,,not tested — no certificate covers it
P050122,BSS1024_01,Blue Sunset Sherbet,CoQ-PP_26-137,reissue — 12-month retest,21.09.2026,6,Total CBN,0.20,227-29-К/26,11.09.2026,Farmahem,,covered
P050122,BSS1024_01,Blue Sunset Sherbet,CoQ-PP_26-018,release,06.06.2026,7,Foreign Matter,Conforms | Одговара,iCoA-PP_26-087,03.06.2026,Purely Plant GmbH (in-house),yes,to be performed — see route
P050122,BSS1024_01,Blue Sunset Sherbet,CoQ-PP_26-137,reissue — 12-month retest,21.09.2026,7,Foreign Matter,Conforms | Одговара,iCoA-PP_26-174,24.08.2026,Purely Plant GmbH (in-house),yes,covered
P050122,BSS1024_01,Blue Sunset Sherbet,CoQ-PP_26-018,release,06.06.2026,8,Loss on Drying,6.38,ППК25176,10.07.2025,UKIM Faculty of Pharmacy — Center for Natural Products,,covered
P050122,BSS1024_01,Blue Sunset Sherbet,CoQ-PP_26-137,reissue — 12-month retest,21.09.2026,8,Loss on Drying,6.38,ППК25176,10.07.2025,UKIM Faculty of Pharmacy — Center for Natural Products,,carried from the initial testing (the batch's initial CoQ (number assigned on issue)) — covered
P050122,BSS1024_01,Blue Sunset Sherbet,CoQ-PP_26-018,release,06.06.2026,9.1,TAMC,< 10,626/1127/25,02.07.2025,IPH — Institute of Public Health,,covered
P050122,BSS1024_01,Blue Sunset Sherbet,CoQ-PP_26-137,reissue — 12-month retest,21.09.2026,9.1,TAMC,10,561/1092/26,01.09.2026,IPH — Institute of Public Health,,covered
P050122,BSS1024_01,Blue Sunset Sherbet,CoQ-PP_26-018,release,06.06.2026,9.2,TYMC,< 10,626/1127/25,02.07.2025,IPH — Institute of Public Health,,covered
P050122,BSS1024_01,Blue Sunset Sherbet,CoQ-PP_26-137,reissue — 12-month retest,21.09.2026,9.2,TYMC,20,561/1092/26,01.09.2026,IPH — Institute of Public Health,,covered
P050122,BSS1024_01,Blue Sunset Sherbet,CoQ-PP_26-018,release,06.06.2026,9.3,Bile-tolerant gram-neg.,< 10,626/1127/25,02.07.2025,IPH — Institute of Public Health,,covered
P050122,BSS1024_01,Blue Sunset Sherbet,CoQ-PP_26-137,reissue — 12-month retest,21.09.2026,9.3,Bile-tolerant gram-neg.,< 10,561/1092/26,01.09.2026,IPH — Institute of Public Health,,covered
P050122,BSS1024_01,Blue Sunset Sherbet,CoQ-PP_26-018,release,06.06.2026,9.4,Salmonella,Absent | Отсутна,626/1127/25,02.07.2025,IPH — Institute of Public Health,,covered
P050122,BSS1024_01,Blue Sunset Sherbet,CoQ-PP_26-137,reissue — 12-month retest,21.09.2026,9.4,Salmonella,Absent | Отсутна,561/1092/26,01.09.2026,IPH — Institute of Public Health,,covered
P050122,BSS1024_01,Blue Sunset Sherbet,CoQ-PP_26-018,release,06.06.2026,9.5,Escherichia coli,Absent | Отсутна,626/1127/25,02.07.2025,IPH — Institute of Public Health,,covered
P050122,BSS1024_01,Blue Sunset Sherbet,CoQ-PP_26-137,reissue — 12-month retest,21.09.2026,9.5,Escherichia coli,Absent | Отсутна,561/1092/26,01.09.2026,IPH — Institute of Public Health,,covered
P050122,BSS1024_01,Blue Sunset Sherbet,CoQ-PP_26-018,release,06.06.2026,9.6,Pseudomonas aeruginosa,upon request — not required for release,—,—,—,,upon request — not required for release
P050122,BSS1024_01,Blue Sunset Sherbet,CoQ-PP_26-137,reissue — 12-month retest,21.09.2026,9.6,Pseudomonas aeruginosa,upon request — not required for release,—,—,—,,upon request — not required for release
P050122,BSS1024_01,Blue Sunset Sherbet,CoQ-PP_26-018,release,06.06.2026,9.7,Staphylococcus aureus,upon request — not required for release,—,—,—,,upon request — not required for release
P050122,BSS1024_01,Blue Sunset Sherbet,CoQ-PP_26-137,reissue — 12-month retest,21.09.2026,9.7,Staphylococcus aureus,upon request — not required for release,—,—,—,,upon request — not required for release
P050122,BSS1024_01,Blue Sunset Sherbet,CoQ-PP_26-018,release,06.06.2026,10.1,Aflatoxin B₁,not tested,—,—,—,,not tested — no certificate covers it
P050122,BSS1024_01,Blue Sunset Sherbet,CoQ-PP_26-137,reissue — 12-month retest,21.09.2026,10.1,Aflatoxin B₁,ND,227-29-М/26,16.09.2026,Farmahem,,covered
P050122,BSS1024_01,Blue Sunset Sherbet,CoQ-PP_26-018,release,06.06.2026,10.2,Aflatoxins ∑,< 2,3177/2025,26.06.2025,IPH — Institute of Public Health,,covered
P050122,BSS1024_01,Blue Sunset Sherbet,CoQ-PP_26-137,reissue — 12-month retest,21.09.2026,10.2,Aflatoxins ∑,ND,227-29-М/26,16.09.2026,Farmahem,,carried from the initial testing (the batch's initial CoQ (number assigned on issue)) — covered
P050122,BSS1024_01,Blue Sunset Sherbet,CoQ-PP_26-018,release,06.06.2026,10.3,Ochratoxin A,not tested,—,—,—,,not tested — no certificate covers it
P050122,BSS1024_01,Blue Sunset Sherbet,CoQ-PP_26-137,reissue — 12-month retest,21.09.2026,10.3,Ochratoxin A,ND,227-29-М/26,16.09.2026,Farmahem,,covered
P050122,BSS1024_01,Blue Sunset Sherbet,CoQ-PP_26-018,release,06.06.2026,11.1,Lead (Pb),ND,3177/2025,26.06.2025,IPH — Institute of Public Health,,covered
P050122,BSS1024_01,Blue Sunset Sherbet,CoQ-PP_26-137,reissue — 12-month retest,21.09.2026,11.1,Lead (Pb),ND,3177/2025,26.06.2025,IPH — Institute of Public Health,,carried from the initial testing (the batch's initial CoQ (number assigned on issue)) — covered
P050122,BSS1024_01,Blue Sunset Sherbet,CoQ-PP_26-018,release,06.06.2026,11.2,Cadmium (Cd),ND,3177/2025,26.06.2025,IPH — Institute of Public Health,,covered
P050122,BSS1024_01,Blue Sunset Sherbet,CoQ-PP_26-137,reissue — 12-month retest,21.09.2026,11.2,Cadmium (Cd),ND,3177/2025,26.06.2025,IPH — Institute of Public Health,,carried from the initial testing (the batch's initial CoQ (number assigned on issue)) — covered
P050122,BSS1024_01,Blue Sunset Sherbet,CoQ-PP_26-018,release,06.06.2026,11.3,Arsenic (As),0.112,3177/2025,26.06.2025,IPH — Institute of Public Health,,covered
P050122,BSS1024_01,Blue Sunset Sherbet,CoQ-PP_26-137,reissue — 12-month retest,21.09.2026,11.3,Arsenic (As),0.112,3177/2025,26.06.2025,IPH — Institute of Public Health,,carried from the initial testing (the batch's initial CoQ (number assigned on issue)) — covered
P050122,BSS1024_01,Blue Sunset Sherbet,CoQ-PP_26-018,release,06.06.2026,11.4,Mercury (Hg),ND,3177/2025,26.06.2025,IPH — Institute of Public Health,,covered
P050122,BSS1024_01,Blue Sunset Sherbet,CoQ-PP_26-137,reissue — 12-month retest,21.09.2026,11.4,Mercury (Hg),ND,3177/2025,26.06.2025,IPH — Institute of Public Health,,carried from the initial testing (the batch's initial CoQ (number assigned on issue)) — covered
P050122,BSS1024_01,Blue Sunset Sherbet,CoQ-PP_26-018,release,06.06.2026,12,Pesticide Residues,ND,3177/2025,26.06.2025,IPH — Institute of Public Health,,covered
P050122,BSS1024_01,Blue Sunset Sherbet,CoQ-PP_26-137,reissue — 12-month retest,21.09.2026,12,Pesticide Residues,ND,3177/2025,26.06.2025,IPH — Institute of Public Health,,carried from the initial testing (the batch's initial CoQ (number assigned on issue)) — covered
P050132,OPM052501,Orange Punch Mimosa,CoQ-PP_26-019,release,06.06.2026,1,"Identification A, Appearance · Macroscopic",Conforms | Одговара,iCoA-PP_26-017,03.06.2026,Purely Plant GmbH (in-house),yes,to be performed — see route
P050132,OPM052501,Orange Punch Mimosa,CoQ-PP_26-157,reissue — 12-month retest,21.09.2026,1,"Identification A, Appearance · Macroscopic",Conforms | Одговара,iCoA-PP_26-172,24.08.2026,Purely Plant GmbH (in-house),yes,covered
P050132,OPM052501,Orange Punch Mimosa,CoQ-PP_26-019,release,06.06.2026,2,Identification B · Microscopic,Conforms | Одговара,iCoA-PP_26-017,03.06.2026,Purely Plant GmbH (in-house),yes,to be performed — see route
P050132,OPM052501,Orange Punch Mimosa,CoQ-PP_26-157,reissue — 12-month retest,21.09.2026,2,Identification B · Microscopic,Conforms | Одговара,iCoA-PP_26-172,24.08.2026,Purely Plant GmbH (in-house),yes,to be performed — see route
P050132,OPM052501,Orange Punch Mimosa,CoQ-PP_26-019,release,06.06.2026,3,Identification C · HPLC/HPTLC,Conforms | Одговара,ППК25257,05.09.2025,UKIM Faculty of Pharmacy — Center for Natural Products,,covered
P050132,OPM052501,Orange Punch Mimosa,CoQ-PP_26-157,reissue — 12-month retest,21.09.2026,3,Identification C · HPLC/HPTLC,Conforms | Одговара,227-11-К/26,11.09.2026,Farmahem,,covered
P050132,OPM052501,Orange Punch Mimosa,CoQ-PP_26-019,release,06.06.2026,4,Assay — Total Δ⁹-THC,14.16,ППК25257,05.09.2025,UKIM Faculty of Pharmacy — Center for Natural Products,,covered
P050132,OPM052501,Orange Punch Mimosa,CoQ-PP_26-157,reissue — 12-month retest,21.09.2026,4,Assay — Total Δ⁹-THC,17.83,227-11-К/26,11.09.2026,Farmahem,,covered
P050132,OPM052501,Orange Punch Mimosa,CoQ-PP_26-019,release,06.06.2026,5,Assay — Total CBD,0.04,ППК25257,05.09.2025,UKIM Faculty of Pharmacy — Center for Natural Products,,covered
P050132,OPM052501,Orange Punch Mimosa,CoQ-PP_26-157,reissue — 12-month retest,21.09.2026,5,Assay — Total CBD,< LOQ,227-11-К/26,11.09.2026,Farmahem,,covered
P050132,OPM052501,Orange Punch Mimosa,CoQ-PP_26-019,release,06.06.2026,6,Total CBN,not tested,—,—,—,,not tested — no certificate covers it
P050132,OPM052501,Orange Punch Mimosa,CoQ-PP_26-157,reissue — 12-month retest,21.09.2026,6,Total CBN,< LOQ,227-11-К/26,11.09.2026,Farmahem,,covered
P050132,OPM052501,Orange Punch Mimosa,CoQ-PP_26-019,release,06.06.2026,7,Foreign Matter,Conforms | Одговара,iCoA-PP_26-017,03.06.2026,Purely Plant GmbH (in-house),yes,to be performed — see route
P050132,OPM052501,Orange Punch Mimosa,CoQ-PP_26-157,reissue — 12-month retest,21.09.2026,7,Foreign Matter,Conforms | Одговара,iCoA-PP_26-172,24.08.2026,Purely Plant GmbH (in-house),yes,covered
P050132,OPM052501,Orange Punch Mimosa,CoQ-PP_26-019,release,06.06.2026,8,Loss on Drying,8.28,ППК25257,05.09.2025,UKIM Faculty of Pharmacy — Center for Natural Products,,covered
P050132,OPM052501,Orange Punch Mimosa,CoQ-PP_26-157,reissue — 12-month retest,21.09.2026,8,Loss on Drying,8.28,ППК25257,05.09.2025,UKIM Faculty of Pharmacy — Center for Natural Products,,carried from the initial testing (the batch's initial CoQ (number assigned on issue)) — covered
P050132,OPM052501,Orange Punch Mimosa,CoQ-PP_26-019,release,06.06.2026,9.1,TAMC,1.2 × 10⁴,904/1589/25,02.09.2025,IPH — Institute of Public Health,,covered
P050132,OPM052501,Orange Punch Mimosa,CoQ-PP_26-157,reissue — 12-month retest,21.09.2026,9.1,TAMC,< 10,560/1091/26,01.09.2026,IPH — Institute of Public Health,,covered
P050132,OPM052501,Orange Punch Mimosa,CoQ-PP_26-019,release,06.06.2026,9.2,TYMC,3.3 × 10⁴,904/1589/25,02.09.2025,IPH — Institute of Public Health,,OUT OF SPECIFICATION
P050132,OPM052501,Orange Punch Mimosa,CoQ-PP_26-157,reissue — 12-month retest,21.09.2026,9.2,TYMC,< 10,560/1091/26,01.09.2026,IPH — Institute of Public Health,,covered
P050132,OPM052501,Orange Punch Mimosa,CoQ-PP_26-019,release,06.06.2026,9.3,Bile-tolerant gram-neg.,< 10,904/1589/25,02.09.2025,IPH — Institute of Public Health,,covered
P050132,OPM052501,Orange Punch Mimosa,CoQ-PP_26-157,reissue — 12-month retest,21.09.2026,9.3,Bile-tolerant gram-neg.,< 10,560/1091/26,01.09.2026,IPH — Institute of Public Health,,covered
P050132,OPM052501,Orange Punch Mimosa,CoQ-PP_26-019,release,06.06.2026,9.4,Salmonella,Absent | Отсутна,904/1589/25,02.09.2025,IPH — Institute of Public Health,,covered
P050132,OPM052501,Orange Punch Mimosa,CoQ-PP_26-157,reissue — 12-month retest,21.09.2026,9.4,Salmonella,Absent | Отсутна,560/1091/26,01.09.2026,IPH — Institute of Public Health,,covered
P050132,OPM052501,Orange Punch Mimosa,CoQ-PP_26-019,release,06.06.2026,9.5,Escherichia coli,Absent | Отсутна,904/1589/25,02.09.2025,IPH — Institute of Public Health,,covered
P050132,OPM052501,Orange Punch Mimosa,CoQ-PP_26-157,reissue — 12-month retest,21.09.2026,9.5,Escherichia coli,Absent | Отсутна,560/1091/26,01.09.2026,IPH — Institute of Public Health,,covered
P050132,OPM052501,Orange Punch Mimosa,CoQ-PP_26-019,release,06.06.2026,9.6,Pseudomonas aeruginosa,upon request — not required for release,—,—,—,,upon request — not required for release
P050132,OPM052501,Orange Punch Mimosa,CoQ-PP_26-157,reissue — 12-month retest,21.09.2026,9.6,Pseudomonas aeruginosa,upon request — not required for release,—,—,—,,upon request — not required for release
P050132,OPM052501,Orange Punch Mimosa,CoQ-PP_26-019,release,06.06.2026,9.7,Staphylococcus aureus,upon request — not required for release,—,—,—,,upon request — not required for release
P050132,OPM052501,Orange Punch Mimosa,CoQ-PP_26-157,reissue — 12-month retest,21.09.2026,9.7,Staphylococcus aureus,upon request — not required for release,—,—,—,,upon request — not required for release
P050132,OPM052501,Orange Punch Mimosa,CoQ-PP_26-019,release,06.06.2026,10.1,Aflatoxin B₁,not tested,—,—,—,,not tested — no certificate covers it
P050132,OPM052501,Orange Punch Mimosa,CoQ-PP_26-157,reissue — 12-month retest,21.09.2026,10.1,Aflatoxin B₁,ND,227-11-М/26,16.09.2026,Farmahem,,covered
P050132,OPM052501,Orange Punch Mimosa,CoQ-PP_26-019,release,06.06.2026,10.2,Aflatoxins ∑,2.1,4157/2025,29.08.2025,IPH — Institute of Public Health,,covered
P050132,OPM052501,Orange Punch Mimosa,CoQ-PP_26-157,reissue — 12-month retest,21.09.2026,10.2,Aflatoxins ∑,ND,227-11-М/26,16.09.2026,Farmahem,,carried from the initial testing (the batch's initial CoQ (number assigned on issue)) — covered
P050132,OPM052501,Orange Punch Mimosa,CoQ-PP_26-019,release,06.06.2026,10.3,Ochratoxin A,not tested,—,—,—,,not tested — no certificate covers it
P050132,OPM052501,Orange Punch Mimosa,CoQ-PP_26-157,reissue — 12-month retest,21.09.2026,10.3,Ochratoxin A,ND,227-11-М/26,16.09.2026,Farmahem,,covered
P050132,OPM052501,Orange Punch Mimosa,CoQ-PP_26-019,release,06.06.2026,11.1,Lead (Pb),ND,4157/2025,29.08.2025,IPH — Institute of Public Health,,covered
P050132,OPM052501,Orange Punch Mimosa,CoQ-PP_26-157,reissue — 12-month retest,21.09.2026,11.1,Lead (Pb),ND,4157/2025,29.08.2025,IPH — Institute of Public Health,,carried from the initial testing (the batch's initial CoQ (number assigned on issue)) — covered
P050132,OPM052501,Orange Punch Mimosa,CoQ-PP_26-019,release,06.06.2026,11.2,Cadmium (Cd),ND,4157/2025,29.08.2025,IPH — Institute of Public Health,,covered
P050132,OPM052501,Orange Punch Mimosa,CoQ-PP_26-157,reissue — 12-month retest,21.09.2026,11.2,Cadmium (Cd),ND,4157/2025,29.08.2025,IPH — Institute of Public Health,,carried from the initial testing (the batch's initial CoQ (number assigned on issue)) — covered
P050132,OPM052501,Orange Punch Mimosa,CoQ-PP_26-019,release,06.06.2026,11.3,Arsenic (As),ND,4157/2025,29.08.2025,IPH — Institute of Public Health,,covered
P050132,OPM052501,Orange Punch Mimosa,CoQ-PP_26-157,reissue — 12-month retest,21.09.2026,11.3,Arsenic (As),ND,4157/2025,29.08.2025,IPH — Institute of Public Health,,carried from the initial testing (the batch's initial CoQ (number assigned on issue)) — covered
P050132,OPM052501,Orange Punch Mimosa,CoQ-PP_26-019,release,06.06.2026,11.4,Mercury (Hg),ND,4157/2025,29.08.2025,IPH — Institute of Public Health,,covered
P050132,OPM052501,Orange Punch Mimosa,CoQ-PP_26-157,reissue — 12-month retest,21.09.2026,11.4,Mercury (Hg),ND,4157/2025,29.08.2025,IPH — Institute of Public Health,,carried from the initial testing (the batch's initial CoQ (number assigned on issue)) — covered
P050132,OPM052501,Orange Punch Mimosa,CoQ-PP_26-019,release,06.06.2026,12,Pesticide Residues,ND,4157/2025,29.08.2025,IPH — Institute of Public Health,,covered
P050132,OPM052501,Orange Punch Mimosa,CoQ-PP_26-157,reissue — 12-month retest,21.09.2026,12,Pesticide Residues,ND,4157/2025,29.08.2025,IPH — Institute of Public Health,,carried from the initial testing (the batch's initial CoQ (number assigned on issue)) — covered
P050152,GP052501,Grape Pie,CoQ-PP_26-020,release,06.06.2026,1,"Identification A, Appearance · Macroscopic",Conforms | Одговара,iCoA-PP_26-018,03.06.2026,Purely Plant GmbH (in-house),yes,to be performed — see route
P050152,GP052501,Grape Pie,CoQ-PP_26-094,reissue — 12-month retest,17.08.2026,1,"Identification A, Appearance · Macroscopic",Conforms | Одговара,iCoA-PP_26-105,27.07.2026,Purely Plant GmbH (in-house),yes,covered
P050152,GP052501,Grape Pie,CoQ-PP_26-020,release,06.06.2026,2,Identification B · Microscopic,Conforms | Одговара,iCoA-PP_26-018,03.06.2026,Purely Plant GmbH (in-house),yes,to be performed — see route
P050152,GP052501,Grape Pie,CoQ-PP_26-094,reissue — 12-month retest,17.08.2026,2,Identification B · Microscopic,Conforms | Одговара,iCoA-PP_26-105,27.07.2026,Purely Plant GmbH (in-house),yes,covered
P050152,GP052501,Grape Pie,CoQ-PP_26-020,release,06.06.2026,3,Identification C · HPLC/HPTLC,Conforms | Одговара,ППК25279,19.09.2025,UKIM Faculty of Pharmacy — Center for Natural Products,,covered
P050152,GP052501,Grape Pie,CoQ-PP_26-094,reissue — 12-month retest,17.08.2026,3,Identification C · HPLC/HPTLC,Conforms | Одговара,197-10-К/26,07.08.2026,Farmahem,,covered
P050152,GP052501,Grape Pie,CoQ-PP_26-020,release,06.06.2026,4,Assay — Total Δ⁹-THC,18.98,ППК25279,19.09.2025,UKIM Faculty of Pharmacy — Center for Natural Products,,covered
P050152,GP052501,Grape Pie,CoQ-PP_26-094,reissue — 12-month retest,17.08.2026,4,Assay — Total Δ⁹-THC,18.52,197-10-К/26,07.08.2026,Farmahem,,covered
P050152,GP052501,Grape Pie,CoQ-PP_26-020,release,06.06.2026,5,Assay — Total CBD,0.08,ППК25279,19.09.2025,UKIM Faculty of Pharmacy — Center for Natural Products,,covered
P050152,GP052501,Grape Pie,CoQ-PP_26-094,reissue — 12-month retest,17.08.2026,5,Assay — Total CBD,< LOQ,197-10-К/26,07.08.2026,Farmahem,,covered
P050152,GP052501,Grape Pie,CoQ-PP_26-020,release,06.06.2026,6,Total CBN,0.03 ᴰ,ППК25279,19.09.2025,CNP,,covered
P050152,GP052501,Grape Pie,CoQ-PP_26-094,reissue — 12-month retest,17.08.2026,6,Total CBN,< LOQ,197-10-К/26,07.08.2026,Farmahem,,covered
P050152,GP052501,Grape Pie,CoQ-PP_26-020,release,06.06.2026,7,Foreign Matter,Conforms | Одговара,iCoA-PP_26-018,03.06.2026,Purely Plant GmbH (in-house),yes,to be performed — see route
P050152,GP052501,Grape Pie,CoQ-PP_26-094,reissue — 12-month retest,17.08.2026,7,Foreign Matter,Conforms | Одговара,iCoA-PP_26-105,27.07.2026,Purely Plant GmbH (in-house),yes,covered
P050152,GP052501,Grape Pie,CoQ-PP_26-020,release,06.06.2026,8,Loss on Drying,7.30,ППК25279,19.09.2025,UKIM Faculty of Pharmacy — Center for Natural Products,,covered
P050152,GP052501,Grape Pie,CoQ-PP_26-094,reissue — 12-month retest,17.08.2026,8,Loss on Drying,7.30,ППК25279,19.09.2025,UKIM Faculty of Pharmacy — Center for Natural Products,,carried from the initial testing (CoQ-PP-2025-0014) — covered
P050152,GP052501,Grape Pie,CoQ-PP_26-020,release,06.06.2026,9.1,TAMC,2.1 × 10⁴,946/1684/25,17.09.2025,IPH — Institute of Public Health,,covered
P050152,GP052501,Grape Pie,CoQ-PP_26-094,reissue — 12-month retest,17.08.2026,9.1,TAMC,2.1 × 10⁴,946/1684/25,17.09.2025,IPH — Institute of Public Health,,carried from the initial testing (CoQ-PP-2025-0014) — covered
P050152,GP052501,Grape Pie,CoQ-PP_26-020,release,06.06.2026,9.2,TYMC,3.6 × 10⁴,946/1684/25,17.09.2025,IPH — Institute of Public Health,,OUT OF SPECIFICATION
P050152,GP052501,Grape Pie,CoQ-PP_26-094,reissue — 12-month retest,17.08.2026,9.2,TYMC,3.6 × 10⁴,946/1684/25,17.09.2025,IPH — Institute of Public Health,,carried from the initial testing (CoQ-PP-2025-0014) — OUT OF SPECIFICATION
P050152,GP052501,Grape Pie,CoQ-PP_26-020,release,06.06.2026,9.3,Bile-tolerant gram-neg.,< 10² and > 10¹,946/1684/25,17.09.2025,IPH — Institute of Public Health,,covered
P050152,GP052501,Grape Pie,CoQ-PP_26-094,reissue — 12-month retest,17.08.2026,9.3,Bile-tolerant gram-neg.,< 10² and > 10¹,946/1684/25,17.09.2025,IPH — Institute of Public Health,,carried from the initial testing (CoQ-PP-2025-0014) — covered
P050152,GP052501,Grape Pie,CoQ-PP_26-020,release,06.06.2026,9.4,Salmonella,Absent | Отсутна,946/1684/25,17.09.2025,IPH — Institute of Public Health,,covered
P050152,GP052501,Grape Pie,CoQ-PP_26-094,reissue — 12-month retest,17.08.2026,9.4,Salmonella,Absent | Отсутна,946/1684/25,17.09.2025,IPH — Institute of Public Health,,carried from the initial testing (CoQ-PP-2025-0014) — covered
P050152,GP052501,Grape Pie,CoQ-PP_26-020,release,06.06.2026,9.5,Escherichia coli,Absent | Отсутна,946/1684/25,17.09.2025,IPH — Institute of Public Health,,covered
P050152,GP052501,Grape Pie,CoQ-PP_26-094,reissue — 12-month retest,17.08.2026,9.5,Escherichia coli,Absent | Отсутна,946/1684/25,17.09.2025,IPH — Institute of Public Health,,carried from the initial testing (CoQ-PP-2025-0014) — covered
P050152,GP052501,Grape Pie,CoQ-PP_26-020,release,06.06.2026,9.6,Pseudomonas aeruginosa,upon request — not required for release,—,—,—,,upon request — not required for release
P050152,GP052501,Grape Pie,CoQ-PP_26-094,reissue — 12-month retest,17.08.2026,9.6,Pseudomonas aeruginosa,upon request — not required for release,—,—,—,,upon request — not required for release
P050152,GP052501,Grape Pie,CoQ-PP_26-020,release,06.06.2026,9.7,Staphylococcus aureus,upon request — not required for release,—,—,—,,upon request — not required for release
P050152,GP052501,Grape Pie,CoQ-PP_26-094,reissue — 12-month retest,17.08.2026,9.7,Staphylococcus aureus,upon request — not required for release,—,—,—,,upon request — not required for release
P050152,GP052501,Grape Pie,CoQ-PP_26-020,release,06.06.2026,10.1,Aflatoxin B₁,not tested,—,—,—,,not tested — no certificate covers it
P050152,GP052501,Grape Pie,CoQ-PP_26-094,reissue — 12-month retest,17.08.2026,10.1,Aflatoxin B₁,ND,197-10-М/26,10.08.2026,Farmahem,,covered
P050152,GP052501,Grape Pie,CoQ-PP_26-020,release,06.06.2026,10.2,Aflatoxins ∑,< 2,4348/2025,15.09.2025,IPH — Institute of Public Health,,covered
P050152,GP052501,Grape Pie,CoQ-PP_26-094,reissue — 12-month retest,17.08.2026,10.2,Aflatoxins ∑,ND,197-10-М/26,10.08.2026,Farmahem,,covered
P050152,GP052501,Grape Pie,CoQ-PP_26-020,release,06.06.2026,10.3,Ochratoxin A,not tested,—,—,—,,not tested — no certificate covers it
P050152,GP052501,Grape Pie,CoQ-PP_26-094,reissue — 12-month retest,17.08.2026,10.3,Ochratoxin A,ND,197-10-М/26,10.08.2026,Farmahem,,covered
P050152,GP052501,Grape Pie,CoQ-PP_26-020,release,06.06.2026,11.1,Lead (Pb),0.06,4348/2025,15.09.2025,IPH — Institute of Public Health,,covered
P050152,GP052501,Grape Pie,CoQ-PP_26-094,reissue — 12-month retest,17.08.2026,11.1,Lead (Pb),0.06,4348/2025,15.09.2025,IPH — Institute of Public Health,,carried from the initial testing (CoQ-PP-2025-0014) — covered
P050152,GP052501,Grape Pie,CoQ-PP_26-020,release,06.06.2026,11.2,Cadmium (Cd),ND,4348/2025,15.09.2025,IPH — Institute of Public Health,,covered
P050152,GP052501,Grape Pie,CoQ-PP_26-094,reissue — 12-month retest,17.08.2026,11.2,Cadmium (Cd),ND,4348/2025,15.09.2025,IPH — Institute of Public Health,,carried from the initial testing (CoQ-PP-2025-0014) — covered
P050152,GP052501,Grape Pie,CoQ-PP_26-020,release,06.06.2026,11.3,Arsenic (As),ND,4348/2025,15.09.2025,IPH — Institute of Public Health,,covered
P050152,GP052501,Grape Pie,CoQ-PP_26-094,reissue — 12-month retest,17.08.2026,11.3,Arsenic (As),ND,4348/2025,15.09.2025,IPH — Institute of Public Health,,carried from the initial testing (CoQ-PP-2025-0014) — covered
P050152,GP052501,Grape Pie,CoQ-PP_26-020,release,06.06.2026,11.4,Mercury (Hg),ND,4348/2025,15.09.2025,IPH — Institute of Public Health,,covered
P050152,GP052501,Grape Pie,CoQ-PP_26-094,reissue — 12-month retest,17.08.2026,11.4,Mercury (Hg),ND,4348/2025,15.09.2025,IPH — Institute of Public Health,,carried from the initial testing (CoQ-PP-2025-0014) — covered
P050152,GP052501,Grape Pie,CoQ-PP_26-020,release,06.06.2026,12,Pesticide Residues,ND,4348/2025,15.09.2025,IPH — Institute of Public Health,,covered
P050152,GP052501,Grape Pie,CoQ-PP_26-094,reissue — 12-month retest,17.08.2026,12,Pesticide Residues,ND,4348/2025,15.09.2025,IPH — Institute of Public Health,,carried from the initial testing (CoQ-PP-2025-0014) — covered
P050142,BSS1024_01/2,Blue Sunset Sherbet,CoQ-PP_26-021,release,06.06.2026,1,"Identification A, Appearance · Macroscopic",Conforms | Одговара,iCoA-PP_26-019,03.06.2026,Purely Plant GmbH (in-house),yes,to be performed — see route
P050142,BSS1024_01/2,Blue Sunset Sherbet,CoQ-PP_26-138,reissue — 12-month retest,21.09.2026,1,"Identification A, Appearance · Macroscopic",Conforms | Одговара,iCoA-PP_26-153,24.08.2026,Purely Plant GmbH (in-house),yes,to be performed — see route
P050142,BSS1024_01/2,Blue Sunset Sherbet,CoQ-PP_26-021,release,06.06.2026,2,Identification B · Microscopic,Conforms | Одговара,iCoA-PP_26-019,03.06.2026,Purely Plant GmbH (in-house),yes,to be performed — see route
P050142,BSS1024_01/2,Blue Sunset Sherbet,CoQ-PP_26-138,reissue — 12-month retest,21.09.2026,2,Identification B · Microscopic,Conforms | Одговара,iCoA-PP_26-153,24.08.2026,Purely Plant GmbH (in-house),yes,to be performed — see route
P050142,BSS1024_01/2,Blue Sunset Sherbet,CoQ-PP_26-021,release,06.06.2026,3,Identification C · HPLC/HPTLC,to be performed (in house),—,—,—,,to be performed — see route
P050142,BSS1024_01/2,Blue Sunset Sherbet,CoQ-PP_26-138,reissue — 12-month retest,21.09.2026,3,Identification C · HPLC/HPTLC,Conforms | Одговара,227-1-К/26,11.09.2026,Farmahem,,covered
P050142,BSS1024_01/2,Blue Sunset Sherbet,CoQ-PP_26-021,release,06.06.2026,4,Assay — Total Δ⁹-THC,not tested,—,—,—,,not tested — no certificate covers it
P050142,BSS1024_01/2,Blue Sunset Sherbet,CoQ-PP_26-138,reissue — 12-month retest,21.09.2026,4,Assay — Total Δ⁹-THC,26.69,227-1-К/26,11.09.2026,Farmahem,,covered
P050142,BSS1024_01/2,Blue Sunset Sherbet,CoQ-PP_26-021,release,06.06.2026,5,Assay — Total CBD,not tested,—,—,—,,not tested — no certificate covers it
P050142,BSS1024_01/2,Blue Sunset Sherbet,CoQ-PP_26-138,reissue — 12-month retest,21.09.2026,5,Assay — Total CBD,< LOQ,227-1-К/26,11.09.2026,Farmahem,,covered
P050142,BSS1024_01/2,Blue Sunset Sherbet,CoQ-PP_26-021,release,06.06.2026,6,Total CBN,not tested,—,—,—,,not tested — no certificate covers it
P050142,BSS1024_01/2,Blue Sunset Sherbet,CoQ-PP_26-138,reissue — 12-month retest,21.09.2026,6,Total CBN,< LOQ,227-1-К/26,11.09.2026,Farmahem,,covered
P050142,BSS1024_01/2,Blue Sunset Sherbet,CoQ-PP_26-021,release,06.06.2026,7,Foreign Matter,Conforms | Одговара,iCoA-PP_26-019,03.06.2026,Purely Plant GmbH (in-house),yes,to be performed — see route
P050142,BSS1024_01/2,Blue Sunset Sherbet,CoQ-PP_26-138,reissue — 12-month retest,21.09.2026,7,Foreign Matter,Conforms | Одговара,iCoA-PP_26-153,24.08.2026,Purely Plant GmbH (in-house),yes,to be performed — see route
P050142,BSS1024_01/2,Blue Sunset Sherbet,CoQ-PP_26-021,release,06.06.2026,8,Loss on Drying,not tested,—,—,—,,not tested — no certificate covers it
P050142,BSS1024_01/2,Blue Sunset Sherbet,CoQ-PP_26-138,reissue — 12-month retest,21.09.2026,8,Loss on Drying,carried from the initial testing — not tested,—,—,—,,carried from the initial testing (the batch's initial CoQ (number assigned on issue)) — not tested — no certificate covers it
P050142,BSS1024_01/2,Blue Sunset Sherbet,CoQ-PP_26-021,release,06.06.2026,9.1,TAMC,not tested,—,—,—,,not tested — no certificate covers it
P050142,BSS1024_01/2,Blue Sunset Sherbet,CoQ-PP_26-138,reissue — 12-month retest,21.09.2026,9.1,TAMC,< 10,559/1090/26,01.09.2026,IPH — Institute of Public Health,,covered
P050142,BSS1024_01/2,Blue Sunset Sherbet,CoQ-PP_26-021,release,06.06.2026,9.2,TYMC,not tested,—,—,—,,not tested — no certificate covers it
P050142,BSS1024_01/2,Blue Sunset Sherbet,CoQ-PP_26-138,reissue — 12-month retest,21.09.2026,9.2,TYMC,< 10,559/1090/26,01.09.2026,IPH — Institute of Public Health,,covered
P050142,BSS1024_01/2,Blue Sunset Sherbet,CoQ-PP_26-021,release,06.06.2026,9.3,Bile-tolerant gram-neg.,not tested,—,—,—,,not tested — no certificate covers it
P050142,BSS1024_01/2,Blue Sunset Sherbet,CoQ-PP_26-138,reissue — 12-month retest,21.09.2026,9.3,Bile-tolerant gram-neg.,< 10,559/1090/26,01.09.2026,IPH — Institute of Public Health,,covered
P050142,BSS1024_01/2,Blue Sunset Sherbet,CoQ-PP_26-021,release,06.06.2026,9.4,Salmonella,not tested,—,—,—,,not tested — no certificate covers it
P050142,BSS1024_01/2,Blue Sunset Sherbet,CoQ-PP_26-138,reissue — 12-month retest,21.09.2026,9.4,Salmonella,Absent | Отсутна,559/1090/26,01.09.2026,IPH — Institute of Public Health,,covered
P050142,BSS1024_01/2,Blue Sunset Sherbet,CoQ-PP_26-021,release,06.06.2026,9.5,Escherichia coli,not tested,—,—,—,,not tested — no certificate covers it
P050142,BSS1024_01/2,Blue Sunset Sherbet,CoQ-PP_26-138,reissue — 12-month retest,21.09.2026,9.5,Escherichia coli,Absent | Отсутна,559/1090/26,01.09.2026,IPH — Institute of Public Health,,covered
P050142,BSS1024_01/2,Blue Sunset Sherbet,CoQ-PP_26-021,release,06.06.2026,9.6,Pseudomonas aeruginosa,upon request — not required for release,—,—,—,,upon request — not required for release
P050142,BSS1024_01/2,Blue Sunset Sherbet,CoQ-PP_26-138,reissue — 12-month retest,21.09.2026,9.6,Pseudomonas aeruginosa,upon request — not required for release,—,—,—,,upon request — not required for release
P050142,BSS1024_01/2,Blue Sunset Sherbet,CoQ-PP_26-021,release,06.06.2026,9.7,Staphylococcus aureus,upon request — not required for release,—,—,—,,upon request — not required for release
P050142,BSS1024_01/2,Blue Sunset Sherbet,CoQ-PP_26-138,reissue — 12-month retest,21.09.2026,9.7,Staphylococcus aureus,upon request — not required for release,—,—,—,,upon request — not required for release
P050142,BSS1024_01/2,Blue Sunset Sherbet,CoQ-PP_26-021,release,06.06.2026,10.1,Aflatoxin B₁,not tested,—,—,—,,not tested — no certificate covers it
P050142,BSS1024_01/2,Blue Sunset Sherbet,CoQ-PP_26-138,reissue — 12-month retest,21.09.2026,10.1,Aflatoxin B₁,ND,227-1-М/26,16.09.2026,Farmahem,,covered
P050142,BSS1024_01/2,Blue Sunset Sherbet,CoQ-PP_26-021,release,06.06.2026,10.2,Aflatoxins ∑,not tested,—,—,—,,not tested — no certificate covers it
P050142,BSS1024_01/2,Blue Sunset Sherbet,CoQ-PP_26-138,reissue — 12-month retest,21.09.2026,10.2,Aflatoxins ∑,ND,227-1-М/26,16.09.2026,Farmahem,,covered
P050142,BSS1024_01/2,Blue Sunset Sherbet,CoQ-PP_26-021,release,06.06.2026,10.3,Ochratoxin A,not tested,—,—,—,,not tested — no certificate covers it
P050142,BSS1024_01/2,Blue Sunset Sherbet,CoQ-PP_26-138,reissue — 12-month retest,21.09.2026,10.3,Ochratoxin A,ND,227-1-М/26,16.09.2026,Farmahem,,covered
P050142,BSS1024_01/2,Blue Sunset Sherbet,CoQ-PP_26-021,release,06.06.2026,11.1,Lead (Pb),not tested,—,—,—,,not tested — no certificate covers it
P050142,BSS1024_01/2,Blue Sunset Sherbet,CoQ-PP_26-138,reissue — 12-month retest,21.09.2026,11.1,Lead (Pb),carried from the initial testing — not tested,—,—,—,,carried from the initial testing (the batch's initial CoQ (number assigned on issue)) — not tested — no certificate covers it
P050142,BSS1024_01/2,Blue Sunset Sherbet,CoQ-PP_26-021,release,06.06.2026,11.2,Cadmium (Cd),not tested,—,—,—,,not tested — no certificate covers it
P050142,BSS1024_01/2,Blue Sunset Sherbet,CoQ-PP_26-138,reissue — 12-month retest,21.09.2026,11.2,Cadmium (Cd),carried from the initial testing — not tested,—,—,—,,carried from the initial testing (the batch's initial CoQ (number assigned on issue)) — not tested — no certificate covers it
P050142,BSS1024_01/2,Blue Sunset Sherbet,CoQ-PP_26-021,release,06.06.2026,11.3,Arsenic (As),not tested,—,—,—,,not tested — no certificate covers it
P050142,BSS1024_01/2,Blue Sunset Sherbet,CoQ-PP_26-138,reissue — 12-month retest,21.09.2026,11.3,Arsenic (As),carried from the initial testing — not tested,—,—,—,,carried from the initial testing (the batch's initial CoQ (number assigned on issue)) — not tested — no certificate covers it
P050142,BSS1024_01/2,Blue Sunset Sherbet,CoQ-PP_26-021,release,06.06.2026,11.4,Mercury (Hg),not tested,—,—,—,,not tested — no certificate covers it
P050142,BSS1024_01/2,Blue Sunset Sherbet,CoQ-PP_26-138,reissue — 12-month retest,21.09.2026,11.4,Mercury (Hg),carried from the initial testing — not tested,—,—,—,,carried from the initial testing (the batch's initial CoQ (number assigned on issue)) — not tested — no certificate covers it
P050142,BSS1024_01/2,Blue Sunset Sherbet,CoQ-PP_26-021,release,06.06.2026,12,Pesticide Residues,not tested,—,—,—,,not tested — no certificate covers it
P050142,BSS1024_01/2,Blue Sunset Sherbet,CoQ-PP_26-138,reissue — 12-month retest,21.09.2026,12,Pesticide Residues,carried from the initial testing — not tested,—,—,—,,carried from the initial testing (the batch's initial CoQ (number assigned on issue)) — not tested — no certificate covers it
P050162,CJ052501/01,Cap Junky,CoQ-PP_26-022,release,06.06.2026,1,"Identification A, Appearance · Macroscopic",Conforms | Одговара,iCoA-PP_26-020,03.06.2026,Purely Plant GmbH (in-house),yes,to be performed — see route
P050162,CJ052501/01,Cap Junky,CoQ-PP_26-088,reissue — 12-month retest,17.08.2026,1,"Identification A, Appearance · Macroscopic",Conforms | Одговара,iCoA-PP_26-100,27.07.2026,Purely Plant GmbH (in-house),yes,covered
P050162,CJ052501/01,Cap Junky,CoQ-PP_26-022,release,06.06.2026,2,Identification B · Microscopic,Conforms | Одговара,iCoA-PP_26-020,03.06.2026,Purely Plant GmbH (in-house),yes,to be performed — see route
P050162,CJ052501/01,Cap Junky,CoQ-PP_26-088,reissue — 12-month retest,17.08.2026,2,Identification B · Microscopic,Conforms | Одговара,iCoA-PP_26-100,27.07.2026,Purely Plant GmbH (in-house),yes,covered
P050162,CJ052501/01,Cap Junky,CoQ-PP_26-022,release,06.06.2026,3,Identification C · HPLC/HPTLC,Conforms | Одговара,ППК25280,17.09.2025,UKIM Faculty of Pharmacy — Center for Natural Products,,covered
P050162,CJ052501/01,Cap Junky,CoQ-PP_26-088,reissue — 12-month retest,17.08.2026,3,Identification C · HPLC/HPTLC,Conforms | Одговара,197-3-К/26,07.08.2026,Farmahem,,covered
P050162,CJ052501/01,Cap Junky,CoQ-PP_26-022,release,06.06.2026,4,Assay — Total Δ⁹-THC,20.29,ППК25280,17.09.2025,UKIM Faculty of Pharmacy — Center for Natural Products,,covered
P050162,CJ052501/01,Cap Junky,CoQ-PP_26-088,reissue — 12-month retest,17.08.2026,4,Assay — Total Δ⁹-THC,24.05,197-3-К/26,07.08.2026,Farmahem,,covered
P050162,CJ052501/01,Cap Junky,CoQ-PP_26-022,release,06.06.2026,5,Assay — Total CBD,0.07,ППК25280,17.09.2025,UKIM Faculty of Pharmacy — Center for Natural Products,,covered
P050162,CJ052501/01,Cap Junky,CoQ-PP_26-088,reissue — 12-month retest,17.08.2026,5,Assay — Total CBD,< LOQ,197-3-К/26,07.08.2026,Farmahem,,covered
P050162,CJ052501/01,Cap Junky,CoQ-PP_26-022,release,06.06.2026,6,Total CBN,0.02 ᴰ,ППК25280,17.09.2025,CNP,,covered
P050162,CJ052501/01,Cap Junky,CoQ-PP_26-088,reissue — 12-month retest,17.08.2026,6,Total CBN,< LOQ,197-3-К/26,07.08.2026,Farmahem,,covered
P050162,CJ052501/01,Cap Junky,CoQ-PP_26-022,release,06.06.2026,7,Foreign Matter,Conforms | Одговара,iCoA-PP_26-020,03.06.2026,Purely Plant GmbH (in-house),yes,to be performed — see route
P050162,CJ052501/01,Cap Junky,CoQ-PP_26-088,reissue — 12-month retest,17.08.2026,7,Foreign Matter,Conforms | Одговара,iCoA-PP_26-100,27.07.2026,Purely Plant GmbH (in-house),yes,covered
P050162,CJ052501/01,Cap Junky,CoQ-PP_26-022,release,06.06.2026,8,Loss on Drying,7.93,ППК25280,17.09.2025,UKIM Faculty of Pharmacy — Center for Natural Products,,covered
P050162,CJ052501/01,Cap Junky,CoQ-PP_26-088,reissue — 12-month retest,17.08.2026,8,Loss on Drying,7.93,ППК25280,17.09.2025,UKIM Faculty of Pharmacy — Center for Natural Products,,carried from the initial testing (CoQ-PP-2025-0015) — covered
P050162,CJ052501/01,Cap Junky,CoQ-PP_26-022,release,06.06.2026,9.1,TAMC,2.8 × 10⁴,949/1687/25,17.09.2025,IPH — Institute of Public Health,,covered
P050162,CJ052501/01,Cap Junky,CoQ-PP_26-088,reissue — 12-month retest,17.08.2026,9.1,TAMC,2.8 × 10⁴,949/1687/25,17.09.2025,IPH — Institute of Public Health,,carried from the initial testing (CoQ-PP-2025-0015) — covered
P050162,CJ052501/01,Cap Junky,CoQ-PP_26-022,release,06.06.2026,9.2,TYMC,1.7 × 10⁴,949/1687/25,17.09.2025,IPH — Institute of Public Health,,UNDETERMINED — pending the QCSP 001 reading
P050162,CJ052501/01,Cap Junky,CoQ-PP_26-088,reissue — 12-month retest,17.08.2026,9.2,TYMC,1.7 × 10⁴,949/1687/25,17.09.2025,IPH — Institute of Public Health,,carried from the initial testing (CoQ-PP-2025-0015) — UNDETERMINED — pending the QCSP 001 reading
P050162,CJ052501/01,Cap Junky,CoQ-PP_26-022,release,06.06.2026,9.3,Bile-tolerant gram-neg.,< 10³ and > 10²,949/1687/25,17.09.2025,IPH — Institute of Public Health,,covered
P050162,CJ052501/01,Cap Junky,CoQ-PP_26-088,reissue — 12-month retest,17.08.2026,9.3,Bile-tolerant gram-neg.,< 10³ and > 10²,949/1687/25,17.09.2025,IPH — Institute of Public Health,,carried from the initial testing (CoQ-PP-2025-0015) — covered
P050162,CJ052501/01,Cap Junky,CoQ-PP_26-022,release,06.06.2026,9.4,Salmonella,Absent | Отсутна,949/1687/25,17.09.2025,IPH — Institute of Public Health,,covered
P050162,CJ052501/01,Cap Junky,CoQ-PP_26-088,reissue — 12-month retest,17.08.2026,9.4,Salmonella,Absent | Отсутна,949/1687/25,17.09.2025,IPH — Institute of Public Health,,carried from the initial testing (CoQ-PP-2025-0015) — covered
P050162,CJ052501/01,Cap Junky,CoQ-PP_26-022,release,06.06.2026,9.5,Escherichia coli,Absent | Отсутна,949/1687/25,17.09.2025,IPH — Institute of Public Health,,covered
P050162,CJ052501/01,Cap Junky,CoQ-PP_26-088,reissue — 12-month retest,17.08.2026,9.5,Escherichia coli,Absent | Отсутна,949/1687/25,17.09.2025,IPH — Institute of Public Health,,carried from the initial testing (CoQ-PP-2025-0015) — covered
P050162,CJ052501/01,Cap Junky,CoQ-PP_26-022,release,06.06.2026,9.6,Pseudomonas aeruginosa,upon request — not required for release,—,—,—,,upon request — not required for release
P050162,CJ052501/01,Cap Junky,CoQ-PP_26-088,reissue — 12-month retest,17.08.2026,9.6,Pseudomonas aeruginosa,upon request — not required for release,—,—,—,,upon request — not required for release
P050162,CJ052501/01,Cap Junky,CoQ-PP_26-022,release,06.06.2026,9.7,Staphylococcus aureus,upon request — not required for release,—,—,—,,upon request — not required for release
P050162,CJ052501/01,Cap Junky,CoQ-PP_26-088,reissue — 12-month retest,17.08.2026,9.7,Staphylococcus aureus,upon request — not required for release,—,—,—,,upon request — not required for release
P050162,CJ052501/01,Cap Junky,CoQ-PP_26-022,release,06.06.2026,10.1,Aflatoxin B₁,not tested,—,—,—,,not tested — no certificate covers it
P050162,CJ052501/01,Cap Junky,CoQ-PP_26-088,reissue — 12-month retest,17.08.2026,10.1,Aflatoxin B₁,ND,197-3-М/26,10.08.2026,Farmahem,,covered
P050162,CJ052501/01,Cap Junky,CoQ-PP_26-022,release,06.06.2026,10.2,Aflatoxins ∑,< 2,4350/2025,15.09.2025,IPH — Institute of Public Health,,covered
P050162,CJ052501/01,Cap Junky,CoQ-PP_26-088,reissue — 12-month retest,17.08.2026,10.2,Aflatoxins ∑,ND,197-3-М/26,10.08.2026,Farmahem,,covered
P050162,CJ052501/01,Cap Junky,CoQ-PP_26-022,release,06.06.2026,10.3,Ochratoxin A,not tested,—,—,—,,not tested — no certificate covers it
P050162,CJ052501/01,Cap Junky,CoQ-PP_26-088,reissue — 12-month retest,17.08.2026,10.3,Ochratoxin A,ND,197-3-М/26,10.08.2026,Farmahem,,covered
P050162,CJ052501/01,Cap Junky,CoQ-PP_26-022,release,06.06.2026,11.1,Lead (Pb),0.085,4350/2025,15.09.2025,IPH — Institute of Public Health,,covered
P050162,CJ052501/01,Cap Junky,CoQ-PP_26-088,reissue — 12-month retest,17.08.2026,11.1,Lead (Pb),0.085,4350/2025,15.09.2025,IPH — Institute of Public Health,,carried from the initial testing (CoQ-PP-2025-0015) — covered
P050162,CJ052501/01,Cap Junky,CoQ-PP_26-022,release,06.06.2026,11.2,Cadmium (Cd),ND,4350/2025,15.09.2025,IPH — Institute of Public Health,,covered
P050162,CJ052501/01,Cap Junky,CoQ-PP_26-088,reissue — 12-month retest,17.08.2026,11.2,Cadmium (Cd),ND,4350/2025,15.09.2025,IPH — Institute of Public Health,,carried from the initial testing (CoQ-PP-2025-0015) — covered
P050162,CJ052501/01,Cap Junky,CoQ-PP_26-022,release,06.06.2026,11.3,Arsenic (As),ND,4350/2025,15.09.2025,IPH — Institute of Public Health,,covered
P050162,CJ052501/01,Cap Junky,CoQ-PP_26-088,reissue — 12-month retest,17.08.2026,11.3,Arsenic (As),ND,4350/2025,15.09.2025,IPH — Institute of Public Health,,carried from the initial testing (CoQ-PP-2025-0015) — covered
P050162,CJ052501/01,Cap Junky,CoQ-PP_26-022,release,06.06.2026,11.4,Mercury (Hg),ND,4350/2025,15.09.2025,IPH — Institute of Public Health,,covered
P050162,CJ052501/01,Cap Junky,CoQ-PP_26-088,reissue — 12-month retest,17.08.2026,11.4,Mercury (Hg),ND,4350/2025,15.09.2025,IPH — Institute of Public Health,,carried from the initial testing (CoQ-PP-2025-0015) — covered
P050162,CJ052501/01,Cap Junky,CoQ-PP_26-022,release,06.06.2026,12,Pesticide Residues,ND,4350/2025,15.09.2025,IPH — Institute of Public Health,,covered
P050162,CJ052501/01,Cap Junky,CoQ-PP_26-088,reissue — 12-month retest,17.08.2026,12,Pesticide Residues,ND,4350/2025,15.09.2025,IPH — Institute of Public Health,,carried from the initial testing (CoQ-PP-2025-0015) — covered
P050172,CJ052501-2,Cup Junky,CoQ-PP_26-023,release,06.06.2026,1,"Identification A, Appearance · Macroscopic",Conforms | Одговара,iCoA-PP_26-021,03.06.2026,Purely Plant GmbH (in-house),yes,to be performed — see route
P050172,CJ052501-2,Cup Junky,CoQ-PP_26-140,reissue — 12-month retest,21.09.2026,1,"Identification A, Appearance · Macroscopic",Conforms | Одговара,iCoA-PP_26-176,24.08.2026,Purely Plant GmbH (in-house),yes,covered
P050172,CJ052501-2,Cup Junky,CoQ-PP_26-023,release,06.06.2026,2,Identification B · Microscopic,Conforms | Одговара,iCoA-PP_26-021,03.06.2026,Purely Plant GmbH (in-house),yes,to be performed — see route
P050172,CJ052501-2,Cup Junky,CoQ-PP_26-140,reissue — 12-month retest,21.09.2026,2,Identification B · Microscopic,Conforms | Одговара,iCoA-PP_26-176,24.08.2026,Purely Plant GmbH (in-house),yes,to be performed — see route
P050172,CJ052501-2,Cup Junky,CoQ-PP_26-023,release,06.06.2026,3,Identification C · HPLC/HPTLC,Conforms | Одговара,ППК25281,17.09.2025,UKIM Faculty of Pharmacy — Center for Natural Products,,covered
P050172,CJ052501-2,Cup Junky,CoQ-PP_26-140,reissue — 12-month retest,21.09.2026,3,Identification C · HPLC/HPTLC,Conforms | Одговара,227-28-К/26,11.09.2026,Farmahem,,covered
P050172,CJ052501-2,Cup Junky,CoQ-PP_26-023,release,06.06.2026,4,Assay — Total Δ⁹-THC,14.93,ППК25281,17.09.2025,UKIM Faculty of Pharmacy — Center for Natural Products,,covered
P050172,CJ052501-2,Cup Junky,CoQ-PP_26-140,reissue — 12-month retest,21.09.2026,4,Assay — Total Δ⁹-THC,21.30,227-28-К/26,11.09.2026,Farmahem,,covered
P050172,CJ052501-2,Cup Junky,CoQ-PP_26-023,release,06.06.2026,5,Assay — Total CBD,0.10,ППК25281,17.09.2025,UKIM Faculty of Pharmacy — Center for Natural Products,,covered
P050172,CJ052501-2,Cup Junky,CoQ-PP_26-140,reissue — 12-month retest,21.09.2026,5,Assay — Total CBD,< LOQ,227-28-К/26,11.09.2026,Farmahem,,covered
P050172,CJ052501-2,Cup Junky,CoQ-PP_26-023,release,06.06.2026,6,Total CBN,not tested,—,—,—,,not tested — no certificate covers it
P050172,CJ052501-2,Cup Junky,CoQ-PP_26-140,reissue — 12-month retest,21.09.2026,6,Total CBN,< LOQ,227-28-К/26,11.09.2026,Farmahem,,covered
P050172,CJ052501-2,Cup Junky,CoQ-PP_26-023,release,06.06.2026,7,Foreign Matter,Conforms | Одговара,iCoA-PP_26-021,03.06.2026,Purely Plant GmbH (in-house),yes,to be performed — see route
P050172,CJ052501-2,Cup Junky,CoQ-PP_26-140,reissue — 12-month retest,21.09.2026,7,Foreign Matter,Conforms | Одговара,iCoA-PP_26-176,24.08.2026,Purely Plant GmbH (in-house),yes,covered
P050172,CJ052501-2,Cup Junky,CoQ-PP_26-023,release,06.06.2026,8,Loss on Drying,6.63,ППК25281,17.09.2025,UKIM Faculty of Pharmacy — Center for Natural Products,,covered
P050172,CJ052501-2,Cup Junky,CoQ-PP_26-140,reissue — 12-month retest,21.09.2026,8,Loss on Drying,6.63,ППК25281,17.09.2025,UKIM Faculty of Pharmacy — Center for Natural Products,,carried from the initial testing (the batch's initial CoQ (number assigned on issue)) — covered
P050172,CJ052501-2,Cup Junky,CoQ-PP_26-023,release,06.06.2026,9.1,TAMC,9 × 10³,947/1685/25,17.09.2025,IPH — Institute of Public Health,,covered
P050172,CJ052501-2,Cup Junky,CoQ-PP_26-140,reissue — 12-month retest,21.09.2026,9.1,TAMC,< 10,558/1089/26,01.09.2026,IPH — Institute of Public Health,,covered
P050172,CJ052501-2,Cup Junky,CoQ-PP_26-023,release,06.06.2026,9.2,TYMC,6.3 × 10³,947/1685/25,17.09.2025,IPH — Institute of Public Health,,covered
P050172,CJ052501-2,Cup Junky,CoQ-PP_26-140,reissue — 12-month retest,21.09.2026,9.2,TYMC,< 10,558/1089/26,01.09.2026,IPH — Institute of Public Health,,covered
P050172,CJ052501-2,Cup Junky,CoQ-PP_26-023,release,06.06.2026,9.3,Bile-tolerant gram-neg.,< 10,947/1685/25,17.09.2025,IPH — Institute of Public Health,,covered
P050172,CJ052501-2,Cup Junky,CoQ-PP_26-140,reissue — 12-month retest,21.09.2026,9.3,Bile-tolerant gram-neg.,< 10,558/1089/26,01.09.2026,IPH — Institute of Public Health,,covered
P050172,CJ052501-2,Cup Junky,CoQ-PP_26-023,release,06.06.2026,9.4,Salmonella,Absent | Отсутна,947/1685/25,17.09.2025,IPH — Institute of Public Health,,covered
P050172,CJ052501-2,Cup Junky,CoQ-PP_26-140,reissue — 12-month retest,21.09.2026,9.4,Salmonella,Absent | Отсутна,558/1089/26,01.09.2026,IPH — Institute of Public Health,,covered
P050172,CJ052501-2,Cup Junky,CoQ-PP_26-023,release,06.06.2026,9.5,Escherichia coli,Absent | Отсутна,947/1685/25,17.09.2025,IPH — Institute of Public Health,,covered
P050172,CJ052501-2,Cup Junky,CoQ-PP_26-140,reissue — 12-month retest,21.09.2026,9.5,Escherichia coli,Absent | Отсутна,558/1089/26,01.09.2026,IPH — Institute of Public Health,,covered
P050172,CJ052501-2,Cup Junky,CoQ-PP_26-023,release,06.06.2026,9.6,Pseudomonas aeruginosa,upon request — not required for release,—,—,—,,upon request — not required for release
P050172,CJ052501-2,Cup Junky,CoQ-PP_26-140,reissue — 12-month retest,21.09.2026,9.6,Pseudomonas aeruginosa,upon request — not required for release,—,—,—,,upon request — not required for release
P050172,CJ052501-2,Cup Junky,CoQ-PP_26-023,release,06.06.2026,9.7,Staphylococcus aureus,upon request — not required for release,—,—,—,,upon request — not required for release
P050172,CJ052501-2,Cup Junky,CoQ-PP_26-140,reissue — 12-month retest,21.09.2026,9.7,Staphylococcus aureus,upon request — not required for release,—,—,—,,upon request — not required for release
P050172,CJ052501-2,Cup Junky,CoQ-PP_26-023,release,06.06.2026,10.1,Aflatoxin B₁,not tested,—,—,—,,not tested — no certificate covers it
P050172,CJ052501-2,Cup Junky,CoQ-PP_26-140,reissue — 12-month retest,21.09.2026,10.1,Aflatoxin B₁,ND,227-28-М/26,16.09.2026,Farmahem,,covered
P050172,CJ052501-2,Cup Junky,CoQ-PP_26-023,release,06.06.2026,10.2,Aflatoxins ∑,< 2,4349/2025,15.09.2025,IPH — Institute of Public Health,,covered
P050172,CJ052501-2,Cup Junky,CoQ-PP_26-140,reissue — 12-month retest,21.09.2026,10.2,Aflatoxins ∑,ND,227-28-М/26,16.09.2026,Farmahem,,carried from the initial testing (the batch's initial CoQ (number assigned on issue)) — covered
P050172,CJ052501-2,Cup Junky,CoQ-PP_26-023,release,06.06.2026,10.3,Ochratoxin A,not tested,—,—,—,,not tested — no certificate covers it
P050172,CJ052501-2,Cup Junky,CoQ-PP_26-140,reissue — 12-month retest,21.09.2026,10.3,Ochratoxin A,ND,227-28-М/26,16.09.2026,Farmahem,,covered
P050172,CJ052501-2,Cup Junky,CoQ-PP_26-023,release,06.06.2026,11.1,Lead (Pb),0.02,4349/2025,15.09.2025,IPH — Institute of Public Health,,covered
P050172,CJ052501-2,Cup Junky,CoQ-PP_26-140,reissue — 12-month retest,21.09.2026,11.1,Lead (Pb),0.02,4349/2025,15.09.2025,IPH — Institute of Public Health,,carried from the initial testing (the batch's initial CoQ (number assigned on issue)) — covered
P050172,CJ052501-2,Cup Junky,CoQ-PP_26-023,release,06.06.2026,11.2,Cadmium (Cd),ND,4349/2025,15.09.2025,IPH — Institute of Public Health,,covered
P050172,CJ052501-2,Cup Junky,CoQ-PP_26-140,reissue — 12-month retest,21.09.2026,11.2,Cadmium (Cd),ND,4349/2025,15.09.2025,IPH — Institute of Public Health,,carried from the initial testing (the batch's initial CoQ (number assigned on issue)) — covered
P050172,CJ052501-2,Cup Junky,CoQ-PP_26-023,release,06.06.2026,11.3,Arsenic (As),0.042,4349/2025,15.09.2025,IPH — Institute of Public Health,,covered
P050172,CJ052501-2,Cup Junky,CoQ-PP_26-140,reissue — 12-month retest,21.09.2026,11.3,Arsenic (As),0.042,4349/2025,15.09.2025,IPH — Institute of Public Health,,carried from the initial testing (the batch's initial CoQ (number assigned on issue)) — covered
P050172,CJ052501-2,Cup Junky,CoQ-PP_26-023,release,06.06.2026,11.4,Mercury (Hg),ND,4349/2025,15.09.2025,IPH — Institute of Public Health,,covered
P050172,CJ052501-2,Cup Junky,CoQ-PP_26-140,reissue — 12-month retest,21.09.2026,11.4,Mercury (Hg),ND,4349/2025,15.09.2025,IPH — Institute of Public Health,,carried from the initial testing (the batch's initial CoQ (number assigned on issue)) — covered
P050172,CJ052501-2,Cup Junky,CoQ-PP_26-023,release,06.06.2026,12,Pesticide Residues,ND,4349/2025,15.09.2025,IPH — Institute of Public Health,,covered
P050172,CJ052501-2,Cup Junky,CoQ-PP_26-140,reissue — 12-month retest,21.09.2026,12,Pesticide Residues,ND,4349/2025,15.09.2025,IPH — Institute of Public Health,,carried from the initial testing (the batch's initial CoQ (number assigned on issue)) — covered
P050182,HPA052501,High Pro Amnesia,CoQ-PP_26-024,release,06.06.2026,1,"Identification A, Appearance · Macroscopic",Conforms | Одговара,iCoA-PP_26-022,03.06.2026,Purely Plant GmbH (in-house),yes,to be performed — see route
P050182,HPA052501,High Pro Amnesia,CoQ-PP_26-121,reissue — 12-month retest,18.09.2026,1,"Identification A, Appearance · Macroscopic",Conforms | Одговара,iCoA-PP_26-135,17.08.2026,Purely Plant GmbH (in-house),yes,covered
P050182,HPA052501,High Pro Amnesia,CoQ-PP_26-024,release,06.06.2026,2,Identification B · Microscopic,Conforms | Одговара,iCoA-PP_26-022,03.06.2026,Purely Plant GmbH (in-house),yes,to be performed — see route
P050182,HPA052501,High Pro Amnesia,CoQ-PP_26-121,reissue — 12-month retest,18.09.2026,2,Identification B · Microscopic,Conforms | Одговара,iCoA-PP_26-135,17.08.2026,Purely Plant GmbH (in-house),yes,covered
P050182,HPA052501,High Pro Amnesia,CoQ-PP_26-024,release,06.06.2026,3,Identification C · HPLC/HPTLC,Conforms | Одговара,ППК25278,19.09.2025,UKIM Faculty of Pharmacy — Center for Natural Products,,covered
P050182,HPA052501,High Pro Amnesia,CoQ-PP_26-121,reissue — 12-month retest,18.09.2026,3,Identification C · HPLC/HPTLC,Conforms | Одговара,220-15-К/26,25.08.2026,Farmahem,,covered
P050182,HPA052501,High Pro Amnesia,CoQ-PP_26-024,release,06.06.2026,4,Assay — Total Δ⁹-THC,20.39,ППК25278,19.09.2025,UKIM Faculty of Pharmacy — Center for Natural Products,,covered
P050182,HPA052501,High Pro Amnesia,CoQ-PP_26-121,reissue — 12-month retest,18.09.2026,4,Assay — Total Δ⁹-THC,19.69,220-15-К/26,25.08.2026,Farmahem,,covered
P050182,HPA052501,High Pro Amnesia,CoQ-PP_26-024,release,06.06.2026,5,Assay — Total CBD,0.09,ППК25278,19.09.2025,UKIM Faculty of Pharmacy — Center for Natural Products,,covered
P050182,HPA052501,High Pro Amnesia,CoQ-PP_26-121,reissue — 12-month retest,18.09.2026,5,Assay — Total CBD,< LOQ,220-15-К/26,25.08.2026,Farmahem,,covered
P050182,HPA052501,High Pro Amnesia,CoQ-PP_26-024,release,06.06.2026,6,Total CBN,0.02 ᴰ,ППК25278,19.09.2025,CNP,,covered
P050182,HPA052501,High Pro Amnesia,CoQ-PP_26-121,reissue — 12-month retest,18.09.2026,6,Total CBN,< LOQ,220-15-К/26,25.08.2026,Farmahem,,covered
P050182,HPA052501,High Pro Amnesia,CoQ-PP_26-024,release,06.06.2026,7,Foreign Matter,Conforms | Одговара,iCoA-PP_26-022,03.06.2026,Purely Plant GmbH (in-house),yes,to be performed — see route
P050182,HPA052501,High Pro Amnesia,CoQ-PP_26-121,reissue — 12-month retest,18.09.2026,7,Foreign Matter,Conforms | Одговара,iCoA-PP_26-135,17.08.2026,Purely Plant GmbH (in-house),yes,covered
P050182,HPA052501,High Pro Amnesia,CoQ-PP_26-024,release,06.06.2026,8,Loss on Drying,7.29,ППК25278,19.09.2025,UKIM Faculty of Pharmacy — Center for Natural Products,,covered
P050182,HPA052501,High Pro Amnesia,CoQ-PP_26-121,reissue — 12-month retest,18.09.2026,8,Loss on Drying,7.29,ППК25278,19.09.2025,UKIM Faculty of Pharmacy — Center for Natural Products,,carried from the initial testing (CoQ-PP-2025-0016) — covered
P050182,HPA052501,High Pro Amnesia,CoQ-PP_26-024,release,06.06.2026,9.1,TAMC,2.7 × 10⁴,948/1686/25,17.09.2025,IPH — Institute of Public Health,,covered
P050182,HPA052501,High Pro Amnesia,CoQ-PP_26-121,reissue — 12-month retest,18.09.2026,9.1,TAMC,2.7 × 10⁴,948/1686/25,17.09.2025,IPH — Institute of Public Health,,carried from the initial testing (CoQ-PP-2025-0016) — covered
P050182,HPA052501,High Pro Amnesia,CoQ-PP_26-024,release,06.06.2026,9.2,TYMC,2.6 × 10⁴,948/1686/25,17.09.2025,IPH — Institute of Public Health,,OUT OF SPECIFICATION
P050182,HPA052501,High Pro Amnesia,CoQ-PP_26-121,reissue — 12-month retest,18.09.2026,9.2,TYMC,2.6 × 10⁴,948/1686/25,17.09.2025,IPH — Institute of Public Health,,carried from the initial testing (CoQ-PP-2025-0016) — OUT OF SPECIFICATION
P050182,HPA052501,High Pro Amnesia,CoQ-PP_26-024,release,06.06.2026,9.3,Bile-tolerant gram-neg.,< 10,948/1686/25,17.09.2025,IPH — Institute of Public Health,,covered
P050182,HPA052501,High Pro Amnesia,CoQ-PP_26-121,reissue — 12-month retest,18.09.2026,9.3,Bile-tolerant gram-neg.,< 10,948/1686/25,17.09.2025,IPH — Institute of Public Health,,carried from the initial testing (CoQ-PP-2025-0016) — covered
P050182,HPA052501,High Pro Amnesia,CoQ-PP_26-024,release,06.06.2026,9.4,Salmonella,Absent | Отсутна,948/1686/25,17.09.2025,IPH — Institute of Public Health,,covered
P050182,HPA052501,High Pro Amnesia,CoQ-PP_26-121,reissue — 12-month retest,18.09.2026,9.4,Salmonella,Absent | Отсутна,948/1686/25,17.09.2025,IPH — Institute of Public Health,,carried from the initial testing (CoQ-PP-2025-0016) — covered
P050182,HPA052501,High Pro Amnesia,CoQ-PP_26-024,release,06.06.2026,9.5,Escherichia coli,Absent | Отсутна,948/1686/25,17.09.2025,IPH — Institute of Public Health,,covered
P050182,HPA052501,High Pro Amnesia,CoQ-PP_26-121,reissue — 12-month retest,18.09.2026,9.5,Escherichia coli,Absent | Отсутна,948/1686/25,17.09.2025,IPH — Institute of Public Health,,carried from the initial testing (CoQ-PP-2025-0016) — covered
P050182,HPA052501,High Pro Amnesia,CoQ-PP_26-024,release,06.06.2026,9.6,Pseudomonas aeruginosa,upon request — not required for release,—,—,—,,upon request — not required for release
P050182,HPA052501,High Pro Amnesia,CoQ-PP_26-121,reissue — 12-month retest,18.09.2026,9.6,Pseudomonas aeruginosa,upon request — not required for release,—,—,—,,upon request — not required for release
P050182,HPA052501,High Pro Amnesia,CoQ-PP_26-024,release,06.06.2026,9.7,Staphylococcus aureus,upon request — not required for release,—,—,—,,upon request — not required for release
P050182,HPA052501,High Pro Amnesia,CoQ-PP_26-121,reissue — 12-month retest,18.09.2026,9.7,Staphylococcus aureus,upon request — not required for release,—,—,—,,upon request — not required for release
P050182,HPA052501,High Pro Amnesia,CoQ-PP_26-024,release,06.06.2026,10.1,Aflatoxin B₁,not tested,—,—,—,,not tested — no certificate covers it
P050182,HPA052501,High Pro Amnesia,CoQ-PP_26-121,reissue — 12-month retest,18.09.2026,10.1,Aflatoxin B₁,ND,220-15-М/26,11.09.2026,Farmahem,,covered
P050182,HPA052501,High Pro Amnesia,CoQ-PP_26-024,release,06.06.2026,10.2,Aflatoxins ∑,< 2,4352/2025,15.09.2025,IPH — Institute of Public Health,,covered
P050182,HPA052501,High Pro Amnesia,CoQ-PP_26-121,reissue — 12-month retest,18.09.2026,10.2,Aflatoxins ∑,ND,220-15-М/26,11.09.2026,Farmahem,,covered
P050182,HPA052501,High Pro Amnesia,CoQ-PP_26-024,release,06.06.2026,10.3,Ochratoxin A,not tested,—,—,—,,not tested — no certificate covers it
P050182,HPA052501,High Pro Amnesia,CoQ-PP_26-121,reissue — 12-month retest,18.09.2026,10.3,Ochratoxin A,ND,220-15-М/26,11.09.2026,Farmahem,,covered
P050182,HPA052501,High Pro Amnesia,CoQ-PP_26-024,release,06.06.2026,11.1,Lead (Pb),0.034,4352/2025,15.09.2025,IPH — Institute of Public Health,,covered
P050182,HPA052501,High Pro Amnesia,CoQ-PP_26-121,reissue — 12-month retest,18.09.2026,11.1,Lead (Pb),0.034,4352/2025,15.09.2025,IPH — Institute of Public Health,,carried from the initial testing (CoQ-PP-2025-0016) — covered
P050182,HPA052501,High Pro Amnesia,CoQ-PP_26-024,release,06.06.2026,11.2,Cadmium (Cd),ND,4352/2025,15.09.2025,IPH — Institute of Public Health,,covered
P050182,HPA052501,High Pro Amnesia,CoQ-PP_26-121,reissue — 12-month retest,18.09.2026,11.2,Cadmium (Cd),ND,4352/2025,15.09.2025,IPH — Institute of Public Health,,carried from the initial testing (CoQ-PP-2025-0016) — covered
P050182,HPA052501,High Pro Amnesia,CoQ-PP_26-024,release,06.06.2026,11.3,Arsenic (As),ND,4352/2025,15.09.2025,IPH — Institute of Public Health,,covered
P050182,HPA052501,High Pro Amnesia,CoQ-PP_26-121,reissue — 12-month retest,18.09.2026,11.3,Arsenic (As),ND,4352/2025,15.09.2025,IPH — Institute of Public Health,,carried from the initial testing (CoQ-PP-2025-0016) — covered
P050182,HPA052501,High Pro Amnesia,CoQ-PP_26-024,release,06.06.2026,11.4,Mercury (Hg),ND,4352/2025,15.09.2025,IPH — Institute of Public Health,,covered
P050182,HPA052501,High Pro Amnesia,CoQ-PP_26-121,reissue — 12-month retest,18.09.2026,11.4,Mercury (Hg),ND,4352/2025,15.09.2025,IPH — Institute of Public Health,,carried from the initial testing (CoQ-PP-2025-0016) — covered
P050182,HPA052501,High Pro Amnesia,CoQ-PP_26-024,release,06.06.2026,12,Pesticide Residues,ND,4352/2025,15.09.2025,IPH — Institute of Public Health,,covered
P050182,HPA052501,High Pro Amnesia,CoQ-PP_26-121,reissue — 12-month retest,18.09.2026,12,Pesticide Residues,ND,4352/2025,15.09.2025,IPH — Institute of Public Health,,carried from the initial testing (CoQ-PP-2025-0016) — covered
P050192,BSS052501,Blue Sunset Sherbet,CoQ-PP_26-025,release,06.06.2026,1,"Identification A, Appearance · Macroscopic",Conforms | Одговара,iCoA-PP_26-023,03.06.2026,Purely Plant GmbH (in-house),yes,to be performed — see route
P050192,BSS052501,Blue Sunset Sherbet,CoQ-PP_26-107,reissue — 12-month retest,18.09.2026,1,"Identification A, Appearance · Macroscopic",Conforms | Одговара,iCoA-PP_26-122,17.08.2026,Purely Plant GmbH (in-house),yes,covered
P050192,BSS052501,Blue Sunset Sherbet,CoQ-PP_26-025,release,06.06.2026,2,Identification B · Microscopic,Conforms | Одговара,iCoA-PP_26-023,03.06.2026,Purely Plant GmbH (in-house),yes,to be performed — see route
P050192,BSS052501,Blue Sunset Sherbet,CoQ-PP_26-107,reissue — 12-month retest,18.09.2026,2,Identification B · Microscopic,Conforms | Одговара,iCoA-PP_26-122,17.08.2026,Purely Plant GmbH (in-house),yes,covered
P050192,BSS052501,Blue Sunset Sherbet,CoQ-PP_26-025,release,06.06.2026,3,Identification C · HPLC/HPTLC,not tested,—,—,—,,not tested — no certificate covers it
P050192,BSS052501,Blue Sunset Sherbet,CoQ-PP_26-107,reissue — 12-month retest,18.09.2026,3,Identification C · HPLC/HPTLC,Conforms | Одговара,220-2-К/26,25.08.2026,Farmahem,,covered
P050192,BSS052501,Blue Sunset Sherbet,CoQ-PP_26-025,release,06.06.2026,4,Assay — Total Δ⁹-THC,20.39,iCoA-PP_26-023,03.06.2026,Purely Plant GmbH (in-house),yes,"in-house CoA only — not an eCoA or an iCoA: a value no certificate of analysis certifies cannot be on a release certificate (owner's rule, 02.09.2026)"
P050192,BSS052501,Blue Sunset Sherbet,CoQ-PP_26-107,reissue — 12-month retest,18.09.2026,4,Assay — Total Δ⁹-THC,20.52,220-2-К/26,25.08.2026,Farmahem,,covered
P050192,BSS052501,Blue Sunset Sherbet,CoQ-PP_26-025,release,06.06.2026,5,Assay — Total CBD,0.11,iCoA-PP_26-023,03.06.2026,Purely Plant GmbH (in-house),yes,"in-house CoA only — not an eCoA or an iCoA: a value no certificate of analysis certifies cannot be on a release certificate (owner's rule, 02.09.2026)"
P050192,BSS052501,Blue Sunset Sherbet,CoQ-PP_26-107,reissue — 12-month retest,18.09.2026,5,Assay — Total CBD,< LOQ,220-2-К/26,25.08.2026,Farmahem,,covered
P050192,BSS052501,Blue Sunset Sherbet,CoQ-PP_26-025,release,06.06.2026,6,Total CBN,not tested,—,—,—,,not tested — no certificate covers it
P050192,BSS052501,Blue Sunset Sherbet,CoQ-PP_26-107,reissue — 12-month retest,18.09.2026,6,Total CBN,< LOQ,220-2-К/26,25.08.2026,Farmahem,,covered
P050192,BSS052501,Blue Sunset Sherbet,CoQ-PP_26-025,release,06.06.2026,7,Foreign Matter,Conforms | Одговара,iCoA-PP_26-023,03.06.2026,Purely Plant GmbH (in-house),yes,to be performed — see route
P050192,BSS052501,Blue Sunset Sherbet,CoQ-PP_26-107,reissue — 12-month retest,18.09.2026,7,Foreign Matter,Conforms | Одговара,iCoA-PP_26-122,17.08.2026,Purely Plant GmbH (in-house),yes,covered
P050192,BSS052501,Blue Sunset Sherbet,CoQ-PP_26-025,release,06.06.2026,8,Loss on Drying,8.60,iCoA-PP_26-023,03.06.2026,Purely Plant GmbH (in-house),yes,"in-house CoA only — not an eCoA or an iCoA: a value no certificate of analysis certifies cannot be on a release certificate (owner's rule, 02.09.2026)"
P050192,BSS052501,Blue Sunset Sherbet,CoQ-PP_26-107,reissue — 12-month retest,18.09.2026,8,Loss on Drying,8.60,iCoA-PP_26-023,03.06.2026,Purely Plant GmbH (in-house),yes,"carried from the initial testing (CoQ-PP-2025-0017) — in-house CoA only — not an eCoA or an iCoA: a value no certificate of analysis certifies cannot be on a release certificate (owner's rule, 02.09.2026)"
P050192,BSS052501,Blue Sunset Sherbet,CoQ-PP_26-025,release,06.06.2026,9.1,TAMC,200,1157/2058/25,24.11.2025,IPH — Institute of Public Health,,covered
P050192,BSS052501,Blue Sunset Sherbet,CoQ-PP_26-107,reissue — 12-month retest,18.09.2026,9.1,TAMC,200,1157/2058/25,24.11.2025,IPH — Institute of Public Health,,carried from the initial testing (CoQ-PP-2025-0017) — covered
P050192,BSS052501,Blue Sunset Sherbet,CoQ-PP_26-025,release,06.06.2026,9.2,TYMC,200,1157/2058/25,24.11.2025,IPH — Institute of Public Health,,covered
P050192,BSS052501,Blue Sunset Sherbet,CoQ-PP_26-107,reissue — 12-month retest,18.09.2026,9.2,TYMC,200,1157/2058/25,24.11.2025,IPH — Institute of Public Health,,carried from the initial testing (CoQ-PP-2025-0017) — covered
P050192,BSS052501,Blue Sunset Sherbet,CoQ-PP_26-025,release,06.06.2026,9.3,Bile-tolerant gram-neg.,< 10² and > 10,1157/2058/25,24.11.2025,IPH — Institute of Public Health,,covered
P050192,BSS052501,Blue Sunset Sherbet,CoQ-PP_26-107,reissue — 12-month retest,18.09.2026,9.3,Bile-tolerant gram-neg.,< 10² and > 10,1157/2058/25,24.11.2025,IPH — Institute of Public Health,,carried from the initial testing (CoQ-PP-2025-0017) — covered
P050192,BSS052501,Blue Sunset Sherbet,CoQ-PP_26-025,release,06.06.2026,9.4,Salmonella,Absent | Отсутна,1157/2058/25,24.11.2025,IPH — Institute of Public Health,,covered
P050192,BSS052501,Blue Sunset Sherbet,CoQ-PP_26-107,reissue — 12-month retest,18.09.2026,9.4,Salmonella,Absent | Отсутна,1157/2058/25,24.11.2025,IPH — Institute of Public Health,,carried from the initial testing (CoQ-PP-2025-0017) — covered
P050192,BSS052501,Blue Sunset Sherbet,CoQ-PP_26-025,release,06.06.2026,9.5,Escherichia coli,Absent | Отсутна,1157/2058/25,24.11.2025,IPH — Institute of Public Health,,covered
P050192,BSS052501,Blue Sunset Sherbet,CoQ-PP_26-107,reissue — 12-month retest,18.09.2026,9.5,Escherichia coli,Absent | Отсутна,1157/2058/25,24.11.2025,IPH — Institute of Public Health,,carried from the initial testing (CoQ-PP-2025-0017) — covered
P050192,BSS052501,Blue Sunset Sherbet,CoQ-PP_26-025,release,06.06.2026,9.6,Pseudomonas aeruginosa,upon request — not required for release,—,—,—,,upon request — not required for release
P050192,BSS052501,Blue Sunset Sherbet,CoQ-PP_26-107,reissue — 12-month retest,18.09.2026,9.6,Pseudomonas aeruginosa,upon request — not required for release,—,—,—,,upon request — not required for release
P050192,BSS052501,Blue Sunset Sherbet,CoQ-PP_26-025,release,06.06.2026,9.7,Staphylococcus aureus,upon request — not required for release,—,—,—,,upon request — not required for release
P050192,BSS052501,Blue Sunset Sherbet,CoQ-PP_26-107,reissue — 12-month retest,18.09.2026,9.7,Staphylococcus aureus,upon request — not required for release,—,—,—,,upon request — not required for release
P050192,BSS052501,Blue Sunset Sherbet,CoQ-PP_26-025,release,06.06.2026,10.1,Aflatoxin B₁,ND,276-31-М/25,04.12.2025,Farmahem,,covered
P050192,BSS052501,Blue Sunset Sherbet,CoQ-PP_26-107,reissue — 12-month retest,18.09.2026,10.1,Aflatoxin B₁,ND,220-2-М/26,11.09.2026,Farmahem,,covered
P050192,BSS052501,Blue Sunset Sherbet,CoQ-PP_26-025,release,06.06.2026,10.2,Aflatoxins ∑,not tested,—,—,—,,not tested — no certificate covers it
P050192,BSS052501,Blue Sunset Sherbet,CoQ-PP_26-107,reissue — 12-month retest,18.09.2026,10.2,Aflatoxins ∑,ND,220-2-М/26,11.09.2026,Farmahem,,covered
P050192,BSS052501,Blue Sunset Sherbet,CoQ-PP_26-025,release,06.06.2026,10.3,Ochratoxin A,< LOQ,276-31-М/25,04.12.2025,Farmahem,,covered
P050192,BSS052501,Blue Sunset Sherbet,CoQ-PP_26-107,reissue — 12-month retest,18.09.2026,10.3,Ochratoxin A,ND,220-2-М/26,11.09.2026,Farmahem,,covered
P050192,BSS052501,Blue Sunset Sherbet,CoQ-PP_26-025,release,06.06.2026,11.1,Lead (Pb),0.024,5661/2025,01.12.2025,IPH — Institute of Public Health,,covered
P050192,BSS052501,Blue Sunset Sherbet,CoQ-PP_26-107,reissue — 12-month retest,18.09.2026,11.1,Lead (Pb),0.024,5661/2025,01.12.2025,IPH — Institute of Public Health,,carried from the initial testing (CoQ-PP-2025-0017) — covered
P050192,BSS052501,Blue Sunset Sherbet,CoQ-PP_26-025,release,06.06.2026,11.2,Cadmium (Cd),0.004,5661/2025,01.12.2025,IPH — Institute of Public Health,,covered
P050192,BSS052501,Blue Sunset Sherbet,CoQ-PP_26-107,reissue — 12-month retest,18.09.2026,11.2,Cadmium (Cd),0.004,5661/2025,01.12.2025,IPH — Institute of Public Health,,carried from the initial testing (CoQ-PP-2025-0017) — covered
P050192,BSS052501,Blue Sunset Sherbet,CoQ-PP_26-025,release,06.06.2026,11.3,Arsenic (As),0.025,5661/2025,01.12.2025,IPH — Institute of Public Health,,covered
P050192,BSS052501,Blue Sunset Sherbet,CoQ-PP_26-107,reissue — 12-month retest,18.09.2026,11.3,Arsenic (As),0.025,5661/2025,01.12.2025,IPH — Institute of Public Health,,carried from the initial testing (CoQ-PP-2025-0017) — covered
P050192,BSS052501,Blue Sunset Sherbet,CoQ-PP_26-025,release,06.06.2026,11.4,Mercury (Hg),0.0036,5661/2025,01.12.2025,IPH — Institute of Public Health,,covered
P050192,BSS052501,Blue Sunset Sherbet,CoQ-PP_26-107,reissue — 12-month retest,18.09.2026,11.4,Mercury (Hg),0.0036,5661/2025,01.12.2025,IPH — Institute of Public Health,,carried from the initial testing (CoQ-PP-2025-0017) — covered
P050192,BSS052501,Blue Sunset Sherbet,CoQ-PP_26-025,release,06.06.2026,12,Pesticide Residues,Not found any pesticide above LOQ (≤LOQ) — COMPLIES with Ph. Eur.,10802_2845/2,17.11.2025,State Phytosanitary Laboratory,,covered
P050192,BSS052501,Blue Sunset Sherbet,CoQ-PP_26-107,reissue — 12-month retest,18.09.2026,12,Pesticide Residues,Not found any pesticide above LOQ (≤LOQ) — COMPLIES with Ph. Eur.,10802_2845/2,17.11.2025,State Phytosanitary Laboratory,,carried from the initial testing (CoQ-PP-2025-0017) — covered
P050202,GP062501,Grape Pie,CoQ-PP_26-026,release,06.06.2026,1,"Identification A, Appearance · Macroscopic",Conforms | Одговара,iCoA-PP_26-024,03.06.2026,Purely Plant GmbH (in-house),yes,to be performed — see route
P050202,GP062501,Grape Pie,CoQ-PP_26-149,reissue — 12-month retest,21.09.2026,1,"Identification A, Appearance · Macroscopic",Conforms | Одговара,iCoA-PP_26-165,24.08.2026,Purely Plant GmbH (in-house),yes,covered
P050202,GP062501,Grape Pie,CoQ-PP_26-026,release,06.06.2026,2,Identification B · Microscopic,Conforms | Одговара,iCoA-PP_26-024,03.06.2026,Purely Plant GmbH (in-house),yes,to be performed — see route
P050202,GP062501,Grape Pie,CoQ-PP_26-149,reissue — 12-month retest,21.09.2026,2,Identification B · Microscopic,Conforms | Одговара,iCoA-PP_26-165,24.08.2026,Purely Plant GmbH (in-house),yes,to be performed — see route
P050202,GP062501,Grape Pie,CoQ-PP_26-026,release,06.06.2026,3,Identification C · HPLC/HPTLC,not tested,—,—,—,,not tested — no certificate covers it
P050202,GP062501,Grape Pie,CoQ-PP_26-149,reissue — 12-month retest,21.09.2026,3,Identification C · HPLC/HPTLC,Conforms | Одговара,227-18-К/26,11.09.2026,Farmahem,,covered
P050202,GP062501,Grape Pie,CoQ-PP_26-026,release,06.06.2026,4,Assay — Total Δ⁹-THC,24.89,iCoA-PP_26-024,03.06.2026,Purely Plant GmbH (in-house),yes,"in-house CoA only — not an eCoA or an iCoA: a value no certificate of analysis certifies cannot be on a release certificate (owner's rule, 02.09.2026)"
P050202,GP062501,Grape Pie,CoQ-PP_26-149,reissue — 12-month retest,21.09.2026,4,Assay — Total Δ⁹-THC,25.97,227-18-К/26,11.09.2026,Farmahem,,covered
P050202,GP062501,Grape Pie,CoQ-PP_26-026,release,06.06.2026,5,Assay — Total CBD,0.17,iCoA-PP_26-024,03.06.2026,Purely Plant GmbH (in-house),yes,"in-house CoA only — not an eCoA or an iCoA: a value no certificate of analysis certifies cannot be on a release certificate (owner's rule, 02.09.2026)"
P050202,GP062501,Grape Pie,CoQ-PP_26-149,reissue — 12-month retest,21.09.2026,5,Assay — Total CBD,< LOQ,227-18-К/26,11.09.2026,Farmahem,,covered
P050202,GP062501,Grape Pie,CoQ-PP_26-026,release,06.06.2026,6,Total CBN,not tested,—,—,—,,not tested — no certificate covers it
P050202,GP062501,Grape Pie,CoQ-PP_26-149,reissue — 12-month retest,21.09.2026,6,Total CBN,< LOQ,227-18-К/26,11.09.2026,Farmahem,,covered
P050202,GP062501,Grape Pie,CoQ-PP_26-026,release,06.06.2026,7,Foreign Matter,Conforms | Одговара,iCoA-PP_26-024,03.06.2026,Purely Plant GmbH (in-house),yes,to be performed — see route
P050202,GP062501,Grape Pie,CoQ-PP_26-149,reissue — 12-month retest,21.09.2026,7,Foreign Matter,Conforms | Одговара,iCoA-PP_26-165,24.08.2026,Purely Plant GmbH (in-house),yes,covered
P050202,GP062501,Grape Pie,CoQ-PP_26-026,release,06.06.2026,8,Loss on Drying,"8.19 (avg of 4 weighings 51-1,51-2,52-1,52-2)",iCoA-PP_26-024,03.06.2026,Purely Plant GmbH (in-house),yes,"in-house CoA only — not an eCoA or an iCoA: a value no certificate of analysis certifies cannot be on a release certificate (owner's rule, 02.09.2026)"
P050202,GP062501,Grape Pie,CoQ-PP_26-149,reissue — 12-month retest,21.09.2026,8,Loss on Drying,"8.19 (avg of 4 weighings 51-1,51-2,52-1,52-2)",iCoA-PP_26-024,03.06.2026,Purely Plant GmbH (in-house),yes,"carried from the initial testing (the batch's initial CoQ (number assigned on issue)) — in-house CoA only — not an eCoA or an iCoA: a value no certificate of analysis certifies cannot be on a release certificate (owner's rule, 02.09.2026)"
P050202,GP062501,Grape Pie,CoQ-PP_26-026,release,06.06.2026,9.1,TAMC,1.3 × 10⁴,1009/1813/25,08.10.2025,IPH — Institute of Public Health,,covered
P050202,GP062501,Grape Pie,CoQ-PP_26-149,reissue — 12-month retest,21.09.2026,9.1,TAMC,< 10,557/1088/26,01.09.2026,IPH — Institute of Public Health,,covered
P050202,GP062501,Grape Pie,CoQ-PP_26-026,release,06.06.2026,9.2,TYMC,4.2 × 10³,1009/1813/25,08.10.2025,IPH — Institute of Public Health,,covered
P050202,GP062501,Grape Pie,CoQ-PP_26-149,reissue — 12-month retest,21.09.2026,9.2,TYMC,< 10,557/1088/26,01.09.2026,IPH — Institute of Public Health,,covered
P050202,GP062501,Grape Pie,CoQ-PP_26-026,release,06.06.2026,9.3,Bile-tolerant gram-neg.,< 10³ and > 10²,1009/1813/25,08.10.2025,IPH — Institute of Public Health,,covered
P050202,GP062501,Grape Pie,CoQ-PP_26-149,reissue — 12-month retest,21.09.2026,9.3,Bile-tolerant gram-neg.,< 10,557/1088/26,01.09.2026,IPH — Institute of Public Health,,covered
P050202,GP062501,Grape Pie,CoQ-PP_26-026,release,06.06.2026,9.4,Salmonella,Absent | Отсутна,1009/1813/25,08.10.2025,IPH — Institute of Public Health,,covered
P050202,GP062501,Grape Pie,CoQ-PP_26-149,reissue — 12-month retest,21.09.2026,9.4,Salmonella,Absent | Отсутна,557/1088/26,01.09.2026,IPH — Institute of Public Health,,covered
P050202,GP062501,Grape Pie,CoQ-PP_26-026,release,06.06.2026,9.5,Escherichia coli,Absent | Отсутна,1009/1813/25,08.10.2025,IPH — Institute of Public Health,,covered
P050202,GP062501,Grape Pie,CoQ-PP_26-149,reissue — 12-month retest,21.09.2026,9.5,Escherichia coli,Absent | Отсутна,557/1088/26,01.09.2026,IPH — Institute of Public Health,,covered
P050202,GP062501,Grape Pie,CoQ-PP_26-026,release,06.06.2026,9.6,Pseudomonas aeruginosa,upon request — not required for release,—,—,—,,upon request — not required for release
P050202,GP062501,Grape Pie,CoQ-PP_26-149,reissue — 12-month retest,21.09.2026,9.6,Pseudomonas aeruginosa,upon request — not required for release,—,—,—,,upon request — not required for release
P050202,GP062501,Grape Pie,CoQ-PP_26-026,release,06.06.2026,9.7,Staphylococcus aureus,upon request — not required for release,—,—,—,,upon request — not required for release
P050202,GP062501,Grape Pie,CoQ-PP_26-149,reissue — 12-month retest,21.09.2026,9.7,Staphylococcus aureus,upon request — not required for release,—,—,—,,upon request — not required for release
P050202,GP062501,Grape Pie,CoQ-PP_26-026,release,06.06.2026,10.1,Aflatoxin B₁,not tested,—,—,—,,not tested — no certificate covers it
P050202,GP062501,Grape Pie,CoQ-PP_26-149,reissue — 12-month retest,21.09.2026,10.1,Aflatoxin B₁,awaiting the Farmahem mycotoxin certificate,—,—,—,,awaiting the mycotoxin re-analysis — Farmahem
P050202,GP062501,Grape Pie,CoQ-PP_26-026,release,06.06.2026,10.2,Aflatoxins ∑,< 2,4762/2025,08.10.2025,IPH — Institute of Public Health,,covered
P050202,GP062501,Grape Pie,CoQ-PP_26-149,reissue — 12-month retest,21.09.2026,10.2,Aflatoxins ∑,< 2,4762/2025,08.10.2025,IPH — Institute of Public Health,,carried from the initial testing (the batch's initial CoQ (number assigned on issue)) — covered
P050202,GP062501,Grape Pie,CoQ-PP_26-026,release,06.06.2026,10.3,Ochratoxin A,not tested,—,—,—,,not tested — no certificate covers it
P050202,GP062501,Grape Pie,CoQ-PP_26-149,reissue — 12-month retest,21.09.2026,10.3,Ochratoxin A,awaiting the Farmahem mycotoxin certificate,—,—,—,,awaiting the mycotoxin re-analysis — Farmahem
P050202,GP062501,Grape Pie,CoQ-PP_26-026,release,06.06.2026,11.1,Lead (Pb),0.077,4762/2025,08.10.2025,IPH — Institute of Public Health,,covered
P050202,GP062501,Grape Pie,CoQ-PP_26-149,reissue — 12-month retest,21.09.2026,11.1,Lead (Pb),0.077,4762/2025,08.10.2025,IPH — Institute of Public Health,,carried from the initial testing (the batch's initial CoQ (number assigned on issue)) — covered
P050202,GP062501,Grape Pie,CoQ-PP_26-026,release,06.06.2026,11.2,Cadmium (Cd),0.014,4762/2025,08.10.2025,IPH — Institute of Public Health,,covered
P050202,GP062501,Grape Pie,CoQ-PP_26-149,reissue — 12-month retest,21.09.2026,11.2,Cadmium (Cd),0.014,4762/2025,08.10.2025,IPH — Institute of Public Health,,carried from the initial testing (the batch's initial CoQ (number assigned on issue)) — covered
P050202,GP062501,Grape Pie,CoQ-PP_26-026,release,06.06.2026,11.3,Arsenic (As),0.024,4762/2025,08.10.2025,IPH — Institute of Public Health,,covered
P050202,GP062501,Grape Pie,CoQ-PP_26-149,reissue — 12-month retest,21.09.2026,11.3,Arsenic (As),0.024,4762/2025,08.10.2025,IPH — Institute of Public Health,,carried from the initial testing (the batch's initial CoQ (number assigned on issue)) — covered
P050202,GP062501,Grape Pie,CoQ-PP_26-026,release,06.06.2026,11.4,Mercury (Hg),0.011,4762/2025,08.10.2025,IPH — Institute of Public Health,,covered
P050202,GP062501,Grape Pie,CoQ-PP_26-149,reissue — 12-month retest,21.09.2026,11.4,Mercury (Hg),0.011,4762/2025,08.10.2025,IPH — Institute of Public Health,,carried from the initial testing (the batch's initial CoQ (number assigned on issue)) — covered
P050202,GP062501,Grape Pie,CoQ-PP_26-026,release,06.06.2026,12,Pesticide Residues,ND,4762/2025,08.10.2025,IPH — Institute of Public Health,,covered
P050202,GP062501,Grape Pie,CoQ-PP_26-149,reissue — 12-month retest,21.09.2026,12,Pesticide Residues,ND,4762/2025,08.10.2025,IPH — Institute of Public Health,,carried from the initial testing (the batch's initial CoQ (number assigned on issue)) — covered
P050212,CJ062501-2,Cap Junkie,CoQ-PP_26-027,release,06.06.2026,1,"Identification A, Appearance · Macroscopic",Conforms | Одговара,iCoA-PP_26-025,03.06.2026,Purely Plant GmbH (in-house),yes,to be performed — see route
P050212,CJ062501-2,Cap Junkie,CoQ-PP_26-089,reissue — 12-month retest,07.09.2026,1,"Identification A, Appearance · Macroscopic",Conforms | Одговара,iCoA-PP_26-101,27.07.2026,Purely Plant GmbH (in-house),yes,covered
P050212,CJ062501-2,Cap Junkie,CoQ-PP_26-027,release,06.06.2026,2,Identification B · Microscopic,Conforms | Одговара,iCoA-PP_26-025,03.06.2026,Purely Plant GmbH (in-house),yes,to be performed — see route
P050212,CJ062501-2,Cap Junkie,CoQ-PP_26-089,reissue — 12-month retest,07.09.2026,2,Identification B · Microscopic,Conforms | Одговара,iCoA-PP_26-101,27.07.2026,Purely Plant GmbH (in-house),yes,covered
P050212,CJ062501-2,Cap Junkie,CoQ-PP_26-027,release,06.06.2026,3,Identification C · HPLC/HPTLC,Conforms | Одговара,ППК25322,23.10.2025,UKIM Faculty of Pharmacy — Center for Natural Products,,covered
P050212,CJ062501-2,Cap Junkie,CoQ-PP_26-089,reissue — 12-month retest,07.09.2026,3,Identification C · HPLC/HPTLC,Conforms | Одговара,197-4-К/26,07.08.2026,Farmahem,,covered
P050212,CJ062501-2,Cap Junkie,CoQ-PP_26-027,release,06.06.2026,4,Assay — Total Δ⁹-THC,16.56,ППК25322,23.10.2025,UKIM Faculty of Pharmacy — Center for Natural Products,,covered
P050212,CJ062501-2,Cap Junkie,CoQ-PP_26-089,reissue — 12-month retest,07.09.2026,4,Assay — Total Δ⁹-THC,18.91,197-4-К/26,07.08.2026,Farmahem,,covered
P050212,CJ062501-2,Cap Junkie,CoQ-PP_26-027,release,06.06.2026,5,Assay — Total CBD,0.14,ППК25322,23.10.2025,UKIM Faculty of Pharmacy — Center for Natural Products,,covered
P050212,CJ062501-2,Cap Junkie,CoQ-PP_26-089,reissue — 12-month retest,07.09.2026,5,Assay — Total CBD,< LOQ,197-4-К/26,07.08.2026,Farmahem,,covered
P050212,CJ062501-2,Cap Junkie,CoQ-PP_26-027,release,06.06.2026,6,Total CBN,< LOQ ᴰ,ППК25322,23.10.2025,CNP,,covered
P050212,CJ062501-2,Cap Junkie,CoQ-PP_26-089,reissue — 12-month retest,07.09.2026,6,Total CBN,< LOQ,197-4-К/26,07.08.2026,Farmahem,,covered
P050212,CJ062501-2,Cap Junkie,CoQ-PP_26-027,release,06.06.2026,7,Foreign Matter,Conforms | Одговара,iCoA-PP_26-025,03.06.2026,Purely Plant GmbH (in-house),yes,to be performed — see route
P050212,CJ062501-2,Cap Junkie,CoQ-PP_26-089,reissue — 12-month retest,07.09.2026,7,Foreign Matter,Conforms | Одговара,iCoA-PP_26-101,27.07.2026,Purely Plant GmbH (in-house),yes,covered
P050212,CJ062501-2,Cap Junkie,CoQ-PP_26-027,release,06.06.2026,8,Loss on Drying,6.70,ППК25322,23.10.2025,UKIM Faculty of Pharmacy — Center for Natural Products,,covered
P050212,CJ062501-2,Cap Junkie,CoQ-PP_26-089,reissue — 12-month retest,07.09.2026,8,Loss on Drying,6.70,ППК25322,23.10.2025,UKIM Faculty of Pharmacy — Center for Natural Products,,carried from the initial testing (the batch's initial CoQ (number assigned on issue)) — covered
P050212,CJ062501-2,Cap Junkie,CoQ-PP_26-027,release,06.06.2026,9.1,TAMC,2.2 × 10⁴,1032/1851/25,17.10.2025,IPH — Institute of Public Health,,covered
P050212,CJ062501-2,Cap Junkie,CoQ-PP_26-089,reissue — 12-month retest,07.09.2026,9.1,TAMC,"6,2 × 10³",534/1065/26,31.08.2026,IPH — Institute of Public Health,,covered
P050212,CJ062501-2,Cap Junkie,CoQ-PP_26-027,release,06.06.2026,9.2,TYMC,4.9 × 10⁴,1032/1851/25,17.10.2025,IPH — Institute of Public Health,,OUT OF SPECIFICATION
P050212,CJ062501-2,Cap Junkie,CoQ-PP_26-089,reissue — 12-month retest,07.09.2026,9.2,TYMC,"2,3 × 10²",534/1065/26,31.08.2026,IPH — Institute of Public Health,,covered
P050212,CJ062501-2,Cap Junkie,CoQ-PP_26-027,release,06.06.2026,9.3,Bile-tolerant gram-neg.,< 10⁴ and > 10³,1032/1851/25,17.10.2025,IPH — Institute of Public Health,,covered
P050212,CJ062501-2,Cap Junkie,CoQ-PP_26-089,reissue — 12-month retest,07.09.2026,9.3,Bile-tolerant gram-neg.,< 10⁴ and > 10³,534/1065/26,31.08.2026,IPH — Institute of Public Health,,covered
P050212,CJ062501-2,Cap Junkie,CoQ-PP_26-027,release,06.06.2026,9.4,Salmonella,Absent | Отсутна,1032/1851/25,17.10.2025,IPH — Institute of Public Health,,covered
P050212,CJ062501-2,Cap Junkie,CoQ-PP_26-089,reissue — 12-month retest,07.09.2026,9.4,Salmonella,Absent | Отсутна,534/1065/26,31.08.2026,IPH — Institute of Public Health,,covered
P050212,CJ062501-2,Cap Junkie,CoQ-PP_26-027,release,06.06.2026,9.5,Escherichia coli,Absent | Отсутна,1032/1851/25,17.10.2025,IPH — Institute of Public Health,,covered
P050212,CJ062501-2,Cap Junkie,CoQ-PP_26-089,reissue — 12-month retest,07.09.2026,9.5,Escherichia coli,Absent | Отсутна,534/1065/26,31.08.2026,IPH — Institute of Public Health,,covered
P050212,CJ062501-2,Cap Junkie,CoQ-PP_26-027,release,06.06.2026,9.6,Pseudomonas aeruginosa,upon request — not required for release,—,—,—,,upon request — not required for release
P050212,CJ062501-2,Cap Junkie,CoQ-PP_26-089,reissue — 12-month retest,07.09.2026,9.6,Pseudomonas aeruginosa,upon request — not required for release,—,—,—,,upon request — not required for release
P050212,CJ062501-2,Cap Junkie,CoQ-PP_26-027,release,06.06.2026,9.7,Staphylococcus aureus,upon request — not required for release,—,—,—,,upon request — not required for release
P050212,CJ062501-2,Cap Junkie,CoQ-PP_26-089,reissue — 12-month retest,07.09.2026,9.7,Staphylococcus aureus,upon request — not required for release,—,—,—,,upon request — not required for release
P050212,CJ062501-2,Cap Junkie,CoQ-PP_26-027,release,06.06.2026,10.1,Aflatoxin B₁,not tested,—,—,—,,not tested — no certificate covers it
P050212,CJ062501-2,Cap Junkie,CoQ-PP_26-089,reissue — 12-month retest,07.09.2026,10.1,Aflatoxin B₁,ND,197-4-М/26,10.08.2026,Farmahem,,covered
P050212,CJ062501-2,Cap Junkie,CoQ-PP_26-027,release,06.06.2026,10.2,Aflatoxins ∑,< 2,4908/2025,24.10.2025,IPH — Institute of Public Health,,covered
P050212,CJ062501-2,Cap Junkie,CoQ-PP_26-089,reissue — 12-month retest,07.09.2026,10.2,Aflatoxins ∑,ND,197-4-М/26,10.08.2026,Farmahem,,covered
P050212,CJ062501-2,Cap Junkie,CoQ-PP_26-027,release,06.06.2026,10.3,Ochratoxin A,not tested,—,—,—,,not tested — no certificate covers it
P050212,CJ062501-2,Cap Junkie,CoQ-PP_26-089,reissue — 12-month retest,07.09.2026,10.3,Ochratoxin A,ND,197-4-М/26,10.08.2026,Farmahem,,covered
P050212,CJ062501-2,Cap Junkie,CoQ-PP_26-027,release,06.06.2026,11.1,Lead (Pb),0.026,4908/2025,24.10.2025,IPH — Institute of Public Health,,covered
P050212,CJ062501-2,Cap Junkie,CoQ-PP_26-089,reissue — 12-month retest,07.09.2026,11.1,Lead (Pb),0.026,4908/2025,24.10.2025,IPH — Institute of Public Health,,carried from the initial testing (the batch's initial CoQ (number assigned on issue)) — covered
P050212,CJ062501-2,Cap Junkie,CoQ-PP_26-027,release,06.06.2026,11.2,Cadmium (Cd),0.002,4908/2025,24.10.2025,IPH — Institute of Public Health,,covered
P050212,CJ062501-2,Cap Junkie,CoQ-PP_26-089,reissue — 12-month retest,07.09.2026,11.2,Cadmium (Cd),0.002,4908/2025,24.10.2025,IPH — Institute of Public Health,,carried from the initial testing (the batch's initial CoQ (number assigned on issue)) — covered
P050212,CJ062501-2,Cap Junkie,CoQ-PP_26-027,release,06.06.2026,11.3,Arsenic (As),0.011,4908/2025,24.10.2025,IPH — Institute of Public Health,,covered
P050212,CJ062501-2,Cap Junkie,CoQ-PP_26-089,reissue — 12-month retest,07.09.2026,11.3,Arsenic (As),0.011,4908/2025,24.10.2025,IPH — Institute of Public Health,,carried from the initial testing (the batch's initial CoQ (number assigned on issue)) — covered
P050212,CJ062501-2,Cap Junkie,CoQ-PP_26-027,release,06.06.2026,11.4,Mercury (Hg),0.012,4908/2025,24.10.2025,IPH — Institute of Public Health,,covered
P050212,CJ062501-2,Cap Junkie,CoQ-PP_26-089,reissue — 12-month retest,07.09.2026,11.4,Mercury (Hg),0.012,4908/2025,24.10.2025,IPH — Institute of Public Health,,carried from the initial testing (the batch's initial CoQ (number assigned on issue)) — covered
P050212,CJ062501-2,Cap Junkie,CoQ-PP_26-027,release,06.06.2026,12,Pesticide Residues,ND,4908/2025,24.10.2025,IPH — Institute of Public Health,,covered
P050212,CJ062501-2,Cap Junkie,CoQ-PP_26-089,reissue — 12-month retest,07.09.2026,12,Pesticide Residues,ND,4908/2025,24.10.2025,IPH — Institute of Public Health,,carried from the initial testing (the batch's initial CoQ (number assigned on issue)) — covered
P050222,CJ062501/1,Cap Junky,CoQ-PP_26-028,release,06.06.2026,1,"Identification A, Appearance · Macroscopic",Conforms | Одговара,iCoA-PP_26-026,03.06.2026,Purely Plant GmbH (in-house),yes,to be performed — see route
P050222,CJ062501/1,Cap Junky,CoQ-PP_26-110,reissue — 12-month retest,18.09.2026,1,"Identification A, Appearance · Macroscopic",Conforms | Одговара,iCoA-PP_26-124,17.08.2026,Purely Plant GmbH (in-house),yes,covered
P050222,CJ062501/1,Cap Junky,CoQ-PP_26-028,release,06.06.2026,2,Identification B · Microscopic,Conforms | Одговара,iCoA-PP_26-026,03.06.2026,Purely Plant GmbH (in-house),yes,to be performed — see route
P050222,CJ062501/1,Cap Junky,CoQ-PP_26-110,reissue — 12-month retest,18.09.2026,2,Identification B · Microscopic,Conforms | Одговара,iCoA-PP_26-124,17.08.2026,Purely Plant GmbH (in-house),yes,covered
P050222,CJ062501/1,Cap Junky,CoQ-PP_26-028,release,06.06.2026,3,Identification C · HPLC/HPTLC,Conforms | Одговара,ППК25321,23.10.2025,UKIM Faculty of Pharmacy — Center for Natural Products,,covered
P050222,CJ062501/1,Cap Junky,CoQ-PP_26-110,reissue — 12-month retest,18.09.2026,3,Identification C · HPLC/HPTLC,Conforms | Одговара,220-3-К/26,25.08.2026,Farmahem,,covered
P050222,CJ062501/1,Cap Junky,CoQ-PP_26-028,release,06.06.2026,4,Assay — Total Δ⁹-THC,21.51,ППК25321,23.10.2025,UKIM Faculty of Pharmacy — Center for Natural Products,,covered
P050222,CJ062501/1,Cap Junky,CoQ-PP_26-110,reissue — 12-month retest,18.09.2026,4,Assay — Total Δ⁹-THC,24.80,220-3-К/26,25.08.2026,Farmahem,,covered
P050222,CJ062501/1,Cap Junky,CoQ-PP_26-028,release,06.06.2026,5,Assay — Total CBD,0.07,ППК25321,23.10.2025,UKIM Faculty of Pharmacy — Center for Natural Products,,covered
P050222,CJ062501/1,Cap Junky,CoQ-PP_26-110,reissue — 12-month retest,18.09.2026,5,Assay — Total CBD,< LOQ,220-3-К/26,25.08.2026,Farmahem,,covered
P050222,CJ062501/1,Cap Junky,CoQ-PP_26-028,release,06.06.2026,6,Total CBN,0.02 ᴰ,ППК25321,23.10.2025,CNP,,covered
P050222,CJ062501/1,Cap Junky,CoQ-PP_26-110,reissue — 12-month retest,18.09.2026,6,Total CBN,< LOQ,220-3-К/26,25.08.2026,Farmahem,,covered
P050222,CJ062501/1,Cap Junky,CoQ-PP_26-028,release,06.06.2026,7,Foreign Matter,Conforms | Одговара,iCoA-PP_26-026,03.06.2026,Purely Plant GmbH (in-house),yes,to be performed — see route
P050222,CJ062501/1,Cap Junky,CoQ-PP_26-110,reissue — 12-month retest,18.09.2026,7,Foreign Matter,Conforms | Одговара,iCoA-PP_26-124,17.08.2026,Purely Plant GmbH (in-house),yes,covered
P050222,CJ062501/1,Cap Junky,CoQ-PP_26-028,release,06.06.2026,8,Loss on Drying,7.77,ППК25321,23.10.2025,UKIM Faculty of Pharmacy — Center for Natural Products,,covered
P050222,CJ062501/1,Cap Junky,CoQ-PP_26-110,reissue — 12-month retest,18.09.2026,8,Loss on Drying,7.77,ППК25321,23.10.2025,UKIM Faculty of Pharmacy — Center for Natural Products,,carried from the initial testing (CoQ-PP-2025-0018) — covered
P050222,CJ062501/1,Cap Junky,CoQ-PP_26-028,release,06.06.2026,9.1,TAMC,< 10,1217/2168/25,01.12.2025,IPH — Institute of Public Health,,covered
P050222,CJ062501/1,Cap Junky,CoQ-PP_26-110,reissue — 12-month retest,18.09.2026,9.1,TAMC,"4,2 × 10³",535/1066/26,31.08.2026,IPH — Institute of Public Health,,covered
P050222,CJ062501/1,Cap Junky,CoQ-PP_26-028,release,06.06.2026,9.2,TYMC,20,1217/2168/25,01.12.2025,IPH — Institute of Public Health,,covered
P050222,CJ062501/1,Cap Junky,CoQ-PP_26-110,reissue — 12-month retest,18.09.2026,9.2,TYMC,< 10,535/1066/26,31.08.2026,IPH — Institute of Public Health,,covered
P050222,CJ062501/1,Cap Junky,CoQ-PP_26-028,release,06.06.2026,9.3,Bile-tolerant gram-neg.,< 10,1217/2168/25,01.12.2025,IPH — Institute of Public Health,,covered
P050222,CJ062501/1,Cap Junky,CoQ-PP_26-110,reissue — 12-month retest,18.09.2026,9.3,Bile-tolerant gram-neg.,< 10⁴ and > 10³,535/1066/26,31.08.2026,IPH — Institute of Public Health,,covered
P050222,CJ062501/1,Cap Junky,CoQ-PP_26-028,release,06.06.2026,9.4,Salmonella,Absent | Отсутна,1217/2168/25,01.12.2025,IPH — Institute of Public Health,,covered
P050222,CJ062501/1,Cap Junky,CoQ-PP_26-110,reissue — 12-month retest,18.09.2026,9.4,Salmonella,Absent | Отсутна,535/1066/26,31.08.2026,IPH — Institute of Public Health,,covered
P050222,CJ062501/1,Cap Junky,CoQ-PP_26-028,release,06.06.2026,9.5,Escherichia coli,Absent | Отсутна,1217/2168/25,01.12.2025,IPH — Institute of Public Health,,covered
P050222,CJ062501/1,Cap Junky,CoQ-PP_26-110,reissue — 12-month retest,18.09.2026,9.5,Escherichia coli,Absent | Отсутна,535/1066/26,31.08.2026,IPH — Institute of Public Health,,covered
P050222,CJ062501/1,Cap Junky,CoQ-PP_26-028,release,06.06.2026,9.6,Pseudomonas aeruginosa,upon request — not required for release,—,—,—,,upon request — not required for release
P050222,CJ062501/1,Cap Junky,CoQ-PP_26-110,reissue — 12-month retest,18.09.2026,9.6,Pseudomonas aeruginosa,upon request — not required for release,—,—,—,,upon request — not required for release
P050222,CJ062501/1,Cap Junky,CoQ-PP_26-028,release,06.06.2026,9.7,Staphylococcus aureus,upon request — not required for release,—,—,—,,upon request — not required for release
P050222,CJ062501/1,Cap Junky,CoQ-PP_26-110,reissue — 12-month retest,18.09.2026,9.7,Staphylococcus aureus,upon request — not required for release,—,—,—,,upon request — not required for release
P050222,CJ062501/1,Cap Junky,CoQ-PP_26-028,release,06.06.2026,10.1,Aflatoxin B₁,not tested,—,—,—,,not tested — no certificate covers it
P050222,CJ062501/1,Cap Junky,CoQ-PP_26-110,reissue — 12-month retest,18.09.2026,10.1,Aflatoxin B₁,ND,220-3-М/26,11.09.2026,Farmahem,,covered
P050222,CJ062501/1,Cap Junky,CoQ-PP_26-028,release,06.06.2026,10.2,Aflatoxins ∑,< 2,4907/2025,24.10.2025,IPH — Institute of Public Health,,covered
P050222,CJ062501/1,Cap Junky,CoQ-PP_26-110,reissue — 12-month retest,18.09.2026,10.2,Aflatoxins ∑,ND,220-3-М/26,11.09.2026,Farmahem,,covered
P050222,CJ062501/1,Cap Junky,CoQ-PP_26-028,release,06.06.2026,10.3,Ochratoxin A,not tested,—,—,—,,not tested — no certificate covers it
P050222,CJ062501/1,Cap Junky,CoQ-PP_26-110,reissue — 12-month retest,18.09.2026,10.3,Ochratoxin A,ND,220-3-М/26,11.09.2026,Farmahem,,covered
P050222,CJ062501/1,Cap Junky,CoQ-PP_26-028,release,06.06.2026,11.1,Lead (Pb),0.037,4907/2025,24.10.2025,IPH — Institute of Public Health,,covered
P050222,CJ062501/1,Cap Junky,CoQ-PP_26-110,reissue — 12-month retest,18.09.2026,11.1,Lead (Pb),0.037,4907/2025,24.10.2025,IPH — Institute of Public Health,,carried from the initial testing (CoQ-PP-2025-0018) — covered
P050222,CJ062501/1,Cap Junky,CoQ-PP_26-028,release,06.06.2026,11.2,Cadmium (Cd),0.002,4907/2025,24.10.2025,IPH — Institute of Public Health,,covered
P050222,CJ062501/1,Cap Junky,CoQ-PP_26-110,reissue — 12-month retest,18.09.2026,11.2,Cadmium (Cd),0.002,4907/2025,24.10.2025,IPH — Institute of Public Health,,carried from the initial testing (CoQ-PP-2025-0018) — covered
P050222,CJ062501/1,Cap Junky,CoQ-PP_26-028,release,06.06.2026,11.3,Arsenic (As),0.027,4907/2025,24.10.2025,IPH — Institute of Public Health,,covered
P050222,CJ062501/1,Cap Junky,CoQ-PP_26-110,reissue — 12-month retest,18.09.2026,11.3,Arsenic (As),0.027,4907/2025,24.10.2025,IPH — Institute of Public Health,,carried from the initial testing (CoQ-PP-2025-0018) — covered
P050222,CJ062501/1,Cap Junky,CoQ-PP_26-028,release,06.06.2026,11.4,Mercury (Hg),0.017,4907/2025,24.10.2025,IPH — Institute of Public Health,,covered
P050222,CJ062501/1,Cap Junky,CoQ-PP_26-110,reissue — 12-month retest,18.09.2026,11.4,Mercury (Hg),0.017,4907/2025,24.10.2025,IPH — Institute of Public Health,,carried from the initial testing (CoQ-PP-2025-0018) — covered
P050222,CJ062501/1,Cap Junky,CoQ-PP_26-028,release,06.06.2026,12,Pesticide Residues,ND,4907/2025,24.10.2025,IPH — Institute of Public Health,,covered
P050222,CJ062501/1,Cap Junky,CoQ-PP_26-110,reissue — 12-month retest,18.09.2026,12,Pesticide Residues,ND,4907/2025,24.10.2025,IPH — Institute of Public Health,,carried from the initial testing (CoQ-PP-2025-0018) — covered
P050252,CJ072501,Cup Junky,CoQ-PP_26-029,release,06.06.2026,1,"Identification A, Appearance · Macroscopic",Conforms | Одговара,iCoA-PP_26-027,03.06.2026,Purely Plant GmbH (in-house),yes,to be performed — see route
P050252,CJ072501,Cup Junky,CoQ-PP_26-141,reissue — 12-month retest,21.09.2026,1,"Identification A, Appearance · Macroscopic",Conforms | Одговара,iCoA-PP_26-177,24.08.2026,Purely Plant GmbH (in-house),yes,to be performed — see route
P050252,CJ072501,Cup Junky,CoQ-PP_26-029,release,06.06.2026,2,Identification B · Microscopic,Conforms | Одговара,iCoA-PP_26-027,03.06.2026,Purely Plant GmbH (in-house),yes,to be performed — see route
P050252,CJ072501,Cup Junky,CoQ-PP_26-141,reissue — 12-month retest,21.09.2026,2,Identification B · Microscopic,Conforms | Одговара,iCoA-PP_26-177,24.08.2026,Purely Plant GmbH (in-house),yes,to be performed — see route
P050252,CJ072501,Cup Junky,CoQ-PP_26-029,release,06.06.2026,3,Identification C · HPLC/HPTLC,Conforms | Одговара,ППК25367,28.11.2025,UKIM Faculty of Pharmacy — Center for Natural Products,,covered
P050252,CJ072501,Cup Junky,CoQ-PP_26-141,reissue — 12-month retest,21.09.2026,3,Identification C · HPLC/HPTLC,Conforms | Одговара,227-27-К/26,11.09.2026,Farmahem,,covered
P050252,CJ072501,Cup Junky,CoQ-PP_26-029,release,06.06.2026,4,Assay — Total Δ⁹-THC,23.70,ППК25367,28.11.2025,UKIM Faculty of Pharmacy — Center for Natural Products,,covered
P050252,CJ072501,Cup Junky,CoQ-PP_26-141,reissue — 12-month retest,21.09.2026,4,Assay — Total Δ⁹-THC,28.18,227-27-К/26,11.09.2026,Farmahem,,covered
P050252,CJ072501,Cup Junky,CoQ-PP_26-029,release,06.06.2026,5,Assay — Total CBD,0.09,ППК25367,28.11.2025,UKIM Faculty of Pharmacy — Center for Natural Products,,covered
P050252,CJ072501,Cup Junky,CoQ-PP_26-141,reissue — 12-month retest,21.09.2026,5,Assay — Total CBD,< LOQ,227-27-К/26,11.09.2026,Farmahem,,covered
P050252,CJ072501,Cup Junky,CoQ-PP_26-029,release,06.06.2026,6,Total CBN,not tested,—,—,—,,not tested — no certificate covers it
P050252,CJ072501,Cup Junky,CoQ-PP_26-141,reissue — 12-month retest,21.09.2026,6,Total CBN,< LOQ,227-27-К/26,11.09.2026,Farmahem,,covered
P050252,CJ072501,Cup Junky,CoQ-PP_26-029,release,06.06.2026,7,Foreign Matter,Conforms | Одговара,iCoA-PP_26-027,03.06.2026,Purely Plant GmbH (in-house),yes,to be performed — see route
P050252,CJ072501,Cup Junky,CoQ-PP_26-141,reissue — 12-month retest,21.09.2026,7,Foreign Matter,Conforms | Одговара,iCoA-PP_26-177,24.08.2026,Purely Plant GmbH (in-house),yes,to be performed — see route
P050252,CJ072501,Cup Junky,CoQ-PP_26-029,release,06.06.2026,8,Loss on Drying,8.22,ППК25367,28.11.2025,UKIM Faculty of Pharmacy — Center for Natural Products,,covered
P050252,CJ072501,Cup Junky,CoQ-PP_26-141,reissue — 12-month retest,21.09.2026,8,Loss on Drying,8.22,ППК25367,28.11.2025,UKIM Faculty of Pharmacy — Center for Natural Products,,carried from the initial testing (the batch's initial CoQ (number assigned on issue)) — covered
P050252,CJ072501,Cup Junky,CoQ-PP_26-029,release,06.06.2026,9.1,TAMC,4.5 × 10³,1218/2169/25,01.12.2025,IPH — Institute of Public Health,,covered
P050252,CJ072501,Cup Junky,CoQ-PP_26-141,reissue — 12-month retest,21.09.2026,9.1,TAMC,< 10,556/1087/26,01.09.2026,IPH — Institute of Public Health,,covered
P050252,CJ072501,Cup Junky,CoQ-PP_26-029,release,06.06.2026,9.2,TYMC,3.5 × 10³,1218/2169/25,01.12.2025,IPH — Institute of Public Health,,covered
P050252,CJ072501,Cup Junky,CoQ-PP_26-141,reissue — 12-month retest,21.09.2026,9.2,TYMC,< 10,556/1087/26,01.09.2026,IPH — Institute of Public Health,,covered
P050252,CJ072501,Cup Junky,CoQ-PP_26-029,release,06.06.2026,9.3,Bile-tolerant gram-neg.,< 10,1218/2169/25,01.12.2025,IPH — Institute of Public Health,,covered
P050252,CJ072501,Cup Junky,CoQ-PP_26-141,reissue — 12-month retest,21.09.2026,9.3,Bile-tolerant gram-neg.,< 10,556/1087/26,01.09.2026,IPH — Institute of Public Health,,covered
P050252,CJ072501,Cup Junky,CoQ-PP_26-029,release,06.06.2026,9.4,Salmonella,Absent | Отсутна,1218/2169/25,01.12.2025,IPH — Institute of Public Health,,covered
P050252,CJ072501,Cup Junky,CoQ-PP_26-141,reissue — 12-month retest,21.09.2026,9.4,Salmonella,Absent | Отсутна,556/1087/26,01.09.2026,IPH — Institute of Public Health,,covered
P050252,CJ072501,Cup Junky,CoQ-PP_26-029,release,06.06.2026,9.5,Escherichia coli,Absent | Отсутна,1218/2169/25,01.12.2025,IPH — Institute of Public Health,,covered
P050252,CJ072501,Cup Junky,CoQ-PP_26-141,reissue — 12-month retest,21.09.2026,9.5,Escherichia coli,Absent | Отсутна,556/1087/26,01.09.2026,IPH — Institute of Public Health,,covered
P050252,CJ072501,Cup Junky,CoQ-PP_26-029,release,06.06.2026,9.6,Pseudomonas aeruginosa,upon request — not required for release,—,—,—,,upon request — not required for release
P050252,CJ072501,Cup Junky,CoQ-PP_26-141,reissue — 12-month retest,21.09.2026,9.6,Pseudomonas aeruginosa,upon request — not required for release,—,—,—,,upon request — not required for release
P050252,CJ072501,Cup Junky,CoQ-PP_26-029,release,06.06.2026,9.7,Staphylococcus aureus,upon request — not required for release,—,—,—,,upon request — not required for release
P050252,CJ072501,Cup Junky,CoQ-PP_26-141,reissue — 12-month retest,21.09.2026,9.7,Staphylococcus aureus,upon request — not required for release,—,—,—,,upon request — not required for release
P050252,CJ072501,Cup Junky,CoQ-PP_26-029,release,06.06.2026,10.1,Aflatoxin B₁,not tested,—,—,—,,not tested — no certificate covers it
P050252,CJ072501,Cup Junky,CoQ-PP_26-141,reissue — 12-month retest,21.09.2026,10.1,Aflatoxin B₁,ND,227-27-М/26,16.09.2026,Farmahem,,covered
P050252,CJ072501,Cup Junky,CoQ-PP_26-029,release,06.06.2026,10.2,Aflatoxins ∑,< 2,5697/2025,02.12.2025,IPH — Institute of Public Health,,covered
P050252,CJ072501,Cup Junky,CoQ-PP_26-141,reissue — 12-month retest,21.09.2026,10.2,Aflatoxins ∑,ND,227-27-М/26,16.09.2026,Farmahem,,carried from the initial testing (the batch's initial CoQ (number assigned on issue)) — covered
P050252,CJ072501,Cup Junky,CoQ-PP_26-029,release,06.06.2026,10.3,Ochratoxin A,not tested,—,—,—,,not tested — no certificate covers it
P050252,CJ072501,Cup Junky,CoQ-PP_26-141,reissue — 12-month retest,21.09.2026,10.3,Ochratoxin A,ND,227-27-М/26,16.09.2026,Farmahem,,covered
P050252,CJ072501,Cup Junky,CoQ-PP_26-029,release,06.06.2026,11.1,Lead (Pb),0.013,5697/2025,02.12.2025,IPH — Institute of Public Health,,covered
P050252,CJ072501,Cup Junky,CoQ-PP_26-141,reissue — 12-month retest,21.09.2026,11.1,Lead (Pb),0.013,5697/2025,02.12.2025,IPH — Institute of Public Health,,carried from the initial testing (the batch's initial CoQ (number assigned on issue)) — covered
P050252,CJ072501,Cup Junky,CoQ-PP_26-029,release,06.06.2026,11.2,Cadmium (Cd),0.004,5697/2025,02.12.2025,IPH — Institute of Public Health,,covered
P050252,CJ072501,Cup Junky,CoQ-PP_26-141,reissue — 12-month retest,21.09.2026,11.2,Cadmium (Cd),0.004,5697/2025,02.12.2025,IPH — Institute of Public Health,,carried from the initial testing (the batch's initial CoQ (number assigned on issue)) — covered
P050252,CJ072501,Cup Junky,CoQ-PP_26-029,release,06.06.2026,11.3,Arsenic (As),0.011,5697/2025,02.12.2025,IPH — Institute of Public Health,,covered
P050252,CJ072501,Cup Junky,CoQ-PP_26-141,reissue — 12-month retest,21.09.2026,11.3,Arsenic (As),0.011,5697/2025,02.12.2025,IPH — Institute of Public Health,,carried from the initial testing (the batch's initial CoQ (number assigned on issue)) — covered
P050252,CJ072501,Cup Junky,CoQ-PP_26-029,release,06.06.2026,11.4,Mercury (Hg),0.002,5697/2025,02.12.2025,IPH — Institute of Public Health,,covered
P050252,CJ072501,Cup Junky,CoQ-PP_26-141,reissue — 12-month retest,21.09.2026,11.4,Mercury (Hg),0.002,5697/2025,02.12.2025,IPH — Institute of Public Health,,carried from the initial testing (the batch's initial CoQ (number assigned on issue)) — covered
P050252,CJ072501,Cup Junky,CoQ-PP_26-029,release,06.06.2026,12,Pesticide Residues,ND,5697/2025,02.12.2025,IPH — Institute of Public Health,,covered
P050252,CJ072501,Cup Junky,CoQ-PP_26-141,reissue — 12-month retest,21.09.2026,12,Pesticide Residues,ND,5697/2025,02.12.2025,IPH — Institute of Public Health,,carried from the initial testing (the batch's initial CoQ (number assigned on issue)) — covered
P050262,WC072501,Wedding Crasher,CoQ-PP_26-030,release,06.06.2026,1,"Identification A, Appearance · Macroscopic",Conforms | Одговара,iCoA-PP_26-028,03.06.2026,Purely Plant GmbH (in-house),yes,to be performed — see route
P050262,WC072501,Wedding Crasher,CoQ-PP_26-164,reissue — 12-month retest,21.09.2026,1,"Identification A, Appearance · Macroscopic",Conforms | Одговара,iCoA-PP_26-161,24.08.2026,Purely Plant GmbH (in-house),yes,to be performed — see route
P050262,WC072501,Wedding Crasher,CoQ-PP_26-030,release,06.06.2026,2,Identification B · Microscopic,Conforms | Одговара,iCoA-PP_26-028,03.06.2026,Purely Plant GmbH (in-house),yes,to be performed — see route
P050262,WC072501,Wedding Crasher,CoQ-PP_26-164,reissue — 12-month retest,21.09.2026,2,Identification B · Microscopic,Conforms | Одговара,iCoA-PP_26-161,24.08.2026,Purely Plant GmbH (in-house),yes,to be performed — see route
P050262,WC072501,Wedding Crasher,CoQ-PP_26-030,release,06.06.2026,3,Identification C · HPLC/HPTLC,Conforms | Одговара,ППК25369,28.11.2025,UKIM Faculty of Pharmacy — Center for Natural Products,,covered
P050262,WC072501,Wedding Crasher,CoQ-PP_26-164,reissue — 12-month retest,21.09.2026,3,Identification C · HPLC/HPTLC,Conforms | Одговара,227-3-К/26,11.09.2026,Farmahem,,covered
P050262,WC072501,Wedding Crasher,CoQ-PP_26-030,release,06.06.2026,4,Assay — Total Δ⁹-THC,22.11,ППК25369,28.11.2025,UKIM Faculty of Pharmacy — Center for Natural Products,,covered
P050262,WC072501,Wedding Crasher,CoQ-PP_26-164,reissue — 12-month retest,21.09.2026,4,Assay — Total Δ⁹-THC,25.37,227-3-К/26,11.09.2026,Farmahem,,covered
P050262,WC072501,Wedding Crasher,CoQ-PP_26-030,release,06.06.2026,5,Assay — Total CBD,0.06,ППК25369,28.11.2025,UKIM Faculty of Pharmacy — Center for Natural Products,,covered
P050262,WC072501,Wedding Crasher,CoQ-PP_26-164,reissue — 12-month retest,21.09.2026,5,Assay — Total CBD,< LOQ,227-3-К/26,11.09.2026,Farmahem,,covered
P050262,WC072501,Wedding Crasher,CoQ-PP_26-030,release,06.06.2026,6,Total CBN,not tested,—,—,—,,not tested — no certificate covers it
P050262,WC072501,Wedding Crasher,CoQ-PP_26-164,reissue — 12-month retest,21.09.2026,6,Total CBN,< LOQ,227-3-К/26,11.09.2026,Farmahem,,covered
P050262,WC072501,Wedding Crasher,CoQ-PP_26-030,release,06.06.2026,7,Foreign Matter,Conforms | Одговара,iCoA-PP_26-028,03.06.2026,Purely Plant GmbH (in-house),yes,to be performed — see route
P050262,WC072501,Wedding Crasher,CoQ-PP_26-164,reissue — 12-month retest,21.09.2026,7,Foreign Matter,Conforms | Одговара,iCoA-PP_26-161,24.08.2026,Purely Plant GmbH (in-house),yes,to be performed — see route
P050262,WC072501,Wedding Crasher,CoQ-PP_26-030,release,06.06.2026,8,Loss on Drying,8.94,ППК25369,28.11.2025,UKIM Faculty of Pharmacy — Center for Natural Products,,covered
P050262,WC072501,Wedding Crasher,CoQ-PP_26-164,reissue — 12-month retest,21.09.2026,8,Loss on Drying,8.94,ППК25369,28.11.2025,UKIM Faculty of Pharmacy — Center for Natural Products,,carried from the initial testing (the batch's initial CoQ (number assigned on issue)) — covered
P050262,WC072501,Wedding Crasher,CoQ-PP_26-030,release,06.06.2026,9.1,TAMC,100,1221/2172/25,01.12.2025,IPH — Institute of Public Health,,covered
P050262,WC072501,Wedding Crasher,CoQ-PP_26-164,reissue — 12-month retest,21.09.2026,9.1,TAMC,< 10,555/1086/26,01.09.2026,IPH — Institute of Public Health,,covered
P050262,WC072501,Wedding Crasher,CoQ-PP_26-030,release,06.06.2026,9.2,TYMC,90,1221/2172/25,01.12.2025,IPH — Institute of Public Health,,covered
P050262,WC072501,Wedding Crasher,CoQ-PP_26-164,reissue — 12-month retest,21.09.2026,9.2,TYMC,< 10,555/1086/26,01.09.2026,IPH — Institute of Public Health,,covered
P050262,WC072501,Wedding Crasher,CoQ-PP_26-030,release,06.06.2026,9.3,Bile-tolerant gram-neg.,< 10,1221/2172/25,01.12.2025,IPH — Institute of Public Health,,covered
P050262,WC072501,Wedding Crasher,CoQ-PP_26-164,reissue — 12-month retest,21.09.2026,9.3,Bile-tolerant gram-neg.,< 10,555/1086/26,01.09.2026,IPH — Institute of Public Health,,covered
P050262,WC072501,Wedding Crasher,CoQ-PP_26-030,release,06.06.2026,9.4,Salmonella,Absent | Отсутна,1221/2172/25,01.12.2025,IPH — Institute of Public Health,,covered
P050262,WC072501,Wedding Crasher,CoQ-PP_26-164,reissue — 12-month retest,21.09.2026,9.4,Salmonella,Absent | Отсутна,555/1086/26,01.09.2026,IPH — Institute of Public Health,,covered
P050262,WC072501,Wedding Crasher,CoQ-PP_26-030,release,06.06.2026,9.5,Escherichia coli,Absent | Отсутна,1221/2172/25,01.12.2025,IPH — Institute of Public Health,,covered
P050262,WC072501,Wedding Crasher,CoQ-PP_26-164,reissue — 12-month retest,21.09.2026,9.5,Escherichia coli,Absent | Отсутна,555/1086/26,01.09.2026,IPH — Institute of Public Health,,covered
P050262,WC072501,Wedding Crasher,CoQ-PP_26-030,release,06.06.2026,9.6,Pseudomonas aeruginosa,upon request — not required for release,—,—,—,,upon request — not required for release
P050262,WC072501,Wedding Crasher,CoQ-PP_26-164,reissue — 12-month retest,21.09.2026,9.6,Pseudomonas aeruginosa,upon request — not required for release,—,—,—,,upon request — not required for release
P050262,WC072501,Wedding Crasher,CoQ-PP_26-030,release,06.06.2026,9.7,Staphylococcus aureus,upon request — not required for release,—,—,—,,upon request — not required for release
P050262,WC072501,Wedding Crasher,CoQ-PP_26-164,reissue — 12-month retest,21.09.2026,9.7,Staphylococcus aureus,upon request — not required for release,—,—,—,,upon request — not required for release
P050262,WC072501,Wedding Crasher,CoQ-PP_26-030,release,06.06.2026,10.1,Aflatoxin B₁,not tested,—,—,—,,not tested — no certificate covers it
P050262,WC072501,Wedding Crasher,CoQ-PP_26-164,reissue — 12-month retest,21.09.2026,10.1,Aflatoxin B₁,ND,227-3-М/26,16.09.2026,Farmahem,,covered
P050262,WC072501,Wedding Crasher,CoQ-PP_26-030,release,06.06.2026,10.2,Aflatoxins ∑,< 2,5699/2025,02.12.2025,IPH — Institute of Public Health,,covered
P050262,WC072501,Wedding Crasher,CoQ-PP_26-164,reissue — 12-month retest,21.09.2026,10.2,Aflatoxins ∑,ND,227-3-М/26,16.09.2026,Farmahem,,carried from the initial testing (the batch's initial CoQ (number assigned on issue)) — covered
P050262,WC072501,Wedding Crasher,CoQ-PP_26-030,release,06.06.2026,10.3,Ochratoxin A,not tested,—,—,—,,not tested — no certificate covers it
P050262,WC072501,Wedding Crasher,CoQ-PP_26-164,reissue — 12-month retest,21.09.2026,10.3,Ochratoxin A,ND,227-3-М/26,16.09.2026,Farmahem,,covered
P050262,WC072501,Wedding Crasher,CoQ-PP_26-030,release,06.06.2026,11.1,Lead (Pb),0.023,5699/2025,02.12.2025,IPH — Institute of Public Health,,covered
P050262,WC072501,Wedding Crasher,CoQ-PP_26-164,reissue — 12-month retest,21.09.2026,11.1,Lead (Pb),0.023,5699/2025,02.12.2025,IPH — Institute of Public Health,,carried from the initial testing (the batch's initial CoQ (number assigned on issue)) — covered
P050262,WC072501,Wedding Crasher,CoQ-PP_26-030,release,06.06.2026,11.2,Cadmium (Cd),0.005,5699/2025,02.12.2025,IPH — Institute of Public Health,,covered
P050262,WC072501,Wedding Crasher,CoQ-PP_26-164,reissue — 12-month retest,21.09.2026,11.2,Cadmium (Cd),0.005,5699/2025,02.12.2025,IPH — Institute of Public Health,,carried from the initial testing (the batch's initial CoQ (number assigned on issue)) — covered
P050262,WC072501,Wedding Crasher,CoQ-PP_26-030,release,06.06.2026,11.3,Arsenic (As),0.006,5699/2025,02.12.2025,IPH — Institute of Public Health,,covered
P050262,WC072501,Wedding Crasher,CoQ-PP_26-164,reissue — 12-month retest,21.09.2026,11.3,Arsenic (As),0.006,5699/2025,02.12.2025,IPH — Institute of Public Health,,carried from the initial testing (the batch's initial CoQ (number assigned on issue)) — covered
P050262,WC072501,Wedding Crasher,CoQ-PP_26-030,release,06.06.2026,11.4,Mercury (Hg),0.01,5699/2025,02.12.2025,IPH — Institute of Public Health,,covered
P050262,WC072501,Wedding Crasher,CoQ-PP_26-164,reissue — 12-month retest,21.09.2026,11.4,Mercury (Hg),0.01,5699/2025,02.12.2025,IPH — Institute of Public Health,,carried from the initial testing (the batch's initial CoQ (number assigned on issue)) — covered
P050262,WC072501,Wedding Crasher,CoQ-PP_26-030,release,06.06.2026,12,Pesticide Residues,ND,5699/2025,02.12.2025,IPH — Institute of Public Health,,covered
P050262,WC072501,Wedding Crasher,CoQ-PP_26-164,reissue — 12-month retest,21.09.2026,12,Pesticide Residues,ND,5699/2025,02.12.2025,IPH — Institute of Public Health,,carried from the initial testing (the batch's initial CoQ (number assigned on issue)) — covered
P050272,PM072501,Permanent Market,CoQ-PP_26-031,release,06.06.2026,1,"Identification A, Appearance · Macroscopic",Conforms | Одговара,iCoA-PP_26-029,03.06.2026,Purely Plant GmbH (in-house),yes,covered
P050272,PM072501,Permanent Market,CoQ-PP_26-159,reissue — 12-month retest,21.09.2026,1,"Identification A, Appearance · Macroscopic",Conforms | Одговара,iCoA-PP_26-156,24.08.2026,Purely Plant GmbH (in-house),yes,covered
P050272,PM072501,Permanent Market,CoQ-PP_26-031,release,06.06.2026,2,Identification B · Microscopic,Conforms | Одговара,iCoA-PP_26-029,03.06.2026,Purely Plant GmbH (in-house),yes,to be performed — see route
P050272,PM072501,Permanent Market,CoQ-PP_26-159,reissue — 12-month retest,21.09.2026,2,Identification B · Microscopic,Conforms | Одговара,iCoA-PP_26-156,24.08.2026,Purely Plant GmbH (in-house),yes,to be performed — see route
P050272,PM072501,Permanent Market,CoQ-PP_26-031,release,06.06.2026,3,Identification C · HPLC/HPTLC,Conforms | Одговара,ППК25368,28.11.2025,UKIM Faculty of Pharmacy — Center for Natural Products,,covered
P050272,PM072501,Permanent Market,CoQ-PP_26-159,reissue — 12-month retest,21.09.2026,3,Identification C · HPLC/HPTLC,Conforms | Одговара,227-9-К/26,11.09.2026,Farmahem,,covered
P050272,PM072501,Permanent Market,CoQ-PP_26-031,release,06.06.2026,4,Assay — Total Δ⁹-THC,10.01,ППК25368,28.11.2025,UKIM Faculty of Pharmacy — Center for Natural Products,,covered
P050272,PM072501,Permanent Market,CoQ-PP_26-159,reissue — 12-month retest,21.09.2026,4,Assay — Total Δ⁹-THC,12.77,227-9-К/26,11.09.2026,Farmahem,,covered
P050272,PM072501,Permanent Market,CoQ-PP_26-031,release,06.06.2026,5,Assay — Total CBD,0.04,ППК25368,28.11.2025,UKIM Faculty of Pharmacy — Center for Natural Products,,covered
P050272,PM072501,Permanent Market,CoQ-PP_26-159,reissue — 12-month retest,21.09.2026,5,Assay — Total CBD,< LOQ,227-9-К/26,11.09.2026,Farmahem,,covered
P050272,PM072501,Permanent Market,CoQ-PP_26-031,release,06.06.2026,6,Total CBN,not tested,—,—,—,,not tested — no certificate covers it
P050272,PM072501,Permanent Market,CoQ-PP_26-159,reissue — 12-month retest,21.09.2026,6,Total CBN,< LOQ,227-9-К/26,11.09.2026,Farmahem,,covered
P050272,PM072501,Permanent Market,CoQ-PP_26-031,release,06.06.2026,7,Foreign Matter,Conforms | Одговара,iCoA-PP_26-029,03.06.2026,Purely Plant GmbH (in-house),yes,covered
P050272,PM072501,Permanent Market,CoQ-PP_26-159,reissue — 12-month retest,21.09.2026,7,Foreign Matter,Conforms | Одговара,iCoA-PP_26-156,24.08.2026,Purely Plant GmbH (in-house),yes,covered
P050272,PM072501,Permanent Market,CoQ-PP_26-031,release,06.06.2026,8,Loss on Drying,9.52,ППК25368,28.11.2025,UKIM Faculty of Pharmacy — Center for Natural Products,,covered
P050272,PM072501,Permanent Market,CoQ-PP_26-159,reissue — 12-month retest,21.09.2026,8,Loss on Drying,9.52,ППК25368,28.11.2025,UKIM Faculty of Pharmacy — Center for Natural Products,,carried from the initial testing (the batch's initial CoQ (number assigned on issue)) — covered
P050272,PM072501,Permanent Market,CoQ-PP_26-031,release,06.06.2026,9.1,TAMC,110,1220/2171/25,01.12.2025,IPH — Institute of Public Health,,covered
P050272,PM072501,Permanent Market,CoQ-PP_26-159,reissue — 12-month retest,21.09.2026,9.1,TAMC,< 10,554/1085/26,01.09.2026,IPH — Institute of Public Health,,covered
P050272,PM072501,Permanent Market,CoQ-PP_26-031,release,06.06.2026,9.2,TYMC,200,1220/2171/25,01.12.2025,IPH — Institute of Public Health,,covered — laboratory finding recorded
P050272,PM072501,Permanent Market,CoQ-PP_26-159,reissue — 12-month retest,21.09.2026,9.2,TYMC,< 10,554/1085/26,01.09.2026,IPH — Institute of Public Health,,covered
P050272,PM072501,Permanent Market,CoQ-PP_26-031,release,06.06.2026,9.3,Bile-tolerant gram-neg.,< 10,1220/2171/25,01.12.2025,IPH — Institute of Public Health,,covered
P050272,PM072501,Permanent Market,CoQ-PP_26-159,reissue — 12-month retest,21.09.2026,9.3,Bile-tolerant gram-neg.,< 10,554/1085/26,01.09.2026,IPH — Institute of Public Health,,covered
P050272,PM072501,Permanent Market,CoQ-PP_26-031,release,06.06.2026,9.4,Salmonella,Absent | Отсутна,1220/2171/25,01.12.2025,IPH — Institute of Public Health,,covered
P050272,PM072501,Permanent Market,CoQ-PP_26-159,reissue — 12-month retest,21.09.2026,9.4,Salmonella,Absent | Отсутна,554/1085/26,01.09.2026,IPH — Institute of Public Health,,covered
P050272,PM072501,Permanent Market,CoQ-PP_26-031,release,06.06.2026,9.5,Escherichia coli,Absent | Отсутна,1220/2171/25,01.12.2025,IPH — Institute of Public Health,,covered
P050272,PM072501,Permanent Market,CoQ-PP_26-159,reissue — 12-month retest,21.09.2026,9.5,Escherichia coli,Absent | Отсутна,554/1085/26,01.09.2026,IPH — Institute of Public Health,,covered
P050272,PM072501,Permanent Market,CoQ-PP_26-031,release,06.06.2026,9.6,Pseudomonas aeruginosa,upon request — not required for release,—,—,—,,upon request — not required for release
P050272,PM072501,Permanent Market,CoQ-PP_26-159,reissue — 12-month retest,21.09.2026,9.6,Pseudomonas aeruginosa,upon request — not required for release,—,—,—,,upon request — not required for release
P050272,PM072501,Permanent Market,CoQ-PP_26-031,release,06.06.2026,9.7,Staphylococcus aureus,upon request — not required for release,—,—,—,,upon request — not required for release
P050272,PM072501,Permanent Market,CoQ-PP_26-159,reissue — 12-month retest,21.09.2026,9.7,Staphylococcus aureus,upon request — not required for release,—,—,—,,upon request — not required for release
P050272,PM072501,Permanent Market,CoQ-PP_26-031,release,06.06.2026,10.1,Aflatoxin B₁,not tested,—,—,—,,not tested — no certificate covers it
P050272,PM072501,Permanent Market,CoQ-PP_26-159,reissue — 12-month retest,21.09.2026,10.1,Aflatoxin B₁,ND,227-9-М/26,16.09.2026,Farmahem,,covered
P050272,PM072501,Permanent Market,CoQ-PP_26-031,release,06.06.2026,10.2,Aflatoxins ∑,< 2,5698/2025,02.12.2025,IPH — Institute of Public Health,,covered
P050272,PM072501,Permanent Market,CoQ-PP_26-159,reissue — 12-month retest,21.09.2026,10.2,Aflatoxins ∑,ND,227-9-М/26,16.09.2026,Farmahem,,carried from the initial testing (the batch's initial CoQ (number assigned on issue)) — covered
P050272,PM072501,Permanent Market,CoQ-PP_26-031,release,06.06.2026,10.3,Ochratoxin A,not tested,—,—,—,,not tested — no certificate covers it
P050272,PM072501,Permanent Market,CoQ-PP_26-159,reissue — 12-month retest,21.09.2026,10.3,Ochratoxin A,ND,227-9-М/26,16.09.2026,Farmahem,,covered
P050272,PM072501,Permanent Market,CoQ-PP_26-031,release,06.06.2026,11.1,Lead (Pb),0.021,5698/2025,02.12.2025,IPH — Institute of Public Health,,covered
P050272,PM072501,Permanent Market,CoQ-PP_26-159,reissue — 12-month retest,21.09.2026,11.1,Lead (Pb),0.021,5698/2025,02.12.2025,IPH — Institute of Public Health,,carried from the initial testing (the batch's initial CoQ (number assigned on issue)) — covered
P050272,PM072501,Permanent Market,CoQ-PP_26-031,release,06.06.2026,11.2,Cadmium (Cd),0.001,5698/2025,02.12.2025,IPH — Institute of Public Health,,covered
P050272,PM072501,Permanent Market,CoQ-PP_26-159,reissue — 12-month retest,21.09.2026,11.2,Cadmium (Cd),0.001,5698/2025,02.12.2025,IPH — Institute of Public Health,,carried from the initial testing (the batch's initial CoQ (number assigned on issue)) — covered
P050272,PM072501,Permanent Market,CoQ-PP_26-031,release,06.06.2026,11.3,Arsenic (As),0.012,5698/2025,02.12.2025,IPH — Institute of Public Health,,covered
P050272,PM072501,Permanent Market,CoQ-PP_26-159,reissue — 12-month retest,21.09.2026,11.3,Arsenic (As),0.012,5698/2025,02.12.2025,IPH — Institute of Public Health,,carried from the initial testing (the batch's initial CoQ (number assigned on issue)) — covered
P050272,PM072501,Permanent Market,CoQ-PP_26-031,release,06.06.2026,11.4,Mercury (Hg),0.003,5698/2025,02.12.2025,IPH — Institute of Public Health,,covered
P050272,PM072501,Permanent Market,CoQ-PP_26-159,reissue — 12-month retest,21.09.2026,11.4,Mercury (Hg),0.003,5698/2025,02.12.2025,IPH — Institute of Public Health,,carried from the initial testing (the batch's initial CoQ (number assigned on issue)) — covered
P050272,PM072501,Permanent Market,CoQ-PP_26-031,release,06.06.2026,12,Pesticide Residues,ND,5698/2025,02.12.2025,IPH — Institute of Public Health,,covered
P050272,PM072501,Permanent Market,CoQ-PP_26-159,reissue — 12-month retest,21.09.2026,12,Pesticide Residues,ND,5698/2025,02.12.2025,IPH — Institute of Public Health,,carried from the initial testing (the batch's initial CoQ (number assigned on issue)) — covered
P050282,CLE072501,Clemosa A Bud,CoQ-PP_26-032,release,06.06.2026,1,"Identification A, Appearance · Macroscopic",Conforms | Одговара,iCoA-PP_26-030,03.06.2026,Purely Plant GmbH (in-house),yes,to be performed — see route
P050282,CLE072501,Clemosa A Bud,CoQ-PP_26-113,reissue — 12-month retest,18.09.2026,1,"Identification A, Appearance · Macroscopic",Conforms | Одговара,iCoA-PP_26-127,17.08.2026,Purely Plant GmbH (in-house),yes,covered
P050282,CLE072501,Clemosa A Bud,CoQ-PP_26-032,release,06.06.2026,2,Identification B · Microscopic,Conforms | Одговара,iCoA-PP_26-030,03.06.2026,Purely Plant GmbH (in-house),yes,to be performed — see route
P050282,CLE072501,Clemosa A Bud,CoQ-PP_26-113,reissue — 12-month retest,18.09.2026,2,Identification B · Microscopic,Conforms | Одговара,iCoA-PP_26-127,17.08.2026,Purely Plant GmbH (in-house),yes,covered
P050282,CLE072501,Clemosa A Bud,CoQ-PP_26-032,release,06.06.2026,3,Identification C · HPLC/HPTLC,Conforms | Одговара,ППК25370,28.11.2025,CNP,,covered
P050282,CLE072501,Clemosa A Bud,CoQ-PP_26-113,reissue — 12-month retest,18.09.2026,3,Identification C · HPLC/HPTLC,Conforms | Одговара,220-7-К/26,25.08.2026,Farmahem,,covered
P050282,CLE072501,Clemosa A Bud,CoQ-PP_26-032,release,06.06.2026,4,Assay — Total Δ⁹-THC,8.02,ППК25370,28.11.2025,CNP,,covered
P050282,CLE072501,Clemosa A Bud,CoQ-PP_26-113,reissue — 12-month retest,18.09.2026,4,Assay — Total Δ⁹-THC,8.65,220-7-К/26,25.08.2026,Farmahem,,covered
P050282,CLE072501,Clemosa A Bud,CoQ-PP_26-032,release,06.06.2026,5,Assay — Total CBD,0.04,ППК25370,28.11.2025,CNP,,covered
P050282,CLE072501,Clemosa A Bud,CoQ-PP_26-113,reissue — 12-month retest,18.09.2026,5,Assay — Total CBD,< LOQ,220-7-К/26,25.08.2026,Farmahem,,covered
P050282,CLE072501,Clemosa A Bud,CoQ-PP_26-032,release,06.06.2026,6,Total CBN,< LOQ ᴰ,ППК25370,28.11.2025,CNP,,covered
P050282,CLE072501,Clemosa A Bud,CoQ-PP_26-113,reissue — 12-month retest,18.09.2026,6,Total CBN,< LOQ,220-7-К/26,25.08.2026,Farmahem,,covered
P050282,CLE072501,Clemosa A Bud,CoQ-PP_26-032,release,06.06.2026,7,Foreign Matter,Conforms | Одговара,iCoA-PP_26-030,03.06.2026,Purely Plant GmbH (in-house),yes,to be performed — see route
P050282,CLE072501,Clemosa A Bud,CoQ-PP_26-113,reissue — 12-month retest,18.09.2026,7,Foreign Matter,Conforms | Одговара,iCoA-PP_26-127,17.08.2026,Purely Plant GmbH (in-house),yes,covered
P050282,CLE072501,Clemosa A Bud,CoQ-PP_26-032,release,06.06.2026,8,Loss on Drying,9.68,ППК25370,28.11.2025,CNP,,covered
P050282,CLE072501,Clemosa A Bud,CoQ-PP_26-113,reissue — 12-month retest,18.09.2026,8,Loss on Drying,9.68,ППК25370,28.11.2025,CNP,,carried from the initial testing (CoQ-PP-2025-0019) — covered
P050282,CLE072501,Clemosa A Bud,CoQ-PP_26-032,release,06.06.2026,9.1,TAMC,< 10,1219/2170/25,01.12.2025,IPH — Institute of Public Health,,covered
P050282,CLE072501,Clemosa A Bud,CoQ-PP_26-113,reissue — 12-month retest,18.09.2026,9.1,TAMC,< 10,1219/2170/25,01.12.2025,IPH — Institute of Public Health,,carried from the initial testing (CoQ-PP-2025-0019) — covered
P050282,CLE072501,Clemosa A Bud,CoQ-PP_26-032,release,06.06.2026,9.2,TYMC,< 10,1219/2170/25,01.12.2025,IPH — Institute of Public Health,,covered
P050282,CLE072501,Clemosa A Bud,CoQ-PP_26-113,reissue — 12-month retest,18.09.2026,9.2,TYMC,< 10,1219/2170/25,01.12.2025,IPH — Institute of Public Health,,carried from the initial testing (CoQ-PP-2025-0019) — covered
P050282,CLE072501,Clemosa A Bud,CoQ-PP_26-032,release,06.06.2026,9.3,Bile-tolerant gram-neg.,< 10,1219/2170/25,01.12.2025,IPH — Institute of Public Health,,covered
P050282,CLE072501,Clemosa A Bud,CoQ-PP_26-113,reissue — 12-month retest,18.09.2026,9.3,Bile-tolerant gram-neg.,< 10,1219/2170/25,01.12.2025,IPH — Institute of Public Health,,carried from the initial testing (CoQ-PP-2025-0019) — covered
P050282,CLE072501,Clemosa A Bud,CoQ-PP_26-032,release,06.06.2026,9.4,Salmonella,Absent | Отсутна,1219/2170/25,01.12.2025,IPH — Institute of Public Health,,covered
P050282,CLE072501,Clemosa A Bud,CoQ-PP_26-113,reissue — 12-month retest,18.09.2026,9.4,Salmonella,Absent | Отсутна,1219/2170/25,01.12.2025,IPH — Institute of Public Health,,carried from the initial testing (CoQ-PP-2025-0019) — covered
P050282,CLE072501,Clemosa A Bud,CoQ-PP_26-032,release,06.06.2026,9.5,Escherichia coli,Absent | Отсутна,1219/2170/25,01.12.2025,IPH — Institute of Public Health,,covered
P050282,CLE072501,Clemosa A Bud,CoQ-PP_26-113,reissue — 12-month retest,18.09.2026,9.5,Escherichia coli,Absent | Отсутна,1219/2170/25,01.12.2025,IPH — Institute of Public Health,,carried from the initial testing (CoQ-PP-2025-0019) — covered
P050282,CLE072501,Clemosa A Bud,CoQ-PP_26-032,release,06.06.2026,9.6,Pseudomonas aeruginosa,upon request — not required for release,—,—,—,,upon request — not required for release
P050282,CLE072501,Clemosa A Bud,CoQ-PP_26-113,reissue — 12-month retest,18.09.2026,9.6,Pseudomonas aeruginosa,upon request — not required for release,—,—,—,,upon request — not required for release
P050282,CLE072501,Clemosa A Bud,CoQ-PP_26-032,release,06.06.2026,9.7,Staphylococcus aureus,upon request — not required for release,—,—,—,,upon request — not required for release
P050282,CLE072501,Clemosa A Bud,CoQ-PP_26-113,reissue — 12-month retest,18.09.2026,9.7,Staphylococcus aureus,upon request — not required for release,—,—,—,,upon request — not required for release
P050282,CLE072501,Clemosa A Bud,CoQ-PP_26-032,release,06.06.2026,10.1,Aflatoxin B₁,not tested,—,—,—,,not tested — no certificate covers it
P050282,CLE072501,Clemosa A Bud,CoQ-PP_26-113,reissue — 12-month retest,18.09.2026,10.1,Aflatoxin B₁,ND,220-7-М/26,11.09.2026,Farmahem,,covered
P050282,CLE072501,Clemosa A Bud,CoQ-PP_26-032,release,06.06.2026,10.2,Aflatoxins ∑,2.2,5700/2025,02.12.2025,IPH — Institute of Public Health,,covered
P050282,CLE072501,Clemosa A Bud,CoQ-PP_26-113,reissue — 12-month retest,18.09.2026,10.2,Aflatoxins ∑,ND,220-7-М/26,11.09.2026,Farmahem,,covered
P050282,CLE072501,Clemosa A Bud,CoQ-PP_26-032,release,06.06.2026,10.3,Ochratoxin A,not tested,—,—,—,,not tested — no certificate covers it
P050282,CLE072501,Clemosa A Bud,CoQ-PP_26-113,reissue — 12-month retest,18.09.2026,10.3,Ochratoxin A,ND,220-7-М/26,11.09.2026,Farmahem,,covered
P050282,CLE072501,Clemosa A Bud,CoQ-PP_26-032,release,06.06.2026,11.1,Lead (Pb),0.032,5700/2025,02.12.2025,IPH — Institute of Public Health,,covered
P050282,CLE072501,Clemosa A Bud,CoQ-PP_26-113,reissue — 12-month retest,18.09.2026,11.1,Lead (Pb),0.032,5700/2025,02.12.2025,IPH — Institute of Public Health,,carried from the initial testing (CoQ-PP-2025-0019) — covered
P050282,CLE072501,Clemosa A Bud,CoQ-PP_26-032,release,06.06.2026,11.2,Cadmium (Cd),0.002,5700/2025,02.12.2025,IPH — Institute of Public Health,,covered
P050282,CLE072501,Clemosa A Bud,CoQ-PP_26-113,reissue — 12-month retest,18.09.2026,11.2,Cadmium (Cd),0.002,5700/2025,02.12.2025,IPH — Institute of Public Health,,carried from the initial testing (CoQ-PP-2025-0019) — covered
P050282,CLE072501,Clemosa A Bud,CoQ-PP_26-032,release,06.06.2026,11.3,Arsenic (As),0.013,5700/2025,02.12.2025,IPH — Institute of Public Health,,covered
P050282,CLE072501,Clemosa A Bud,CoQ-PP_26-113,reissue — 12-month retest,18.09.2026,11.3,Arsenic (As),0.013,5700/2025,02.12.2025,IPH — Institute of Public Health,,carried from the initial testing (CoQ-PP-2025-0019) — covered
P050282,CLE072501,Clemosa A Bud,CoQ-PP_26-032,release,06.06.2026,11.4,Mercury (Hg),0.021,5700/2025,02.12.2025,IPH — Institute of Public Health,,covered
P050282,CLE072501,Clemosa A Bud,CoQ-PP_26-113,reissue — 12-month retest,18.09.2026,11.4,Mercury (Hg),0.021,5700/2025,02.12.2025,IPH — Institute of Public Health,,carried from the initial testing (CoQ-PP-2025-0019) — covered
P050282,CLE072501,Clemosa A Bud,CoQ-PP_26-032,release,06.06.2026,12,Pesticide Residues,ND,5700/2025,02.12.2025,IPH — Institute of Public Health,,covered
P050282,CLE072501,Clemosa A Bud,CoQ-PP_26-113,reissue — 12-month retest,18.09.2026,12,Pesticide Residues,ND,5700/2025,02.12.2025,IPH — Institute of Public Health,,carried from the initial testing (CoQ-PP-2025-0019) — covered
P050292,GP072501-1,Grape Pie,CoQ-PP_26-033,release,06.06.2026,1,"Identification A, Appearance · Macroscopic",Conforms | Одговара,iCoA-PP_26-031,03.06.2026,Purely Plant GmbH (in-house),yes,to be performed — see route
P050292,GP072501-1,Grape Pie,CoQ-PP_26-150,reissue — 12-month retest,21.09.2026,1,"Identification A, Appearance · Macroscopic",Conforms | Одговара,iCoA-PP_26-166,24.08.2026,Purely Plant GmbH (in-house),yes,covered
P050292,GP072501-1,Grape Pie,CoQ-PP_26-033,release,06.06.2026,2,Identification B · Microscopic,Conforms | Одговара,iCoA-PP_26-031,03.06.2026,Purely Plant GmbH (in-house),yes,to be performed — see route
P050292,GP072501-1,Grape Pie,CoQ-PP_26-150,reissue — 12-month retest,21.09.2026,2,Identification B · Microscopic,Conforms | Одговара,iCoA-PP_26-166,24.08.2026,Purely Plant GmbH (in-house),yes,to be performed — see route
P050292,GP072501-1,Grape Pie,CoQ-PP_26-033,release,06.06.2026,3,Identification C · HPLC/HPTLC,Conforms | Одговара,ППК25378,12.12.2025,UKIM Faculty of Pharmacy — Center for Natural Products,,covered
P050292,GP072501-1,Grape Pie,CoQ-PP_26-150,reissue — 12-month retest,21.09.2026,3,Identification C · HPLC/HPTLC,Conforms | Одговара,227-17-К/26,11.09.2026,Farmahem,,covered
P050292,GP072501-1,Grape Pie,CoQ-PP_26-033,release,06.06.2026,4,Assay — Total Δ⁹-THC,21.36,ППК25378,12.12.2025,UKIM Faculty of Pharmacy — Center for Natural Products,,covered
P050292,GP072501-1,Grape Pie,CoQ-PP_26-150,reissue — 12-month retest,21.09.2026,4,Assay — Total Δ⁹-THC,26.54,227-17-К/26,11.09.2026,Farmahem,,covered
P050292,GP072501-1,Grape Pie,CoQ-PP_26-033,release,06.06.2026,5,Assay — Total CBD,0.11,ППК25378,12.12.2025,UKIM Faculty of Pharmacy — Center for Natural Products,,covered
P050292,GP072501-1,Grape Pie,CoQ-PP_26-150,reissue — 12-month retest,21.09.2026,5,Assay — Total CBD,< LOQ,227-17-К/26,11.09.2026,Farmahem,,covered
P050292,GP072501-1,Grape Pie,CoQ-PP_26-033,release,06.06.2026,6,Total CBN,not tested,—,—,—,,not tested — no certificate covers it
P050292,GP072501-1,Grape Pie,CoQ-PP_26-150,reissue — 12-month retest,21.09.2026,6,Total CBN,< LOQ,227-17-К/26,11.09.2026,Farmahem,,covered
P050292,GP072501-1,Grape Pie,CoQ-PP_26-033,release,06.06.2026,7,Foreign Matter,Conforms | Одговара,iCoA-PP_26-031,03.06.2026,Purely Plant GmbH (in-house),yes,to be performed — see route
P050292,GP072501-1,Grape Pie,CoQ-PP_26-150,reissue — 12-month retest,21.09.2026,7,Foreign Matter,Conforms | Одговара,iCoA-PP_26-166,24.08.2026,Purely Plant GmbH (in-house),yes,covered
P050292,GP072501-1,Grape Pie,CoQ-PP_26-033,release,06.06.2026,8,Loss on Drying,6.62,ППК25378,12.12.2025,UKIM Faculty of Pharmacy — Center for Natural Products,,covered
P050292,GP072501-1,Grape Pie,CoQ-PP_26-150,reissue — 12-month retest,21.09.2026,8,Loss on Drying,6.62,ППК25378,12.12.2025,UKIM Faculty of Pharmacy — Center for Natural Products,,carried from the initial testing (the batch's initial CoQ (number assigned on issue)) — covered
P050292,GP072501-1,Grape Pie,CoQ-PP_26-033,release,06.06.2026,9.1,TAMC,6 × 10³,1228/2194/25,05.12.2025,IPH — Institute of Public Health,,covered
P050292,GP072501-1,Grape Pie,CoQ-PP_26-150,reissue — 12-month retest,21.09.2026,9.1,TAMC,< 10,553/1084/26,01.09.2026,IPH — Institute of Public Health,,covered
P050292,GP072501-1,Grape Pie,CoQ-PP_26-033,release,06.06.2026,9.2,TYMC,6.5 × 10³,1228/2194/25,05.12.2025,IPH — Institute of Public Health,,covered
P050292,GP072501-1,Grape Pie,CoQ-PP_26-150,reissue — 12-month retest,21.09.2026,9.2,TYMC,< 10,553/1084/26,01.09.2026,IPH — Institute of Public Health,,covered
P050292,GP072501-1,Grape Pie,CoQ-PP_26-033,release,06.06.2026,9.3,Bile-tolerant gram-neg.,< 10,1228/2194/25,05.12.2025,IPH — Institute of Public Health,,covered
P050292,GP072501-1,Grape Pie,CoQ-PP_26-150,reissue — 12-month retest,21.09.2026,9.3,Bile-tolerant gram-neg.,< 10,553/1084/26,01.09.2026,IPH — Institute of Public Health,,covered
P050292,GP072501-1,Grape Pie,CoQ-PP_26-033,release,06.06.2026,9.4,Salmonella,Absent | Отсутна,1228/2194/25,05.12.2025,IPH — Institute of Public Health,,covered
P050292,GP072501-1,Grape Pie,CoQ-PP_26-150,reissue — 12-month retest,21.09.2026,9.4,Salmonella,Absent | Отсутна,553/1084/26,01.09.2026,IPH — Institute of Public Health,,covered
P050292,GP072501-1,Grape Pie,CoQ-PP_26-033,release,06.06.2026,9.5,Escherichia coli,Absent | Отсутна,1228/2194/25,05.12.2025,IPH — Institute of Public Health,,covered
P050292,GP072501-1,Grape Pie,CoQ-PP_26-150,reissue — 12-month retest,21.09.2026,9.5,Escherichia coli,Absent | Отсутна,553/1084/26,01.09.2026,IPH — Institute of Public Health,,covered
P050292,GP072501-1,Grape Pie,CoQ-PP_26-033,release,06.06.2026,9.6,Pseudomonas aeruginosa,upon request — not required for release,—,—,—,,upon request — not required for release
P050292,GP072501-1,Grape Pie,CoQ-PP_26-150,reissue — 12-month retest,21.09.2026,9.6,Pseudomonas aeruginosa,upon request — not required for release,—,—,—,,upon request — not required for release
P050292,GP072501-1,Grape Pie,CoQ-PP_26-033,release,06.06.2026,9.7,Staphylococcus aureus,upon request — not required for release,—,—,—,,upon request — not required for release
P050292,GP072501-1,Grape Pie,CoQ-PP_26-150,reissue — 12-month retest,21.09.2026,9.7,Staphylococcus aureus,upon request — not required for release,—,—,—,,upon request — not required for release
P050292,GP072501-1,Grape Pie,CoQ-PP_26-033,release,06.06.2026,10.1,Aflatoxin B₁,not tested,—,—,—,,not tested — no certificate covers it
P050292,GP072501-1,Grape Pie,CoQ-PP_26-150,reissue — 12-month retest,21.09.2026,10.1,Aflatoxin B₁,ND,227-17-М/26,16.09.2026,Farmahem,,covered
P050292,GP072501-1,Grape Pie,CoQ-PP_26-033,release,06.06.2026,10.2,Aflatoxins ∑,< 2,5886/2025,12.12.2025,IPH — Institute of Public Health,,covered
P050292,GP072501-1,Grape Pie,CoQ-PP_26-150,reissue — 12-month retest,21.09.2026,10.2,Aflatoxins ∑,ND,227-17-М/26,16.09.2026,Farmahem,,carried from the initial testing (the batch's initial CoQ (number assigned on issue)) — covered
P050292,GP072501-1,Grape Pie,CoQ-PP_26-033,release,06.06.2026,10.3,Ochratoxin A,not tested,—,—,—,,not tested — no certificate covers it
P050292,GP072501-1,Grape Pie,CoQ-PP_26-150,reissue — 12-month retest,21.09.2026,10.3,Ochratoxin A,ND,227-17-М/26,16.09.2026,Farmahem,,covered
P050292,GP072501-1,Grape Pie,CoQ-PP_26-033,release,06.06.2026,11.1,Lead (Pb),0.028,5886/2025,12.12.2025,IPH — Institute of Public Health,,covered
P050292,GP072501-1,Grape Pie,CoQ-PP_26-150,reissue — 12-month retest,21.09.2026,11.1,Lead (Pb),0.028,5886/2025,12.12.2025,IPH — Institute of Public Health,,carried from the initial testing (the batch's initial CoQ (number assigned on issue)) — covered
P050292,GP072501-1,Grape Pie,CoQ-PP_26-033,release,06.06.2026,11.2,Cadmium (Cd),0.003,5886/2025,12.12.2025,IPH — Institute of Public Health,,covered
P050292,GP072501-1,Grape Pie,CoQ-PP_26-150,reissue — 12-month retest,21.09.2026,11.2,Cadmium (Cd),0.003,5886/2025,12.12.2025,IPH — Institute of Public Health,,carried from the initial testing (the batch's initial CoQ (number assigned on issue)) — covered
P050292,GP072501-1,Grape Pie,CoQ-PP_26-033,release,06.06.2026,11.3,Arsenic (As),0.03,5886/2025,12.12.2025,IPH — Institute of Public Health,,covered
P050292,GP072501-1,Grape Pie,CoQ-PP_26-150,reissue — 12-month retest,21.09.2026,11.3,Arsenic (As),0.03,5886/2025,12.12.2025,IPH — Institute of Public Health,,carried from the initial testing (the batch's initial CoQ (number assigned on issue)) — covered
P050292,GP072501-1,Grape Pie,CoQ-PP_26-033,release,06.06.2026,11.4,Mercury (Hg),0.025,5886/2025,12.12.2025,IPH — Institute of Public Health,,covered
P050292,GP072501-1,Grape Pie,CoQ-PP_26-150,reissue — 12-month retest,21.09.2026,11.4,Mercury (Hg),0.025,5886/2025,12.12.2025,IPH — Institute of Public Health,,carried from the initial testing (the batch's initial CoQ (number assigned on issue)) — covered
P050292,GP072501-1,Grape Pie,CoQ-PP_26-033,release,06.06.2026,12,Pesticide Residues,ND,5886/2025,12.12.2025,IPH — Institute of Public Health,,covered
P050292,GP072501-1,Grape Pie,CoQ-PP_26-150,reissue — 12-month retest,21.09.2026,12,Pesticide Residues,ND,5886/2025,12.12.2025,IPH — Institute of Public Health,,carried from the initial testing (the batch's initial CoQ (number assigned on issue)) — covered
P050302,GP072501/2,Grape Pie,CoQ-PP_26-034,release,06.06.2026,1,"Identification A, Appearance · Macroscopic",Conforms | Одговара,iCoA-PP_26-032,03.06.2026,Purely Plant GmbH (in-house),yes,to be performed — see route
P050302,GP072501/2,Grape Pie,CoQ-PP_26-116,reissue — 12-month retest,18.09.2026,1,"Identification A, Appearance · Macroscopic",Conforms | Одговара,iCoA-PP_26-130,17.08.2026,Purely Plant GmbH (in-house),yes,covered
P050302,GP072501/2,Grape Pie,CoQ-PP_26-034,release,06.06.2026,2,Identification B · Microscopic,Conforms | Одговара,iCoA-PP_26-032,03.06.2026,Purely Plant GmbH (in-house),yes,to be performed — see route
P050302,GP072501/2,Grape Pie,CoQ-PP_26-116,reissue — 12-month retest,18.09.2026,2,Identification B · Microscopic,Conforms | Одговара,iCoA-PP_26-130,17.08.2026,Purely Plant GmbH (in-house),yes,covered
P050302,GP072501/2,Grape Pie,CoQ-PP_26-034,release,06.06.2026,3,Identification C · HPLC/HPTLC,Conforms | Одговара,ППК25379,12.12.2025,CNP,,covered
P050302,GP072501/2,Grape Pie,CoQ-PP_26-116,reissue — 12-month retest,18.09.2026,3,Identification C · HPLC/HPTLC,Conforms | Одговара,220-10-К/26,25.08.2026,Farmahem,,covered
P050302,GP072501/2,Grape Pie,CoQ-PP_26-034,release,06.06.2026,4,Assay — Total Δ⁹-THC,19.81,ППК25379,12.12.2025,CNP,,covered
P050302,GP072501/2,Grape Pie,CoQ-PP_26-116,reissue — 12-month retest,18.09.2026,4,Assay — Total Δ⁹-THC,18.29,220-10-К/26,25.08.2026,Farmahem,,covered
P050302,GP072501/2,Grape Pie,CoQ-PP_26-034,release,06.06.2026,5,Assay — Total CBD,0.10,ППК25379,12.12.2025,CNP,,covered
P050302,GP072501/2,Grape Pie,CoQ-PP_26-116,reissue — 12-month retest,18.09.2026,5,Assay — Total CBD,< LOQ,220-10-К/26,25.08.2026,Farmahem,,covered
P050302,GP072501/2,Grape Pie,CoQ-PP_26-034,release,06.06.2026,6,Total CBN,0.03 ᴰ,ППК25379,12.12.2025,CNP,,covered
P050302,GP072501/2,Grape Pie,CoQ-PP_26-116,reissue — 12-month retest,18.09.2026,6,Total CBN,< LOQ,220-10-К/26,25.08.2026,Farmahem,,covered
P050302,GP072501/2,Grape Pie,CoQ-PP_26-034,release,06.06.2026,7,Foreign Matter,Conforms | Одговара,iCoA-PP_26-032,03.06.2026,Purely Plant GmbH (in-house),yes,to be performed — see route
P050302,GP072501/2,Grape Pie,CoQ-PP_26-116,reissue — 12-month retest,18.09.2026,7,Foreign Matter,Conforms | Одговара,iCoA-PP_26-130,17.08.2026,Purely Plant GmbH (in-house),yes,covered
P050302,GP072501/2,Grape Pie,CoQ-PP_26-034,release,06.06.2026,8,Loss on Drying,7.41,ППК25379,12.12.2025,CNP,,covered
P050302,GP072501/2,Grape Pie,CoQ-PP_26-116,reissue — 12-month retest,18.09.2026,8,Loss on Drying,7.41,ППК25379,12.12.2025,CNP,,carried from the initial testing (CoQ-PP-2025-0020) — covered
P050302,GP072501/2,Grape Pie,CoQ-PP_26-034,release,06.06.2026,9.1,TAMC,2 × 10²,1229/2195/25,05.12.2025,IPH — Institute of Public Health,,covered
P050302,GP072501/2,Grape Pie,CoQ-PP_26-116,reissue — 12-month retest,18.09.2026,9.1,TAMC,2 × 10²,1229/2195/25,05.12.2025,IPH — Institute of Public Health,,carried from the initial testing (CoQ-PP-2025-0020) — covered
P050302,GP072501/2,Grape Pie,CoQ-PP_26-034,release,06.06.2026,9.2,TYMC,3 × 10²,1229/2195/25,05.12.2025,IPH — Institute of Public Health,,covered
P050302,GP072501/2,Grape Pie,CoQ-PP_26-116,reissue — 12-month retest,18.09.2026,9.2,TYMC,3 × 10²,1229/2195/25,05.12.2025,IPH — Institute of Public Health,,carried from the initial testing (CoQ-PP-2025-0020) — covered
P050302,GP072501/2,Grape Pie,CoQ-PP_26-034,release,06.06.2026,9.3,Bile-tolerant gram-neg.,< 10,1229/2195/25,05.12.2025,IPH — Institute of Public Health,,covered
P050302,GP072501/2,Grape Pie,CoQ-PP_26-116,reissue — 12-month retest,18.09.2026,9.3,Bile-tolerant gram-neg.,< 10,1229/2195/25,05.12.2025,IPH — Institute of Public Health,,carried from the initial testing (CoQ-PP-2025-0020) — covered
P050302,GP072501/2,Grape Pie,CoQ-PP_26-034,release,06.06.2026,9.4,Salmonella,Absent | Отсутна,1229/2195/25,05.12.2025,IPH — Institute of Public Health,,covered
P050302,GP072501/2,Grape Pie,CoQ-PP_26-116,reissue — 12-month retest,18.09.2026,9.4,Salmonella,Absent | Отсутна,1229/2195/25,05.12.2025,IPH — Institute of Public Health,,carried from the initial testing (CoQ-PP-2025-0020) — covered
P050302,GP072501/2,Grape Pie,CoQ-PP_26-034,release,06.06.2026,9.5,Escherichia coli,Absent | Отсутна,1229/2195/25,05.12.2025,IPH — Institute of Public Health,,covered
P050302,GP072501/2,Grape Pie,CoQ-PP_26-116,reissue — 12-month retest,18.09.2026,9.5,Escherichia coli,Absent | Отсутна,1229/2195/25,05.12.2025,IPH — Institute of Public Health,,carried from the initial testing (CoQ-PP-2025-0020) — covered
P050302,GP072501/2,Grape Pie,CoQ-PP_26-034,release,06.06.2026,9.6,Pseudomonas aeruginosa,upon request — not required for release,—,—,—,,upon request — not required for release
P050302,GP072501/2,Grape Pie,CoQ-PP_26-116,reissue — 12-month retest,18.09.2026,9.6,Pseudomonas aeruginosa,upon request — not required for release,—,—,—,,upon request — not required for release
P050302,GP072501/2,Grape Pie,CoQ-PP_26-034,release,06.06.2026,9.7,Staphylococcus aureus,upon request — not required for release,—,—,—,,upon request — not required for release
P050302,GP072501/2,Grape Pie,CoQ-PP_26-116,reissue — 12-month retest,18.09.2026,9.7,Staphylococcus aureus,upon request — not required for release,—,—,—,,upon request — not required for release
P050302,GP072501/2,Grape Pie,CoQ-PP_26-034,release,06.06.2026,10.1,Aflatoxin B₁,not tested,—,—,—,,not tested — no certificate covers it
P050302,GP072501/2,Grape Pie,CoQ-PP_26-116,reissue — 12-month retest,18.09.2026,10.1,Aflatoxin B₁,ND,220-10-М/26,11.09.2026,Farmahem,,covered
P050302,GP072501/2,Grape Pie,CoQ-PP_26-034,release,06.06.2026,10.2,Aflatoxins ∑,< 2,5887/2025,12.12.2025,IPH — Institute of Public Health,,covered
P050302,GP072501/2,Grape Pie,CoQ-PP_26-116,reissue — 12-month retest,18.09.2026,10.2,Aflatoxins ∑,ND,220-10-М/26,11.09.2026,Farmahem,,covered
P050302,GP072501/2,Grape Pie,CoQ-PP_26-034,release,06.06.2026,10.3,Ochratoxin A,not tested,—,—,—,,not tested — no certificate covers it
P050302,GP072501/2,Grape Pie,CoQ-PP_26-116,reissue — 12-month retest,18.09.2026,10.3,Ochratoxin A,ND,220-10-М/26,11.09.2026,Farmahem,,covered
P050302,GP072501/2,Grape Pie,CoQ-PP_26-034,release,06.06.2026,11.1,Lead (Pb),0.017,5887/2025,12.12.2025,IPH — Institute of Public Health,,covered
P050302,GP072501/2,Grape Pie,CoQ-PP_26-116,reissue — 12-month retest,18.09.2026,11.1,Lead (Pb),0.017,5887/2025,12.12.2025,IPH — Institute of Public Health,,carried from the initial testing (CoQ-PP-2025-0020) — covered
P050302,GP072501/2,Grape Pie,CoQ-PP_26-034,release,06.06.2026,11.2,Cadmium (Cd),0.0028,5887/2025,12.12.2025,IPH — Institute of Public Health,,covered
P050302,GP072501/2,Grape Pie,CoQ-PP_26-116,reissue — 12-month retest,18.09.2026,11.2,Cadmium (Cd),0.0028,5887/2025,12.12.2025,IPH — Institute of Public Health,,carried from the initial testing (CoQ-PP-2025-0020) — covered
P050302,GP072501/2,Grape Pie,CoQ-PP_26-034,release,06.06.2026,11.3,Arsenic (As),0.02,5887/2025,12.12.2025,IPH — Institute of Public Health,,covered
P050302,GP072501/2,Grape Pie,CoQ-PP_26-116,reissue — 12-month retest,18.09.2026,11.3,Arsenic (As),0.02,5887/2025,12.12.2025,IPH — Institute of Public Health,,carried from the initial testing (CoQ-PP-2025-0020) — covered
P050302,GP072501/2,Grape Pie,CoQ-PP_26-034,release,06.06.2026,11.4,Mercury (Hg),0.019,5887/2025,12.12.2025,IPH — Institute of Public Health,,covered
P050302,GP072501/2,Grape Pie,CoQ-PP_26-116,reissue — 12-month retest,18.09.2026,11.4,Mercury (Hg),0.019,5887/2025,12.12.2025,IPH — Institute of Public Health,,carried from the initial testing (CoQ-PP-2025-0020) — covered
P050302,GP072501/2,Grape Pie,CoQ-PP_26-034,release,06.06.2026,12,Pesticide Residues,ND,5887/2025,12.12.2025,IPH — Institute of Public Health,,covered
P050302,GP072501/2,Grape Pie,CoQ-PP_26-116,reissue — 12-month retest,18.09.2026,12,Pesticide Residues,ND,5887/2025,12.12.2025,IPH — Institute of Public Health,,carried from the initial testing (CoQ-PP-2025-0020) — covered
P050312,GP082501/1,Grape Pie,CoQ-PP_26-035,release,06.06.2026,1,"Identification A, Appearance · Macroscopic",Conforms | Одговара,iCoA-PP_26-033,03.06.2026,Purely Plant GmbH (in-house),yes,to be performed — see route
P050312,GP082501/1,Grape Pie,CoQ-PP_26-118,reissue — 12-month retest,18.09.2026,1,"Identification A, Appearance · Macroscopic",Conforms | Одговара,iCoA-PP_26-132,17.08.2026,Purely Plant GmbH (in-house),yes,covered
P050312,GP082501/1,Grape Pie,CoQ-PP_26-035,release,06.06.2026,2,Identification B · Microscopic,Conforms | Одговара,iCoA-PP_26-033,03.06.2026,Purely Plant GmbH (in-house),yes,to be performed — see route
P050312,GP082501/1,Grape Pie,CoQ-PP_26-118,reissue — 12-month retest,18.09.2026,2,Identification B · Microscopic,Conforms | Одговара,iCoA-PP_26-132,17.08.2026,Purely Plant GmbH (in-house),yes,covered
P050312,GP082501/1,Grape Pie,CoQ-PP_26-035,release,06.06.2026,3,Identification C · HPLC/HPTLC,Conforms | Одговара,ППК25380,12.12.2025,CNP,,covered
P050312,GP082501/1,Grape Pie,CoQ-PP_26-118,reissue — 12-month retest,18.09.2026,3,Identification C · HPLC/HPTLC,Conforms | Одговара,220-12-К/26,25.08.2026,Farmahem,,covered
P050312,GP082501/1,Grape Pie,CoQ-PP_26-035,release,06.06.2026,4,Assay — Total Δ⁹-THC,21.29,ППК25380,12.12.2025,CNP,,covered
P050312,GP082501/1,Grape Pie,CoQ-PP_26-118,reissue — 12-month retest,18.09.2026,4,Assay — Total Δ⁹-THC,25.13,220-12-К/26,25.08.2026,Farmahem,,covered
P050312,GP082501/1,Grape Pie,CoQ-PP_26-035,release,06.06.2026,5,Assay — Total CBD,0.08,ППК25380,12.12.2025,CNP,,covered
P050312,GP082501/1,Grape Pie,CoQ-PP_26-118,reissue — 12-month retest,18.09.2026,5,Assay — Total CBD,< LOQ,220-12-К/26,25.08.2026,Farmahem,,covered — laboratory finding recorded
P050312,GP082501/1,Grape Pie,CoQ-PP_26-035,release,06.06.2026,6,Total CBN,0.03 ᴰ,ППК25380,12.12.2025,CNP,,covered
P050312,GP082501/1,Grape Pie,CoQ-PP_26-118,reissue — 12-month retest,18.09.2026,6,Total CBN,< LOQ,220-12-К/26,25.08.2026,Farmahem,,covered — laboratory finding recorded
P050312,GP082501/1,Grape Pie,CoQ-PP_26-035,release,06.06.2026,7,Foreign Matter,Conforms | Одговара,iCoA-PP_26-033,03.06.2026,Purely Plant GmbH (in-house),yes,to be performed — see route
P050312,GP082501/1,Grape Pie,CoQ-PP_26-118,reissue — 12-month retest,18.09.2026,7,Foreign Matter,Conforms | Одговара,iCoA-PP_26-132,17.08.2026,Purely Plant GmbH (in-house),yes,covered
P050312,GP082501/1,Grape Pie,CoQ-PP_26-035,release,06.06.2026,8,Loss on Drying,6.29,ППК25380,12.12.2025,CNP,,covered
P050312,GP082501/1,Grape Pie,CoQ-PP_26-118,reissue — 12-month retest,18.09.2026,8,Loss on Drying,6.29,ППК25380,12.12.2025,CNP,,carried from the initial testing (CoQ-PP-2025-0021) — covered
P050312,GP082501/1,Grape Pie,CoQ-PP_26-035,release,06.06.2026,9.1,TAMC,4.3 × 10²,1226/2192/25,05.12.2025,IPH — Institute of Public Health,,covered
P050312,GP082501/1,Grape Pie,CoQ-PP_26-118,reissue — 12-month retest,18.09.2026,9.1,TAMC,4.3 × 10²,1226/2192/25,05.12.2025,IPH — Institute of Public Health,,carried from the initial testing (CoQ-PP-2025-0021) — covered
P050312,GP082501/1,Grape Pie,CoQ-PP_26-035,release,06.06.2026,9.2,TYMC,1 × 10³,1226/2192/25,05.12.2025,IPH — Institute of Public Health,,covered
P050312,GP082501/1,Grape Pie,CoQ-PP_26-118,reissue — 12-month retest,18.09.2026,9.2,TYMC,1 × 10³,1226/2192/25,05.12.2025,IPH — Institute of Public Health,,carried from the initial testing (CoQ-PP-2025-0021) — covered
P050312,GP082501/1,Grape Pie,CoQ-PP_26-035,release,06.06.2026,9.3,Bile-tolerant gram-neg.,< 10³ and > 10²,1226/2192/25,05.12.2025,IPH — Institute of Public Health,,covered
P050312,GP082501/1,Grape Pie,CoQ-PP_26-118,reissue — 12-month retest,18.09.2026,9.3,Bile-tolerant gram-neg.,< 10³ and > 10²,1226/2192/25,05.12.2025,IPH — Institute of Public Health,,carried from the initial testing (CoQ-PP-2025-0021) — covered
P050312,GP082501/1,Grape Pie,CoQ-PP_26-035,release,06.06.2026,9.4,Salmonella,Absent | Отсутна,1226/2192/25,05.12.2025,IPH — Institute of Public Health,,covered
P050312,GP082501/1,Grape Pie,CoQ-PP_26-118,reissue — 12-month retest,18.09.2026,9.4,Salmonella,Absent | Отсутна,1226/2192/25,05.12.2025,IPH — Institute of Public Health,,carried from the initial testing (CoQ-PP-2025-0021) — covered
P050312,GP082501/1,Grape Pie,CoQ-PP_26-035,release,06.06.2026,9.5,Escherichia coli,Absent | Отсутна,1226/2192/25,05.12.2025,IPH — Institute of Public Health,,covered
P050312,GP082501/1,Grape Pie,CoQ-PP_26-118,reissue — 12-month retest,18.09.2026,9.5,Escherichia coli,Absent | Отсутна,1226/2192/25,05.12.2025,IPH — Institute of Public Health,,carried from the initial testing (CoQ-PP-2025-0021) — covered
P050312,GP082501/1,Grape Pie,CoQ-PP_26-035,release,06.06.2026,9.6,Pseudomonas aeruginosa,upon request — not required for release,—,—,—,,upon request — not required for release
P050312,GP082501/1,Grape Pie,CoQ-PP_26-118,reissue — 12-month retest,18.09.2026,9.6,Pseudomonas aeruginosa,upon request — not required for release,—,—,—,,upon request — not required for release
P050312,GP082501/1,Grape Pie,CoQ-PP_26-035,release,06.06.2026,9.7,Staphylococcus aureus,upon request — not required for release,—,—,—,,upon request — not required for release
P050312,GP082501/1,Grape Pie,CoQ-PP_26-118,reissue — 12-month retest,18.09.2026,9.7,Staphylococcus aureus,upon request — not required for release,—,—,—,,upon request — not required for release
P050312,GP082501/1,Grape Pie,CoQ-PP_26-035,release,06.06.2026,10.1,Aflatoxin B₁,not tested,—,—,—,,not tested — no certificate covers it
P050312,GP082501/1,Grape Pie,CoQ-PP_26-118,reissue — 12-month retest,18.09.2026,10.1,Aflatoxin B₁,ND,220-12-М/26,11.09.2026,Farmahem,,covered
P050312,GP082501/1,Grape Pie,CoQ-PP_26-035,release,06.06.2026,10.2,Aflatoxins ∑,< 2,5888/2025,12.12.2025,IPH — Institute of Public Health,,covered
P050312,GP082501/1,Grape Pie,CoQ-PP_26-118,reissue — 12-month retest,18.09.2026,10.2,Aflatoxins ∑,ND,220-12-М/26,11.09.2026,Farmahem,,covered
P050312,GP082501/1,Grape Pie,CoQ-PP_26-035,release,06.06.2026,10.3,Ochratoxin A,not tested,—,—,—,,not tested — no certificate covers it
P050312,GP082501/1,Grape Pie,CoQ-PP_26-118,reissue — 12-month retest,18.09.2026,10.3,Ochratoxin A,ND,220-12-М/26,11.09.2026,Farmahem,,covered
P050312,GP082501/1,Grape Pie,CoQ-PP_26-035,release,06.06.2026,11.1,Lead (Pb),0.014,5888/2025,12.12.2025,IPH — Institute of Public Health,,covered
P050312,GP082501/1,Grape Pie,CoQ-PP_26-118,reissue — 12-month retest,18.09.2026,11.1,Lead (Pb),0.014,5888/2025,12.12.2025,IPH — Institute of Public Health,,carried from the initial testing (CoQ-PP-2025-0021) — covered
P050312,GP082501/1,Grape Pie,CoQ-PP_26-035,release,06.06.2026,11.2,Cadmium (Cd),0.003,5888/2025,12.12.2025,IPH — Institute of Public Health,,covered
P050312,GP082501/1,Grape Pie,CoQ-PP_26-118,reissue — 12-month retest,18.09.2026,11.2,Cadmium (Cd),0.003,5888/2025,12.12.2025,IPH — Institute of Public Health,,carried from the initial testing (CoQ-PP-2025-0021) — covered
P050312,GP082501/1,Grape Pie,CoQ-PP_26-035,release,06.06.2026,11.3,Arsenic (As),0.02,5888/2025,12.12.2025,IPH — Institute of Public Health,,covered
P050312,GP082501/1,Grape Pie,CoQ-PP_26-118,reissue — 12-month retest,18.09.2026,11.3,Arsenic (As),0.02,5888/2025,12.12.2025,IPH — Institute of Public Health,,carried from the initial testing (CoQ-PP-2025-0021) — covered
P050312,GP082501/1,Grape Pie,CoQ-PP_26-035,release,06.06.2026,11.4,Mercury (Hg),0.017,5888/2025,12.12.2025,IPH — Institute of Public Health,,covered
P050312,GP082501/1,Grape Pie,CoQ-PP_26-118,reissue — 12-month retest,18.09.2026,11.4,Mercury (Hg),0.017,5888/2025,12.12.2025,IPH — Institute of Public Health,,carried from the initial testing (CoQ-PP-2025-0021) — covered
P050312,GP082501/1,Grape Pie,CoQ-PP_26-035,release,06.06.2026,12,Pesticide Residues,ND,5888/2025,12.12.2025,IPH — Institute of Public Health,,covered
P050312,GP082501/1,Grape Pie,CoQ-PP_26-118,reissue — 12-month retest,18.09.2026,12,Pesticide Residues,ND,5888/2025,12.12.2025,IPH — Institute of Public Health,,carried from the initial testing (CoQ-PP-2025-0021) — covered
P050322,GP082501/2,Grape Pie,CoQ-PP_26-036,release,06.06.2026,1,"Identification A, Appearance · Macroscopic",Conforms | Одговара,iCoA-PP_26-034,03.06.2026,Purely Plant GmbH (in-house),yes,to be performed — see route
P050322,GP082501/2,Grape Pie,CoQ-PP_26-096,reissue — 12-month retest,17.08.2026,1,"Identification A, Appearance · Macroscopic",Conforms | Одговара,iCoA-PP_26-109,27.07.2026,Purely Plant GmbH (in-house),yes,covered
P050322,GP082501/2,Grape Pie,CoQ-PP_26-036,release,06.06.2026,2,Identification B · Microscopic,Conforms | Одговара,iCoA-PP_26-034,03.06.2026,Purely Plant GmbH (in-house),yes,to be performed — see route
P050322,GP082501/2,Grape Pie,CoQ-PP_26-096,reissue — 12-month retest,17.08.2026,2,Identification B · Microscopic,Conforms | Одговара,iCoA-PP_26-109,27.07.2026,Purely Plant GmbH (in-house),yes,covered
P050322,GP082501/2,Grape Pie,CoQ-PP_26-036,release,06.06.2026,3,Identification C · HPLC/HPTLC,Conforms | Одговара,ППК25381,12.12.2025,CNP,,covered
P050322,GP082501/2,Grape Pie,CoQ-PP_26-096,reissue — 12-month retest,17.08.2026,3,Identification C · HPLC/HPTLC,Conforms | Одговара,197-12-К/26,07.08.2026,Farmahem,,covered
P050322,GP082501/2,Grape Pie,CoQ-PP_26-036,release,06.06.2026,4,Assay — Total Δ⁹-THC,14.83,ППК25381,12.12.2025,CNP,,covered
P050322,GP082501/2,Grape Pie,CoQ-PP_26-096,reissue — 12-month retest,17.08.2026,4,Assay — Total Δ⁹-THC,15.70,197-12-К/26,07.08.2026,Farmahem,,covered
P050322,GP082501/2,Grape Pie,CoQ-PP_26-036,release,06.06.2026,5,Assay — Total CBD,0.11,ППК25381,12.12.2025,CNP,,covered
P050322,GP082501/2,Grape Pie,CoQ-PP_26-096,reissue — 12-month retest,17.08.2026,5,Assay — Total CBD,< LOQ,197-12-К/26,07.08.2026,Farmahem,,covered
P050322,GP082501/2,Grape Pie,CoQ-PP_26-036,release,06.06.2026,6,Total CBN,0.02 ᴰ,ППК25381,12.12.2025,CNP,,covered
P050322,GP082501/2,Grape Pie,CoQ-PP_26-096,reissue — 12-month retest,17.08.2026,6,Total CBN,< LOQ,197-12-К/26,07.08.2026,Farmahem,,covered
P050322,GP082501/2,Grape Pie,CoQ-PP_26-036,release,06.06.2026,7,Foreign Matter,Conforms | Одговара,iCoA-PP_26-034,03.06.2026,Purely Plant GmbH (in-house),yes,to be performed — see route
P050322,GP082501/2,Grape Pie,CoQ-PP_26-096,reissue — 12-month retest,17.08.2026,7,Foreign Matter,Conforms | Одговара,iCoA-PP_26-109,27.07.2026,Purely Plant GmbH (in-house),yes,covered
P050322,GP082501/2,Grape Pie,CoQ-PP_26-036,release,06.06.2026,8,Loss on Drying,6.88,ППК25381,12.12.2025,CNP,,covered
P050322,GP082501/2,Grape Pie,CoQ-PP_26-096,reissue — 12-month retest,17.08.2026,8,Loss on Drying,6.88,ППК25381,12.12.2025,CNP,,carried from the initial testing (CoQ-PP-2025-0022) — covered
P050322,GP082501/2,Grape Pie,CoQ-PP_26-036,release,06.06.2026,9.1,TAMC,3.2 × 10³,1227/2193/25,05.12.2025,IPH — Institute of Public Health,,covered
P050322,GP082501/2,Grape Pie,CoQ-PP_26-096,reissue — 12-month retest,17.08.2026,9.1,TAMC,3.2 × 10³,1227/2193/25,05.12.2025,IPH — Institute of Public Health,,carried from the initial testing (CoQ-PP-2025-0022) — covered
P050322,GP082501/2,Grape Pie,CoQ-PP_26-036,release,06.06.2026,9.2,TYMC,5.8 × 10³,1227/2193/25,05.12.2025,IPH — Institute of Public Health,,covered
P050322,GP082501/2,Grape Pie,CoQ-PP_26-096,reissue — 12-month retest,17.08.2026,9.2,TYMC,5.8 × 10³,1227/2193/25,05.12.2025,IPH — Institute of Public Health,,carried from the initial testing (CoQ-PP-2025-0022) — covered
P050322,GP082501/2,Grape Pie,CoQ-PP_26-036,release,06.06.2026,9.3,Bile-tolerant gram-neg.,< 10⁴ and > 10³,1227/2193/25,05.12.2025,IPH — Institute of Public Health,,covered
P050322,GP082501/2,Grape Pie,CoQ-PP_26-096,reissue — 12-month retest,17.08.2026,9.3,Bile-tolerant gram-neg.,< 10⁴ and > 10³,1227/2193/25,05.12.2025,IPH — Institute of Public Health,,carried from the initial testing (CoQ-PP-2025-0022) — covered
P050322,GP082501/2,Grape Pie,CoQ-PP_26-036,release,06.06.2026,9.4,Salmonella,Absent | Отсутна,1227/2193/25,05.12.2025,IPH — Institute of Public Health,,covered
P050322,GP082501/2,Grape Pie,CoQ-PP_26-096,reissue — 12-month retest,17.08.2026,9.4,Salmonella,Absent | Отсутна,1227/2193/25,05.12.2025,IPH — Institute of Public Health,,carried from the initial testing (CoQ-PP-2025-0022) — covered
P050322,GP082501/2,Grape Pie,CoQ-PP_26-036,release,06.06.2026,9.5,Escherichia coli,Absent | Отсутна,1227/2193/25,05.12.2025,IPH — Institute of Public Health,,covered
P050322,GP082501/2,Grape Pie,CoQ-PP_26-096,reissue — 12-month retest,17.08.2026,9.5,Escherichia coli,Absent | Отсутна,1227/2193/25,05.12.2025,IPH — Institute of Public Health,,carried from the initial testing (CoQ-PP-2025-0022) — covered
P050322,GP082501/2,Grape Pie,CoQ-PP_26-036,release,06.06.2026,9.6,Pseudomonas aeruginosa,upon request — not required for release,—,—,—,,upon request — not required for release
P050322,GP082501/2,Grape Pie,CoQ-PP_26-096,reissue — 12-month retest,17.08.2026,9.6,Pseudomonas aeruginosa,upon request — not required for release,—,—,—,,upon request — not required for release
P050322,GP082501/2,Grape Pie,CoQ-PP_26-036,release,06.06.2026,9.7,Staphylococcus aureus,upon request — not required for release,—,—,—,,upon request — not required for release
P050322,GP082501/2,Grape Pie,CoQ-PP_26-096,reissue — 12-month retest,17.08.2026,9.7,Staphylococcus aureus,upon request — not required for release,—,—,—,,upon request — not required for release
P050322,GP082501/2,Grape Pie,CoQ-PP_26-036,release,06.06.2026,10.1,Aflatoxin B₁,not tested,—,—,—,,not tested — no certificate covers it
P050322,GP082501/2,Grape Pie,CoQ-PP_26-096,reissue — 12-month retest,17.08.2026,10.1,Aflatoxin B₁,ND,197-12-М/26,10.08.2026,Farmahem,,covered
P050322,GP082501/2,Grape Pie,CoQ-PP_26-036,release,06.06.2026,10.2,Aflatoxins ∑,< 2,5889/2025,12.12.2025,IPH — Institute of Public Health,,covered
P050322,GP082501/2,Grape Pie,CoQ-PP_26-096,reissue — 12-month retest,17.08.2026,10.2,Aflatoxins ∑,ND,197-12-М/26,10.08.2026,Farmahem,,covered
P050322,GP082501/2,Grape Pie,CoQ-PP_26-036,release,06.06.2026,10.3,Ochratoxin A,not tested,—,—,—,,not tested — no certificate covers it
P050322,GP082501/2,Grape Pie,CoQ-PP_26-096,reissue — 12-month retest,17.08.2026,10.3,Ochratoxin A,ND,197-12-М/26,10.08.2026,Farmahem,,covered
P050322,GP082501/2,Grape Pie,CoQ-PP_26-036,release,06.06.2026,11.1,Lead (Pb),0.013,5889/2025,12.12.2025,IPH — Institute of Public Health,,covered
P050322,GP082501/2,Grape Pie,CoQ-PP_26-096,reissue — 12-month retest,17.08.2026,11.1,Lead (Pb),0.013,5889/2025,12.12.2025,IPH — Institute of Public Health,,carried from the initial testing (CoQ-PP-2025-0022) — covered
P050322,GP082501/2,Grape Pie,CoQ-PP_26-036,release,06.06.2026,11.2,Cadmium (Cd),0.003,5889/2025,12.12.2025,IPH — Institute of Public Health,,covered
P050322,GP082501/2,Grape Pie,CoQ-PP_26-096,reissue — 12-month retest,17.08.2026,11.2,Cadmium (Cd),0.003,5889/2025,12.12.2025,IPH — Institute of Public Health,,carried from the initial testing (CoQ-PP-2025-0022) — covered
P050322,GP082501/2,Grape Pie,CoQ-PP_26-036,release,06.06.2026,11.3,Arsenic (As),0.02,5889/2025,12.12.2025,IPH — Institute of Public Health,,covered
P050322,GP082501/2,Grape Pie,CoQ-PP_26-096,reissue — 12-month retest,17.08.2026,11.3,Arsenic (As),0.02,5889/2025,12.12.2025,IPH — Institute of Public Health,,carried from the initial testing (CoQ-PP-2025-0022) — covered
P050322,GP082501/2,Grape Pie,CoQ-PP_26-036,release,06.06.2026,11.4,Mercury (Hg),0.016,5889/2025,12.12.2025,IPH — Institute of Public Health,,covered
P050322,GP082501/2,Grape Pie,CoQ-PP_26-096,reissue — 12-month retest,17.08.2026,11.4,Mercury (Hg),0.016,5889/2025,12.12.2025,IPH — Institute of Public Health,,carried from the initial testing (CoQ-PP-2025-0022) — covered
P050322,GP082501/2,Grape Pie,CoQ-PP_26-036,release,06.06.2026,12,Pesticide Residues,ND,5889/2025,12.12.2025,IPH — Institute of Public Health,,covered
P050322,GP082501/2,Grape Pie,CoQ-PP_26-096,reissue — 12-month retest,17.08.2026,12,Pesticide Residues,ND,5889/2025,12.12.2025,IPH — Institute of Public Health,,carried from the initial testing (CoQ-PP-2025-0022) — covered
P060012,WC082501,Wedding Crusher,CoQ-PP_26-037,release,06.06.2026,1,"Identification A, Appearance · Macroscopic",Conforms | Одговара,iCoA-PP_26-035,03.06.2026,Purely Plant GmbH (in-house),yes,to be performed — see route
P060012,WC082501,Wedding Crusher,CoQ-PP_26-135,reissue — 12-month retest,18.09.2026,1,"Identification A, Appearance · Macroscopic",Conforms | Одговара,iCoA-PP_26-152,17.08.2026,Purely Plant GmbH (in-house),yes,covered
P060012,WC082501,Wedding Crusher,CoQ-PP_26-037,release,06.06.2026,2,Identification B · Microscopic,Conforms | Одговара,iCoA-PP_26-035,03.06.2026,Purely Plant GmbH (in-house),yes,to be performed — see route
P060012,WC082501,Wedding Crusher,CoQ-PP_26-135,reissue — 12-month retest,18.09.2026,2,Identification B · Microscopic,Conforms | Одговара,iCoA-PP_26-152,17.08.2026,Purely Plant GmbH (in-house),yes,covered
P060012,WC082501,Wedding Crusher,CoQ-PP_26-037,release,06.06.2026,3,Identification C · HPLC/HPTLC,Conforms | Одговара,ППК26001,21.01.2026,UKIM Faculty of Pharmacy — Center for Natural Products,,covered
P060012,WC082501,Wedding Crusher,CoQ-PP_26-135,reissue — 12-month retest,18.09.2026,3,Identification C · HPLC/HPTLC,Conforms | Одговара,220-28-К/26,26.08.2026,Farmahem,,covered
P060012,WC082501,Wedding Crusher,CoQ-PP_26-037,release,06.06.2026,4,Assay — Total Δ⁹-THC,21.67,ППК26001,21.01.2026,UKIM Faculty of Pharmacy — Center for Natural Products,,covered
P060012,WC082501,Wedding Crusher,CoQ-PP_26-135,reissue — 12-month retest,18.09.2026,4,Assay — Total Δ⁹-THC,23.48,220-28-К/26,26.08.2026,Farmahem,,covered
P060012,WC082501,Wedding Crusher,CoQ-PP_26-037,release,06.06.2026,5,Assay — Total CBD,0.08,ППК26001,21.01.2026,UKIM Faculty of Pharmacy — Center for Natural Products,,covered
P060012,WC082501,Wedding Crusher,CoQ-PP_26-135,reissue — 12-month retest,18.09.2026,5,Assay — Total CBD,< LOQ,220-28-К/26,26.08.2026,Farmahem,,covered
P060012,WC082501,Wedding Crusher,CoQ-PP_26-037,release,06.06.2026,6,Total CBN,0.02 ᴰ,ППК26001,21.01.2026,CNP,,covered
P060012,WC082501,Wedding Crusher,CoQ-PP_26-135,reissue — 12-month retest,18.09.2026,6,Total CBN,< LOQ,220-28-К/26,26.08.2026,Farmahem,,covered
P060012,WC082501,Wedding Crusher,CoQ-PP_26-037,release,06.06.2026,7,Foreign Matter,Conforms | Одговара,iCoA-PP_26-035,03.06.2026,Purely Plant GmbH (in-house),yes,to be performed — see route
P060012,WC082501,Wedding Crusher,CoQ-PP_26-135,reissue — 12-month retest,18.09.2026,7,Foreign Matter,Conforms | Одговара,iCoA-PP_26-152,17.08.2026,Purely Plant GmbH (in-house),yes,covered
P060012,WC082501,Wedding Crusher,CoQ-PP_26-037,release,06.06.2026,8,Loss on Drying,7.50,ППК26001,21.01.2026,UKIM Faculty of Pharmacy — Center for Natural Products,,covered
P060012,WC082501,Wedding Crusher,CoQ-PP_26-135,reissue — 12-month retest,18.09.2026,8,Loss on Drying,7.50,ППК26001,21.01.2026,UKIM Faculty of Pharmacy — Center for Natural Products,,carried from the initial testing (CoQ-PP-2026-0001) — covered
P060012,WC082501,Wedding Crusher,CoQ-PP_26-037,release,06.06.2026,9.1,TAMC,10,3/0006/26,20.01.2026,IPH — Institute of Public Health,,covered
P060012,WC082501,Wedding Crusher,CoQ-PP_26-135,reissue — 12-month retest,18.09.2026,9.1,TAMC,10,3/0006/26,20.01.2026,IPH — Institute of Public Health,,carried from the initial testing (CoQ-PP-2026-0001) — covered
P060012,WC082501,Wedding Crusher,CoQ-PP_26-037,release,06.06.2026,9.2,TYMC,30,3/0006/26,20.01.2026,IPH — Institute of Public Health,,covered
P060012,WC082501,Wedding Crusher,CoQ-PP_26-135,reissue — 12-month retest,18.09.2026,9.2,TYMC,30,3/0006/26,20.01.2026,IPH — Institute of Public Health,,carried from the initial testing (CoQ-PP-2026-0001) — covered
P060012,WC082501,Wedding Crusher,CoQ-PP_26-037,release,06.06.2026,9.3,Bile-tolerant gram-neg.,< 10,3/0006/26,20.01.2026,IPH — Institute of Public Health,,covered
P060012,WC082501,Wedding Crusher,CoQ-PP_26-135,reissue — 12-month retest,18.09.2026,9.3,Bile-tolerant gram-neg.,< 10,3/0006/26,20.01.2026,IPH — Institute of Public Health,,carried from the initial testing (CoQ-PP-2026-0001) — covered
P060012,WC082501,Wedding Crusher,CoQ-PP_26-037,release,06.06.2026,9.4,Salmonella,Absent | Отсутна,3/0006/26,20.01.2026,IPH — Institute of Public Health,,covered
P060012,WC082501,Wedding Crusher,CoQ-PP_26-135,reissue — 12-month retest,18.09.2026,9.4,Salmonella,Absent | Отсутна,3/0006/26,20.01.2026,IPH — Institute of Public Health,,carried from the initial testing (CoQ-PP-2026-0001) — covered
P060012,WC082501,Wedding Crusher,CoQ-PP_26-037,release,06.06.2026,9.5,Escherichia coli,Absent | Отсутна,3/0006/26,20.01.2026,IPH — Institute of Public Health,,covered
P060012,WC082501,Wedding Crusher,CoQ-PP_26-135,reissue — 12-month retest,18.09.2026,9.5,Escherichia coli,Absent | Отсутна,3/0006/26,20.01.2026,IPH — Institute of Public Health,,carried from the initial testing (CoQ-PP-2026-0001) — covered
P060012,WC082501,Wedding Crusher,CoQ-PP_26-037,release,06.06.2026,9.6,Pseudomonas aeruginosa,upon request — not required for release,—,—,—,,upon request — not required for release
P060012,WC082501,Wedding Crusher,CoQ-PP_26-135,reissue — 12-month retest,18.09.2026,9.6,Pseudomonas aeruginosa,upon request — not required for release,—,—,—,,upon request — not required for release
P060012,WC082501,Wedding Crusher,CoQ-PP_26-037,release,06.06.2026,9.7,Staphylococcus aureus,upon request — not required for release,—,—,—,,upon request — not required for release
P060012,WC082501,Wedding Crusher,CoQ-PP_26-135,reissue — 12-month retest,18.09.2026,9.7,Staphylococcus aureus,upon request — not required for release,—,—,—,,upon request — not required for release
P060012,WC082501,Wedding Crusher,CoQ-PP_26-037,release,06.06.2026,10.1,Aflatoxin B₁,not tested,—,—,—,,not tested — no certificate covers it
P060012,WC082501,Wedding Crusher,CoQ-PP_26-135,reissue — 12-month retest,18.09.2026,10.1,Aflatoxin B₁,ND,220-28-М/26,11.09.2026,Farmahem,,covered
P060012,WC082501,Wedding Crusher,CoQ-PP_26-037,release,06.06.2026,10.2,Aflatoxins ∑,< 2,80/2026,02.02.2026,IPH — Institute of Public Health,,covered
P060012,WC082501,Wedding Crusher,CoQ-PP_26-135,reissue — 12-month retest,18.09.2026,10.2,Aflatoxins ∑,ND,220-28-М/26,11.09.2026,Farmahem,,covered
P060012,WC082501,Wedding Crusher,CoQ-PP_26-037,release,06.06.2026,10.3,Ochratoxin A,not tested,—,—,—,,not tested — no certificate covers it
P060012,WC082501,Wedding Crusher,CoQ-PP_26-135,reissue — 12-month retest,18.09.2026,10.3,Ochratoxin A,ND,220-28-М/26,11.09.2026,Farmahem,,covered
P060012,WC082501,Wedding Crusher,CoQ-PP_26-037,release,06.06.2026,11.1,Lead (Pb),ND,80/2026,02.02.2026,IPH — Institute of Public Health,,covered
P060012,WC082501,Wedding Crusher,CoQ-PP_26-135,reissue — 12-month retest,18.09.2026,11.1,Lead (Pb),ND,80/2026,02.02.2026,IPH — Institute of Public Health,,carried from the initial testing (CoQ-PP-2026-0001) — covered
P060012,WC082501,Wedding Crusher,CoQ-PP_26-037,release,06.06.2026,11.2,Cadmium (Cd),ND,80/2026,02.02.2026,IPH — Institute of Public Health,,covered
P060012,WC082501,Wedding Crusher,CoQ-PP_26-135,reissue — 12-month retest,18.09.2026,11.2,Cadmium (Cd),ND,80/2026,02.02.2026,IPH — Institute of Public Health,,carried from the initial testing (CoQ-PP-2026-0001) — covered
P060012,WC082501,Wedding Crusher,CoQ-PP_26-037,release,06.06.2026,11.3,Arsenic (As),ND,80/2026,02.02.2026,IPH — Institute of Public Health,,covered
P060012,WC082501,Wedding Crusher,CoQ-PP_26-135,reissue — 12-month retest,18.09.2026,11.3,Arsenic (As),ND,80/2026,02.02.2026,IPH — Institute of Public Health,,carried from the initial testing (CoQ-PP-2026-0001) — covered
P060012,WC082501,Wedding Crusher,CoQ-PP_26-037,release,06.06.2026,11.4,Mercury (Hg),ND,80/2026,02.02.2026,IPH — Institute of Public Health,,covered
P060012,WC082501,Wedding Crusher,CoQ-PP_26-135,reissue — 12-month retest,18.09.2026,11.4,Mercury (Hg),ND,80/2026,02.02.2026,IPH — Institute of Public Health,,carried from the initial testing (CoQ-PP-2026-0001) — covered
P060012,WC082501,Wedding Crusher,CoQ-PP_26-037,release,06.06.2026,12,Pesticide Residues,ND,80/2026,02.02.2026,IPH — Institute of Public Health,,covered
P060012,WC082501,Wedding Crusher,CoQ-PP_26-135,reissue — 12-month retest,18.09.2026,12,Pesticide Residues,ND,80/2026,02.02.2026,IPH — Institute of Public Health,,carried from the initial testing (CoQ-PP-2026-0001) — covered
P060022,CJ082501/1,Cap Junky,CoQ-PP_26-038,release,06.06.2026,1,"Identification A, Appearance · Macroscopic",Conforms | Одговара,iCoA-PP_26-036,03.06.2026,Purely Plant GmbH (in-house),yes,to be performed — see route
P060022,CJ082501/1,Cap Junky,CoQ-PP_26-111,reissue — 12-month retest,18.09.2026,1,"Identification A, Appearance · Macroscopic",Conforms | Одговара,iCoA-PP_26-125,17.08.2026,Purely Plant GmbH (in-house),yes,covered
P060022,CJ082501/1,Cap Junky,CoQ-PP_26-038,release,06.06.2026,2,Identification B · Microscopic,Conforms | Одговара,iCoA-PP_26-036,03.06.2026,Purely Plant GmbH (in-house),yes,to be performed — see route
P060022,CJ082501/1,Cap Junky,CoQ-PP_26-111,reissue — 12-month retest,18.09.2026,2,Identification B · Microscopic,Conforms | Одговара,iCoA-PP_26-125,17.08.2026,Purely Plant GmbH (in-house),yes,covered
P060022,CJ082501/1,Cap Junky,CoQ-PP_26-038,release,06.06.2026,3,Identification C · HPLC/HPTLC,Conforms | Одговара,ППК26002,21.01.2026,UKIM Faculty of Pharmacy — Center for Natural Products,,covered
P060022,CJ082501/1,Cap Junky,CoQ-PP_26-111,reissue — 12-month retest,18.09.2026,3,Identification C · HPLC/HPTLC,Conforms | Одговара,220-4-К/26,25.08.2026,Farmahem,,covered
P060022,CJ082501/1,Cap Junky,CoQ-PP_26-038,release,06.06.2026,4,Assay — Total Δ⁹-THC,24.96,ППК26002,21.01.2026,UKIM Faculty of Pharmacy — Center for Natural Products,,covered
P060022,CJ082501/1,Cap Junky,CoQ-PP_26-111,reissue — 12-month retest,18.09.2026,4,Assay — Total Δ⁹-THC,28.34,220-4-К/26,25.08.2026,Farmahem,,covered
P060022,CJ082501/1,Cap Junky,CoQ-PP_26-038,release,06.06.2026,5,Assay — Total CBD,0.09,ППК26002,21.01.2026,UKIM Faculty of Pharmacy — Center for Natural Products,,covered
P060022,CJ082501/1,Cap Junky,CoQ-PP_26-111,reissue — 12-month retest,18.09.2026,5,Assay — Total CBD,< LOQ,220-4-К/26,25.08.2026,Farmahem,,covered
P060022,CJ082501/1,Cap Junky,CoQ-PP_26-038,release,06.06.2026,6,Total CBN,0.02 ᴰ,ППК26002,21.01.2026,CNP,,covered
P060022,CJ082501/1,Cap Junky,CoQ-PP_26-111,reissue — 12-month retest,18.09.2026,6,Total CBN,< LOQ,220-4-К/26,25.08.2026,Farmahem,,covered
P060022,CJ082501/1,Cap Junky,CoQ-PP_26-038,release,06.06.2026,7,Foreign Matter,Conforms | Одговара,iCoA-PP_26-036,03.06.2026,Purely Plant GmbH (in-house),yes,to be performed — see route
P060022,CJ082501/1,Cap Junky,CoQ-PP_26-111,reissue — 12-month retest,18.09.2026,7,Foreign Matter,Conforms | Одговара,iCoA-PP_26-125,17.08.2026,Purely Plant GmbH (in-house),yes,covered
P060022,CJ082501/1,Cap Junky,CoQ-PP_26-038,release,06.06.2026,8,Loss on Drying,7.21,ППК26002,21.01.2026,UKIM Faculty of Pharmacy — Center for Natural Products,,covered
P060022,CJ082501/1,Cap Junky,CoQ-PP_26-111,reissue — 12-month retest,18.09.2026,8,Loss on Drying,7.21,ППК26002,21.01.2026,UKIM Faculty of Pharmacy — Center for Natural Products,,carried from the initial testing (CoQ-PP-2026-0002) — covered
P060022,CJ082501/1,Cap Junky,CoQ-PP_26-038,release,06.06.2026,9.1,TAMC,1.5 × 10²,8/0011/26,20.01.2026,IPH — Institute of Public Health,,covered
P060022,CJ082501/1,Cap Junky,CoQ-PP_26-111,reissue — 12-month retest,18.09.2026,9.1,TAMC,1.5 × 10²,8/0011/26,20.01.2026,IPH — Institute of Public Health,,carried from the initial testing (CoQ-PP-2026-0002) — covered
P060022,CJ082501/1,Cap Junky,CoQ-PP_26-038,release,06.06.2026,9.2,TYMC,1.3 × 10²,8/0011/26,20.01.2026,IPH — Institute of Public Health,,covered
P060022,CJ082501/1,Cap Junky,CoQ-PP_26-111,reissue — 12-month retest,18.09.2026,9.2,TYMC,1.3 × 10²,8/0011/26,20.01.2026,IPH — Institute of Public Health,,carried from the initial testing (CoQ-PP-2026-0002) — covered
P060022,CJ082501/1,Cap Junky,CoQ-PP_26-038,release,06.06.2026,9.3,Bile-tolerant gram-neg.,< 10,8/0011/26,20.01.2026,IPH — Institute of Public Health,,covered
P060022,CJ082501/1,Cap Junky,CoQ-PP_26-111,reissue — 12-month retest,18.09.2026,9.3,Bile-tolerant gram-neg.,< 10,8/0011/26,20.01.2026,IPH — Institute of Public Health,,carried from the initial testing (CoQ-PP-2026-0002) — covered
P060022,CJ082501/1,Cap Junky,CoQ-PP_26-038,release,06.06.2026,9.4,Salmonella,Absent | Отсутна,8/0011/26,20.01.2026,IPH — Institute of Public Health,,covered
P060022,CJ082501/1,Cap Junky,CoQ-PP_26-111,reissue — 12-month retest,18.09.2026,9.4,Salmonella,Absent | Отсутна,8/0011/26,20.01.2026,IPH — Institute of Public Health,,carried from the initial testing (CoQ-PP-2026-0002) — covered
P060022,CJ082501/1,Cap Junky,CoQ-PP_26-038,release,06.06.2026,9.5,Escherichia coli,Absent | Отсутна,8/0011/26,20.01.2026,IPH — Institute of Public Health,,covered
P060022,CJ082501/1,Cap Junky,CoQ-PP_26-111,reissue — 12-month retest,18.09.2026,9.5,Escherichia coli,Absent | Отсутна,8/0011/26,20.01.2026,IPH — Institute of Public Health,,carried from the initial testing (CoQ-PP-2026-0002) — covered
P060022,CJ082501/1,Cap Junky,CoQ-PP_26-038,release,06.06.2026,9.6,Pseudomonas aeruginosa,upon request — not required for release,—,—,—,,upon request — not required for release
P060022,CJ082501/1,Cap Junky,CoQ-PP_26-111,reissue — 12-month retest,18.09.2026,9.6,Pseudomonas aeruginosa,upon request — not required for release,—,—,—,,upon request — not required for release
P060022,CJ082501/1,Cap Junky,CoQ-PP_26-038,release,06.06.2026,9.7,Staphylococcus aureus,upon request — not required for release,—,—,—,,upon request — not required for release
P060022,CJ082501/1,Cap Junky,CoQ-PP_26-111,reissue — 12-month retest,18.09.2026,9.7,Staphylococcus aureus,upon request — not required for release,—,—,—,,upon request — not required for release
P060022,CJ082501/1,Cap Junky,CoQ-PP_26-038,release,06.06.2026,10.1,Aflatoxin B₁,not tested,—,—,—,,not tested — no certificate covers it
P060022,CJ082501/1,Cap Junky,CoQ-PP_26-111,reissue — 12-month retest,18.09.2026,10.1,Aflatoxin B₁,ND,220-4-М/26,11.09.2026,Farmahem,,covered
P060022,CJ082501/1,Cap Junky,CoQ-PP_26-038,release,06.06.2026,10.2,Aflatoxins ∑,< 2,81/2026,02.02.2026,IPH — Institute of Public Health,,covered
P060022,CJ082501/1,Cap Junky,CoQ-PP_26-111,reissue — 12-month retest,18.09.2026,10.2,Aflatoxins ∑,ND,220-4-М/26,11.09.2026,Farmahem,,covered
P060022,CJ082501/1,Cap Junky,CoQ-PP_26-038,release,06.06.2026,10.3,Ochratoxin A,not tested,—,—,—,,not tested — no certificate covers it
P060022,CJ082501/1,Cap Junky,CoQ-PP_26-111,reissue — 12-month retest,18.09.2026,10.3,Ochratoxin A,ND,220-4-М/26,11.09.2026,Farmahem,,covered
P060022,CJ082501/1,Cap Junky,CoQ-PP_26-038,release,06.06.2026,11.1,Lead (Pb),0.075,81/2026,02.02.2026,IPH — Institute of Public Health,,covered
P060022,CJ082501/1,Cap Junky,CoQ-PP_26-111,reissue — 12-month retest,18.09.2026,11.1,Lead (Pb),0.075,81/2026,02.02.2026,IPH — Institute of Public Health,,carried from the initial testing (CoQ-PP-2026-0002) — covered
P060022,CJ082501/1,Cap Junky,CoQ-PP_26-038,release,06.06.2026,11.2,Cadmium (Cd),ND,81/2026,02.02.2026,IPH — Institute of Public Health,,covered
P060022,CJ082501/1,Cap Junky,CoQ-PP_26-111,reissue — 12-month retest,18.09.2026,11.2,Cadmium (Cd),ND,81/2026,02.02.2026,IPH — Institute of Public Health,,carried from the initial testing (CoQ-PP-2026-0002) — covered
P060022,CJ082501/1,Cap Junky,CoQ-PP_26-038,release,06.06.2026,11.3,Arsenic (As),ND,81/2026,02.02.2026,IPH — Institute of Public Health,,covered
P060022,CJ082501/1,Cap Junky,CoQ-PP_26-111,reissue — 12-month retest,18.09.2026,11.3,Arsenic (As),ND,81/2026,02.02.2026,IPH — Institute of Public Health,,carried from the initial testing (CoQ-PP-2026-0002) — covered
P060022,CJ082501/1,Cap Junky,CoQ-PP_26-038,release,06.06.2026,11.4,Mercury (Hg),ND,81/2026,02.02.2026,IPH — Institute of Public Health,,covered
P060022,CJ082501/1,Cap Junky,CoQ-PP_26-111,reissue — 12-month retest,18.09.2026,11.4,Mercury (Hg),ND,81/2026,02.02.2026,IPH — Institute of Public Health,,carried from the initial testing (CoQ-PP-2026-0002) — covered
P060022,CJ082501/1,Cap Junky,CoQ-PP_26-038,release,06.06.2026,12,Pesticide Residues,ND,81/2026,02.02.2026,IPH — Institute of Public Health,,covered
P060022,CJ082501/1,Cap Junky,CoQ-PP_26-111,reissue — 12-month retest,18.09.2026,12,Pesticide Residues,ND,81/2026,02.02.2026,IPH — Institute of Public Health,,carried from the initial testing (CoQ-PP-2026-0002) — covered
P060032,CJ082501/2,Cap Junky,CoQ-PP_26-039,release,06.06.2026,1,"Identification A, Appearance · Macroscopic",Conforms | Одговара,iCoA-PP_26-037,03.06.2026,Purely Plant GmbH (in-house),yes,to be performed — see route
P060032,CJ082501/2,Cap Junky,CoQ-PP_26-090,reissue — 12-month retest,17.08.2026,1,"Identification A, Appearance · Macroscopic",Conforms | Одговара,iCoA-PP_26-102,27.07.2026,Purely Plant GmbH (in-house),yes,covered
P060032,CJ082501/2,Cap Junky,CoQ-PP_26-039,release,06.06.2026,2,Identification B · Microscopic,Conforms | Одговара,iCoA-PP_26-037,03.06.2026,Purely Plant GmbH (in-house),yes,to be performed — see route
P060032,CJ082501/2,Cap Junky,CoQ-PP_26-090,reissue — 12-month retest,17.08.2026,2,Identification B · Microscopic,Conforms | Одговара,iCoA-PP_26-102,27.07.2026,Purely Plant GmbH (in-house),yes,covered
P060032,CJ082501/2,Cap Junky,CoQ-PP_26-039,release,06.06.2026,3,Identification C · HPLC/HPTLC,Conforms | Одговара,ППК26003,21.01.2026,UKIM Faculty of Pharmacy — Center for Natural Products,,covered
P060032,CJ082501/2,Cap Junky,CoQ-PP_26-090,reissue — 12-month retest,17.08.2026,3,Identification C · HPLC/HPTLC,Conforms | Одговара,197-5-К/26,07.08.2026,Farmahem,,covered
P060032,CJ082501/2,Cap Junky,CoQ-PP_26-039,release,06.06.2026,4,Assay — Total Δ⁹-THC,20.84,ППК26003,21.01.2026,UKIM Faculty of Pharmacy — Center for Natural Products,,covered
P060032,CJ082501/2,Cap Junky,CoQ-PP_26-090,reissue — 12-month retest,17.08.2026,4,Assay — Total Δ⁹-THC,18.29,197-5-К/26,07.08.2026,Farmahem,,covered
P060032,CJ082501/2,Cap Junky,CoQ-PP_26-039,release,06.06.2026,5,Assay — Total CBD,0.08,ППК26003,21.01.2026,UKIM Faculty of Pharmacy — Center for Natural Products,,covered
P060032,CJ082501/2,Cap Junky,CoQ-PP_26-090,reissue — 12-month retest,17.08.2026,5,Assay — Total CBD,< LOQ,197-5-К/26,07.08.2026,Farmahem,,covered
P060032,CJ082501/2,Cap Junky,CoQ-PP_26-039,release,06.06.2026,6,Total CBN,ND ᴰ,ППК26003,21.01.2026,CNP,,covered
P060032,CJ082501/2,Cap Junky,CoQ-PP_26-090,reissue — 12-month retest,17.08.2026,6,Total CBN,< LOQ,197-5-К/26,07.08.2026,Farmahem,,covered
P060032,CJ082501/2,Cap Junky,CoQ-PP_26-039,release,06.06.2026,7,Foreign Matter,Conforms | Одговара,iCoA-PP_26-037,03.06.2026,Purely Plant GmbH (in-house),yes,to be performed — see route
P060032,CJ082501/2,Cap Junky,CoQ-PP_26-090,reissue — 12-month retest,17.08.2026,7,Foreign Matter,Conforms | Одговара,iCoA-PP_26-102,27.07.2026,Purely Plant GmbH (in-house),yes,covered
P060032,CJ082501/2,Cap Junky,CoQ-PP_26-039,release,06.06.2026,8,Loss on Drying,7.37,ППК26003,21.01.2026,UKIM Faculty of Pharmacy — Center for Natural Products,,covered
P060032,CJ082501/2,Cap Junky,CoQ-PP_26-090,reissue — 12-month retest,17.08.2026,8,Loss on Drying,7.37,ППК26003,21.01.2026,UKIM Faculty of Pharmacy — Center for Natural Products,,carried from the initial testing (CoQ-PP-2026-0003) — covered
P060032,CJ082501/2,Cap Junky,CoQ-PP_26-039,release,06.06.2026,9.1,TAMC,9.5 × 10²,4/0007/26,20.01.2026,IPH — Institute of Public Health,,covered
P060032,CJ082501/2,Cap Junky,CoQ-PP_26-090,reissue — 12-month retest,17.08.2026,9.1,TAMC,9.5 × 10²,4/0007/26,20.01.2026,IPH — Institute of Public Health,,carried from the initial testing (CoQ-PP-2026-0003) — covered
P060032,CJ082501/2,Cap Junky,CoQ-PP_26-039,release,06.06.2026,9.2,TYMC,1.2 × 10³,4/0007/26,20.01.2026,IPH — Institute of Public Health,,covered
P060032,CJ082501/2,Cap Junky,CoQ-PP_26-090,reissue — 12-month retest,17.08.2026,9.2,TYMC,1.2 × 10³,4/0007/26,20.01.2026,IPH — Institute of Public Health,,carried from the initial testing (CoQ-PP-2026-0003) — covered
P060032,CJ082501/2,Cap Junky,CoQ-PP_26-039,release,06.06.2026,9.3,Bile-tolerant gram-neg.,< 10,4/0007/26,20.01.2026,IPH — Institute of Public Health,,covered
P060032,CJ082501/2,Cap Junky,CoQ-PP_26-090,reissue — 12-month retest,17.08.2026,9.3,Bile-tolerant gram-neg.,< 10,4/0007/26,20.01.2026,IPH — Institute of Public Health,,carried from the initial testing (CoQ-PP-2026-0003) — covered
P060032,CJ082501/2,Cap Junky,CoQ-PP_26-039,release,06.06.2026,9.4,Salmonella,Absent | Отсутна,4/0007/26,20.01.2026,IPH — Institute of Public Health,,covered
P060032,CJ082501/2,Cap Junky,CoQ-PP_26-090,reissue — 12-month retest,17.08.2026,9.4,Salmonella,Absent | Отсутна,4/0007/26,20.01.2026,IPH — Institute of Public Health,,carried from the initial testing (CoQ-PP-2026-0003) — covered
P060032,CJ082501/2,Cap Junky,CoQ-PP_26-039,release,06.06.2026,9.5,Escherichia coli,Absent | Отсутна,4/0007/26,20.01.2026,IPH — Institute of Public Health,,covered
P060032,CJ082501/2,Cap Junky,CoQ-PP_26-090,reissue — 12-month retest,17.08.2026,9.5,Escherichia coli,Absent | Отсутна,4/0007/26,20.01.2026,IPH — Institute of Public Health,,carried from the initial testing (CoQ-PP-2026-0003) — covered
P060032,CJ082501/2,Cap Junky,CoQ-PP_26-039,release,06.06.2026,9.6,Pseudomonas aeruginosa,upon request — not required for release,—,—,—,,upon request — not required for release
P060032,CJ082501/2,Cap Junky,CoQ-PP_26-090,reissue — 12-month retest,17.08.2026,9.6,Pseudomonas aeruginosa,upon request — not required for release,—,—,—,,upon request — not required for release
P060032,CJ082501/2,Cap Junky,CoQ-PP_26-039,release,06.06.2026,9.7,Staphylococcus aureus,upon request — not required for release,—,—,—,,upon request — not required for release
P060032,CJ082501/2,Cap Junky,CoQ-PP_26-090,reissue — 12-month retest,17.08.2026,9.7,Staphylococcus aureus,upon request — not required for release,—,—,—,,upon request — not required for release
P060032,CJ082501/2,Cap Junky,CoQ-PP_26-039,release,06.06.2026,10.1,Aflatoxin B₁,not tested,—,—,—,,not tested — no certificate covers it
P060032,CJ082501/2,Cap Junky,CoQ-PP_26-090,reissue — 12-month retest,17.08.2026,10.1,Aflatoxin B₁,ND,197-5-М/26,10.08.2026,Farmahem,,covered
P060032,CJ082501/2,Cap Junky,CoQ-PP_26-039,release,06.06.2026,10.2,Aflatoxins ∑,< 2,82/2026,02.02.2026,IPH — Institute of Public Health,,covered
P060032,CJ082501/2,Cap Junky,CoQ-PP_26-090,reissue — 12-month retest,17.08.2026,10.2,Aflatoxins ∑,ND,197-5-М/26,10.08.2026,Farmahem,,covered
P060032,CJ082501/2,Cap Junky,CoQ-PP_26-039,release,06.06.2026,10.3,Ochratoxin A,not tested,—,—,—,,not tested — no certificate covers it
P060032,CJ082501/2,Cap Junky,CoQ-PP_26-090,reissue — 12-month retest,17.08.2026,10.3,Ochratoxin A,ND,197-5-М/26,10.08.2026,Farmahem,,covered
P060032,CJ082501/2,Cap Junky,CoQ-PP_26-039,release,06.06.2026,11.1,Lead (Pb),0.073,82/2026,02.02.2026,IPH — Institute of Public Health,,covered
P060032,CJ082501/2,Cap Junky,CoQ-PP_26-090,reissue — 12-month retest,17.08.2026,11.1,Lead (Pb),0.073,82/2026,02.02.2026,IPH — Institute of Public Health,,carried from the initial testing (CoQ-PP-2026-0003) — covered
P060032,CJ082501/2,Cap Junky,CoQ-PP_26-039,release,06.06.2026,11.2,Cadmium (Cd),ND,82/2026,02.02.2026,IPH — Institute of Public Health,,covered
P060032,CJ082501/2,Cap Junky,CoQ-PP_26-090,reissue — 12-month retest,17.08.2026,11.2,Cadmium (Cd),ND,82/2026,02.02.2026,IPH — Institute of Public Health,,carried from the initial testing (CoQ-PP-2026-0003) — covered
P060032,CJ082501/2,Cap Junky,CoQ-PP_26-039,release,06.06.2026,11.3,Arsenic (As),ND,82/2026,02.02.2026,IPH — Institute of Public Health,,covered
P060032,CJ082501/2,Cap Junky,CoQ-PP_26-090,reissue — 12-month retest,17.08.2026,11.3,Arsenic (As),ND,82/2026,02.02.2026,IPH — Institute of Public Health,,carried from the initial testing (CoQ-PP-2026-0003) — covered
P060032,CJ082501/2,Cap Junky,CoQ-PP_26-039,release,06.06.2026,11.4,Mercury (Hg),ND,82/2026,02.02.2026,IPH — Institute of Public Health,,covered
P060032,CJ082501/2,Cap Junky,CoQ-PP_26-090,reissue — 12-month retest,17.08.2026,11.4,Mercury (Hg),ND,82/2026,02.02.2026,IPH — Institute of Public Health,,carried from the initial testing (CoQ-PP-2026-0003) — covered
P060032,CJ082501/2,Cap Junky,CoQ-PP_26-039,release,06.06.2026,12,Pesticide Residues,ND,82/2026,02.02.2026,IPH — Institute of Public Health,,covered
P060032,CJ082501/2,Cap Junky,CoQ-PP_26-090,reissue — 12-month retest,17.08.2026,12,Pesticide Residues,ND,82/2026,02.02.2026,IPH — Institute of Public Health,,carried from the initial testing (CoQ-PP-2026-0003) — covered
P060042,OPM092501,Orange Punch Mimosa,CoQ-PP_26-040,release,06.06.2026,1,"Identification A, Appearance · Macroscopic",Conforms | Одговара,iCoA-PP_26-038,03.06.2026,Purely Plant GmbH (in-house),yes,to be performed — see route
P060042,OPM092501,Orange Punch Mimosa,CoQ-PP_26-129,reissue — 12-month retest,18.09.2026,1,"Identification A, Appearance · Macroscopic",Conforms | Одговара,iCoA-PP_26-141,17.08.2026,Purely Plant GmbH (in-house),yes,covered
P060042,OPM092501,Orange Punch Mimosa,CoQ-PP_26-040,release,06.06.2026,2,Identification B · Microscopic,Conforms | Одговара,iCoA-PP_26-038,03.06.2026,Purely Plant GmbH (in-house),yes,to be performed — see route
P060042,OPM092501,Orange Punch Mimosa,CoQ-PP_26-129,reissue — 12-month retest,18.09.2026,2,Identification B · Microscopic,Conforms | Одговара,iCoA-PP_26-141,17.08.2026,Purely Plant GmbH (in-house),yes,covered
P060042,OPM092501,Orange Punch Mimosa,CoQ-PP_26-040,release,06.06.2026,3,Identification C · HPLC/HPTLC,Conforms | Одговара,ППК26008,21.01.2026,UKIM Faculty of Pharmacy — Center for Natural Products,,covered
P060042,OPM092501,Orange Punch Mimosa,CoQ-PP_26-129,reissue — 12-month retest,18.09.2026,3,Identification C · HPLC/HPTLC,Conforms | Одговара,220-22-К/26,26.08.2026,Farmahem,,covered
P060042,OPM092501,Orange Punch Mimosa,CoQ-PP_26-040,release,06.06.2026,4,Assay — Total Δ⁹-THC,9.43,ППК26008,21.01.2026,UKIM Faculty of Pharmacy — Center for Natural Products,,covered
P060042,OPM092501,Orange Punch Mimosa,CoQ-PP_26-129,reissue — 12-month retest,18.09.2026,4,Assay — Total Δ⁹-THC,10.18,220-22-К/26,26.08.2026,Farmahem,,covered
P060042,OPM092501,Orange Punch Mimosa,CoQ-PP_26-040,release,06.06.2026,5,Assay — Total CBD,0.04,ППК26008,21.01.2026,UKIM Faculty of Pharmacy — Center for Natural Products,,covered
P060042,OPM092501,Orange Punch Mimosa,CoQ-PP_26-129,reissue — 12-month retest,18.09.2026,5,Assay — Total CBD,< LOQ,220-22-К/26,26.08.2026,Farmahem,,covered
P060042,OPM092501,Orange Punch Mimosa,CoQ-PP_26-040,release,06.06.2026,6,Total CBN,ND ᴰ,ППК26008,21.01.2026,CNP,,covered
P060042,OPM092501,Orange Punch Mimosa,CoQ-PP_26-129,reissue — 12-month retest,18.09.2026,6,Total CBN,< LOQ,220-22-К/26,26.08.2026,Farmahem,,covered
P060042,OPM092501,Orange Punch Mimosa,CoQ-PP_26-040,release,06.06.2026,7,Foreign Matter,Conforms | Одговара,iCoA-PP_26-038,03.06.2026,Purely Plant GmbH (in-house),yes,to be performed — see route
P060042,OPM092501,Orange Punch Mimosa,CoQ-PP_26-129,reissue — 12-month retest,18.09.2026,7,Foreign Matter,Conforms | Одговара,iCoA-PP_26-141,17.08.2026,Purely Plant GmbH (in-house),yes,covered
P060042,OPM092501,Orange Punch Mimosa,CoQ-PP_26-040,release,06.06.2026,8,Loss on Drying,7.85,ППК26008,21.01.2026,UKIM Faculty of Pharmacy — Center for Natural Products,,covered
P060042,OPM092501,Orange Punch Mimosa,CoQ-PP_26-129,reissue — 12-month retest,18.09.2026,8,Loss on Drying,7.85,ППК26008,21.01.2026,UKIM Faculty of Pharmacy — Center for Natural Products,,carried from the initial testing (CoQ-PP-2026-0004) — covered
P060042,OPM092501,Orange Punch Mimosa,CoQ-PP_26-040,release,06.06.2026,9.1,TAMC,10,2/0005/26,20.01.2026,IPH — Institute of Public Health,,covered
P060042,OPM092501,Orange Punch Mimosa,CoQ-PP_26-129,reissue — 12-month retest,18.09.2026,9.1,TAMC,10,2/0005/26,20.01.2026,IPH — Institute of Public Health,,carried from the initial testing (CoQ-PP-2026-0004) — covered
P060042,OPM092501,Orange Punch Mimosa,CoQ-PP_26-040,release,06.06.2026,9.2,TYMC,10,2/0005/26,20.01.2026,IPH — Institute of Public Health,,covered
P060042,OPM092501,Orange Punch Mimosa,CoQ-PP_26-129,reissue — 12-month retest,18.09.2026,9.2,TYMC,10,2/0005/26,20.01.2026,IPH — Institute of Public Health,,carried from the initial testing (CoQ-PP-2026-0004) — covered
P060042,OPM092501,Orange Punch Mimosa,CoQ-PP_26-040,release,06.06.2026,9.3,Bile-tolerant gram-neg.,< 10² and > 10,2/0005/26,20.01.2026,IPH — Institute of Public Health,,covered
P060042,OPM092501,Orange Punch Mimosa,CoQ-PP_26-129,reissue — 12-month retest,18.09.2026,9.3,Bile-tolerant gram-neg.,< 10² and > 10,2/0005/26,20.01.2026,IPH — Institute of Public Health,,carried from the initial testing (CoQ-PP-2026-0004) — covered
P060042,OPM092501,Orange Punch Mimosa,CoQ-PP_26-040,release,06.06.2026,9.4,Salmonella,Absent | Отсутна,2/0005/26,20.01.2026,IPH — Institute of Public Health,,covered
P060042,OPM092501,Orange Punch Mimosa,CoQ-PP_26-129,reissue — 12-month retest,18.09.2026,9.4,Salmonella,Absent | Отсутна,2/0005/26,20.01.2026,IPH — Institute of Public Health,,carried from the initial testing (CoQ-PP-2026-0004) — covered
P060042,OPM092501,Orange Punch Mimosa,CoQ-PP_26-040,release,06.06.2026,9.5,Escherichia coli,Absent | Отсутна,2/0005/26,20.01.2026,IPH — Institute of Public Health,,covered
P060042,OPM092501,Orange Punch Mimosa,CoQ-PP_26-129,reissue — 12-month retest,18.09.2026,9.5,Escherichia coli,Absent | Отсутна,2/0005/26,20.01.2026,IPH — Institute of Public Health,,carried from the initial testing (CoQ-PP-2026-0004) — covered
P060042,OPM092501,Orange Punch Mimosa,CoQ-PP_26-040,release,06.06.2026,9.6,Pseudomonas aeruginosa,upon request — not required for release,—,—,—,,upon request — not required for release
P060042,OPM092501,Orange Punch Mimosa,CoQ-PP_26-129,reissue — 12-month retest,18.09.2026,9.6,Pseudomonas aeruginosa,upon request — not required for release,—,—,—,,upon request — not required for release
P060042,OPM092501,Orange Punch Mimosa,CoQ-PP_26-040,release,06.06.2026,9.7,Staphylococcus aureus,upon request — not required for release,—,—,—,,upon request — not required for release
P060042,OPM092501,Orange Punch Mimosa,CoQ-PP_26-129,reissue — 12-month retest,18.09.2026,9.7,Staphylococcus aureus,upon request — not required for release,—,—,—,,upon request — not required for release
P060042,OPM092501,Orange Punch Mimosa,CoQ-PP_26-040,release,06.06.2026,10.1,Aflatoxin B₁,not tested,—,—,—,,not tested — no certificate covers it
P060042,OPM092501,Orange Punch Mimosa,CoQ-PP_26-129,reissue — 12-month retest,18.09.2026,10.1,Aflatoxin B₁,ND,220-22-М/26,11.09.2026,Farmahem,,covered
P060042,OPM092501,Orange Punch Mimosa,CoQ-PP_26-040,release,06.06.2026,10.2,Aflatoxins ∑,2.2,87/2026,03.02.2026,IPH — Institute of Public Health,,covered
P060042,OPM092501,Orange Punch Mimosa,CoQ-PP_26-129,reissue — 12-month retest,18.09.2026,10.2,Aflatoxins ∑,ND,220-22-М/26,11.09.2026,Farmahem,,covered
P060042,OPM092501,Orange Punch Mimosa,CoQ-PP_26-040,release,06.06.2026,10.3,Ochratoxin A,not tested,—,—,—,,not tested — no certificate covers it
P060042,OPM092501,Orange Punch Mimosa,CoQ-PP_26-129,reissue — 12-month retest,18.09.2026,10.3,Ochratoxin A,ND,220-22-М/26,11.09.2026,Farmahem,,covered
P060042,OPM092501,Orange Punch Mimosa,CoQ-PP_26-040,release,06.06.2026,11.1,Lead (Pb),0.022,87/2026,03.02.2026,IPH — Institute of Public Health,,covered
P060042,OPM092501,Orange Punch Mimosa,CoQ-PP_26-129,reissue — 12-month retest,18.09.2026,11.1,Lead (Pb),0.022,87/2026,03.02.2026,IPH — Institute of Public Health,,carried from the initial testing (CoQ-PP-2026-0004) — covered
P060042,OPM092501,Orange Punch Mimosa,CoQ-PP_26-040,release,06.06.2026,11.2,Cadmium (Cd),ND,87/2026,03.02.2026,IPH — Institute of Public Health,,covered
P060042,OPM092501,Orange Punch Mimosa,CoQ-PP_26-129,reissue — 12-month retest,18.09.2026,11.2,Cadmium (Cd),ND,87/2026,03.02.2026,IPH — Institute of Public Health,,carried from the initial testing (CoQ-PP-2026-0004) — covered
P060042,OPM092501,Orange Punch Mimosa,CoQ-PP_26-040,release,06.06.2026,11.3,Arsenic (As),ND,87/2026,03.02.2026,IPH — Institute of Public Health,,covered
P060042,OPM092501,Orange Punch Mimosa,CoQ-PP_26-129,reissue — 12-month retest,18.09.2026,11.3,Arsenic (As),ND,87/2026,03.02.2026,IPH — Institute of Public Health,,carried from the initial testing (CoQ-PP-2026-0004) — covered
P060042,OPM092501,Orange Punch Mimosa,CoQ-PP_26-040,release,06.06.2026,11.4,Mercury (Hg),ND,87/2026,03.02.2026,IPH — Institute of Public Health,,covered
P060042,OPM092501,Orange Punch Mimosa,CoQ-PP_26-129,reissue — 12-month retest,18.09.2026,11.4,Mercury (Hg),ND,87/2026,03.02.2026,IPH — Institute of Public Health,,carried from the initial testing (CoQ-PP-2026-0004) — covered
P060042,OPM092501,Orange Punch Mimosa,CoQ-PP_26-040,release,06.06.2026,12,Pesticide Residues,ND,87/2026,03.02.2026,IPH — Institute of Public Health,,covered
P060042,OPM092501,Orange Punch Mimosa,CoQ-PP_26-129,reissue — 12-month retest,18.09.2026,12,Pesticide Residues,ND,87/2026,03.02.2026,IPH — Institute of Public Health,,carried from the initial testing (CoQ-PP-2026-0004) — covered
P060052,AB092501,Apple and Banana,CoQ-PP_26-041,release,06.06.2026,1,"Identification A, Appearance · Macroscopic",Conforms | Одговара,iCoA-PP_26-039,03.06.2026,Purely Plant GmbH (in-house),yes,to be performed — see route
P060052,AB092501,Apple and Banana,CoQ-PP_26-136,reissue — 12-month retest,21.09.2026,1,"Identification A, Appearance · Macroscopic",Conforms | Одговара,iCoA-PP_26-173,24.08.2026,Purely Plant GmbH (in-house),yes,covered
P060052,AB092501,Apple and Banana,CoQ-PP_26-041,release,06.06.2026,2,Identification B · Microscopic,Conforms | Одговара,iCoA-PP_26-039,03.06.2026,Purely Plant GmbH (in-house),yes,to be performed — see route
P060052,AB092501,Apple and Banana,CoQ-PP_26-136,reissue — 12-month retest,21.09.2026,2,Identification B · Microscopic,Conforms | Одговара,iCoA-PP_26-173,24.08.2026,Purely Plant GmbH (in-house),yes,to be performed — see route
P060052,AB092501,Apple and Banana,CoQ-PP_26-041,release,06.06.2026,3,Identification C · HPLC/HPTLC,Conforms | Одговара,ППК26005,21.01.2026,UKIM Faculty of Pharmacy — Center for Natural Products,,covered
P060052,AB092501,Apple and Banana,CoQ-PP_26-136,reissue — 12-month retest,21.09.2026,3,Identification C · HPLC/HPTLC,Conforms | Одговара,227-30-К/26,11.09.2026,Farmahem,,covered
P060052,AB092501,Apple and Banana,CoQ-PP_26-041,release,06.06.2026,4,Assay — Total Δ⁹-THC,16.93,ППК26005,21.01.2026,UKIM Faculty of Pharmacy — Center for Natural Products,,covered
P060052,AB092501,Apple and Banana,CoQ-PP_26-136,reissue — 12-month retest,21.09.2026,4,Assay — Total Δ⁹-THC,22.97,227-30-К/26,11.09.2026,Farmahem,,covered
P060052,AB092501,Apple and Banana,CoQ-PP_26-041,release,06.06.2026,5,Assay — Total CBD,0.07,ППК26005,21.01.2026,UKIM Faculty of Pharmacy — Center for Natural Products,,covered
P060052,AB092501,Apple and Banana,CoQ-PP_26-136,reissue — 12-month retest,21.09.2026,5,Assay — Total CBD,< LOQ,227-30-К/26,11.09.2026,Farmahem,,covered — laboratory finding recorded
P060052,AB092501,Apple and Banana,CoQ-PP_26-041,release,06.06.2026,6,Total CBN,not tested,—,—,—,,not tested — no certificate covers it
P060052,AB092501,Apple and Banana,CoQ-PP_26-136,reissue — 12-month retest,21.09.2026,6,Total CBN,< LOQ,227-30-К/26,11.09.2026,Farmahem,,covered — laboratory finding recorded
P060052,AB092501,Apple and Banana,CoQ-PP_26-041,release,06.06.2026,7,Foreign Matter,Conforms | Одговара,iCoA-PP_26-039,03.06.2026,Purely Plant GmbH (in-house),yes,to be performed — see route
P060052,AB092501,Apple and Banana,CoQ-PP_26-136,reissue — 12-month retest,21.09.2026,7,Foreign Matter,Conforms | Одговара,iCoA-PP_26-173,24.08.2026,Purely Plant GmbH (in-house),yes,covered
P060052,AB092501,Apple and Banana,CoQ-PP_26-041,release,06.06.2026,8,Loss on Drying,6.77,ППК26005,21.01.2026,UKIM Faculty of Pharmacy — Center for Natural Products,,covered
P060052,AB092501,Apple and Banana,CoQ-PP_26-136,reissue — 12-month retest,21.09.2026,8,Loss on Drying,6.77,ППК26005,21.01.2026,UKIM Faculty of Pharmacy — Center for Natural Products,,carried from the initial testing (the batch's initial CoQ (number assigned on issue)) — covered
P060052,AB092501,Apple and Banana,CoQ-PP_26-041,release,06.06.2026,9.1,TAMC,< 10,7/0010/26,20.01.2026,IPH — Institute of Public Health,,covered
P060052,AB092501,Apple and Banana,CoQ-PP_26-136,reissue — 12-month retest,21.09.2026,9.1,TAMC,< 10,552/1083/26,01.09.2026,IPH — Institute of Public Health,,covered
P060052,AB092501,Apple and Banana,CoQ-PP_26-041,release,06.06.2026,9.2,TYMC,< 10,7/0010/26,20.01.2026,IPH — Institute of Public Health,,covered
P060052,AB092501,Apple and Banana,CoQ-PP_26-136,reissue — 12-month retest,21.09.2026,9.2,TYMC,< 10,552/1083/26,01.09.2026,IPH — Institute of Public Health,,covered
P060052,AB092501,Apple and Banana,CoQ-PP_26-041,release,06.06.2026,9.3,Bile-tolerant gram-neg.,< 10,7/0010/26,20.01.2026,IPH — Institute of Public Health,,covered
P060052,AB092501,Apple and Banana,CoQ-PP_26-136,reissue — 12-month retest,21.09.2026,9.3,Bile-tolerant gram-neg.,< 10,552/1083/26,01.09.2026,IPH — Institute of Public Health,,covered
P060052,AB092501,Apple and Banana,CoQ-PP_26-041,release,06.06.2026,9.4,Salmonella,Absent | Отсутна,7/0010/26,20.01.2026,IPH — Institute of Public Health,,covered
P060052,AB092501,Apple and Banana,CoQ-PP_26-136,reissue — 12-month retest,21.09.2026,9.4,Salmonella,Absent | Отсутна,552/1083/26,01.09.2026,IPH — Institute of Public Health,,covered
P060052,AB092501,Apple and Banana,CoQ-PP_26-041,release,06.06.2026,9.5,Escherichia coli,Absent | Отсутна,7/0010/26,20.01.2026,IPH — Institute of Public Health,,covered
P060052,AB092501,Apple and Banana,CoQ-PP_26-136,reissue — 12-month retest,21.09.2026,9.5,Escherichia coli,Absent | Отсутна,552/1083/26,01.09.2026,IPH — Institute of Public Health,,covered
P060052,AB092501,Apple and Banana,CoQ-PP_26-041,release,06.06.2026,9.6,Pseudomonas aeruginosa,upon request — not required for release,—,—,—,,upon request — not required for release
P060052,AB092501,Apple and Banana,CoQ-PP_26-136,reissue — 12-month retest,21.09.2026,9.6,Pseudomonas aeruginosa,upon request — not required for release,—,—,—,,upon request — not required for release
P060052,AB092501,Apple and Banana,CoQ-PP_26-041,release,06.06.2026,9.7,Staphylococcus aureus,upon request — not required for release,—,—,—,,upon request — not required for release
P060052,AB092501,Apple and Banana,CoQ-PP_26-136,reissue — 12-month retest,21.09.2026,9.7,Staphylococcus aureus,upon request — not required for release,—,—,—,,upon request — not required for release
P060052,AB092501,Apple and Banana,CoQ-PP_26-041,release,06.06.2026,10.1,Aflatoxin B₁,not tested,—,—,—,,not tested — no certificate covers it
P060052,AB092501,Apple and Banana,CoQ-PP_26-136,reissue — 12-month retest,21.09.2026,10.1,Aflatoxin B₁,ND,227-30-М/26,16.09.2026,Farmahem,,covered
P060052,AB092501,Apple and Banana,CoQ-PP_26-041,release,06.06.2026,10.2,Aflatoxins ∑,< 2,84/2026,02.02.2026,IPH — Institute of Public Health,,covered
P060052,AB092501,Apple and Banana,CoQ-PP_26-136,reissue — 12-month retest,21.09.2026,10.2,Aflatoxins ∑,ND,227-30-М/26,16.09.2026,Farmahem,,carried from the initial testing (the batch's initial CoQ (number assigned on issue)) — covered
P060052,AB092501,Apple and Banana,CoQ-PP_26-041,release,06.06.2026,10.3,Ochratoxin A,not tested,—,—,—,,not tested — no certificate covers it
P060052,AB092501,Apple and Banana,CoQ-PP_26-136,reissue — 12-month retest,21.09.2026,10.3,Ochratoxin A,ND,227-30-М/26,16.09.2026,Farmahem,,covered
P060052,AB092501,Apple and Banana,CoQ-PP_26-041,release,06.06.2026,11.1,Lead (Pb),0.05,84/2026,02.02.2026,IPH — Institute of Public Health,,covered
P060052,AB092501,Apple and Banana,CoQ-PP_26-136,reissue — 12-month retest,21.09.2026,11.1,Lead (Pb),0.05,84/2026,02.02.2026,IPH — Institute of Public Health,,carried from the initial testing (the batch's initial CoQ (number assigned on issue)) — covered
P060052,AB092501,Apple and Banana,CoQ-PP_26-041,release,06.06.2026,11.2,Cadmium (Cd),ND,84/2026,02.02.2026,IPH — Institute of Public Health,,covered
P060052,AB092501,Apple and Banana,CoQ-PP_26-136,reissue — 12-month retest,21.09.2026,11.2,Cadmium (Cd),ND,84/2026,02.02.2026,IPH — Institute of Public Health,,carried from the initial testing (the batch's initial CoQ (number assigned on issue)) — covered
P060052,AB092501,Apple and Banana,CoQ-PP_26-041,release,06.06.2026,11.3,Arsenic (As),ND,84/2026,02.02.2026,IPH — Institute of Public Health,,covered
P060052,AB092501,Apple and Banana,CoQ-PP_26-136,reissue — 12-month retest,21.09.2026,11.3,Arsenic (As),ND,84/2026,02.02.2026,IPH — Institute of Public Health,,carried from the initial testing (the batch's initial CoQ (number assigned on issue)) — covered
P060052,AB092501,Apple and Banana,CoQ-PP_26-041,release,06.06.2026,11.4,Mercury (Hg),0.003,84/2026,02.02.2026,IPH — Institute of Public Health,,covered
P060052,AB092501,Apple and Banana,CoQ-PP_26-136,reissue — 12-month retest,21.09.2026,11.4,Mercury (Hg),0.003,84/2026,02.02.2026,IPH — Institute of Public Health,,carried from the initial testing (the batch's initial CoQ (number assigned on issue)) — covered
P060052,AB092501,Apple and Banana,CoQ-PP_26-041,release,06.06.2026,12,Pesticide Residues,ND,84/2026,02.02.2026,IPH — Institute of Public Health,,covered
P060052,AB092501,Apple and Banana,CoQ-PP_26-136,reissue — 12-month retest,21.09.2026,12,Pesticide Residues,ND,84/2026,02.02.2026,IPH — Institute of Public Health,,carried from the initial testing (the batch's initial CoQ (number assigned on issue)) — covered
P060062,PM092501,Permanent Marker,CoQ-PP_26-042,release,06.06.2026,1,"Identification A, Appearance · Macroscopic",Conforms | Одговара,iCoA-PP_26-040,03.06.2026,Purely Plant GmbH (in-house),yes,to be performed — see route
P060062,PM092501,Permanent Marker,CoQ-PP_26-104,reissue — 12-month retest,17.08.2026,1,"Identification A, Appearance · Macroscopic",Conforms | Одговара,iCoA-PP_26-118,27.07.2026,Purely Plant GmbH (in-house),yes,covered
P060062,PM092501,Permanent Marker,CoQ-PP_26-042,release,06.06.2026,2,Identification B · Microscopic,Conforms | Одговара,iCoA-PP_26-040,03.06.2026,Purely Plant GmbH (in-house),yes,to be performed — see route
P060062,PM092501,Permanent Marker,CoQ-PP_26-104,reissue — 12-month retest,17.08.2026,2,Identification B · Microscopic,Conforms | Одговара,iCoA-PP_26-118,27.07.2026,Purely Plant GmbH (in-house),yes,covered
P060062,PM092501,Permanent Marker,CoQ-PP_26-042,release,06.06.2026,3,Identification C · HPLC/HPTLC,Conforms | Одговара,ППК26004,21.01.2026,UKIM Faculty of Pharmacy — Center for Natural Products,,covered
P060062,PM092501,Permanent Marker,CoQ-PP_26-104,reissue — 12-month retest,17.08.2026,3,Identification C · HPLC/HPTLC,Conforms | Одговара,197-20-К/26,07.08.2026,Farmahem,,covered
P060062,PM092501,Permanent Marker,CoQ-PP_26-042,release,06.06.2026,4,Assay — Total Δ⁹-THC,14.06,ППК26004,21.01.2026,UKIM Faculty of Pharmacy — Center for Natural Products,,covered
P060062,PM092501,Permanent Marker,CoQ-PP_26-104,reissue — 12-month retest,17.08.2026,4,Assay — Total Δ⁹-THC,12.25,197-20-К/26,07.08.2026,Farmahem,,covered
P060062,PM092501,Permanent Marker,CoQ-PP_26-042,release,06.06.2026,5,Assay — Total CBD,0.05,ППК26004,21.01.2026,UKIM Faculty of Pharmacy — Center for Natural Products,,covered
P060062,PM092501,Permanent Marker,CoQ-PP_26-104,reissue — 12-month retest,17.08.2026,5,Assay — Total CBD,< LOQ,197-20-К/26,07.08.2026,Farmahem,,covered
P060062,PM092501,Permanent Marker,CoQ-PP_26-042,release,06.06.2026,6,Total CBN,< LOQ ᴰ,ППК26004,21.01.2026,CNP,,covered
P060062,PM092501,Permanent Marker,CoQ-PP_26-104,reissue — 12-month retest,17.08.2026,6,Total CBN,< LOQ,197-20-К/26,07.08.2026,Farmahem,,covered
P060062,PM092501,Permanent Marker,CoQ-PP_26-042,release,06.06.2026,7,Foreign Matter,Conforms | Одговара,iCoA-PP_26-040,03.06.2026,Purely Plant GmbH (in-house),yes,to be performed — see route
P060062,PM092501,Permanent Marker,CoQ-PP_26-104,reissue — 12-month retest,17.08.2026,7,Foreign Matter,Conforms | Одговара,iCoA-PP_26-118,27.07.2026,Purely Plant GmbH (in-house),yes,covered
P060062,PM092501,Permanent Marker,CoQ-PP_26-042,release,06.06.2026,8,Loss on Drying,7.97,ППК26004,21.01.2026,UKIM Faculty of Pharmacy — Center for Natural Products,,covered
P060062,PM092501,Permanent Marker,CoQ-PP_26-104,reissue — 12-month retest,17.08.2026,8,Loss on Drying,7.97,ППК26004,21.01.2026,UKIM Faculty of Pharmacy — Center for Natural Products,,carried from the initial testing (CoQ-PP-2026-0005) — covered
P060062,PM092501,Permanent Marker,CoQ-PP_26-042,release,06.06.2026,9.1,TAMC,2 × 10³,6/0009/26,20.01.2026,IPH — Institute of Public Health,,covered
P060062,PM092501,Permanent Marker,CoQ-PP_26-104,reissue — 12-month retest,17.08.2026,9.1,TAMC,2 × 10³,6/0009/26,20.01.2026,IPH — Institute of Public Health,,carried from the initial testing (CoQ-PP-2026-0005) — covered
P060062,PM092501,Permanent Marker,CoQ-PP_26-042,release,06.06.2026,9.2,TYMC,2.2 × 10³,6/0009/26,20.01.2026,IPH — Institute of Public Health,,covered
P060062,PM092501,Permanent Marker,CoQ-PP_26-104,reissue — 12-month retest,17.08.2026,9.2,TYMC,2.2 × 10³,6/0009/26,20.01.2026,IPH — Institute of Public Health,,carried from the initial testing (CoQ-PP-2026-0005) — covered
P060062,PM092501,Permanent Marker,CoQ-PP_26-042,release,06.06.2026,9.3,Bile-tolerant gram-neg.,< 10,6/0009/26,20.01.2026,IPH — Institute of Public Health,,covered
P060062,PM092501,Permanent Marker,CoQ-PP_26-104,reissue — 12-month retest,17.08.2026,9.3,Bile-tolerant gram-neg.,< 10,6/0009/26,20.01.2026,IPH — Institute of Public Health,,carried from the initial testing (CoQ-PP-2026-0005) — covered
P060062,PM092501,Permanent Marker,CoQ-PP_26-042,release,06.06.2026,9.4,Salmonella,Absent | Отсутна,6/0009/26,20.01.2026,IPH — Institute of Public Health,,covered
P060062,PM092501,Permanent Marker,CoQ-PP_26-104,reissue — 12-month retest,17.08.2026,9.4,Salmonella,Absent | Отсутна,6/0009/26,20.01.2026,IPH — Institute of Public Health,,carried from the initial testing (CoQ-PP-2026-0005) — covered
P060062,PM092501,Permanent Marker,CoQ-PP_26-042,release,06.06.2026,9.5,Escherichia coli,Absent | Отсутна,6/0009/26,20.01.2026,IPH — Institute of Public Health,,covered
P060062,PM092501,Permanent Marker,CoQ-PP_26-104,reissue — 12-month retest,17.08.2026,9.5,Escherichia coli,Absent | Отсутна,6/0009/26,20.01.2026,IPH — Institute of Public Health,,carried from the initial testing (CoQ-PP-2026-0005) — covered
P060062,PM092501,Permanent Marker,CoQ-PP_26-042,release,06.06.2026,9.6,Pseudomonas aeruginosa,upon request — not required for release,—,—,—,,upon request — not required for release
P060062,PM092501,Permanent Marker,CoQ-PP_26-104,reissue — 12-month retest,17.08.2026,9.6,Pseudomonas aeruginosa,upon request — not required for release,—,—,—,,upon request — not required for release
P060062,PM092501,Permanent Marker,CoQ-PP_26-042,release,06.06.2026,9.7,Staphylococcus aureus,upon request — not required for release,—,—,—,,upon request — not required for release
P060062,PM092501,Permanent Marker,CoQ-PP_26-104,reissue — 12-month retest,17.08.2026,9.7,Staphylococcus aureus,upon request — not required for release,—,—,—,,upon request — not required for release
P060062,PM092501,Permanent Marker,CoQ-PP_26-042,release,06.06.2026,10.1,Aflatoxin B₁,not tested,—,—,—,,not tested — no certificate covers it
P060062,PM092501,Permanent Marker,CoQ-PP_26-104,reissue — 12-month retest,17.08.2026,10.1,Aflatoxin B₁,ND,197-20-М/26,10.08.2026,Farmahem,,covered
P060062,PM092501,Permanent Marker,CoQ-PP_26-042,release,06.06.2026,10.2,Aflatoxins ∑,< 2,83/2026,02.02.2026,IPH — Institute of Public Health,,covered
P060062,PM092501,Permanent Marker,CoQ-PP_26-104,reissue — 12-month retest,17.08.2026,10.2,Aflatoxins ∑,ND,197-20-М/26,10.08.2026,Farmahem,,covered
P060062,PM092501,Permanent Marker,CoQ-PP_26-042,release,06.06.2026,10.3,Ochratoxin A,not tested,—,—,—,,not tested — no certificate covers it
P060062,PM092501,Permanent Marker,CoQ-PP_26-104,reissue — 12-month retest,17.08.2026,10.3,Ochratoxin A,ND,197-20-М/26,10.08.2026,Farmahem,,covered
P060062,PM092501,Permanent Marker,CoQ-PP_26-042,release,06.06.2026,11.1,Lead (Pb),0.03,83/2026,02.02.2026,IPH — Institute of Public Health,,covered
P060062,PM092501,Permanent Marker,CoQ-PP_26-104,reissue — 12-month retest,17.08.2026,11.1,Lead (Pb),0.03,83/2026,02.02.2026,IPH — Institute of Public Health,,carried from the initial testing (CoQ-PP-2026-0005) — covered
P060062,PM092501,Permanent Marker,CoQ-PP_26-042,release,06.06.2026,11.2,Cadmium (Cd),ND,83/2026,02.02.2026,IPH — Institute of Public Health,,covered
P060062,PM092501,Permanent Marker,CoQ-PP_26-104,reissue — 12-month retest,17.08.2026,11.2,Cadmium (Cd),ND,83/2026,02.02.2026,IPH — Institute of Public Health,,carried from the initial testing (CoQ-PP-2026-0005) — covered
P060062,PM092501,Permanent Marker,CoQ-PP_26-042,release,06.06.2026,11.3,Arsenic (As),ND,83/2026,02.02.2026,IPH — Institute of Public Health,,covered
P060062,PM092501,Permanent Marker,CoQ-PP_26-104,reissue — 12-month retest,17.08.2026,11.3,Arsenic (As),ND,83/2026,02.02.2026,IPH — Institute of Public Health,,carried from the initial testing (CoQ-PP-2026-0005) — covered
P060062,PM092501,Permanent Marker,CoQ-PP_26-042,release,06.06.2026,11.4,Mercury (Hg),ND,83/2026,02.02.2026,IPH — Institute of Public Health,,covered
P060062,PM092501,Permanent Marker,CoQ-PP_26-104,reissue — 12-month retest,17.08.2026,11.4,Mercury (Hg),ND,83/2026,02.02.2026,IPH — Institute of Public Health,,carried from the initial testing (CoQ-PP-2026-0005) — covered
P060062,PM092501,Permanent Marker,CoQ-PP_26-042,release,06.06.2026,12,Pesticide Residues,ND,83/2026,02.02.2026,IPH — Institute of Public Health,,covered
P060062,PM092501,Permanent Marker,CoQ-PP_26-104,reissue — 12-month retest,17.08.2026,12,Pesticide Residues,ND,83/2026,02.02.2026,IPH — Institute of Public Health,,carried from the initial testing (CoQ-PP-2026-0005) — covered
P060072,CJ092501,Cap Junky,CoQ-PP_26-043,release,06.06.2026,1,"Identification A, Appearance · Macroscopic",Conforms | Одговара,iCoA-PP_26-041,03.06.2026,Purely Plant GmbH (in-house),yes,to be performed — see route
P060072,CJ092501,Cap Junky,CoQ-PP_26-112,reissue — 12-month retest,18.09.2026,1,"Identification A, Appearance · Macroscopic",Conforms | Одговара,iCoA-PP_26-126,17.08.2026,Purely Plant GmbH (in-house),yes,covered
P060072,CJ092501,Cap Junky,CoQ-PP_26-043,release,06.06.2026,2,Identification B · Microscopic,Conforms | Одговара,iCoA-PP_26-041,03.06.2026,Purely Plant GmbH (in-house),yes,to be performed — see route
P060072,CJ092501,Cap Junky,CoQ-PP_26-112,reissue — 12-month retest,18.09.2026,2,Identification B · Microscopic,Conforms | Одговара,iCoA-PP_26-126,17.08.2026,Purely Plant GmbH (in-house),yes,covered
P060072,CJ092501,Cap Junky,CoQ-PP_26-043,release,06.06.2026,3,Identification C · HPLC/HPTLC,Conforms | Одговара,ППК26007,21.01.2026,UKIM Faculty of Pharmacy — Center for Natural Products,,covered
P060072,CJ092501,Cap Junky,CoQ-PP_26-112,reissue — 12-month retest,18.09.2026,3,Identification C · HPLC/HPTLC,Conforms | Одговара,220-5-К/26,25.08.2026,Farmahem,,covered
P060072,CJ092501,Cap Junky,CoQ-PP_26-043,release,06.06.2026,4,Assay — Total Δ⁹-THC,22.30,ППК26007,21.01.2026,UKIM Faculty of Pharmacy — Center for Natural Products,,covered
P060072,CJ092501,Cap Junky,CoQ-PP_26-112,reissue — 12-month retest,18.09.2026,4,Assay — Total Δ⁹-THC,25.65,220-5-К/26,25.08.2026,Farmahem,,covered
P060072,CJ092501,Cap Junky,CoQ-PP_26-043,release,06.06.2026,5,Assay — Total CBD,0.10,ППК26007,21.01.2026,UKIM Faculty of Pharmacy — Center for Natural Products,,covered
P060072,CJ092501,Cap Junky,CoQ-PP_26-112,reissue — 12-month retest,18.09.2026,5,Assay — Total CBD,< LOQ,220-5-К/26,25.08.2026,Farmahem,,covered
P060072,CJ092501,Cap Junky,CoQ-PP_26-043,release,06.06.2026,6,Total CBN,ND ᴰ,ППК26007,21.01.2026,CNP,,covered
P060072,CJ092501,Cap Junky,CoQ-PP_26-112,reissue — 12-month retest,18.09.2026,6,Total CBN,< LOQ,220-5-К/26,25.08.2026,Farmahem,,covered
P060072,CJ092501,Cap Junky,CoQ-PP_26-043,release,06.06.2026,7,Foreign Matter,Conforms | Одговара,iCoA-PP_26-041,03.06.2026,Purely Plant GmbH (in-house),yes,to be performed — see route
P060072,CJ092501,Cap Junky,CoQ-PP_26-112,reissue — 12-month retest,18.09.2026,7,Foreign Matter,Conforms | Одговара,iCoA-PP_26-126,17.08.2026,Purely Plant GmbH (in-house),yes,covered
P060072,CJ092501,Cap Junky,CoQ-PP_26-043,release,06.06.2026,8,Loss on Drying,7.64,ППК26007,21.01.2026,UKIM Faculty of Pharmacy — Center for Natural Products,,covered
P060072,CJ092501,Cap Junky,CoQ-PP_26-112,reissue — 12-month retest,18.09.2026,8,Loss on Drying,7.64,ППК26007,21.01.2026,UKIM Faculty of Pharmacy — Center for Natural Products,,carried from the initial testing (CoQ-PP-2026-0006) — covered
P060072,CJ092501,Cap Junky,CoQ-PP_26-043,release,06.06.2026,9.1,TAMC,< 10,10/0013/26,20.01.2026,IPH — Institute of Public Health,,covered
P060072,CJ092501,Cap Junky,CoQ-PP_26-112,reissue — 12-month retest,18.09.2026,9.1,TAMC,< 10,10/0013/26,20.01.2026,IPH — Institute of Public Health,,carried from the initial testing (CoQ-PP-2026-0006) — covered
P060072,CJ092501,Cap Junky,CoQ-PP_26-043,release,06.06.2026,9.2,TYMC,< 10,10/0013/26,20.01.2026,IPH — Institute of Public Health,,covered
P060072,CJ092501,Cap Junky,CoQ-PP_26-112,reissue — 12-month retest,18.09.2026,9.2,TYMC,< 10,10/0013/26,20.01.2026,IPH — Institute of Public Health,,carried from the initial testing (CoQ-PP-2026-0006) — covered
P060072,CJ092501,Cap Junky,CoQ-PP_26-043,release,06.06.2026,9.3,Bile-tolerant gram-neg.,< 10,10/0013/26,20.01.2026,IPH — Institute of Public Health,,covered
P060072,CJ092501,Cap Junky,CoQ-PP_26-112,reissue — 12-month retest,18.09.2026,9.3,Bile-tolerant gram-neg.,< 10,10/0013/26,20.01.2026,IPH — Institute of Public Health,,carried from the initial testing (CoQ-PP-2026-0006) — covered
P060072,CJ092501,Cap Junky,CoQ-PP_26-043,release,06.06.2026,9.4,Salmonella,Absent | Отсутна,10/0013/26,20.01.2026,IPH — Institute of Public Health,,covered
P060072,CJ092501,Cap Junky,CoQ-PP_26-112,reissue — 12-month retest,18.09.2026,9.4,Salmonella,Absent | Отсутна,10/0013/26,20.01.2026,IPH — Institute of Public Health,,carried from the initial testing (CoQ-PP-2026-0006) — covered
P060072,CJ092501,Cap Junky,CoQ-PP_26-043,release,06.06.2026,9.5,Escherichia coli,Absent | Отсутна,10/0013/26,20.01.2026,IPH — Institute of Public Health,,covered
P060072,CJ092501,Cap Junky,CoQ-PP_26-112,reissue — 12-month retest,18.09.2026,9.5,Escherichia coli,Absent | Отсутна,10/0013/26,20.01.2026,IPH — Institute of Public Health,,carried from the initial testing (CoQ-PP-2026-0006) — covered
P060072,CJ092501,Cap Junky,CoQ-PP_26-043,release,06.06.2026,9.6,Pseudomonas aeruginosa,upon request — not required for release,—,—,—,,upon request — not required for release
P060072,CJ092501,Cap Junky,CoQ-PP_26-112,reissue — 12-month retest,18.09.2026,9.6,Pseudomonas aeruginosa,upon request — not required for release,—,—,—,,upon request — not required for release
P060072,CJ092501,Cap Junky,CoQ-PP_26-043,release,06.06.2026,9.7,Staphylococcus aureus,upon request — not required for release,—,—,—,,upon request — not required for release
P060072,CJ092501,Cap Junky,CoQ-PP_26-112,reissue — 12-month retest,18.09.2026,9.7,Staphylococcus aureus,upon request — not required for release,—,—,—,,upon request — not required for release
P060072,CJ092501,Cap Junky,CoQ-PP_26-043,release,06.06.2026,10.1,Aflatoxin B₁,not tested,—,—,—,,not tested — no certificate covers it
P060072,CJ092501,Cap Junky,CoQ-PP_26-112,reissue — 12-month retest,18.09.2026,10.1,Aflatoxin B₁,ND,220-5-М/26,11.09.2026,Farmahem,,covered
P060072,CJ092501,Cap Junky,CoQ-PP_26-043,release,06.06.2026,10.2,Aflatoxins ∑,< 2,86/2026,02.02.2026,IPH — Institute of Public Health,,covered
P060072,CJ092501,Cap Junky,CoQ-PP_26-112,reissue — 12-month retest,18.09.2026,10.2,Aflatoxins ∑,ND,220-5-М/26,11.09.2026,Farmahem,,covered
P060072,CJ092501,Cap Junky,CoQ-PP_26-043,release,06.06.2026,10.3,Ochratoxin A,not tested,—,—,—,,not tested — no certificate covers it
P060072,CJ092501,Cap Junky,CoQ-PP_26-112,reissue — 12-month retest,18.09.2026,10.3,Ochratoxin A,ND,220-5-М/26,11.09.2026,Farmahem,,covered
P060072,CJ092501,Cap Junky,CoQ-PP_26-043,release,06.06.2026,11.1,Lead (Pb),0.04,86/2026,02.02.2026,IPH — Institute of Public Health,,covered
P060072,CJ092501,Cap Junky,CoQ-PP_26-112,reissue — 12-month retest,18.09.2026,11.1,Lead (Pb),0.04,86/2026,02.02.2026,IPH — Institute of Public Health,,carried from the initial testing (CoQ-PP-2026-0006) — covered
P060072,CJ092501,Cap Junky,CoQ-PP_26-043,release,06.06.2026,11.2,Cadmium (Cd),ND,86/2026,02.02.2026,IPH — Institute of Public Health,,covered
P060072,CJ092501,Cap Junky,CoQ-PP_26-112,reissue — 12-month retest,18.09.2026,11.2,Cadmium (Cd),ND,86/2026,02.02.2026,IPH — Institute of Public Health,,carried from the initial testing (CoQ-PP-2026-0006) — covered
P060072,CJ092501,Cap Junky,CoQ-PP_26-043,release,06.06.2026,11.3,Arsenic (As),ND,86/2026,02.02.2026,IPH — Institute of Public Health,,covered
P060072,CJ092501,Cap Junky,CoQ-PP_26-112,reissue — 12-month retest,18.09.2026,11.3,Arsenic (As),ND,86/2026,02.02.2026,IPH — Institute of Public Health,,carried from the initial testing (CoQ-PP-2026-0006) — covered
P060072,CJ092501,Cap Junky,CoQ-PP_26-043,release,06.06.2026,11.4,Mercury (Hg),0.004,86/2026,02.02.2026,IPH — Institute of Public Health,,covered
P060072,CJ092501,Cap Junky,CoQ-PP_26-112,reissue — 12-month retest,18.09.2026,11.4,Mercury (Hg),0.004,86/2026,02.02.2026,IPH — Institute of Public Health,,carried from the initial testing (CoQ-PP-2026-0006) — covered
P060072,CJ092501,Cap Junky,CoQ-PP_26-043,release,06.06.2026,12,Pesticide Residues,ND,86/2026,02.02.2026,IPH — Institute of Public Health,,covered
P060072,CJ092501,Cap Junky,CoQ-PP_26-112,reissue — 12-month retest,18.09.2026,12,Pesticide Residues,ND,86/2026,02.02.2026,IPH — Institute of Public Health,,carried from the initial testing (CoQ-PP-2026-0006) — covered
P060082,SJ092501,Sleepy Joe,CoQ-PP_26-044,release,06.06.2026,1,"Identification A, Appearance · Macroscopic",Conforms | Одговара,iCoA-PP_26-042,03.06.2026,Purely Plant GmbH (in-house),yes,to be performed — see route
P060082,SJ092501,Sleepy Joe,CoQ-PP_26-134,reissue — 12-month retest,18.09.2026,1,"Identification A, Appearance · Macroscopic",Conforms | Одговара,iCoA-PP_26-151,17.08.2026,Purely Plant GmbH (in-house),yes,covered
P060082,SJ092501,Sleepy Joe,CoQ-PP_26-044,release,06.06.2026,2,Identification B · Microscopic,Conforms | Одговара,iCoA-PP_26-042,03.06.2026,Purely Plant GmbH (in-house),yes,to be performed — see route
P060082,SJ092501,Sleepy Joe,CoQ-PP_26-134,reissue — 12-month retest,18.09.2026,2,Identification B · Microscopic,Conforms | Одговара,iCoA-PP_26-151,17.08.2026,Purely Plant GmbH (in-house),yes,to be performed — see route
P060082,SJ092501,Sleepy Joe,CoQ-PP_26-044,release,06.06.2026,3,Identification C · HPLC/HPTLC,Conforms | Одговара,ППК26006,21.01.2026,UKIM Faculty of Pharmacy — Center for Natural Products,,covered
P060082,SJ092501,Sleepy Joe,CoQ-PP_26-134,reissue — 12-month retest,18.09.2026,3,Identification C · HPLC/HPTLC,Conforms | Одговара,220-27-К/26,26.08.2026,Farmahem,,covered
P060082,SJ092501,Sleepy Joe,CoQ-PP_26-044,release,06.06.2026,4,Assay — Total Δ⁹-THC,10.96,ППК26006,21.01.2026,UKIM Faculty of Pharmacy — Center for Natural Products,,covered
P060082,SJ092501,Sleepy Joe,CoQ-PP_26-134,reissue — 12-month retest,18.09.2026,4,Assay — Total Δ⁹-THC,10.39,220-27-К/26,26.08.2026,Farmahem,,covered
P060082,SJ092501,Sleepy Joe,CoQ-PP_26-044,release,06.06.2026,5,Assay — Total CBD,0.07,ППК26006,21.01.2026,UKIM Faculty of Pharmacy — Center for Natural Products,,covered
P060082,SJ092501,Sleepy Joe,CoQ-PP_26-134,reissue — 12-month retest,18.09.2026,5,Assay — Total CBD,< LOQ,220-27-К/26,26.08.2026,Farmahem,,covered
P060082,SJ092501,Sleepy Joe,CoQ-PP_26-044,release,06.06.2026,6,Total CBN,< LOQ,ППК26006,21.01.2026,CNP,,covered
P060082,SJ092501,Sleepy Joe,CoQ-PP_26-134,reissue — 12-month retest,18.09.2026,6,Total CBN,< LOQ,220-27-К/26,26.08.2026,Farmahem,,covered
P060082,SJ092501,Sleepy Joe,CoQ-PP_26-044,release,06.06.2026,7,Foreign Matter,Conforms | Одговара,iCoA-PP_26-042,03.06.2026,Purely Plant GmbH (in-house),yes,to be performed — see route
P060082,SJ092501,Sleepy Joe,CoQ-PP_26-134,reissue — 12-month retest,18.09.2026,7,Foreign Matter,Conforms | Одговара,iCoA-PP_26-151,17.08.2026,Purely Plant GmbH (in-house),yes,covered
P060082,SJ092501,Sleepy Joe,CoQ-PP_26-044,release,06.06.2026,8,Loss on Drying,8.68,ППК26006,21.01.2026,UKIM Faculty of Pharmacy — Center for Natural Products,,covered
P060082,SJ092501,Sleepy Joe,CoQ-PP_26-134,reissue — 12-month retest,18.09.2026,8,Loss on Drying,8.68,ППК26006,21.01.2026,UKIM Faculty of Pharmacy — Center for Natural Products,,carried from the initial testing (CoQ-PP-2026-0007) — covered
P060082,SJ092501,Sleepy Joe,CoQ-PP_26-044,release,06.06.2026,9.1,TAMC,< 10,9/0012/26,20.01.2026,IPH — Institute of Public Health,,covered
P060082,SJ092501,Sleepy Joe,CoQ-PP_26-134,reissue — 12-month retest,18.09.2026,9.1,TAMC,< 10,9/0012/26,20.01.2026,IPH — Institute of Public Health,,carried from the initial testing (CoQ-PP-2026-0007) — covered
P060082,SJ092501,Sleepy Joe,CoQ-PP_26-044,release,06.06.2026,9.2,TYMC,< 10,9/0012/26,20.01.2026,IPH — Institute of Public Health,,covered
P060082,SJ092501,Sleepy Joe,CoQ-PP_26-134,reissue — 12-month retest,18.09.2026,9.2,TYMC,< 10,9/0012/26,20.01.2026,IPH — Institute of Public Health,,carried from the initial testing (CoQ-PP-2026-0007) — covered
P060082,SJ092501,Sleepy Joe,CoQ-PP_26-044,release,06.06.2026,9.3,Bile-tolerant gram-neg.,< 10,9/0012/26,20.01.2026,IPH — Institute of Public Health,,covered
P060082,SJ092501,Sleepy Joe,CoQ-PP_26-134,reissue — 12-month retest,18.09.2026,9.3,Bile-tolerant gram-neg.,< 10,9/0012/26,20.01.2026,IPH — Institute of Public Health,,carried from the initial testing (CoQ-PP-2026-0007) — covered
P060082,SJ092501,Sleepy Joe,CoQ-PP_26-044,release,06.06.2026,9.4,Salmonella,Absent | Отсутна,9/0012/26,20.01.2026,IPH — Institute of Public Health,,covered
P060082,SJ092501,Sleepy Joe,CoQ-PP_26-134,reissue — 12-month retest,18.09.2026,9.4,Salmonella,Absent | Отсутна,9/0012/26,20.01.2026,IPH — Institute of Public Health,,carried from the initial testing (CoQ-PP-2026-0007) — covered
P060082,SJ092501,Sleepy Joe,CoQ-PP_26-044,release,06.06.2026,9.5,Escherichia coli,Absent | Отсутна,9/0012/26,20.01.2026,IPH — Institute of Public Health,,covered
P060082,SJ092501,Sleepy Joe,CoQ-PP_26-134,reissue — 12-month retest,18.09.2026,9.5,Escherichia coli,Absent | Отсутна,9/0012/26,20.01.2026,IPH — Institute of Public Health,,carried from the initial testing (CoQ-PP-2026-0007) — covered
P060082,SJ092501,Sleepy Joe,CoQ-PP_26-044,release,06.06.2026,9.6,Pseudomonas aeruginosa,upon request — not required for release,—,—,—,,upon request — not required for release
P060082,SJ092501,Sleepy Joe,CoQ-PP_26-134,reissue — 12-month retest,18.09.2026,9.6,Pseudomonas aeruginosa,upon request — not required for release,—,—,—,,upon request — not required for release
P060082,SJ092501,Sleepy Joe,CoQ-PP_26-044,release,06.06.2026,9.7,Staphylococcus aureus,upon request — not required for release,—,—,—,,upon request — not required for release
P060082,SJ092501,Sleepy Joe,CoQ-PP_26-134,reissue — 12-month retest,18.09.2026,9.7,Staphylococcus aureus,upon request — not required for release,—,—,—,,upon request — not required for release
P060082,SJ092501,Sleepy Joe,CoQ-PP_26-044,release,06.06.2026,10.1,Aflatoxin B₁,not tested,—,—,—,,not tested — no certificate covers it
P060082,SJ092501,Sleepy Joe,CoQ-PP_26-134,reissue — 12-month retest,18.09.2026,10.1,Aflatoxin B₁,ND,220-27-М/26,11.09.2026,Farmahem,,covered
P060082,SJ092501,Sleepy Joe,CoQ-PP_26-044,release,06.06.2026,10.2,Aflatoxins ∑,2,85/2026,02.02.2026,IPH — Institute of Public Health,,covered
P060082,SJ092501,Sleepy Joe,CoQ-PP_26-134,reissue — 12-month retest,18.09.2026,10.2,Aflatoxins ∑,ND,220-27-М/26,11.09.2026,Farmahem,,covered
P060082,SJ092501,Sleepy Joe,CoQ-PP_26-044,release,06.06.2026,10.3,Ochratoxin A,not tested,—,—,—,,not tested — no certificate covers it
P060082,SJ092501,Sleepy Joe,CoQ-PP_26-134,reissue — 12-month retest,18.09.2026,10.3,Ochratoxin A,ND,220-27-М/26,11.09.2026,Farmahem,,covered
P060082,SJ092501,Sleepy Joe,CoQ-PP_26-044,release,06.06.2026,11.1,Lead (Pb),0.08,85/2026,02.02.2026,IPH — Institute of Public Health,,covered
P060082,SJ092501,Sleepy Joe,CoQ-PP_26-134,reissue — 12-month retest,18.09.2026,11.1,Lead (Pb),0.08,85/2026,02.02.2026,IPH — Institute of Public Health,,carried from the initial testing (CoQ-PP-2026-0007) — covered
P060082,SJ092501,Sleepy Joe,CoQ-PP_26-044,release,06.06.2026,11.2,Cadmium (Cd),ND,85/2026,02.02.2026,IPH — Institute of Public Health,,covered
P060082,SJ092501,Sleepy Joe,CoQ-PP_26-134,reissue — 12-month retest,18.09.2026,11.2,Cadmium (Cd),ND,85/2026,02.02.2026,IPH — Institute of Public Health,,carried from the initial testing (CoQ-PP-2026-0007) — covered
P060082,SJ092501,Sleepy Joe,CoQ-PP_26-044,release,06.06.2026,11.3,Arsenic (As),ND,85/2026,02.02.2026,IPH — Institute of Public Health,,covered
P060082,SJ092501,Sleepy Joe,CoQ-PP_26-134,reissue — 12-month retest,18.09.2026,11.3,Arsenic (As),ND,85/2026,02.02.2026,IPH — Institute of Public Health,,carried from the initial testing (CoQ-PP-2026-0007) — covered
P060082,SJ092501,Sleepy Joe,CoQ-PP_26-044,release,06.06.2026,11.4,Mercury (Hg),0.003,85/2026,02.02.2026,IPH — Institute of Public Health,,covered
P060082,SJ092501,Sleepy Joe,CoQ-PP_26-134,reissue — 12-month retest,18.09.2026,11.4,Mercury (Hg),0.003,85/2026,02.02.2026,IPH — Institute of Public Health,,carried from the initial testing (CoQ-PP-2026-0007) — covered
P060082,SJ092501,Sleepy Joe,CoQ-PP_26-044,release,06.06.2026,12,Pesticide Residues,ND,85/2026,02.02.2026,IPH — Institute of Public Health,,covered
P060082,SJ092501,Sleepy Joe,CoQ-PP_26-134,reissue — 12-month retest,18.09.2026,12,Pesticide Residues,ND,85/2026,02.02.2026,IPH — Institute of Public Health,,carried from the initial testing (CoQ-PP-2026-0007) — covered
P060092,GP092501,Grape Pie,CoQ-PP_26-045,release,06.06.2026,1,"Identification A, Appearance · Macroscopic",Conforms | Одговара,iCoA-PP_26-043,03.06.2026,Purely Plant GmbH (in-house),yes,to be performed — see route
P060092,GP092501,Grape Pie,CoQ-PP_26-119,reissue — 12-month retest,18.09.2026,1,"Identification A, Appearance · Macroscopic",Conforms | Одговара,iCoA-PP_26-133,17.08.2026,Purely Plant GmbH (in-house),yes,covered
P060092,GP092501,Grape Pie,CoQ-PP_26-045,release,06.06.2026,2,Identification B · Microscopic,Conforms | Одговара,iCoA-PP_26-043,03.06.2026,Purely Plant GmbH (in-house),yes,to be performed — see route
P060092,GP092501,Grape Pie,CoQ-PP_26-119,reissue — 12-month retest,18.09.2026,2,Identification B · Microscopic,Conforms | Одговара,iCoA-PP_26-133,17.08.2026,Purely Plant GmbH (in-house),yes,covered
P060092,GP092501,Grape Pie,CoQ-PP_26-045,release,06.06.2026,3,Identification C · HPLC/HPTLC,Conforms | Одговара,ППК26009,21.01.2026,UKIM Faculty of Pharmacy — Center for Natural Products,,covered
P060092,GP092501,Grape Pie,CoQ-PP_26-119,reissue — 12-month retest,18.09.2026,3,Identification C · HPLC/HPTLC,Conforms | Одговара,220-13-К/26,25.08.2026,Farmahem,,covered
P060092,GP092501,Grape Pie,CoQ-PP_26-045,release,06.06.2026,4,Assay — Total Δ⁹-THC,25.73,ППК26009,21.01.2026,UKIM Faculty of Pharmacy — Center for Natural Products,,covered
P060092,GP092501,Grape Pie,CoQ-PP_26-119,reissue — 12-month retest,18.09.2026,4,Assay — Total Δ⁹-THC,25.24,220-13-К/26,25.08.2026,Farmahem,,covered
P060092,GP092501,Grape Pie,CoQ-PP_26-045,release,06.06.2026,5,Assay — Total CBD,0.11,ППК26009,21.01.2026,UKIM Faculty of Pharmacy — Center for Natural Products,,covered
P060092,GP092501,Grape Pie,CoQ-PP_26-119,reissue — 12-month retest,18.09.2026,5,Assay — Total CBD,< LOQ,220-13-К/26,25.08.2026,Farmahem,,covered
P060092,GP092501,Grape Pie,CoQ-PP_26-045,release,06.06.2026,6,Total CBN,0.02 ᴰ,ППК26009,21.01.2026,CNP,,covered
P060092,GP092501,Grape Pie,CoQ-PP_26-119,reissue — 12-month retest,18.09.2026,6,Total CBN,< LOQ,220-13-К/26,25.08.2026,Farmahem,,covered
P060092,GP092501,Grape Pie,CoQ-PP_26-045,release,06.06.2026,7,Foreign Matter,Conforms | Одговара,iCoA-PP_26-043,03.06.2026,Purely Plant GmbH (in-house),yes,to be performed — see route
P060092,GP092501,Grape Pie,CoQ-PP_26-119,reissue — 12-month retest,18.09.2026,7,Foreign Matter,Conforms | Одговара,iCoA-PP_26-133,17.08.2026,Purely Plant GmbH (in-house),yes,covered
P060092,GP092501,Grape Pie,CoQ-PP_26-045,release,06.06.2026,8,Loss on Drying,6.91,ППК26009,21.01.2026,UKIM Faculty of Pharmacy — Center for Natural Products,,covered
P060092,GP092501,Grape Pie,CoQ-PP_26-119,reissue — 12-month retest,18.09.2026,8,Loss on Drying,6.91,ППК26009,21.01.2026,UKIM Faculty of Pharmacy — Center for Natural Products,,carried from the initial testing (CoQ-PP-2026-0008) — covered
P060092,GP092501,Grape Pie,CoQ-PP_26-045,release,06.06.2026,9.1,TAMC,1 × 10²,5/0008/26,20.01.2026,IPH — Institute of Public Health,,covered
P060092,GP092501,Grape Pie,CoQ-PP_26-119,reissue — 12-month retest,18.09.2026,9.1,TAMC,1 × 10²,5/0008/26,20.01.2026,IPH — Institute of Public Health,,carried from the initial testing (CoQ-PP-2026-0008) — covered
P060092,GP092501,Grape Pie,CoQ-PP_26-045,release,06.06.2026,9.2,TYMC,< 10,5/0008/26,20.01.2026,IPH — Institute of Public Health,,covered
P060092,GP092501,Grape Pie,CoQ-PP_26-119,reissue — 12-month retest,18.09.2026,9.2,TYMC,< 10,5/0008/26,20.01.2026,IPH — Institute of Public Health,,carried from the initial testing (CoQ-PP-2026-0008) — covered
P060092,GP092501,Grape Pie,CoQ-PP_26-045,release,06.06.2026,9.3,Bile-tolerant gram-neg.,< 10² and > 10,5/0008/26,20.01.2026,IPH — Institute of Public Health,,covered
P060092,GP092501,Grape Pie,CoQ-PP_26-119,reissue — 12-month retest,18.09.2026,9.3,Bile-tolerant gram-neg.,< 10² and > 10,5/0008/26,20.01.2026,IPH — Institute of Public Health,,carried from the initial testing (CoQ-PP-2026-0008) — covered
P060092,GP092501,Grape Pie,CoQ-PP_26-045,release,06.06.2026,9.4,Salmonella,Absent | Отсутна,5/0008/26,20.01.2026,IPH — Institute of Public Health,,covered
P060092,GP092501,Grape Pie,CoQ-PP_26-119,reissue — 12-month retest,18.09.2026,9.4,Salmonella,Absent | Отсутна,5/0008/26,20.01.2026,IPH — Institute of Public Health,,carried from the initial testing (CoQ-PP-2026-0008) — covered
P060092,GP092501,Grape Pie,CoQ-PP_26-045,release,06.06.2026,9.5,Escherichia coli,Absent | Отсутна,5/0008/26,20.01.2026,IPH — Institute of Public Health,,covered
P060092,GP092501,Grape Pie,CoQ-PP_26-119,reissue — 12-month retest,18.09.2026,9.5,Escherichia coli,Absent | Отсутна,5/0008/26,20.01.2026,IPH — Institute of Public Health,,carried from the initial testing (CoQ-PP-2026-0008) — covered
P060092,GP092501,Grape Pie,CoQ-PP_26-045,release,06.06.2026,9.6,Pseudomonas aeruginosa,upon request — not required for release,—,—,—,,upon request — not required for release
P060092,GP092501,Grape Pie,CoQ-PP_26-119,reissue — 12-month retest,18.09.2026,9.6,Pseudomonas aeruginosa,upon request — not required for release,—,—,—,,upon request — not required for release
P060092,GP092501,Grape Pie,CoQ-PP_26-045,release,06.06.2026,9.7,Staphylococcus aureus,upon request — not required for release,—,—,—,,upon request — not required for release
P060092,GP092501,Grape Pie,CoQ-PP_26-119,reissue — 12-month retest,18.09.2026,9.7,Staphylococcus aureus,upon request — not required for release,—,—,—,,upon request — not required for release
P060092,GP092501,Grape Pie,CoQ-PP_26-045,release,06.06.2026,10.1,Aflatoxin B₁,not tested,—,—,—,,not tested — no certificate covers it
P060092,GP092501,Grape Pie,CoQ-PP_26-119,reissue — 12-month retest,18.09.2026,10.1,Aflatoxin B₁,ND,220-13-М/26,11.09.2026,Farmahem,,covered
P060092,GP092501,Grape Pie,CoQ-PP_26-045,release,06.06.2026,10.2,Aflatoxins ∑,< 2,88/2026,03.02.2026,IPH — Institute of Public Health,,covered
P060092,GP092501,Grape Pie,CoQ-PP_26-119,reissue — 12-month retest,18.09.2026,10.2,Aflatoxins ∑,ND,220-13-М/26,11.09.2026,Farmahem,,covered
P060092,GP092501,Grape Pie,CoQ-PP_26-045,release,06.06.2026,10.3,Ochratoxin A,not tested,—,—,—,,not tested — no certificate covers it
P060092,GP092501,Grape Pie,CoQ-PP_26-119,reissue — 12-month retest,18.09.2026,10.3,Ochratoxin A,ND,220-13-М/26,11.09.2026,Farmahem,,covered
P060092,GP092501,Grape Pie,CoQ-PP_26-045,release,06.06.2026,11.1,Lead (Pb),0.022,88/2026,03.02.2026,IPH — Institute of Public Health,,covered
P060092,GP092501,Grape Pie,CoQ-PP_26-119,reissue — 12-month retest,18.09.2026,11.1,Lead (Pb),0.022,88/2026,03.02.2026,IPH — Institute of Public Health,,carried from the initial testing (CoQ-PP-2026-0008) — covered
P060092,GP092501,Grape Pie,CoQ-PP_26-045,release,06.06.2026,11.2,Cadmium (Cd),ND,88/2026,03.02.2026,IPH — Institute of Public Health,,covered
P060092,GP092501,Grape Pie,CoQ-PP_26-119,reissue — 12-month retest,18.09.2026,11.2,Cadmium (Cd),ND,88/2026,03.02.2026,IPH — Institute of Public Health,,carried from the initial testing (CoQ-PP-2026-0008) — covered
P060092,GP092501,Grape Pie,CoQ-PP_26-045,release,06.06.2026,11.3,Arsenic (As),ND,88/2026,03.02.2026,IPH — Institute of Public Health,,covered
P060092,GP092501,Grape Pie,CoQ-PP_26-119,reissue — 12-month retest,18.09.2026,11.3,Arsenic (As),ND,88/2026,03.02.2026,IPH — Institute of Public Health,,carried from the initial testing (CoQ-PP-2026-0008) — covered
P060092,GP092501,Grape Pie,CoQ-PP_26-045,release,06.06.2026,11.4,Mercury (Hg),0.007,88/2026,03.02.2026,IPH — Institute of Public Health,,covered
P060092,GP092501,Grape Pie,CoQ-PP_26-119,reissue — 12-month retest,18.09.2026,11.4,Mercury (Hg),0.007,88/2026,03.02.2026,IPH — Institute of Public Health,,carried from the initial testing (CoQ-PP-2026-0008) — covered
P060092,GP092501,Grape Pie,CoQ-PP_26-045,release,06.06.2026,12,Pesticide Residues,ND,88/2026,03.02.2026,IPH — Institute of Public Health,,covered
P060092,GP092501,Grape Pie,CoQ-PP_26-119,reissue — 12-month retest,18.09.2026,12,Pesticide Residues,ND,88/2026,03.02.2026,IPH — Institute of Public Health,,carried from the initial testing (CoQ-PP-2026-0008) — covered
P060102,WED102501,Wedding Cake,CoQ-PP_26-046,release,06.06.2026,1,"Identification A, Appearance · Macroscopic",Conforms | Одговара,iCoA-PP_26-044,03.06.2026,Purely Plant GmbH (in-house),yes,to be performed — see route
P060102,WED102501,Wedding Cake,CoQ-PP_26-165,reissue — 12-month retest,21.09.2026,1,"Identification A, Appearance · Macroscopic",Conforms | Одговара,iCoA-PP_26-162,24.08.2026,Purely Plant GmbH (in-house),yes,to be performed — see route
P060102,WED102501,Wedding Cake,CoQ-PP_26-046,release,06.06.2026,2,Identification B · Microscopic,Conforms | Одговара,iCoA-PP_26-044,03.06.2026,Purely Plant GmbH (in-house),yes,to be performed — see route
P060102,WED102501,Wedding Cake,CoQ-PP_26-165,reissue — 12-month retest,21.09.2026,2,Identification B · Microscopic,Conforms | Одговара,iCoA-PP_26-162,24.08.2026,Purely Plant GmbH (in-house),yes,to be performed — see route
P060102,WED102501,Wedding Cake,CoQ-PP_26-046,release,06.06.2026,3,Identification C · HPLC/HPTLC,to be performed (in house),—,—,—,,to be performed — see route
P060102,WED102501,Wedding Cake,CoQ-PP_26-165,reissue — 12-month retest,21.09.2026,3,Identification C · HPLC/HPTLC,Conforms | Одговара,227-4-К/26,11.09.2026,Farmahem,,covered
P060102,WED102501,Wedding Cake,CoQ-PP_26-046,release,06.06.2026,4,Assay — Total Δ⁹-THC,not tested,—,—,—,,not tested — no certificate covers it
P060102,WED102501,Wedding Cake,CoQ-PP_26-165,reissue — 12-month retest,21.09.2026,4,Assay — Total Δ⁹-THC,25.15,227-4-К/26,11.09.2026,Farmahem,,covered
P060102,WED102501,Wedding Cake,CoQ-PP_26-046,release,06.06.2026,5,Assay — Total CBD,not tested,—,—,—,,not tested — no certificate covers it
P060102,WED102501,Wedding Cake,CoQ-PP_26-165,reissue — 12-month retest,21.09.2026,5,Assay — Total CBD,< LOQ,227-4-К/26,11.09.2026,Farmahem,,covered
P060102,WED102501,Wedding Cake,CoQ-PP_26-046,release,06.06.2026,6,Total CBN,not tested,—,—,—,,not tested — no certificate covers it
P060102,WED102501,Wedding Cake,CoQ-PP_26-165,reissue — 12-month retest,21.09.2026,6,Total CBN,< LOQ,227-4-К/26,11.09.2026,Farmahem,,covered
P060102,WED102501,Wedding Cake,CoQ-PP_26-046,release,06.06.2026,7,Foreign Matter,Conforms | Одговара,iCoA-PP_26-044,03.06.2026,Purely Plant GmbH (in-house),yes,to be performed — see route
P060102,WED102501,Wedding Cake,CoQ-PP_26-165,reissue — 12-month retest,21.09.2026,7,Foreign Matter,Conforms | Одговара,iCoA-PP_26-162,24.08.2026,Purely Plant GmbH (in-house),yes,to be performed — see route
P060102,WED102501,Wedding Cake,CoQ-PP_26-046,release,06.06.2026,8,Loss on Drying,"6,8 %",031-3-ГС/26,12.02.2026,Farmahem,,covered
P060102,WED102501,Wedding Cake,CoQ-PP_26-165,reissue — 12-month retest,21.09.2026,8,Loss on Drying,"6,8 %",031-3-ГС/26,12.02.2026,Farmahem,,covered
P060102,WED102501,Wedding Cake,CoQ-PP_26-046,release,06.06.2026,9.1,TAMC,not tested,—,—,—,,not tested — no certificate covers it
P060102,WED102501,Wedding Cake,CoQ-PP_26-165,reissue — 12-month retest,21.09.2026,9.1,TAMC,< 10,551/1082/26,01.09.2026,IPH — Institute of Public Health,,covered
P060102,WED102501,Wedding Cake,CoQ-PP_26-046,release,06.06.2026,9.2,TYMC,not tested,—,—,—,,not tested — no certificate covers it
P060102,WED102501,Wedding Cake,CoQ-PP_26-165,reissue — 12-month retest,21.09.2026,9.2,TYMC,< 10,551/1082/26,01.09.2026,IPH — Institute of Public Health,,covered
P060102,WED102501,Wedding Cake,CoQ-PP_26-046,release,06.06.2026,9.3,Bile-tolerant gram-neg.,not tested,—,—,—,,not tested — no certificate covers it
P060102,WED102501,Wedding Cake,CoQ-PP_26-165,reissue — 12-month retest,21.09.2026,9.3,Bile-tolerant gram-neg.,< 10,551/1082/26,01.09.2026,IPH — Institute of Public Health,,covered
P060102,WED102501,Wedding Cake,CoQ-PP_26-046,release,06.06.2026,9.4,Salmonella,not tested,—,—,—,,not tested — no certificate covers it
P060102,WED102501,Wedding Cake,CoQ-PP_26-165,reissue — 12-month retest,21.09.2026,9.4,Salmonella,Absent | Отсутна,551/1082/26,01.09.2026,IPH — Institute of Public Health,,covered
P060102,WED102501,Wedding Cake,CoQ-PP_26-046,release,06.06.2026,9.5,Escherichia coli,not tested,—,—,—,,not tested — no certificate covers it
P060102,WED102501,Wedding Cake,CoQ-PP_26-165,reissue — 12-month retest,21.09.2026,9.5,Escherichia coli,Absent | Отсутна,551/1082/26,01.09.2026,IPH — Institute of Public Health,,covered
P060102,WED102501,Wedding Cake,CoQ-PP_26-046,release,06.06.2026,9.6,Pseudomonas aeruginosa,upon request — not required for release,—,—,—,,upon request — not required for release
P060102,WED102501,Wedding Cake,CoQ-PP_26-165,reissue — 12-month retest,21.09.2026,9.6,Pseudomonas aeruginosa,upon request — not required for release,—,—,—,,upon request — not required for release
P060102,WED102501,Wedding Cake,CoQ-PP_26-046,release,06.06.2026,9.7,Staphylococcus aureus,upon request — not required for release,—,—,—,,upon request — not required for release
P060102,WED102501,Wedding Cake,CoQ-PP_26-165,reissue — 12-month retest,21.09.2026,9.7,Staphylococcus aureus,upon request — not required for release,—,—,—,,upon request — not required for release
P060102,WED102501,Wedding Cake,CoQ-PP_26-046,release,06.06.2026,10.1,Aflatoxin B₁,not tested,—,—,—,,not tested — no certificate covers it
P060102,WED102501,Wedding Cake,CoQ-PP_26-165,reissue — 12-month retest,21.09.2026,10.1,Aflatoxin B₁,ND,227-4-М/26,16.09.2026,Farmahem,,covered
P060102,WED102501,Wedding Cake,CoQ-PP_26-046,release,06.06.2026,10.2,Aflatoxins ∑,not tested,—,—,—,,not tested — no certificate covers it
P060102,WED102501,Wedding Cake,CoQ-PP_26-165,reissue — 12-month retest,21.09.2026,10.2,Aflatoxins ∑,ND,227-4-М/26,16.09.2026,Farmahem,,covered
P060102,WED102501,Wedding Cake,CoQ-PP_26-046,release,06.06.2026,10.3,Ochratoxin A,not tested,—,—,—,,not tested — no certificate covers it
P060102,WED102501,Wedding Cake,CoQ-PP_26-165,reissue — 12-month retest,21.09.2026,10.3,Ochratoxin A,ND,227-4-М/26,16.09.2026,Farmahem,,covered
P060102,WED102501,Wedding Cake,CoQ-PP_26-046,release,06.06.2026,11.1,Lead (Pb),not tested,—,—,—,,not tested — no certificate covers it
P060102,WED102501,Wedding Cake,CoQ-PP_26-165,reissue — 12-month retest,21.09.2026,11.1,Lead (Pb),carried from the initial testing — not tested,—,—,—,,carried from the initial testing (the batch's initial CoQ (number assigned on issue)) — not tested — no certificate covers it
P060102,WED102501,Wedding Cake,CoQ-PP_26-046,release,06.06.2026,11.2,Cadmium (Cd),not tested,—,—,—,,not tested — no certificate covers it
P060102,WED102501,Wedding Cake,CoQ-PP_26-165,reissue — 12-month retest,21.09.2026,11.2,Cadmium (Cd),carried from the initial testing — not tested,—,—,—,,carried from the initial testing (the batch's initial CoQ (number assigned on issue)) — not tested — no certificate covers it
P060102,WED102501,Wedding Cake,CoQ-PP_26-046,release,06.06.2026,11.3,Arsenic (As),not tested,—,—,—,,not tested — no certificate covers it
P060102,WED102501,Wedding Cake,CoQ-PP_26-165,reissue — 12-month retest,21.09.2026,11.3,Arsenic (As),carried from the initial testing — not tested,—,—,—,,carried from the initial testing (the batch's initial CoQ (number assigned on issue)) — not tested — no certificate covers it
P060102,WED102501,Wedding Cake,CoQ-PP_26-046,release,06.06.2026,11.4,Mercury (Hg),not tested,—,—,—,,not tested — no certificate covers it
P060102,WED102501,Wedding Cake,CoQ-PP_26-165,reissue — 12-month retest,21.09.2026,11.4,Mercury (Hg),carried from the initial testing — not tested,—,—,—,,carried from the initial testing (the batch's initial CoQ (number assigned on issue)) — not tested — no certificate covers it
P060102,WED102501,Wedding Cake,CoQ-PP_26-046,release,06.06.2026,12,Pesticide Residues,not tested,—,—,—,,not tested — no certificate covers it
P060102,WED102501,Wedding Cake,CoQ-PP_26-165,reissue — 12-month retest,21.09.2026,12,Pesticide Residues,carried from the initial testing — not tested,—,—,—,,carried from the initial testing (the batch's initial CoQ (number assigned on issue)) — not tested — no certificate covers it
P060112,PUM102501,Pure Michigen,CoQ-PP_26-047,release,06.06.2026,1,"Identification A, Appearance · Macroscopic",Conforms | Одговара,iCoA-PP_26-045,03.06.2026,Purely Plant GmbH (in-house),yes,to be performed — see route
P060112,PUM102501,Pure Michigen,CoQ-PP_26-132,reissue — 12-month retest,18.09.2026,1,"Identification A, Appearance · Macroscopic",Conforms | Одговара,iCoA-PP_26-149,17.08.2026,Purely Plant GmbH (in-house),yes,to be performed — see route
P060112,PUM102501,Pure Michigen,CoQ-PP_26-047,release,06.06.2026,2,Identification B · Microscopic,Conforms | Одговара,iCoA-PP_26-045,03.06.2026,Purely Plant GmbH (in-house),yes,to be performed — see route
P060112,PUM102501,Pure Michigen,CoQ-PP_26-132,reissue — 12-month retest,18.09.2026,2,Identification B · Microscopic,Conforms | Одговара,iCoA-PP_26-149,17.08.2026,Purely Plant GmbH (in-house),yes,to be performed — see route
P060112,PUM102501,Pure Michigen,CoQ-PP_26-047,release,06.06.2026,3,Identification C · HPLC/HPTLC,identity by the HPLC cannabinoid profile on this certificate,031-2-К/26,10.02.2026,FHM,,covered
P060112,PUM102501,Pure Michigen,CoQ-PP_26-132,reissue — 12-month retest,18.09.2026,3,Identification C · HPLC/HPTLC,Conforms | Одговара,220-25-К/26,26.08.2026,Farmahem,,covered
P060112,PUM102501,Pure Michigen,CoQ-PP_26-047,release,06.06.2026,4,Assay — Total Δ⁹-THC,not tested,—,—,—,,not tested — no certificate covers it
P060112,PUM102501,Pure Michigen,CoQ-PP_26-132,reissue — 12-month retest,18.09.2026,4,Assay — Total Δ⁹-THC,13.95,220-25-К/26,26.08.2026,Farmahem,,covered
P060112,PUM102501,Pure Michigen,CoQ-PP_26-047,release,06.06.2026,5,Assay — Total CBD,< LOQ** %w/w,031-2-К/26,10.02.2026,FHM,,covered
P060112,PUM102501,Pure Michigen,CoQ-PP_26-132,reissue — 12-month retest,18.09.2026,5,Assay — Total CBD,< LOQ,220-25-К/26,26.08.2026,Farmahem,,covered
P060112,PUM102501,Pure Michigen,CoQ-PP_26-047,release,06.06.2026,6,Total CBN,< LOQ** %w/w,031-2-К/26,10.02.2026,FHM,,covered
P060112,PUM102501,Pure Michigen,CoQ-PP_26-132,reissue — 12-month retest,18.09.2026,6,Total CBN,< LOQ,220-25-К/26,26.08.2026,Farmahem,,covered
P060112,PUM102501,Pure Michigen,CoQ-PP_26-047,release,06.06.2026,7,Foreign Matter,Conforms | Одговара,iCoA-PP_26-045,03.06.2026,Purely Plant GmbH (in-house),yes,to be performed — see route
P060112,PUM102501,Pure Michigen,CoQ-PP_26-132,reissue — 12-month retest,18.09.2026,7,Foreign Matter,Conforms | Одговара,iCoA-PP_26-149,17.08.2026,Purely Plant GmbH (in-house),yes,to be performed — see route
P060112,PUM102501,Pure Michigen,CoQ-PP_26-047,release,06.06.2026,8,Loss on Drying,"6,4 %",031-2-ГС/26,11.02.2026,FHM,,covered
P060112,PUM102501,Pure Michigen,CoQ-PP_26-132,reissue — 12-month retest,18.09.2026,8,Loss on Drying,"6,4 %",031-2-ГС/26,11.02.2026,FHM,,carried from the initial testing (CoQ-PP-2026-0009) — covered
P060112,PUM102501,Pure Michigen,CoQ-PP_26-047,release,06.06.2026,9.1,TAMC,5 × 10¹,74/0117/26,09.02.2026,IPH — Institute of Public Health,,covered
P060112,PUM102501,Pure Michigen,CoQ-PP_26-132,reissue — 12-month retest,18.09.2026,9.1,TAMC,5 × 10¹,74/0117/26,09.02.2026,IPH — Institute of Public Health,,covered
P060112,PUM102501,Pure Michigen,CoQ-PP_26-047,release,06.06.2026,9.2,TYMC,5 × 10¹,74/0117/26,09.02.2026,IPH — Institute of Public Health,,covered
P060112,PUM102501,Pure Michigen,CoQ-PP_26-132,reissue — 12-month retest,18.09.2026,9.2,TYMC,5 × 10¹,74/0117/26,09.02.2026,IPH — Institute of Public Health,,covered
P060112,PUM102501,Pure Michigen,CoQ-PP_26-047,release,06.06.2026,9.3,Bile-tolerant gram-neg.,< 10,74/0117/26,09.02.2026,IPH — Institute of Public Health,,covered
P060112,PUM102501,Pure Michigen,CoQ-PP_26-132,reissue — 12-month retest,18.09.2026,9.3,Bile-tolerant gram-neg.,< 10,74/0117/26,09.02.2026,IPH — Institute of Public Health,,covered
P060112,PUM102501,Pure Michigen,CoQ-PP_26-047,release,06.06.2026,9.4,Salmonella,Absent | Отсутна,74/0117/26,09.02.2026,IPH — Institute of Public Health,,covered
P060112,PUM102501,Pure Michigen,CoQ-PP_26-132,reissue — 12-month retest,18.09.2026,9.4,Salmonella,Absent | Отсутна,74/0117/26,09.02.2026,IPH — Institute of Public Health,,covered
P060112,PUM102501,Pure Michigen,CoQ-PP_26-047,release,06.06.2026,9.5,Escherichia coli,Absent | Отсутна,74/0117/26,09.02.2026,IPH — Institute of Public Health,,covered
P060112,PUM102501,Pure Michigen,CoQ-PP_26-132,reissue — 12-month retest,18.09.2026,9.5,Escherichia coli,Absent | Отсутна,74/0117/26,09.02.2026,IPH — Institute of Public Health,,covered
P060112,PUM102501,Pure Michigen,CoQ-PP_26-047,release,06.06.2026,9.6,Pseudomonas aeruginosa,upon request — not required for release,—,—,—,,upon request — not required for release
P060112,PUM102501,Pure Michigen,CoQ-PP_26-132,reissue — 12-month retest,18.09.2026,9.6,Pseudomonas aeruginosa,upon request — not required for release,—,—,—,,upon request — not required for release
P060112,PUM102501,Pure Michigen,CoQ-PP_26-047,release,06.06.2026,9.7,Staphylococcus aureus,upon request — not required for release,—,—,—,,upon request — not required for release
P060112,PUM102501,Pure Michigen,CoQ-PP_26-132,reissue — 12-month retest,18.09.2026,9.7,Staphylococcus aureus,upon request — not required for release,—,—,—,,upon request — not required for release
P060112,PUM102501,Pure Michigen,CoQ-PP_26-047,release,06.06.2026,10.1,Aflatoxin B₁,not tested,—,—,—,,not tested — no certificate covers it
P060112,PUM102501,Pure Michigen,CoQ-PP_26-132,reissue — 12-month retest,18.09.2026,10.1,Aflatoxin B₁,ND,220-25-М/26,11.09.2026,Farmahem,,covered
P060112,PUM102501,Pure Michigen,CoQ-PP_26-047,release,06.06.2026,10.2,Aflatoxins ∑,< 2,327/2026,11.02.2026,IPH — Institute of Public Health,,covered
P060112,PUM102501,Pure Michigen,CoQ-PP_26-132,reissue — 12-month retest,18.09.2026,10.2,Aflatoxins ∑,ND,220-25-М/26,11.09.2026,Farmahem,,covered
P060112,PUM102501,Pure Michigen,CoQ-PP_26-047,release,06.06.2026,10.3,Ochratoxin A,not tested,—,—,—,,not tested — no certificate covers it
P060112,PUM102501,Pure Michigen,CoQ-PP_26-132,reissue — 12-month retest,18.09.2026,10.3,Ochratoxin A,ND,220-25-М/26,11.09.2026,Farmahem,,covered
P060112,PUM102501,Pure Michigen,CoQ-PP_26-047,release,06.06.2026,11.1,Lead (Pb),0.078,327/2026,11.02.2026,IPH — Institute of Public Health,,covered
P060112,PUM102501,Pure Michigen,CoQ-PP_26-132,reissue — 12-month retest,18.09.2026,11.1,Lead (Pb),0.078,327/2026,11.02.2026,IPH — Institute of Public Health,,covered
P060112,PUM102501,Pure Michigen,CoQ-PP_26-047,release,06.06.2026,11.2,Cadmium (Cd),ND,327/2026,11.02.2026,IPH — Institute of Public Health,,covered
P060112,PUM102501,Pure Michigen,CoQ-PP_26-132,reissue — 12-month retest,18.09.2026,11.2,Cadmium (Cd),ND,327/2026,11.02.2026,IPH — Institute of Public Health,,covered
P060112,PUM102501,Pure Michigen,CoQ-PP_26-047,release,06.06.2026,11.3,Arsenic (As),0.0187,327/2026,11.02.2026,IPH — Institute of Public Health,,covered
P060112,PUM102501,Pure Michigen,CoQ-PP_26-132,reissue — 12-month retest,18.09.2026,11.3,Arsenic (As),0.0187,327/2026,11.02.2026,IPH — Institute of Public Health,,covered
P060112,PUM102501,Pure Michigen,CoQ-PP_26-047,release,06.06.2026,11.4,Mercury (Hg),ND,327/2026,11.02.2026,IPH — Institute of Public Health,,covered
P060112,PUM102501,Pure Michigen,CoQ-PP_26-132,reissue — 12-month retest,18.09.2026,11.4,Mercury (Hg),ND,327/2026,11.02.2026,IPH — Institute of Public Health,,covered
P060112,PUM102501,Pure Michigen,CoQ-PP_26-047,release,06.06.2026,12,Pesticide Residues,ND mg/kg — all 25 residues,327/2026,11.02.2026,IJZ,,covered
P060112,PUM102501,Pure Michigen,CoQ-PP_26-132,reissue — 12-month retest,18.09.2026,12,Pesticide Residues,ND mg/kg — all 25 residues,327/2026,11.02.2026,IJZ,,carried from the initial testing (CoQ-PP-2026-0009) — covered
P060122,ACC102501,Amnesia Core Cut,CoQ-PP_26-048,release,06.06.2026,1,"Identification A, Appearance · Macroscopic",Conforms | Одговара,iCoA-PP_26-046,03.06.2026,Purely Plant GmbH (in-house),yes,to be performed — see route
P060122,ACC102501,Amnesia Core Cut,CoQ-PP_26-106,reissue — 12-month retest,18.09.2026,1,"Identification A, Appearance · Macroscopic",Conforms | Одговара,iCoA-PP_26-121,17.08.2026,Purely Plant GmbH (in-house),yes,to be performed — see route
P060122,ACC102501,Amnesia Core Cut,CoQ-PP_26-048,release,06.06.2026,2,Identification B · Microscopic,Conforms | Одговара,iCoA-PP_26-046,03.06.2026,Purely Plant GmbH (in-house),yes,to be performed — see route
P060122,ACC102501,Amnesia Core Cut,CoQ-PP_26-106,reissue — 12-month retest,18.09.2026,2,Identification B · Microscopic,Conforms | Одговара,iCoA-PP_26-121,17.08.2026,Purely Plant GmbH (in-house),yes,to be performed — see route
P060122,ACC102501,Amnesia Core Cut,CoQ-PP_26-048,release,06.06.2026,3,Identification C · HPLC/HPTLC,identity by the HPLC cannabinoid profile on this certificate,031-5-К/26,10.02.2026,FHM,,covered
P060122,ACC102501,Amnesia Core Cut,CoQ-PP_26-106,reissue — 12-month retest,18.09.2026,3,Identification C · HPLC/HPTLC,Conforms | Одговара,220-1-К/26,25.08.2026,Farmahem,,covered
P060122,ACC102501,Amnesia Core Cut,CoQ-PP_26-048,release,06.06.2026,4,Assay — Total Δ⁹-THC,not tested,—,—,—,,not tested — no certificate covers it
P060122,ACC102501,Amnesia Core Cut,CoQ-PP_26-106,reissue — 12-month retest,18.09.2026,4,Assay — Total Δ⁹-THC,12.09,220-1-К/26,25.08.2026,Farmahem,,covered
P060122,ACC102501,Amnesia Core Cut,CoQ-PP_26-048,release,06.06.2026,5,Assay — Total CBD,not tested,—,—,—,,not tested — no certificate covers it
P060122,ACC102501,Amnesia Core Cut,CoQ-PP_26-106,reissue — 12-month retest,18.09.2026,5,Assay — Total CBD,< LOQ,220-1-К/26,25.08.2026,Farmahem,,covered
P060122,ACC102501,Amnesia Core Cut,CoQ-PP_26-048,release,06.06.2026,6,Total CBN,not tested,—,—,—,,not tested — no certificate covers it
P060122,ACC102501,Amnesia Core Cut,CoQ-PP_26-106,reissue — 12-month retest,18.09.2026,6,Total CBN,< LOQ,220-1-К/26,25.08.2026,Farmahem,,covered
P060122,ACC102501,Amnesia Core Cut,CoQ-PP_26-048,release,06.06.2026,7,Foreign Matter,Conforms | Одговара,iCoA-PP_26-046,03.06.2026,Purely Plant GmbH (in-house),yes,to be performed — see route
P060122,ACC102501,Amnesia Core Cut,CoQ-PP_26-106,reissue — 12-month retest,18.09.2026,7,Foreign Matter,Conforms | Одговара,iCoA-PP_26-121,17.08.2026,Purely Plant GmbH (in-house),yes,to be performed — see route
P060122,ACC102501,Amnesia Core Cut,CoQ-PP_26-048,release,06.06.2026,8,Loss on Drying,"7,1 %",031-5-ГС/26,12.02.2026,FHM,,covered
P060122,ACC102501,Amnesia Core Cut,CoQ-PP_26-106,reissue — 12-month retest,18.09.2026,8,Loss on Drying,"7,1 %",031-5-ГС/26,12.02.2026,FHM,,carried from the initial testing (CoQ-PP-2026-0010) — covered
P060122,ACC102501,Amnesia Core Cut,CoQ-PP_26-048,release,06.06.2026,9.1,TAMC,1 × 10³,77/0120/26,09.02.2026,IPH — Institute of Public Health,,covered
P060122,ACC102501,Amnesia Core Cut,CoQ-PP_26-106,reissue — 12-month retest,18.09.2026,9.1,TAMC,1 × 10³,77/0120/26,09.02.2026,IPH — Institute of Public Health,,covered
P060122,ACC102501,Amnesia Core Cut,CoQ-PP_26-048,release,06.06.2026,9.2,TYMC,1.6 × 10³,77/0120/26,09.02.2026,IPH — Institute of Public Health,,covered
P060122,ACC102501,Amnesia Core Cut,CoQ-PP_26-106,reissue — 12-month retest,18.09.2026,9.2,TYMC,1.6 × 10³,77/0120/26,09.02.2026,IPH — Institute of Public Health,,covered
P060122,ACC102501,Amnesia Core Cut,CoQ-PP_26-048,release,06.06.2026,9.3,Bile-tolerant gram-neg.,< 10,77/0120/26,09.02.2026,IPH — Institute of Public Health,,covered
P060122,ACC102501,Amnesia Core Cut,CoQ-PP_26-106,reissue — 12-month retest,18.09.2026,9.3,Bile-tolerant gram-neg.,< 10,77/0120/26,09.02.2026,IPH — Institute of Public Health,,covered
P060122,ACC102501,Amnesia Core Cut,CoQ-PP_26-048,release,06.06.2026,9.4,Salmonella,Absent | Отсутна,77/0120/26,09.02.2026,IPH — Institute of Public Health,,covered
P060122,ACC102501,Amnesia Core Cut,CoQ-PP_26-106,reissue — 12-month retest,18.09.2026,9.4,Salmonella,Absent | Отсутна,77/0120/26,09.02.2026,IPH — Institute of Public Health,,covered
P060122,ACC102501,Amnesia Core Cut,CoQ-PP_26-048,release,06.06.2026,9.5,Escherichia coli,Absent | Отсутна,77/0120/26,09.02.2026,IPH — Institute of Public Health,,covered
P060122,ACC102501,Amnesia Core Cut,CoQ-PP_26-106,reissue — 12-month retest,18.09.2026,9.5,Escherichia coli,Absent | Отсутна,77/0120/26,09.02.2026,IPH — Institute of Public Health,,covered
P060122,ACC102501,Amnesia Core Cut,CoQ-PP_26-048,release,06.06.2026,9.6,Pseudomonas aeruginosa,upon request — not required for release,—,—,—,,upon request — not required for release
P060122,ACC102501,Amnesia Core Cut,CoQ-PP_26-106,reissue — 12-month retest,18.09.2026,9.6,Pseudomonas aeruginosa,upon request — not required for release,—,—,—,,upon request — not required for release
P060122,ACC102501,Amnesia Core Cut,CoQ-PP_26-048,release,06.06.2026,9.7,Staphylococcus aureus,upon request — not required for release,—,—,—,,upon request — not required for release
P060122,ACC102501,Amnesia Core Cut,CoQ-PP_26-106,reissue — 12-month retest,18.09.2026,9.7,Staphylococcus aureus,upon request — not required for release,—,—,—,,upon request — not required for release
P060122,ACC102501,Amnesia Core Cut,CoQ-PP_26-048,release,06.06.2026,10.1,Aflatoxin B₁,not tested,—,—,—,,not tested — no certificate covers it
P060122,ACC102501,Amnesia Core Cut,CoQ-PP_26-106,reissue — 12-month retest,18.09.2026,10.1,Aflatoxin B₁,ND,220-1-М/26,11.09.2026,Farmahem,,covered
P060122,ACC102501,Amnesia Core Cut,CoQ-PP_26-048,release,06.06.2026,10.2,Aflatoxins ∑,2.3,326/2026,11.02.2026,IPH — Institute of Public Health,,covered
P060122,ACC102501,Amnesia Core Cut,CoQ-PP_26-106,reissue — 12-month retest,18.09.2026,10.2,Aflatoxins ∑,ND,220-1-М/26,11.09.2026,Farmahem,,covered
P060122,ACC102501,Amnesia Core Cut,CoQ-PP_26-048,release,06.06.2026,10.3,Ochratoxin A,not tested,—,—,—,,not tested — no certificate covers it
P060122,ACC102501,Amnesia Core Cut,CoQ-PP_26-106,reissue — 12-month retest,18.09.2026,10.3,Ochratoxin A,ND,220-1-М/26,11.09.2026,Farmahem,,covered
P060122,ACC102501,Amnesia Core Cut,CoQ-PP_26-048,release,06.06.2026,11.1,Lead (Pb),0.078,326/2026,11.02.2026,IPH — Institute of Public Health,,covered
P060122,ACC102501,Amnesia Core Cut,CoQ-PP_26-106,reissue — 12-month retest,18.09.2026,11.1,Lead (Pb),0.078,326/2026,11.02.2026,IPH — Institute of Public Health,,covered
P060122,ACC102501,Amnesia Core Cut,CoQ-PP_26-048,release,06.06.2026,11.2,Cadmium (Cd),ND,326/2026,11.02.2026,IPH — Institute of Public Health,,covered
P060122,ACC102501,Amnesia Core Cut,CoQ-PP_26-106,reissue — 12-month retest,18.09.2026,11.2,Cadmium (Cd),ND,326/2026,11.02.2026,IPH — Institute of Public Health,,covered
P060122,ACC102501,Amnesia Core Cut,CoQ-PP_26-048,release,06.06.2026,11.3,Arsenic (As),0.022,326/2026,11.02.2026,IPH — Institute of Public Health,,covered
P060122,ACC102501,Amnesia Core Cut,CoQ-PP_26-106,reissue — 12-month retest,18.09.2026,11.3,Arsenic (As),0.022,326/2026,11.02.2026,IPH — Institute of Public Health,,covered
P060122,ACC102501,Amnesia Core Cut,CoQ-PP_26-048,release,06.06.2026,11.4,Mercury (Hg),ND,326/2026,11.02.2026,IPH — Institute of Public Health,,covered
P060122,ACC102501,Amnesia Core Cut,CoQ-PP_26-106,reissue — 12-month retest,18.09.2026,11.4,Mercury (Hg),ND,326/2026,11.02.2026,IPH — Institute of Public Health,,covered
P060122,ACC102501,Amnesia Core Cut,CoQ-PP_26-048,release,06.06.2026,12,Pesticide Residues,ND mg/kg — all 25 residues,326/2026,11.02.2026,IJZ,,covered
P060122,ACC102501,Amnesia Core Cut,CoQ-PP_26-106,reissue — 12-month retest,18.09.2026,12,Pesticide Residues,ND mg/kg — all 25 residues,326/2026,11.02.2026,IJZ,,carried from the initial testing (CoQ-PP-2026-0010) — covered
P060132,CF102501,Chem Flyer,CoQ-PP_26-049,release,06.06.2026,1,"Identification A, Appearance · Macroscopic",Conforms | Одговара,iCoA-PP_26-047,03.06.2026,Purely Plant GmbH (in-house),yes,to be performed — see route
P060132,CF102501,Chem Flyer,CoQ-PP_26-109,reissue — 12-month retest,18.09.2026,1,"Identification A, Appearance · Macroscopic",Conforms | Одговара,iCoA-PP_26-123,17.08.2026,Purely Plant GmbH (in-house),yes,to be performed — see route
P060132,CF102501,Chem Flyer,CoQ-PP_26-049,release,06.06.2026,2,Identification B · Microscopic,Conforms | Одговара,iCoA-PP_26-047,03.06.2026,Purely Plant GmbH (in-house),yes,to be performed — see route
P060132,CF102501,Chem Flyer,CoQ-PP_26-109,reissue — 12-month retest,18.09.2026,2,Identification B · Microscopic,Conforms | Одговара,iCoA-PP_26-123,17.08.2026,Purely Plant GmbH (in-house),yes,to be performed — see route
P060132,CF102501,Chem Flyer,CoQ-PP_26-049,release,06.06.2026,3,Identification C · HPLC/HPTLC,identity by the HPLC cannabinoid profile on this certificate,031-4-К/26,10.02.2026,FHM,,covered
P060132,CF102501,Chem Flyer,CoQ-PP_26-109,reissue — 12-month retest,18.09.2026,3,Identification C · HPLC/HPTLC,Conforms | Одговара,220-6-К/26,25.08.2026,Farmahem,,covered
P060132,CF102501,Chem Flyer,CoQ-PP_26-049,release,06.06.2026,4,Assay — Total Δ⁹-THC,not tested,—,—,—,,not tested — no certificate covers it
P060132,CF102501,Chem Flyer,CoQ-PP_26-109,reissue — 12-month retest,18.09.2026,4,Assay — Total Δ⁹-THC,9.55,220-6-К/26,25.08.2026,Farmahem,,covered
P060132,CF102501,Chem Flyer,CoQ-PP_26-049,release,06.06.2026,5,Assay — Total CBD,not tested,—,—,—,,not tested — no certificate covers it
P060132,CF102501,Chem Flyer,CoQ-PP_26-109,reissue — 12-month retest,18.09.2026,5,Assay — Total CBD,< LOQ,220-6-К/26,25.08.2026,Farmahem,,covered
P060132,CF102501,Chem Flyer,CoQ-PP_26-049,release,06.06.2026,6,Total CBN,not tested,—,—,—,,not tested — no certificate covers it
P060132,CF102501,Chem Flyer,CoQ-PP_26-109,reissue — 12-month retest,18.09.2026,6,Total CBN,< LOQ,220-6-К/26,25.08.2026,Farmahem,,covered
P060132,CF102501,Chem Flyer,CoQ-PP_26-049,release,06.06.2026,7,Foreign Matter,Conforms | Одговара,iCoA-PP_26-047,03.06.2026,Purely Plant GmbH (in-house),yes,to be performed — see route
P060132,CF102501,Chem Flyer,CoQ-PP_26-109,reissue — 12-month retest,18.09.2026,7,Foreign Matter,Conforms | Одговара,iCoA-PP_26-123,17.08.2026,Purely Plant GmbH (in-house),yes,to be performed — see route
P060132,CF102501,Chem Flyer,CoQ-PP_26-049,release,06.06.2026,8,Loss on Drying,"5,6 %",031-4-ГС/26,12.02.2026,FHM,,covered
P060132,CF102501,Chem Flyer,CoQ-PP_26-109,reissue — 12-month retest,18.09.2026,8,Loss on Drying,"5,6 %",031-4-ГС/26,12.02.2026,FHM,,carried from the initial testing (CoQ-PP-2026-0011) — covered
P060132,CF102501,Chem Flyer,CoQ-PP_26-049,release,06.06.2026,9.1,TAMC,3.1 × 10⁴,73/0116/26,09.02.2026,IPH — Institute of Public Health,,covered
P060132,CF102501,Chem Flyer,CoQ-PP_26-109,reissue — 12-month retest,18.09.2026,9.1,TAMC,3.1 × 10⁴,73/0116/26,09.02.2026,IPH — Institute of Public Health,,covered
P060132,CF102501,Chem Flyer,CoQ-PP_26-049,release,06.06.2026,9.2,TYMC,3.9 × 10⁴,73/0116/26,09.02.2026,IPH — Institute of Public Health,,OUT OF SPECIFICATION — covered
P060132,CF102501,Chem Flyer,CoQ-PP_26-109,reissue — 12-month retest,18.09.2026,9.2,TYMC,3.9 × 10⁴,73/0116/26,09.02.2026,IPH — Institute of Public Health,,OUT OF SPECIFICATION — covered
P060132,CF102501,Chem Flyer,CoQ-PP_26-049,release,06.06.2026,9.3,Bile-tolerant gram-neg.,< 10³ and > 10²,73/0116/26,09.02.2026,IPH — Institute of Public Health,,covered
P060132,CF102501,Chem Flyer,CoQ-PP_26-109,reissue — 12-month retest,18.09.2026,9.3,Bile-tolerant gram-neg.,< 10³ and > 10²,73/0116/26,09.02.2026,IPH — Institute of Public Health,,covered
P060132,CF102501,Chem Flyer,CoQ-PP_26-049,release,06.06.2026,9.4,Salmonella,Absent | Отсутна,73/0116/26,09.02.2026,IPH — Institute of Public Health,,covered
P060132,CF102501,Chem Flyer,CoQ-PP_26-109,reissue — 12-month retest,18.09.2026,9.4,Salmonella,Absent | Отсутна,73/0116/26,09.02.2026,IPH — Institute of Public Health,,covered
P060132,CF102501,Chem Flyer,CoQ-PP_26-049,release,06.06.2026,9.5,Escherichia coli,Absent | Отсутна,73/0116/26,09.02.2026,IPH — Institute of Public Health,,covered
P060132,CF102501,Chem Flyer,CoQ-PP_26-109,reissue — 12-month retest,18.09.2026,9.5,Escherichia coli,Absent | Отсутна,73/0116/26,09.02.2026,IPH — Institute of Public Health,,covered
P060132,CF102501,Chem Flyer,CoQ-PP_26-049,release,06.06.2026,9.6,Pseudomonas aeruginosa,upon request — not required for release,—,—,—,,upon request — not required for release
P060132,CF102501,Chem Flyer,CoQ-PP_26-109,reissue — 12-month retest,18.09.2026,9.6,Pseudomonas aeruginosa,upon request — not required for release,—,—,—,,upon request — not required for release
P060132,CF102501,Chem Flyer,CoQ-PP_26-049,release,06.06.2026,9.7,Staphylococcus aureus,upon request — not required for release,—,—,—,,upon request — not required for release
P060132,CF102501,Chem Flyer,CoQ-PP_26-109,reissue — 12-month retest,18.09.2026,9.7,Staphylococcus aureus,upon request — not required for release,—,—,—,,upon request — not required for release
P060132,CF102501,Chem Flyer,CoQ-PP_26-049,release,06.06.2026,10.1,Aflatoxin B₁,not tested,—,—,—,,not tested — no certificate covers it
P060132,CF102501,Chem Flyer,CoQ-PP_26-109,reissue — 12-month retest,18.09.2026,10.1,Aflatoxin B₁,ND,220-6-М/26,11.09.2026,Farmahem,,covered
P060132,CF102501,Chem Flyer,CoQ-PP_26-049,release,06.06.2026,10.2,Aflatoxins ∑,2.1,330/2026,11.02.2026,IPH — Institute of Public Health,,covered
P060132,CF102501,Chem Flyer,CoQ-PP_26-109,reissue — 12-month retest,18.09.2026,10.2,Aflatoxins ∑,ND,220-6-М/26,11.09.2026,Farmahem,,covered
P060132,CF102501,Chem Flyer,CoQ-PP_26-049,release,06.06.2026,10.3,Ochratoxin A,not tested,—,—,—,,not tested — no certificate covers it
P060132,CF102501,Chem Flyer,CoQ-PP_26-109,reissue — 12-month retest,18.09.2026,10.3,Ochratoxin A,ND,220-6-М/26,11.09.2026,Farmahem,,covered
P060132,CF102501,Chem Flyer,CoQ-PP_26-049,release,06.06.2026,11.1,Lead (Pb),0.07,330/2026,11.02.2026,IPH — Institute of Public Health,,covered
P060132,CF102501,Chem Flyer,CoQ-PP_26-109,reissue — 12-month retest,18.09.2026,11.1,Lead (Pb),0.07,330/2026,11.02.2026,IPH — Institute of Public Health,,covered
P060132,CF102501,Chem Flyer,CoQ-PP_26-049,release,06.06.2026,11.2,Cadmium (Cd),ND,330/2026,11.02.2026,IPH — Institute of Public Health,,covered
P060132,CF102501,Chem Flyer,CoQ-PP_26-109,reissue — 12-month retest,18.09.2026,11.2,Cadmium (Cd),ND,330/2026,11.02.2026,IPH — Institute of Public Health,,covered
P060132,CF102501,Chem Flyer,CoQ-PP_26-049,release,06.06.2026,11.3,Arsenic (As),0.0942,330/2026,11.02.2026,IPH — Institute of Public Health,,covered
P060132,CF102501,Chem Flyer,CoQ-PP_26-109,reissue — 12-month retest,18.09.2026,11.3,Arsenic (As),0.0942,330/2026,11.02.2026,IPH — Institute of Public Health,,covered
P060132,CF102501,Chem Flyer,CoQ-PP_26-049,release,06.06.2026,11.4,Mercury (Hg),ND,330/2026,11.02.2026,IPH — Institute of Public Health,,covered
P060132,CF102501,Chem Flyer,CoQ-PP_26-109,reissue — 12-month retest,18.09.2026,11.4,Mercury (Hg),ND,330/2026,11.02.2026,IPH — Institute of Public Health,,covered
P060132,CF102501,Chem Flyer,CoQ-PP_26-049,release,06.06.2026,12,Pesticide Residues,ND mg/kg — all 25 residues,330/2026,11.02.2026,IJZ,,covered
P060132,CF102501,Chem Flyer,CoQ-PP_26-109,reissue — 12-month retest,18.09.2026,12,Pesticide Residues,ND mg/kg — all 25 residues,330/2026,11.02.2026,IJZ,,carried from the initial testing (CoQ-PP-2026-0011) — covered
P060142,GRC102501/1,Graps & Creme,CoQ-PP_26-050,release,06.06.2026,1,"Identification A, Appearance · Macroscopic",Conforms | Одговара,iCoA-PP_26-048,03.06.2026,Purely Plant GmbH (in-house),yes,to be performed — see route
P060142,GRC102501/1,Graps & Creme,CoQ-PP_26-152,reissue — 12-month retest,21.09.2026,1,"Identification A, Appearance · Macroscopic",Conforms | Одговара,iCoA-PP_26-167,24.08.2026,Purely Plant GmbH (in-house),yes,to be performed — see route
P060142,GRC102501/1,Graps & Creme,CoQ-PP_26-050,release,06.06.2026,2,Identification B · Microscopic,Conforms | Одговара,iCoA-PP_26-048,03.06.2026,Purely Plant GmbH (in-house),yes,to be performed — see route
P060142,GRC102501/1,Graps & Creme,CoQ-PP_26-152,reissue — 12-month retest,21.09.2026,2,Identification B · Microscopic,Conforms | Одговара,iCoA-PP_26-167,24.08.2026,Purely Plant GmbH (in-house),yes,to be performed — see route
P060142,GRC102501/1,Graps & Creme,CoQ-PP_26-050,release,06.06.2026,3,Identification C · HPLC/HPTLC,to be performed (in house),—,—,—,,to be performed — see route
P060142,GRC102501/1,Graps & Creme,CoQ-PP_26-152,reissue — 12-month retest,21.09.2026,3,Identification C · HPLC/HPTLC,Conforms | Одговара,227-16-К/26,11.09.2026,Farmahem,,covered
P060142,GRC102501/1,Graps & Creme,CoQ-PP_26-050,release,06.06.2026,4,Assay — Total Δ⁹-THC,not tested,—,—,—,,not tested — no certificate covers it
P060142,GRC102501/1,Graps & Creme,CoQ-PP_26-152,reissue — 12-month retest,21.09.2026,4,Assay — Total Δ⁹-THC,7.50,227-16-К/26,11.09.2026,Farmahem,,covered
P060142,GRC102501/1,Graps & Creme,CoQ-PP_26-050,release,06.06.2026,5,Assay — Total CBD,not tested,—,—,—,,not tested — no certificate covers it
P060142,GRC102501/1,Graps & Creme,CoQ-PP_26-152,reissue — 12-month retest,21.09.2026,5,Assay — Total CBD,< LOQ,227-16-К/26,11.09.2026,Farmahem,,covered
P060142,GRC102501/1,Graps & Creme,CoQ-PP_26-050,release,06.06.2026,6,Total CBN,not tested,—,—,—,,not tested — no certificate covers it
P060142,GRC102501/1,Graps & Creme,CoQ-PP_26-152,reissue — 12-month retest,21.09.2026,6,Total CBN,< LOQ,227-16-К/26,11.09.2026,Farmahem,,covered
P060142,GRC102501/1,Graps & Creme,CoQ-PP_26-050,release,06.06.2026,7,Foreign Matter,Conforms | Одговара,iCoA-PP_26-048,03.06.2026,Purely Plant GmbH (in-house),yes,to be performed — see route
P060142,GRC102501/1,Graps & Creme,CoQ-PP_26-152,reissue — 12-month retest,21.09.2026,7,Foreign Matter,Conforms | Одговара,iCoA-PP_26-167,24.08.2026,Purely Plant GmbH (in-house),yes,to be performed — see route
P060142,GRC102501/1,Graps & Creme,CoQ-PP_26-050,release,06.06.2026,8,Loss on Drying,not tested,—,—,—,,not tested — no certificate covers it
P060142,GRC102501/1,Graps & Creme,CoQ-PP_26-152,reissue — 12-month retest,21.09.2026,8,Loss on Drying,carried from the initial testing — not tested,—,—,—,,carried from the initial testing (the batch's initial CoQ (number assigned on issue)) — not tested — no certificate covers it
P060142,GRC102501/1,Graps & Creme,CoQ-PP_26-050,release,06.06.2026,9.1,TAMC,not tested,—,—,—,,not tested — no certificate covers it
P060142,GRC102501/1,Graps & Creme,CoQ-PP_26-152,reissue — 12-month retest,21.09.2026,9.1,TAMC,10,550/1081/26,01.09.2026,IPH — Institute of Public Health,,covered
P060142,GRC102501/1,Graps & Creme,CoQ-PP_26-050,release,06.06.2026,9.2,TYMC,not tested,—,—,—,,not tested — no certificate covers it
P060142,GRC102501/1,Graps & Creme,CoQ-PP_26-152,reissue — 12-month retest,21.09.2026,9.2,TYMC,< 10,550/1081/26,01.09.2026,IPH — Institute of Public Health,,covered
P060142,GRC102501/1,Graps & Creme,CoQ-PP_26-050,release,06.06.2026,9.3,Bile-tolerant gram-neg.,not tested,—,—,—,,not tested — no certificate covers it
P060142,GRC102501/1,Graps & Creme,CoQ-PP_26-152,reissue — 12-month retest,21.09.2026,9.3,Bile-tolerant gram-neg.,< 10,550/1081/26,01.09.2026,IPH — Institute of Public Health,,covered
P060142,GRC102501/1,Graps & Creme,CoQ-PP_26-050,release,06.06.2026,9.4,Salmonella,not tested,—,—,—,,not tested — no certificate covers it
P060142,GRC102501/1,Graps & Creme,CoQ-PP_26-152,reissue — 12-month retest,21.09.2026,9.4,Salmonella,Absent | Отсутна,550/1081/26,01.09.2026,IPH — Institute of Public Health,,covered
P060142,GRC102501/1,Graps & Creme,CoQ-PP_26-050,release,06.06.2026,9.5,Escherichia coli,not tested,—,—,—,,not tested — no certificate covers it
P060142,GRC102501/1,Graps & Creme,CoQ-PP_26-152,reissue — 12-month retest,21.09.2026,9.5,Escherichia coli,Absent | Отсутна,550/1081/26,01.09.2026,IPH — Institute of Public Health,,covered
P060142,GRC102501/1,Graps & Creme,CoQ-PP_26-050,release,06.06.2026,9.6,Pseudomonas aeruginosa,upon request — not required for release,—,—,—,,upon request — not required for release
P060142,GRC102501/1,Graps & Creme,CoQ-PP_26-152,reissue — 12-month retest,21.09.2026,9.6,Pseudomonas aeruginosa,upon request — not required for release,—,—,—,,upon request — not required for release
P060142,GRC102501/1,Graps & Creme,CoQ-PP_26-050,release,06.06.2026,9.7,Staphylococcus aureus,upon request — not required for release,—,—,—,,upon request — not required for release
P060142,GRC102501/1,Graps & Creme,CoQ-PP_26-152,reissue — 12-month retest,21.09.2026,9.7,Staphylococcus aureus,upon request — not required for release,—,—,—,,upon request — not required for release
P060142,GRC102501/1,Graps & Creme,CoQ-PP_26-050,release,06.06.2026,10.1,Aflatoxin B₁,not tested,—,—,—,,not tested — no certificate covers it
P060142,GRC102501/1,Graps & Creme,CoQ-PP_26-152,reissue — 12-month retest,21.09.2026,10.1,Aflatoxin B₁,ND,227-16-М/26,16.09.2026,Farmahem,,covered
P060142,GRC102501/1,Graps & Creme,CoQ-PP_26-050,release,06.06.2026,10.2,Aflatoxins ∑,not tested,—,—,—,,not tested — no certificate covers it
P060142,GRC102501/1,Graps & Creme,CoQ-PP_26-152,reissue — 12-month retest,21.09.2026,10.2,Aflatoxins ∑,ND,227-16-М/26,16.09.2026,Farmahem,,covered
P060142,GRC102501/1,Graps & Creme,CoQ-PP_26-050,release,06.06.2026,10.3,Ochratoxin A,not tested,—,—,—,,not tested — no certificate covers it
P060142,GRC102501/1,Graps & Creme,CoQ-PP_26-152,reissue — 12-month retest,21.09.2026,10.3,Ochratoxin A,ND,227-16-М/26,16.09.2026,Farmahem,,covered
P060142,GRC102501/1,Graps & Creme,CoQ-PP_26-050,release,06.06.2026,11.1,Lead (Pb),not tested,—,—,—,,not tested — no certificate covers it
P060142,GRC102501/1,Graps & Creme,CoQ-PP_26-152,reissue — 12-month retest,21.09.2026,11.1,Lead (Pb),carried from the initial testing — not tested,—,—,—,,carried from the initial testing (the batch's initial CoQ (number assigned on issue)) — not tested — no certificate covers it
P060142,GRC102501/1,Graps & Creme,CoQ-PP_26-050,release,06.06.2026,11.2,Cadmium (Cd),not tested,—,—,—,,not tested — no certificate covers it
P060142,GRC102501/1,Graps & Creme,CoQ-PP_26-152,reissue — 12-month retest,21.09.2026,11.2,Cadmium (Cd),carried from the initial testing — not tested,—,—,—,,carried from the initial testing (the batch's initial CoQ (number assigned on issue)) — not tested — no certificate covers it
P060142,GRC102501/1,Graps & Creme,CoQ-PP_26-050,release,06.06.2026,11.3,Arsenic (As),not tested,—,—,—,,not tested — no certificate covers it
P060142,GRC102501/1,Graps & Creme,CoQ-PP_26-152,reissue — 12-month retest,21.09.2026,11.3,Arsenic (As),carried from the initial testing — not tested,—,—,—,,carried from the initial testing (the batch's initial CoQ (number assigned on issue)) — not tested — no certificate covers it
P060142,GRC102501/1,Graps & Creme,CoQ-PP_26-050,release,06.06.2026,11.4,Mercury (Hg),not tested,—,—,—,,not tested — no certificate covers it
P060142,GRC102501/1,Graps & Creme,CoQ-PP_26-152,reissue — 12-month retest,21.09.2026,11.4,Mercury (Hg),carried from the initial testing — not tested,—,—,—,,carried from the initial testing (the batch's initial CoQ (number assigned on issue)) — not tested — no certificate covers it
P060142,GRC102501/1,Graps & Creme,CoQ-PP_26-050,release,06.06.2026,12,Pesticide Residues,not tested,—,—,—,,not tested — no certificate covers it
P060142,GRC102501/1,Graps & Creme,CoQ-PP_26-152,reissue — 12-month retest,21.09.2026,12,Pesticide Residues,carried from the initial testing — not tested,—,—,—,,carried from the initial testing (the batch's initial CoQ (number assigned on issue)) — not tested — no certificate covers it
P060152,J31102501,Jokerz 31,CoQ-PP_26-051,release,06.06.2026,1,"Identification A, Appearance · Macroscopic",Conforms | Одговара,iCoA-PP_26-052,03.06.2026,Purely Plant GmbH (in-house),yes,to be performed — see route
P060152,J31102501,Jokerz 31,CoQ-PP_26-099,reissue — 12-month retest,17.08.2026,1,"Identification A, Appearance · Macroscopic",Conforms | Одговара,iCoA-PP_26-112,27.07.2026,Purely Plant GmbH (in-house),yes,covered
P060152,J31102501,Jokerz 31,CoQ-PP_26-051,release,06.06.2026,2,Identification B · Microscopic,Conforms | Одговара,iCoA-PP_26-052,03.06.2026,Purely Plant GmbH (in-house),yes,to be performed — see route
P060152,J31102501,Jokerz 31,CoQ-PP_26-099,reissue — 12-month retest,17.08.2026,2,Identification B · Microscopic,Conforms | Одговара,iCoA-PP_26-112,27.07.2026,Purely Plant GmbH (in-house),yes,covered
P060152,J31102501,Jokerz 31,CoQ-PP_26-051,release,06.06.2026,3,Identification C · HPLC/HPTLC,Conforms | Одговара,051-1-К/26,04.03.2026,Farmahem,,covered
P060152,J31102501,Jokerz 31,CoQ-PP_26-099,reissue — 12-month retest,17.08.2026,3,Identification C · HPLC/HPTLC,Conforms | Одговара,197-16-К/26,07.08.2026,Farmahem,,covered
P060152,J31102501,Jokerz 31,CoQ-PP_26-051,release,06.06.2026,4,Assay — Total Δ⁹-THC,19.14,051-1-К/26,04.03.2026,Farmahem,,covered
P060152,J31102501,Jokerz 31,CoQ-PP_26-099,reissue — 12-month retest,17.08.2026,4,Assay — Total Δ⁹-THC,17.32,197-16-К/26,07.08.2026,Farmahem,,covered
P060152,J31102501,Jokerz 31,CoQ-PP_26-051,release,06.06.2026,5,Assay — Total CBD,< LOQ (<0.20),051-1-К/26,04.03.2026,Farmahem,,covered
P060152,J31102501,Jokerz 31,CoQ-PP_26-099,reissue — 12-month retest,17.08.2026,5,Assay — Total CBD,< LOQ,197-16-К/26,07.08.2026,Farmahem,,covered
P060152,J31102501,Jokerz 31,CoQ-PP_26-051,release,06.06.2026,6,Total CBN,< LOQ,051-1-К/26,04.03.2026,Farmahem,,covered
P060152,J31102501,Jokerz 31,CoQ-PP_26-099,reissue — 12-month retest,17.08.2026,6,Total CBN,< LOQ,197-16-К/26,07.08.2026,Farmahem,,covered
P060152,J31102501,Jokerz 31,CoQ-PP_26-051,release,06.06.2026,7,Foreign Matter,Conforms | Одговара,iCoA-PP_26-052,03.06.2026,Purely Plant GmbH (in-house),yes,to be performed — see route
P060152,J31102501,Jokerz 31,CoQ-PP_26-099,reissue — 12-month retest,17.08.2026,7,Foreign Matter,Conforms | Одговара,iCoA-PP_26-112,27.07.2026,Purely Plant GmbH (in-house),yes,covered
P060152,J31102501,Jokerz 31,CoQ-PP_26-051,release,06.06.2026,8,Loss on Drying,6.3,051-1-ГС/26,02.03.2026,Farmahem,,covered
P060152,J31102501,Jokerz 31,CoQ-PP_26-099,reissue — 12-month retest,17.08.2026,8,Loss on Drying,6.3,051-1-ГС/26,02.03.2026,Farmahem,,carried from the initial testing (CoQ-PP-2026-0012) — covered
P060152,J31102501,Jokerz 31,CoQ-PP_26-051,release,06.06.2026,9.1,TAMC,1.6 × 10²,133/0230/26,06.03.2026,IPH — Institute of Public Health,,covered
P060152,J31102501,Jokerz 31,CoQ-PP_26-099,reissue — 12-month retest,17.08.2026,9.1,TAMC,1.6 × 10²,133/0230/26,06.03.2026,IPH — Institute of Public Health,,covered
P060152,J31102501,Jokerz 31,CoQ-PP_26-051,release,06.06.2026,9.2,TYMC,1.9 × 10²,133/0230/26,06.03.2026,IPH — Institute of Public Health,,covered
P060152,J31102501,Jokerz 31,CoQ-PP_26-099,reissue — 12-month retest,17.08.2026,9.2,TYMC,1.9 × 10²,133/0230/26,06.03.2026,IPH — Institute of Public Health,,covered
P060152,J31102501,Jokerz 31,CoQ-PP_26-051,release,06.06.2026,9.3,Bile-tolerant gram-neg.,< 10,133/0230/26,06.03.2026,IPH — Institute of Public Health,,covered
P060152,J31102501,Jokerz 31,CoQ-PP_26-099,reissue — 12-month retest,17.08.2026,9.3,Bile-tolerant gram-neg.,< 10,133/0230/26,06.03.2026,IPH — Institute of Public Health,,covered
P060152,J31102501,Jokerz 31,CoQ-PP_26-051,release,06.06.2026,9.4,Salmonella,Absent | Отсутна,133/0230/26,06.03.2026,IPH — Institute of Public Health,,covered
P060152,J31102501,Jokerz 31,CoQ-PP_26-099,reissue — 12-month retest,17.08.2026,9.4,Salmonella,Absent | Отсутна,133/0230/26,06.03.2026,IPH — Institute of Public Health,,covered
P060152,J31102501,Jokerz 31,CoQ-PP_26-051,release,06.06.2026,9.5,Escherichia coli,Absent | Отсутна,133/0230/26,06.03.2026,IPH — Institute of Public Health,,covered
P060152,J31102501,Jokerz 31,CoQ-PP_26-099,reissue — 12-month retest,17.08.2026,9.5,Escherichia coli,Absent | Отсутна,133/0230/26,06.03.2026,IPH — Institute of Public Health,,covered
P060152,J31102501,Jokerz 31,CoQ-PP_26-051,release,06.06.2026,9.6,Pseudomonas aeruginosa,upon request — not required for release,—,—,—,,upon request — not required for release
P060152,J31102501,Jokerz 31,CoQ-PP_26-099,reissue — 12-month retest,17.08.2026,9.6,Pseudomonas aeruginosa,upon request — not required for release,—,—,—,,upon request — not required for release
P060152,J31102501,Jokerz 31,CoQ-PP_26-051,release,06.06.2026,9.7,Staphylococcus aureus,upon request — not required for release,—,—,—,,upon request — not required for release
P060152,J31102501,Jokerz 31,CoQ-PP_26-099,reissue — 12-month retest,17.08.2026,9.7,Staphylococcus aureus,upon request — not required for release,—,—,—,,upon request — not required for release
P060152,J31102501,Jokerz 31,CoQ-PP_26-051,release,06.06.2026,10.1,Aflatoxin B₁,not tested,—,—,—,,not tested — no certificate covers it
P060152,J31102501,Jokerz 31,CoQ-PP_26-099,reissue — 12-month retest,17.08.2026,10.1,Aflatoxin B₁,ND,197-16-М/26,10.08.2026,Farmahem,,covered
P060152,J31102501,Jokerz 31,CoQ-PP_26-051,release,06.06.2026,10.2,Aflatoxins ∑,< 2,1056/2026,09.03.2026,IPH — Institute of Public Health,,covered
P060152,J31102501,Jokerz 31,CoQ-PP_26-099,reissue — 12-month retest,17.08.2026,10.2,Aflatoxins ∑,ND,197-16-М/26,10.08.2026,Farmahem,,covered
P060152,J31102501,Jokerz 31,CoQ-PP_26-051,release,06.06.2026,10.3,Ochratoxin A,not tested,—,—,—,,not tested — no certificate covers it
P060152,J31102501,Jokerz 31,CoQ-PP_26-099,reissue — 12-month retest,17.08.2026,10.3,Ochratoxin A,ND,197-16-М/26,10.08.2026,Farmahem,,covered
P060152,J31102501,Jokerz 31,CoQ-PP_26-051,release,06.06.2026,11.1,Lead (Pb),0.061,1056/2026,09.03.2026,IPH — Institute of Public Health,,covered
P060152,J31102501,Jokerz 31,CoQ-PP_26-099,reissue — 12-month retest,17.08.2026,11.1,Lead (Pb),0.061,1056/2026,09.03.2026,IPH — Institute of Public Health,,covered
P060152,J31102501,Jokerz 31,CoQ-PP_26-051,release,06.06.2026,11.2,Cadmium (Cd),ND,1056/2026,09.03.2026,IPH — Institute of Public Health,,covered
P060152,J31102501,Jokerz 31,CoQ-PP_26-099,reissue — 12-month retest,17.08.2026,11.2,Cadmium (Cd),ND,1056/2026,09.03.2026,IPH — Institute of Public Health,,covered
P060152,J31102501,Jokerz 31,CoQ-PP_26-051,release,06.06.2026,11.3,Arsenic (As),ND,1056/2026,09.03.2026,IPH — Institute of Public Health,,covered
P060152,J31102501,Jokerz 31,CoQ-PP_26-099,reissue — 12-month retest,17.08.2026,11.3,Arsenic (As),ND,1056/2026,09.03.2026,IPH — Institute of Public Health,,covered
P060152,J31102501,Jokerz 31,CoQ-PP_26-051,release,06.06.2026,11.4,Mercury (Hg),ND,1056/2026,09.03.2026,IPH — Institute of Public Health,,covered
P060152,J31102501,Jokerz 31,CoQ-PP_26-099,reissue — 12-month retest,17.08.2026,11.4,Mercury (Hg),ND,1056/2026,09.03.2026,IPH — Institute of Public Health,,covered
P060152,J31102501,Jokerz 31,CoQ-PP_26-051,release,06.06.2026,12,Pesticide Residues,ND mg/kg — all 25 residues,1056/2026,09.03.2026,IJZ,,covered
P060152,J31102501,Jokerz 31,CoQ-PP_26-099,reissue — 12-month retest,17.08.2026,12,Pesticide Residues,ND mg/kg — all 25 residues,1056/2026,09.03.2026,IJZ,,carried from the initial testing (CoQ-PP-2026-0012) — covered
SJ102501,SJ102501,Sleepy Joy,CoQ-PP_26-052,release,06.06.2026,1,"Identification A, Appearance · Macroscopic",Conforms | Одговара,iCoA-PP_26-053,03.06.2026,Purely Plant GmbH (in-house),yes,to be performed — see route
SJ102501,SJ102501,Sleepy Joy,CoQ-PP_26-162,reissue — 12-month retest,21.09.2026,1,"Identification A, Appearance · Macroscopic",Conforms | Одговара,iCoA-PP_26-159,24.08.2026,Purely Plant GmbH (in-house),yes,to be performed — see route
SJ102501,SJ102501,Sleepy Joy,CoQ-PP_26-052,release,06.06.2026,2,Identification B · Microscopic,Conforms | Одговара,iCoA-PP_26-053,03.06.2026,Purely Plant GmbH (in-house),yes,to be performed — see route
SJ102501,SJ102501,Sleepy Joy,CoQ-PP_26-162,reissue — 12-month retest,21.09.2026,2,Identification B · Microscopic,Conforms | Одговара,iCoA-PP_26-159,24.08.2026,Purely Plant GmbH (in-house),yes,to be performed — see route
SJ102501,SJ102501,Sleepy Joy,CoQ-PP_26-052,release,06.06.2026,3,Identification C · HPLC/HPTLC,Conforms | Одговара,051-3-К/26,04.03.2026,Farmahem,,covered
SJ102501,SJ102501,Sleepy Joy,CoQ-PP_26-162,reissue — 12-month retest,21.09.2026,3,Identification C · HPLC/HPTLC,Conforms | Одговара,227-6-К/26,11.09.2026,Farmahem,,covered
SJ102501,SJ102501,Sleepy Joy,CoQ-PP_26-052,release,06.06.2026,4,Assay — Total Δ⁹-THC,11.20,051-3-К/26,04.03.2026,Farmahem,,covered
SJ102501,SJ102501,Sleepy Joy,CoQ-PP_26-162,reissue — 12-month retest,21.09.2026,4,Assay — Total Δ⁹-THC,10.61,227-6-К/26,11.09.2026,Farmahem,,covered
SJ102501,SJ102501,Sleepy Joy,CoQ-PP_26-052,release,06.06.2026,5,Assay — Total CBD,< LOQ (<0.20),051-3-К/26,04.03.2026,Farmahem,,covered
SJ102501,SJ102501,Sleepy Joy,CoQ-PP_26-162,reissue — 12-month retest,21.09.2026,5,Assay — Total CBD,< LOQ,227-6-К/26,11.09.2026,Farmahem,,covered
SJ102501,SJ102501,Sleepy Joy,CoQ-PP_26-052,release,06.06.2026,6,Total CBN,< LOQ,051-3-К/26,04.03.2026,Farmahem,,covered
SJ102501,SJ102501,Sleepy Joy,CoQ-PP_26-162,reissue — 12-month retest,21.09.2026,6,Total CBN,< LOQ,227-6-К/26,11.09.2026,Farmahem,,covered
SJ102501,SJ102501,Sleepy Joy,CoQ-PP_26-052,release,06.06.2026,7,Foreign Matter,Conforms | Одговара,iCoA-PP_26-053,03.06.2026,Purely Plant GmbH (in-house),yes,to be performed — see route
SJ102501,SJ102501,Sleepy Joy,CoQ-PP_26-162,reissue — 12-month retest,21.09.2026,7,Foreign Matter,Conforms | Одговара,iCoA-PP_26-159,24.08.2026,Purely Plant GmbH (in-house),yes,to be performed — see route
SJ102501,SJ102501,Sleepy Joy,CoQ-PP_26-052,release,06.06.2026,8,Loss on Drying,7.8,051-3-ГС/26,02.03.2026,Farmahem,,covered
SJ102501,SJ102501,Sleepy Joy,CoQ-PP_26-162,reissue — 12-month retest,21.09.2026,8,Loss on Drying,7.8,051-3-ГС/26,02.03.2026,Farmahem,,carried from the initial testing (the batch's initial CoQ (number assigned on issue)) — covered
SJ102501,SJ102501,Sleepy Joy,CoQ-PP_26-052,release,06.06.2026,9.1,TAMC,not tested,—,—,—,,not tested — no certificate covers it
SJ102501,SJ102501,Sleepy Joy,CoQ-PP_26-162,reissue — 12-month retest,21.09.2026,9.1,TAMC,"5,2 × 10²",549/1080/26,31.08.2026,IPH — Institute of Public Health,,covered
SJ102501,SJ102501,Sleepy Joy,CoQ-PP_26-052,release,06.06.2026,9.2,TYMC,not tested,—,—,—,,not tested — no certificate covers it
SJ102501,SJ102501,Sleepy Joy,CoQ-PP_26-162,reissue — 12-month retest,21.09.2026,9.2,TYMC,"4,3 × 10²",549/1080/26,31.08.2026,IPH — Institute of Public Health,,covered
SJ102501,SJ102501,Sleepy Joy,CoQ-PP_26-052,release,06.06.2026,9.3,Bile-tolerant gram-neg.,not tested,—,—,—,,not tested — no certificate covers it
SJ102501,SJ102501,Sleepy Joy,CoQ-PP_26-162,reissue — 12-month retest,21.09.2026,9.3,Bile-tolerant gram-neg.,< 10,549/1080/26,31.08.2026,IPH — Institute of Public Health,,covered
SJ102501,SJ102501,Sleepy Joy,CoQ-PP_26-052,release,06.06.2026,9.4,Salmonella,not tested,—,—,—,,not tested — no certificate covers it
SJ102501,SJ102501,Sleepy Joy,CoQ-PP_26-162,reissue — 12-month retest,21.09.2026,9.4,Salmonella,Absent | Отсутна,549/1080/26,31.08.2026,IPH — Institute of Public Health,,covered
SJ102501,SJ102501,Sleepy Joy,CoQ-PP_26-052,release,06.06.2026,9.5,Escherichia coli,not tested,—,—,—,,not tested — no certificate covers it
SJ102501,SJ102501,Sleepy Joy,CoQ-PP_26-162,reissue — 12-month retest,21.09.2026,9.5,Escherichia coli,Absent | Отсутна,549/1080/26,31.08.2026,IPH — Institute of Public Health,,covered
SJ102501,SJ102501,Sleepy Joy,CoQ-PP_26-052,release,06.06.2026,9.6,Pseudomonas aeruginosa,upon request — not required for release,—,—,—,,upon request — not required for release
SJ102501,SJ102501,Sleepy Joy,CoQ-PP_26-162,reissue — 12-month retest,21.09.2026,9.6,Pseudomonas aeruginosa,upon request — not required for release,—,—,—,,upon request — not required for release
SJ102501,SJ102501,Sleepy Joy,CoQ-PP_26-052,release,06.06.2026,9.7,Staphylococcus aureus,upon request — not required for release,—,—,—,,upon request — not required for release
SJ102501,SJ102501,Sleepy Joy,CoQ-PP_26-162,reissue — 12-month retest,21.09.2026,9.7,Staphylococcus aureus,upon request — not required for release,—,—,—,,upon request — not required for release
SJ102501,SJ102501,Sleepy Joy,CoQ-PP_26-052,release,06.06.2026,10.1,Aflatoxin B₁,not tested,—,—,—,,not tested — no certificate covers it
SJ102501,SJ102501,Sleepy Joy,CoQ-PP_26-162,reissue — 12-month retest,21.09.2026,10.1,Aflatoxin B₁,ND,227-6-М/26,16.09.2026,Farmahem,,covered
SJ102501,SJ102501,Sleepy Joy,CoQ-PP_26-052,release,06.06.2026,10.2,Aflatoxins ∑,not tested,—,—,—,,not tested — no certificate covers it
SJ102501,SJ102501,Sleepy Joy,CoQ-PP_26-162,reissue — 12-month retest,21.09.2026,10.2,Aflatoxins ∑,ND,227-6-М/26,16.09.2026,Farmahem,,covered
SJ102501,SJ102501,Sleepy Joy,CoQ-PP_26-052,release,06.06.2026,10.3,Ochratoxin A,not tested,—,—,—,,not tested — no certificate covers it
SJ102501,SJ102501,Sleepy Joy,CoQ-PP_26-162,reissue — 12-month retest,21.09.2026,10.3,Ochratoxin A,ND,227-6-М/26,16.09.2026,Farmahem,,covered
SJ102501,SJ102501,Sleepy Joy,CoQ-PP_26-052,release,06.06.2026,11.1,Lead (Pb),not tested,—,—,—,,not tested — no certificate covers it
SJ102501,SJ102501,Sleepy Joy,CoQ-PP_26-162,reissue — 12-month retest,21.09.2026,11.1,Lead (Pb),carried from the initial testing — not tested,—,—,—,,carried from the initial testing (the batch's initial CoQ (number assigned on issue)) — not tested — no certificate covers it
SJ102501,SJ102501,Sleepy Joy,CoQ-PP_26-052,release,06.06.2026,11.2,Cadmium (Cd),not tested,—,—,—,,not tested — no certificate covers it
SJ102501,SJ102501,Sleepy Joy,CoQ-PP_26-162,reissue — 12-month retest,21.09.2026,11.2,Cadmium (Cd),carried from the initial testing — not tested,—,—,—,,carried from the initial testing (the batch's initial CoQ (number assigned on issue)) — not tested — no certificate covers it
SJ102501,SJ102501,Sleepy Joy,CoQ-PP_26-052,release,06.06.2026,11.3,Arsenic (As),not tested,—,—,—,,not tested — no certificate covers it
SJ102501,SJ102501,Sleepy Joy,CoQ-PP_26-162,reissue — 12-month retest,21.09.2026,11.3,Arsenic (As),carried from the initial testing — not tested,—,—,—,,carried from the initial testing (the batch's initial CoQ (number assigned on issue)) — not tested — no certificate covers it
SJ102501,SJ102501,Sleepy Joy,CoQ-PP_26-052,release,06.06.2026,11.4,Mercury (Hg),not tested,—,—,—,,not tested — no certificate covers it
SJ102501,SJ102501,Sleepy Joy,CoQ-PP_26-162,reissue — 12-month retest,21.09.2026,11.4,Mercury (Hg),carried from the initial testing — not tested,—,—,—,,carried from the initial testing (the batch's initial CoQ (number assigned on issue)) — not tested — no certificate covers it
SJ102501,SJ102501,Sleepy Joy,CoQ-PP_26-052,release,06.06.2026,12,Pesticide Residues,not tested,—,—,—,,not tested — no certificate covers it
SJ102501,SJ102501,Sleepy Joy,CoQ-PP_26-162,reissue — 12-month retest,21.09.2026,12,Pesticide Residues,carried from the initial testing — not tested,—,—,—,,carried from the initial testing (the batch's initial CoQ (number assigned on issue)) — not tested — no certificate covers it
P060172,KC102501,Kush Crasher,CoQ-PP_26-053,release,06.06.2026,1,"Identification A, Appearance · Macroscopic",Conforms | Одговара,iCoA-PP_26-054,03.06.2026,Purely Plant GmbH (in-house),yes,to be performed — see route
P060172,KC102501,Kush Crasher,CoQ-PP_26-126,reissue — 12-month retest,18.09.2026,1,"Identification A, Appearance · Macroscopic",Conforms | Одговара,iCoA-PP_26-139,17.08.2026,Purely Plant GmbH (in-house),yes,covered
P060172,KC102501,Kush Crasher,CoQ-PP_26-053,release,06.06.2026,2,Identification B · Microscopic,Conforms | Одговара,iCoA-PP_26-054,03.06.2026,Purely Plant GmbH (in-house),yes,to be performed — see route
P060172,KC102501,Kush Crasher,CoQ-PP_26-126,reissue — 12-month retest,18.09.2026,2,Identification B · Microscopic,Conforms | Одговара,iCoA-PP_26-139,17.08.2026,Purely Plant GmbH (in-house),yes,covered
P060172,KC102501,Kush Crasher,CoQ-PP_26-053,release,06.06.2026,3,Identification C · HPLC/HPTLC,Conforms | Одговара,051-4-К/26,04.03.2026,Farmahem,,covered
P060172,KC102501,Kush Crasher,CoQ-PP_26-126,reissue — 12-month retest,18.09.2026,3,Identification C · HPLC/HPTLC,Conforms | Одговара,220-19-К/26,26.08.2026,Farmahem,,covered
P060172,KC102501,Kush Crasher,CoQ-PP_26-053,release,06.06.2026,4,Assay — Total Δ⁹-THC,17.04,051-4-К/26,04.03.2026,Farmahem,,covered
P060172,KC102501,Kush Crasher,CoQ-PP_26-126,reissue — 12-month retest,18.09.2026,4,Assay — Total Δ⁹-THC,17.06,220-19-К/26,26.08.2026,Farmahem,,covered
P060172,KC102501,Kush Crasher,CoQ-PP_26-053,release,06.06.2026,5,Assay — Total CBD,< LOQ (<0.20),051-4-К/26,04.03.2026,Farmahem,,covered
P060172,KC102501,Kush Crasher,CoQ-PP_26-126,reissue — 12-month retest,18.09.2026,5,Assay — Total CBD,< LOQ,220-19-К/26,26.08.2026,Farmahem,,covered
P060172,KC102501,Kush Crasher,CoQ-PP_26-053,release,06.06.2026,6,Total CBN,< LOQ,051-4-К/26,04.03.2026,Farmahem,,covered
P060172,KC102501,Kush Crasher,CoQ-PP_26-126,reissue — 12-month retest,18.09.2026,6,Total CBN,< LOQ,220-19-К/26,26.08.2026,Farmahem,,covered
P060172,KC102501,Kush Crasher,CoQ-PP_26-053,release,06.06.2026,7,Foreign Matter,Conforms | Одговара,iCoA-PP_26-054,03.06.2026,Purely Plant GmbH (in-house),yes,to be performed — see route
P060172,KC102501,Kush Crasher,CoQ-PP_26-126,reissue — 12-month retest,18.09.2026,7,Foreign Matter,Conforms | Одговара,iCoA-PP_26-139,17.08.2026,Purely Plant GmbH (in-house),yes,covered
P060172,KC102501,Kush Crasher,CoQ-PP_26-053,release,06.06.2026,8,Loss on Drying,8.6,051-4-ГС/26,02.03.2026,Farmahem,,covered
P060172,KC102501,Kush Crasher,CoQ-PP_26-126,reissue — 12-month retest,18.09.2026,8,Loss on Drying,8.6,051-4-ГС/26,02.03.2026,Farmahem,,carried from the initial testing (CoQ-PP-2026-0013) — covered
P060172,KC102501,Kush Crasher,CoQ-PP_26-053,release,06.06.2026,9.1,TAMC,3.8 × 10³,129/0226/26,06.03.2026,IPH — Institute of Public Health,,covered
P060172,KC102501,Kush Crasher,CoQ-PP_26-126,reissue — 12-month retest,18.09.2026,9.1,TAMC,3.8 × 10³,129/0226/26,06.03.2026,IPH — Institute of Public Health,,covered
P060172,KC102501,Kush Crasher,CoQ-PP_26-053,release,06.06.2026,9.2,TYMC,6.8 × 10³,129/0226/26,06.03.2026,IPH — Institute of Public Health,,covered
P060172,KC102501,Kush Crasher,CoQ-PP_26-126,reissue — 12-month retest,18.09.2026,9.2,TYMC,6.8 × 10³,129/0226/26,06.03.2026,IPH — Institute of Public Health,,covered
P060172,KC102501,Kush Crasher,CoQ-PP_26-053,release,06.06.2026,9.3,Bile-tolerant gram-neg.,< 10³ and > 10²,129/0226/26,06.03.2026,IPH — Institute of Public Health,,covered
P060172,KC102501,Kush Crasher,CoQ-PP_26-126,reissue — 12-month retest,18.09.2026,9.3,Bile-tolerant gram-neg.,< 10³ and > 10²,129/0226/26,06.03.2026,IPH — Institute of Public Health,,covered
P060172,KC102501,Kush Crasher,CoQ-PP_26-053,release,06.06.2026,9.4,Salmonella,Absent | Отсутна,129/0226/26,06.03.2026,IPH — Institute of Public Health,,covered
P060172,KC102501,Kush Crasher,CoQ-PP_26-126,reissue — 12-month retest,18.09.2026,9.4,Salmonella,Absent | Отсутна,129/0226/26,06.03.2026,IPH — Institute of Public Health,,covered
P060172,KC102501,Kush Crasher,CoQ-PP_26-053,release,06.06.2026,9.5,Escherichia coli,Absent | Отсутна,129/0226/26,06.03.2026,IPH — Institute of Public Health,,covered
P060172,KC102501,Kush Crasher,CoQ-PP_26-126,reissue — 12-month retest,18.09.2026,9.5,Escherichia coli,Absent | Отсутна,129/0226/26,06.03.2026,IPH — Institute of Public Health,,covered
P060172,KC102501,Kush Crasher,CoQ-PP_26-053,release,06.06.2026,9.6,Pseudomonas aeruginosa,upon request — not required for release,—,—,—,,upon request — not required for release
P060172,KC102501,Kush Crasher,CoQ-PP_26-126,reissue — 12-month retest,18.09.2026,9.6,Pseudomonas aeruginosa,upon request — not required for release,—,—,—,,upon request — not required for release
P060172,KC102501,Kush Crasher,CoQ-PP_26-053,release,06.06.2026,9.7,Staphylococcus aureus,upon request — not required for release,—,—,—,,upon request — not required for release
P060172,KC102501,Kush Crasher,CoQ-PP_26-126,reissue — 12-month retest,18.09.2026,9.7,Staphylococcus aureus,upon request — not required for release,—,—,—,,upon request — not required for release
P060172,KC102501,Kush Crasher,CoQ-PP_26-053,release,06.06.2026,10.1,Aflatoxin B₁,not tested,—,—,—,,not tested — no certificate covers it
P060172,KC102501,Kush Crasher,CoQ-PP_26-126,reissue — 12-month retest,18.09.2026,10.1,Aflatoxin B₁,ND,220-19-М/26,11.09.2026,Farmahem,,covered
P060172,KC102501,Kush Crasher,CoQ-PP_26-053,release,06.06.2026,10.2,Aflatoxins ∑,2.8,1058/2026,09.03.2026,IPH — Institute of Public Health,,covered
P060172,KC102501,Kush Crasher,CoQ-PP_26-126,reissue — 12-month retest,18.09.2026,10.2,Aflatoxins ∑,ND,220-19-М/26,11.09.2026,Farmahem,,covered
P060172,KC102501,Kush Crasher,CoQ-PP_26-053,release,06.06.2026,10.3,Ochratoxin A,not tested,—,—,—,,not tested — no certificate covers it
P060172,KC102501,Kush Crasher,CoQ-PP_26-126,reissue — 12-month retest,18.09.2026,10.3,Ochratoxin A,ND,220-19-М/26,11.09.2026,Farmahem,,covered
P060172,KC102501,Kush Crasher,CoQ-PP_26-053,release,06.06.2026,11.1,Lead (Pb),ND,1058/2026,09.03.2026,IPH — Institute of Public Health,,covered
P060172,KC102501,Kush Crasher,CoQ-PP_26-126,reissue — 12-month retest,18.09.2026,11.1,Lead (Pb),ND,1058/2026,09.03.2026,IPH — Institute of Public Health,,covered
P060172,KC102501,Kush Crasher,CoQ-PP_26-053,release,06.06.2026,11.2,Cadmium (Cd),ND,1058/2026,09.03.2026,IPH — Institute of Public Health,,covered
P060172,KC102501,Kush Crasher,CoQ-PP_26-126,reissue — 12-month retest,18.09.2026,11.2,Cadmium (Cd),ND,1058/2026,09.03.2026,IPH — Institute of Public Health,,covered
P060172,KC102501,Kush Crasher,CoQ-PP_26-053,release,06.06.2026,11.3,Arsenic (As),ND,1058/2026,09.03.2026,IPH — Institute of Public Health,,covered
P060172,KC102501,Kush Crasher,CoQ-PP_26-126,reissue — 12-month retest,18.09.2026,11.3,Arsenic (As),ND,1058/2026,09.03.2026,IPH — Institute of Public Health,,covered
P060172,KC102501,Kush Crasher,CoQ-PP_26-053,release,06.06.2026,11.4,Mercury (Hg),ND,1058/2026,09.03.2026,IPH — Institute of Public Health,,covered
P060172,KC102501,Kush Crasher,CoQ-PP_26-126,reissue — 12-month retest,18.09.2026,11.4,Mercury (Hg),ND,1058/2026,09.03.2026,IPH — Institute of Public Health,,covered
P060172,KC102501,Kush Crasher,CoQ-PP_26-053,release,06.06.2026,12,Pesticide Residues,ND mg/kg — all 25 residues,1058/2026,09.03.2026,IJZ,,covered
P060172,KC102501,Kush Crasher,CoQ-PP_26-126,reissue — 12-month retest,18.09.2026,12,Pesticide Residues,ND mg/kg — all 25 residues,1058/2026,09.03.2026,IJZ,,carried from the initial testing (CoQ-PP-2026-0013) — covered
P060182,GRC102501/2,Grapes and Cream,CoQ-PP_26-054,release,06.06.2026,1,"Identification A, Appearance · Macroscopic",Conforms | Одговара,iCoA-PP_26-055,03.06.2026,Purely Plant GmbH (in-house),yes,to be performed — see route
P060182,GRC102501/2,Grapes and Cream,CoQ-PP_26-120,reissue — 12-month retest,18.09.2026,1,"Identification A, Appearance · Macroscopic",Conforms | Одговара,iCoA-PP_26-134,17.08.2026,Purely Plant GmbH (in-house),yes,to be performed — see route
P060182,GRC102501/2,Grapes and Cream,CoQ-PP_26-054,release,06.06.2026,2,Identification B · Microscopic,Conforms | Одговара,iCoA-PP_26-055,03.06.2026,Purely Plant GmbH (in-house),yes,to be performed — see route
P060182,GRC102501/2,Grapes and Cream,CoQ-PP_26-120,reissue — 12-month retest,18.09.2026,2,Identification B · Microscopic,Conforms | Одговара,iCoA-PP_26-134,17.08.2026,Purely Plant GmbH (in-house),yes,to be performed — see route
P060182,GRC102501/2,Grapes and Cream,CoQ-PP_26-054,release,06.06.2026,3,Identification C · HPLC/HPTLC,Conforms | Одговара,051-6-К/26,04.03.2026,Farmahem,,covered
P060182,GRC102501/2,Grapes and Cream,CoQ-PP_26-120,reissue — 12-month retest,18.09.2026,3,Identification C · HPLC/HPTLC,Conforms | Одговара,220-14-К/26,25.08.2026,Farmahem,,covered
P060182,GRC102501/2,Grapes and Cream,CoQ-PP_26-054,release,06.06.2026,4,Assay — Total Δ⁹-THC,11.53,051-6-К/26,04.03.2026,Farmahem,,covered
P060182,GRC102501/2,Grapes and Cream,CoQ-PP_26-120,reissue — 12-month retest,18.09.2026,4,Assay — Total Δ⁹-THC,9.80,220-14-К/26,25.08.2026,Farmahem,,covered
P060182,GRC102501/2,Grapes and Cream,CoQ-PP_26-054,release,06.06.2026,5,Assay — Total CBD,< LOQ (<0.20),051-6-К/26,04.03.2026,Farmahem,,covered
P060182,GRC102501/2,Grapes and Cream,CoQ-PP_26-120,reissue — 12-month retest,18.09.2026,5,Assay — Total CBD,< LOQ,220-14-К/26,25.08.2026,Farmahem,,covered
P060182,GRC102501/2,Grapes and Cream,CoQ-PP_26-054,release,06.06.2026,6,Total CBN,< LOQ,051-6-К/26,04.03.2026,Farmahem,,covered
P060182,GRC102501/2,Grapes and Cream,CoQ-PP_26-120,reissue — 12-month retest,18.09.2026,6,Total CBN,< LOQ,220-14-К/26,25.08.2026,Farmahem,,covered
P060182,GRC102501/2,Grapes and Cream,CoQ-PP_26-054,release,06.06.2026,7,Foreign Matter,Conforms | Одговара,iCoA-PP_26-055,03.06.2026,Purely Plant GmbH (in-house),yes,to be performed — see route
P060182,GRC102501/2,Grapes and Cream,CoQ-PP_26-120,reissue — 12-month retest,18.09.2026,7,Foreign Matter,Conforms | Одговара,iCoA-PP_26-134,17.08.2026,Purely Plant GmbH (in-house),yes,to be performed — see route
P060182,GRC102501/2,Grapes and Cream,CoQ-PP_26-054,release,06.06.2026,8,Loss on Drying,7.7,051-6-ГС/26,02.03.2026,Farmahem,,covered
P060182,GRC102501/2,Grapes and Cream,CoQ-PP_26-120,reissue — 12-month retest,18.09.2026,8,Loss on Drying,7.7,051-6-ГС/26,02.03.2026,Farmahem,,carried from the initial testing (CoQ-PP-2026-0014) — covered
P060182,GRC102501/2,Grapes and Cream,CoQ-PP_26-054,release,06.06.2026,9.1,TAMC,not tested,—,—,—,,not tested — no certificate covers it
P060182,GRC102501/2,Grapes and Cream,CoQ-PP_26-120,reissue — 12-month retest,18.09.2026,9.1,TAMC,carried from the initial testing — not tested,—,—,—,,carried from the initial testing (CoQ-PP-2026-0014) — not tested — no certificate covers it
P060182,GRC102501/2,Grapes and Cream,CoQ-PP_26-054,release,06.06.2026,9.2,TYMC,not tested,—,—,—,,not tested — no certificate covers it
P060182,GRC102501/2,Grapes and Cream,CoQ-PP_26-120,reissue — 12-month retest,18.09.2026,9.2,TYMC,carried from the initial testing — not tested,—,—,—,,carried from the initial testing (CoQ-PP-2026-0014) — not tested — no certificate covers it
P060182,GRC102501/2,Grapes and Cream,CoQ-PP_26-054,release,06.06.2026,9.3,Bile-tolerant gram-neg.,not tested,—,—,—,,not tested — no certificate covers it
P060182,GRC102501/2,Grapes and Cream,CoQ-PP_26-120,reissue — 12-month retest,18.09.2026,9.3,Bile-tolerant gram-neg.,carried from the initial testing — not tested,—,—,—,,carried from the initial testing (CoQ-PP-2026-0014) — not tested — no certificate covers it
P060182,GRC102501/2,Grapes and Cream,CoQ-PP_26-054,release,06.06.2026,9.4,Salmonella,not tested,—,—,—,,not tested — no certificate covers it
P060182,GRC102501/2,Grapes and Cream,CoQ-PP_26-120,reissue — 12-month retest,18.09.2026,9.4,Salmonella,carried from the initial testing — not tested,—,—,—,,carried from the initial testing (CoQ-PP-2026-0014) — not tested — no certificate covers it
P060182,GRC102501/2,Grapes and Cream,CoQ-PP_26-054,release,06.06.2026,9.5,Escherichia coli,not tested,—,—,—,,not tested — no certificate covers it
P060182,GRC102501/2,Grapes and Cream,CoQ-PP_26-120,reissue — 12-month retest,18.09.2026,9.5,Escherichia coli,carried from the initial testing — not tested,—,—,—,,carried from the initial testing (CoQ-PP-2026-0014) — not tested — no certificate covers it
P060182,GRC102501/2,Grapes and Cream,CoQ-PP_26-054,release,06.06.2026,9.6,Pseudomonas aeruginosa,upon request — not required for release,—,—,—,,upon request — not required for release
P060182,GRC102501/2,Grapes and Cream,CoQ-PP_26-120,reissue — 12-month retest,18.09.2026,9.6,Pseudomonas aeruginosa,upon request — not required for release,—,—,—,,upon request — not required for release
P060182,GRC102501/2,Grapes and Cream,CoQ-PP_26-054,release,06.06.2026,9.7,Staphylococcus aureus,upon request — not required for release,—,—,—,,upon request — not required for release
P060182,GRC102501/2,Grapes and Cream,CoQ-PP_26-120,reissue — 12-month retest,18.09.2026,9.7,Staphylococcus aureus,upon request — not required for release,—,—,—,,upon request — not required for release
P060182,GRC102501/2,Grapes and Cream,CoQ-PP_26-054,release,06.06.2026,10.1,Aflatoxin B₁,not tested,—,—,—,,not tested — no certificate covers it
P060182,GRC102501/2,Grapes and Cream,CoQ-PP_26-120,reissue — 12-month retest,18.09.2026,10.1,Aflatoxin B₁,ND,220-14-М/26,11.09.2026,Farmahem,,covered
P060182,GRC102501/2,Grapes and Cream,CoQ-PP_26-054,release,06.06.2026,10.2,Aflatoxins ∑,not tested,—,—,—,,not tested — no certificate covers it
P060182,GRC102501/2,Grapes and Cream,CoQ-PP_26-120,reissue — 12-month retest,18.09.2026,10.2,Aflatoxins ∑,ND,220-14-М/26,11.09.2026,Farmahem,,covered
P060182,GRC102501/2,Grapes and Cream,CoQ-PP_26-054,release,06.06.2026,10.3,Ochratoxin A,not tested,—,—,—,,not tested — no certificate covers it
P060182,GRC102501/2,Grapes and Cream,CoQ-PP_26-120,reissue — 12-month retest,18.09.2026,10.3,Ochratoxin A,ND,220-14-М/26,11.09.2026,Farmahem,,covered
P060182,GRC102501/2,Grapes and Cream,CoQ-PP_26-054,release,06.06.2026,11.1,Lead (Pb),not tested,—,—,—,,not tested — no certificate covers it
P060182,GRC102501/2,Grapes and Cream,CoQ-PP_26-120,reissue — 12-month retest,18.09.2026,11.1,Lead (Pb),carried from the initial testing — not tested,—,—,—,,carried from the initial testing (CoQ-PP-2026-0014) — not tested — no certificate covers it
P060182,GRC102501/2,Grapes and Cream,CoQ-PP_26-054,release,06.06.2026,11.2,Cadmium (Cd),not tested,—,—,—,,not tested — no certificate covers it
P060182,GRC102501/2,Grapes and Cream,CoQ-PP_26-120,reissue — 12-month retest,18.09.2026,11.2,Cadmium (Cd),carried from the initial testing — not tested,—,—,—,,carried from the initial testing (CoQ-PP-2026-0014) — not tested — no certificate covers it
P060182,GRC102501/2,Grapes and Cream,CoQ-PP_26-054,release,06.06.2026,11.3,Arsenic (As),not tested,—,—,—,,not tested — no certificate covers it
P060182,GRC102501/2,Grapes and Cream,CoQ-PP_26-120,reissue — 12-month retest,18.09.2026,11.3,Arsenic (As),carried from the initial testing — not tested,—,—,—,,carried from the initial testing (CoQ-PP-2026-0014) — not tested — no certificate covers it
P060182,GRC102501/2,Grapes and Cream,CoQ-PP_26-054,release,06.06.2026,11.4,Mercury (Hg),not tested,—,—,—,,not tested — no certificate covers it
P060182,GRC102501/2,Grapes and Cream,CoQ-PP_26-120,reissue — 12-month retest,18.09.2026,11.4,Mercury (Hg),carried from the initial testing — not tested,—,—,—,,carried from the initial testing (CoQ-PP-2026-0014) — not tested — no certificate covers it
P060182,GRC102501/2,Grapes and Cream,CoQ-PP_26-054,release,06.06.2026,12,Pesticide Residues,ND mg/kg — all 25 residues,1060/2026,09.03.2026,IJZ,,covered
P060182,GRC102501/2,Grapes and Cream,CoQ-PP_26-120,reissue — 12-month retest,18.09.2026,12,Pesticide Residues,ND mg/kg — all 25 residues,1060/2026,09.03.2026,IJZ,,carried from the initial testing (CoQ-PP-2026-0014) — covered
SJ112501,SJ112501,Sleepy Joy,CoQ-PP_26-055,release,06.06.2026,1,"Identification A, Appearance · Macroscopic",Conforms | Одговара,iCoA-PP_26-056,03.06.2026,Purely Plant GmbH (in-house),yes,to be performed — see route
SJ112501,SJ112501,Sleepy Joy,CoQ-PP_26-163,reissue — 12-month retest,21.09.2026,1,"Identification A, Appearance · Macroscopic",Conforms | Одговара,iCoA-PP_26-160,24.08.2026,Purely Plant GmbH (in-house),yes,to be performed — see route
SJ112501,SJ112501,Sleepy Joy,CoQ-PP_26-055,release,06.06.2026,2,Identification B · Microscopic,Conforms | Одговара,iCoA-PP_26-056,03.06.2026,Purely Plant GmbH (in-house),yes,to be performed — see route
SJ112501,SJ112501,Sleepy Joy,CoQ-PP_26-163,reissue — 12-month retest,21.09.2026,2,Identification B · Microscopic,Conforms | Одговара,iCoA-PP_26-160,24.08.2026,Purely Plant GmbH (in-house),yes,to be performed — see route
SJ112501,SJ112501,Sleepy Joy,CoQ-PP_26-055,release,06.06.2026,3,Identification C · HPLC/HPTLC,Conforms | Одговара,051-2-К/26,04.03.2026,Farmahem,,covered
SJ112501,SJ112501,Sleepy Joy,CoQ-PP_26-163,reissue — 12-month retest,21.09.2026,3,Identification C · HPLC/HPTLC,Conforms | Одговара,227-5-К/26,11.09.2026,Farmahem,,covered
SJ112501,SJ112501,Sleepy Joy,CoQ-PP_26-055,release,06.06.2026,4,Assay — Total Δ⁹-THC,9.20,051-2-К/26,04.03.2026,Farmahem,,covered
SJ112501,SJ112501,Sleepy Joy,CoQ-PP_26-163,reissue — 12-month retest,21.09.2026,4,Assay — Total Δ⁹-THC,11.27,227-5-К/26,11.09.2026,Farmahem,,covered
SJ112501,SJ112501,Sleepy Joy,CoQ-PP_26-055,release,06.06.2026,5,Assay — Total CBD,< LOQ (<0.20),051-2-К/26,04.03.2026,Farmahem,,covered
SJ112501,SJ112501,Sleepy Joy,CoQ-PP_26-163,reissue — 12-month retest,21.09.2026,5,Assay — Total CBD,< LOQ,227-5-К/26,11.09.2026,Farmahem,,covered
SJ112501,SJ112501,Sleepy Joy,CoQ-PP_26-055,release,06.06.2026,6,Total CBN,< LOQ,051-2-К/26,04.03.2026,Farmahem,,covered
SJ112501,SJ112501,Sleepy Joy,CoQ-PP_26-163,reissue — 12-month retest,21.09.2026,6,Total CBN,< LOQ,227-5-К/26,11.09.2026,Farmahem,,covered
SJ112501,SJ112501,Sleepy Joy,CoQ-PP_26-055,release,06.06.2026,7,Foreign Matter,Conforms | Одговара,iCoA-PP_26-056,03.06.2026,Purely Plant GmbH (in-house),yes,to be performed — see route
SJ112501,SJ112501,Sleepy Joy,CoQ-PP_26-163,reissue — 12-month retest,21.09.2026,7,Foreign Matter,Conforms | Одговара,iCoA-PP_26-160,24.08.2026,Purely Plant GmbH (in-house),yes,to be performed — see route
SJ112501,SJ112501,Sleepy Joy,CoQ-PP_26-055,release,06.06.2026,8,Loss on Drying,6.7,051-2-ГС/26,02.03.2026,Farmahem,,covered
SJ112501,SJ112501,Sleepy Joy,CoQ-PP_26-163,reissue — 12-month retest,21.09.2026,8,Loss on Drying,6.7,051-2-ГС/26,02.03.2026,Farmahem,,carried from the initial testing (the batch's initial CoQ (number assigned on issue)) — covered
SJ112501,SJ112501,Sleepy Joy,CoQ-PP_26-055,release,06.06.2026,9.1,TAMC,not tested,—,—,—,,not tested — no certificate covers it
SJ112501,SJ112501,Sleepy Joy,CoQ-PP_26-163,reissue — 12-month retest,21.09.2026,9.1,TAMC,carried from the initial testing — not tested,—,—,—,,carried from the initial testing (the batch's initial CoQ (number assigned on issue)) — not tested — no certificate covers it
SJ112501,SJ112501,Sleepy Joy,CoQ-PP_26-055,release,06.06.2026,9.2,TYMC,not tested,—,—,—,,not tested — no certificate covers it
SJ112501,SJ112501,Sleepy Joy,CoQ-PP_26-163,reissue — 12-month retest,21.09.2026,9.2,TYMC,carried from the initial testing — not tested,—,—,—,,carried from the initial testing (the batch's initial CoQ (number assigned on issue)) — not tested — no certificate covers it
SJ112501,SJ112501,Sleepy Joy,CoQ-PP_26-055,release,06.06.2026,9.3,Bile-tolerant gram-neg.,not tested,—,—,—,,not tested — no certificate covers it
SJ112501,SJ112501,Sleepy Joy,CoQ-PP_26-163,reissue — 12-month retest,21.09.2026,9.3,Bile-tolerant gram-neg.,carried from the initial testing — not tested,—,—,—,,carried from the initial testing (the batch's initial CoQ (number assigned on issue)) — not tested — no certificate covers it
SJ112501,SJ112501,Sleepy Joy,CoQ-PP_26-055,release,06.06.2026,9.4,Salmonella,not tested,—,—,—,,not tested — no certificate covers it
SJ112501,SJ112501,Sleepy Joy,CoQ-PP_26-163,reissue — 12-month retest,21.09.2026,9.4,Salmonella,carried from the initial testing — not tested,—,—,—,,carried from the initial testing (the batch's initial CoQ (number assigned on issue)) — not tested — no certificate covers it
SJ112501,SJ112501,Sleepy Joy,CoQ-PP_26-055,release,06.06.2026,9.5,Escherichia coli,not tested,—,—,—,,not tested — no certificate covers it
SJ112501,SJ112501,Sleepy Joy,CoQ-PP_26-163,reissue — 12-month retest,21.09.2026,9.5,Escherichia coli,carried from the initial testing — not tested,—,—,—,,carried from the initial testing (the batch's initial CoQ (number assigned on issue)) — not tested — no certificate covers it
SJ112501,SJ112501,Sleepy Joy,CoQ-PP_26-055,release,06.06.2026,9.6,Pseudomonas aeruginosa,upon request — not required for release,—,—,—,,upon request — not required for release
SJ112501,SJ112501,Sleepy Joy,CoQ-PP_26-163,reissue — 12-month retest,21.09.2026,9.6,Pseudomonas aeruginosa,upon request — not required for release,—,—,—,,upon request — not required for release
SJ112501,SJ112501,Sleepy Joy,CoQ-PP_26-055,release,06.06.2026,9.7,Staphylococcus aureus,upon request — not required for release,—,—,—,,upon request — not required for release
SJ112501,SJ112501,Sleepy Joy,CoQ-PP_26-163,reissue — 12-month retest,21.09.2026,9.7,Staphylococcus aureus,upon request — not required for release,—,—,—,,upon request — not required for release
SJ112501,SJ112501,Sleepy Joy,CoQ-PP_26-055,release,06.06.2026,10.1,Aflatoxin B₁,not tested,—,—,—,,not tested — no certificate covers it
SJ112501,SJ112501,Sleepy Joy,CoQ-PP_26-163,reissue — 12-month retest,21.09.2026,10.1,Aflatoxin B₁,ND,227-5-М/26,16.09.2026,Farmahem,,covered
SJ112501,SJ112501,Sleepy Joy,CoQ-PP_26-055,release,06.06.2026,10.2,Aflatoxins ∑,not tested,—,—,—,,not tested — no certificate covers it
SJ112501,SJ112501,Sleepy Joy,CoQ-PP_26-163,reissue — 12-month retest,21.09.2026,10.2,Aflatoxins ∑,ND,227-5-М/26,16.09.2026,Farmahem,,covered
SJ112501,SJ112501,Sleepy Joy,CoQ-PP_26-055,release,06.06.2026,10.3,Ochratoxin A,not tested,—,—,—,,not tested — no certificate covers it
SJ112501,SJ112501,Sleepy Joy,CoQ-PP_26-163,reissue — 12-month retest,21.09.2026,10.3,Ochratoxin A,ND,227-5-М/26,16.09.2026,Farmahem,,covered
SJ112501,SJ112501,Sleepy Joy,CoQ-PP_26-055,release,06.06.2026,11.1,Lead (Pb),not tested,—,—,—,,not tested — no certificate covers it
SJ112501,SJ112501,Sleepy Joy,CoQ-PP_26-163,reissue — 12-month retest,21.09.2026,11.1,Lead (Pb),carried from the initial testing — not tested,—,—,—,,carried from the initial testing (the batch's initial CoQ (number assigned on issue)) — not tested — no certificate covers it
SJ112501,SJ112501,Sleepy Joy,CoQ-PP_26-055,release,06.06.2026,11.2,Cadmium (Cd),not tested,—,—,—,,not tested — no certificate covers it
SJ112501,SJ112501,Sleepy Joy,CoQ-PP_26-163,reissue — 12-month retest,21.09.2026,11.2,Cadmium (Cd),carried from the initial testing — not tested,—,—,—,,carried from the initial testing (the batch's initial CoQ (number assigned on issue)) — not tested — no certificate covers it
SJ112501,SJ112501,Sleepy Joy,CoQ-PP_26-055,release,06.06.2026,11.3,Arsenic (As),not tested,—,—,—,,not tested — no certificate covers it
SJ112501,SJ112501,Sleepy Joy,CoQ-PP_26-163,reissue — 12-month retest,21.09.2026,11.3,Arsenic (As),carried from the initial testing — not tested,—,—,—,,carried from the initial testing (the batch's initial CoQ (number assigned on issue)) — not tested — no certificate covers it
SJ112501,SJ112501,Sleepy Joy,CoQ-PP_26-055,release,06.06.2026,11.4,Mercury (Hg),not tested,—,—,—,,not tested — no certificate covers it
SJ112501,SJ112501,Sleepy Joy,CoQ-PP_26-163,reissue — 12-month retest,21.09.2026,11.4,Mercury (Hg),carried from the initial testing — not tested,—,—,—,,carried from the initial testing (the batch's initial CoQ (number assigned on issue)) — not tested — no certificate covers it
SJ112501,SJ112501,Sleepy Joy,CoQ-PP_26-055,release,06.06.2026,12,Pesticide Residues,not tested,—,—,—,,not tested — no certificate covers it
SJ112501,SJ112501,Sleepy Joy,CoQ-PP_26-163,reissue — 12-month retest,21.09.2026,12,Pesticide Residues,carried from the initial testing — not tested,—,—,—,,carried from the initial testing (the batch's initial CoQ (number assigned on issue)) — not tested — no certificate covers it
J31112501,J31112501,Jokerz 31,CoQ-PP_26-056,release,06.06.2026,1,"Identification A, Appearance · Macroscopic",Conforms | Одговара,iCoA-PP_26-057,03.06.2026,Purely Plant GmbH (in-house),yes,to be performed — see route
J31112501,J31112501,Jokerz 31,CoQ-PP_26-153,reissue — 12-month retest,21.09.2026,1,"Identification A, Appearance · Macroscopic",Conforms | Одговара,iCoA-PP_26-168,24.08.2026,Purely Plant GmbH (in-house),yes,to be performed — see route
J31112501,J31112501,Jokerz 31,CoQ-PP_26-056,release,06.06.2026,2,Identification B · Microscopic,Conforms | Одговара,iCoA-PP_26-057,03.06.2026,Purely Plant GmbH (in-house),yes,to be performed — see route
J31112501,J31112501,Jokerz 31,CoQ-PP_26-153,reissue — 12-month retest,21.09.2026,2,Identification B · Microscopic,Conforms | Одговара,iCoA-PP_26-168,24.08.2026,Purely Plant GmbH (in-house),yes,to be performed — see route
J31112501,J31112501,Jokerz 31,CoQ-PP_26-056,release,06.06.2026,3,Identification C · HPLC/HPTLC,Conforms | Одговара,051-5-К/26,04.03.2026,Farmahem,,covered
J31112501,J31112501,Jokerz 31,CoQ-PP_26-153,reissue — 12-month retest,21.09.2026,3,Identification C · HPLC/HPTLC,Conforms | Одговара,227-14-К/26,11.09.2026,Farmahem,,covered
J31112501,J31112501,Jokerz 31,CoQ-PP_26-056,release,06.06.2026,4,Assay — Total Δ⁹-THC,25.27,051-5-К/26,04.03.2026,Farmahem,,covered
J31112501,J31112501,Jokerz 31,CoQ-PP_26-153,reissue — 12-month retest,21.09.2026,4,Assay — Total Δ⁹-THC,23.85,227-14-К/26,11.09.2026,Farmahem,,covered
J31112501,J31112501,Jokerz 31,CoQ-PP_26-056,release,06.06.2026,5,Assay — Total CBD,< LOQ (<0.20),051-5-К/26,04.03.2026,Farmahem,,covered
J31112501,J31112501,Jokerz 31,CoQ-PP_26-153,reissue — 12-month retest,21.09.2026,5,Assay — Total CBD,< LOQ,227-14-К/26,11.09.2026,Farmahem,,covered
J31112501,J31112501,Jokerz 31,CoQ-PP_26-056,release,06.06.2026,6,Total CBN,< LOQ,051-5-К/26,04.03.2026,Farmahem,,covered
J31112501,J31112501,Jokerz 31,CoQ-PP_26-153,reissue — 12-month retest,21.09.2026,6,Total CBN,< LOQ,227-14-К/26,11.09.2026,Farmahem,,covered
J31112501,J31112501,Jokerz 31,CoQ-PP_26-056,release,06.06.2026,7,Foreign Matter,Conforms | Одговара,iCoA-PP_26-057,03.06.2026,Purely Plant GmbH (in-house),yes,to be performed — see route
J31112501,J31112501,Jokerz 31,CoQ-PP_26-153,reissue — 12-month retest,21.09.2026,7,Foreign Matter,Conforms | Одговара,iCoA-PP_26-168,24.08.2026,Purely Plant GmbH (in-house),yes,to be performed — see route
J31112501,J31112501,Jokerz 31,CoQ-PP_26-056,release,06.06.2026,8,Loss on Drying,8.4,051-5-ГС/26,02.03.2026,Farmahem,,covered
J31112501,J31112501,Jokerz 31,CoQ-PP_26-153,reissue — 12-month retest,21.09.2026,8,Loss on Drying,8.4,051-5-ГС/26,02.03.2026,Farmahem,,carried from the initial testing (the batch's initial CoQ (number assigned on issue)) — covered
J31112501,J31112501,Jokerz 31,CoQ-PP_26-056,release,06.06.2026,9.1,TAMC,not tested,—,—,—,,not tested — no certificate covers it
J31112501,J31112501,Jokerz 31,CoQ-PP_26-153,reissue — 12-month retest,21.09.2026,9.1,TAMC,"4,4 × 10²",547/1078/26,31.08.2026,IPH — Institute of Public Health,,covered
J31112501,J31112501,Jokerz 31,CoQ-PP_26-056,release,06.06.2026,9.2,TYMC,not tested,—,—,—,,not tested — no certificate covers it
J31112501,J31112501,Jokerz 31,CoQ-PP_26-153,reissue — 12-month retest,21.09.2026,9.2,TYMC,"8,6 × 10²",547/1078/26,31.08.2026,IPH — Institute of Public Health,,covered
J31112501,J31112501,Jokerz 31,CoQ-PP_26-056,release,06.06.2026,9.3,Bile-tolerant gram-neg.,not tested,—,—,—,,not tested — no certificate covers it
J31112501,J31112501,Jokerz 31,CoQ-PP_26-153,reissue — 12-month retest,21.09.2026,9.3,Bile-tolerant gram-neg.,< 10² and > 10,547/1078/26,31.08.2026,IPH — Institute of Public Health,,covered
J31112501,J31112501,Jokerz 31,CoQ-PP_26-056,release,06.06.2026,9.4,Salmonella,not tested,—,—,—,,not tested — no certificate covers it
J31112501,J31112501,Jokerz 31,CoQ-PP_26-153,reissue — 12-month retest,21.09.2026,9.4,Salmonella,Absent | Отсутна,547/1078/26,31.08.2026,IPH — Institute of Public Health,,covered
J31112501,J31112501,Jokerz 31,CoQ-PP_26-056,release,06.06.2026,9.5,Escherichia coli,not tested,—,—,—,,not tested — no certificate covers it
J31112501,J31112501,Jokerz 31,CoQ-PP_26-153,reissue — 12-month retest,21.09.2026,9.5,Escherichia coli,Absent | Отсутна,547/1078/26,31.08.2026,IPH — Institute of Public Health,,covered
J31112501,J31112501,Jokerz 31,CoQ-PP_26-056,release,06.06.2026,9.6,Pseudomonas aeruginosa,upon request — not required for release,—,—,—,,upon request — not required for release
J31112501,J31112501,Jokerz 31,CoQ-PP_26-153,reissue — 12-month retest,21.09.2026,9.6,Pseudomonas aeruginosa,upon request — not required for release,—,—,—,,upon request — not required for release
J31112501,J31112501,Jokerz 31,CoQ-PP_26-056,release,06.06.2026,9.7,Staphylococcus aureus,upon request — not required for release,—,—,—,,upon request — not required for release
J31112501,J31112501,Jokerz 31,CoQ-PP_26-153,reissue — 12-month retest,21.09.2026,9.7,Staphylococcus aureus,upon request — not required for release,—,—,—,,upon request — not required for release
J31112501,J31112501,Jokerz 31,CoQ-PP_26-056,release,06.06.2026,10.1,Aflatoxin B₁,not tested,—,—,—,,not tested — no certificate covers it
J31112501,J31112501,Jokerz 31,CoQ-PP_26-153,reissue — 12-month retest,21.09.2026,10.1,Aflatoxin B₁,ND,227-14-М/26,16.09.2026,Farmahem,,covered
J31112501,J31112501,Jokerz 31,CoQ-PP_26-056,release,06.06.2026,10.2,Aflatoxins ∑,not tested,—,—,—,,not tested — no certificate covers it
J31112501,J31112501,Jokerz 31,CoQ-PP_26-153,reissue — 12-month retest,21.09.2026,10.2,Aflatoxins ∑,ND,227-14-М/26,16.09.2026,Farmahem,,covered
J31112501,J31112501,Jokerz 31,CoQ-PP_26-056,release,06.06.2026,10.3,Ochratoxin A,not tested,—,—,—,,not tested — no certificate covers it
J31112501,J31112501,Jokerz 31,CoQ-PP_26-153,reissue — 12-month retest,21.09.2026,10.3,Ochratoxin A,ND,227-14-М/26,16.09.2026,Farmahem,,covered
J31112501,J31112501,Jokerz 31,CoQ-PP_26-056,release,06.06.2026,11.1,Lead (Pb),not tested,—,—,—,,not tested — no certificate covers it
J31112501,J31112501,Jokerz 31,CoQ-PP_26-153,reissue — 12-month retest,21.09.2026,11.1,Lead (Pb),carried from the initial testing — not tested,—,—,—,,carried from the initial testing (the batch's initial CoQ (number assigned on issue)) — not tested — no certificate covers it
J31112501,J31112501,Jokerz 31,CoQ-PP_26-056,release,06.06.2026,11.2,Cadmium (Cd),not tested,—,—,—,,not tested — no certificate covers it
J31112501,J31112501,Jokerz 31,CoQ-PP_26-153,reissue — 12-month retest,21.09.2026,11.2,Cadmium (Cd),carried from the initial testing — not tested,—,—,—,,carried from the initial testing (the batch's initial CoQ (number assigned on issue)) — not tested — no certificate covers it
J31112501,J31112501,Jokerz 31,CoQ-PP_26-056,release,06.06.2026,11.3,Arsenic (As),not tested,—,—,—,,not tested — no certificate covers it
J31112501,J31112501,Jokerz 31,CoQ-PP_26-153,reissue — 12-month retest,21.09.2026,11.3,Arsenic (As),carried from the initial testing — not tested,—,—,—,,carried from the initial testing (the batch's initial CoQ (number assigned on issue)) — not tested — no certificate covers it
J31112501,J31112501,Jokerz 31,CoQ-PP_26-056,release,06.06.2026,11.4,Mercury (Hg),not tested,—,—,—,,not tested — no certificate covers it
J31112501,J31112501,Jokerz 31,CoQ-PP_26-153,reissue — 12-month retest,21.09.2026,11.4,Mercury (Hg),carried from the initial testing — not tested,—,—,—,,carried from the initial testing (the batch's initial CoQ (number assigned on issue)) — not tested — no certificate covers it
J31112501,J31112501,Jokerz 31,CoQ-PP_26-056,release,06.06.2026,12,Pesticide Residues,not tested,—,—,—,,not tested — no certificate covers it
J31112501,J31112501,Jokerz 31,CoQ-PP_26-153,reissue — 12-month retest,21.09.2026,12,Pesticide Residues,carried from the initial testing — not tested,—,—,—,,carried from the initial testing (the batch's initial CoQ (number assigned on issue)) — not tested — no certificate covers it
P060212,JD112501,Jelly Donuts,CoQ-PP_26-057,release,06.06.2026,1,"Identification A, Appearance · Macroscopic",Conforms | Одговара,iCoA-PP_26-058,03.06.2026,Purely Plant GmbH (in-house),yes,to be performed — see route
P060212,JD112501,Jelly Donuts,CoQ-PP_26-100,reissue — 12-month retest,17.08.2026,1,"Identification A, Appearance · Macroscopic",Conforms | Одговара,iCoA-PP_26-113,27.07.2026,Purely Plant GmbH (in-house),yes,covered
P060212,JD112501,Jelly Donuts,CoQ-PP_26-057,release,06.06.2026,2,Identification B · Microscopic,Conforms | Одговара,iCoA-PP_26-058,03.06.2026,Purely Plant GmbH (in-house),yes,to be performed — see route
P060212,JD112501,Jelly Donuts,CoQ-PP_26-100,reissue — 12-month retest,17.08.2026,2,Identification B · Microscopic,Conforms | Одговара,iCoA-PP_26-113,27.07.2026,Purely Plant GmbH (in-house),yes,covered
P060212,JD112501,Jelly Donuts,CoQ-PP_26-057,release,06.06.2026,3,Identification C · HPLC/HPTLC,Conforms | Одговара,ППК26063,11.05.2026,UKIM Faculty of Pharmacy — Center for Natural Products,,covered
P060212,JD112501,Jelly Donuts,CoQ-PP_26-100,reissue — 12-month retest,17.08.2026,3,Identification C · HPLC/HPTLC,Conforms | Одговара,197-15-К/26,07.08.2026,Farmahem,,covered
P060212,JD112501,Jelly Donuts,CoQ-PP_26-057,release,06.06.2026,4,Assay — Total Δ⁹-THC,19.64,ППК26063,11.05.2026,UKIM Faculty of Pharmacy — Center for Natural Products,,covered
P060212,JD112501,Jelly Donuts,CoQ-PP_26-100,reissue — 12-month retest,17.08.2026,4,Assay — Total Δ⁹-THC,20.32,197-15-К/26,07.08.2026,Farmahem,,covered
P060212,JD112501,Jelly Donuts,CoQ-PP_26-057,release,06.06.2026,5,Assay — Total CBD,0.06,ППК26063,11.05.2026,UKIM Faculty of Pharmacy — Center for Natural Products,,covered
P060212,JD112501,Jelly Donuts,CoQ-PP_26-100,reissue — 12-month retest,17.08.2026,5,Assay — Total CBD,< LOQ,197-15-К/26,07.08.2026,Farmahem,,covered
P060212,JD112501,Jelly Donuts,CoQ-PP_26-057,release,06.06.2026,6,Total CBN,< LOQ %,ППК26063,11.05.2026,CNP,,covered
P060212,JD112501,Jelly Donuts,CoQ-PP_26-100,reissue — 12-month retest,17.08.2026,6,Total CBN,< LOQ,197-15-К/26,07.08.2026,Farmahem,,covered
P060212,JD112501,Jelly Donuts,CoQ-PP_26-057,release,06.06.2026,7,Foreign Matter,Conforms | Одговара,iCoA-PP_26-058,03.06.2026,Purely Plant GmbH (in-house),yes,to be performed — see route
P060212,JD112501,Jelly Donuts,CoQ-PP_26-100,reissue — 12-month retest,17.08.2026,7,Foreign Matter,Conforms | Одговара,iCoA-PP_26-113,27.07.2026,Purely Plant GmbH (in-house),yes,covered
P060212,JD112501,Jelly Donuts,CoQ-PP_26-057,release,06.06.2026,8,Loss on Drying,6.69,ППК26063,11.05.2026,UKIM Faculty of Pharmacy — Center for Natural Products,,covered
P060212,JD112501,Jelly Donuts,CoQ-PP_26-100,reissue — 12-month retest,17.08.2026,8,Loss on Drying,6.69,ППК26063,11.05.2026,UKIM Faculty of Pharmacy — Center for Natural Products,,carried from the initial testing (CoQ-PP-2026-0015) — covered
P060212,JD112501,Jelly Donuts,CoQ-PP_26-057,release,06.06.2026,9.1,TAMC,"2,6 × 10³",307/0551/26,28.04.2026,IPH — Institute of Public Health,,covered
P060212,JD112501,Jelly Donuts,CoQ-PP_26-100,reissue — 12-month retest,17.08.2026,9.1,TAMC,"2,6 × 10³",307/0551/26,28.04.2026,IPH — Institute of Public Health,,carried from the initial testing (CoQ-PP-2026-0015) — covered
P060212,JD112501,Jelly Donuts,CoQ-PP_26-057,release,06.06.2026,9.2,TYMC,"3,3 × 10³",307/0551/26,28.04.2026,IPH — Institute of Public Health,,covered
P060212,JD112501,Jelly Donuts,CoQ-PP_26-100,reissue — 12-month retest,17.08.2026,9.2,TYMC,"3,3 × 10³",307/0551/26,28.04.2026,IPH — Institute of Public Health,,carried from the initial testing (CoQ-PP-2026-0015) — covered
P060212,JD112501,Jelly Donuts,CoQ-PP_26-057,release,06.06.2026,9.3,Bile-tolerant gram-neg.,< 10³ and > 10²,307/0551/26,28.04.2026,IPH — Institute of Public Health,,covered
P060212,JD112501,Jelly Donuts,CoQ-PP_26-100,reissue — 12-month retest,17.08.2026,9.3,Bile-tolerant gram-neg.,< 10³ and > 10²,307/0551/26,28.04.2026,IPH — Institute of Public Health,,carried from the initial testing (CoQ-PP-2026-0015) — covered
P060212,JD112501,Jelly Donuts,CoQ-PP_26-057,release,06.06.2026,9.4,Salmonella,Absent | Отсутна,307/0551/26,28.04.2026,IPH — Institute of Public Health,,covered
P060212,JD112501,Jelly Donuts,CoQ-PP_26-100,reissue — 12-month retest,17.08.2026,9.4,Salmonella,Absent | Отсутна,307/0551/26,28.04.2026,IPH — Institute of Public Health,,carried from the initial testing (CoQ-PP-2026-0015) — covered
P060212,JD112501,Jelly Donuts,CoQ-PP_26-057,release,06.06.2026,9.5,Escherichia coli,Absent | Отсутна,307/0551/26,28.04.2026,IPH — Institute of Public Health,,covered
P060212,JD112501,Jelly Donuts,CoQ-PP_26-100,reissue — 12-month retest,17.08.2026,9.5,Escherichia coli,Absent | Отсутна,307/0551/26,28.04.2026,IPH — Institute of Public Health,,carried from the initial testing (CoQ-PP-2026-0015) — covered
P060212,JD112501,Jelly Donuts,CoQ-PP_26-057,release,06.06.2026,9.6,Pseudomonas aeruginosa,upon request — not required for release,—,—,—,,upon request — not required for release
P060212,JD112501,Jelly Donuts,CoQ-PP_26-100,reissue — 12-month retest,17.08.2026,9.6,Pseudomonas aeruginosa,upon request — not required for release,—,—,—,,upon request — not required for release
P060212,JD112501,Jelly Donuts,CoQ-PP_26-057,release,06.06.2026,9.7,Staphylococcus aureus,upon request — not required for release,—,—,—,,upon request — not required for release
P060212,JD112501,Jelly Donuts,CoQ-PP_26-100,reissue — 12-month retest,17.08.2026,9.7,Staphylococcus aureus,upon request — not required for release,—,—,—,,upon request — not required for release
P060212,JD112501,Jelly Donuts,CoQ-PP_26-057,release,06.06.2026,10.1,Aflatoxin B₁,not tested,—,—,—,,not tested — no certificate covers it
P060212,JD112501,Jelly Donuts,CoQ-PP_26-100,reissue — 12-month retest,17.08.2026,10.1,Aflatoxin B₁,ND,197-15-М/26,10.08.2026,Farmahem,,covered
P060212,JD112501,Jelly Donuts,CoQ-PP_26-057,release,06.06.2026,10.2,Aflatoxins ∑,< 2,2361/2026,30.04.2026,IPH — Institute of Public Health,,covered
P060212,JD112501,Jelly Donuts,CoQ-PP_26-100,reissue — 12-month retest,17.08.2026,10.2,Aflatoxins ∑,ND,197-15-М/26,10.08.2026,Farmahem,,covered
P060212,JD112501,Jelly Donuts,CoQ-PP_26-057,release,06.06.2026,10.3,Ochratoxin A,not tested,—,—,—,,not tested — no certificate covers it
P060212,JD112501,Jelly Donuts,CoQ-PP_26-100,reissue — 12-month retest,17.08.2026,10.3,Ochratoxin A,ND,197-15-М/26,10.08.2026,Farmahem,,covered
P060212,JD112501,Jelly Donuts,CoQ-PP_26-057,release,06.06.2026,11.1,Lead (Pb),0.022,2361/2026,30.04.2026,IPH — Institute of Public Health,,covered
P060212,JD112501,Jelly Donuts,CoQ-PP_26-100,reissue — 12-month retest,17.08.2026,11.1,Lead (Pb),0.022,2361/2026,30.04.2026,IPH — Institute of Public Health,,carried from the initial testing (CoQ-PP-2026-0015) — covered
P060212,JD112501,Jelly Donuts,CoQ-PP_26-057,release,06.06.2026,11.2,Cadmium (Cd),0.0149,2361/2026,30.04.2026,IPH — Institute of Public Health,,covered
P060212,JD112501,Jelly Donuts,CoQ-PP_26-100,reissue — 12-month retest,17.08.2026,11.2,Cadmium (Cd),0.0149,2361/2026,30.04.2026,IPH — Institute of Public Health,,carried from the initial testing (CoQ-PP-2026-0015) — covered
P060212,JD112501,Jelly Donuts,CoQ-PP_26-057,release,06.06.2026,11.3,Arsenic (As),0.02,2361/2026,30.04.2026,IPH — Institute of Public Health,,covered
P060212,JD112501,Jelly Donuts,CoQ-PP_26-100,reissue — 12-month retest,17.08.2026,11.3,Arsenic (As),0.02,2361/2026,30.04.2026,IPH — Institute of Public Health,,carried from the initial testing (CoQ-PP-2026-0015) — covered
P060212,JD112501,Jelly Donuts,CoQ-PP_26-057,release,06.06.2026,11.4,Mercury (Hg),0.0166,2361/2026,30.04.2026,IPH — Institute of Public Health,,covered
P060212,JD112501,Jelly Donuts,CoQ-PP_26-100,reissue — 12-month retest,17.08.2026,11.4,Mercury (Hg),0.0166,2361/2026,30.04.2026,IPH — Institute of Public Health,,carried from the initial testing (CoQ-PP-2026-0015) — covered
P060212,JD112501,Jelly Donuts,CoQ-PP_26-057,release,06.06.2026,12,Pesticide Residues,ND,2361/2026,30.04.2026,IPH — Institute of Public Health,,covered
P060212,JD112501,Jelly Donuts,CoQ-PP_26-100,reissue — 12-month retest,17.08.2026,12,Pesticide Residues,ND,2361/2026,30.04.2026,IPH — Institute of Public Health,,carried from the initial testing (CoQ-PP-2026-0015) — covered
OPM112501,OPM112501,Orange Punch Mimosa,CoQ-PP_26-058,release,06.06.2026,1,"Identification A, Appearance · Macroscopic",Conforms | Одговара,iCoA-PP_26-059,03.06.2026,Purely Plant GmbH (in-house),yes,to be performed — see route
OPM112501,OPM112501,Orange Punch Mimosa,CoQ-PP_26-158,reissue — 12-month retest,21.09.2026,1,"Identification A, Appearance · Macroscopic",Conforms | Одговара,iCoA-PP_26-155,24.08.2026,Purely Plant GmbH (in-house),yes,to be performed — see route
OPM112501,OPM112501,Orange Punch Mimosa,CoQ-PP_26-058,release,06.06.2026,2,Identification B · Microscopic,Conforms | Одговара,iCoA-PP_26-059,03.06.2026,Purely Plant GmbH (in-house),yes,to be performed — see route
OPM112501,OPM112501,Orange Punch Mimosa,CoQ-PP_26-158,reissue — 12-month retest,21.09.2026,2,Identification B · Microscopic,Conforms | Одговара,iCoA-PP_26-155,24.08.2026,Purely Plant GmbH (in-house),yes,to be performed — see route
OPM112501,OPM112501,Orange Punch Mimosa,CoQ-PP_26-058,release,06.06.2026,3,Identification C · HPLC/HPTLC,Conforms | Одговара,ППК26031,05.03.2026,UKIM Faculty of Pharmacy — Center for Natural Products,,covered
OPM112501,OPM112501,Orange Punch Mimosa,CoQ-PP_26-158,reissue — 12-month retest,21.09.2026,3,Identification C · HPLC/HPTLC,Conforms | Одговара,227-10-К/26,11.09.2026,Farmahem,,covered
OPM112501,OPM112501,Orange Punch Mimosa,CoQ-PP_26-058,release,06.06.2026,4,Assay — Total Δ⁹-THC,8.00,ППК26031,05.03.2026,UKIM Faculty of Pharmacy — Center for Natural Products,,covered
OPM112501,OPM112501,Orange Punch Mimosa,CoQ-PP_26-158,reissue — 12-month retest,21.09.2026,4,Assay — Total Δ⁹-THC,9.73,227-10-К/26,11.09.2026,Farmahem,,covered
OPM112501,OPM112501,Orange Punch Mimosa,CoQ-PP_26-058,release,06.06.2026,5,Assay — Total CBD,0.02,ППК26031,05.03.2026,UKIM Faculty of Pharmacy — Center for Natural Products,,covered
OPM112501,OPM112501,Orange Punch Mimosa,CoQ-PP_26-158,reissue — 12-month retest,21.09.2026,5,Assay — Total CBD,< LOQ,227-10-К/26,11.09.2026,Farmahem,,covered
OPM112501,OPM112501,Orange Punch Mimosa,CoQ-PP_26-058,release,06.06.2026,6,Total CBN,not tested,—,—,—,,not tested — no certificate covers it
OPM112501,OPM112501,Orange Punch Mimosa,CoQ-PP_26-158,reissue — 12-month retest,21.09.2026,6,Total CBN,< LOQ,227-10-К/26,11.09.2026,Farmahem,,covered
OPM112501,OPM112501,Orange Punch Mimosa,CoQ-PP_26-058,release,06.06.2026,7,Foreign Matter,Conforms | Одговара,iCoA-PP_26-059,03.06.2026,Purely Plant GmbH (in-house),yes,to be performed — see route
OPM112501,OPM112501,Orange Punch Mimosa,CoQ-PP_26-158,reissue — 12-month retest,21.09.2026,7,Foreign Matter,Conforms | Одговара,iCoA-PP_26-155,24.08.2026,Purely Plant GmbH (in-house),yes,to be performed — see route
OPM112501,OPM112501,Orange Punch Mimosa,CoQ-PP_26-058,release,06.06.2026,8,Loss on Drying,8.06,ППК26031,05.03.2026,UKIM Faculty of Pharmacy — Center for Natural Products,,covered
OPM112501,OPM112501,Orange Punch Mimosa,CoQ-PP_26-158,reissue — 12-month retest,21.09.2026,8,Loss on Drying,8.06,ППК26031,05.03.2026,UKIM Faculty of Pharmacy — Center for Natural Products,,carried from the initial testing (the batch's initial CoQ (number assigned on issue)) — covered
OPM112501,OPM112501,Orange Punch Mimosa,CoQ-PP_26-058,release,06.06.2026,9.1,TAMC,not tested,—,—,—,,not tested — no certificate covers it
OPM112501,OPM112501,Orange Punch Mimosa,CoQ-PP_26-158,reissue — 12-month retest,21.09.2026,9.1,TAMC,< 10,546/1077/26,31.08.2026,IPH — Institute of Public Health,,covered
OPM112501,OPM112501,Orange Punch Mimosa,CoQ-PP_26-058,release,06.06.2026,9.2,TYMC,not tested,—,—,—,,not tested — no certificate covers it
OPM112501,OPM112501,Orange Punch Mimosa,CoQ-PP_26-158,reissue — 12-month retest,21.09.2026,9.2,TYMC,10,546/1077/26,31.08.2026,IPH — Institute of Public Health,,covered
OPM112501,OPM112501,Orange Punch Mimosa,CoQ-PP_26-058,release,06.06.2026,9.3,Bile-tolerant gram-neg.,not tested,—,—,—,,not tested — no certificate covers it
OPM112501,OPM112501,Orange Punch Mimosa,CoQ-PP_26-158,reissue — 12-month retest,21.09.2026,9.3,Bile-tolerant gram-neg.,< 10,546/1077/26,31.08.2026,IPH — Institute of Public Health,,covered
OPM112501,OPM112501,Orange Punch Mimosa,CoQ-PP_26-058,release,06.06.2026,9.4,Salmonella,not tested,—,—,—,,not tested — no certificate covers it
OPM112501,OPM112501,Orange Punch Mimosa,CoQ-PP_26-158,reissue — 12-month retest,21.09.2026,9.4,Salmonella,Absent | Отсутна,546/1077/26,31.08.2026,IPH — Institute of Public Health,,covered
OPM112501,OPM112501,Orange Punch Mimosa,CoQ-PP_26-058,release,06.06.2026,9.5,Escherichia coli,not tested,—,—,—,,not tested — no certificate covers it
OPM112501,OPM112501,Orange Punch Mimosa,CoQ-PP_26-158,reissue — 12-month retest,21.09.2026,9.5,Escherichia coli,Absent | Отсутна,546/1077/26,31.08.2026,IPH — Institute of Public Health,,covered
OPM112501,OPM112501,Orange Punch Mimosa,CoQ-PP_26-058,release,06.06.2026,9.6,Pseudomonas aeruginosa,upon request — not required for release,—,—,—,,upon request — not required for release
OPM112501,OPM112501,Orange Punch Mimosa,CoQ-PP_26-158,reissue — 12-month retest,21.09.2026,9.6,Pseudomonas aeruginosa,upon request — not required for release,—,—,—,,upon request — not required for release
OPM112501,OPM112501,Orange Punch Mimosa,CoQ-PP_26-058,release,06.06.2026,9.7,Staphylococcus aureus,upon request — not required for release,—,—,—,,upon request — not required for release
OPM112501,OPM112501,Orange Punch Mimosa,CoQ-PP_26-158,reissue — 12-month retest,21.09.2026,9.7,Staphylococcus aureus,upon request — not required for release,—,—,—,,upon request — not required for release
OPM112501,OPM112501,Orange Punch Mimosa,CoQ-PP_26-058,release,06.06.2026,10.1,Aflatoxin B₁,not tested,—,—,—,,not tested — no certificate covers it
OPM112501,OPM112501,Orange Punch Mimosa,CoQ-PP_26-158,reissue — 12-month retest,21.09.2026,10.1,Aflatoxin B₁,ND,227-10-М/26,16.09.2026,Farmahem,,covered
OPM112501,OPM112501,Orange Punch Mimosa,CoQ-PP_26-058,release,06.06.2026,10.2,Aflatoxins ∑,not tested,—,—,—,,not tested — no certificate covers it
OPM112501,OPM112501,Orange Punch Mimosa,CoQ-PP_26-158,reissue — 12-month retest,21.09.2026,10.2,Aflatoxins ∑,ND,227-10-М/26,16.09.2026,Farmahem,,covered
OPM112501,OPM112501,Orange Punch Mimosa,CoQ-PP_26-058,release,06.06.2026,10.3,Ochratoxin A,not tested,—,—,—,,not tested — no certificate covers it
OPM112501,OPM112501,Orange Punch Mimosa,CoQ-PP_26-158,reissue — 12-month retest,21.09.2026,10.3,Ochratoxin A,ND,227-10-М/26,16.09.2026,Farmahem,,covered
OPM112501,OPM112501,Orange Punch Mimosa,CoQ-PP_26-058,release,06.06.2026,11.1,Lead (Pb),not tested,—,—,—,,not tested — no certificate covers it
OPM112501,OPM112501,Orange Punch Mimosa,CoQ-PP_26-158,reissue — 12-month retest,21.09.2026,11.1,Lead (Pb),carried from the initial testing — not tested,—,—,—,,carried from the initial testing (the batch's initial CoQ (number assigned on issue)) — not tested — no certificate covers it
OPM112501,OPM112501,Orange Punch Mimosa,CoQ-PP_26-058,release,06.06.2026,11.2,Cadmium (Cd),not tested,—,—,—,,not tested — no certificate covers it
OPM112501,OPM112501,Orange Punch Mimosa,CoQ-PP_26-158,reissue — 12-month retest,21.09.2026,11.2,Cadmium (Cd),carried from the initial testing — not tested,—,—,—,,carried from the initial testing (the batch's initial CoQ (number assigned on issue)) — not tested — no certificate covers it
OPM112501,OPM112501,Orange Punch Mimosa,CoQ-PP_26-058,release,06.06.2026,11.3,Arsenic (As),not tested,—,—,—,,not tested — no certificate covers it
OPM112501,OPM112501,Orange Punch Mimosa,CoQ-PP_26-158,reissue — 12-month retest,21.09.2026,11.3,Arsenic (As),carried from the initial testing — not tested,—,—,—,,carried from the initial testing (the batch's initial CoQ (number assigned on issue)) — not tested — no certificate covers it
OPM112501,OPM112501,Orange Punch Mimosa,CoQ-PP_26-058,release,06.06.2026,11.4,Mercury (Hg),not tested,—,—,—,,not tested — no certificate covers it
OPM112501,OPM112501,Orange Punch Mimosa,CoQ-PP_26-158,reissue — 12-month retest,21.09.2026,11.4,Mercury (Hg),carried from the initial testing — not tested,—,—,—,,carried from the initial testing (the batch's initial CoQ (number assigned on issue)) — not tested — no certificate covers it
OPM112501,OPM112501,Orange Punch Mimosa,CoQ-PP_26-058,release,06.06.2026,12,Pesticide Residues,not tested,—,—,—,,not tested — no certificate covers it
OPM112501,OPM112501,Orange Punch Mimosa,CoQ-PP_26-158,reissue — 12-month retest,21.09.2026,12,Pesticide Residues,carried from the initial testing — not tested,—,—,—,,carried from the initial testing (the batch's initial CoQ (number assigned on issue)) — not tested — no certificate covers it
P060232,PM112501,Permanent Marker,CoQ-PP_26-059,release,06.06.2026,1,"Identification A, Appearance · Macroscopic",Conforms | Одговара,iCoA-PP_26-060,03.06.2026,Purely Plant GmbH (in-house),yes,to be performed — see route
P060232,PM112501,Permanent Marker,CoQ-PP_26-131,reissue — 12-month retest,18.09.2026,1,"Identification A, Appearance · Macroscopic",Conforms | Одговара,iCoA-PP_26-148,17.08.2026,Purely Plant GmbH (in-house),yes,covered
P060232,PM112501,Permanent Marker,CoQ-PP_26-059,release,06.06.2026,2,Identification B · Microscopic,Conforms | Одговара,iCoA-PP_26-060,03.06.2026,Purely Plant GmbH (in-house),yes,to be performed — see route
P060232,PM112501,Permanent Marker,CoQ-PP_26-131,reissue — 12-month retest,18.09.2026,2,Identification B · Microscopic,Conforms | Одговара,iCoA-PP_26-148,17.08.2026,Purely Plant GmbH (in-house),yes,covered
P060232,PM112501,Permanent Marker,CoQ-PP_26-059,release,06.06.2026,3,Identification C · HPLC/HPTLC,Conforms | Одговара,ППК26030,05.03.2026,UKIM Faculty of Pharmacy — Center for Natural Products,,covered
P060232,PM112501,Permanent Marker,CoQ-PP_26-131,reissue — 12-month retest,18.09.2026,3,Identification C · HPLC/HPTLC,Conforms | Одговара,220-24-К/26,26.08.2026,Farmahem,,covered
P060232,PM112501,Permanent Marker,CoQ-PP_26-059,release,06.06.2026,4,Assay — Total Δ⁹-THC,13.33,ППК26030,05.03.2026,UKIM Faculty of Pharmacy — Center for Natural Products,,covered
P060232,PM112501,Permanent Marker,CoQ-PP_26-131,reissue — 12-month retest,18.09.2026,4,Assay — Total Δ⁹-THC,10.80,220-24-К/26,26.08.2026,Farmahem,,covered
P060232,PM112501,Permanent Marker,CoQ-PP_26-059,release,06.06.2026,5,Assay — Total CBD,0.03,ППК26030,05.03.2026,UKIM Faculty of Pharmacy — Center for Natural Products,,covered
P060232,PM112501,Permanent Marker,CoQ-PP_26-131,reissue — 12-month retest,18.09.2026,5,Assay — Total CBD,< LOQ,220-24-К/26,26.08.2026,Farmahem,,covered
P060232,PM112501,Permanent Marker,CoQ-PP_26-059,release,06.06.2026,6,Total CBN,0.01 % %,ППК26030,05.03.2026,CNP,,covered
P060232,PM112501,Permanent Marker,CoQ-PP_26-131,reissue — 12-month retest,18.09.2026,6,Total CBN,< LOQ,220-24-К/26,26.08.2026,Farmahem,,covered
P060232,PM112501,Permanent Marker,CoQ-PP_26-059,release,06.06.2026,7,Foreign Matter,Conforms | Одговара,iCoA-PP_26-060,03.06.2026,Purely Plant GmbH (in-house),yes,to be performed — see route
P060232,PM112501,Permanent Marker,CoQ-PP_26-131,reissue — 12-month retest,18.09.2026,7,Foreign Matter,Conforms | Одговара,iCoA-PP_26-148,17.08.2026,Purely Plant GmbH (in-house),yes,covered
P060232,PM112501,Permanent Marker,CoQ-PP_26-059,release,06.06.2026,8,Loss on Drying,8.61,ППК26030,05.03.2026,UKIM Faculty of Pharmacy — Center for Natural Products,,covered
P060232,PM112501,Permanent Marker,CoQ-PP_26-131,reissue — 12-month retest,18.09.2026,8,Loss on Drying,8.61,ППК26030,05.03.2026,UKIM Faculty of Pharmacy — Center for Natural Products,,carried from the initial testing (CoQ-PP-2026-0016) — covered
P060232,PM112501,Permanent Marker,CoQ-PP_26-059,release,06.06.2026,9.1,TAMC,10,135/0232/26,06.03.2026,IPH — Institute of Public Health,,covered
P060232,PM112501,Permanent Marker,CoQ-PP_26-131,reissue — 12-month retest,18.09.2026,9.1,TAMC,10,135/0232/26,06.03.2026,IPH — Institute of Public Health,,covered
P060232,PM112501,Permanent Marker,CoQ-PP_26-059,release,06.06.2026,9.2,TYMC,< 10,135/0232/26,06.03.2026,IPH — Institute of Public Health,,covered
P060232,PM112501,Permanent Marker,CoQ-PP_26-131,reissue — 12-month retest,18.09.2026,9.2,TYMC,< 10,135/0232/26,06.03.2026,IPH — Institute of Public Health,,covered
P060232,PM112501,Permanent Marker,CoQ-PP_26-059,release,06.06.2026,9.3,Bile-tolerant gram-neg.,< 10,135/0232/26,06.03.2026,IPH — Institute of Public Health,,covered
P060232,PM112501,Permanent Marker,CoQ-PP_26-131,reissue — 12-month retest,18.09.2026,9.3,Bile-tolerant gram-neg.,< 10,135/0232/26,06.03.2026,IPH — Institute of Public Health,,covered
P060232,PM112501,Permanent Marker,CoQ-PP_26-059,release,06.06.2026,9.4,Salmonella,Absent | Отсутна,135/0232/26,06.03.2026,IPH — Institute of Public Health,,covered
P060232,PM112501,Permanent Marker,CoQ-PP_26-131,reissue — 12-month retest,18.09.2026,9.4,Salmonella,Absent | Отсутна,135/0232/26,06.03.2026,IPH — Institute of Public Health,,covered
P060232,PM112501,Permanent Marker,CoQ-PP_26-059,release,06.06.2026,9.5,Escherichia coli,Absent | Отсутна,135/0232/26,06.03.2026,IPH — Institute of Public Health,,covered
P060232,PM112501,Permanent Marker,CoQ-PP_26-131,reissue — 12-month retest,18.09.2026,9.5,Escherichia coli,Absent | Отсутна,135/0232/26,06.03.2026,IPH — Institute of Public Health,,covered
P060232,PM112501,Permanent Marker,CoQ-PP_26-059,release,06.06.2026,9.6,Pseudomonas aeruginosa,upon request — not required for release,—,—,—,,upon request — not required for release
P060232,PM112501,Permanent Marker,CoQ-PP_26-131,reissue — 12-month retest,18.09.2026,9.6,Pseudomonas aeruginosa,upon request — not required for release,—,—,—,,upon request — not required for release
P060232,PM112501,Permanent Marker,CoQ-PP_26-059,release,06.06.2026,9.7,Staphylococcus aureus,upon request — not required for release,—,—,—,,upon request — not required for release
P060232,PM112501,Permanent Marker,CoQ-PP_26-131,reissue — 12-month retest,18.09.2026,9.7,Staphylococcus aureus,upon request — not required for release,—,—,—,,upon request — not required for release
P060232,PM112501,Permanent Marker,CoQ-PP_26-059,release,06.06.2026,10.1,Aflatoxin B₁,not tested,—,—,—,,not tested — no certificate covers it
P060232,PM112501,Permanent Marker,CoQ-PP_26-131,reissue — 12-month retest,18.09.2026,10.1,Aflatoxin B₁,ND,220-24-М/26,11.09.2026,Farmahem,,covered
P060232,PM112501,Permanent Marker,CoQ-PP_26-059,release,06.06.2026,10.2,Aflatoxins ∑,2.2,1059/2026,09.03.2026,IPH — Institute of Public Health,,covered
P060232,PM112501,Permanent Marker,CoQ-PP_26-131,reissue — 12-month retest,18.09.2026,10.2,Aflatoxins ∑,ND,220-24-М/26,11.09.2026,Farmahem,,covered
P060232,PM112501,Permanent Marker,CoQ-PP_26-059,release,06.06.2026,10.3,Ochratoxin A,not tested,—,—,—,,not tested — no certificate covers it
P060232,PM112501,Permanent Marker,CoQ-PP_26-131,reissue — 12-month retest,18.09.2026,10.3,Ochratoxin A,ND,220-24-М/26,11.09.2026,Farmahem,,covered
P060232,PM112501,Permanent Marker,CoQ-PP_26-059,release,06.06.2026,11.1,Lead (Pb),ND,1059/2026,09.03.2026,IPH — Institute of Public Health,,covered
P060232,PM112501,Permanent Marker,CoQ-PP_26-131,reissue — 12-month retest,18.09.2026,11.1,Lead (Pb),ND,1059/2026,09.03.2026,IPH — Institute of Public Health,,covered
P060232,PM112501,Permanent Marker,CoQ-PP_26-059,release,06.06.2026,11.2,Cadmium (Cd),ND,1059/2026,09.03.2026,IPH — Institute of Public Health,,covered
P060232,PM112501,Permanent Marker,CoQ-PP_26-131,reissue — 12-month retest,18.09.2026,11.2,Cadmium (Cd),ND,1059/2026,09.03.2026,IPH — Institute of Public Health,,covered
P060232,PM112501,Permanent Marker,CoQ-PP_26-059,release,06.06.2026,11.3,Arsenic (As),ND,1059/2026,09.03.2026,IPH — Institute of Public Health,,covered
P060232,PM112501,Permanent Marker,CoQ-PP_26-131,reissue — 12-month retest,18.09.2026,11.3,Arsenic (As),ND,1059/2026,09.03.2026,IPH — Institute of Public Health,,covered
P060232,PM112501,Permanent Marker,CoQ-PP_26-059,release,06.06.2026,11.4,Mercury (Hg),ND,1059/2026,09.03.2026,IPH — Institute of Public Health,,covered
P060232,PM112501,Permanent Marker,CoQ-PP_26-131,reissue — 12-month retest,18.09.2026,11.4,Mercury (Hg),ND,1059/2026,09.03.2026,IPH — Institute of Public Health,,covered
P060232,PM112501,Permanent Marker,CoQ-PP_26-059,release,06.06.2026,12,Pesticide Residues,ND mg/kg — all 25 residues,1059/2026,09.03.2026,IJZ,,covered
P060232,PM112501,Permanent Marker,CoQ-PP_26-131,reissue — 12-month retest,18.09.2026,12,Pesticide Residues,ND mg/kg — all 25 residues,1059/2026,09.03.2026,IJZ,,carried from the initial testing (CoQ-PP-2026-0016) — covered
P060242,OPM122501,Orange Punch Mimosa,CoQ-PP_26-060,release,06.06.2026,1,"Identification A, Appearance · Macroscopic",Conforms | Одговара,iCoA-PP_26-061,03.06.2026,Purely Plant GmbH (in-house),yes,to be performed — see route
P060242,OPM122501,Orange Punch Mimosa,CoQ-PP_26-103,reissue — 12-month retest,17.08.2026,1,"Identification A, Appearance · Macroscopic",Conforms | Одговара,iCoA-PP_26-116,27.07.2026,Purely Plant GmbH (in-house),yes,covered
P060242,OPM122501,Orange Punch Mimosa,CoQ-PP_26-060,release,06.06.2026,2,Identification B · Microscopic,Conforms | Одговара,iCoA-PP_26-061,03.06.2026,Purely Plant GmbH (in-house),yes,to be performed — see route
P060242,OPM122501,Orange Punch Mimosa,CoQ-PP_26-103,reissue — 12-month retest,17.08.2026,2,Identification B · Microscopic,Conforms | Одговара,iCoA-PP_26-116,27.07.2026,Purely Plant GmbH (in-house),yes,covered
P060242,OPM122501,Orange Punch Mimosa,CoQ-PP_26-060,release,06.06.2026,3,Identification C · HPLC/HPTLC,Conforms | Одговара,100-4-К/26,09.04.2026,Farmahem,,covered
P060242,OPM122501,Orange Punch Mimosa,CoQ-PP_26-103,reissue — 12-month retest,17.08.2026,3,Identification C · HPLC/HPTLC,Conforms | Одговара,197-19-К/26,07.08.2026,Farmahem,,covered
P060242,OPM122501,Orange Punch Mimosa,CoQ-PP_26-060,release,06.06.2026,4,Assay — Total Δ⁹-THC,8.09,100-4-К/26,09.04.2026,Farmahem,,covered
P060242,OPM122501,Orange Punch Mimosa,CoQ-PP_26-103,reissue — 12-month retest,17.08.2026,4,Assay — Total Δ⁹-THC,7.91,197-19-К/26,07.08.2026,Farmahem,,covered
P060242,OPM122501,Orange Punch Mimosa,CoQ-PP_26-060,release,06.06.2026,5,Assay — Total CBD,< LOQ (<0.20),100-4-К/26,09.04.2026,Farmahem,,covered
P060242,OPM122501,Orange Punch Mimosa,CoQ-PP_26-103,reissue — 12-month retest,17.08.2026,5,Assay — Total CBD,< LOQ,197-19-К/26,07.08.2026,Farmahem,,covered
P060242,OPM122501,Orange Punch Mimosa,CoQ-PP_26-060,release,06.06.2026,6,Total CBN,< LOQ,100-4-К/26,09.04.2026,Farmahem,,covered
P060242,OPM122501,Orange Punch Mimosa,CoQ-PP_26-103,reissue — 12-month retest,17.08.2026,6,Total CBN,< LOQ,197-19-К/26,07.08.2026,Farmahem,,covered
P060242,OPM122501,Orange Punch Mimosa,CoQ-PP_26-060,release,06.06.2026,7,Foreign Matter,Conforms | Одговара,iCoA-PP_26-061,03.06.2026,Purely Plant GmbH (in-house),yes,to be performed — see route
P060242,OPM122501,Orange Punch Mimosa,CoQ-PP_26-103,reissue — 12-month retest,17.08.2026,7,Foreign Matter,Conforms | Одговара,iCoA-PP_26-116,27.07.2026,Purely Plant GmbH (in-house),yes,covered
P060242,OPM122501,Orange Punch Mimosa,CoQ-PP_26-060,release,06.06.2026,8,Loss on Drying,6.6,100-4-ГС/26,09.04.2026,Farmahem,,covered
P060242,OPM122501,Orange Punch Mimosa,CoQ-PP_26-103,reissue — 12-month retest,17.08.2026,8,Loss on Drying,6.6,100-4-ГС/26,09.04.2026,Farmahem,,carried from the initial testing (CoQ-PP-2026-0017) — covered
P060242,OPM122501,Orange Punch Mimosa,CoQ-PP_26-060,release,06.06.2026,9.1,TAMC,120,229/0392/26,07.04.2026,IPH — Institute of Public Health,,covered
P060242,OPM122501,Orange Punch Mimosa,CoQ-PP_26-103,reissue — 12-month retest,17.08.2026,9.1,TAMC,120,229/0392/26,07.04.2026,IPH — Institute of Public Health,,carried from the initial testing (CoQ-PP-2026-0017) — covered
P060242,OPM122501,Orange Punch Mimosa,CoQ-PP_26-060,release,06.06.2026,9.2,TYMC,100,229/0392/26,07.04.2026,IPH — Institute of Public Health,,covered
P060242,OPM122501,Orange Punch Mimosa,CoQ-PP_26-103,reissue — 12-month retest,17.08.2026,9.2,TYMC,100,229/0392/26,07.04.2026,IPH — Institute of Public Health,,carried from the initial testing (CoQ-PP-2026-0017) — covered
P060242,OPM122501,Orange Punch Mimosa,CoQ-PP_26-060,release,06.06.2026,9.3,Bile-tolerant gram-neg.,< 10,229/0392/26,07.04.2026,IPH — Institute of Public Health,,covered
P060242,OPM122501,Orange Punch Mimosa,CoQ-PP_26-103,reissue — 12-month retest,17.08.2026,9.3,Bile-tolerant gram-neg.,< 10,229/0392/26,07.04.2026,IPH — Institute of Public Health,,carried from the initial testing (CoQ-PP-2026-0017) — covered
P060242,OPM122501,Orange Punch Mimosa,CoQ-PP_26-060,release,06.06.2026,9.4,Salmonella,Absent | Отсутна,229/0392/26,07.04.2026,IPH — Institute of Public Health,,covered
P060242,OPM122501,Orange Punch Mimosa,CoQ-PP_26-103,reissue — 12-month retest,17.08.2026,9.4,Salmonella,Absent | Отсутна,229/0392/26,07.04.2026,IPH — Institute of Public Health,,carried from the initial testing (CoQ-PP-2026-0017) — covered
P060242,OPM122501,Orange Punch Mimosa,CoQ-PP_26-060,release,06.06.2026,9.5,Escherichia coli,Absent | Отсутна,229/0392/26,07.04.2026,IPH — Institute of Public Health,,covered
P060242,OPM122501,Orange Punch Mimosa,CoQ-PP_26-103,reissue — 12-month retest,17.08.2026,9.5,Escherichia coli,Absent | Отсутна,229/0392/26,07.04.2026,IPH — Institute of Public Health,,carried from the initial testing (CoQ-PP-2026-0017) — covered
P060242,OPM122501,Orange Punch Mimosa,CoQ-PP_26-060,release,06.06.2026,9.6,Pseudomonas aeruginosa,upon request — not required for release,—,—,—,,upon request — not required for release
P060242,OPM122501,Orange Punch Mimosa,CoQ-PP_26-103,reissue — 12-month retest,17.08.2026,9.6,Pseudomonas aeruginosa,upon request — not required for release,—,—,—,,upon request — not required for release
P060242,OPM122501,Orange Punch Mimosa,CoQ-PP_26-060,release,06.06.2026,9.7,Staphylococcus aureus,upon request — not required for release,—,—,—,,upon request — not required for release
P060242,OPM122501,Orange Punch Mimosa,CoQ-PP_26-103,reissue — 12-month retest,17.08.2026,9.7,Staphylococcus aureus,upon request — not required for release,—,—,—,,upon request — not required for release
P060242,OPM122501,Orange Punch Mimosa,CoQ-PP_26-060,release,06.06.2026,10.1,Aflatoxin B₁,not tested,—,—,—,,not tested — no certificate covers it
P060242,OPM122501,Orange Punch Mimosa,CoQ-PP_26-103,reissue — 12-month retest,17.08.2026,10.1,Aflatoxin B₁,ND,197-19-М/26,10.08.2026,Farmahem,,covered
P060242,OPM122501,Orange Punch Mimosa,CoQ-PP_26-060,release,06.06.2026,10.2,Aflatoxins ∑,2.2,1627/2026,23.04.2026,IPH — Institute of Public Health,,covered
P060242,OPM122501,Orange Punch Mimosa,CoQ-PP_26-103,reissue — 12-month retest,17.08.2026,10.2,Aflatoxins ∑,ND,197-19-М/26,10.08.2026,Farmahem,,covered
P060242,OPM122501,Orange Punch Mimosa,CoQ-PP_26-060,release,06.06.2026,10.3,Ochratoxin A,not tested,—,—,—,,not tested — no certificate covers it
P060242,OPM122501,Orange Punch Mimosa,CoQ-PP_26-103,reissue — 12-month retest,17.08.2026,10.3,Ochratoxin A,ND,197-19-М/26,10.08.2026,Farmahem,,covered
P060242,OPM122501,Orange Punch Mimosa,CoQ-PP_26-060,release,06.06.2026,11.1,Lead (Pb),0.049,1627/2026,23.04.2026,IPH — Institute of Public Health,,covered
P060242,OPM122501,Orange Punch Mimosa,CoQ-PP_26-103,reissue — 12-month retest,17.08.2026,11.1,Lead (Pb),0.049,1627/2026,23.04.2026,IPH — Institute of Public Health,,carried from the initial testing (CoQ-PP-2026-0017) — covered
P060242,OPM122501,Orange Punch Mimosa,CoQ-PP_26-060,release,06.06.2026,11.2,Cadmium (Cd),0.165,1627/2026,23.04.2026,IPH — Institute of Public Health,,covered
P060242,OPM122501,Orange Punch Mimosa,CoQ-PP_26-103,reissue — 12-month retest,17.08.2026,11.2,Cadmium (Cd),0.165,1627/2026,23.04.2026,IPH — Institute of Public Health,,carried from the initial testing (CoQ-PP-2026-0017) — covered
P060242,OPM122501,Orange Punch Mimosa,CoQ-PP_26-060,release,06.06.2026,11.3,Arsenic (As),ND,1627/2026,23.04.2026,IPH — Institute of Public Health,,covered
P060242,OPM122501,Orange Punch Mimosa,CoQ-PP_26-103,reissue — 12-month retest,17.08.2026,11.3,Arsenic (As),ND,1627/2026,23.04.2026,IPH — Institute of Public Health,,carried from the initial testing (CoQ-PP-2026-0017) — covered
P060242,OPM122501,Orange Punch Mimosa,CoQ-PP_26-060,release,06.06.2026,11.4,Mercury (Hg),ND,1627/2026,23.04.2026,IPH — Institute of Public Health,,covered
P060242,OPM122501,Orange Punch Mimosa,CoQ-PP_26-103,reissue — 12-month retest,17.08.2026,11.4,Mercury (Hg),ND,1627/2026,23.04.2026,IPH — Institute of Public Health,,carried from the initial testing (CoQ-PP-2026-0017) — covered
P060242,OPM122501,Orange Punch Mimosa,CoQ-PP_26-060,release,06.06.2026,12,Pesticide Residues,ND,1627/2026,23.04.2026,IPH — Institute of Public Health,,covered
P060242,OPM122501,Orange Punch Mimosa,CoQ-PP_26-103,reissue — 12-month retest,17.08.2026,12,Pesticide Residues,ND,1627/2026,23.04.2026,IPH — Institute of Public Health,,carried from the initial testing (CoQ-PP-2026-0017) — covered
GG112501,GG112501,Gorilla Glue,CoQ-PP_26-061,release,06.06.2026,1,"Identification A, Appearance · Macroscopic",Conforms | Одговара,iCoA-PP_26-062,03.06.2026,Purely Plant GmbH (in-house),yes,to be performed — see route
GG112501,GG112501,Gorilla Glue,CoQ-PP_26-148,reissue — 12-month retest,21.09.2026,1,"Identification A, Appearance · Macroscopic",Conforms | Одговара,iCoA-PP_26-164,24.08.2026,Purely Plant GmbH (in-house),yes,to be performed — see route
GG112501,GG112501,Gorilla Glue,CoQ-PP_26-061,release,06.06.2026,2,Identification B · Microscopic,Conforms | Одговара,iCoA-PP_26-062,03.06.2026,Purely Plant GmbH (in-house),yes,to be performed — see route
GG112501,GG112501,Gorilla Glue,CoQ-PP_26-148,reissue — 12-month retest,21.09.2026,2,Identification B · Microscopic,Conforms | Одговара,iCoA-PP_26-164,24.08.2026,Purely Plant GmbH (in-house),yes,to be performed — see route
GG112501,GG112501,Gorilla Glue,CoQ-PP_26-061,release,06.06.2026,3,Identification C · HPLC/HPTLC,Conforms | Одговара,ППК26061,11.05.2026,UKIM Faculty of Pharmacy — Center for Natural Products,,covered
GG112501,GG112501,Gorilla Glue,CoQ-PP_26-148,reissue — 12-month retest,21.09.2026,3,Identification C · HPLC/HPTLC,Conforms | Одговара,227-20-К/26,11.09.2026,Farmahem,,covered
GG112501,GG112501,Gorilla Glue,CoQ-PP_26-061,release,06.06.2026,4,Assay — Total Δ⁹-THC,17.94,ППК26061,11.05.2026,UKIM Faculty of Pharmacy — Center for Natural Products,,covered
GG112501,GG112501,Gorilla Glue,CoQ-PP_26-148,reissue — 12-month retest,21.09.2026,4,Assay — Total Δ⁹-THC,18.64,227-20-К/26,11.09.2026,Farmahem,,covered
GG112501,GG112501,Gorilla Glue,CoQ-PP_26-061,release,06.06.2026,5,Assay — Total CBD,0.08,ППК26061,11.05.2026,UKIM Faculty of Pharmacy — Center for Natural Products,,covered
GG112501,GG112501,Gorilla Glue,CoQ-PP_26-148,reissue — 12-month retest,21.09.2026,5,Assay — Total CBD,< LOQ,227-20-К/26,11.09.2026,Farmahem,,covered
GG112501,GG112501,Gorilla Glue,CoQ-PP_26-061,release,06.06.2026,6,Total CBN,not tested,—,—,—,,not tested — no certificate covers it
GG112501,GG112501,Gorilla Glue,CoQ-PP_26-148,reissue — 12-month retest,21.09.2026,6,Total CBN,< LOQ,227-20-К/26,11.09.2026,Farmahem,,covered
GG112501,GG112501,Gorilla Glue,CoQ-PP_26-061,release,06.06.2026,7,Foreign Matter,Conforms | Одговара,iCoA-PP_26-062,03.06.2026,Purely Plant GmbH (in-house),yes,to be performed — see route
GG112501,GG112501,Gorilla Glue,CoQ-PP_26-148,reissue — 12-month retest,21.09.2026,7,Foreign Matter,Conforms | Одговара,iCoA-PP_26-164,24.08.2026,Purely Plant GmbH (in-house),yes,to be performed — see route
GG112501,GG112501,Gorilla Glue,CoQ-PP_26-061,release,06.06.2026,8,Loss on Drying,6.31,ППК26061,11.05.2026,UKIM Faculty of Pharmacy — Center for Natural Products,,covered
GG112501,GG112501,Gorilla Glue,CoQ-PP_26-148,reissue — 12-month retest,21.09.2026,8,Loss on Drying,6.31,ППК26061,11.05.2026,UKIM Faculty of Pharmacy — Center for Natural Products,,carried from the initial testing (the batch's initial CoQ (number assigned on issue)) — covered
GG112501,GG112501,Gorilla Glue,CoQ-PP_26-061,release,06.06.2026,9.1,TAMC,"5,1 × 10³",304/0548/26,28.04.2026,IPH — Institute of Public Health,,covered
GG112501,GG112501,Gorilla Glue,CoQ-PP_26-148,reissue — 12-month retest,21.09.2026,9.1,TAMC,5 × 10³,545/1076/26,31.08.2026,IPH — Institute of Public Health,,covered
GG112501,GG112501,Gorilla Glue,CoQ-PP_26-061,release,06.06.2026,9.2,TYMC,"4,5 × 10³",304/0548/26,28.04.2026,IPH — Institute of Public Health,,covered
GG112501,GG112501,Gorilla Glue,CoQ-PP_26-148,reissue — 12-month retest,21.09.2026,9.2,TYMC,"1,1 × 10³",545/1076/26,31.08.2026,IPH — Institute of Public Health,,covered
GG112501,GG112501,Gorilla Glue,CoQ-PP_26-061,release,06.06.2026,9.3,Bile-tolerant gram-neg.,< 10² and > 10,304/0548/26,28.04.2026,IPH — Institute of Public Health,,covered
GG112501,GG112501,Gorilla Glue,CoQ-PP_26-148,reissue — 12-month retest,21.09.2026,9.3,Bile-tolerant gram-neg.,< 10³ and > 10²,545/1076/26,31.08.2026,IPH — Institute of Public Health,,covered
GG112501,GG112501,Gorilla Glue,CoQ-PP_26-061,release,06.06.2026,9.4,Salmonella,Absent | Отсутна,304/0548/26,28.04.2026,IPH — Institute of Public Health,,covered
GG112501,GG112501,Gorilla Glue,CoQ-PP_26-148,reissue — 12-month retest,21.09.2026,9.4,Salmonella,Absent | Отсутна,545/1076/26,31.08.2026,IPH — Institute of Public Health,,covered
GG112501,GG112501,Gorilla Glue,CoQ-PP_26-061,release,06.06.2026,9.5,Escherichia coli,Absent | Отсутна,304/0548/26,28.04.2026,IPH — Institute of Public Health,,covered
GG112501,GG112501,Gorilla Glue,CoQ-PP_26-148,reissue — 12-month retest,21.09.2026,9.5,Escherichia coli,Absent | Отсутна,545/1076/26,31.08.2026,IPH — Institute of Public Health,,covered
GG112501,GG112501,Gorilla Glue,CoQ-PP_26-061,release,06.06.2026,9.6,Pseudomonas aeruginosa,upon request — not required for release,—,—,—,,upon request — not required for release
GG112501,GG112501,Gorilla Glue,CoQ-PP_26-148,reissue — 12-month retest,21.09.2026,9.6,Pseudomonas aeruginosa,upon request — not required for release,—,—,—,,upon request — not required for release
GG112501,GG112501,Gorilla Glue,CoQ-PP_26-061,release,06.06.2026,9.7,Staphylococcus aureus,upon request — not required for release,—,—,—,,upon request — not required for release
GG112501,GG112501,Gorilla Glue,CoQ-PP_26-148,reissue — 12-month retest,21.09.2026,9.7,Staphylococcus aureus,upon request — not required for release,—,—,—,,upon request — not required for release
GG112501,GG112501,Gorilla Glue,CoQ-PP_26-061,release,06.06.2026,10.1,Aflatoxin B₁,not tested,—,—,—,,not tested — no certificate covers it
GG112501,GG112501,Gorilla Glue,CoQ-PP_26-148,reissue — 12-month retest,21.09.2026,10.1,Aflatoxin B₁,ND,227-20-М/26,16.09.2026,Farmahem,,covered
GG112501,GG112501,Gorilla Glue,CoQ-PP_26-061,release,06.06.2026,10.2,Aflatoxins ∑,< 2,2358/2026,29.04.2026,IPH — Institute of Public Health,,covered
GG112501,GG112501,Gorilla Glue,CoQ-PP_26-148,reissue — 12-month retest,21.09.2026,10.2,Aflatoxins ∑,ND,227-20-М/26,16.09.2026,Farmahem,,carried from the initial testing (the batch's initial CoQ (number assigned on issue)) — covered
GG112501,GG112501,Gorilla Glue,CoQ-PP_26-061,release,06.06.2026,10.3,Ochratoxin A,not tested,—,—,—,,not tested — no certificate covers it
GG112501,GG112501,Gorilla Glue,CoQ-PP_26-148,reissue — 12-month retest,21.09.2026,10.3,Ochratoxin A,ND,227-20-М/26,16.09.2026,Farmahem,,covered
GG112501,GG112501,Gorilla Glue,CoQ-PP_26-061,release,06.06.2026,11.1,Lead (Pb),0.033,2358/2026,29.04.2026,IPH — Institute of Public Health,,covered
GG112501,GG112501,Gorilla Glue,CoQ-PP_26-148,reissue — 12-month retest,21.09.2026,11.1,Lead (Pb),0.033,2358/2026,29.04.2026,IPH — Institute of Public Health,,carried from the initial testing (the batch's initial CoQ (number assigned on issue)) — covered
GG112501,GG112501,Gorilla Glue,CoQ-PP_26-061,release,06.06.2026,11.2,Cadmium (Cd),0.0154,2358/2026,29.04.2026,IPH — Institute of Public Health,,covered
GG112501,GG112501,Gorilla Glue,CoQ-PP_26-148,reissue — 12-month retest,21.09.2026,11.2,Cadmium (Cd),0.0154,2358/2026,29.04.2026,IPH — Institute of Public Health,,carried from the initial testing (the batch's initial CoQ (number assigned on issue)) — covered
GG112501,GG112501,Gorilla Glue,CoQ-PP_26-061,release,06.06.2026,11.3,Arsenic (As),0.0272,2358/2026,29.04.2026,IPH — Institute of Public Health,,covered
GG112501,GG112501,Gorilla Glue,CoQ-PP_26-148,reissue — 12-month retest,21.09.2026,11.3,Arsenic (As),0.0272,2358/2026,29.04.2026,IPH — Institute of Public Health,,carried from the initial testing (the batch's initial CoQ (number assigned on issue)) — covered
GG112501,GG112501,Gorilla Glue,CoQ-PP_26-061,release,06.06.2026,11.4,Mercury (Hg),0.0146,2358/2026,29.04.2026,IPH — Institute of Public Health,,covered
GG112501,GG112501,Gorilla Glue,CoQ-PP_26-148,reissue — 12-month retest,21.09.2026,11.4,Mercury (Hg),0.0146,2358/2026,29.04.2026,IPH — Institute of Public Health,,carried from the initial testing (the batch's initial CoQ (number assigned on issue)) — covered
GG112501,GG112501,Gorilla Glue,CoQ-PP_26-061,release,06.06.2026,12,Pesticide Residues,ND,2358/2026,29.04.2026,IPH — Institute of Public Health,,covered
GG112501,GG112501,Gorilla Glue,CoQ-PP_26-148,reissue — 12-month retest,21.09.2026,12,Pesticide Residues,ND,2358/2026,29.04.2026,IPH — Institute of Public Health,,carried from the initial testing (the batch's initial CoQ (number assigned on issue)) — covered
J31122501,J31122501,Jokerz 31,CoQ-PP_26-062,release,06.06.2026,1,"Identification A, Appearance · Macroscopic",Conforms | Одговара,iCoA-PP_26-070,03.06.2026,Purely Plant GmbH (in-house),yes,to be performed — see route
J31122501,J31122501,Jokerz 31,CoQ-PP_26-154,reissue — 12-month retest,21.09.2026,1,"Identification A, Appearance · Macroscopic",Conforms | Одговара,iCoA-PP_26-169,24.08.2026,Purely Plant GmbH (in-house),yes,to be performed — see route
J31122501,J31122501,Jokerz 31,CoQ-PP_26-062,release,06.06.2026,2,Identification B · Microscopic,Conforms | Одговара,iCoA-PP_26-070,03.06.2026,Purely Plant GmbH (in-house),yes,to be performed — see route
J31122501,J31122501,Jokerz 31,CoQ-PP_26-154,reissue — 12-month retest,21.09.2026,2,Identification B · Microscopic,Conforms | Одговара,iCoA-PP_26-169,24.08.2026,Purely Plant GmbH (in-house),yes,to be performed — see route
J31122501,J31122501,Jokerz 31,CoQ-PP_26-062,release,06.06.2026,3,Identification C · HPLC/HPTLC,Conforms | Одговара,100-2-К/26,09.04.2026,Farmahem,,covered
J31122501,J31122501,Jokerz 31,CoQ-PP_26-154,reissue — 12-month retest,21.09.2026,3,Identification C · HPLC/HPTLC,Conforms | Одговара,227-13-К/26,11.09.2026,Farmahem,,covered
J31122501,J31122501,Jokerz 31,CoQ-PP_26-062,release,06.06.2026,4,Assay — Total Δ⁹-THC,19.84,100-2-К/26,09.04.2026,Farmahem,,covered
J31122501,J31122501,Jokerz 31,CoQ-PP_26-154,reissue — 12-month retest,21.09.2026,4,Assay — Total Δ⁹-THC,24.48,227-13-К/26,11.09.2026,Farmahem,,covered
J31122501,J31122501,Jokerz 31,CoQ-PP_26-062,release,06.06.2026,5,Assay — Total CBD,< LOQ (<0.20),100-2-К/26,09.04.2026,Farmahem,,covered
J31122501,J31122501,Jokerz 31,CoQ-PP_26-154,reissue — 12-month retest,21.09.2026,5,Assay — Total CBD,< LOQ,227-13-К/26,11.09.2026,Farmahem,,covered
J31122501,J31122501,Jokerz 31,CoQ-PP_26-062,release,06.06.2026,6,Total CBN,< LOQ,100-2-К/26,09.04.2026,Farmahem,,covered
J31122501,J31122501,Jokerz 31,CoQ-PP_26-154,reissue — 12-month retest,21.09.2026,6,Total CBN,< LOQ,227-13-К/26,11.09.2026,Farmahem,,covered
J31122501,J31122501,Jokerz 31,CoQ-PP_26-062,release,06.06.2026,7,Foreign Matter,Conforms | Одговара,iCoA-PP_26-070,03.06.2026,Purely Plant GmbH (in-house),yes,to be performed — see route
J31122501,J31122501,Jokerz 31,CoQ-PP_26-154,reissue — 12-month retest,21.09.2026,7,Foreign Matter,Conforms | Одговара,iCoA-PP_26-169,24.08.2026,Purely Plant GmbH (in-house),yes,to be performed — see route
J31122501,J31122501,Jokerz 31,CoQ-PP_26-062,release,06.06.2026,8,Loss on Drying,10.3,100-2-ГС/26,09.04.2026,Farmahem,,covered — laboratory finding recorded
J31122501,J31122501,Jokerz 31,CoQ-PP_26-154,reissue — 12-month retest,21.09.2026,8,Loss on Drying,10.3,100-2-ГС/26,09.04.2026,Farmahem,,carried from the initial testing (the batch's initial CoQ (number assigned on issue)) — covered — laboratory finding recorded
J31122501,J31122501,Jokerz 31,CoQ-PP_26-062,release,06.06.2026,9.1,TAMC,850,231/0394/26 (Racno trimiran cvet),07.04.2026,IPH — Institute of Public Health,,covered
J31122501,J31122501,Jokerz 31,CoQ-PP_26-154,reissue — 12-month retest,21.09.2026,9.1,TAMC,1 × 10³,544/1075/26,31.08.2026,IPH — Institute of Public Health,,covered
J31122501,J31122501,Jokerz 31,CoQ-PP_26-062,release,06.06.2026,9.2,TYMC,370,231/0394/26 (Racno trimiran cvet),07.04.2026,IPH — Institute of Public Health,,covered
J31122501,J31122501,Jokerz 31,CoQ-PP_26-154,reissue — 12-month retest,21.09.2026,9.2,TYMC,"1,7 × 10²",544/1075/26,31.08.2026,IPH — Institute of Public Health,,covered
J31122501,J31122501,Jokerz 31,CoQ-PP_26-062,release,06.06.2026,9.3,Bile-tolerant gram-neg.,< 10² and > 10,231/0394/26 (Racno trimiran cvet),07.04.2026,IPH — Institute of Public Health,,covered
J31122501,J31122501,Jokerz 31,CoQ-PP_26-154,reissue — 12-month retest,21.09.2026,9.3,Bile-tolerant gram-neg.,< 10³ and > 10²,544/1075/26,31.08.2026,IPH — Institute of Public Health,,covered
J31122501,J31122501,Jokerz 31,CoQ-PP_26-062,release,06.06.2026,9.4,Salmonella,Absent | Отсутна,231/0394/26 (Racno trimiran cvet),07.04.2026,IPH — Institute of Public Health,,covered
J31122501,J31122501,Jokerz 31,CoQ-PP_26-154,reissue — 12-month retest,21.09.2026,9.4,Salmonella,Absent | Отсутна,544/1075/26,31.08.2026,IPH — Institute of Public Health,,covered
J31122501,J31122501,Jokerz 31,CoQ-PP_26-062,release,06.06.2026,9.5,Escherichia coli,Absent | Отсутна,231/0394/26 (Racno trimiran cvet),07.04.2026,IPH — Institute of Public Health,,covered
J31122501,J31122501,Jokerz 31,CoQ-PP_26-154,reissue — 12-month retest,21.09.2026,9.5,Escherichia coli,Absent | Отсутна,544/1075/26,31.08.2026,IPH — Institute of Public Health,,covered
J31122501,J31122501,Jokerz 31,CoQ-PP_26-062,release,06.06.2026,9.6,Pseudomonas aeruginosa,upon request — not required for release,—,—,—,,upon request — not required for release
J31122501,J31122501,Jokerz 31,CoQ-PP_26-154,reissue — 12-month retest,21.09.2026,9.6,Pseudomonas aeruginosa,upon request — not required for release,—,—,—,,upon request — not required for release
J31122501,J31122501,Jokerz 31,CoQ-PP_26-062,release,06.06.2026,9.7,Staphylococcus aureus,upon request — not required for release,—,—,—,,upon request — not required for release
J31122501,J31122501,Jokerz 31,CoQ-PP_26-154,reissue — 12-month retest,21.09.2026,9.7,Staphylococcus aureus,upon request — not required for release,—,—,—,,upon request — not required for release
J31122501,J31122501,Jokerz 31,CoQ-PP_26-062,release,06.06.2026,10.1,Aflatoxin B₁,not tested,—,—,—,,not tested — no certificate covers it
J31122501,J31122501,Jokerz 31,CoQ-PP_26-154,reissue — 12-month retest,21.09.2026,10.1,Aflatoxin B₁,ND,227-13-М/26,16.09.2026,Farmahem,,covered
J31122501,J31122501,Jokerz 31,CoQ-PP_26-062,release,06.06.2026,10.2,Aflatoxins ∑,2.5,1628/2026,23.04.2026,IPH — Institute of Public Health,,covered
J31122501,J31122501,Jokerz 31,CoQ-PP_26-154,reissue — 12-month retest,21.09.2026,10.2,Aflatoxins ∑,ND,227-13-М/26,16.09.2026,Farmahem,,carried from the initial testing (the batch's initial CoQ (number assigned on issue)) — covered
J31122501,J31122501,Jokerz 31,CoQ-PP_26-062,release,06.06.2026,10.3,Ochratoxin A,not tested,—,—,—,,not tested — no certificate covers it
J31122501,J31122501,Jokerz 31,CoQ-PP_26-154,reissue — 12-month retest,21.09.2026,10.3,Ochratoxin A,ND,227-13-М/26,16.09.2026,Farmahem,,covered
J31122501,J31122501,Jokerz 31,CoQ-PP_26-062,release,06.06.2026,11.1,Lead (Pb),ND,1628/2026,23.04.2026,IPH — Institute of Public Health,,covered
J31122501,J31122501,Jokerz 31,CoQ-PP_26-154,reissue — 12-month retest,21.09.2026,11.1,Lead (Pb),ND,1628/2026,23.04.2026,IPH — Institute of Public Health,,carried from the initial testing (the batch's initial CoQ (number assigned on issue)) — covered
J31122501,J31122501,Jokerz 31,CoQ-PP_26-062,release,06.06.2026,11.2,Cadmium (Cd),ND,1628/2026,23.04.2026,IPH — Institute of Public Health,,covered
J31122501,J31122501,Jokerz 31,CoQ-PP_26-154,reissue — 12-month retest,21.09.2026,11.2,Cadmium (Cd),ND,1628/2026,23.04.2026,IPH — Institute of Public Health,,carried from the initial testing (the batch's initial CoQ (number assigned on issue)) — covered
J31122501,J31122501,Jokerz 31,CoQ-PP_26-062,release,06.06.2026,11.3,Arsenic (As),ND,1628/2026,23.04.2026,IPH — Institute of Public Health,,covered
J31122501,J31122501,Jokerz 31,CoQ-PP_26-154,reissue — 12-month retest,21.09.2026,11.3,Arsenic (As),ND,1628/2026,23.04.2026,IPH — Institute of Public Health,,carried from the initial testing (the batch's initial CoQ (number assigned on issue)) — covered
J31122501,J31122501,Jokerz 31,CoQ-PP_26-062,release,06.06.2026,11.4,Mercury (Hg),ND,1628/2026,23.04.2026,IPH — Institute of Public Health,,covered
J31122501,J31122501,Jokerz 31,CoQ-PP_26-154,reissue — 12-month retest,21.09.2026,11.4,Mercury (Hg),ND,1628/2026,23.04.2026,IPH — Institute of Public Health,,carried from the initial testing (the batch's initial CoQ (number assigned on issue)) — covered
J31122501,J31122501,Jokerz 31,CoQ-PP_26-062,release,06.06.2026,12,Pesticide Residues,ND,1628/2026,23.04.2026,IPH — Institute of Public Health,,covered
J31122501,J31122501,Jokerz 31,CoQ-PP_26-154,reissue — 12-month retest,21.09.2026,12,Pesticide Residues,ND,1628/2026,23.04.2026,IPH — Institute of Public Health,,carried from the initial testing (the batch's initial CoQ (number assigned on issue)) — covered
CC112501,CC112501,Cash Cow,CoQ-PP_26-063,release,06.06.2026,1,"Identification A, Appearance · Macroscopic",Conforms | Одговара,iCoA-PP_26-071,03.06.2026,Purely Plant GmbH (in-house),yes,to be performed — see route
CC112501,CC112501,Cash Cow,CoQ-PP_26-139,reissue — 12-month retest,21.09.2026,1,"Identification A, Appearance · Macroscopic",Conforms | Одговара,iCoA-PP_26-175,24.08.2026,Purely Plant GmbH (in-house),yes,to be performed — see route
CC112501,CC112501,Cash Cow,CoQ-PP_26-063,release,06.06.2026,2,Identification B · Microscopic,Conforms | Одговара,iCoA-PP_26-071,03.06.2026,Purely Plant GmbH (in-house),yes,to be performed — see route
CC112501,CC112501,Cash Cow,CoQ-PP_26-139,reissue — 12-month retest,21.09.2026,2,Identification B · Microscopic,Conforms | Одговара,iCoA-PP_26-175,24.08.2026,Purely Plant GmbH (in-house),yes,to be performed — see route
CC112501,CC112501,Cash Cow,CoQ-PP_26-063,release,06.06.2026,3,Identification C · HPLC/HPTLC,Conforms | Одговара,ППК26068,11.05.2026,UKIM Faculty of Pharmacy — Center for Natural Products,,covered
CC112501,CC112501,Cash Cow,CoQ-PP_26-139,reissue — 12-month retest,21.09.2026,3,Identification C · HPLC/HPTLC,Conforms | Одговара,227-25-К/26,11.09.2026,Farmahem,,covered
CC112501,CC112501,Cash Cow,CoQ-PP_26-063,release,06.06.2026,4,Assay — Total Δ⁹-THC,13.35,ППК26068,11.05.2026,UKIM Faculty of Pharmacy — Center for Natural Products,,covered
CC112501,CC112501,Cash Cow,CoQ-PP_26-139,reissue — 12-month retest,21.09.2026,4,Assay — Total Δ⁹-THC,16.36,227-25-К/26,11.09.2026,Farmahem,,covered
CC112501,CC112501,Cash Cow,CoQ-PP_26-063,release,06.06.2026,5,Assay — Total CBD,0.04,ППК26068,11.05.2026,UKIM Faculty of Pharmacy — Center for Natural Products,,covered
CC112501,CC112501,Cash Cow,CoQ-PP_26-139,reissue — 12-month retest,21.09.2026,5,Assay — Total CBD,< LOQ,227-25-К/26,11.09.2026,Farmahem,,covered
CC112501,CC112501,Cash Cow,CoQ-PP_26-063,release,06.06.2026,6,Total CBN,not tested,—,—,—,,not tested — no certificate covers it
CC112501,CC112501,Cash Cow,CoQ-PP_26-139,reissue — 12-month retest,21.09.2026,6,Total CBN,< LOQ,227-25-К/26,11.09.2026,Farmahem,,covered
CC112501,CC112501,Cash Cow,CoQ-PP_26-063,release,06.06.2026,7,Foreign Matter,Conforms | Одговара,iCoA-PP_26-071,03.06.2026,Purely Plant GmbH (in-house),yes,to be performed — see route
CC112501,CC112501,Cash Cow,CoQ-PP_26-139,reissue — 12-month retest,21.09.2026,7,Foreign Matter,Conforms | Одговара,iCoA-PP_26-175,24.08.2026,Purely Plant GmbH (in-house),yes,to be performed — see route
CC112501,CC112501,Cash Cow,CoQ-PP_26-063,release,06.06.2026,8,Loss on Drying,7.39,ППК26068,11.05.2026,UKIM Faculty of Pharmacy — Center for Natural Products,,covered
CC112501,CC112501,Cash Cow,CoQ-PP_26-139,reissue — 12-month retest,21.09.2026,8,Loss on Drying,7.39,ППК26068,11.05.2026,UKIM Faculty of Pharmacy — Center for Natural Products,,carried from the initial testing (the batch's initial CoQ (number assigned on issue)) — covered
CC112501,CC112501,Cash Cow,CoQ-PP_26-063,release,06.06.2026,9.1,TAMC,"3,8 × 10³",311/0555/26,28.04.2026,IPH — Institute of Public Health,,covered
CC112501,CC112501,Cash Cow,CoQ-PP_26-139,reissue — 12-month retest,21.09.2026,9.1,TAMC,"1,6 × 10³",543/1074/26,31.08.2026,IPH — Institute of Public Health,,covered
CC112501,CC112501,Cash Cow,CoQ-PP_26-063,release,06.06.2026,9.2,TYMC,"2,7 × 10³",311/0555/26,28.04.2026,IPH — Institute of Public Health,,covered
CC112501,CC112501,Cash Cow,CoQ-PP_26-139,reissue — 12-month retest,21.09.2026,9.2,TYMC,1 × 10³,543/1074/26,31.08.2026,IPH — Institute of Public Health,,covered
CC112501,CC112501,Cash Cow,CoQ-PP_26-063,release,06.06.2026,9.3,Bile-tolerant gram-neg.,< 10³ and > 10²,311/0555/26,28.04.2026,IPH — Institute of Public Health,,covered
CC112501,CC112501,Cash Cow,CoQ-PP_26-139,reissue — 12-month retest,21.09.2026,9.3,Bile-tolerant gram-neg.,< 10³ and > 10²,543/1074/26,31.08.2026,IPH — Institute of Public Health,,covered
CC112501,CC112501,Cash Cow,CoQ-PP_26-063,release,06.06.2026,9.4,Salmonella,Absent | Отсутна,311/0555/26,28.04.2026,IPH — Institute of Public Health,,covered
CC112501,CC112501,Cash Cow,CoQ-PP_26-139,reissue — 12-month retest,21.09.2026,9.4,Salmonella,Absent | Отсутна,543/1074/26,31.08.2026,IPH — Institute of Public Health,,covered
CC112501,CC112501,Cash Cow,CoQ-PP_26-063,release,06.06.2026,9.5,Escherichia coli,Absent | Отсутна,311/0555/26,28.04.2026,IPH — Institute of Public Health,,covered
CC112501,CC112501,Cash Cow,CoQ-PP_26-139,reissue — 12-month retest,21.09.2026,9.5,Escherichia coli,Absent | Отсутна,543/1074/26,31.08.2026,IPH — Institute of Public Health,,covered
CC112501,CC112501,Cash Cow,CoQ-PP_26-063,release,06.06.2026,9.6,Pseudomonas aeruginosa,upon request — not required for release,—,—,—,,upon request — not required for release
CC112501,CC112501,Cash Cow,CoQ-PP_26-139,reissue — 12-month retest,21.09.2026,9.6,Pseudomonas aeruginosa,upon request — not required for release,—,—,—,,upon request — not required for release
CC112501,CC112501,Cash Cow,CoQ-PP_26-063,release,06.06.2026,9.7,Staphylococcus aureus,upon request — not required for release,—,—,—,,upon request — not required for release
CC112501,CC112501,Cash Cow,CoQ-PP_26-139,reissue — 12-month retest,21.09.2026,9.7,Staphylococcus aureus,upon request — not required for release,—,—,—,,upon request — not required for release
CC112501,CC112501,Cash Cow,CoQ-PP_26-063,release,06.06.2026,10.1,Aflatoxin B₁,not tested,—,—,—,,not tested — no certificate covers it
CC112501,CC112501,Cash Cow,CoQ-PP_26-139,reissue — 12-month retest,21.09.2026,10.1,Aflatoxin B₁,ND,227-25-М/26,16.09.2026,Farmahem,,covered
CC112501,CC112501,Cash Cow,CoQ-PP_26-063,release,06.06.2026,10.2,Aflatoxins ∑,< 2,2359/2026,29.04.2026,IPH — Institute of Public Health,,covered
CC112501,CC112501,Cash Cow,CoQ-PP_26-139,reissue — 12-month retest,21.09.2026,10.2,Aflatoxins ∑,ND,227-25-М/26,16.09.2026,Farmahem,,carried from the initial testing (the batch's initial CoQ (number assigned on issue)) — covered
CC112501,CC112501,Cash Cow,CoQ-PP_26-063,release,06.06.2026,10.3,Ochratoxin A,not tested,—,—,—,,not tested — no certificate covers it
CC112501,CC112501,Cash Cow,CoQ-PP_26-139,reissue — 12-month retest,21.09.2026,10.3,Ochratoxin A,ND,227-25-М/26,16.09.2026,Farmahem,,covered
CC112501,CC112501,Cash Cow,CoQ-PP_26-063,release,06.06.2026,11.1,Lead (Pb),0.0289,2359/2026,29.04.2026,IPH — Institute of Public Health,,covered
CC112501,CC112501,Cash Cow,CoQ-PP_26-139,reissue — 12-month retest,21.09.2026,11.1,Lead (Pb),0.0289,2359/2026,29.04.2026,IPH — Institute of Public Health,,carried from the initial testing (the batch's initial CoQ (number assigned on issue)) — covered
CC112501,CC112501,Cash Cow,CoQ-PP_26-063,release,06.06.2026,11.2,Cadmium (Cd),0.0119,2359/2026,29.04.2026,IPH — Institute of Public Health,,covered
CC112501,CC112501,Cash Cow,CoQ-PP_26-139,reissue — 12-month retest,21.09.2026,11.2,Cadmium (Cd),0.0119,2359/2026,29.04.2026,IPH — Institute of Public Health,,carried from the initial testing (the batch's initial CoQ (number assigned on issue)) — covered
CC112501,CC112501,Cash Cow,CoQ-PP_26-063,release,06.06.2026,11.3,Arsenic (As),0.016,2359/2026,29.04.2026,IPH — Institute of Public Health,,covered
CC112501,CC112501,Cash Cow,CoQ-PP_26-139,reissue — 12-month retest,21.09.2026,11.3,Arsenic (As),0.016,2359/2026,29.04.2026,IPH — Institute of Public Health,,carried from the initial testing (the batch's initial CoQ (number assigned on issue)) — covered
CC112501,CC112501,Cash Cow,CoQ-PP_26-063,release,06.06.2026,11.4,Mercury (Hg),0.0102,2359/2026,29.04.2026,IPH — Institute of Public Health,,covered
CC112501,CC112501,Cash Cow,CoQ-PP_26-139,reissue — 12-month retest,21.09.2026,11.4,Mercury (Hg),0.0102,2359/2026,29.04.2026,IPH — Institute of Public Health,,carried from the initial testing (the batch's initial CoQ (number assigned on issue)) — covered
CC112501,CC112501,Cash Cow,CoQ-PP_26-063,release,06.06.2026,12,Pesticide Residues,ND,2359/2026,29.04.2026,IPH — Institute of Public Health,,covered
CC112501,CC112501,Cash Cow,CoQ-PP_26-139,reissue — 12-month retest,21.09.2026,12,Pesticide Residues,ND,2359/2026,29.04.2026,IPH — Institute of Public Health,,carried from the initial testing (the batch's initial CoQ (number assigned on issue)) — covered
P060282,SCR112501,Scrambler,CoQ-PP_26-064,release,06.06.2026,1,"Identification A, Appearance · Macroscopic",Conforms | Одговара,iCoA-PP_26-072,03.06.2026,Purely Plant GmbH (in-house),yes,to be performed — see route
P060282,SCR112501,Scrambler,CoQ-PP_26-133,reissue — 12-month retest,18.09.2026,1,"Identification A, Appearance · Macroscopic",Conforms | Одговара,iCoA-PP_26-150,17.08.2026,Purely Plant GmbH (in-house),yes,covered
P060282,SCR112501,Scrambler,CoQ-PP_26-064,release,06.06.2026,2,Identification B · Microscopic,Conforms | Одговара,iCoA-PP_26-072,03.06.2026,Purely Plant GmbH (in-house),yes,to be performed — see route
P060282,SCR112501,Scrambler,CoQ-PP_26-133,reissue — 12-month retest,18.09.2026,2,Identification B · Microscopic,Conforms | Одговара,iCoA-PP_26-150,17.08.2026,Purely Plant GmbH (in-house),yes,covered
P060282,SCR112501,Scrambler,CoQ-PP_26-064,release,06.06.2026,3,Identification C · HPLC/HPTLC,Conforms | Одговара,ППК26069,11.05.2026,UKIM Faculty of Pharmacy — Center for Natural Products,,covered
P060282,SCR112501,Scrambler,CoQ-PP_26-133,reissue — 12-month retest,18.09.2026,3,Identification C · HPLC/HPTLC,Conforms | Одговара,220-26-К/26,26.08.2026,Farmahem,,covered
P060282,SCR112501,Scrambler,CoQ-PP_26-064,release,06.06.2026,4,Assay — Total Δ⁹-THC,17.13,ППК26069,11.05.2026,UKIM Faculty of Pharmacy — Center for Natural Products,,covered
P060282,SCR112501,Scrambler,CoQ-PP_26-133,reissue — 12-month retest,18.09.2026,4,Assay — Total Δ⁹-THC,19.73,220-26-К/26,26.08.2026,Farmahem,,covered
P060282,SCR112501,Scrambler,CoQ-PP_26-064,release,06.06.2026,5,Assay — Total CBD,0.04,ППК26069,11.05.2026,UKIM Faculty of Pharmacy — Center for Natural Products,,covered
P060282,SCR112501,Scrambler,CoQ-PP_26-133,reissue — 12-month retest,18.09.2026,5,Assay — Total CBD,< LOQ,220-26-К/26,26.08.2026,Farmahem,,covered
P060282,SCR112501,Scrambler,CoQ-PP_26-064,release,06.06.2026,6,Total CBN,< LOQ %,ППК26069,11.05.2026,CNP,,covered
P060282,SCR112501,Scrambler,CoQ-PP_26-133,reissue — 12-month retest,18.09.2026,6,Total CBN,< LOQ,220-26-К/26,26.08.2026,Farmahem,,covered
P060282,SCR112501,Scrambler,CoQ-PP_26-064,release,06.06.2026,7,Foreign Matter,Conforms | Одговара,iCoA-PP_26-072,03.06.2026,Purely Plant GmbH (in-house),yes,to be performed — see route
P060282,SCR112501,Scrambler,CoQ-PP_26-133,reissue — 12-month retest,18.09.2026,7,Foreign Matter,Conforms | Одговара,iCoA-PP_26-150,17.08.2026,Purely Plant GmbH (in-house),yes,covered
P060282,SCR112501,Scrambler,CoQ-PP_26-064,release,06.06.2026,8,Loss on Drying,6.84,ППК26069,11.05.2026,UKIM Faculty of Pharmacy — Center for Natural Products,,covered
P060282,SCR112501,Scrambler,CoQ-PP_26-133,reissue — 12-month retest,18.09.2026,8,Loss on Drying,6.84,ППК26069,11.05.2026,UKIM Faculty of Pharmacy — Center for Natural Products,,carried from the initial testing (CoQ-PP-2026-0018) — covered
P060282,SCR112501,Scrambler,CoQ-PP_26-064,release,06.06.2026,9.1,TAMC,"2,3 × 10³",305/0549/26,28.04.2026,IPH — Institute of Public Health,,covered
P060282,SCR112501,Scrambler,CoQ-PP_26-133,reissue — 12-month retest,18.09.2026,9.1,TAMC,"2,3 × 10³",305/0549/26,28.04.2026,IPH — Institute of Public Health,,carried from the initial testing (CoQ-PP-2026-0018) — covered
P060282,SCR112501,Scrambler,CoQ-PP_26-064,release,06.06.2026,9.2,TYMC,"4,3 × 10³",305/0549/26,28.04.2026,IPH — Institute of Public Health,,covered
P060282,SCR112501,Scrambler,CoQ-PP_26-133,reissue — 12-month retest,18.09.2026,9.2,TYMC,"4,3 × 10³",305/0549/26,28.04.2026,IPH — Institute of Public Health,,carried from the initial testing (CoQ-PP-2026-0018) — covered
P060282,SCR112501,Scrambler,CoQ-PP_26-064,release,06.06.2026,9.3,Bile-tolerant gram-neg.,< 10³ and > 10²,305/0549/26,28.04.2026,IPH — Institute of Public Health,,covered
P060282,SCR112501,Scrambler,CoQ-PP_26-133,reissue — 12-month retest,18.09.2026,9.3,Bile-tolerant gram-neg.,< 10³ and > 10²,305/0549/26,28.04.2026,IPH — Institute of Public Health,,carried from the initial testing (CoQ-PP-2026-0018) — covered
P060282,SCR112501,Scrambler,CoQ-PP_26-064,release,06.06.2026,9.4,Salmonella,Absent | Отсутна,305/0549/26,28.04.2026,IPH — Institute of Public Health,,covered
P060282,SCR112501,Scrambler,CoQ-PP_26-133,reissue — 12-month retest,18.09.2026,9.4,Salmonella,Absent | Отсутна,305/0549/26,28.04.2026,IPH — Institute of Public Health,,carried from the initial testing (CoQ-PP-2026-0018) — covered
P060282,SCR112501,Scrambler,CoQ-PP_26-064,release,06.06.2026,9.5,Escherichia coli,Absent | Отсутна,305/0549/26,28.04.2026,IPH — Institute of Public Health,,covered
P060282,SCR112501,Scrambler,CoQ-PP_26-133,reissue — 12-month retest,18.09.2026,9.5,Escherichia coli,Absent | Отсутна,305/0549/26,28.04.2026,IPH — Institute of Public Health,,carried from the initial testing (CoQ-PP-2026-0018) — covered
P060282,SCR112501,Scrambler,CoQ-PP_26-064,release,06.06.2026,9.6,Pseudomonas aeruginosa,upon request — not required for release,—,—,—,,upon request — not required for release
P060282,SCR112501,Scrambler,CoQ-PP_26-133,reissue — 12-month retest,18.09.2026,9.6,Pseudomonas aeruginosa,upon request — not required for release,—,—,—,,upon request — not required for release
P060282,SCR112501,Scrambler,CoQ-PP_26-064,release,06.06.2026,9.7,Staphylococcus aureus,upon request — not required for release,—,—,—,,upon request — not required for release
P060282,SCR112501,Scrambler,CoQ-PP_26-133,reissue — 12-month retest,18.09.2026,9.7,Staphylococcus aureus,upon request — not required for release,—,—,—,,upon request — not required for release
P060282,SCR112501,Scrambler,CoQ-PP_26-064,release,06.06.2026,10.1,Aflatoxin B₁,not tested,—,—,—,,not tested — no certificate covers it
P060282,SCR112501,Scrambler,CoQ-PP_26-133,reissue — 12-month retest,18.09.2026,10.1,Aflatoxin B₁,ND,220-26-М/26,11.09.2026,Farmahem,,covered
P060282,SCR112501,Scrambler,CoQ-PP_26-064,release,06.06.2026,10.2,Aflatoxins ∑,< 2,2360/2026,29.04.2026,IPH — Institute of Public Health,,covered
P060282,SCR112501,Scrambler,CoQ-PP_26-133,reissue — 12-month retest,18.09.2026,10.2,Aflatoxins ∑,ND,220-26-М/26,11.09.2026,Farmahem,,covered
P060282,SCR112501,Scrambler,CoQ-PP_26-064,release,06.06.2026,10.3,Ochratoxin A,not tested,—,—,—,,not tested — no certificate covers it
P060282,SCR112501,Scrambler,CoQ-PP_26-133,reissue — 12-month retest,18.09.2026,10.3,Ochratoxin A,ND,220-26-М/26,11.09.2026,Farmahem,,covered
P060282,SCR112501,Scrambler,CoQ-PP_26-064,release,06.06.2026,11.1,Lead (Pb),0.0299,2360/2026,29.04.2026,IPH — Institute of Public Health,,covered
P060282,SCR112501,Scrambler,CoQ-PP_26-133,reissue — 12-month retest,18.09.2026,11.1,Lead (Pb),0.0299,2360/2026,29.04.2026,IPH — Institute of Public Health,,carried from the initial testing (CoQ-PP-2026-0018) — covered
P060282,SCR112501,Scrambler,CoQ-PP_26-064,release,06.06.2026,11.2,Cadmium (Cd),0.0136,2360/2026,29.04.2026,IPH — Institute of Public Health,,covered
P060282,SCR112501,Scrambler,CoQ-PP_26-133,reissue — 12-month retest,18.09.2026,11.2,Cadmium (Cd),0.0136,2360/2026,29.04.2026,IPH — Institute of Public Health,,carried from the initial testing (CoQ-PP-2026-0018) — covered
P060282,SCR112501,Scrambler,CoQ-PP_26-064,release,06.06.2026,11.3,Arsenic (As),0.0154,2360/2026,29.04.2026,IPH — Institute of Public Health,,covered
P060282,SCR112501,Scrambler,CoQ-PP_26-133,reissue — 12-month retest,18.09.2026,11.3,Arsenic (As),0.0154,2360/2026,29.04.2026,IPH — Institute of Public Health,,carried from the initial testing (CoQ-PP-2026-0018) — covered
P060282,SCR112501,Scrambler,CoQ-PP_26-064,release,06.06.2026,11.4,Mercury (Hg),0.017,2360/2026,29.04.2026,IPH — Institute of Public Health,,covered
P060282,SCR112501,Scrambler,CoQ-PP_26-133,reissue — 12-month retest,18.09.2026,11.4,Mercury (Hg),0.017,2360/2026,29.04.2026,IPH — Institute of Public Health,,carried from the initial testing (CoQ-PP-2026-0018) — covered
P060282,SCR112501,Scrambler,CoQ-PP_26-064,release,06.06.2026,12,Pesticide Residues,ND,2360/2026,29.04.2026,IPH — Institute of Public Health,,covered
P060282,SCR112501,Scrambler,CoQ-PP_26-133,reissue — 12-month retest,18.09.2026,12,Pesticide Residues,ND,2360/2026,29.04.2026,IPH — Institute of Public Health,,carried from the initial testing (CoQ-PP-2026-0018) — covered
FB112501,FB112501,Fat Bastard,CoQ-PP_26-065,release,06.06.2026,1,"Identification A, Appearance · Macroscopic",Conforms | Одговара,iCoA-PP_26-073,03.06.2026,Purely Plant GmbH (in-house),yes,to be performed — see route
FB112501,FB112501,Fat Bastard,CoQ-PP_26-145,reissue — 12-month retest,21.09.2026,1,"Identification A, Appearance · Macroscopic",Conforms | Одговара,iCoA-PP_26-181,24.08.2026,Purely Plant GmbH (in-house),yes,to be performed — see route
FB112501,FB112501,Fat Bastard,CoQ-PP_26-065,release,06.06.2026,2,Identification B · Microscopic,Conforms | Одговара,iCoA-PP_26-073,03.06.2026,Purely Plant GmbH (in-house),yes,to be performed — see route
FB112501,FB112501,Fat Bastard,CoQ-PP_26-145,reissue — 12-month retest,21.09.2026,2,Identification B · Microscopic,Conforms | Одговара,iCoA-PP_26-181,24.08.2026,Purely Plant GmbH (in-house),yes,to be performed — see route
FB112501,FB112501,Fat Bastard,CoQ-PP_26-065,release,06.06.2026,3,Identification C · HPLC/HPTLC,Conforms | Одговара,ППК26066,11.05.2026,UKIM Faculty of Pharmacy — Center for Natural Products,,covered
FB112501,FB112501,Fat Bastard,CoQ-PP_26-145,reissue — 12-month retest,21.09.2026,3,Identification C · HPLC/HPTLC,Conforms | Одговара,227-22-К/26,11.09.2026,Farmahem,,covered
FB112501,FB112501,Fat Bastard,CoQ-PP_26-065,release,06.06.2026,4,Assay — Total Δ⁹-THC,16.69,ППК26066,11.05.2026,UKIM Faculty of Pharmacy — Center for Natural Products,,covered
FB112501,FB112501,Fat Bastard,CoQ-PP_26-145,reissue — 12-month retest,21.09.2026,4,Assay — Total Δ⁹-THC,18.75,227-22-К/26,11.09.2026,Farmahem,,covered
FB112501,FB112501,Fat Bastard,CoQ-PP_26-065,release,06.06.2026,5,Assay — Total CBD,0.05,ППК26066,11.05.2026,UKIM Faculty of Pharmacy — Center for Natural Products,,covered
FB112501,FB112501,Fat Bastard,CoQ-PP_26-145,reissue — 12-month retest,21.09.2026,5,Assay — Total CBD,< LOQ,227-22-К/26,11.09.2026,Farmahem,,covered
FB112501,FB112501,Fat Bastard,CoQ-PP_26-065,release,06.06.2026,6,Total CBN,not tested,—,—,—,,not tested — no certificate covers it
FB112501,FB112501,Fat Bastard,CoQ-PP_26-145,reissue — 12-month retest,21.09.2026,6,Total CBN,< LOQ,227-22-К/26,11.09.2026,Farmahem,,covered
FB112501,FB112501,Fat Bastard,CoQ-PP_26-065,release,06.06.2026,7,Foreign Matter,Conforms | Одговара,iCoA-PP_26-073,03.06.2026,Purely Plant GmbH (in-house),yes,to be performed — see route
FB112501,FB112501,Fat Bastard,CoQ-PP_26-145,reissue — 12-month retest,21.09.2026,7,Foreign Matter,Conforms | Одговара,iCoA-PP_26-181,24.08.2026,Purely Plant GmbH (in-house),yes,to be performed — see route
FB112501,FB112501,Fat Bastard,CoQ-PP_26-065,release,06.06.2026,8,Loss on Drying,6.09,ППК26066,11.05.2026,UKIM Faculty of Pharmacy — Center for Natural Products,,covered
FB112501,FB112501,Fat Bastard,CoQ-PP_26-145,reissue — 12-month retest,21.09.2026,8,Loss on Drying,6.09,ППК26066,11.05.2026,UKIM Faculty of Pharmacy — Center for Natural Products,,carried from the initial testing (the batch's initial CoQ (number assigned on issue)) — covered
FB112501,FB112501,Fat Bastard,CoQ-PP_26-065,release,06.06.2026,9.1,TAMC,"3,9 × 10³",312/0556/26,28.04.2026,IPH — Institute of Public Health,,covered
FB112501,FB112501,Fat Bastard,CoQ-PP_26-145,reissue — 12-month retest,21.09.2026,9.1,TAMC,3 × 10³,542/1073/26,31.08.2026,IPH — Institute of Public Health,,covered
FB112501,FB112501,Fat Bastard,CoQ-PP_26-065,release,06.06.2026,9.2,TYMC,"2,4 × 10³",312/0556/26,28.04.2026,IPH — Institute of Public Health,,covered
FB112501,FB112501,Fat Bastard,CoQ-PP_26-145,reissue — 12-month retest,21.09.2026,9.2,TYMC,"5,2 × 10²",542/1073/26,31.08.2026,IPH — Institute of Public Health,,covered
FB112501,FB112501,Fat Bastard,CoQ-PP_26-065,release,06.06.2026,9.3,Bile-tolerant gram-neg.,< 10,312/0556/26,28.04.2026,IPH — Institute of Public Health,,covered
FB112501,FB112501,Fat Bastard,CoQ-PP_26-145,reissue — 12-month retest,21.09.2026,9.3,Bile-tolerant gram-neg.,< 10² and > 10,542/1073/26,31.08.2026,IPH — Institute of Public Health,,covered
FB112501,FB112501,Fat Bastard,CoQ-PP_26-065,release,06.06.2026,9.4,Salmonella,Absent | Отсутна,312/0556/26,28.04.2026,IPH — Institute of Public Health,,covered
FB112501,FB112501,Fat Bastard,CoQ-PP_26-145,reissue — 12-month retest,21.09.2026,9.4,Salmonella,Absent | Отсутна,542/1073/26,31.08.2026,IPH — Institute of Public Health,,covered
FB112501,FB112501,Fat Bastard,CoQ-PP_26-065,release,06.06.2026,9.5,Escherichia coli,Absent | Отсутна,312/0556/26,28.04.2026,IPH — Institute of Public Health,,covered
FB112501,FB112501,Fat Bastard,CoQ-PP_26-145,reissue — 12-month retest,21.09.2026,9.5,Escherichia coli,Absent | Отсутна,542/1073/26,31.08.2026,IPH — Institute of Public Health,,covered
FB112501,FB112501,Fat Bastard,CoQ-PP_26-065,release,06.06.2026,9.6,Pseudomonas aeruginosa,upon request — not required for release,—,—,—,,upon request — not required for release
FB112501,FB112501,Fat Bastard,CoQ-PP_26-145,reissue — 12-month retest,21.09.2026,9.6,Pseudomonas aeruginosa,upon request — not required for release,—,—,—,,upon request — not required for release
FB112501,FB112501,Fat Bastard,CoQ-PP_26-065,release,06.06.2026,9.7,Staphylococcus aureus,upon request — not required for release,—,—,—,,upon request — not required for release
FB112501,FB112501,Fat Bastard,CoQ-PP_26-145,reissue — 12-month retest,21.09.2026,9.7,Staphylococcus aureus,upon request — not required for release,—,—,—,,upon request — not required for release
FB112501,FB112501,Fat Bastard,CoQ-PP_26-065,release,06.06.2026,10.1,Aflatoxin B₁,not tested,—,—,—,,not tested — no certificate covers it
FB112501,FB112501,Fat Bastard,CoQ-PP_26-145,reissue — 12-month retest,21.09.2026,10.1,Aflatoxin B₁,ND,227-22-М/26,16.09.2026,Farmahem,,covered
FB112501,FB112501,Fat Bastard,CoQ-PP_26-065,release,06.06.2026,10.2,Aflatoxins ∑,< 2,2357/2026,29.04.2026,IPH — Institute of Public Health,,covered
FB112501,FB112501,Fat Bastard,CoQ-PP_26-145,reissue — 12-month retest,21.09.2026,10.2,Aflatoxins ∑,ND,227-22-М/26,16.09.2026,Farmahem,,carried from the initial testing (the batch's initial CoQ (number assigned on issue)) — covered
FB112501,FB112501,Fat Bastard,CoQ-PP_26-065,release,06.06.2026,10.3,Ochratoxin A,not tested,—,—,—,,not tested — no certificate covers it
FB112501,FB112501,Fat Bastard,CoQ-PP_26-145,reissue — 12-month retest,21.09.2026,10.3,Ochratoxin A,ND,227-22-М/26,16.09.2026,Farmahem,,covered
FB112501,FB112501,Fat Bastard,CoQ-PP_26-065,release,06.06.2026,11.1,Lead (Pb),0.0215,2357/2026,29.04.2026,IPH — Institute of Public Health,,covered
FB112501,FB112501,Fat Bastard,CoQ-PP_26-145,reissue — 12-month retest,21.09.2026,11.1,Lead (Pb),0.0215,2357/2026,29.04.2026,IPH — Institute of Public Health,,carried from the initial testing (the batch's initial CoQ (number assigned on issue)) — covered
FB112501,FB112501,Fat Bastard,CoQ-PP_26-065,release,06.06.2026,11.2,Cadmium (Cd),0.0108,2357/2026,29.04.2026,IPH — Institute of Public Health,,covered
FB112501,FB112501,Fat Bastard,CoQ-PP_26-145,reissue — 12-month retest,21.09.2026,11.2,Cadmium (Cd),0.0108,2357/2026,29.04.2026,IPH — Institute of Public Health,,carried from the initial testing (the batch's initial CoQ (number assigned on issue)) — covered
FB112501,FB112501,Fat Bastard,CoQ-PP_26-065,release,06.06.2026,11.3,Arsenic (As),0.0199,2357/2026,29.04.2026,IPH — Institute of Public Health,,covered
FB112501,FB112501,Fat Bastard,CoQ-PP_26-145,reissue — 12-month retest,21.09.2026,11.3,Arsenic (As),0.0199,2357/2026,29.04.2026,IPH — Institute of Public Health,,carried from the initial testing (the batch's initial CoQ (number assigned on issue)) — covered
FB112501,FB112501,Fat Bastard,CoQ-PP_26-065,release,06.06.2026,11.4,Mercury (Hg),0.0078,2357/2026,29.04.2026,IPH — Institute of Public Health,,covered
FB112501,FB112501,Fat Bastard,CoQ-PP_26-145,reissue — 12-month retest,21.09.2026,11.4,Mercury (Hg),0.0078,2357/2026,29.04.2026,IPH — Institute of Public Health,,carried from the initial testing (the batch's initial CoQ (number assigned on issue)) — covered
FB112501,FB112501,Fat Bastard,CoQ-PP_26-065,release,06.06.2026,12,Pesticide Residues,ND,2357/2026,29.04.2026,IPH — Institute of Public Health,,covered
FB112501,FB112501,Fat Bastard,CoQ-PP_26-145,reissue — 12-month retest,21.09.2026,12,Pesticide Residues,ND,2357/2026,29.04.2026,IPH — Institute of Public Health,,carried from the initial testing (the batch's initial CoQ (number assigned on issue)) — covered
GG012601,GG012601,Gorilla Glue,CoQ-PP_26-066,release,06.06.2026,1,"Identification A, Appearance · Macroscopic",Conforms | Одговара,iCoA-PP_26-074,03.06.2026,Purely Plant GmbH (in-house),yes,to be performed — see route
GG012601,GG012601,Gorilla Glue,CoQ-PP_26-146,reissue — 12-month retest,21.09.2026,1,"Identification A, Appearance · Macroscopic",Conforms | Одговара,iCoA-PP_26-182,24.08.2026,Purely Plant GmbH (in-house),yes,to be performed — see route
GG012601,GG012601,Gorilla Glue,CoQ-PP_26-066,release,06.06.2026,2,Identification B · Microscopic,Conforms | Одговара,iCoA-PP_26-074,03.06.2026,Purely Plant GmbH (in-house),yes,to be performed — see route
GG012601,GG012601,Gorilla Glue,CoQ-PP_26-146,reissue — 12-month retest,21.09.2026,2,Identification B · Microscopic,Conforms | Одговара,iCoA-PP_26-182,24.08.2026,Purely Plant GmbH (in-house),yes,to be performed — see route
GG012601,GG012601,Gorilla Glue,CoQ-PP_26-066,release,06.06.2026,3,Identification C · HPLC/HPTLC,Conforms | Одговара,ППК26062,11.05.2026,UKIM Faculty of Pharmacy — Center for Natural Products,,covered
GG012601,GG012601,Gorilla Glue,CoQ-PP_26-146,reissue — 12-month retest,21.09.2026,3,Identification C · HPLC/HPTLC,Conforms | Одговара,227-21-К/26,11.09.2026,Farmahem,,covered
GG012601,GG012601,Gorilla Glue,CoQ-PP_26-066,release,06.06.2026,4,Assay — Total Δ⁹-THC,15.35,ППК26062,11.05.2026,UKIM Faculty of Pharmacy — Center for Natural Products,,covered
GG012601,GG012601,Gorilla Glue,CoQ-PP_26-146,reissue — 12-month retest,21.09.2026,4,Assay — Total Δ⁹-THC,19.16,227-21-К/26,11.09.2026,Farmahem,,covered
GG012601,GG012601,Gorilla Glue,CoQ-PP_26-066,release,06.06.2026,5,Assay — Total CBD,0.06,ППК26062,11.05.2026,UKIM Faculty of Pharmacy — Center for Natural Products,,covered
GG012601,GG012601,Gorilla Glue,CoQ-PP_26-146,reissue — 12-month retest,21.09.2026,5,Assay — Total CBD,< LOQ,227-21-К/26,11.09.2026,Farmahem,,covered
GG012601,GG012601,Gorilla Glue,CoQ-PP_26-066,release,06.06.2026,6,Total CBN,not tested,—,—,—,,not tested — no certificate covers it
GG012601,GG012601,Gorilla Glue,CoQ-PP_26-146,reissue — 12-month retest,21.09.2026,6,Total CBN,< LOQ,227-21-К/26,11.09.2026,Farmahem,,covered
GG012601,GG012601,Gorilla Glue,CoQ-PP_26-066,release,06.06.2026,7,Foreign Matter,Conforms | Одговара,iCoA-PP_26-074,03.06.2026,Purely Plant GmbH (in-house),yes,to be performed — see route
GG012601,GG012601,Gorilla Glue,CoQ-PP_26-146,reissue — 12-month retest,21.09.2026,7,Foreign Matter,Conforms | Одговара,iCoA-PP_26-182,24.08.2026,Purely Plant GmbH (in-house),yes,to be performed — see route
GG012601,GG012601,Gorilla Glue,CoQ-PP_26-066,release,06.06.2026,8,Loss on Drying,6.13,ППК26062,11.05.2026,UKIM Faculty of Pharmacy — Center for Natural Products,,covered
GG012601,GG012601,Gorilla Glue,CoQ-PP_26-146,reissue — 12-month retest,21.09.2026,8,Loss on Drying,6.13,ППК26062,11.05.2026,UKIM Faculty of Pharmacy — Center for Natural Products,,carried from the initial testing (the batch's initial CoQ (number assigned on issue)) — covered
GG012601,GG012601,Gorilla Glue,CoQ-PP_26-066,release,06.06.2026,9.1,TAMC,1 × 10⁴,310/0554/26,28.04.2026,IPH — Institute of Public Health,,covered
GG012601,GG012601,Gorilla Glue,CoQ-PP_26-146,reissue — 12-month retest,21.09.2026,9.1,TAMC,"2,2 × 10³",541/1072/26,31.08.2026,IPH — Institute of Public Health,,covered
GG012601,GG012601,Gorilla Glue,CoQ-PP_26-066,release,06.06.2026,9.2,TYMC,1 × 10⁴,310/0554/26,28.04.2026,IPH — Institute of Public Health,,covered
GG012601,GG012601,Gorilla Glue,CoQ-PP_26-146,reissue — 12-month retest,21.09.2026,9.2,TYMC,"2,1 × 10³",541/1072/26,31.08.2026,IPH — Institute of Public Health,,covered
GG012601,GG012601,Gorilla Glue,CoQ-PP_26-066,release,06.06.2026,9.3,Bile-tolerant gram-neg.,< 10,310/0554/26,28.04.2026,IPH — Institute of Public Health,,covered
GG012601,GG012601,Gorilla Glue,CoQ-PP_26-146,reissue — 12-month retest,21.09.2026,9.3,Bile-tolerant gram-neg.,< 10,541/1072/26,31.08.2026,IPH — Institute of Public Health,,covered
GG012601,GG012601,Gorilla Glue,CoQ-PP_26-066,release,06.06.2026,9.4,Salmonella,Absent | Отсутна,310/0554/26,28.04.2026,IPH — Institute of Public Health,,covered
GG012601,GG012601,Gorilla Glue,CoQ-PP_26-146,reissue — 12-month retest,21.09.2026,9.4,Salmonella,Absent | Отсутна,541/1072/26,31.08.2026,IPH — Institute of Public Health,,covered
GG012601,GG012601,Gorilla Glue,CoQ-PP_26-066,release,06.06.2026,9.5,Escherichia coli,Absent | Отсутна,310/0554/26,28.04.2026,IPH — Institute of Public Health,,covered
GG012601,GG012601,Gorilla Glue,CoQ-PP_26-146,reissue — 12-month retest,21.09.2026,9.5,Escherichia coli,Absent | Отсутна,541/1072/26,31.08.2026,IPH — Institute of Public Health,,covered
GG012601,GG012601,Gorilla Glue,CoQ-PP_26-066,release,06.06.2026,9.6,Pseudomonas aeruginosa,upon request — not required for release,—,—,—,,upon request — not required for release
GG012601,GG012601,Gorilla Glue,CoQ-PP_26-146,reissue — 12-month retest,21.09.2026,9.6,Pseudomonas aeruginosa,upon request — not required for release,—,—,—,,upon request — not required for release
GG012601,GG012601,Gorilla Glue,CoQ-PP_26-066,release,06.06.2026,9.7,Staphylococcus aureus,upon request — not required for release,—,—,—,,upon request — not required for release
GG012601,GG012601,Gorilla Glue,CoQ-PP_26-146,reissue — 12-month retest,21.09.2026,9.7,Staphylococcus aureus,upon request — not required for release,—,—,—,,upon request — not required for release
GG012601,GG012601,Gorilla Glue,CoQ-PP_26-066,release,06.06.2026,10.1,Aflatoxin B₁,not tested,—,—,—,,not tested — no certificate covers it
GG012601,GG012601,Gorilla Glue,CoQ-PP_26-146,reissue — 12-month retest,21.09.2026,10.1,Aflatoxin B₁,ND,227-21-М/26,16.09.2026,Farmahem,,covered
GG012601,GG012601,Gorilla Glue,CoQ-PP_26-066,release,06.06.2026,10.2,Aflatoxins ∑,< 2,2364/2026,30.04.2026,IPH — Institute of Public Health,,covered
GG012601,GG012601,Gorilla Glue,CoQ-PP_26-146,reissue — 12-month retest,21.09.2026,10.2,Aflatoxins ∑,ND,227-21-М/26,16.09.2026,Farmahem,,carried from the initial testing (the batch's initial CoQ (number assigned on issue)) — covered
GG012601,GG012601,Gorilla Glue,CoQ-PP_26-066,release,06.06.2026,10.3,Ochratoxin A,not tested,—,—,—,,not tested — no certificate covers it
GG012601,GG012601,Gorilla Glue,CoQ-PP_26-146,reissue — 12-month retest,21.09.2026,10.3,Ochratoxin A,ND,227-21-М/26,16.09.2026,Farmahem,,covered
GG012601,GG012601,Gorilla Glue,CoQ-PP_26-066,release,06.06.2026,11.1,Lead (Pb),0.0227,2364/2026,30.04.2026,IPH — Institute of Public Health,,covered
GG012601,GG012601,Gorilla Glue,CoQ-PP_26-146,reissue — 12-month retest,21.09.2026,11.1,Lead (Pb),0.0227,2364/2026,30.04.2026,IPH — Institute of Public Health,,carried from the initial testing (the batch's initial CoQ (number assigned on issue)) — covered
GG012601,GG012601,Gorilla Glue,CoQ-PP_26-066,release,06.06.2026,11.2,Cadmium (Cd),0.0179,2364/2026,30.04.2026,IPH — Institute of Public Health,,covered
GG012601,GG012601,Gorilla Glue,CoQ-PP_26-146,reissue — 12-month retest,21.09.2026,11.2,Cadmium (Cd),0.0179,2364/2026,30.04.2026,IPH — Institute of Public Health,,carried from the initial testing (the batch's initial CoQ (number assigned on issue)) — covered
GG012601,GG012601,Gorilla Glue,CoQ-PP_26-066,release,06.06.2026,11.3,Arsenic (As),0.0163,2364/2026,30.04.2026,IPH — Institute of Public Health,,covered
GG012601,GG012601,Gorilla Glue,CoQ-PP_26-146,reissue — 12-month retest,21.09.2026,11.3,Arsenic (As),0.0163,2364/2026,30.04.2026,IPH — Institute of Public Health,,carried from the initial testing (the batch's initial CoQ (number assigned on issue)) — covered
GG012601,GG012601,Gorilla Glue,CoQ-PP_26-066,release,06.06.2026,11.4,Mercury (Hg),0.031,2364/2026,30.04.2026,IPH — Institute of Public Health,,covered
GG012601,GG012601,Gorilla Glue,CoQ-PP_26-146,reissue — 12-month retest,21.09.2026,11.4,Mercury (Hg),0.031,2364/2026,30.04.2026,IPH — Institute of Public Health,,carried from the initial testing (the batch's initial CoQ (number assigned on issue)) — covered
GG012601,GG012601,Gorilla Glue,CoQ-PP_26-066,release,06.06.2026,12,Pesticide Residues,ND,2364/2026,30.04.2026,IPH — Institute of Public Health,,covered
GG012601,GG012601,Gorilla Glue,CoQ-PP_26-146,reissue — 12-month retest,21.09.2026,12,Pesticide Residues,ND,2364/2026,30.04.2026,IPH — Institute of Public Health,,carried from the initial testing (the batch's initial CoQ (number assigned on issue)) — covered
JD012601,JD012601,Jelly Donutz,CoQ-PP_26-067,release,06.06.2026,1,"Identification A, Appearance · Macroscopic",Conforms | Одговара,iCoA-PP_26-075,03.06.2026,Purely Plant GmbH (in-house),yes,to be performed — see route
JD012601,JD012601,Jelly Donutz,CoQ-PP_26-155,reissue — 12-month retest,21.09.2026,1,"Identification A, Appearance · Macroscopic",Conforms | Одговара,iCoA-PP_26-170,24.08.2026,Purely Plant GmbH (in-house),yes,to be performed — see route
JD012601,JD012601,Jelly Donutz,CoQ-PP_26-067,release,06.06.2026,2,Identification B · Microscopic,Conforms | Одговара,iCoA-PP_26-075,03.06.2026,Purely Plant GmbH (in-house),yes,to be performed — see route
JD012601,JD012601,Jelly Donutz,CoQ-PP_26-155,reissue — 12-month retest,21.09.2026,2,Identification B · Microscopic,Conforms | Одговара,iCoA-PP_26-170,24.08.2026,Purely Plant GmbH (in-house),yes,to be performed — see route
JD012601,JD012601,Jelly Donutz,CoQ-PP_26-067,release,06.06.2026,3,Identification C · HPLC/HPTLC,Conforms | Одговара,ППК26064,11.05.2026,UKIM Faculty of Pharmacy — Center for Natural Products,,covered
JD012601,JD012601,Jelly Donutz,CoQ-PP_26-155,reissue — 12-month retest,21.09.2026,3,Identification C · HPLC/HPTLC,Conforms | Одговара,227-15-К/26,11.09.2026,Farmahem,,covered
JD012601,JD012601,Jelly Donutz,CoQ-PP_26-067,release,06.06.2026,4,Assay — Total Δ⁹-THC,18.16,ППК26064,11.05.2026,UKIM Faculty of Pharmacy — Center for Natural Products,,covered
JD012601,JD012601,Jelly Donutz,CoQ-PP_26-155,reissue — 12-month retest,21.09.2026,4,Assay — Total Δ⁹-THC,19.99,227-15-К/26,11.09.2026,Farmahem,,covered
JD012601,JD012601,Jelly Donutz,CoQ-PP_26-067,release,06.06.2026,5,Assay — Total CBD,0.06,ППК26064,11.05.2026,UKIM Faculty of Pharmacy — Center for Natural Products,,covered
JD012601,JD012601,Jelly Donutz,CoQ-PP_26-155,reissue — 12-month retest,21.09.2026,5,Assay — Total CBD,< LOQ,227-15-К/26,11.09.2026,Farmahem,,covered
JD012601,JD012601,Jelly Donutz,CoQ-PP_26-067,release,06.06.2026,6,Total CBN,not tested,—,—,—,,not tested — no certificate covers it
JD012601,JD012601,Jelly Donutz,CoQ-PP_26-155,reissue — 12-month retest,21.09.2026,6,Total CBN,< LOQ,227-15-К/26,11.09.2026,Farmahem,,covered
JD012601,JD012601,Jelly Donutz,CoQ-PP_26-067,release,06.06.2026,7,Foreign Matter,Conforms | Одговара,iCoA-PP_26-075,03.06.2026,Purely Plant GmbH (in-house),yes,to be performed — see route
JD012601,JD012601,Jelly Donutz,CoQ-PP_26-155,reissue — 12-month retest,21.09.2026,7,Foreign Matter,Conforms | Одговара,iCoA-PP_26-170,24.08.2026,Purely Plant GmbH (in-house),yes,to be performed — see route
JD012601,JD012601,Jelly Donutz,CoQ-PP_26-067,release,06.06.2026,8,Loss on Drying,6.68,ППК26064,11.05.2026,UKIM Faculty of Pharmacy — Center for Natural Products,,covered
JD012601,JD012601,Jelly Donutz,CoQ-PP_26-155,reissue — 12-month retest,21.09.2026,8,Loss on Drying,6.68,ППК26064,11.05.2026,UKIM Faculty of Pharmacy — Center for Natural Products,,carried from the initial testing (the batch's initial CoQ (number assigned on issue)) — covered
JD012601,JD012601,Jelly Donutz,CoQ-PP_26-067,release,06.06.2026,9.1,TAMC,"1,9 × 10³",309/0553/26,28.04.2026,IPH — Institute of Public Health,,covered
JD012601,JD012601,Jelly Donutz,CoQ-PP_26-155,reissue — 12-month retest,21.09.2026,9.1,TAMC,"2,2 × 10³",540/1071/26,31.08.2026,IPH — Institute of Public Health,,covered
JD012601,JD012601,Jelly Donutz,CoQ-PP_26-067,release,06.06.2026,9.2,TYMC,"2,4 × 10³",309/0553/26,28.04.2026,IPH — Institute of Public Health,,covered
JD012601,JD012601,Jelly Donutz,CoQ-PP_26-155,reissue — 12-month retest,21.09.2026,9.2,TYMC,"1,7 × 10³",540/1071/26,31.08.2026,IPH — Institute of Public Health,,covered
JD012601,JD012601,Jelly Donutz,CoQ-PP_26-067,release,06.06.2026,9.3,Bile-tolerant gram-neg.,< 10,309/0553/26,28.04.2026,IPH — Institute of Public Health,,covered
JD012601,JD012601,Jelly Donutz,CoQ-PP_26-155,reissue — 12-month retest,21.09.2026,9.3,Bile-tolerant gram-neg.,< 10,540/1071/26,31.08.2026,IPH — Institute of Public Health,,covered
JD012601,JD012601,Jelly Donutz,CoQ-PP_26-067,release,06.06.2026,9.4,Salmonella,Absent | Отсутна,309/0553/26,28.04.2026,IPH — Institute of Public Health,,covered
JD012601,JD012601,Jelly Donutz,CoQ-PP_26-155,reissue — 12-month retest,21.09.2026,9.4,Salmonella,Absent | Отсутна,540/1071/26,31.08.2026,IPH — Institute of Public Health,,covered
JD012601,JD012601,Jelly Donutz,CoQ-PP_26-067,release,06.06.2026,9.5,Escherichia coli,Absent | Отсутна,309/0553/26,28.04.2026,IPH — Institute of Public Health,,covered
JD012601,JD012601,Jelly Donutz,CoQ-PP_26-155,reissue — 12-month retest,21.09.2026,9.5,Escherichia coli,Absent | Отсутна,540/1071/26,31.08.2026,IPH — Institute of Public Health,,covered
JD012601,JD012601,Jelly Donutz,CoQ-PP_26-067,release,06.06.2026,9.6,Pseudomonas aeruginosa,upon request — not required for release,—,—,—,,upon request — not required for release
JD012601,JD012601,Jelly Donutz,CoQ-PP_26-155,reissue — 12-month retest,21.09.2026,9.6,Pseudomonas aeruginosa,upon request — not required for release,—,—,—,,upon request — not required for release
JD012601,JD012601,Jelly Donutz,CoQ-PP_26-067,release,06.06.2026,9.7,Staphylococcus aureus,upon request — not required for release,—,—,—,,upon request — not required for release
JD012601,JD012601,Jelly Donutz,CoQ-PP_26-155,reissue — 12-month retest,21.09.2026,9.7,Staphylococcus aureus,upon request — not required for release,—,—,—,,upon request — not required for release
JD012601,JD012601,Jelly Donutz,CoQ-PP_26-067,release,06.06.2026,10.1,Aflatoxin B₁,not tested,—,—,—,,not tested — no certificate covers it
JD012601,JD012601,Jelly Donutz,CoQ-PP_26-155,reissue — 12-month retest,21.09.2026,10.1,Aflatoxin B₁,ND,227-15-М/26,16.09.2026,Farmahem,,covered
JD012601,JD012601,Jelly Donutz,CoQ-PP_26-067,release,06.06.2026,10.2,Aflatoxins ∑,< 2,2363/2026,30.04.2026,IPH — Institute of Public Health,,covered
JD012601,JD012601,Jelly Donutz,CoQ-PP_26-155,reissue — 12-month retest,21.09.2026,10.2,Aflatoxins ∑,ND,227-15-М/26,16.09.2026,Farmahem,,carried from the initial testing (the batch's initial CoQ (number assigned on issue)) — covered
JD012601,JD012601,Jelly Donutz,CoQ-PP_26-067,release,06.06.2026,10.3,Ochratoxin A,not tested,—,—,—,,not tested — no certificate covers it
JD012601,JD012601,Jelly Donutz,CoQ-PP_26-155,reissue — 12-month retest,21.09.2026,10.3,Ochratoxin A,ND,227-15-М/26,16.09.2026,Farmahem,,covered
JD012601,JD012601,Jelly Donutz,CoQ-PP_26-067,release,06.06.2026,11.1,Lead (Pb),0.0739,2363/2026,30.04.2026,IPH — Institute of Public Health,,covered
JD012601,JD012601,Jelly Donutz,CoQ-PP_26-155,reissue — 12-month retest,21.09.2026,11.1,Lead (Pb),0.0739,2363/2026,30.04.2026,IPH — Institute of Public Health,,carried from the initial testing (the batch's initial CoQ (number assigned on issue)) — covered
JD012601,JD012601,Jelly Donutz,CoQ-PP_26-067,release,06.06.2026,11.2,Cadmium (Cd),0.0166,2363/2026,30.04.2026,IPH — Institute of Public Health,,covered
JD012601,JD012601,Jelly Donutz,CoQ-PP_26-155,reissue — 12-month retest,21.09.2026,11.2,Cadmium (Cd),0.0166,2363/2026,30.04.2026,IPH — Institute of Public Health,,carried from the initial testing (the batch's initial CoQ (number assigned on issue)) — covered
JD012601,JD012601,Jelly Donutz,CoQ-PP_26-067,release,06.06.2026,11.3,Arsenic (As),0.0136,2363/2026,30.04.2026,IPH — Institute of Public Health,,covered
JD012601,JD012601,Jelly Donutz,CoQ-PP_26-155,reissue — 12-month retest,21.09.2026,11.3,Arsenic (As),0.0136,2363/2026,30.04.2026,IPH — Institute of Public Health,,carried from the initial testing (the batch's initial CoQ (number assigned on issue)) — covered
JD012601,JD012601,Jelly Donutz,CoQ-PP_26-067,release,06.06.2026,11.4,Mercury (Hg),0.0322,2363/2026,30.04.2026,IPH — Institute of Public Health,,covered
JD012601,JD012601,Jelly Donutz,CoQ-PP_26-155,reissue — 12-month retest,21.09.2026,11.4,Mercury (Hg),0.0322,2363/2026,30.04.2026,IPH — Institute of Public Health,,carried from the initial testing (the batch's initial CoQ (number assigned on issue)) — covered
JD012601,JD012601,Jelly Donutz,CoQ-PP_26-067,release,06.06.2026,12,Pesticide Residues,ND,2363/2026,30.04.2026,IPH — Institute of Public Health,,covered
JD012601,JD012601,Jelly Donutz,CoQ-PP_26-155,reissue — 12-month retest,21.09.2026,12,Pesticide Residues,ND,2363/2026,30.04.2026,IPH — Institute of Public Health,,carried from the initial testing (the batch's initial CoQ (number assigned on issue)) — covered
P060332,P060332,CashCow,CoQ-PP_26-068,release,06.06.2026,1,"Identification A, Appearance · Macroscopic",Conforms | Одговара,iCoA-PP_26-077,03.06.2026,Purely Plant GmbH (in-house),yes,to be performed — see route
P060332,P060332,CashCow,CoQ-PP_26-087,reissue — 12-month retest,17.08.2026,1,"Identification A, Appearance · Macroscopic",Conforms | Одговара,iCoA-PP_26-103,27.07.2026,Purely Plant GmbH (in-house),yes,covered
P060332,P060332,CashCow,CoQ-PP_26-068,release,06.06.2026,2,Identification B · Microscopic,Conforms | Одговара,iCoA-PP_26-077,03.06.2026,Purely Plant GmbH (in-house),yes,to be performed — see route
P060332,P060332,CashCow,CoQ-PP_26-087,reissue — 12-month retest,17.08.2026,2,Identification B · Microscopic,Conforms | Одговара,iCoA-PP_26-103,27.07.2026,Purely Plant GmbH (in-house),yes,covered
P060332,P060332,CashCow,CoQ-PP_26-068,release,06.06.2026,3,Identification C · HPLC/HPTLC,to be performed (in house),—,—,—,,to be performed — see route
P060332,P060332,CashCow,CoQ-PP_26-087,reissue — 12-month retest,17.08.2026,3,Identification C · HPLC/HPTLC,Conforms | Одговара,197-6-К/26,07.08.2026,Farmahem,,covered
P060332,P060332,CashCow,CoQ-PP_26-068,release,06.06.2026,4,Assay — Total Δ⁹-THC,not tested,—,—,—,,not tested — no certificate covers it
P060332,P060332,CashCow,CoQ-PP_26-087,reissue — 12-month retest,17.08.2026,4,Assay — Total Δ⁹-THC,17.67,197-6-К/26,07.08.2026,Farmahem,,covered
P060332,P060332,CashCow,CoQ-PP_26-068,release,06.06.2026,5,Assay — Total CBD,not tested,—,—,—,,not tested — no certificate covers it
P060332,P060332,CashCow,CoQ-PP_26-087,reissue — 12-month retest,17.08.2026,5,Assay — Total CBD,< LOQ,197-6-К/26,07.08.2026,Farmahem,,covered
P060332,P060332,CashCow,CoQ-PP_26-068,release,06.06.2026,6,Total CBN,not tested,—,—,—,,not tested — no certificate covers it
P060332,P060332,CashCow,CoQ-PP_26-087,reissue — 12-month retest,17.08.2026,6,Total CBN,< LOQ,197-6-К/26,07.08.2026,Farmahem,,covered
P060332,P060332,CashCow,CoQ-PP_26-068,release,06.06.2026,7,Foreign Matter,Conforms | Одговара,iCoA-PP_26-077,03.06.2026,Purely Plant GmbH (in-house),yes,to be performed — see route
P060332,P060332,CashCow,CoQ-PP_26-087,reissue — 12-month retest,17.08.2026,7,Foreign Matter,Conforms | Одговара,iCoA-PP_26-103,27.07.2026,Purely Plant GmbH (in-house),yes,covered
P060332,P060332,CashCow,CoQ-PP_26-068,release,06.06.2026,8,Loss on Drying,not tested,—,—,—,,not tested — no certificate covers it
P060332,P060332,CashCow,CoQ-PP_26-087,reissue — 12-month retest,17.08.2026,8,Loss on Drying,carried from the initial testing — not tested,—,—,—,,carried from the initial testing (the batch's initial CoQ (number assigned on issue)) — not tested — no certificate covers it
P060332,P060332,CashCow,CoQ-PP_26-068,release,06.06.2026,9.1,TAMC,7.8 × 10⁴,361/0691/26,01.06.2026,IPH — Institute of Public Health,,covered
P060332,P060332,CashCow,CoQ-PP_26-087,reissue — 12-month retest,17.08.2026,9.1,TAMC,7.8 × 10⁴,361/0691/26,01.06.2026,IPH — Institute of Public Health,,covered
P060332,P060332,CashCow,CoQ-PP_26-068,release,06.06.2026,9.2,TYMC,2.2 × 10⁴,361/0691/26,01.06.2026,IPH — Institute of Public Health,,OUT OF SPECIFICATION — covered
P060332,P060332,CashCow,CoQ-PP_26-087,reissue — 12-month retest,17.08.2026,9.2,TYMC,2.2 × 10⁴,361/0691/26,01.06.2026,IPH — Institute of Public Health,,OUT OF SPECIFICATION — covered
P060332,P060332,CashCow,CoQ-PP_26-068,release,06.06.2026,9.3,Bile-tolerant gram-neg.,< 10,361/0691/26,01.06.2026,IPH — Institute of Public Health,,covered
P060332,P060332,CashCow,CoQ-PP_26-087,reissue — 12-month retest,17.08.2026,9.3,Bile-tolerant gram-neg.,< 10,361/0691/26,01.06.2026,IPH — Institute of Public Health,,covered
P060332,P060332,CashCow,CoQ-PP_26-068,release,06.06.2026,9.4,Salmonella,Absent | Отсутна,361/0691/26,01.06.2026,IPH — Institute of Public Health,,covered
P060332,P060332,CashCow,CoQ-PP_26-087,reissue — 12-month retest,17.08.2026,9.4,Salmonella,Absent | Отсутна,361/0691/26,01.06.2026,IPH — Institute of Public Health,,covered
P060332,P060332,CashCow,CoQ-PP_26-068,release,06.06.2026,9.5,Escherichia coli,Absent | Отсутна,361/0691/26,01.06.2026,IPH — Institute of Public Health,,covered
P060332,P060332,CashCow,CoQ-PP_26-087,reissue — 12-month retest,17.08.2026,9.5,Escherichia coli,Absent | Отсутна,361/0691/26,01.06.2026,IPH — Institute of Public Health,,covered
P060332,P060332,CashCow,CoQ-PP_26-068,release,06.06.2026,9.6,Pseudomonas aeruginosa,upon request — not required for release,—,—,—,,upon request — not required for release
P060332,P060332,CashCow,CoQ-PP_26-087,reissue — 12-month retest,17.08.2026,9.6,Pseudomonas aeruginosa,upon request — not required for release,—,—,—,,upon request — not required for release
P060332,P060332,CashCow,CoQ-PP_26-068,release,06.06.2026,9.7,Staphylococcus aureus,upon request — not required for release,—,—,—,,upon request — not required for release
P060332,P060332,CashCow,CoQ-PP_26-087,reissue — 12-month retest,17.08.2026,9.7,Staphylococcus aureus,upon request — not required for release,—,—,—,,upon request — not required for release
P060332,P060332,CashCow,CoQ-PP_26-068,release,06.06.2026,10.1,Aflatoxin B₁,not tested,—,—,—,,not tested — no certificate covers it
P060332,P060332,CashCow,CoQ-PP_26-087,reissue — 12-month retest,17.08.2026,10.1,Aflatoxin B₁,ND,197-6-М/26,10.08.2026,Farmahem,,covered
P060332,P060332,CashCow,CoQ-PP_26-068,release,06.06.2026,10.2,Aflatoxins ∑,not tested,—,—,—,,not tested — no certificate covers it
P060332,P060332,CashCow,CoQ-PP_26-087,reissue — 12-month retest,17.08.2026,10.2,Aflatoxins ∑,ND,197-6-М/26,10.08.2026,Farmahem,,covered
P060332,P060332,CashCow,CoQ-PP_26-068,release,06.06.2026,10.3,Ochratoxin A,not tested,—,—,—,,not tested — no certificate covers it
P060332,P060332,CashCow,CoQ-PP_26-087,reissue — 12-month retest,17.08.2026,10.3,Ochratoxin A,ND,197-6-М/26,10.08.2026,Farmahem,,covered
P060332,P060332,CashCow,CoQ-PP_26-068,release,06.06.2026,11.1,Lead (Pb),not tested,—,—,—,,not tested — no certificate covers it
P060332,P060332,CashCow,CoQ-PP_26-087,reissue — 12-month retest,17.08.2026,11.1,Lead (Pb),carried from the initial testing — not tested,—,—,—,,carried from the initial testing (the batch's initial CoQ (number assigned on issue)) — not tested — no certificate covers it
P060332,P060332,CashCow,CoQ-PP_26-068,release,06.06.2026,11.2,Cadmium (Cd),not tested,—,—,—,,not tested — no certificate covers it
P060332,P060332,CashCow,CoQ-PP_26-087,reissue — 12-month retest,17.08.2026,11.2,Cadmium (Cd),carried from the initial testing — not tested,—,—,—,,carried from the initial testing (the batch's initial CoQ (number assigned on issue)) — not tested — no certificate covers it
P060332,P060332,CashCow,CoQ-PP_26-068,release,06.06.2026,11.3,Arsenic (As),not tested,—,—,—,,not tested — no certificate covers it
P060332,P060332,CashCow,CoQ-PP_26-087,reissue — 12-month retest,17.08.2026,11.3,Arsenic (As),carried from the initial testing — not tested,—,—,—,,carried from the initial testing (the batch's initial CoQ (number assigned on issue)) — not tested — no certificate covers it
P060332,P060332,CashCow,CoQ-PP_26-068,release,06.06.2026,11.4,Mercury (Hg),not tested,—,—,—,,not tested — no certificate covers it
P060332,P060332,CashCow,CoQ-PP_26-087,reissue — 12-month retest,17.08.2026,11.4,Mercury (Hg),carried from the initial testing — not tested,—,—,—,,carried from the initial testing (the batch's initial CoQ (number assigned on issue)) — not tested — no certificate covers it
P060332,P060332,CashCow,CoQ-PP_26-068,release,06.06.2026,12,Pesticide Residues,not tested,—,—,—,,not tested — no certificate covers it
P060332,P060332,CashCow,CoQ-PP_26-087,reissue — 12-month retest,17.08.2026,12,Pesticide Residues,carried from the initial testing — not tested,—,—,—,,carried from the initial testing (the batch's initial CoQ (number assigned on issue)) — not tested — no certificate covers it
P060322,FB012601/1,Fat Bastard,CoQ-PP_26-069,release,06.06.2026,1,"Identification A, Appearance · Macroscopic",Conforms | Одговара,iCoA-PP_26-076,03.06.2026,Purely Plant GmbH (in-house),yes,to be performed — see route
P060322,FB012601/1,Fat Bastard,CoQ-PP_26-114,reissue — 12-month retest,18.09.2026,1,"Identification A, Appearance · Macroscopic",Conforms | Одговара,iCoA-PP_26-128,17.08.2026,Purely Plant GmbH (in-house),yes,covered
P060322,FB012601/1,Fat Bastard,CoQ-PP_26-069,release,06.06.2026,2,Identification B · Microscopic,Conforms | Одговара,iCoA-PP_26-076,03.06.2026,Purely Plant GmbH (in-house),yes,to be performed — see route
P060322,FB012601/1,Fat Bastard,CoQ-PP_26-114,reissue — 12-month retest,18.09.2026,2,Identification B · Microscopic,Conforms | Одговара,iCoA-PP_26-128,17.08.2026,Purely Plant GmbH (in-house),yes,covered
P060322,FB012601/1,Fat Bastard,CoQ-PP_26-069,release,06.06.2026,3,Identification C · HPLC/HPTLC,Conforms | Одговара,ППК26067,11.05.2026,UKIM Faculty of Pharmacy — Center for Natural Products,,covered
P060322,FB012601/1,Fat Bastard,CoQ-PP_26-114,reissue — 12-month retest,18.09.2026,3,Identification C · HPLC/HPTLC,Conforms | Одговара,220-8-К/26,25.08.2026,Farmahem,,covered
P060322,FB012601/1,Fat Bastard,CoQ-PP_26-069,release,06.06.2026,4,Assay — Total Δ⁹-THC,14.68,ППК26067,11.05.2026,UKIM Faculty of Pharmacy — Center for Natural Products,,covered
P060322,FB012601/1,Fat Bastard,CoQ-PP_26-114,reissue — 12-month retest,18.09.2026,4,Assay — Total Δ⁹-THC,17.99,220-8-К/26,25.08.2026,Farmahem,,covered
P060322,FB012601/1,Fat Bastard,CoQ-PP_26-069,release,06.06.2026,5,Assay — Total CBD,0.04,ППК26067,11.05.2026,UKIM Faculty of Pharmacy — Center for Natural Products,,covered
P060322,FB012601/1,Fat Bastard,CoQ-PP_26-114,reissue — 12-month retest,18.09.2026,5,Assay — Total CBD,< LOQ,220-8-К/26,25.08.2026,Farmahem,,covered
P060322,FB012601/1,Fat Bastard,CoQ-PP_26-069,release,06.06.2026,6,Total CBN,< LOQ %,ППК26067,11.05.2026,CNP,,covered
P060322,FB012601/1,Fat Bastard,CoQ-PP_26-114,reissue — 12-month retest,18.09.2026,6,Total CBN,< LOQ,220-8-К/26,25.08.2026,Farmahem,,covered
P060322,FB012601/1,Fat Bastard,CoQ-PP_26-069,release,06.06.2026,7,Foreign Matter,Conforms | Одговара,iCoA-PP_26-076,03.06.2026,Purely Plant GmbH (in-house),yes,to be performed — see route
P060322,FB012601/1,Fat Bastard,CoQ-PP_26-114,reissue — 12-month retest,18.09.2026,7,Foreign Matter,Conforms | Одговара,iCoA-PP_26-128,17.08.2026,Purely Plant GmbH (in-house),yes,covered
P060322,FB012601/1,Fat Bastard,CoQ-PP_26-069,release,06.06.2026,8,Loss on Drying,7.67,ППК26067,11.05.2026,UKIM Faculty of Pharmacy — Center for Natural Products,,covered
P060322,FB012601/1,Fat Bastard,CoQ-PP_26-114,reissue — 12-month retest,18.09.2026,8,Loss on Drying,7.67,ППК26067,11.05.2026,UKIM Faculty of Pharmacy — Center for Natural Products,,carried from the initial testing (CoQ-PP-2026-0019) — covered
P060322,FB012601/1,Fat Bastard,CoQ-PP_26-069,release,06.06.2026,9.1,TAMC,2 × 10³,308/0552/26,28.04.2026,IPH — Institute of Public Health,,covered
P060322,FB012601/1,Fat Bastard,CoQ-PP_26-114,reissue — 12-month retest,18.09.2026,9.1,TAMC,2 × 10³,308/0552/26,28.04.2026,IPH — Institute of Public Health,,carried from the initial testing (CoQ-PP-2026-0019) — covered
P060322,FB012601/1,Fat Bastard,CoQ-PP_26-069,release,06.06.2026,9.2,TYMC,"2,1 × 10³",308/0552/26,28.04.2026,IPH — Institute of Public Health,,covered
P060322,FB012601/1,Fat Bastard,CoQ-PP_26-114,reissue — 12-month retest,18.09.2026,9.2,TYMC,"2,1 × 10³",308/0552/26,28.04.2026,IPH — Institute of Public Health,,carried from the initial testing (CoQ-PP-2026-0019) — covered
P060322,FB012601/1,Fat Bastard,CoQ-PP_26-069,release,06.06.2026,9.3,Bile-tolerant gram-neg.,< 10,308/0552/26,28.04.2026,IPH — Institute of Public Health,,covered
P060322,FB012601/1,Fat Bastard,CoQ-PP_26-114,reissue — 12-month retest,18.09.2026,9.3,Bile-tolerant gram-neg.,< 10,308/0552/26,28.04.2026,IPH — Institute of Public Health,,carried from the initial testing (CoQ-PP-2026-0019) — covered
P060322,FB012601/1,Fat Bastard,CoQ-PP_26-069,release,06.06.2026,9.4,Salmonella,Absent | Отсутна,308/0552/26,28.04.2026,IPH — Institute of Public Health,,covered
P060322,FB012601/1,Fat Bastard,CoQ-PP_26-114,reissue — 12-month retest,18.09.2026,9.4,Salmonella,Absent | Отсутна,308/0552/26,28.04.2026,IPH — Institute of Public Health,,carried from the initial testing (CoQ-PP-2026-0019) — covered
P060322,FB012601/1,Fat Bastard,CoQ-PP_26-069,release,06.06.2026,9.5,Escherichia coli,Absent | Отсутна,308/0552/26,28.04.2026,IPH — Institute of Public Health,,covered
P060322,FB012601/1,Fat Bastard,CoQ-PP_26-114,reissue — 12-month retest,18.09.2026,9.5,Escherichia coli,Absent | Отсутна,308/0552/26,28.04.2026,IPH — Institute of Public Health,,carried from the initial testing (CoQ-PP-2026-0019) — covered
P060322,FB012601/1,Fat Bastard,CoQ-PP_26-069,release,06.06.2026,9.6,Pseudomonas aeruginosa,upon request — not required for release,—,—,—,,upon request — not required for release
P060322,FB012601/1,Fat Bastard,CoQ-PP_26-114,reissue — 12-month retest,18.09.2026,9.6,Pseudomonas aeruginosa,upon request — not required for release,—,—,—,,upon request — not required for release
P060322,FB012601/1,Fat Bastard,CoQ-PP_26-069,release,06.06.2026,9.7,Staphylococcus aureus,upon request — not required for release,—,—,—,,upon request — not required for release
P060322,FB012601/1,Fat Bastard,CoQ-PP_26-114,reissue — 12-month retest,18.09.2026,9.7,Staphylococcus aureus,upon request — not required for release,—,—,—,,upon request — not required for release
P060322,FB012601/1,Fat Bastard,CoQ-PP_26-069,release,06.06.2026,10.1,Aflatoxin B₁,not tested,—,—,—,,not tested — no certificate covers it
P060322,FB012601/1,Fat Bastard,CoQ-PP_26-114,reissue — 12-month retest,18.09.2026,10.1,Aflatoxin B₁,ND,220-8-М/26,11.09.2026,Farmahem,,covered
P060322,FB012601/1,Fat Bastard,CoQ-PP_26-069,release,06.06.2026,10.2,Aflatoxins ∑,< 2,2362/2026,30.04.2026,IPH — Institute of Public Health,,covered
P060322,FB012601/1,Fat Bastard,CoQ-PP_26-114,reissue — 12-month retest,18.09.2026,10.2,Aflatoxins ∑,ND,220-8-М/26,11.09.2026,Farmahem,,covered
P060322,FB012601/1,Fat Bastard,CoQ-PP_26-069,release,06.06.2026,10.3,Ochratoxin A,not tested,—,—,—,,not tested — no certificate covers it
P060322,FB012601/1,Fat Bastard,CoQ-PP_26-114,reissue — 12-month retest,18.09.2026,10.3,Ochratoxin A,ND,220-8-М/26,11.09.2026,Farmahem,,covered
P060322,FB012601/1,Fat Bastard,CoQ-PP_26-069,release,06.06.2026,11.1,Lead (Pb),0.0114,2362/2026,30.04.2026,IPH — Institute of Public Health,,covered
P060322,FB012601/1,Fat Bastard,CoQ-PP_26-114,reissue — 12-month retest,18.09.2026,11.1,Lead (Pb),0.0114,2362/2026,30.04.2026,IPH — Institute of Public Health,,carried from the initial testing (CoQ-PP-2026-0019) — covered
P060322,FB012601/1,Fat Bastard,CoQ-PP_26-069,release,06.06.2026,11.2,Cadmium (Cd),0.017,2362/2026,30.04.2026,IPH — Institute of Public Health,,covered
P060322,FB012601/1,Fat Bastard,CoQ-PP_26-114,reissue — 12-month retest,18.09.2026,11.2,Cadmium (Cd),0.017,2362/2026,30.04.2026,IPH — Institute of Public Health,,carried from the initial testing (CoQ-PP-2026-0019) — covered
P060322,FB012601/1,Fat Bastard,CoQ-PP_26-069,release,06.06.2026,11.3,Arsenic (As),0.0144,2362/2026,30.04.2026,IPH — Institute of Public Health,,covered
P060322,FB012601/1,Fat Bastard,CoQ-PP_26-114,reissue — 12-month retest,18.09.2026,11.3,Arsenic (As),0.0144,2362/2026,30.04.2026,IPH — Institute of Public Health,,carried from the initial testing (CoQ-PP-2026-0019) — covered
P060322,FB012601/1,Fat Bastard,CoQ-PP_26-069,release,06.06.2026,11.4,Mercury (Hg),0.0155,2362/2026,30.04.2026,IPH — Institute of Public Health,,covered
P060322,FB012601/1,Fat Bastard,CoQ-PP_26-114,reissue — 12-month retest,18.09.2026,11.4,Mercury (Hg),0.0155,2362/2026,30.04.2026,IPH — Institute of Public Health,,carried from the initial testing (CoQ-PP-2026-0019) — covered
P060322,FB012601/1,Fat Bastard,CoQ-PP_26-069,release,06.06.2026,12,Pesticide Residues,ND,2362/2026,30.04.2026,IPH — Institute of Public Health,,covered
P060322,FB012601/1,Fat Bastard,CoQ-PP_26-114,reissue — 12-month retest,18.09.2026,12,Pesticide Residues,ND,2362/2026,30.04.2026,IPH — Institute of Public Health,,carried from the initial testing (CoQ-PP-2026-0019) — covered
P060352,FB012602,Fat Bastard,CoQ-PP_26-070,release,06.06.2026,1,"Identification A, Appearance · Macroscopic",Conforms | Одговара,iCoA-PP_26-081,03.06.2026,Purely Plant GmbH (in-house),yes,to be performed — see route
P060352,FB012602,Fat Bastard,CoQ-PP_26-091,reissue — 12-month retest,17.08.2026,1,"Identification A, Appearance · Macroscopic",Conforms | Одговара,iCoA-PP_26-107,27.07.2026,Purely Plant GmbH (in-house),yes,covered
P060352,FB012602,Fat Bastard,CoQ-PP_26-070,release,06.06.2026,2,Identification B · Microscopic,Conforms | Одговара,iCoA-PP_26-081,03.06.2026,Purely Plant GmbH (in-house),yes,to be performed — see route
P060352,FB012602,Fat Bastard,CoQ-PP_26-091,reissue — 12-month retest,17.08.2026,2,Identification B · Microscopic,Conforms | Одговара,iCoA-PP_26-107,27.07.2026,Purely Plant GmbH (in-house),yes,covered
P060352,FB012602,Fat Bastard,CoQ-PP_26-070,release,06.06.2026,3,Identification C · HPLC/HPTLC,to be performed (in house),—,—,—,,to be performed — see route
P060352,FB012602,Fat Bastard,CoQ-PP_26-091,reissue — 12-month retest,17.08.2026,3,Identification C · HPLC/HPTLC,Conforms | Одговара,197-7-К/26,07.08.2026,Farmahem,,covered
P060352,FB012602,Fat Bastard,CoQ-PP_26-070,release,06.06.2026,4,Assay — Total Δ⁹-THC,not tested,—,—,—,,not tested — no certificate covers it
P060352,FB012602,Fat Bastard,CoQ-PP_26-091,reissue — 12-month retest,17.08.2026,4,Assay — Total Δ⁹-THC,18.86,197-7-К/26,07.08.2026,Farmahem,,covered
P060352,FB012602,Fat Bastard,CoQ-PP_26-070,release,06.06.2026,5,Assay — Total CBD,not tested,—,—,—,,not tested — no certificate covers it
P060352,FB012602,Fat Bastard,CoQ-PP_26-091,reissue — 12-month retest,17.08.2026,5,Assay — Total CBD,0.22,197-7-К/26,07.08.2026,Farmahem,,covered — laboratory finding recorded
P060352,FB012602,Fat Bastard,CoQ-PP_26-070,release,06.06.2026,6,Total CBN,not tested,—,—,—,,not tested — no certificate covers it
P060352,FB012602,Fat Bastard,CoQ-PP_26-091,reissue — 12-month retest,17.08.2026,6,Total CBN,< LOQ,197-7-К/26,07.08.2026,Farmahem,,covered — laboratory finding recorded
P060352,FB012602,Fat Bastard,CoQ-PP_26-070,release,06.06.2026,7,Foreign Matter,Conforms | Одговара,iCoA-PP_26-081,03.06.2026,Purely Plant GmbH (in-house),yes,to be performed — see route
P060352,FB012602,Fat Bastard,CoQ-PP_26-091,reissue — 12-month retest,17.08.2026,7,Foreign Matter,Conforms | Одговара,iCoA-PP_26-107,27.07.2026,Purely Plant GmbH (in-house),yes,covered
P060352,FB012602,Fat Bastard,CoQ-PP_26-070,release,06.06.2026,8,Loss on Drying,not tested,—,—,—,,not tested — no certificate covers it
P060352,FB012602,Fat Bastard,CoQ-PP_26-091,reissue — 12-month retest,17.08.2026,8,Loss on Drying,carried from the initial testing — not tested,—,—,—,,carried from the initial testing (CoQ-PP-2026-0021) — not tested — no certificate covers it
P060352,FB012602,Fat Bastard,CoQ-PP_26-070,release,06.06.2026,9.1,TAMC,6.3 × 10⁴,366/0696/26,01.06.2026,IPH — Institute of Public Health,,covered
P060352,FB012602,Fat Bastard,CoQ-PP_26-091,reissue — 12-month retest,17.08.2026,9.1,TAMC,6.3 × 10⁴,366/0696/26,01.06.2026,IPH — Institute of Public Health,,covered
P060352,FB012602,Fat Bastard,CoQ-PP_26-070,release,06.06.2026,9.2,TYMC,2.2 × 10⁴,366/0696/26,01.06.2026,IPH — Institute of Public Health,,OUT OF SPECIFICATION — covered
P060352,FB012602,Fat Bastard,CoQ-PP_26-091,reissue — 12-month retest,17.08.2026,9.2,TYMC,2.2 × 10⁴,366/0696/26,01.06.2026,IPH — Institute of Public Health,,OUT OF SPECIFICATION — covered
P060352,FB012602,Fat Bastard,CoQ-PP_26-070,release,06.06.2026,9.3,Bile-tolerant gram-neg.,< 10,366/0696/26,01.06.2026,IPH — Institute of Public Health,,covered
P060352,FB012602,Fat Bastard,CoQ-PP_26-091,reissue — 12-month retest,17.08.2026,9.3,Bile-tolerant gram-neg.,< 10,366/0696/26,01.06.2026,IPH — Institute of Public Health,,covered
P060352,FB012602,Fat Bastard,CoQ-PP_26-070,release,06.06.2026,9.4,Salmonella,Absent | Отсутна,366/0696/26,01.06.2026,IPH — Institute of Public Health,,covered
P060352,FB012602,Fat Bastard,CoQ-PP_26-091,reissue — 12-month retest,17.08.2026,9.4,Salmonella,Absent | Отсутна,366/0696/26,01.06.2026,IPH — Institute of Public Health,,covered
P060352,FB012602,Fat Bastard,CoQ-PP_26-070,release,06.06.2026,9.5,Escherichia coli,Absent | Отсутна,366/0696/26,01.06.2026,IPH — Institute of Public Health,,covered
P060352,FB012602,Fat Bastard,CoQ-PP_26-091,reissue — 12-month retest,17.08.2026,9.5,Escherichia coli,Absent | Отсутна,366/0696/26,01.06.2026,IPH — Institute of Public Health,,covered
P060352,FB012602,Fat Bastard,CoQ-PP_26-070,release,06.06.2026,9.6,Pseudomonas aeruginosa,upon request — not required for release,—,—,—,,upon request — not required for release
P060352,FB012602,Fat Bastard,CoQ-PP_26-091,reissue — 12-month retest,17.08.2026,9.6,Pseudomonas aeruginosa,upon request — not required for release,—,—,—,,upon request — not required for release
P060352,FB012602,Fat Bastard,CoQ-PP_26-070,release,06.06.2026,9.7,Staphylococcus aureus,upon request — not required for release,—,—,—,,upon request — not required for release
P060352,FB012602,Fat Bastard,CoQ-PP_26-091,reissue — 12-month retest,17.08.2026,9.7,Staphylococcus aureus,upon request — not required for release,—,—,—,,upon request — not required for release
P060352,FB012602,Fat Bastard,CoQ-PP_26-070,release,06.06.2026,10.1,Aflatoxin B₁,not tested,—,—,—,,not tested — no certificate covers it
P060352,FB012602,Fat Bastard,CoQ-PP_26-091,reissue — 12-month retest,17.08.2026,10.1,Aflatoxin B₁,ND,197-7-М/26,10.08.2026,Farmahem,,covered
P060352,FB012602,Fat Bastard,CoQ-PP_26-070,release,06.06.2026,10.2,Aflatoxins ∑,not tested,—,—,—,,not tested — no certificate covers it
P060352,FB012602,Fat Bastard,CoQ-PP_26-091,reissue — 12-month retest,17.08.2026,10.2,Aflatoxins ∑,ND,197-7-М/26,10.08.2026,Farmahem,,covered
P060352,FB012602,Fat Bastard,CoQ-PP_26-070,release,06.06.2026,10.3,Ochratoxin A,not tested,—,—,—,,not tested — no certificate covers it
P060352,FB012602,Fat Bastard,CoQ-PP_26-091,reissue — 12-month retest,17.08.2026,10.3,Ochratoxin A,ND,197-7-М/26,10.08.2026,Farmahem,,covered
P060352,FB012602,Fat Bastard,CoQ-PP_26-070,release,06.06.2026,11.1,Lead (Pb),not tested,—,—,—,,not tested — no certificate covers it
P060352,FB012602,Fat Bastard,CoQ-PP_26-091,reissue — 12-month retest,17.08.2026,11.1,Lead (Pb),carried from the initial testing — not tested,—,—,—,,carried from the initial testing (CoQ-PP-2026-0021) — not tested — no certificate covers it
P060352,FB012602,Fat Bastard,CoQ-PP_26-070,release,06.06.2026,11.2,Cadmium (Cd),not tested,—,—,—,,not tested — no certificate covers it
P060352,FB012602,Fat Bastard,CoQ-PP_26-091,reissue — 12-month retest,17.08.2026,11.2,Cadmium (Cd),carried from the initial testing — not tested,—,—,—,,carried from the initial testing (CoQ-PP-2026-0021) — not tested — no certificate covers it
P060352,FB012602,Fat Bastard,CoQ-PP_26-070,release,06.06.2026,11.3,Arsenic (As),not tested,—,—,—,,not tested — no certificate covers it
P060352,FB012602,Fat Bastard,CoQ-PP_26-091,reissue — 12-month retest,17.08.2026,11.3,Arsenic (As),carried from the initial testing — not tested,—,—,—,,carried from the initial testing (CoQ-PP-2026-0021) — not tested — no certificate covers it
P060352,FB012602,Fat Bastard,CoQ-PP_26-070,release,06.06.2026,11.4,Mercury (Hg),not tested,—,—,—,,not tested — no certificate covers it
P060352,FB012602,Fat Bastard,CoQ-PP_26-091,reissue — 12-month retest,17.08.2026,11.4,Mercury (Hg),carried from the initial testing — not tested,—,—,—,,carried from the initial testing (CoQ-PP-2026-0021) — not tested — no certificate covers it
P060352,FB012602,Fat Bastard,CoQ-PP_26-070,release,06.06.2026,12,Pesticide Residues,not tested,—,—,—,,not tested — no certificate covers it
P060352,FB012602,Fat Bastard,CoQ-PP_26-091,reissue — 12-month retest,17.08.2026,12,Pesticide Residues,carried from the initial testing — not tested,—,—,—,,carried from the initial testing (CoQ-PP-2026-0021) — not tested — no certificate covers it
P060362,JD012603/01,Jelly Donuts,CoQ-PP_26-071,release,06.06.2026,1,"Identification A, Appearance · Macroscopic",to be performed (in house),iCoA-PP_26-080,03.06.2026,Purely Plant GmbH (in-house),yes,to be performed — see route
P060362,JD012603/01,Jelly Donuts,CoQ-PP_26-122,reissue — 12-month retest,18.09.2026,1,"Identification A, Appearance · Macroscopic",Conforms | Одговара,ППК26111,30.06.2026,UKIM Faculty of Pharmacy — Center for Natural Products,,to be performed — see route
P060362,JD012603/01,Jelly Donuts,CoQ-PP_26-071,release,06.06.2026,2,Identification B · Microscopic,to be performed (in house),iCoA-PP_26-080,03.06.2026,Purely Plant GmbH (in-house),yes,to be performed — see route
P060362,JD012603/01,Jelly Donuts,CoQ-PP_26-122,reissue — 12-month retest,18.09.2026,2,Identification B · Microscopic,Conforms | Одговара,ППК26111,30.06.2026,UKIM Faculty of Pharmacy — Center for Natural Products,,to be performed — see route
P060362,JD012603/01,Jelly Donuts,CoQ-PP_26-071,release,06.06.2026,3,Identification C · HPLC/HPTLC,to be performed (in house),—,—,—,,to be performed — see route
P060362,JD012603/01,Jelly Donuts,CoQ-PP_26-122,reissue — 12-month retest,18.09.2026,3,Identification C · HPLC/HPTLC,Conforms | Одговара,220-16-К/26,25.08.2026,Farmahem,,covered
P060362,JD012603/01,Jelly Donuts,CoQ-PP_26-071,release,06.06.2026,4,Assay — Total Δ⁹-THC,not tested,—,—,—,,not tested — no certificate covers it
P060362,JD012603/01,Jelly Donuts,CoQ-PP_26-122,reissue — 12-month retest,18.09.2026,4,Assay — Total Δ⁹-THC,21.01,220-16-К/26,25.08.2026,Farmahem,,covered
P060362,JD012603/01,Jelly Donuts,CoQ-PP_26-071,release,06.06.2026,5,Assay — Total CBD,not tested,—,—,—,,not tested — no certificate covers it
P060362,JD012603/01,Jelly Donuts,CoQ-PP_26-122,reissue — 12-month retest,18.09.2026,5,Assay — Total CBD,< LOQ,220-16-К/26,25.08.2026,Farmahem,,covered
P060362,JD012603/01,Jelly Donuts,CoQ-PP_26-071,release,06.06.2026,6,Total CBN,not tested,—,—,—,,not tested — no certificate covers it
P060362,JD012603/01,Jelly Donuts,CoQ-PP_26-122,reissue — 12-month retest,18.09.2026,6,Total CBN,< LOQ,220-16-К/26,25.08.2026,Farmahem,,covered
P060362,JD012603/01,Jelly Donuts,CoQ-PP_26-071,release,06.06.2026,7,Foreign Matter,to be performed (in house),iCoA-PP_26-080,03.06.2026,Purely Plant GmbH (in-house),yes,to be performed — see route
P060362,JD012603/01,Jelly Donuts,CoQ-PP_26-122,reissue — 12-month retest,18.09.2026,7,Foreign Matter,Conforms | Одговара,iCoA-PP_26-138,17.08.2026,Purely Plant GmbH (in-house),yes,to be performed — see route
P060362,JD012603/01,Jelly Donuts,CoQ-PP_26-071,release,06.06.2026,8,Loss on Drying,not tested,—,—,—,,not tested — no certificate covers it
P060362,JD012603/01,Jelly Donuts,CoQ-PP_26-122,reissue — 12-month retest,18.09.2026,8,Loss on Drying,carried from the initial testing — not tested,—,—,—,,carried from the initial testing (CoQ-PP-2026-0020) — not tested — no certificate covers it
P060362,JD012603/01,Jelly Donuts,CoQ-PP_26-071,release,06.06.2026,9.1,TAMC,2 × 10²,365/0695/26,01.06.2026,IPH — Institute of Public Health,,covered
P060362,JD012603/01,Jelly Donuts,CoQ-PP_26-122,reissue — 12-month retest,18.09.2026,9.1,TAMC,2 × 10²,365/0695/26,01.06.2026,IPH — Institute of Public Health,,covered
P060362,JD012603/01,Jelly Donuts,CoQ-PP_26-071,release,06.06.2026,9.2,TYMC,1 × 10²,365/0695/26,01.06.2026,IPH — Institute of Public Health,,covered
P060362,JD012603/01,Jelly Donuts,CoQ-PP_26-122,reissue — 12-month retest,18.09.2026,9.2,TYMC,1 × 10²,365/0695/26,01.06.2026,IPH — Institute of Public Health,,covered
P060362,JD012603/01,Jelly Donuts,CoQ-PP_26-071,release,06.06.2026,9.3,Bile-tolerant gram-neg.,< 10,365/0695/26,01.06.2026,IPH — Institute of Public Health,,covered
P060362,JD012603/01,Jelly Donuts,CoQ-PP_26-122,reissue — 12-month retest,18.09.2026,9.3,Bile-tolerant gram-neg.,< 10,365/0695/26,01.06.2026,IPH — Institute of Public Health,,covered
P060362,JD012603/01,Jelly Donuts,CoQ-PP_26-071,release,06.06.2026,9.4,Salmonella,Absent | Отсутна,365/0695/26,01.06.2026,IPH — Institute of Public Health,,covered
P060362,JD012603/01,Jelly Donuts,CoQ-PP_26-122,reissue — 12-month retest,18.09.2026,9.4,Salmonella,Absent | Отсутна,365/0695/26,01.06.2026,IPH — Institute of Public Health,,covered
P060362,JD012603/01,Jelly Donuts,CoQ-PP_26-071,release,06.06.2026,9.5,Escherichia coli,Absent | Отсутна,365/0695/26,01.06.2026,IPH — Institute of Public Health,,covered
P060362,JD012603/01,Jelly Donuts,CoQ-PP_26-122,reissue — 12-month retest,18.09.2026,9.5,Escherichia coli,Absent | Отсутна,365/0695/26,01.06.2026,IPH — Institute of Public Health,,covered
P060362,JD012603/01,Jelly Donuts,CoQ-PP_26-071,release,06.06.2026,9.6,Pseudomonas aeruginosa,upon request — not required for release,—,—,—,,upon request — not required for release
P060362,JD012603/01,Jelly Donuts,CoQ-PP_26-122,reissue — 12-month retest,18.09.2026,9.6,Pseudomonas aeruginosa,upon request — not required for release,—,—,—,,upon request — not required for release
P060362,JD012603/01,Jelly Donuts,CoQ-PP_26-071,release,06.06.2026,9.7,Staphylococcus aureus,upon request — not required for release,—,—,—,,upon request — not required for release
P060362,JD012603/01,Jelly Donuts,CoQ-PP_26-122,reissue — 12-month retest,18.09.2026,9.7,Staphylococcus aureus,upon request — not required for release,—,—,—,,upon request — not required for release
P060362,JD012603/01,Jelly Donuts,CoQ-PP_26-071,release,06.06.2026,10.1,Aflatoxin B₁,not tested,—,—,—,,not tested — no certificate covers it
P060362,JD012603/01,Jelly Donuts,CoQ-PP_26-122,reissue — 12-month retest,18.09.2026,10.1,Aflatoxin B₁,ND,220-16-М/26,11.09.2026,Farmahem,,covered
P060362,JD012603/01,Jelly Donuts,CoQ-PP_26-071,release,06.06.2026,10.2,Aflatoxins ∑,not tested,—,—,—,,not tested — no certificate covers it
P060362,JD012603/01,Jelly Donuts,CoQ-PP_26-122,reissue — 12-month retest,18.09.2026,10.2,Aflatoxins ∑,ND,220-16-М/26,11.09.2026,Farmahem,,covered
P060362,JD012603/01,Jelly Donuts,CoQ-PP_26-071,release,06.06.2026,10.3,Ochratoxin A,not tested,—,—,—,,not tested — no certificate covers it
P060362,JD012603/01,Jelly Donuts,CoQ-PP_26-122,reissue — 12-month retest,18.09.2026,10.3,Ochratoxin A,ND,220-16-М/26,11.09.2026,Farmahem,,covered
P060362,JD012603/01,Jelly Donuts,CoQ-PP_26-071,release,06.06.2026,11.1,Lead (Pb),not tested,—,—,—,,not tested — no certificate covers it
P060362,JD012603/01,Jelly Donuts,CoQ-PP_26-122,reissue — 12-month retest,18.09.2026,11.1,Lead (Pb),carried from the initial testing — not tested,—,—,—,,carried from the initial testing (CoQ-PP-2026-0020) — not tested — no certificate covers it
P060362,JD012603/01,Jelly Donuts,CoQ-PP_26-071,release,06.06.2026,11.2,Cadmium (Cd),not tested,—,—,—,,not tested — no certificate covers it
P060362,JD012603/01,Jelly Donuts,CoQ-PP_26-122,reissue — 12-month retest,18.09.2026,11.2,Cadmium (Cd),carried from the initial testing — not tested,—,—,—,,carried from the initial testing (CoQ-PP-2026-0020) — not tested — no certificate covers it
P060362,JD012603/01,Jelly Donuts,CoQ-PP_26-071,release,06.06.2026,11.3,Arsenic (As),not tested,—,—,—,,not tested — no certificate covers it
P060362,JD012603/01,Jelly Donuts,CoQ-PP_26-122,reissue — 12-month retest,18.09.2026,11.3,Arsenic (As),carried from the initial testing — not tested,—,—,—,,carried from the initial testing (CoQ-PP-2026-0020) — not tested — no certificate covers it
P060362,JD012603/01,Jelly Donuts,CoQ-PP_26-071,release,06.06.2026,11.4,Mercury (Hg),not tested,—,—,—,,not tested — no certificate covers it
P060362,JD012603/01,Jelly Donuts,CoQ-PP_26-122,reissue — 12-month retest,18.09.2026,11.4,Mercury (Hg),carried from the initial testing — not tested,—,—,—,,carried from the initial testing (CoQ-PP-2026-0020) — not tested — no certificate covers it
P060362,JD012603/01,Jelly Donuts,CoQ-PP_26-071,release,06.06.2026,12,Pesticide Residues,not tested,—,—,—,,not tested — no certificate covers it
P060362,JD012603/01,Jelly Donuts,CoQ-PP_26-122,reissue — 12-month retest,18.09.2026,12,Pesticide Residues,carried from the initial testing — not tested,—,—,—,,carried from the initial testing (CoQ-PP-2026-0020) — not tested — no certificate covers it
P060372,CC012603,Cash Cow,CoQ-PP_26-072,release,06.06.2026,1,"Identification A, Appearance · Macroscopic",Conforms | Одговара,iCoA-PP_26-082,03.06.2026,Purely Plant GmbH (in-house),yes,to be performed — see route
P060372,CC012603,Cash Cow,CoQ-PP_26-108,reissue — 12-month retest,18.09.2026,1,"Identification A, Appearance · Macroscopic",Conforms | Одговара,iCoA-PP_26-143,17.08.2026,Purely Plant GmbH (in-house),yes,to be performed — see route
P060372,CC012603,Cash Cow,CoQ-PP_26-072,release,06.06.2026,2,Identification B · Microscopic,Conforms | Одговара,iCoA-PP_26-082,03.06.2026,Purely Plant GmbH (in-house),yes,to be performed — see route
P060372,CC012603,Cash Cow,CoQ-PP_26-108,reissue — 12-month retest,18.09.2026,2,Identification B · Microscopic,Conforms | Одговара,iCoA-PP_26-143,17.08.2026,Purely Plant GmbH (in-house),yes,to be performed — see route
P060372,CC012603,Cash Cow,CoQ-PP_26-072,release,06.06.2026,3,Identification C · HPLC/HPTLC,to be performed (in house),—,—,—,,to be performed — see route
P060372,CC012603,Cash Cow,CoQ-PP_26-108,reissue — 12-month retest,18.09.2026,3,Identification C · HPLC/HPTLC,Conforms | Одговара,220-29-К/26,26.08.2026,Farmahem,,covered
P060372,CC012603,Cash Cow,CoQ-PP_26-072,release,06.06.2026,4,Assay — Total Δ⁹-THC,not tested,—,—,—,,not tested — no certificate covers it
P060372,CC012603,Cash Cow,CoQ-PP_26-108,reissue — 12-month retest,18.09.2026,4,Assay — Total Δ⁹-THC,14.76,220-29-К/26,26.08.2026,Farmahem,,covered
P060372,CC012603,Cash Cow,CoQ-PP_26-072,release,06.06.2026,5,Assay — Total CBD,not tested,—,—,—,,not tested — no certificate covers it
P060372,CC012603,Cash Cow,CoQ-PP_26-108,reissue — 12-month retest,18.09.2026,5,Assay — Total CBD,< LOQ,220-29-К/26,26.08.2026,Farmahem,,covered
P060372,CC012603,Cash Cow,CoQ-PP_26-072,release,06.06.2026,6,Total CBN,not tested,—,—,—,,not tested — no certificate covers it
P060372,CC012603,Cash Cow,CoQ-PP_26-108,reissue — 12-month retest,18.09.2026,6,Total CBN,< LOQ,220-29-К/26,26.08.2026,Farmahem,,covered
P060372,CC012603,Cash Cow,CoQ-PP_26-072,release,06.06.2026,7,Foreign Matter,Conforms | Одговара,iCoA-PP_26-082,03.06.2026,Purely Plant GmbH (in-house),yes,to be performed — see route
P060372,CC012603,Cash Cow,CoQ-PP_26-108,reissue — 12-month retest,18.09.2026,7,Foreign Matter,Conforms | Одговара,iCoA-PP_26-143,17.08.2026,Purely Plant GmbH (in-house),yes,to be performed — see route
P060372,CC012603,Cash Cow,CoQ-PP_26-072,release,06.06.2026,8,Loss on Drying,not tested,—,—,—,,not tested — no certificate covers it
P060372,CC012603,Cash Cow,CoQ-PP_26-108,reissue — 12-month retest,18.09.2026,8,Loss on Drying,carried from the initial testing — not tested,—,—,—,,carried from the initial testing (CoQ-PP-2026-0024) — not tested — no certificate covers it
P060372,CC012603,Cash Cow,CoQ-PP_26-072,release,06.06.2026,9.1,TAMC,2.7 × 10³,363/0693/26,01.06.2026,IPH — Institute of Public Health,,covered
P060372,CC012603,Cash Cow,CoQ-PP_26-108,reissue — 12-month retest,18.09.2026,9.1,TAMC,2.7 × 10³,363/0693/26,01.06.2026,IPH — Institute of Public Health,,covered
P060372,CC012603,Cash Cow,CoQ-PP_26-072,release,06.06.2026,9.2,TYMC,1.6 × 10¹,363/0693/26,01.06.2026,IPH — Institute of Public Health,,covered
P060372,CC012603,Cash Cow,CoQ-PP_26-108,reissue — 12-month retest,18.09.2026,9.2,TYMC,1.6 × 10¹,363/0693/26,01.06.2026,IPH — Institute of Public Health,,covered
P060372,CC012603,Cash Cow,CoQ-PP_26-072,release,06.06.2026,9.3,Bile-tolerant gram-neg.,< 10,363/0693/26,01.06.2026,IPH — Institute of Public Health,,covered
P060372,CC012603,Cash Cow,CoQ-PP_26-108,reissue — 12-month retest,18.09.2026,9.3,Bile-tolerant gram-neg.,< 10,363/0693/26,01.06.2026,IPH — Institute of Public Health,,covered
P060372,CC012603,Cash Cow,CoQ-PP_26-072,release,06.06.2026,9.4,Salmonella,Absent | Отсутна,363/0693/26,01.06.2026,IPH — Institute of Public Health,,covered
P060372,CC012603,Cash Cow,CoQ-PP_26-108,reissue — 12-month retest,18.09.2026,9.4,Salmonella,Absent | Отсутна,363/0693/26,01.06.2026,IPH — Institute of Public Health,,covered
P060372,CC012603,Cash Cow,CoQ-PP_26-072,release,06.06.2026,9.5,Escherichia coli,Absent | Отсутна,363/0693/26,01.06.2026,IPH — Institute of Public Health,,covered
P060372,CC012603,Cash Cow,CoQ-PP_26-108,reissue — 12-month retest,18.09.2026,9.5,Escherichia coli,Absent | Отсутна,363/0693/26,01.06.2026,IPH — Institute of Public Health,,covered
P060372,CC012603,Cash Cow,CoQ-PP_26-072,release,06.06.2026,9.6,Pseudomonas aeruginosa,upon request — not required for release,—,—,—,,upon request — not required for release
P060372,CC012603,Cash Cow,CoQ-PP_26-108,reissue — 12-month retest,18.09.2026,9.6,Pseudomonas aeruginosa,upon request — not required for release,—,—,—,,upon request — not required for release
P060372,CC012603,Cash Cow,CoQ-PP_26-072,release,06.06.2026,9.7,Staphylococcus aureus,upon request — not required for release,—,—,—,,upon request — not required for release
P060372,CC012603,Cash Cow,CoQ-PP_26-108,reissue — 12-month retest,18.09.2026,9.7,Staphylococcus aureus,upon request — not required for release,—,—,—,,upon request — not required for release
P060372,CC012603,Cash Cow,CoQ-PP_26-072,release,06.06.2026,10.1,Aflatoxin B₁,not tested,—,—,—,,not tested — no certificate covers it
P060372,CC012603,Cash Cow,CoQ-PP_26-108,reissue — 12-month retest,18.09.2026,10.1,Aflatoxin B₁,ND,220-29-М/26,11.09.2026,Farmahem,,covered
P060372,CC012603,Cash Cow,CoQ-PP_26-072,release,06.06.2026,10.2,Aflatoxins ∑,not tested,—,—,—,,not tested — no certificate covers it
P060372,CC012603,Cash Cow,CoQ-PP_26-108,reissue — 12-month retest,18.09.2026,10.2,Aflatoxins ∑,ND,220-29-М/26,11.09.2026,Farmahem,,covered
P060372,CC012603,Cash Cow,CoQ-PP_26-072,release,06.06.2026,10.3,Ochratoxin A,not tested,—,—,—,,not tested — no certificate covers it
P060372,CC012603,Cash Cow,CoQ-PP_26-108,reissue — 12-month retest,18.09.2026,10.3,Ochratoxin A,ND,220-29-М/26,11.09.2026,Farmahem,,covered
P060372,CC012603,Cash Cow,CoQ-PP_26-072,release,06.06.2026,11.1,Lead (Pb),not tested,—,—,—,,not tested — no certificate covers it
P060372,CC012603,Cash Cow,CoQ-PP_26-108,reissue — 12-month retest,18.09.2026,11.1,Lead (Pb),carried from the initial testing — not tested,—,—,—,,carried from the initial testing (CoQ-PP-2026-0024) — not tested — no certificate covers it
P060372,CC012603,Cash Cow,CoQ-PP_26-072,release,06.06.2026,11.2,Cadmium (Cd),not tested,—,—,—,,not tested — no certificate covers it
P060372,CC012603,Cash Cow,CoQ-PP_26-108,reissue — 12-month retest,18.09.2026,11.2,Cadmium (Cd),carried from the initial testing — not tested,—,—,—,,carried from the initial testing (CoQ-PP-2026-0024) — not tested — no certificate covers it
P060372,CC012603,Cash Cow,CoQ-PP_26-072,release,06.06.2026,11.3,Arsenic (As),not tested,—,—,—,,not tested — no certificate covers it
P060372,CC012603,Cash Cow,CoQ-PP_26-108,reissue — 12-month retest,18.09.2026,11.3,Arsenic (As),carried from the initial testing — not tested,—,—,—,,carried from the initial testing (CoQ-PP-2026-0024) — not tested — no certificate covers it
P060372,CC012603,Cash Cow,CoQ-PP_26-072,release,06.06.2026,11.4,Mercury (Hg),not tested,—,—,—,,not tested — no certificate covers it
P060372,CC012603,Cash Cow,CoQ-PP_26-108,reissue — 12-month retest,18.09.2026,11.4,Mercury (Hg),carried from the initial testing — not tested,—,—,—,,carried from the initial testing (CoQ-PP-2026-0024) — not tested — no certificate covers it
P060372,CC012603,Cash Cow,CoQ-PP_26-072,release,06.06.2026,12,Pesticide Residues,not tested,—,—,—,,not tested — no certificate covers it
P060372,CC012603,Cash Cow,CoQ-PP_26-108,reissue — 12-month retest,18.09.2026,12,Pesticide Residues,carried from the initial testing — not tested,—,—,—,,carried from the initial testing (CoQ-PP-2026-0024) — not tested — no certificate covers it
P060342,SCR012601,Scrambler,CoQ-PP_26-073,release,06.06.2026,1,"Identification A, Appearance · Macroscopic",Conforms | Одговара,iCoA-PP_26-086,03.06.2026,Purely Plant GmbH (in-house),yes,to be performed — see route
P060342,SCR012601,Scrambler,CoQ-PP_26-160,reissue — 12-month retest,21.09.2026,1,"Identification A, Appearance · Macroscopic",Conforms | Одговара,iCoA-PP_26-157,24.08.2026,Purely Plant GmbH (in-house),yes,to be performed — see route
P060342,SCR012601,Scrambler,CoQ-PP_26-073,release,06.06.2026,2,Identification B · Microscopic,Conforms | Одговара,iCoA-PP_26-086,03.06.2026,Purely Plant GmbH (in-house),yes,to be performed — see route
P060342,SCR012601,Scrambler,CoQ-PP_26-160,reissue — 12-month retest,21.09.2026,2,Identification B · Microscopic,Conforms | Одговара,iCoA-PP_26-157,24.08.2026,Purely Plant GmbH (in-house),yes,to be performed — see route
P060342,SCR012601,Scrambler,CoQ-PP_26-073,release,06.06.2026,3,Identification C · HPLC/HPTLC,to be performed (in house),—,—,—,,to be performed — see route
P060342,SCR012601,Scrambler,CoQ-PP_26-160,reissue — 12-month retest,21.09.2026,3,Identification C · HPLC/HPTLC,Conforms | Одговара,227-8-К/26,11.09.2026,Farmahem,,covered
P060342,SCR012601,Scrambler,CoQ-PP_26-073,release,06.06.2026,4,Assay — Total Δ⁹-THC,not tested,—,—,—,,not tested — no certificate covers it
P060342,SCR012601,Scrambler,CoQ-PP_26-160,reissue — 12-month retest,21.09.2026,4,Assay — Total Δ⁹-THC,22.40,227-8-К/26,11.09.2026,Farmahem,,covered
P060342,SCR012601,Scrambler,CoQ-PP_26-073,release,06.06.2026,5,Assay — Total CBD,not tested,—,—,—,,not tested — no certificate covers it
P060342,SCR012601,Scrambler,CoQ-PP_26-160,reissue — 12-month retest,21.09.2026,5,Assay — Total CBD,< LOQ,227-8-К/26,11.09.2026,Farmahem,,covered
P060342,SCR012601,Scrambler,CoQ-PP_26-073,release,06.06.2026,6,Total CBN,not tested,—,—,—,,not tested — no certificate covers it
P060342,SCR012601,Scrambler,CoQ-PP_26-160,reissue — 12-month retest,21.09.2026,6,Total CBN,< LOQ,227-8-К/26,11.09.2026,Farmahem,,covered
P060342,SCR012601,Scrambler,CoQ-PP_26-073,release,06.06.2026,7,Foreign Matter,Conforms | Одговара,iCoA-PP_26-086,03.06.2026,Purely Plant GmbH (in-house),yes,to be performed — see route
P060342,SCR012601,Scrambler,CoQ-PP_26-160,reissue — 12-month retest,21.09.2026,7,Foreign Matter,Conforms | Одговара,iCoA-PP_26-157,24.08.2026,Purely Plant GmbH (in-house),yes,to be performed — see route
P060342,SCR012601,Scrambler,CoQ-PP_26-073,release,06.06.2026,8,Loss on Drying,not tested,—,—,—,,not tested — no certificate covers it
P060342,SCR012601,Scrambler,CoQ-PP_26-160,reissue — 12-month retest,21.09.2026,8,Loss on Drying,carried from the initial testing — not tested,—,—,—,,carried from the initial testing (the batch's initial CoQ (number assigned on issue)) — not tested — no certificate covers it
P060342,SCR012601,Scrambler,CoQ-PP_26-073,release,06.06.2026,9.1,TAMC,not tested,—,—,—,,not tested — no certificate covers it
P060342,SCR012601,Scrambler,CoQ-PP_26-160,reissue — 12-month retest,21.09.2026,9.1,TAMC,"8,3 × 10³",539/1070/26,31.08.2026,IPH — Institute of Public Health,,covered
P060342,SCR012601,Scrambler,CoQ-PP_26-073,release,06.06.2026,9.2,TYMC,not tested,—,—,—,,not tested — no certificate covers it
P060342,SCR012601,Scrambler,CoQ-PP_26-160,reissue — 12-month retest,21.09.2026,9.2,TYMC,"5,3 × 10³",539/1070/26,31.08.2026,IPH — Institute of Public Health,,covered
P060342,SCR012601,Scrambler,CoQ-PP_26-073,release,06.06.2026,9.3,Bile-tolerant gram-neg.,not tested,—,—,—,,not tested — no certificate covers it
P060342,SCR012601,Scrambler,CoQ-PP_26-160,reissue — 12-month retest,21.09.2026,9.3,Bile-tolerant gram-neg.,< 10,539/1070/26,31.08.2026,IPH — Institute of Public Health,,covered
P060342,SCR012601,Scrambler,CoQ-PP_26-073,release,06.06.2026,9.4,Salmonella,not tested,—,—,—,,not tested — no certificate covers it
P060342,SCR012601,Scrambler,CoQ-PP_26-160,reissue — 12-month retest,21.09.2026,9.4,Salmonella,Absent | Отсутна,539/1070/26,31.08.2026,IPH — Institute of Public Health,,covered
P060342,SCR012601,Scrambler,CoQ-PP_26-073,release,06.06.2026,9.5,Escherichia coli,not tested,—,—,—,,not tested — no certificate covers it
P060342,SCR012601,Scrambler,CoQ-PP_26-160,reissue — 12-month retest,21.09.2026,9.5,Escherichia coli,Absent | Отсутна,539/1070/26,31.08.2026,IPH — Institute of Public Health,,covered
P060342,SCR012601,Scrambler,CoQ-PP_26-073,release,06.06.2026,9.6,Pseudomonas aeruginosa,upon request — not required for release,—,—,—,,upon request — not required for release
P060342,SCR012601,Scrambler,CoQ-PP_26-160,reissue — 12-month retest,21.09.2026,9.6,Pseudomonas aeruginosa,upon request — not required for release,—,—,—,,upon request — not required for release
P060342,SCR012601,Scrambler,CoQ-PP_26-073,release,06.06.2026,9.7,Staphylococcus aureus,upon request — not required for release,—,—,—,,upon request — not required for release
P060342,SCR012601,Scrambler,CoQ-PP_26-160,reissue — 12-month retest,21.09.2026,9.7,Staphylococcus aureus,upon request — not required for release,—,—,—,,upon request — not required for release
P060342,SCR012601,Scrambler,CoQ-PP_26-073,release,06.06.2026,10.1,Aflatoxin B₁,not tested,—,—,—,,not tested — no certificate covers it
P060342,SCR012601,Scrambler,CoQ-PP_26-160,reissue — 12-month retest,21.09.2026,10.1,Aflatoxin B₁,ND,227-8-М/26,16.09.2026,Farmahem,,covered
P060342,SCR012601,Scrambler,CoQ-PP_26-073,release,06.06.2026,10.2,Aflatoxins ∑,not tested,—,—,—,,not tested — no certificate covers it
P060342,SCR012601,Scrambler,CoQ-PP_26-160,reissue — 12-month retest,21.09.2026,10.2,Aflatoxins ∑,ND,227-8-М/26,16.09.2026,Farmahem,,covered
P060342,SCR012601,Scrambler,CoQ-PP_26-073,release,06.06.2026,10.3,Ochratoxin A,not tested,—,—,—,,not tested — no certificate covers it
P060342,SCR012601,Scrambler,CoQ-PP_26-160,reissue — 12-month retest,21.09.2026,10.3,Ochratoxin A,ND,227-8-М/26,16.09.2026,Farmahem,,covered
P060342,SCR012601,Scrambler,CoQ-PP_26-073,release,06.06.2026,11.1,Lead (Pb),not tested,—,—,—,,not tested — no certificate covers it
P060342,SCR012601,Scrambler,CoQ-PP_26-160,reissue — 12-month retest,21.09.2026,11.1,Lead (Pb),carried from the initial testing — not tested,—,—,—,,carried from the initial testing (the batch's initial CoQ (number assigned on issue)) — not tested — no certificate covers it
P060342,SCR012601,Scrambler,CoQ-PP_26-073,release,06.06.2026,11.2,Cadmium (Cd),not tested,—,—,—,,not tested — no certificate covers it
P060342,SCR012601,Scrambler,CoQ-PP_26-160,reissue — 12-month retest,21.09.2026,11.2,Cadmium (Cd),carried from the initial testing — not tested,—,—,—,,carried from the initial testing (the batch's initial CoQ (number assigned on issue)) — not tested — no certificate covers it
P060342,SCR012601,Scrambler,CoQ-PP_26-073,release,06.06.2026,11.3,Arsenic (As),not tested,—,—,—,,not tested — no certificate covers it
P060342,SCR012601,Scrambler,CoQ-PP_26-160,reissue — 12-month retest,21.09.2026,11.3,Arsenic (As),carried from the initial testing — not tested,—,—,—,,carried from the initial testing (the batch's initial CoQ (number assigned on issue)) — not tested — no certificate covers it
P060342,SCR012601,Scrambler,CoQ-PP_26-073,release,06.06.2026,11.4,Mercury (Hg),not tested,—,—,—,,not tested — no certificate covers it
P060342,SCR012601,Scrambler,CoQ-PP_26-160,reissue — 12-month retest,21.09.2026,11.4,Mercury (Hg),carried from the initial testing — not tested,—,—,—,,carried from the initial testing (the batch's initial CoQ (number assigned on issue)) — not tested — no certificate covers it
P060342,SCR012601,Scrambler,CoQ-PP_26-073,release,06.06.2026,12,Pesticide Residues,not tested,—,—,—,,not tested — no certificate covers it
P060342,SCR012601,Scrambler,CoQ-PP_26-160,reissue — 12-month retest,21.09.2026,12,Pesticide Residues,carried from the initial testing — not tested,—,—,—,,carried from the initial testing (the batch's initial CoQ (number assigned on issue)) — not tested — no certificate covers it
P060382,SCR012603,Scrambler,CoQ-PP_26-074,release,06.06.2026,1,"Identification A, Appearance · Macroscopic",Conforms | Одговара,iCoA-PP_26-085,03.06.2026,Purely Plant GmbH (in-house),yes,to be performed — see route
P060382,SCR012603,Scrambler,CoQ-PP_26-105,reissue — 12-month retest,17.08.2026,1,"Identification A, Appearance · Macroscopic",Conforms | Одговара,iCoA-PP_26-117,27.07.2026,Purely Plant GmbH (in-house),yes,covered
P060382,SCR012603,Scrambler,CoQ-PP_26-074,release,06.06.2026,2,Identification B · Microscopic,Conforms | Одговара,iCoA-PP_26-085,03.06.2026,Purely Plant GmbH (in-house),yes,to be performed — see route
P060382,SCR012603,Scrambler,CoQ-PP_26-105,reissue — 12-month retest,17.08.2026,2,Identification B · Microscopic,Conforms | Одговара,iCoA-PP_26-117,27.07.2026,Purely Plant GmbH (in-house),yes,covered
P060382,SCR012603,Scrambler,CoQ-PP_26-074,release,06.06.2026,3,Identification C · HPLC/HPTLC,to be performed (in house),—,—,—,,to be performed — see route
P060382,SCR012603,Scrambler,CoQ-PP_26-105,reissue — 12-month retest,17.08.2026,3,Identification C · HPLC/HPTLC,Conforms | Одговара,197-21-К/26,07.08.2026,Farmahem,,covered
P060382,SCR012603,Scrambler,CoQ-PP_26-074,release,06.06.2026,4,Assay — Total Δ⁹-THC,not tested,—,—,—,,not tested — no certificate covers it
P060382,SCR012603,Scrambler,CoQ-PP_26-105,reissue — 12-month retest,17.08.2026,4,Assay — Total Δ⁹-THC,17.84,197-21-К/26,07.08.2026,Farmahem,,covered
P060382,SCR012603,Scrambler,CoQ-PP_26-074,release,06.06.2026,5,Assay — Total CBD,not tested,—,—,—,,not tested — no certificate covers it
P060382,SCR012603,Scrambler,CoQ-PP_26-105,reissue — 12-month retest,17.08.2026,5,Assay — Total CBD,< LOQ,197-21-К/26,07.08.2026,Farmahem,,covered
P060382,SCR012603,Scrambler,CoQ-PP_26-074,release,06.06.2026,6,Total CBN,not tested,—,—,—,,not tested — no certificate covers it
P060382,SCR012603,Scrambler,CoQ-PP_26-105,reissue — 12-month retest,17.08.2026,6,Total CBN,< LOQ,197-21-К/26,07.08.2026,Farmahem,,covered
P060382,SCR012603,Scrambler,CoQ-PP_26-074,release,06.06.2026,7,Foreign Matter,Conforms | Одговара,iCoA-PP_26-085,03.06.2026,Purely Plant GmbH (in-house),yes,to be performed — see route
P060382,SCR012603,Scrambler,CoQ-PP_26-105,reissue — 12-month retest,17.08.2026,7,Foreign Matter,Conforms | Одговара,iCoA-PP_26-117,27.07.2026,Purely Plant GmbH (in-house),yes,covered
P060382,SCR012603,Scrambler,CoQ-PP_26-074,release,06.06.2026,8,Loss on Drying,not tested,—,—,—,,not tested — no certificate covers it
P060382,SCR012603,Scrambler,CoQ-PP_26-105,reissue — 12-month retest,17.08.2026,8,Loss on Drying,carried from the initial testing — not tested,—,—,—,,carried from the initial testing (CoQ-PP-2026-0026) — not tested — no certificate covers it
P060382,SCR012603,Scrambler,CoQ-PP_26-074,release,06.06.2026,9.1,TAMC,5.4 × 10⁴,364/0694/26,01.06.2026,IPH — Institute of Public Health,,covered
P060382,SCR012603,Scrambler,CoQ-PP_26-105,reissue — 12-month retest,17.08.2026,9.1,TAMC,5.4 × 10⁴,364/0694/26,01.06.2026,IPH — Institute of Public Health,,covered
P060382,SCR012603,Scrambler,CoQ-PP_26-074,release,06.06.2026,9.2,TYMC,1.8 × 10⁴,364/0694/26,01.06.2026,IPH — Institute of Public Health,,UNDETERMINED (Ph. Eur. 5.1.4) — covered
P060382,SCR012603,Scrambler,CoQ-PP_26-105,reissue — 12-month retest,17.08.2026,9.2,TYMC,1.8 × 10⁴,364/0694/26,01.06.2026,IPH — Institute of Public Health,,UNDETERMINED (Ph. Eur. 5.1.4) — covered
P060382,SCR012603,Scrambler,CoQ-PP_26-074,release,06.06.2026,9.3,Bile-tolerant gram-neg.,< 10,364/0694/26,01.06.2026,IPH — Institute of Public Health,,covered
P060382,SCR012603,Scrambler,CoQ-PP_26-105,reissue — 12-month retest,17.08.2026,9.3,Bile-tolerant gram-neg.,< 10,364/0694/26,01.06.2026,IPH — Institute of Public Health,,covered
P060382,SCR012603,Scrambler,CoQ-PP_26-074,release,06.06.2026,9.4,Salmonella,Absent | Отсутна,364/0694/26,01.06.2026,IPH — Institute of Public Health,,covered
P060382,SCR012603,Scrambler,CoQ-PP_26-105,reissue — 12-month retest,17.08.2026,9.4,Salmonella,Absent | Отсутна,364/0694/26,01.06.2026,IPH — Institute of Public Health,,covered
P060382,SCR012603,Scrambler,CoQ-PP_26-074,release,06.06.2026,9.5,Escherichia coli,Absent | Отсутна,364/0694/26,01.06.2026,IPH — Institute of Public Health,,covered
P060382,SCR012603,Scrambler,CoQ-PP_26-105,reissue — 12-month retest,17.08.2026,9.5,Escherichia coli,Absent | Отсутна,364/0694/26,01.06.2026,IPH — Institute of Public Health,,covered
P060382,SCR012603,Scrambler,CoQ-PP_26-074,release,06.06.2026,9.6,Pseudomonas aeruginosa,upon request — not required for release,—,—,—,,upon request — not required for release
P060382,SCR012603,Scrambler,CoQ-PP_26-105,reissue — 12-month retest,17.08.2026,9.6,Pseudomonas aeruginosa,upon request — not required for release,—,—,—,,upon request — not required for release
P060382,SCR012603,Scrambler,CoQ-PP_26-074,release,06.06.2026,9.7,Staphylococcus aureus,upon request — not required for release,—,—,—,,upon request — not required for release
P060382,SCR012603,Scrambler,CoQ-PP_26-105,reissue — 12-month retest,17.08.2026,9.7,Staphylococcus aureus,upon request — not required for release,—,—,—,,upon request — not required for release
P060382,SCR012603,Scrambler,CoQ-PP_26-074,release,06.06.2026,10.1,Aflatoxin B₁,not tested,—,—,—,,not tested — no certificate covers it
P060382,SCR012603,Scrambler,CoQ-PP_26-105,reissue — 12-month retest,17.08.2026,10.1,Aflatoxin B₁,ND,197-21-М/26,10.08.2026,Farmahem,,covered
P060382,SCR012603,Scrambler,CoQ-PP_26-074,release,06.06.2026,10.2,Aflatoxins ∑,not tested,—,—,—,,not tested — no certificate covers it
P060382,SCR012603,Scrambler,CoQ-PP_26-105,reissue — 12-month retest,17.08.2026,10.2,Aflatoxins ∑,ND,197-21-М/26,10.08.2026,Farmahem,,covered
P060382,SCR012603,Scrambler,CoQ-PP_26-074,release,06.06.2026,10.3,Ochratoxin A,not tested,—,—,—,,not tested — no certificate covers it
P060382,SCR012603,Scrambler,CoQ-PP_26-105,reissue — 12-month retest,17.08.2026,10.3,Ochratoxin A,ND,197-21-М/26,10.08.2026,Farmahem,,covered
P060382,SCR012603,Scrambler,CoQ-PP_26-074,release,06.06.2026,11.1,Lead (Pb),not tested,—,—,—,,not tested — no certificate covers it
P060382,SCR012603,Scrambler,CoQ-PP_26-105,reissue — 12-month retest,17.08.2026,11.1,Lead (Pb),carried from the initial testing — not tested,—,—,—,,carried from the initial testing (CoQ-PP-2026-0026) — not tested — no certificate covers it
P060382,SCR012603,Scrambler,CoQ-PP_26-074,release,06.06.2026,11.2,Cadmium (Cd),not tested,—,—,—,,not tested — no certificate covers it
P060382,SCR012603,Scrambler,CoQ-PP_26-105,reissue — 12-month retest,17.08.2026,11.2,Cadmium (Cd),carried from the initial testing — not tested,—,—,—,,carried from the initial testing (CoQ-PP-2026-0026) — not tested — no certificate covers it
P060382,SCR012603,Scrambler,CoQ-PP_26-074,release,06.06.2026,11.3,Arsenic (As),not tested,—,—,—,,not tested — no certificate covers it
P060382,SCR012603,Scrambler,CoQ-PP_26-105,reissue — 12-month retest,17.08.2026,11.3,Arsenic (As),carried from the initial testing — not tested,—,—,—,,carried from the initial testing (CoQ-PP-2026-0026) — not tested — no certificate covers it
P060382,SCR012603,Scrambler,CoQ-PP_26-074,release,06.06.2026,11.4,Mercury (Hg),not tested,—,—,—,,not tested — no certificate covers it
P060382,SCR012603,Scrambler,CoQ-PP_26-105,reissue — 12-month retest,17.08.2026,11.4,Mercury (Hg),carried from the initial testing — not tested,—,—,—,,carried from the initial testing (CoQ-PP-2026-0026) — not tested — no certificate covers it
P060382,SCR012603,Scrambler,CoQ-PP_26-074,release,06.06.2026,12,Pesticide Residues,not tested,—,—,—,,not tested — no certificate covers it
P060382,SCR012603,Scrambler,CoQ-PP_26-105,reissue — 12-month retest,17.08.2026,12,Pesticide Residues,carried from the initial testing — not tested,—,—,—,,carried from the initial testing (CoQ-PP-2026-0026) — not tested — no certificate covers it
FB012603V,FB012603V,FatBastard,CoQ-PP_26-075,release,07.07.2026,1,"Identification A, Appearance · Macroscopic",Conforms | Одговара,ППК26110,30.06.2026,UKIM Faculty of Pharmacy — Center for Natural Products,,covered
FB012603V,FB012603V,FatBastard,CoQ-PP_26-144,reissue — 12-month retest,21.09.2026,1,"Identification A, Appearance · Macroscopic",Conforms | Одговара,ППК26110,30.06.2026,UKIM Faculty of Pharmacy — Center for Natural Products,,carried from the initial testing (the batch's initial CoQ (number assigned on issue)) — covered
FB012603V,FB012603V,FatBastard,CoQ-PP_26-075,release,07.07.2026,2,Identification B · Microscopic,Conforms | Одговара,ППК26110,30.06.2026,UKIM Faculty of Pharmacy — Center for Natural Products,,covered
FB012603V,FB012603V,FatBastard,CoQ-PP_26-144,reissue — 12-month retest,21.09.2026,2,Identification B · Microscopic,Conforms | Одговара,ППК26110,30.06.2026,UKIM Faculty of Pharmacy — Center for Natural Products,,carried from the initial testing (the batch's initial CoQ (number assigned on issue)) — covered
FB012603V,FB012603V,FatBastard,CoQ-PP_26-075,release,07.07.2026,3,Identification C · HPLC/HPTLC,Conforms | Одговара,ППК26110,30.06.2026,UKIM Faculty of Pharmacy — Center for Natural Products,,covered
FB012603V,FB012603V,FatBastard,CoQ-PP_26-144,reissue — 12-month retest,21.09.2026,3,Identification C · HPLC/HPTLC,Conforms | Одговара,227-23-К/26,11.09.2026,Farmahem,,covered
FB012603V,FB012603V,FatBastard,CoQ-PP_26-075,release,07.07.2026,4,Assay — Total Δ⁹-THC,18.29,ППК26110,30.06.2026,UKIM Faculty of Pharmacy — Center for Natural Products,,covered
FB012603V,FB012603V,FatBastard,CoQ-PP_26-144,reissue — 12-month retest,21.09.2026,4,Assay — Total Δ⁹-THC,19.31,227-23-К/26,11.09.2026,Farmahem,,covered
FB012603V,FB012603V,FatBastard,CoQ-PP_26-075,release,07.07.2026,5,Assay — Total CBD,0.16,ППК26110,30.06.2026,UKIM Faculty of Pharmacy — Center for Natural Products,,covered
FB012603V,FB012603V,FatBastard,CoQ-PP_26-144,reissue — 12-month retest,21.09.2026,5,Assay — Total CBD,< LOQ,227-23-К/26,11.09.2026,Farmahem,,covered
FB012603V,FB012603V,FatBastard,CoQ-PP_26-075,release,07.07.2026,6,Total CBN,0.06,ППК26110,30.06.2026,UKIM Faculty of Pharmacy — Center for Natural Products,,covered
FB012603V,FB012603V,FatBastard,CoQ-PP_26-144,reissue — 12-month retest,21.09.2026,6,Total CBN,< LOQ,227-23-К/26,11.09.2026,Farmahem,,covered
FB012603V,FB012603V,FatBastard,CoQ-PP_26-075,release,07.07.2026,7,Foreign Matter,Conforms | Одговара,ППК26110,30.06.2026,UKIM Faculty of Pharmacy — Center for Natural Products,,covered
FB012603V,FB012603V,FatBastard,CoQ-PP_26-144,reissue — 12-month retest,21.09.2026,7,Foreign Matter,Conforms | Одговара,ППК26110,30.06.2026,UKIM Faculty of Pharmacy — Center for Natural Products,,carried from the initial testing (the batch's initial CoQ (number assigned on issue)) — covered
FB012603V,FB012603V,FatBastard,CoQ-PP_26-075,release,07.07.2026,8,Loss on Drying,6.36,ППК26110,30.06.2026,UKIM Faculty of Pharmacy — Center for Natural Products,,covered
FB012603V,FB012603V,FatBastard,CoQ-PP_26-144,reissue — 12-month retest,21.09.2026,8,Loss on Drying,6.36,ППК26110,30.06.2026,UKIM Faculty of Pharmacy — Center for Natural Products,,carried from the initial testing (the batch's initial CoQ (number assigned on issue)) — covered
FB012603V,FB012603V,FatBastard,CoQ-PP_26-075,release,07.07.2026,9.1,TAMC,not tested,—,—,—,,not tested — no certificate covers it
FB012603V,FB012603V,FatBastard,CoQ-PP_26-144,reissue — 12-month retest,21.09.2026,9.1,TAMC,"2,9 × 10³",538/1069/26,31.08.2026,IPH — Institute of Public Health,,covered
FB012603V,FB012603V,FatBastard,CoQ-PP_26-075,release,07.07.2026,9.2,TYMC,not tested,—,—,—,,not tested — no certificate covers it
FB012603V,FB012603V,FatBastard,CoQ-PP_26-144,reissue — 12-month retest,21.09.2026,9.2,TYMC,"2,5 × 10³",538/1069/26,31.08.2026,IPH — Institute of Public Health,,covered
FB012603V,FB012603V,FatBastard,CoQ-PP_26-075,release,07.07.2026,9.3,Bile-tolerant gram-neg.,not tested,—,—,—,,not tested — no certificate covers it
FB012603V,FB012603V,FatBastard,CoQ-PP_26-144,reissue — 12-month retest,21.09.2026,9.3,Bile-tolerant gram-neg.,< 10,538/1069/26,31.08.2026,IPH — Institute of Public Health,,covered
FB012603V,FB012603V,FatBastard,CoQ-PP_26-075,release,07.07.2026,9.4,Salmonella,not tested,—,—,—,,not tested — no certificate covers it
FB012603V,FB012603V,FatBastard,CoQ-PP_26-144,reissue — 12-month retest,21.09.2026,9.4,Salmonella,Absent | Отсутна,538/1069/26,31.08.2026,IPH — Institute of Public Health,,covered
FB012603V,FB012603V,FatBastard,CoQ-PP_26-075,release,07.07.2026,9.5,Escherichia coli,not tested,—,—,—,,not tested — no certificate covers it
FB012603V,FB012603V,FatBastard,CoQ-PP_26-144,reissue — 12-month retest,21.09.2026,9.5,Escherichia coli,Absent | Отсутна,538/1069/26,31.08.2026,IPH — Institute of Public Health,,covered
FB012603V,FB012603V,FatBastard,CoQ-PP_26-075,release,07.07.2026,9.6,Pseudomonas aeruginosa,upon request — not required for release,—,—,—,,upon request — not required for release
FB012603V,FB012603V,FatBastard,CoQ-PP_26-144,reissue — 12-month retest,21.09.2026,9.6,Pseudomonas aeruginosa,upon request — not required for release,—,—,—,,upon request — not required for release
FB012603V,FB012603V,FatBastard,CoQ-PP_26-075,release,07.07.2026,9.7,Staphylococcus aureus,upon request — not required for release,—,—,—,,upon request — not required for release
FB012603V,FB012603V,FatBastard,CoQ-PP_26-144,reissue — 12-month retest,21.09.2026,9.7,Staphylococcus aureus,upon request — not required for release,—,—,—,,upon request — not required for release
FB012603V,FB012603V,FatBastard,CoQ-PP_26-075,release,07.07.2026,10.1,Aflatoxin B₁,not tested,—,—,—,,not tested — no certificate covers it
FB012603V,FB012603V,FatBastard,CoQ-PP_26-144,reissue — 12-month retest,21.09.2026,10.1,Aflatoxin B₁,ND,227-23-М/26,16.09.2026,Farmahem,,covered
FB012603V,FB012603V,FatBastard,CoQ-PP_26-075,release,07.07.2026,10.2,Aflatoxins ∑,not tested,—,—,—,,not tested — no certificate covers it
FB012603V,FB012603V,FatBastard,CoQ-PP_26-144,reissue — 12-month retest,21.09.2026,10.2,Aflatoxins ∑,ND,227-23-М/26,16.09.2026,Farmahem,,covered
FB012603V,FB012603V,FatBastard,CoQ-PP_26-075,release,07.07.2026,10.3,Ochratoxin A,not tested,—,—,—,,not tested — no certificate covers it
FB012603V,FB012603V,FatBastard,CoQ-PP_26-144,reissue — 12-month retest,21.09.2026,10.3,Ochratoxin A,ND,227-23-М/26,16.09.2026,Farmahem,,covered
FB012603V,FB012603V,FatBastard,CoQ-PP_26-075,release,07.07.2026,11.1,Lead (Pb),not tested,—,—,—,,not tested — no certificate covers it
FB012603V,FB012603V,FatBastard,CoQ-PP_26-144,reissue — 12-month retest,21.09.2026,11.1,Lead (Pb),carried from the initial testing — not tested,—,—,—,,carried from the initial testing (the batch's initial CoQ (number assigned on issue)) — not tested — no certificate covers it
FB012603V,FB012603V,FatBastard,CoQ-PP_26-075,release,07.07.2026,11.2,Cadmium (Cd),not tested,—,—,—,,not tested — no certificate covers it
FB012603V,FB012603V,FatBastard,CoQ-PP_26-144,reissue — 12-month retest,21.09.2026,11.2,Cadmium (Cd),carried from the initial testing — not tested,—,—,—,,carried from the initial testing (the batch's initial CoQ (number assigned on issue)) — not tested — no certificate covers it
FB012603V,FB012603V,FatBastard,CoQ-PP_26-075,release,07.07.2026,11.3,Arsenic (As),not tested,—,—,—,,not tested — no certificate covers it
FB012603V,FB012603V,FatBastard,CoQ-PP_26-144,reissue — 12-month retest,21.09.2026,11.3,Arsenic (As),carried from the initial testing — not tested,—,—,—,,carried from the initial testing (the batch's initial CoQ (number assigned on issue)) — not tested — no certificate covers it
FB012603V,FB012603V,FatBastard,CoQ-PP_26-075,release,07.07.2026,11.4,Mercury (Hg),not tested,—,—,—,,not tested — no certificate covers it
FB012603V,FB012603V,FatBastard,CoQ-PP_26-144,reissue — 12-month retest,21.09.2026,11.4,Mercury (Hg),carried from the initial testing — not tested,—,—,—,,carried from the initial testing (the batch's initial CoQ (number assigned on issue)) — not tested — no certificate covers it
FB012603V,FB012603V,FatBastard,CoQ-PP_26-075,release,07.07.2026,12,Pesticide Residues,not tested,—,—,—,,not tested — no certificate covers it
FB012603V,FB012603V,FatBastard,CoQ-PP_26-144,reissue — 12-month retest,21.09.2026,12,Pesticide Residues,carried from the initial testing — not tested,—,—,—,,carried from the initial testing (the batch's initial CoQ (number assigned on issue)) — not tested — no certificate covers it
P060422,JD012603/02V,Jelly Donuts,CoQ-PP_26-076,release,07.07.2026,1,"Identification A, Appearance · Macroscopic",Conforms | Одговара,ППК26111,30.06.2026,UKIM Faculty of Pharmacy — Center for Natural Products,,covered
P060422,JD012603/02V,Jelly Donuts,CoQ-PP_26-124,reissue — 12-month retest,18.09.2026,1,"Identification A, Appearance · Macroscopic",Conforms | Одговара,ППК26111,30.06.2026,UKIM Faculty of Pharmacy — Center for Natural Products,,carried from the initial testing (CoQ-PP-2026-0022) — covered
P060422,JD012603/02V,Jelly Donuts,CoQ-PP_26-076,release,07.07.2026,2,Identification B · Microscopic,Conforms | Одговара,ППК26111,30.06.2026,UKIM Faculty of Pharmacy — Center for Natural Products,,covered
P060422,JD012603/02V,Jelly Donuts,CoQ-PP_26-124,reissue — 12-month retest,18.09.2026,2,Identification B · Microscopic,Conforms | Одговара,ППК26111,30.06.2026,UKIM Faculty of Pharmacy — Center for Natural Products,,carried from the initial testing (CoQ-PP-2026-0022) — covered
P060422,JD012603/02V,Jelly Donuts,CoQ-PP_26-076,release,07.07.2026,3,Identification C · HPLC/HPTLC,Conforms | Одговара,ППК26111,30.06.2026,UKIM Faculty of Pharmacy — Center for Natural Products,,covered
P060422,JD012603/02V,Jelly Donuts,CoQ-PP_26-124,reissue — 12-month retest,18.09.2026,3,Identification C · HPLC/HPTLC,Conforms | Одговара,220-18-К/26,26.08.2026,Farmahem,,covered
P060422,JD012603/02V,Jelly Donuts,CoQ-PP_26-076,release,07.07.2026,4,Assay — Total Δ⁹-THC,15.16,ППК26111,30.06.2026,UKIM Faculty of Pharmacy — Center for Natural Products,,covered
P060422,JD012603/02V,Jelly Donuts,CoQ-PP_26-124,reissue — 12-month retest,18.09.2026,4,Assay — Total Δ⁹-THC,17.09,220-18-К/26,26.08.2026,Farmahem,,covered
P060422,JD012603/02V,Jelly Donuts,CoQ-PP_26-076,release,07.07.2026,5,Assay — Total CBD,< LOQ (below limit of quantification),ППК26111,30.06.2026,UKIM Faculty of Pharmacy — Center for Natural Products,,covered
P060422,JD012603/02V,Jelly Donuts,CoQ-PP_26-124,reissue — 12-month retest,18.09.2026,5,Assay — Total CBD,< LOQ,220-18-К/26,26.08.2026,Farmahem,,covered
P060422,JD012603/02V,Jelly Donuts,CoQ-PP_26-076,release,07.07.2026,6,Total CBN,0.04,ППК26111,30.06.2026,UKIM Faculty of Pharmacy — Center for Natural Products,,covered
P060422,JD012603/02V,Jelly Donuts,CoQ-PP_26-124,reissue — 12-month retest,18.09.2026,6,Total CBN,< LOQ,220-18-К/26,26.08.2026,Farmahem,,covered
P060422,JD012603/02V,Jelly Donuts,CoQ-PP_26-076,release,07.07.2026,7,Foreign Matter,Conforms | Одговара,ППК26111,30.06.2026,UKIM Faculty of Pharmacy — Center for Natural Products,,covered
P060422,JD012603/02V,Jelly Donuts,CoQ-PP_26-124,reissue — 12-month retest,18.09.2026,7,Foreign Matter,Conforms | Одговара,ППК26111,30.06.2026,UKIM Faculty of Pharmacy — Center for Natural Products,,carried from the initial testing (CoQ-PP-2026-0022) — covered
P060422,JD012603/02V,Jelly Donuts,CoQ-PP_26-076,release,07.07.2026,8,Loss on Drying,7.04,ППК26111,30.06.2026,UKIM Faculty of Pharmacy — Center for Natural Products,,covered
P060422,JD012603/02V,Jelly Donuts,CoQ-PP_26-124,reissue — 12-month retest,18.09.2026,8,Loss on Drying,7.04,ППК26111,30.06.2026,UKIM Faculty of Pharmacy — Center for Natural Products,,carried from the initial testing (CoQ-PP-2026-0022) — covered
P060422,JD012603/02V,Jelly Donuts,CoQ-PP_26-076,release,07.07.2026,9.1,TAMC,not tested,—,—,—,,not tested — no certificate covers it
P060422,JD012603/02V,Jelly Donuts,CoQ-PP_26-124,reissue — 12-month retest,18.09.2026,9.1,TAMC,carried from the initial testing — not tested,—,—,—,,carried from the initial testing (CoQ-PP-2026-0022) — not tested — no certificate covers it
P060422,JD012603/02V,Jelly Donuts,CoQ-PP_26-076,release,07.07.2026,9.2,TYMC,not tested,—,—,—,,not tested — no certificate covers it
P060422,JD012603/02V,Jelly Donuts,CoQ-PP_26-124,reissue — 12-month retest,18.09.2026,9.2,TYMC,carried from the initial testing — not tested,—,—,—,,carried from the initial testing (CoQ-PP-2026-0022) — not tested — no certificate covers it
P060422,JD012603/02V,Jelly Donuts,CoQ-PP_26-076,release,07.07.2026,9.3,Bile-tolerant gram-neg.,not tested,—,—,—,,not tested — no certificate covers it
P060422,JD012603/02V,Jelly Donuts,CoQ-PP_26-124,reissue — 12-month retest,18.09.2026,9.3,Bile-tolerant gram-neg.,carried from the initial testing — not tested,—,—,—,,carried from the initial testing (CoQ-PP-2026-0022) — not tested — no certificate covers it
P060422,JD012603/02V,Jelly Donuts,CoQ-PP_26-076,release,07.07.2026,9.4,Salmonella,not tested,—,—,—,,not tested — no certificate covers it
P060422,JD012603/02V,Jelly Donuts,CoQ-PP_26-124,reissue — 12-month retest,18.09.2026,9.4,Salmonella,carried from the initial testing — not tested,—,—,—,,carried from the initial testing (CoQ-PP-2026-0022) — not tested — no certificate covers it
P060422,JD012603/02V,Jelly Donuts,CoQ-PP_26-076,release,07.07.2026,9.5,Escherichia coli,not tested,—,—,—,,not tested — no certificate covers it
P060422,JD012603/02V,Jelly Donuts,CoQ-PP_26-124,reissue — 12-month retest,18.09.2026,9.5,Escherichia coli,carried from the initial testing — not tested,—,—,—,,carried from the initial testing (CoQ-PP-2026-0022) — not tested — no certificate covers it
P060422,JD012603/02V,Jelly Donuts,CoQ-PP_26-076,release,07.07.2026,9.6,Pseudomonas aeruginosa,upon request — not required for release,—,—,—,,upon request — not required for release
P060422,JD012603/02V,Jelly Donuts,CoQ-PP_26-124,reissue — 12-month retest,18.09.2026,9.6,Pseudomonas aeruginosa,upon request — not required for release,—,—,—,,upon request — not required for release
P060422,JD012603/02V,Jelly Donuts,CoQ-PP_26-076,release,07.07.2026,9.7,Staphylococcus aureus,upon request — not required for release,—,—,—,,upon request — not required for release
P060422,JD012603/02V,Jelly Donuts,CoQ-PP_26-124,reissue — 12-month retest,18.09.2026,9.7,Staphylococcus aureus,upon request — not required for release,—,—,—,,upon request — not required for release
P060422,JD012603/02V,Jelly Donuts,CoQ-PP_26-076,release,07.07.2026,10.1,Aflatoxin B₁,not tested,—,—,—,,not tested — no certificate covers it
P060422,JD012603/02V,Jelly Donuts,CoQ-PP_26-124,reissue — 12-month retest,18.09.2026,10.1,Aflatoxin B₁,ND,220-18-М/26,11.09.2026,Farmahem,,covered
P060422,JD012603/02V,Jelly Donuts,CoQ-PP_26-076,release,07.07.2026,10.2,Aflatoxins ∑,not tested,—,—,—,,not tested — no certificate covers it
P060422,JD012603/02V,Jelly Donuts,CoQ-PP_26-124,reissue — 12-month retest,18.09.2026,10.2,Aflatoxins ∑,ND,220-18-М/26,11.09.2026,Farmahem,,covered
P060422,JD012603/02V,Jelly Donuts,CoQ-PP_26-076,release,07.07.2026,10.3,Ochratoxin A,not tested,—,—,—,,not tested — no certificate covers it
P060422,JD012603/02V,Jelly Donuts,CoQ-PP_26-124,reissue — 12-month retest,18.09.2026,10.3,Ochratoxin A,ND,220-18-М/26,11.09.2026,Farmahem,,covered
P060422,JD012603/02V,Jelly Donuts,CoQ-PP_26-076,release,07.07.2026,11.1,Lead (Pb),not tested,—,—,—,,not tested — no certificate covers it
P060422,JD012603/02V,Jelly Donuts,CoQ-PP_26-124,reissue — 12-month retest,18.09.2026,11.1,Lead (Pb),carried from the initial testing — not tested,—,—,—,,carried from the initial testing (CoQ-PP-2026-0022) — not tested — no certificate covers it
P060422,JD012603/02V,Jelly Donuts,CoQ-PP_26-076,release,07.07.2026,11.2,Cadmium (Cd),not tested,—,—,—,,not tested — no certificate covers it
P060422,JD012603/02V,Jelly Donuts,CoQ-PP_26-124,reissue — 12-month retest,18.09.2026,11.2,Cadmium (Cd),carried from the initial testing — not tested,—,—,—,,carried from the initial testing (CoQ-PP-2026-0022) — not tested — no certificate covers it
P060422,JD012603/02V,Jelly Donuts,CoQ-PP_26-076,release,07.07.2026,11.3,Arsenic (As),not tested,—,—,—,,not tested — no certificate covers it
P060422,JD012603/02V,Jelly Donuts,CoQ-PP_26-124,reissue — 12-month retest,18.09.2026,11.3,Arsenic (As),carried from the initial testing — not tested,—,—,—,,carried from the initial testing (CoQ-PP-2026-0022) — not tested — no certificate covers it
P060422,JD012603/02V,Jelly Donuts,CoQ-PP_26-076,release,07.07.2026,11.4,Mercury (Hg),not tested,—,—,—,,not tested — no certificate covers it
P060422,JD012603/02V,Jelly Donuts,CoQ-PP_26-124,reissue — 12-month retest,18.09.2026,11.4,Mercury (Hg),carried from the initial testing — not tested,—,—,—,,carried from the initial testing (CoQ-PP-2026-0022) — not tested — no certificate covers it
P060422,JD012603/02V,Jelly Donuts,CoQ-PP_26-076,release,07.07.2026,12,Pesticide Residues,"< 0,01 mg/kg — all 22 residues",3662/2026,22.06.2026,IJZ,,covered
P060422,JD012603/02V,Jelly Donuts,CoQ-PP_26-124,reissue — 12-month retest,18.09.2026,12,Pesticide Residues,"< 0,01 mg/kg — all 22 residues",3662/2026,22.06.2026,IJZ,,carried from the initial testing (CoQ-PP-2026-0022) — covered
P060402,GG012603,Gorilla Glue,CoQ-PP_26-077,release,07.07.2026,1,"Identification A, Appearance · Macroscopic",Conforms | Одговара,ППК26114,30.06.2026,UKIM Faculty of Pharmacy — Center for Natural Products,,covered
P060402,GG012603,Gorilla Glue,CoQ-PP_26-092,reissue — 12-month retest,17.08.2026,1,"Identification A, Appearance · Macroscopic",Conforms | Одговара,ППК26114,30.06.2026,UKIM Faculty of Pharmacy — Center for Natural Products,,carried from the initial testing (CoQ-PP-2026-0023) — covered
P060402,GG012603,Gorilla Glue,CoQ-PP_26-077,release,07.07.2026,2,Identification B · Microscopic,Conforms | Одговара,ППК26114,30.06.2026,UKIM Faculty of Pharmacy — Center for Natural Products,,covered
P060402,GG012603,Gorilla Glue,CoQ-PP_26-092,reissue — 12-month retest,17.08.2026,2,Identification B · Microscopic,Conforms | Одговара,ППК26114,30.06.2026,UKIM Faculty of Pharmacy — Center for Natural Products,,carried from the initial testing (CoQ-PP-2026-0023) — covered
P060402,GG012603,Gorilla Glue,CoQ-PP_26-077,release,07.07.2026,3,Identification C · HPLC/HPTLC,Conforms | Одговара,ППК26114,30.06.2026,UKIM Faculty of Pharmacy — Center for Natural Products,,covered
P060402,GG012603,Gorilla Glue,CoQ-PP_26-092,reissue — 12-month retest,17.08.2026,3,Identification C · HPLC/HPTLC,Conforms | Одговара,197-8-К/26,07.08.2026,Farmahem,,covered
P060402,GG012603,Gorilla Glue,CoQ-PP_26-077,release,07.07.2026,4,Assay — Total Δ⁹-THC,17.59,ППК26114,30.06.2026,UKIM Faculty of Pharmacy — Center for Natural Products,,covered
P060402,GG012603,Gorilla Glue,CoQ-PP_26-092,reissue — 12-month retest,17.08.2026,4,Assay — Total Δ⁹-THC,16.70,197-8-К/26,07.08.2026,Farmahem,,covered
P060402,GG012603,Gorilla Glue,CoQ-PP_26-077,release,07.07.2026,5,Assay — Total CBD,0.05,ППК26114,30.06.2026,UKIM Faculty of Pharmacy — Center for Natural Products,,covered
P060402,GG012603,Gorilla Glue,CoQ-PP_26-092,reissue — 12-month retest,17.08.2026,5,Assay — Total CBD,< LOQ,197-8-К/26,07.08.2026,Farmahem,,covered
P060402,GG012603,Gorilla Glue,CoQ-PP_26-077,release,07.07.2026,6,Total CBN,0.15,ППК26114,30.06.2026,UKIM Faculty of Pharmacy — Center for Natural Products,,covered
P060402,GG012603,Gorilla Glue,CoQ-PP_26-092,reissue — 12-month retest,17.08.2026,6,Total CBN,< LOQ,197-8-К/26,07.08.2026,Farmahem,,covered
P060402,GG012603,Gorilla Glue,CoQ-PP_26-077,release,07.07.2026,7,Foreign Matter,Conforms | Одговара,ППК26114,30.06.2026,UKIM Faculty of Pharmacy — Center for Natural Products,,covered
P060402,GG012603,Gorilla Glue,CoQ-PP_26-092,reissue — 12-month retest,17.08.2026,7,Foreign Matter,Conforms | Одговара,ППК26114,30.06.2026,UKIM Faculty of Pharmacy — Center for Natural Products,,carried from the initial testing (CoQ-PP-2026-0023) — covered
P060402,GG012603,Gorilla Glue,CoQ-PP_26-077,release,07.07.2026,8,Loss on Drying,6.48,ППК26114,30.06.2026,UKIM Faculty of Pharmacy — Center for Natural Products,,covered
P060402,GG012603,Gorilla Glue,CoQ-PP_26-092,reissue — 12-month retest,17.08.2026,8,Loss on Drying,6.48,ППК26114,30.06.2026,UKIM Faculty of Pharmacy — Center for Natural Products,,carried from the initial testing (CoQ-PP-2026-0023) — covered
P060402,GG012603,Gorilla Glue,CoQ-PP_26-077,release,07.07.2026,9.1,TAMC,5 × 10³,404/0787/26,24.06.2026,IPH — Institute of Public Health,,covered
P060402,GG012603,Gorilla Glue,CoQ-PP_26-092,reissue — 12-month retest,17.08.2026,9.1,TAMC,5 × 10³,404/0787/26,24.06.2026,IPH — Institute of Public Health,,covered
P060402,GG012603,Gorilla Glue,CoQ-PP_26-077,release,07.07.2026,9.2,TYMC,4.1 × 10³,404/0787/26,24.06.2026,IPH — Institute of Public Health,,covered
P060402,GG012603,Gorilla Glue,CoQ-PP_26-092,reissue — 12-month retest,17.08.2026,9.2,TYMC,4.1 × 10³,404/0787/26,24.06.2026,IPH — Institute of Public Health,,covered
P060402,GG012603,Gorilla Glue,CoQ-PP_26-077,release,07.07.2026,9.3,Bile-tolerant gram-neg.,< 10,404/0787/26,24.06.2026,IPH — Institute of Public Health,,covered
P060402,GG012603,Gorilla Glue,CoQ-PP_26-092,reissue — 12-month retest,17.08.2026,9.3,Bile-tolerant gram-neg.,< 10,404/0787/26,24.06.2026,IPH — Institute of Public Health,,covered
P060402,GG012603,Gorilla Glue,CoQ-PP_26-077,release,07.07.2026,9.4,Salmonella,Absent | Отсутна,404/0787/26,24.06.2026,IPH — Institute of Public Health,,covered
P060402,GG012603,Gorilla Glue,CoQ-PP_26-092,reissue — 12-month retest,17.08.2026,9.4,Salmonella,Absent | Отсутна,404/0787/26,24.06.2026,IPH — Institute of Public Health,,covered
P060402,GG012603,Gorilla Glue,CoQ-PP_26-077,release,07.07.2026,9.5,Escherichia coli,Absent | Отсутна,404/0787/26,24.06.2026,IPH — Institute of Public Health,,covered
P060402,GG012603,Gorilla Glue,CoQ-PP_26-092,reissue — 12-month retest,17.08.2026,9.5,Escherichia coli,Absent | Отсутна,404/0787/26,24.06.2026,IPH — Institute of Public Health,,covered
P060402,GG012603,Gorilla Glue,CoQ-PP_26-077,release,07.07.2026,9.6,Pseudomonas aeruginosa,upon request — not required for release,—,—,—,,upon request — not required for release
P060402,GG012603,Gorilla Glue,CoQ-PP_26-092,reissue — 12-month retest,17.08.2026,9.6,Pseudomonas aeruginosa,upon request — not required for release,—,—,—,,upon request — not required for release
P060402,GG012603,Gorilla Glue,CoQ-PP_26-077,release,07.07.2026,9.7,Staphylococcus aureus,upon request — not required for release,—,—,—,,upon request — not required for release
P060402,GG012603,Gorilla Glue,CoQ-PP_26-092,reissue — 12-month retest,17.08.2026,9.7,Staphylococcus aureus,upon request — not required for release,—,—,—,,upon request — not required for release
P060402,GG012603,Gorilla Glue,CoQ-PP_26-077,release,07.07.2026,10.1,Aflatoxin B₁,not tested,—,—,—,,not tested — no certificate covers it
P060402,GG012603,Gorilla Glue,CoQ-PP_26-092,reissue — 12-month retest,17.08.2026,10.1,Aflatoxin B₁,ND,197-8-М/26,10.08.2026,Farmahem,,covered
P060402,GG012603,Gorilla Glue,CoQ-PP_26-077,release,07.07.2026,10.2,Aflatoxins ∑,< 2,3659/2026,22.06.2026,IPH — Institute of Public Health,,covered
P060402,GG012603,Gorilla Glue,CoQ-PP_26-092,reissue — 12-month retest,17.08.2026,10.2,Aflatoxins ∑,ND,197-8-М/26,10.08.2026,Farmahem,,covered
P060402,GG012603,Gorilla Glue,CoQ-PP_26-077,release,07.07.2026,10.3,Ochratoxin A,not tested,—,—,—,,not tested — no certificate covers it
P060402,GG012603,Gorilla Glue,CoQ-PP_26-092,reissue — 12-month retest,17.08.2026,10.3,Ochratoxin A,ND,197-8-М/26,10.08.2026,Farmahem,,covered
P060402,GG012603,Gorilla Glue,CoQ-PP_26-077,release,07.07.2026,11.1,Lead (Pb),0.059,3659/2026,22.06.2026,IPH — Institute of Public Health,,covered
P060402,GG012603,Gorilla Glue,CoQ-PP_26-092,reissue — 12-month retest,17.08.2026,11.1,Lead (Pb),0.059,3659/2026,22.06.2026,IPH — Institute of Public Health,,covered
P060402,GG012603,Gorilla Glue,CoQ-PP_26-077,release,07.07.2026,11.2,Cadmium (Cd),0.03,3659/2026,22.06.2026,IPH — Institute of Public Health,,covered
P060402,GG012603,Gorilla Glue,CoQ-PP_26-092,reissue — 12-month retest,17.08.2026,11.2,Cadmium (Cd),0.03,3659/2026,22.06.2026,IPH — Institute of Public Health,,covered
P060402,GG012603,Gorilla Glue,CoQ-PP_26-077,release,07.07.2026,11.3,Arsenic (As),0.05,3659/2026,22.06.2026,IPH — Institute of Public Health,,covered
P060402,GG012603,Gorilla Glue,CoQ-PP_26-092,reissue — 12-month retest,17.08.2026,11.3,Arsenic (As),0.05,3659/2026,22.06.2026,IPH — Institute of Public Health,,covered
P060402,GG012603,Gorilla Glue,CoQ-PP_26-077,release,07.07.2026,11.4,Mercury (Hg),0.015,3659/2026,22.06.2026,IPH — Institute of Public Health,,covered
P060402,GG012603,Gorilla Glue,CoQ-PP_26-092,reissue — 12-month retest,17.08.2026,11.4,Mercury (Hg),0.015,3659/2026,22.06.2026,IPH — Institute of Public Health,,covered
P060402,GG012603,Gorilla Glue,CoQ-PP_26-077,release,07.07.2026,12,Pesticide Residues,"< 0,01 mg/kg — all 22 residues",3659/2026,22.06.2026,IJZ,,covered
P060402,GG012603,Gorilla Glue,CoQ-PP_26-092,reissue — 12-month retest,17.08.2026,12,Pesticide Residues,"< 0,01 mg/kg — all 22 residues",3659/2026,22.06.2026,IJZ,,carried from the initial testing (CoQ-PP-2026-0023) — covered
P060412,JD012603/02,Jelly Donuts,CoQ-PP_26-078,release,07.07.2026,1,"Identification A, Appearance · Macroscopic",Conforms | Одговара,ППК26113,30.06.2026,UKIM Faculty of Pharmacy — Center for Natural Products,,covered
P060412,JD012603/02,Jelly Donuts,CoQ-PP_26-123,reissue — 12-month retest,18.09.2026,1,"Identification A, Appearance · Macroscopic",Conforms | Одговара,ППК26113,30.06.2026,UKIM Faculty of Pharmacy — Center for Natural Products,,carried from the initial testing (CoQ-PP-2026-0025) — covered
P060412,JD012603/02,Jelly Donuts,CoQ-PP_26-078,release,07.07.2026,2,Identification B · Microscopic,Conforms | Одговара,ППК26113,30.06.2026,UKIM Faculty of Pharmacy — Center for Natural Products,,covered
P060412,JD012603/02,Jelly Donuts,CoQ-PP_26-123,reissue — 12-month retest,18.09.2026,2,Identification B · Microscopic,Conforms | Одговара,ППК26113,30.06.2026,UKIM Faculty of Pharmacy — Center for Natural Products,,carried from the initial testing (CoQ-PP-2026-0025) — covered
P060412,JD012603/02,Jelly Donuts,CoQ-PP_26-078,release,07.07.2026,3,Identification C · HPLC/HPTLC,Conforms | Одговара,ППК26113,30.06.2026,UKIM Faculty of Pharmacy — Center for Natural Products,,covered
P060412,JD012603/02,Jelly Donuts,CoQ-PP_26-123,reissue — 12-month retest,18.09.2026,3,Identification C · HPLC/HPTLC,Conforms | Одговара,220-17-К/26,26.08.2026,Farmahem,,covered
P060412,JD012603/02,Jelly Donuts,CoQ-PP_26-078,release,07.07.2026,4,Assay — Total Δ⁹-THC,20.54,ППК26113,30.06.2026,UKIM Faculty of Pharmacy — Center for Natural Products,,covered
P060412,JD012603/02,Jelly Donuts,CoQ-PP_26-123,reissue — 12-month retest,18.09.2026,4,Assay — Total Δ⁹-THC,14.43,220-17-К/26,26.08.2026,Farmahem,,covered
P060412,JD012603/02,Jelly Donuts,CoQ-PP_26-078,release,07.07.2026,5,Assay — Total CBD,0.05,ППК26113,30.06.2026,UKIM Faculty of Pharmacy — Center for Natural Products,,covered
P060412,JD012603/02,Jelly Donuts,CoQ-PP_26-123,reissue — 12-month retest,18.09.2026,5,Assay — Total CBD,< LOQ,220-17-К/26,26.08.2026,Farmahem,,covered
P060412,JD012603/02,Jelly Donuts,CoQ-PP_26-078,release,07.07.2026,6,Total CBN,0.05,ППК26113,30.06.2026,UKIM Faculty of Pharmacy — Center for Natural Products,,covered
P060412,JD012603/02,Jelly Donuts,CoQ-PP_26-123,reissue — 12-month retest,18.09.2026,6,Total CBN,< LOQ,220-17-К/26,26.08.2026,Farmahem,,covered
P060412,JD012603/02,Jelly Donuts,CoQ-PP_26-078,release,07.07.2026,7,Foreign Matter,Conforms | Одговара,ППК26113,30.06.2026,UKIM Faculty of Pharmacy — Center for Natural Products,,covered
P060412,JD012603/02,Jelly Donuts,CoQ-PP_26-123,reissue — 12-month retest,18.09.2026,7,Foreign Matter,Conforms | Одговара,ППК26113,30.06.2026,UKIM Faculty of Pharmacy — Center for Natural Products,,carried from the initial testing (CoQ-PP-2026-0025) — covered
P060412,JD012603/02,Jelly Donuts,CoQ-PP_26-078,release,07.07.2026,8,Loss on Drying,7.52,ППК26113,30.06.2026,UKIM Faculty of Pharmacy — Center for Natural Products,,covered
P060412,JD012603/02,Jelly Donuts,CoQ-PP_26-123,reissue — 12-month retest,18.09.2026,8,Loss on Drying,7.52,ППК26113,30.06.2026,UKIM Faculty of Pharmacy — Center for Natural Products,,carried from the initial testing (CoQ-PP-2026-0025) — covered
P060412,JD012603/02,Jelly Donuts,CoQ-PP_26-078,release,07.07.2026,9.1,TAMC,not tested,—,—,—,,not tested — no certificate covers it
P060412,JD012603/02,Jelly Donuts,CoQ-PP_26-123,reissue — 12-month retest,18.09.2026,9.1,TAMC,carried from the initial testing — not tested,—,—,—,,carried from the initial testing (CoQ-PP-2026-0025) — not tested — no certificate covers it
P060412,JD012603/02,Jelly Donuts,CoQ-PP_26-078,release,07.07.2026,9.2,TYMC,not tested,—,—,—,,not tested — no certificate covers it
P060412,JD012603/02,Jelly Donuts,CoQ-PP_26-123,reissue — 12-month retest,18.09.2026,9.2,TYMC,carried from the initial testing — not tested,—,—,—,,carried from the initial testing (CoQ-PP-2026-0025) — not tested — no certificate covers it
P060412,JD012603/02,Jelly Donuts,CoQ-PP_26-078,release,07.07.2026,9.3,Bile-tolerant gram-neg.,not tested,—,—,—,,not tested — no certificate covers it
P060412,JD012603/02,Jelly Donuts,CoQ-PP_26-123,reissue — 12-month retest,18.09.2026,9.3,Bile-tolerant gram-neg.,carried from the initial testing — not tested,—,—,—,,carried from the initial testing (CoQ-PP-2026-0025) — not tested — no certificate covers it
P060412,JD012603/02,Jelly Donuts,CoQ-PP_26-078,release,07.07.2026,9.4,Salmonella,not tested,—,—,—,,not tested — no certificate covers it
P060412,JD012603/02,Jelly Donuts,CoQ-PP_26-123,reissue — 12-month retest,18.09.2026,9.4,Salmonella,carried from the initial testing — not tested,—,—,—,,carried from the initial testing (CoQ-PP-2026-0025) — not tested — no certificate covers it
P060412,JD012603/02,Jelly Donuts,CoQ-PP_26-078,release,07.07.2026,9.5,Escherichia coli,not tested,—,—,—,,not tested — no certificate covers it
P060412,JD012603/02,Jelly Donuts,CoQ-PP_26-123,reissue — 12-month retest,18.09.2026,9.5,Escherichia coli,carried from the initial testing — not tested,—,—,—,,carried from the initial testing (CoQ-PP-2026-0025) — not tested — no certificate covers it
P060412,JD012603/02,Jelly Donuts,CoQ-PP_26-078,release,07.07.2026,9.6,Pseudomonas aeruginosa,upon request — not required for release,—,—,—,,upon request — not required for release
P060412,JD012603/02,Jelly Donuts,CoQ-PP_26-123,reissue — 12-month retest,18.09.2026,9.6,Pseudomonas aeruginosa,upon request — not required for release,—,—,—,,upon request — not required for release
P060412,JD012603/02,Jelly Donuts,CoQ-PP_26-078,release,07.07.2026,9.7,Staphylococcus aureus,upon request — not required for release,—,—,—,,upon request — not required for release
P060412,JD012603/02,Jelly Donuts,CoQ-PP_26-123,reissue — 12-month retest,18.09.2026,9.7,Staphylococcus aureus,upon request — not required for release,—,—,—,,upon request — not required for release
P060412,JD012603/02,Jelly Donuts,CoQ-PP_26-078,release,07.07.2026,10.1,Aflatoxin B₁,not tested,—,—,—,,not tested — no certificate covers it
P060412,JD012603/02,Jelly Donuts,CoQ-PP_26-123,reissue — 12-month retest,18.09.2026,10.1,Aflatoxin B₁,ND,220-17-М/26,11.09.2026,Farmahem,,covered
P060412,JD012603/02,Jelly Donuts,CoQ-PP_26-078,release,07.07.2026,10.2,Aflatoxins ∑,not tested,—,—,—,,not tested — no certificate covers it
P060412,JD012603/02,Jelly Donuts,CoQ-PP_26-123,reissue — 12-month retest,18.09.2026,10.2,Aflatoxins ∑,ND,220-17-М/26,11.09.2026,Farmahem,,covered
P060412,JD012603/02,Jelly Donuts,CoQ-PP_26-078,release,07.07.2026,10.3,Ochratoxin A,not tested,—,—,—,,not tested — no certificate covers it
P060412,JD012603/02,Jelly Donuts,CoQ-PP_26-123,reissue — 12-month retest,18.09.2026,10.3,Ochratoxin A,ND,220-17-М/26,11.09.2026,Farmahem,,covered
P060412,JD012603/02,Jelly Donuts,CoQ-PP_26-078,release,07.07.2026,11.1,Lead (Pb),not tested,—,—,—,,not tested — no certificate covers it
P060412,JD012603/02,Jelly Donuts,CoQ-PP_26-123,reissue — 12-month retest,18.09.2026,11.1,Lead (Pb),carried from the initial testing — not tested,—,—,—,,carried from the initial testing (CoQ-PP-2026-0025) — not tested — no certificate covers it
P060412,JD012603/02,Jelly Donuts,CoQ-PP_26-078,release,07.07.2026,11.2,Cadmium (Cd),not tested,—,—,—,,not tested — no certificate covers it
P060412,JD012603/02,Jelly Donuts,CoQ-PP_26-123,reissue — 12-month retest,18.09.2026,11.2,Cadmium (Cd),carried from the initial testing — not tested,—,—,—,,carried from the initial testing (CoQ-PP-2026-0025) — not tested — no certificate covers it
P060412,JD012603/02,Jelly Donuts,CoQ-PP_26-078,release,07.07.2026,11.3,Arsenic (As),not tested,—,—,—,,not tested — no certificate covers it
P060412,JD012603/02,Jelly Donuts,CoQ-PP_26-123,reissue — 12-month retest,18.09.2026,11.3,Arsenic (As),carried from the initial testing — not tested,—,—,—,,carried from the initial testing (CoQ-PP-2026-0025) — not tested — no certificate covers it
P060412,JD012603/02,Jelly Donuts,CoQ-PP_26-078,release,07.07.2026,11.4,Mercury (Hg),not tested,—,—,—,,not tested — no certificate covers it
P060412,JD012603/02,Jelly Donuts,CoQ-PP_26-123,reissue — 12-month retest,18.09.2026,11.4,Mercury (Hg),carried from the initial testing — not tested,—,—,—,,carried from the initial testing (CoQ-PP-2026-0025) — not tested — no certificate covers it
P060412,JD012603/02,Jelly Donuts,CoQ-PP_26-078,release,07.07.2026,12,Pesticide Residues,"< 0,01 mg/kg — all 22 residues",3660/2026,22.06.2026,IJZ,,covered
P060412,JD012603/02,Jelly Donuts,CoQ-PP_26-123,reissue — 12-month retest,18.09.2026,12,Pesticide Residues,"< 0,01 mg/kg — all 22 residues",3660/2026,22.06.2026,IJZ,,carried from the initial testing (CoQ-PP-2026-0025) — covered
FB012603,FB012603,Fat Bastard,CoQ-PP_26-079,release,07.07.2026,1,"Identification A, Appearance · Macroscopic",Conforms | Одговара,ППК26112,30.06.2026,UKIM Faculty of Pharmacy — Center for Natural Products,,covered
FB012603,FB012603,Fat Bastard,CoQ-PP_26-143,reissue — 12-month retest,21.09.2026,1,"Identification A, Appearance · Macroscopic",Conforms | Одговара,ППК26112,30.06.2026,UKIM Faculty of Pharmacy — Center for Natural Products,,carried from the initial testing (the batch's initial CoQ (number assigned on issue)) — covered
FB012603,FB012603,Fat Bastard,CoQ-PP_26-079,release,07.07.2026,2,Identification B · Microscopic,Conforms | Одговара,ППК26112,30.06.2026,UKIM Faculty of Pharmacy — Center for Natural Products,,covered
FB012603,FB012603,Fat Bastard,CoQ-PP_26-143,reissue — 12-month retest,21.09.2026,2,Identification B · Microscopic,Conforms | Одговара,ППК26112,30.06.2026,UKIM Faculty of Pharmacy — Center for Natural Products,,carried from the initial testing (the batch's initial CoQ (number assigned on issue)) — covered
FB012603,FB012603,Fat Bastard,CoQ-PP_26-079,release,07.07.2026,3,Identification C · HPLC/HPTLC,Conforms | Одговара,ППК26112,30.06.2026,UKIM Faculty of Pharmacy — Center for Natural Products,,covered
FB012603,FB012603,Fat Bastard,CoQ-PP_26-143,reissue — 12-month retest,21.09.2026,3,Identification C · HPLC/HPTLC,Conforms | Одговара,227-24-К/26,11.09.2026,Farmahem,,covered
FB012603,FB012603,Fat Bastard,CoQ-PP_26-079,release,07.07.2026,4,Assay — Total Δ⁹-THC,20.83,ППК26112,30.06.2026,UKIM Faculty of Pharmacy — Center for Natural Products,,covered
FB012603,FB012603,Fat Bastard,CoQ-PP_26-143,reissue — 12-month retest,21.09.2026,4,Assay — Total Δ⁹-THC,20.00,227-24-К/26,11.09.2026,Farmahem,,covered
FB012603,FB012603,Fat Bastard,CoQ-PP_26-079,release,07.07.2026,5,Assay — Total CBD,0.21,ППК26112,30.06.2026,UKIM Faculty of Pharmacy — Center for Natural Products,,covered
FB012603,FB012603,Fat Bastard,CoQ-PP_26-143,reissue — 12-month retest,21.09.2026,5,Assay — Total CBD,0.21,227-24-К/26,11.09.2026,Farmahem,,covered
FB012603,FB012603,Fat Bastard,CoQ-PP_26-079,release,07.07.2026,6,Total CBN,0.06,ППК26112,30.06.2026,UKIM Faculty of Pharmacy — Center for Natural Products,,covered
FB012603,FB012603,Fat Bastard,CoQ-PP_26-143,reissue — 12-month retest,21.09.2026,6,Total CBN,< LOQ,227-24-К/26,11.09.2026,Farmahem,,covered
FB012603,FB012603,Fat Bastard,CoQ-PP_26-079,release,07.07.2026,7,Foreign Matter,Conforms | Одговара,ППК26112,30.06.2026,UKIM Faculty of Pharmacy — Center for Natural Products,,covered
FB012603,FB012603,Fat Bastard,CoQ-PP_26-143,reissue — 12-month retest,21.09.2026,7,Foreign Matter,Conforms | Одговара,ППК26112,30.06.2026,UKIM Faculty of Pharmacy — Center for Natural Products,,carried from the initial testing (the batch's initial CoQ (number assigned on issue)) — covered
FB012603,FB012603,Fat Bastard,CoQ-PP_26-079,release,07.07.2026,8,Loss on Drying,7.04,ППК26112,30.06.2026,UKIM Faculty of Pharmacy — Center for Natural Products,,covered
FB012603,FB012603,Fat Bastard,CoQ-PP_26-143,reissue — 12-month retest,21.09.2026,8,Loss on Drying,7.04,ППК26112,30.06.2026,UKIM Faculty of Pharmacy — Center for Natural Products,,carried from the initial testing (the batch's initial CoQ (number assigned on issue)) — covered
FB012603,FB012603,Fat Bastard,CoQ-PP_26-079,release,07.07.2026,9.1,TAMC,not tested,—,—,—,,not tested — no certificate covers it
FB012603,FB012603,Fat Bastard,CoQ-PP_26-143,reissue — 12-month retest,21.09.2026,9.1,TAMC,"9,8 × 10³",537/1068/26,31.08.2026,IPH — Institute of Public Health,,covered
FB012603,FB012603,Fat Bastard,CoQ-PP_26-079,release,07.07.2026,9.2,TYMC,not tested,—,—,—,,not tested — no certificate covers it
FB012603,FB012603,Fat Bastard,CoQ-PP_26-143,reissue — 12-month retest,21.09.2026,9.2,TYMC,"2,5 × 10³",537/1068/26,31.08.2026,IPH — Institute of Public Health,,covered
FB012603,FB012603,Fat Bastard,CoQ-PP_26-079,release,07.07.2026,9.3,Bile-tolerant gram-neg.,not tested,—,—,—,,not tested — no certificate covers it
FB012603,FB012603,Fat Bastard,CoQ-PP_26-143,reissue — 12-month retest,21.09.2026,9.3,Bile-tolerant gram-neg.,< 10² and > 10,537/1068/26,31.08.2026,IPH — Institute of Public Health,,covered
FB012603,FB012603,Fat Bastard,CoQ-PP_26-079,release,07.07.2026,9.4,Salmonella,not tested,—,—,—,,not tested — no certificate covers it
FB012603,FB012603,Fat Bastard,CoQ-PP_26-143,reissue — 12-month retest,21.09.2026,9.4,Salmonella,Absent | Отсутна,537/1068/26,31.08.2026,IPH — Institute of Public Health,,covered
FB012603,FB012603,Fat Bastard,CoQ-PP_26-079,release,07.07.2026,9.5,Escherichia coli,not tested,—,—,—,,not tested — no certificate covers it
FB012603,FB012603,Fat Bastard,CoQ-PP_26-143,reissue — 12-month retest,21.09.2026,9.5,Escherichia coli,Absent | Отсутна,537/1068/26,31.08.2026,IPH — Institute of Public Health,,covered
FB012603,FB012603,Fat Bastard,CoQ-PP_26-079,release,07.07.2026,9.6,Pseudomonas aeruginosa,upon request — not required for release,—,—,—,,upon request — not required for release
FB012603,FB012603,Fat Bastard,CoQ-PP_26-143,reissue — 12-month retest,21.09.2026,9.6,Pseudomonas aeruginosa,upon request — not required for release,—,—,—,,upon request — not required for release
FB012603,FB012603,Fat Bastard,CoQ-PP_26-079,release,07.07.2026,9.7,Staphylococcus aureus,upon request — not required for release,—,—,—,,upon request — not required for release
FB012603,FB012603,Fat Bastard,CoQ-PP_26-143,reissue — 12-month retest,21.09.2026,9.7,Staphylococcus aureus,upon request — not required for release,—,—,—,,upon request — not required for release
FB012603,FB012603,Fat Bastard,CoQ-PP_26-079,release,07.07.2026,10.1,Aflatoxin B₁,not tested,—,—,—,,not tested — no certificate covers it
FB012603,FB012603,Fat Bastard,CoQ-PP_26-143,reissue — 12-month retest,21.09.2026,10.1,Aflatoxin B₁,ND,227-24-М/26,16.09.2026,Farmahem,,covered
FB012603,FB012603,Fat Bastard,CoQ-PP_26-079,release,07.07.2026,10.2,Aflatoxins ∑,not tested,—,—,—,,not tested — no certificate covers it
FB012603,FB012603,Fat Bastard,CoQ-PP_26-143,reissue — 12-month retest,21.09.2026,10.2,Aflatoxins ∑,ND,227-24-М/26,16.09.2026,Farmahem,,covered
FB012603,FB012603,Fat Bastard,CoQ-PP_26-079,release,07.07.2026,10.3,Ochratoxin A,not tested,—,—,—,,not tested — no certificate covers it
FB012603,FB012603,Fat Bastard,CoQ-PP_26-143,reissue — 12-month retest,21.09.2026,10.3,Ochratoxin A,ND,227-24-М/26,16.09.2026,Farmahem,,covered
FB012603,FB012603,Fat Bastard,CoQ-PP_26-079,release,07.07.2026,11.1,Lead (Pb),not tested,—,—,—,,not tested — no certificate covers it
FB012603,FB012603,Fat Bastard,CoQ-PP_26-143,reissue — 12-month retest,21.09.2026,11.1,Lead (Pb),carried from the initial testing — not tested,—,—,—,,carried from the initial testing (the batch's initial CoQ (number assigned on issue)) — not tested — no certificate covers it
FB012603,FB012603,Fat Bastard,CoQ-PP_26-079,release,07.07.2026,11.2,Cadmium (Cd),not tested,—,—,—,,not tested — no certificate covers it
FB012603,FB012603,Fat Bastard,CoQ-PP_26-143,reissue — 12-month retest,21.09.2026,11.2,Cadmium (Cd),carried from the initial testing — not tested,—,—,—,,carried from the initial testing (the batch's initial CoQ (number assigned on issue)) — not tested — no certificate covers it
FB012603,FB012603,Fat Bastard,CoQ-PP_26-079,release,07.07.2026,11.3,Arsenic (As),not tested,—,—,—,,not tested — no certificate covers it
FB012603,FB012603,Fat Bastard,CoQ-PP_26-143,reissue — 12-month retest,21.09.2026,11.3,Arsenic (As),carried from the initial testing — not tested,—,—,—,,carried from the initial testing (the batch's initial CoQ (number assigned on issue)) — not tested — no certificate covers it
FB012603,FB012603,Fat Bastard,CoQ-PP_26-079,release,07.07.2026,11.4,Mercury (Hg),not tested,—,—,—,,not tested — no certificate covers it
FB012603,FB012603,Fat Bastard,CoQ-PP_26-143,reissue — 12-month retest,21.09.2026,11.4,Mercury (Hg),carried from the initial testing — not tested,—,—,—,,carried from the initial testing (the batch's initial CoQ (number assigned on issue)) — not tested — no certificate covers it
FB012603,FB012603,Fat Bastard,CoQ-PP_26-079,release,07.07.2026,12,Pesticide Residues,not tested,—,—,—,,not tested — no certificate covers it
FB012603,FB012603,Fat Bastard,CoQ-PP_26-143,reissue — 12-month retest,21.09.2026,12,Pesticide Residues,carried from the initial testing — not tested,—,—,—,,carried from the initial testing (the batch's initial CoQ (number assigned on issue)) — not tested — no certificate covers it
SCR022601,SCR022601,Scrambler,CoQ-PP_26-080,release,13.07.2026,1,"Identification A, Appearance · Macroscopic",Conforms | Одговара,ППК26116,06.07.2026,UKIM Faculty of Pharmacy — Center for Natural Products,,covered
SCR022601,SCR022601,Scrambler,CoQ-PP_26-161,reissue — 12-month retest,21.09.2026,1,"Identification A, Appearance · Macroscopic",Conforms | Одговара,ППК26116,06.07.2026,UKIM Faculty of Pharmacy — Center for Natural Products,,carried from the initial testing (the batch's initial CoQ (number assigned on issue)) — covered
SCR022601,SCR022601,Scrambler,CoQ-PP_26-080,release,13.07.2026,2,Identification B · Microscopic,Conforms | Одговара,ППК26116,06.07.2026,UKIM Faculty of Pharmacy — Center for Natural Products,,covered
SCR022601,SCR022601,Scrambler,CoQ-PP_26-161,reissue — 12-month retest,21.09.2026,2,Identification B · Microscopic,Conforms | Одговара,ППК26116,06.07.2026,UKIM Faculty of Pharmacy — Center for Natural Products,,carried from the initial testing (the batch's initial CoQ (number assigned on issue)) — covered
SCR022601,SCR022601,Scrambler,CoQ-PP_26-080,release,13.07.2026,3,Identification C · HPLC/HPTLC,Conforms | Одговара,ППК26116,06.07.2026,UKIM Faculty of Pharmacy — Center for Natural Products,,covered
SCR022601,SCR022601,Scrambler,CoQ-PP_26-161,reissue — 12-month retest,21.09.2026,3,Identification C · HPLC/HPTLC,Conforms | Одговара,227-7-К/26,11.09.2026,Farmahem,,covered
SCR022601,SCR022601,Scrambler,CoQ-PP_26-080,release,13.07.2026,4,Assay — Total Δ⁹-THC,21.92,ППК26116,06.07.2026,UKIM Faculty of Pharmacy — Center for Natural Products,,covered
SCR022601,SCR022601,Scrambler,CoQ-PP_26-161,reissue — 12-month retest,21.09.2026,4,Assay — Total Δ⁹-THC,16.68,227-7-К/26,11.09.2026,Farmahem,,covered
SCR022601,SCR022601,Scrambler,CoQ-PP_26-080,release,13.07.2026,5,Assay — Total CBD,0.19,ППК26116,06.07.2026,UKIM Faculty of Pharmacy — Center for Natural Products,,covered
SCR022601,SCR022601,Scrambler,CoQ-PP_26-161,reissue — 12-month retest,21.09.2026,5,Assay — Total CBD,< LOQ,227-7-К/26,11.09.2026,Farmahem,,covered
SCR022601,SCR022601,Scrambler,CoQ-PP_26-080,release,13.07.2026,6,Total CBN,0.06,ППК26116,06.07.2026,UKIM Faculty of Pharmacy — Center for Natural Products,,covered
SCR022601,SCR022601,Scrambler,CoQ-PP_26-161,reissue — 12-month retest,21.09.2026,6,Total CBN,< LOQ,227-7-К/26,11.09.2026,Farmahem,,covered
SCR022601,SCR022601,Scrambler,CoQ-PP_26-080,release,13.07.2026,7,Foreign Matter,Conforms | Одговара,ППК26116,06.07.2026,UKIM Faculty of Pharmacy — Center for Natural Products,,covered
SCR022601,SCR022601,Scrambler,CoQ-PP_26-161,reissue — 12-month retest,21.09.2026,7,Foreign Matter,Conforms | Одговара,ППК26116,06.07.2026,UKIM Faculty of Pharmacy — Center for Natural Products,,carried from the initial testing (the batch's initial CoQ (number assigned on issue)) — covered
SCR022601,SCR022601,Scrambler,CoQ-PP_26-080,release,13.07.2026,8,Loss on Drying,7.06,ППК26116,06.07.2026,UKIM Faculty of Pharmacy — Center for Natural Products,,covered
SCR022601,SCR022601,Scrambler,CoQ-PP_26-161,reissue — 12-month retest,21.09.2026,8,Loss on Drying,7.06,ППК26116,06.07.2026,UKIM Faculty of Pharmacy — Center for Natural Products,,carried from the initial testing (the batch's initial CoQ (number assigned on issue)) — covered
SCR022601,SCR022601,Scrambler,CoQ-PP_26-080,release,13.07.2026,9.1,TAMC,not tested,—,—,—,,not tested — no certificate covers it
SCR022601,SCR022601,Scrambler,CoQ-PP_26-161,reissue — 12-month retest,21.09.2026,9.1,TAMC,"1,7 × 10³",536/1067/26,31.08.2026,IPH — Institute of Public Health,,covered
SCR022601,SCR022601,Scrambler,CoQ-PP_26-080,release,13.07.2026,9.2,TYMC,not tested,—,—,—,,not tested — no certificate covers it
SCR022601,SCR022601,Scrambler,CoQ-PP_26-161,reissue — 12-month retest,21.09.2026,9.2,TYMC,"5,6 × 10²",536/1067/26,31.08.2026,IPH — Institute of Public Health,,covered
SCR022601,SCR022601,Scrambler,CoQ-PP_26-080,release,13.07.2026,9.3,Bile-tolerant gram-neg.,not tested,—,—,—,,not tested — no certificate covers it
SCR022601,SCR022601,Scrambler,CoQ-PP_26-161,reissue — 12-month retest,21.09.2026,9.3,Bile-tolerant gram-neg.,< 10,536/1067/26,31.08.2026,IPH — Institute of Public Health,,covered
SCR022601,SCR022601,Scrambler,CoQ-PP_26-080,release,13.07.2026,9.4,Salmonella,not tested,—,—,—,,not tested — no certificate covers it
SCR022601,SCR022601,Scrambler,CoQ-PP_26-161,reissue — 12-month retest,21.09.2026,9.4,Salmonella,Absent | Отсутна,536/1067/26,31.08.2026,IPH — Institute of Public Health,,covered
SCR022601,SCR022601,Scrambler,CoQ-PP_26-080,release,13.07.2026,9.5,Escherichia coli,not tested,—,—,—,,not tested — no certificate covers it
SCR022601,SCR022601,Scrambler,CoQ-PP_26-161,reissue — 12-month retest,21.09.2026,9.5,Escherichia coli,Absent | Отсутна,536/1067/26,31.08.2026,IPH — Institute of Public Health,,covered
SCR022601,SCR022601,Scrambler,CoQ-PP_26-080,release,13.07.2026,9.6,Pseudomonas aeruginosa,upon request — not required for release,—,—,—,,upon request — not required for release
SCR022601,SCR022601,Scrambler,CoQ-PP_26-161,reissue — 12-month retest,21.09.2026,9.6,Pseudomonas aeruginosa,upon request — not required for release,—,—,—,,upon request — not required for release
SCR022601,SCR022601,Scrambler,CoQ-PP_26-080,release,13.07.2026,9.7,Staphylococcus aureus,upon request — not required for release,—,—,—,,upon request — not required for release
SCR022601,SCR022601,Scrambler,CoQ-PP_26-161,reissue — 12-month retest,21.09.2026,9.7,Staphylococcus aureus,upon request — not required for release,—,—,—,,upon request — not required for release
SCR022601,SCR022601,Scrambler,CoQ-PP_26-080,release,13.07.2026,10.1,Aflatoxin B₁,not tested,—,—,—,,not tested — no certificate covers it
SCR022601,SCR022601,Scrambler,CoQ-PP_26-161,reissue — 12-month retest,21.09.2026,10.1,Aflatoxin B₁,ND,227-7-М/26,16.09.2026,Farmahem,,covered
SCR022601,SCR022601,Scrambler,CoQ-PP_26-080,release,13.07.2026,10.2,Aflatoxins ∑,not tested,—,—,—,,not tested — no certificate covers it
SCR022601,SCR022601,Scrambler,CoQ-PP_26-161,reissue — 12-month retest,21.09.2026,10.2,Aflatoxins ∑,ND,227-7-М/26,16.09.2026,Farmahem,,covered
SCR022601,SCR022601,Scrambler,CoQ-PP_26-080,release,13.07.2026,10.3,Ochratoxin A,not tested,—,—,—,,not tested — no certificate covers it
SCR022601,SCR022601,Scrambler,CoQ-PP_26-161,reissue — 12-month retest,21.09.2026,10.3,Ochratoxin A,ND,227-7-М/26,16.09.2026,Farmahem,,covered
SCR022601,SCR022601,Scrambler,CoQ-PP_26-080,release,13.07.2026,11.1,Lead (Pb),not tested,—,—,—,,not tested — no certificate covers it
SCR022601,SCR022601,Scrambler,CoQ-PP_26-161,reissue — 12-month retest,21.09.2026,11.1,Lead (Pb),carried from the initial testing — not tested,—,—,—,,carried from the initial testing (the batch's initial CoQ (number assigned on issue)) — not tested — no certificate covers it
SCR022601,SCR022601,Scrambler,CoQ-PP_26-080,release,13.07.2026,11.2,Cadmium (Cd),not tested,—,—,—,,not tested — no certificate covers it
SCR022601,SCR022601,Scrambler,CoQ-PP_26-161,reissue — 12-month retest,21.09.2026,11.2,Cadmium (Cd),carried from the initial testing — not tested,—,—,—,,carried from the initial testing (the batch's initial CoQ (number assigned on issue)) — not tested — no certificate covers it
SCR022601,SCR022601,Scrambler,CoQ-PP_26-080,release,13.07.2026,11.3,Arsenic (As),not tested,—,—,—,,not tested — no certificate covers it
SCR022601,SCR022601,Scrambler,CoQ-PP_26-161,reissue — 12-month retest,21.09.2026,11.3,Arsenic (As),carried from the initial testing — not tested,—,—,—,,carried from the initial testing (the batch's initial CoQ (number assigned on issue)) — not tested — no certificate covers it
SCR022601,SCR022601,Scrambler,CoQ-PP_26-080,release,13.07.2026,11.4,Mercury (Hg),not tested,—,—,—,,not tested — no certificate covers it
SCR022601,SCR022601,Scrambler,CoQ-PP_26-161,reissue — 12-month retest,21.09.2026,11.4,Mercury (Hg),carried from the initial testing — not tested,—,—,—,,carried from the initial testing (the batch's initial CoQ (number assigned on issue)) — not tested — no certificate covers it
SCR022601,SCR022601,Scrambler,CoQ-PP_26-080,release,13.07.2026,12,Pesticide Residues,not tested,—,—,—,,not tested — no certificate covers it
SCR022601,SCR022601,Scrambler,CoQ-PP_26-161,reissue — 12-month retest,21.09.2026,12,Pesticide Residues,carried from the initial testing — not tested,—,—,—,,carried from the initial testing (the batch's initial CoQ (number assigned on issue)) — not tested — no certificate covers it
FB032601,FB032601,FatBastard,CoQ-PP_26-081,release,28.07.2026,1,"Identification A, Appearance · Macroscopic",Conforms | Одговара,ППК26127,21.07.2026,UKIM Faculty of Pharmacy — Center for Natural Products,,covered
FB032601,FB032601,FatBastard,CoQ-PP_26-081,release,28.07.2026,2,Identification B · Microscopic,Conforms | Одговара,ППК26127,21.07.2026,UKIM Faculty of Pharmacy — Center for Natural Products,,covered
FB032601,FB032601,FatBastard,CoQ-PP_26-081,release,28.07.2026,3,Identification C · HPLC/HPTLC,Conforms | Одговара,ППК26127,21.07.2026,UKIM Faculty of Pharmacy — Center for Natural Products,,covered
FB032601,FB032601,FatBastard,CoQ-PP_26-081,release,28.07.2026,4,Assay — Total Δ⁹-THC,12.39,ППК26127,21.07.2026,UKIM Faculty of Pharmacy — Center for Natural Products,,covered
FB032601,FB032601,FatBastard,CoQ-PP_26-081,release,28.07.2026,5,Assay — Total CBD,0.06,ППК26127,21.07.2026,UKIM Faculty of Pharmacy — Center for Natural Products,,covered
FB032601,FB032601,FatBastard,CoQ-PP_26-081,release,28.07.2026,6,Total CBN,0.04,ППК26127,21.07.2026,UKIM Faculty of Pharmacy — Center for Natural Products,,covered
FB032601,FB032601,FatBastard,CoQ-PP_26-081,release,28.07.2026,7,Foreign Matter,Conforms | Одговара,ППК26127,21.07.2026,UKIM Faculty of Pharmacy — Center for Natural Products,,BLOCKED — declared out of specification by the laboratory
FB032601,FB032601,FatBastard,CoQ-PP_26-081,release,28.07.2026,8,Loss on Drying,7.77,ППК26127,21.07.2026,UKIM Faculty of Pharmacy — Center for Natural Products,,covered
FB032601,FB032601,FatBastard,CoQ-PP_26-081,release,28.07.2026,9.1,TAMC,not tested,—,—,—,,not tested — no certificate covers it
FB032601,FB032601,FatBastard,CoQ-PP_26-081,release,28.07.2026,9.2,TYMC,not tested,—,—,—,,not tested — no certificate covers it
FB032601,FB032601,FatBastard,CoQ-PP_26-081,release,28.07.2026,9.3,Bile-tolerant gram-neg.,not tested,—,—,—,,not tested — no certificate covers it
FB032601,FB032601,FatBastard,CoQ-PP_26-081,release,28.07.2026,9.4,Salmonella,not tested,—,—,—,,not tested — no certificate covers it
FB032601,FB032601,FatBastard,CoQ-PP_26-081,release,28.07.2026,9.5,Escherichia coli,not tested,—,—,—,,not tested — no certificate covers it
FB032601,FB032601,FatBastard,CoQ-PP_26-081,release,28.07.2026,9.6,Pseudomonas aeruginosa,upon request — not required for release,—,—,—,,upon request — not required for release
FB032601,FB032601,FatBastard,CoQ-PP_26-081,release,28.07.2026,9.7,Staphylococcus aureus,upon request — not required for release,—,—,—,,upon request — not required for release
FB032601,FB032601,FatBastard,CoQ-PP_26-081,release,28.07.2026,10.1,Aflatoxin B₁,not tested,—,—,—,,not tested — no certificate covers it
FB032601,FB032601,FatBastard,CoQ-PP_26-081,release,28.07.2026,10.2,Aflatoxins ∑,not tested,—,—,—,,not tested — no certificate covers it
FB032601,FB032601,FatBastard,CoQ-PP_26-081,release,28.07.2026,10.3,Ochratoxin A,not tested,—,—,—,,not tested — no certificate covers it
FB032601,FB032601,FatBastard,CoQ-PP_26-081,release,28.07.2026,11.1,Lead (Pb),not tested,—,—,—,,not tested — no certificate covers it
FB032601,FB032601,FatBastard,CoQ-PP_26-081,release,28.07.2026,11.2,Cadmium (Cd),not tested,—,—,—,,not tested — no certificate covers it
FB032601,FB032601,FatBastard,CoQ-PP_26-081,release,28.07.2026,11.3,Arsenic (As),not tested,—,—,—,,not tested — no certificate covers it
FB032601,FB032601,FatBastard,CoQ-PP_26-081,release,28.07.2026,11.4,Mercury (Hg),not tested,—,—,—,,not tested — no certificate covers it
FB032601,FB032601,FatBastard,CoQ-PP_26-081,release,28.07.2026,12,Pesticide Residues,not tested,—,—,—,,not tested — no certificate covers it
GG032601,GG032601,GorillaGlue,CoQ-PP_26-082,release,28.07.2026,1,"Identification A, Appearance · Macroscopic",Conforms | Одговара,ППК26128,21.07.2026,UKIM Faculty of Pharmacy — Center for Natural Products,,covered
GG032601,GG032601,GorillaGlue,CoQ-PP_26-082,release,28.07.2026,2,Identification B · Microscopic,Conforms | Одговара,ППК26128,21.07.2026,UKIM Faculty of Pharmacy — Center for Natural Products,,covered
GG032601,GG032601,GorillaGlue,CoQ-PP_26-082,release,28.07.2026,3,Identification C · HPLC/HPTLC,Conforms | Одговара,ППК26128,21.07.2026,UKIM Faculty of Pharmacy — Center for Natural Products,,covered
GG032601,GG032601,GorillaGlue,CoQ-PP_26-082,release,28.07.2026,4,Assay — Total Δ⁹-THC,18.98,ППК26128,21.07.2026,UKIM Faculty of Pharmacy — Center for Natural Products,,covered
GG032601,GG032601,GorillaGlue,CoQ-PP_26-082,release,28.07.2026,5,Assay — Total CBD,0.25,ППК26128,21.07.2026,UKIM Faculty of Pharmacy — Center for Natural Products,,covered
GG032601,GG032601,GorillaGlue,CoQ-PP_26-082,release,28.07.2026,6,Total CBN,0.04,ППК26128,21.07.2026,UKIM Faculty of Pharmacy — Center for Natural Products,,covered
GG032601,GG032601,GorillaGlue,CoQ-PP_26-082,release,28.07.2026,7,Foreign Matter,Conforms | Одговара,ППК26128,21.07.2026,UKIM Faculty of Pharmacy — Center for Natural Products,,covered
GG032601,GG032601,GorillaGlue,CoQ-PP_26-082,release,28.07.2026,8,Loss on Drying,7.88,ППК26128,21.07.2026,UKIM Faculty of Pharmacy — Center for Natural Products,,covered
GG032601,GG032601,GorillaGlue,CoQ-PP_26-082,release,28.07.2026,9.1,TAMC,not tested,—,—,—,,not tested — no certificate covers it
GG032601,GG032601,GorillaGlue,CoQ-PP_26-082,release,28.07.2026,9.2,TYMC,not tested,—,—,—,,not tested — no certificate covers it
GG032601,GG032601,GorillaGlue,CoQ-PP_26-082,release,28.07.2026,9.3,Bile-tolerant gram-neg.,not tested,—,—,—,,not tested — no certificate covers it
GG032601,GG032601,GorillaGlue,CoQ-PP_26-082,release,28.07.2026,9.4,Salmonella,not tested,—,—,—,,not tested — no certificate covers it
GG032601,GG032601,GorillaGlue,CoQ-PP_26-082,release,28.07.2026,9.5,Escherichia coli,not tested,—,—,—,,not tested — no certificate covers it
GG032601,GG032601,GorillaGlue,CoQ-PP_26-082,release,28.07.2026,9.6,Pseudomonas aeruginosa,upon request — not required for release,—,—,—,,upon request — not required for release
GG032601,GG032601,GorillaGlue,CoQ-PP_26-082,release,28.07.2026,9.7,Staphylococcus aureus,upon request — not required for release,—,—,—,,upon request — not required for release
GG032601,GG032601,GorillaGlue,CoQ-PP_26-082,release,28.07.2026,10.1,Aflatoxin B₁,not tested,—,—,—,,not tested — no certificate covers it
GG032601,GG032601,GorillaGlue,CoQ-PP_26-082,release,28.07.2026,10.2,Aflatoxins ∑,not tested,—,—,—,,not tested — no certificate covers it
GG032601,GG032601,GorillaGlue,CoQ-PP_26-082,release,28.07.2026,10.3,Ochratoxin A,not tested,—,—,—,,not tested — no certificate covers it
GG032601,GG032601,GorillaGlue,CoQ-PP_26-082,release,28.07.2026,11.1,Lead (Pb),not tested,—,—,—,,not tested — no certificate covers it
GG032601,GG032601,GorillaGlue,CoQ-PP_26-082,release,28.07.2026,11.2,Cadmium (Cd),not tested,—,—,—,,not tested — no certificate covers it
GG032601,GG032601,GorillaGlue,CoQ-PP_26-082,release,28.07.2026,11.3,Arsenic (As),not tested,—,—,—,,not tested — no certificate covers it
GG032601,GG032601,GorillaGlue,CoQ-PP_26-082,release,28.07.2026,11.4,Mercury (Hg),not tested,—,—,—,,not tested — no certificate covers it
GG032601,GG032601,GorillaGlue,CoQ-PP_26-082,release,28.07.2026,12,Pesticide Residues,not tested,—,—,—,,not tested — no certificate covers it
JD022601,JD022601,JellyDonutz,CoQ-PP_26-083,release,05.08.2026,1,"Identification A, Appearance · Macroscopic",Conforms | Одговара,ППК26115,30.06.2026,UKIM Faculty of Pharmacy — Center for Natural Products,,covered
JD022601,JD022601,JellyDonutz,CoQ-PP_26-083,release,05.08.2026,2,Identification B · Microscopic,Conforms | Одговара,ППК26115,30.06.2026,UKIM Faculty of Pharmacy — Center for Natural Products,,covered
JD022601,JD022601,JellyDonutz,CoQ-PP_26-083,release,05.08.2026,3,Identification C · HPLC/HPTLC,Conforms | Одговара,ППК26115,30.06.2026,UKIM Faculty of Pharmacy — Center for Natural Products,,covered
JD022601,JD022601,JellyDonutz,CoQ-PP_26-083,release,05.08.2026,4,Assay — Total Δ⁹-THC,18.58,ППК26115,30.06.2026,UKIM Faculty of Pharmacy — Center for Natural Products,,covered
JD022601,JD022601,JellyDonutz,CoQ-PP_26-083,release,05.08.2026,5,Assay — Total CBD,< LOQ (below limit of quantification),ППК26115,30.06.2026,UKIM Faculty of Pharmacy — Center for Natural Products,,covered
JD022601,JD022601,JellyDonutz,CoQ-PP_26-083,release,05.08.2026,6,Total CBN,0.05,ППК26115,30.06.2026,UKIM Faculty of Pharmacy — Center for Natural Products,,covered
JD022601,JD022601,JellyDonutz,CoQ-PP_26-083,release,05.08.2026,7,Foreign Matter,Conforms | Одговара,ППК26115,30.06.2026,UKIM Faculty of Pharmacy — Center for Natural Products,,covered
JD022601,JD022601,JellyDonutz,CoQ-PP_26-083,release,05.08.2026,8,Loss on Drying,7.73,ППК26115,30.06.2026,UKIM Faculty of Pharmacy — Center for Natural Products,,covered
JD022601,JD022601,JellyDonutz,CoQ-PP_26-083,release,05.08.2026,9.1,TAMC,not tested,—,—,—,,not tested — no certificate covers it
JD022601,JD022601,JellyDonutz,CoQ-PP_26-083,release,05.08.2026,9.2,TYMC,not tested,—,—,—,,not tested — no certificate covers it
JD022601,JD022601,JellyDonutz,CoQ-PP_26-083,release,05.08.2026,9.3,Bile-tolerant gram-neg.,not tested,—,—,—,,not tested — no certificate covers it
JD022601,JD022601,JellyDonutz,CoQ-PP_26-083,release,05.08.2026,9.4,Salmonella,not tested,—,—,—,,not tested — no certificate covers it
JD022601,JD022601,JellyDonutz,CoQ-PP_26-083,release,05.08.2026,9.5,Escherichia coli,not tested,—,—,—,,not tested — no certificate covers it
JD022601,JD022601,JellyDonutz,CoQ-PP_26-083,release,05.08.2026,9.6,Pseudomonas aeruginosa,upon request — not required for release,—,—,—,,upon request — not required for release
JD022601,JD022601,JellyDonutz,CoQ-PP_26-083,release,05.08.2026,9.7,Staphylococcus aureus,upon request — not required for release,—,—,—,,upon request — not required for release
JD022601,JD022601,JellyDonutz,CoQ-PP_26-083,release,05.08.2026,10.1,Aflatoxin B₁,not tested,—,—,—,,not tested — no certificate covers it
JD022601,JD022601,JellyDonutz,CoQ-PP_26-083,release,05.08.2026,10.2,Aflatoxins ∑,not tested,—,—,—,,not tested — no certificate covers it
JD022601,JD022601,JellyDonutz,CoQ-PP_26-083,release,05.08.2026,10.3,Ochratoxin A,not tested,—,—,—,,not tested — no certificate covers it
JD022601,JD022601,JellyDonutz,CoQ-PP_26-083,release,05.08.2026,11.1,Lead (Pb),not tested,—,—,—,,not tested — no certificate covers it
JD022601,JD022601,JellyDonutz,CoQ-PP_26-083,release,05.08.2026,11.2,Cadmium (Cd),not tested,—,—,—,,not tested — no certificate covers it
JD022601,JD022601,JellyDonutz,CoQ-PP_26-083,release,05.08.2026,11.3,Arsenic (As),not tested,—,—,—,,not tested — no certificate covers it
JD022601,JD022601,JellyDonutz,CoQ-PP_26-083,release,05.08.2026,11.4,Mercury (Hg),not tested,—,—,—,,not tested — no certificate covers it
JD022601,JD022601,JellyDonutz,CoQ-PP_26-083,release,05.08.2026,12,Pesticide Residues,not tested,—,—,—,,not tested — no certificate covers it
P060492,JD042601,Jelly Donutz,CoQ-PP_26-084,release,13.08.2026,1,"Identification A, Appearance · Macroscopic",Conforms | Одговара,iCoA-PP_26-120,13.08.2026,Purely Plant GmbH (in-house),yes,to be performed — see route
P060492,JD042601,Jelly Donutz,CoQ-PP_26-125,reissue — 12-month retest,18.09.2026,1,"Identification A, Appearance · Macroscopic",Conforms | Одговара,iCoA-PP_26-146,17.08.2026,Purely Plant GmbH (in-house),yes,to be performed — see route
P060492,JD042601,Jelly Donutz,CoQ-PP_26-084,release,13.08.2026,2,Identification B · Microscopic,Conforms | Одговара,iCoA-PP_26-120,13.08.2026,Purely Plant GmbH (in-house),yes,to be performed — see route
P060492,JD042601,Jelly Donutz,CoQ-PP_26-125,reissue — 12-month retest,18.09.2026,2,Identification B · Microscopic,Conforms | Одговара,iCoA-PP_26-146,17.08.2026,Purely Plant GmbH (in-house),yes,to be performed — see route
P060492,JD042601,Jelly Donutz,CoQ-PP_26-084,release,13.08.2026,3,Identification C · HPLC/HPTLC,to be performed (in house),—,—,—,,to be performed — see route
P060492,JD042601,Jelly Donutz,CoQ-PP_26-125,reissue — 12-month retest,18.09.2026,3,Identification C · HPLC/HPTLC,Conforms | Одговара,220-30-К/26,26.08.2026,Farmahem,,covered
P060492,JD042601,Jelly Donutz,CoQ-PP_26-084,release,13.08.2026,4,Assay — Total Δ⁹-THC,not tested,—,—,—,,not tested — no certificate covers it
P060492,JD042601,Jelly Donutz,CoQ-PP_26-125,reissue — 12-month retest,18.09.2026,4,Assay — Total Δ⁹-THC,14.89,220-30-К/26,26.08.2026,Farmahem,,covered
P060492,JD042601,Jelly Donutz,CoQ-PP_26-084,release,13.08.2026,5,Assay — Total CBD,not tested,—,—,—,,not tested — no certificate covers it
P060492,JD042601,Jelly Donutz,CoQ-PP_26-125,reissue — 12-month retest,18.09.2026,5,Assay — Total CBD,< LOQ,220-30-К/26,26.08.2026,Farmahem,,covered
P060492,JD042601,Jelly Donutz,CoQ-PP_26-084,release,13.08.2026,6,Total CBN,not tested,—,—,—,,not tested — no certificate covers it
P060492,JD042601,Jelly Donutz,CoQ-PP_26-125,reissue — 12-month retest,18.09.2026,6,Total CBN,< LOQ,220-30-К/26,26.08.2026,Farmahem,,covered
P060492,JD042601,Jelly Donutz,CoQ-PP_26-084,release,13.08.2026,7,Foreign Matter,Conforms | Одговара,iCoA-PP_26-120,13.08.2026,Purely Plant GmbH (in-house),yes,to be performed — see route
P060492,JD042601,Jelly Donutz,CoQ-PP_26-125,reissue — 12-month retest,18.09.2026,7,Foreign Matter,Conforms | Одговара,iCoA-PP_26-146,17.08.2026,Purely Plant GmbH (in-house),yes,to be performed — see route
P060492,JD042601,Jelly Donutz,CoQ-PP_26-084,release,13.08.2026,8,Loss on Drying,not tested,—,—,—,,not tested — no certificate covers it
P060492,JD042601,Jelly Donutz,CoQ-PP_26-125,reissue — 12-month retest,18.09.2026,8,Loss on Drying,carried from the initial testing — not tested,—,—,—,,carried from the initial testing (the batch's initial CoQ (number assigned on issue)) — not tested — no certificate covers it
P060492,JD042601,Jelly Donutz,CoQ-PP_26-084,release,13.08.2026,9.1,TAMC,not tested,—,—,—,,not tested — no certificate covers it
P060492,JD042601,Jelly Donutz,CoQ-PP_26-125,reissue — 12-month retest,18.09.2026,9.1,TAMC,carried from the initial testing — not tested,—,—,—,,carried from the initial testing (the batch's initial CoQ (number assigned on issue)) — not tested — no certificate covers it
P060492,JD042601,Jelly Donutz,CoQ-PP_26-084,release,13.08.2026,9.2,TYMC,not tested,—,—,—,,not tested — no certificate covers it
P060492,JD042601,Jelly Donutz,CoQ-PP_26-125,reissue — 12-month retest,18.09.2026,9.2,TYMC,carried from the initial testing — not tested,—,—,—,,carried from the initial testing (the batch's initial CoQ (number assigned on issue)) — not tested — no certificate covers it
P060492,JD042601,Jelly Donutz,CoQ-PP_26-084,release,13.08.2026,9.3,Bile-tolerant gram-neg.,not tested,—,—,—,,not tested — no certificate covers it
P060492,JD042601,Jelly Donutz,CoQ-PP_26-125,reissue — 12-month retest,18.09.2026,9.3,Bile-tolerant gram-neg.,carried from the initial testing — not tested,—,—,—,,carried from the initial testing (the batch's initial CoQ (number assigned on issue)) — not tested — no certificate covers it
P060492,JD042601,Jelly Donutz,CoQ-PP_26-084,release,13.08.2026,9.4,Salmonella,not tested,—,—,—,,not tested — no certificate covers it
P060492,JD042601,Jelly Donutz,CoQ-PP_26-125,reissue — 12-month retest,18.09.2026,9.4,Salmonella,carried from the initial testing — not tested,—,—,—,,carried from the initial testing (the batch's initial CoQ (number assigned on issue)) — not tested — no certificate covers it
P060492,JD042601,Jelly Donutz,CoQ-PP_26-084,release,13.08.2026,9.5,Escherichia coli,not tested,—,—,—,,not tested — no certificate covers it
P060492,JD042601,Jelly Donutz,CoQ-PP_26-125,reissue — 12-month retest,18.09.2026,9.5,Escherichia coli,carried from the initial testing — not tested,—,—,—,,carried from the initial testing (the batch's initial CoQ (number assigned on issue)) — not tested — no certificate covers it
P060492,JD042601,Jelly Donutz,CoQ-PP_26-084,release,13.08.2026,9.6,Pseudomonas aeruginosa,upon request — not required for release,—,—,—,,upon request — not required for release
P060492,JD042601,Jelly Donutz,CoQ-PP_26-125,reissue — 12-month retest,18.09.2026,9.6,Pseudomonas aeruginosa,upon request — not required for release,—,—,—,,upon request — not required for release
P060492,JD042601,Jelly Donutz,CoQ-PP_26-084,release,13.08.2026,9.7,Staphylococcus aureus,upon request — not required for release,—,—,—,,upon request — not required for release
P060492,JD042601,Jelly Donutz,CoQ-PP_26-125,reissue — 12-month retest,18.09.2026,9.7,Staphylococcus aureus,upon request — not required for release,—,—,—,,upon request — not required for release
P060492,JD042601,Jelly Donutz,CoQ-PP_26-084,release,13.08.2026,10.1,Aflatoxin B₁,not tested,—,—,—,,not tested — no certificate covers it
P060492,JD042601,Jelly Donutz,CoQ-PP_26-125,reissue — 12-month retest,18.09.2026,10.1,Aflatoxin B₁,ND,220-30-М/26,11.09.2026,Farmahem,,covered
P060492,JD042601,Jelly Donutz,CoQ-PP_26-084,release,13.08.2026,10.2,Aflatoxins ∑,not tested,—,—,—,,not tested — no certificate covers it
P060492,JD042601,Jelly Donutz,CoQ-PP_26-125,reissue — 12-month retest,18.09.2026,10.2,Aflatoxins ∑,ND,220-30-М/26,11.09.2026,Farmahem,,covered
P060492,JD042601,Jelly Donutz,CoQ-PP_26-084,release,13.08.2026,10.3,Ochratoxin A,not tested,—,—,—,,not tested — no certificate covers it
P060492,JD042601,Jelly Donutz,CoQ-PP_26-125,reissue — 12-month retest,18.09.2026,10.3,Ochratoxin A,ND,220-30-М/26,11.09.2026,Farmahem,,covered
P060492,JD042601,Jelly Donutz,CoQ-PP_26-084,release,13.08.2026,11.1,Lead (Pb),not tested,—,—,—,,not tested — no certificate covers it
P060492,JD042601,Jelly Donutz,CoQ-PP_26-125,reissue — 12-month retest,18.09.2026,11.1,Lead (Pb),carried from the initial testing — not tested,—,—,—,,carried from the initial testing (the batch's initial CoQ (number assigned on issue)) — not tested — no certificate covers it
P060492,JD042601,Jelly Donutz,CoQ-PP_26-084,release,13.08.2026,11.2,Cadmium (Cd),not tested,—,—,—,,not tested — no certificate covers it
P060492,JD042601,Jelly Donutz,CoQ-PP_26-125,reissue — 12-month retest,18.09.2026,11.2,Cadmium (Cd),carried from the initial testing — not tested,—,—,—,,carried from the initial testing (the batch's initial CoQ (number assigned on issue)) — not tested — no certificate covers it
P060492,JD042601,Jelly Donutz,CoQ-PP_26-084,release,13.08.2026,11.3,Arsenic (As),not tested,—,—,—,,not tested — no certificate covers it
P060492,JD042601,Jelly Donutz,CoQ-PP_26-125,reissue — 12-month retest,18.09.2026,11.3,Arsenic (As),carried from the initial testing — not tested,—,—,—,,carried from the initial testing (the batch's initial CoQ (number assigned on issue)) — not tested — no certificate covers it
P060492,JD042601,Jelly Donutz,CoQ-PP_26-084,release,13.08.2026,11.4,Mercury (Hg),not tested,—,—,—,,not tested — no certificate covers it
P060492,JD042601,Jelly Donutz,CoQ-PP_26-125,reissue — 12-month retest,18.09.2026,11.4,Mercury (Hg),carried from the initial testing — not tested,—,—,—,,carried from the initial testing (the batch's initial CoQ (number assigned on issue)) — not tested — no certificate covers it
P060492,JD042601,Jelly Donutz,CoQ-PP_26-084,release,13.08.2026,12,Pesticide Residues,not tested,—,—,—,,not tested — no certificate covers it
P060492,JD042601,Jelly Donutz,CoQ-PP_26-125,reissue — 12-month retest,18.09.2026,12,Pesticide Residues,carried from the initial testing — not tested,—,—,—,,carried from the initial testing (the batch's initial CoQ (number assigned on issue)) — not tested — no certificate covers it
CC042601,CC042601,Cash Cow,— at issue —,release,≥ 11.05.2026 (floor — not yet dated),1,"Identification A, Appearance · Macroscopic",to be performed (in house),iCoA-PP_26-088,03.06.2026,Purely Plant GmbH (in-house),yes,to be performed — see route
CC042601,CC042601,Cash Cow,— at issue —,reissue — 12-month retest,18.09.2026,1,"Identification A, Appearance · Macroscopic",Conforms | Одговара,iCoA-PP_26-144,17.08.2026,Purely Plant GmbH (in-house),yes,to be performed — see route
CC042601,CC042601,Cash Cow,— at issue —,release,≥ 11.05.2026 (floor — not yet dated),2,Identification B · Microscopic,to be performed (in house),iCoA-PP_26-088,03.06.2026,Purely Plant GmbH (in-house),yes,to be performed — see route
CC042601,CC042601,Cash Cow,— at issue —,reissue — 12-month retest,18.09.2026,2,Identification B · Microscopic,Conforms | Одговара,iCoA-PP_26-144,17.08.2026,Purely Plant GmbH (in-house),yes,to be performed — see route
CC042601,CC042601,Cash Cow,— at issue —,release,≥ 11.05.2026 (floor — not yet dated),3,Identification C · HPLC/HPTLC,to be performed (in house),—,—,—,,to be performed — see route
CC042601,CC042601,Cash Cow,— at issue —,reissue — 12-month retest,18.09.2026,3,Identification C · HPLC/HPTLC,Conforms | Одговара,220-32-К/26,26.08.2026,Farmahem,,covered
CC042601,CC042601,Cash Cow,— at issue —,release,≥ 11.05.2026 (floor — not yet dated),4,Assay — Total Δ⁹-THC,not tested,—,—,—,,not tested — no certificate covers it
CC042601,CC042601,Cash Cow,— at issue —,reissue — 12-month retest,18.09.2026,4,Assay — Total Δ⁹-THC,14.90,220-32-К/26,26.08.2026,Farmahem,,covered
CC042601,CC042601,Cash Cow,— at issue —,release,≥ 11.05.2026 (floor — not yet dated),5,Assay — Total CBD,not tested,—,—,—,,not tested — no certificate covers it
CC042601,CC042601,Cash Cow,— at issue —,reissue — 12-month retest,18.09.2026,5,Assay — Total CBD,< LOQ,220-32-К/26,26.08.2026,Farmahem,,covered
CC042601,CC042601,Cash Cow,— at issue —,release,≥ 11.05.2026 (floor — not yet dated),6,Total CBN,not tested,—,—,—,,not tested — no certificate covers it
CC042601,CC042601,Cash Cow,— at issue —,reissue — 12-month retest,18.09.2026,6,Total CBN,< LOQ,220-32-К/26,26.08.2026,Farmahem,,covered
CC042601,CC042601,Cash Cow,— at issue —,release,≥ 11.05.2026 (floor — not yet dated),7,Foreign Matter,to be performed (in house),iCoA-PP_26-088,03.06.2026,Purely Plant GmbH (in-house),yes,to be performed — see route
CC042601,CC042601,Cash Cow,— at issue —,reissue — 12-month retest,18.09.2026,7,Foreign Matter,Conforms | Одговара,iCoA-PP_26-144,17.08.2026,Purely Plant GmbH (in-house),yes,to be performed — see route
CC042601,CC042601,Cash Cow,— at issue —,release,≥ 11.05.2026 (floor — not yet dated),8,Loss on Drying,not tested,—,—,—,,not tested — no certificate covers it
CC042601,CC042601,Cash Cow,— at issue —,reissue — 12-month retest,18.09.2026,8,Loss on Drying,carried from the initial testing — not tested,—,—,—,,carried from the initial testing (the batch's initial CoQ (number assigned on issue)) — not tested — no certificate covers it
CC042601,CC042601,Cash Cow,— at issue —,release,≥ 11.05.2026 (floor — not yet dated),9.1,TAMC,not tested,—,—,—,,not tested — no certificate covers it
CC042601,CC042601,Cash Cow,— at issue —,reissue — 12-month retest,18.09.2026,9.1,TAMC,carried from the initial testing — not tested,—,—,—,,carried from the initial testing (the batch's initial CoQ (number assigned on issue)) — not tested — no certificate covers it
CC042601,CC042601,Cash Cow,— at issue —,release,≥ 11.05.2026 (floor — not yet dated),9.2,TYMC,not tested,—,—,—,,not tested — no certificate covers it
CC042601,CC042601,Cash Cow,— at issue —,reissue — 12-month retest,18.09.2026,9.2,TYMC,carried from the initial testing — not tested,—,—,—,,carried from the initial testing (the batch's initial CoQ (number assigned on issue)) — not tested — no certificate covers it
CC042601,CC042601,Cash Cow,— at issue —,release,≥ 11.05.2026 (floor — not yet dated),9.3,Bile-tolerant gram-neg.,not tested,—,—,—,,not tested — no certificate covers it
CC042601,CC042601,Cash Cow,— at issue —,reissue — 12-month retest,18.09.2026,9.3,Bile-tolerant gram-neg.,carried from the initial testing — not tested,—,—,—,,carried from the initial testing (the batch's initial CoQ (number assigned on issue)) — not tested — no certificate covers it
CC042601,CC042601,Cash Cow,— at issue —,release,≥ 11.05.2026 (floor — not yet dated),9.4,Salmonella,not tested,—,—,—,,not tested — no certificate covers it
CC042601,CC042601,Cash Cow,— at issue —,reissue — 12-month retest,18.09.2026,9.4,Salmonella,carried from the initial testing — not tested,—,—,—,,carried from the initial testing (the batch's initial CoQ (number assigned on issue)) — not tested — no certificate covers it
CC042601,CC042601,Cash Cow,— at issue —,release,≥ 11.05.2026 (floor — not yet dated),9.5,Escherichia coli,not tested,—,—,—,,not tested — no certificate covers it
CC042601,CC042601,Cash Cow,— at issue —,reissue — 12-month retest,18.09.2026,9.5,Escherichia coli,carried from the initial testing — not tested,—,—,—,,carried from the initial testing (the batch's initial CoQ (number assigned on issue)) — not tested — no certificate covers it
CC042601,CC042601,Cash Cow,— at issue —,release,≥ 11.05.2026 (floor — not yet dated),9.6,Pseudomonas aeruginosa,upon request — not required for release,—,—,—,,upon request — not required for release
CC042601,CC042601,Cash Cow,— at issue —,reissue — 12-month retest,18.09.2026,9.6,Pseudomonas aeruginosa,upon request — not required for release,—,—,—,,upon request — not required for release
CC042601,CC042601,Cash Cow,— at issue —,release,≥ 11.05.2026 (floor — not yet dated),9.7,Staphylococcus aureus,upon request — not required for release,—,—,—,,upon request — not required for release
CC042601,CC042601,Cash Cow,— at issue —,reissue — 12-month retest,18.09.2026,9.7,Staphylococcus aureus,upon request — not required for release,—,—,—,,upon request — not required for release
CC042601,CC042601,Cash Cow,— at issue —,release,≥ 11.05.2026 (floor — not yet dated),10.1,Aflatoxin B₁,not tested,—,—,—,,not tested — no certificate covers it
CC042601,CC042601,Cash Cow,— at issue —,reissue — 12-month retest,18.09.2026,10.1,Aflatoxin B₁,ND,220-32-М/26,11.09.2026,Farmahem,,covered
CC042601,CC042601,Cash Cow,— at issue —,release,≥ 11.05.2026 (floor — not yet dated),10.2,Aflatoxins ∑,not tested,—,—,—,,not tested — no certificate covers it
CC042601,CC042601,Cash Cow,— at issue —,reissue — 12-month retest,18.09.2026,10.2,Aflatoxins ∑,ND,220-32-М/26,11.09.2026,Farmahem,,covered
CC042601,CC042601,Cash Cow,— at issue —,release,≥ 11.05.2026 (floor — not yet dated),10.3,Ochratoxin A,not tested,—,—,—,,not tested — no certificate covers it
CC042601,CC042601,Cash Cow,— at issue —,reissue — 12-month retest,18.09.2026,10.3,Ochratoxin A,ND,220-32-М/26,11.09.2026,Farmahem,,covered
CC042601,CC042601,Cash Cow,— at issue —,release,≥ 11.05.2026 (floor — not yet dated),11.1,Lead (Pb),not tested,—,—,—,,not tested — no certificate covers it
CC042601,CC042601,Cash Cow,— at issue —,reissue — 12-month retest,18.09.2026,11.1,Lead (Pb),carried from the initial testing — not tested,—,—,—,,carried from the initial testing (the batch's initial CoQ (number assigned on issue)) — not tested — no certificate covers it
CC042601,CC042601,Cash Cow,— at issue —,release,≥ 11.05.2026 (floor — not yet dated),11.2,Cadmium (Cd),not tested,—,—,—,,not tested — no certificate covers it
CC042601,CC042601,Cash Cow,— at issue —,reissue — 12-month retest,18.09.2026,11.2,Cadmium (Cd),carried from the initial testing — not tested,—,—,—,,carried from the initial testing (the batch's initial CoQ (number assigned on issue)) — not tested — no certificate covers it
CC042601,CC042601,Cash Cow,— at issue —,release,≥ 11.05.2026 (floor — not yet dated),11.3,Arsenic (As),not tested,—,—,—,,not tested — no certificate covers it
CC042601,CC042601,Cash Cow,— at issue —,reissue — 12-month retest,18.09.2026,11.3,Arsenic (As),carried from the initial testing — not tested,—,—,—,,carried from the initial testing (the batch's initial CoQ (number assigned on issue)) — not tested — no certificate covers it
CC042601,CC042601,Cash Cow,— at issue —,release,≥ 11.05.2026 (floor — not yet dated),11.4,Mercury (Hg),not tested,—,—,—,,not tested — no certificate covers it
CC042601,CC042601,Cash Cow,— at issue —,reissue — 12-month retest,18.09.2026,11.4,Mercury (Hg),carried from the initial testing — not tested,—,—,—,,carried from the initial testing (the batch's initial CoQ (number assigned on issue)) — not tested — no certificate covers it
CC042601,CC042601,Cash Cow,— at issue —,release,≥ 11.05.2026 (floor — not yet dated),12,Pesticide Residues,not tested,—,—,—,,not tested — no certificate covers it
CC042601,CC042601,Cash Cow,— at issue —,reissue — 12-month retest,18.09.2026,12,Pesticide Residues,carried from the initial testing — not tested,—,—,—,,carried from the initial testing (the batch's initial CoQ (number assigned on issue)) — not tested — no certificate covers it
FB042601,FB042601,Fat Bastard,— at issue —,release,≥ 11.05.2026 (floor — not yet dated),1,"Identification A, Appearance · Macroscopic",to be performed (in house),iCoA-PP_26-089,03.06.2026,Purely Plant GmbH (in-house),yes,to be performed — see route
FB042601,FB042601,Fat Bastard,— at issue —,reissue — 12-month retest,18.09.2026,1,"Identification A, Appearance · Macroscopic",Conforms | Одговара,iCoA-PP_26-145,17.08.2026,Purely Plant GmbH (in-house),yes,to be performed — see route
FB042601,FB042601,Fat Bastard,— at issue —,release,≥ 11.05.2026 (floor — not yet dated),2,Identification B · Microscopic,to be performed (in house),iCoA-PP_26-089,03.06.2026,Purely Plant GmbH (in-house),yes,to be performed — see route
FB042601,FB042601,Fat Bastard,— at issue —,reissue — 12-month retest,18.09.2026,2,Identification B · Microscopic,Conforms | Одговара,iCoA-PP_26-145,17.08.2026,Purely Plant GmbH (in-house),yes,to be performed — see route
FB042601,FB042601,Fat Bastard,— at issue —,release,≥ 11.05.2026 (floor — not yet dated),3,Identification C · HPLC/HPTLC,to be performed (in house),—,—,—,,to be performed — see route
FB042601,FB042601,Fat Bastard,— at issue —,reissue — 12-month retest,18.09.2026,3,Identification C · HPLC/HPTLC,Conforms | Одговара,220-31-К/26,26.08.2026,Farmahem,,covered
FB042601,FB042601,Fat Bastard,— at issue —,release,≥ 11.05.2026 (floor — not yet dated),4,Assay — Total Δ⁹-THC,not tested,—,—,—,,not tested — no certificate covers it
FB042601,FB042601,Fat Bastard,— at issue —,reissue — 12-month retest,18.09.2026,4,Assay — Total Δ⁹-THC,14.99,220-31-К/26,26.08.2026,Farmahem,,covered
FB042601,FB042601,Fat Bastard,— at issue —,release,≥ 11.05.2026 (floor — not yet dated),5,Assay — Total CBD,not tested,—,—,—,,not tested — no certificate covers it
FB042601,FB042601,Fat Bastard,— at issue —,reissue — 12-month retest,18.09.2026,5,Assay — Total CBD,< LOQ,220-31-К/26,26.08.2026,Farmahem,,covered
FB042601,FB042601,Fat Bastard,— at issue —,release,≥ 11.05.2026 (floor — not yet dated),6,Total CBN,not tested,—,—,—,,not tested — no certificate covers it
FB042601,FB042601,Fat Bastard,— at issue —,reissue — 12-month retest,18.09.2026,6,Total CBN,< LOQ,220-31-К/26,26.08.2026,Farmahem,,covered
FB042601,FB042601,Fat Bastard,— at issue —,release,≥ 11.05.2026 (floor — not yet dated),7,Foreign Matter,to be performed (in house),iCoA-PP_26-089,03.06.2026,Purely Plant GmbH (in-house),yes,to be performed — see route
FB042601,FB042601,Fat Bastard,— at issue —,reissue — 12-month retest,18.09.2026,7,Foreign Matter,Conforms | Одговара,iCoA-PP_26-145,17.08.2026,Purely Plant GmbH (in-house),yes,to be performed — see route
FB042601,FB042601,Fat Bastard,— at issue —,release,≥ 11.05.2026 (floor — not yet dated),8,Loss on Drying,not tested,—,—,—,,not tested — no certificate covers it
FB042601,FB042601,Fat Bastard,— at issue —,reissue — 12-month retest,18.09.2026,8,Loss on Drying,carried from the initial testing — not tested,—,—,—,,carried from the initial testing (the batch's initial CoQ (number assigned on issue)) — not tested — no certificate covers it
FB042601,FB042601,Fat Bastard,— at issue —,release,≥ 11.05.2026 (floor — not yet dated),9.1,TAMC,not tested,—,—,—,,not tested — no certificate covers it
FB042601,FB042601,Fat Bastard,— at issue —,reissue — 12-month retest,18.09.2026,9.1,TAMC,carried from the initial testing — not tested,—,—,—,,carried from the initial testing (the batch's initial CoQ (number assigned on issue)) — not tested — no certificate covers it
FB042601,FB042601,Fat Bastard,— at issue —,release,≥ 11.05.2026 (floor — not yet dated),9.2,TYMC,not tested,—,—,—,,not tested — no certificate covers it
FB042601,FB042601,Fat Bastard,— at issue —,reissue — 12-month retest,18.09.2026,9.2,TYMC,carried from the initial testing — not tested,—,—,—,,carried from the initial testing (the batch's initial CoQ (number assigned on issue)) — not tested — no certificate covers it
FB042601,FB042601,Fat Bastard,— at issue —,release,≥ 11.05.2026 (floor — not yet dated),9.3,Bile-tolerant gram-neg.,not tested,—,—,—,,not tested — no certificate covers it
FB042601,FB042601,Fat Bastard,— at issue —,reissue — 12-month retest,18.09.2026,9.3,Bile-tolerant gram-neg.,carried from the initial testing — not tested,—,—,—,,carried from the initial testing (the batch's initial CoQ (number assigned on issue)) — not tested — no certificate covers it
FB042601,FB042601,Fat Bastard,— at issue —,release,≥ 11.05.2026 (floor — not yet dated),9.4,Salmonella,not tested,—,—,—,,not tested — no certificate covers it
FB042601,FB042601,Fat Bastard,— at issue —,reissue — 12-month retest,18.09.2026,9.4,Salmonella,carried from the initial testing — not tested,—,—,—,,carried from the initial testing (the batch's initial CoQ (number assigned on issue)) — not tested — no certificate covers it
FB042601,FB042601,Fat Bastard,— at issue —,release,≥ 11.05.2026 (floor — not yet dated),9.5,Escherichia coli,not tested,—,—,—,,not tested — no certificate covers it
FB042601,FB042601,Fat Bastard,— at issue —,reissue — 12-month retest,18.09.2026,9.5,Escherichia coli,carried from the initial testing — not tested,—,—,—,,carried from the initial testing (the batch's initial CoQ (number assigned on issue)) — not tested — no certificate covers it
FB042601,FB042601,Fat Bastard,— at issue —,release,≥ 11.05.2026 (floor — not yet dated),9.6,Pseudomonas aeruginosa,upon request — not required for release,—,—,—,,upon request — not required for release
FB042601,FB042601,Fat Bastard,— at issue —,reissue — 12-month retest,18.09.2026,9.6,Pseudomonas aeruginosa,upon request — not required for release,—,—,—,,upon request — not required for release
FB042601,FB042601,Fat Bastard,— at issue —,release,≥ 11.05.2026 (floor — not yet dated),9.7,Staphylococcus aureus,upon request — not required for release,—,—,—,,upon request — not required for release
FB042601,FB042601,Fat Bastard,— at issue —,reissue — 12-month retest,18.09.2026,9.7,Staphylococcus aureus,upon request — not required for release,—,—,—,,upon request — not required for release
FB042601,FB042601,Fat Bastard,— at issue —,release,≥ 11.05.2026 (floor — not yet dated),10.1,Aflatoxin B₁,not tested,—,—,—,,not tested — no certificate covers it
FB042601,FB042601,Fat Bastard,— at issue —,reissue — 12-month retest,18.09.2026,10.1,Aflatoxin B₁,ND,220-31-М/26,11.09.2026,Farmahem,,covered
FB042601,FB042601,Fat Bastard,— at issue —,release,≥ 11.05.2026 (floor — not yet dated),10.2,Aflatoxins ∑,not tested,—,—,—,,not tested — no certificate covers it
FB042601,FB042601,Fat Bastard,— at issue —,reissue — 12-month retest,18.09.2026,10.2,Aflatoxins ∑,ND,220-31-М/26,11.09.2026,Farmahem,,covered
FB042601,FB042601,Fat Bastard,— at issue —,release,≥ 11.05.2026 (floor — not yet dated),10.3,Ochratoxin A,not tested,—,—,—,,not tested — no certificate covers it
FB042601,FB042601,Fat Bastard,— at issue —,reissue — 12-month retest,18.09.2026,10.3,Ochratoxin A,ND,220-31-М/26,11.09.2026,Farmahem,,covered
FB042601,FB042601,Fat Bastard,— at issue —,release,≥ 11.05.2026 (floor — not yet dated),11.1,Lead (Pb),not tested,—,—,—,,not tested — no certificate covers it
FB042601,FB042601,Fat Bastard,— at issue —,reissue — 12-month retest,18.09.2026,11.1,Lead (Pb),carried from the initial testing — not tested,—,—,—,,carried from the initial testing (the batch's initial CoQ (number assigned on issue)) — not tested — no certificate covers it
FB042601,FB042601,Fat Bastard,— at issue —,release,≥ 11.05.2026 (floor — not yet dated),11.2,Cadmium (Cd),not tested,—,—,—,,not tested — no certificate covers it
FB042601,FB042601,Fat Bastard,— at issue —,reissue — 12-month retest,18.09.2026,11.2,Cadmium (Cd),carried from the initial testing — not tested,—,—,—,,carried from the initial testing (the batch's initial CoQ (number assigned on issue)) — not tested — no certificate covers it
FB042601,FB042601,Fat Bastard,— at issue —,release,≥ 11.05.2026 (floor — not yet dated),11.3,Arsenic (As),not tested,—,—,—,,not tested — no certificate covers it
FB042601,FB042601,Fat Bastard,— at issue —,reissue — 12-month retest,18.09.2026,11.3,Arsenic (As),carried from the initial testing — not tested,—,—,—,,carried from the initial testing (the batch's initial CoQ (number assigned on issue)) — not tested — no certificate covers it
FB042601,FB042601,Fat Bastard,— at issue —,release,≥ 11.05.2026 (floor — not yet dated),11.4,Mercury (Hg),not tested,—,—,—,,not tested — no certificate covers it
FB042601,FB042601,Fat Bastard,— at issue —,reissue — 12-month retest,18.09.2026,11.4,Mercury (Hg),carried from the initial testing — not tested,—,—,—,,carried from the initial testing (the batch's initial CoQ (number assigned on issue)) — not tested — no certificate covers it
FB042601,FB042601,Fat Bastard,— at issue —,release,≥ 11.05.2026 (floor — not yet dated),12,Pesticide Residues,not tested,—,—,—,,not tested — no certificate covers it
FB042601,FB042601,Fat Bastard,— at issue —,reissue — 12-month retest,18.09.2026,12,Pesticide Residues,carried from the initial testing — not tested,—,—,—,,carried from the initial testing (the batch's initial CoQ (number assigned on issue)) — not tested — no certificate covers it
P160012,P160012,GrapePie,— at issue —,release,13.07.2026,1,"Identification A, Appearance · Macroscopic",Conforms | Одговара,ППК26117,06.07.2026,UKIM Faculty of Pharmacy — Center for Natural Products,,covered
P160012,P160012,GrapePie,— at issue —,release,13.07.2026,2,Identification B · Microscopic,Conforms | Одговара,ППК26117,06.07.2026,UKIM Faculty of Pharmacy — Center for Natural Products,,covered
P160012,P160012,GrapePie,— at issue —,release,13.07.2026,3,Identification C · HPLC/HPTLC,Conforms | Одговара,ППК26117,06.07.2026,UKIM Faculty of Pharmacy — Center for Natural Products,,covered
P160012,P160012,GrapePie,— at issue —,release,13.07.2026,4,Assay — Total Δ⁹-THC,26.32,ППК26117,06.07.2026,UKIM Faculty of Pharmacy — Center for Natural Products,,covered
P160012,P160012,GrapePie,— at issue —,release,13.07.2026,5,Assay — Total CBD,0.15,ППК26117,06.07.2026,UKIM Faculty of Pharmacy — Center for Natural Products,,covered
P160012,P160012,GrapePie,— at issue —,release,13.07.2026,6,Total CBN,0.09,ППК26117,06.07.2026,UKIM Faculty of Pharmacy — Center for Natural Products,,covered
P160012,P160012,GrapePie,— at issue —,release,13.07.2026,7,Foreign Matter,Conforms | Одговара,ППК26117,06.07.2026,UKIM Faculty of Pharmacy — Center for Natural Products,,covered
P160012,P160012,GrapePie,— at issue —,release,13.07.2026,8,Loss on Drying,6.31,ППК26117,06.07.2026,UKIM Faculty of Pharmacy — Center for Natural Products,,covered
P160012,P160012,GrapePie,— at issue —,release,13.07.2026,9.1,TAMC,not tested,—,—,—,,not tested — no certificate covers it
P160012,P160012,GrapePie,— at issue —,release,13.07.2026,9.2,TYMC,not tested,—,—,—,,not tested — no certificate covers it
P160012,P160012,GrapePie,— at issue —,release,13.07.2026,9.3,Bile-tolerant gram-neg.,not tested,—,—,—,,not tested — no certificate covers it
P160012,P160012,GrapePie,— at issue —,release,13.07.2026,9.4,Salmonella,not tested,—,—,—,,not tested — no certificate covers it
P160012,P160012,GrapePie,— at issue —,release,13.07.2026,9.5,Escherichia coli,not tested,—,—,—,,not tested — no certificate covers it
P160012,P160012,GrapePie,— at issue —,release,13.07.2026,9.6,Pseudomonas aeruginosa,upon request — not required for release,—,—,—,,upon request — not required for release
P160012,P160012,GrapePie,— at issue —,release,13.07.2026,9.7,Staphylococcus aureus,upon request — not required for release,—,—,—,,upon request — not required for release
P160012,P160012,GrapePie,— at issue —,release,13.07.2026,10.1,Aflatoxin B₁,not tested,—,—,—,,not tested — no certificate covers it
P160012,P160012,GrapePie,— at issue —,release,13.07.2026,10.2,Aflatoxins ∑,not tested,—,—,—,,not tested — no certificate covers it
P160012,P160012,GrapePie,— at issue —,release,13.07.2026,10.3,Ochratoxin A,not tested,—,—,—,,not tested — no certificate covers it
P160012,P160012,GrapePie,— at issue —,release,13.07.2026,11.1,Lead (Pb),not tested,—,—,—,,not tested — no certificate covers it
P160012,P160012,GrapePie,— at issue —,release,13.07.2026,11.2,Cadmium (Cd),not tested,—,—,—,,not tested — no certificate covers it
P160012,P160012,GrapePie,— at issue —,release,13.07.2026,11.3,Arsenic (As),not tested,—,—,—,,not tested — no certificate covers it
P160012,P160012,GrapePie,— at issue —,release,13.07.2026,11.4,Mercury (Hg),not tested,—,—,—,,not tested — no certificate covers it
P160012,P160012,GrapePie,— at issue —,release,13.07.2026,12,Pesticide Residues,not tested,—,—,—,,not tested — no certificate covers it
P160022,P160022,GrapePie,— at issue —,release,13.07.2026,1,"Identification A, Appearance · Macroscopic",Conforms | Одговара,ППК26118,06.07.2026,UKIM Faculty of Pharmacy — Center for Natural Products,,covered
P160022,P160022,GrapePie,— at issue —,release,13.07.2026,2,Identification B · Microscopic,Conforms | Одговара,ППК26118,06.07.2026,UKIM Faculty of Pharmacy — Center for Natural Products,,covered
P160022,P160022,GrapePie,— at issue —,release,13.07.2026,3,Identification C · HPLC/HPTLC,Conforms | Одговара,ППК26118,06.07.2026,UKIM Faculty of Pharmacy — Center for Natural Products,,covered
P160022,P160022,GrapePie,— at issue —,release,13.07.2026,4,Assay — Total Δ⁹-THC,25.72,ППК26118,06.07.2026,UKIM Faculty of Pharmacy — Center for Natural Products,,covered
P160022,P160022,GrapePie,— at issue —,release,13.07.2026,5,Assay — Total CBD,0.15,ППК26118,06.07.2026,UKIM Faculty of Pharmacy — Center for Natural Products,,covered
P160022,P160022,GrapePie,— at issue —,release,13.07.2026,6,Total CBN,0.10,ППК26118,06.07.2026,UKIM Faculty of Pharmacy — Center for Natural Products,,covered
P160022,P160022,GrapePie,— at issue —,release,13.07.2026,7,Foreign Matter,Conforms | Одговара,ППК26118,06.07.2026,UKIM Faculty of Pharmacy — Center for Natural Products,,covered
P160022,P160022,GrapePie,— at issue —,release,13.07.2026,8,Loss on Drying,6.67,ППК26118,06.07.2026,UKIM Faculty of Pharmacy — Center for Natural Products,,covered
P160022,P160022,GrapePie,— at issue —,release,13.07.2026,9.1,TAMC,not tested,—,—,—,,not tested — no certificate covers it
P160022,P160022,GrapePie,— at issue —,release,13.07.2026,9.2,TYMC,not tested,—,—,—,,not tested — no certificate covers it
P160022,P160022,GrapePie,— at issue —,release,13.07.2026,9.3,Bile-tolerant gram-neg.,not tested,—,—,—,,not tested — no certificate covers it
P160022,P160022,GrapePie,— at issue —,release,13.07.2026,9.4,Salmonella,not tested,—,—,—,,not tested — no certificate covers it
P160022,P160022,GrapePie,— at issue —,release,13.07.2026,9.5,Escherichia coli,not tested,—,—,—,,not tested — no certificate covers it
P160022,P160022,GrapePie,— at issue —,release,13.07.2026,9.6,Pseudomonas aeruginosa,upon request — not required for release,—,—,—,,upon request — not required for release
P160022,P160022,GrapePie,— at issue —,release,13.07.2026,9.7,Staphylococcus aureus,upon request — not required for release,—,—,—,,upon request — not required for release
P160022,P160022,GrapePie,— at issue —,release,13.07.2026,10.1,Aflatoxin B₁,not tested,—,—,—,,not tested — no certificate covers it
P160022,P160022,GrapePie,— at issue —,release,13.07.2026,10.2,Aflatoxins ∑,not tested,—,—,—,,not tested — no certificate covers it
P160022,P160022,GrapePie,— at issue —,release,13.07.2026,10.3,Ochratoxin A,not tested,—,—,—,,not tested — no certificate covers it
P160022,P160022,GrapePie,— at issue —,release,13.07.2026,11.1,Lead (Pb),not tested,—,—,—,,not tested — no certificate covers it
P160022,P160022,GrapePie,— at issue —,release,13.07.2026,11.2,Cadmium (Cd),not tested,—,—,—,,not tested — no certificate covers it
P160022,P160022,GrapePie,— at issue —,release,13.07.2026,11.3,Arsenic (As),not tested,—,—,—,,not tested — no certificate covers it
P160022,P160022,GrapePie,— at issue —,release,13.07.2026,11.4,Mercury (Hg),not tested,—,—,—,,not tested — no certificate covers it
P160022,P160022,GrapePie,— at issue —,release,13.07.2026,12,Pesticide Residues,not tested,—,—,—,,not tested — no certificate covers it
P160032,P160032,GrapePie,— at issue —,release,13.07.2026,1,"Identification A, Appearance · Macroscopic",Conforms | Одговара,ППК26119,06.07.2026,UKIM Faculty of Pharmacy — Center for Natural Products,,covered
P160032,P160032,GrapePie,— at issue —,release,13.07.2026,2,Identification B · Microscopic,Conforms | Одговара,ППК26119,06.07.2026,UKIM Faculty of Pharmacy — Center for Natural Products,,covered
P160032,P160032,GrapePie,— at issue —,release,13.07.2026,3,Identification C · HPLC/HPTLC,Conforms | Одговара,ППК26119,06.07.2026,UKIM Faculty of Pharmacy — Center for Natural Products,,covered
P160032,P160032,GrapePie,— at issue —,release,13.07.2026,4,Assay — Total Δ⁹-THC,24.78,ППК26119,06.07.2026,UKIM Faculty of Pharmacy — Center for Natural Products,,covered
P160032,P160032,GrapePie,— at issue —,release,13.07.2026,5,Assay — Total CBD,0.06,ППК26119,06.07.2026,UKIM Faculty of Pharmacy — Center for Natural Products,,covered
P160032,P160032,GrapePie,— at issue —,release,13.07.2026,6,Total CBN,0.08,ППК26119,06.07.2026,UKIM Faculty of Pharmacy — Center for Natural Products,,covered
P160032,P160032,GrapePie,— at issue —,release,13.07.2026,7,Foreign Matter,Conforms | Одговара,ППК26119,06.07.2026,UKIM Faculty of Pharmacy — Center for Natural Products,,covered
P160032,P160032,GrapePie,— at issue —,release,13.07.2026,8,Loss on Drying,6.78,ППК26119,06.07.2026,UKIM Faculty of Pharmacy — Center for Natural Products,,covered
P160032,P160032,GrapePie,— at issue —,release,13.07.2026,9.1,TAMC,not tested,—,—,—,,not tested — no certificate covers it
P160032,P160032,GrapePie,— at issue —,release,13.07.2026,9.2,TYMC,not tested,—,—,—,,not tested — no certificate covers it
P160032,P160032,GrapePie,— at issue —,release,13.07.2026,9.3,Bile-tolerant gram-neg.,not tested,—,—,—,,not tested — no certificate covers it
P160032,P160032,GrapePie,— at issue —,release,13.07.2026,9.4,Salmonella,not tested,—,—,—,,not tested — no certificate covers it
P160032,P160032,GrapePie,— at issue —,release,13.07.2026,9.5,Escherichia coli,not tested,—,—,—,,not tested — no certificate covers it
P160032,P160032,GrapePie,— at issue —,release,13.07.2026,9.6,Pseudomonas aeruginosa,upon request — not required for release,—,—,—,,upon request — not required for release
P160032,P160032,GrapePie,— at issue —,release,13.07.2026,9.7,Staphylococcus aureus,upon request — not required for release,—,—,—,,upon request — not required for release
P160032,P160032,GrapePie,— at issue —,release,13.07.2026,10.1,Aflatoxin B₁,not tested,—,—,—,,not tested — no certificate covers it
P160032,P160032,GrapePie,— at issue —,release,13.07.2026,10.2,Aflatoxins ∑,not tested,—,—,—,,not tested — no certificate covers it
P160032,P160032,GrapePie,— at issue —,release,13.07.2026,10.3,Ochratoxin A,not tested,—,—,—,,not tested — no certificate covers it
P160032,P160032,GrapePie,— at issue —,release,13.07.2026,11.1,Lead (Pb),not tested,—,—,—,,not tested — no certificate covers it
P160032,P160032,GrapePie,— at issue —,release,13.07.2026,11.2,Cadmium (Cd),not tested,—,—,—,,not tested — no certificate covers it
P160032,P160032,GrapePie,— at issue —,release,13.07.2026,11.3,Arsenic (As),not tested,—,—,—,,not tested — no certificate covers it
P160032,P160032,GrapePie,— at issue —,release,13.07.2026,11.4,Mercury (Hg),not tested,—,—,—,,not tested — no certificate covers it
P160032,P160032,GrapePie,— at issue —,release,13.07.2026,12,Pesticide Residues,not tested,—,—,—,,not tested — no certificate covers it
