Batch,Cultivation batch,Strain,#1,#2,#3,#4,#5,#6,#7,#8,#9.1,#9.2,#9.3,#9.4,#9.5,#9.6,#9.7,#10.1,#10.2,#10.3,#11.1,#11.2,#11.3,#11.4,#12
CJ1024,CJ1024,Cap Junky,"iCoA-PP_26-001, 03.06.2026 [internal]
iCoA-PP_26-180, 24.08.2026 [internal]","iCoA-PP_26-001, 03.06.2026 [internal]
iCoA-PP_26-180, 24.08.2026 [internal]","ППК25052, 26.02.2025
227-26-К/26, 11.09.2026","ППК25052, 26.02.2025
227-26-К/26, 11.09.2026","ППК25052, 26.02.2025
227-26-К/26, 11.09.2026","release — not tested — no certificate covers it
227-26-К/26, 11.09.2026","iCoA-PP_26-001, 03.06.2026 [internal]
iCoA-PP_26-180, 24.08.2026 [internal]","ППК25052, 26.02.2025","164/0272/25, 24.02.2025
565/1096/26, 01.09.2026","164/0272/25, 24.02.2025
565/1096/26, 01.09.2026","164/0272/25, 24.02.2025
565/1096/26, 01.09.2026","164/0272/25, 24.02.2025
565/1096/26, 01.09.2026","164/0272/25, 24.02.2025
565/1096/26, 01.09.2026",release — upon request — not required for release,release — upon request — not required for release,"release — not tested — no certificate covers it
227-26-М/26, 16.09.2026","750/2025, 27.02.2025
227-26-М/26, 16.09.2026","release — not tested — no certificate covers it
227-26-М/26, 16.09.2026","750/2025, 27.02.2025","750/2025, 27.02.2025","750/2025, 27.02.2025","750/2025, 27.02.2025","750/2025, 27.02.2025"
BSS1024,BSS1024,Blue Sunset Sherbet,"iCoA-PP_26-002, 03.06.2026 [internal]
iCoA-PP_26-101, 27.07.2026 [internal]","iCoA-PP_26-002, 03.06.2026 [internal]
iCoA-PP_26-101, 27.07.2026 [internal]","ППК25051, 26.02.2025
197-2-К/26, 07.08.2026","ППК25051, 26.02.2025
197-2-К/26, 07.08.2026","ППК25051, 26.02.2025
197-2-К/26, 07.08.2026","ППК25051, 26.02.2025
197-2-К/26, 07.08.2026","iCoA-PP_26-002, 03.06.2026 [internal]
iCoA-PP_26-101, 27.07.2026 [internal]","ППК25051, 26.02.2025","161/0269/25, 24.02.2025","161/0269/25, 24.02.2025","161/0269/25, 24.02.2025","161/0269/25, 24.02.2025","161/0269/25, 24.02.2025",release — upon request — not required for release,release — upon request — not required for release,"release — not tested — no certificate covers it
197-2-М/26, 10.08.2026","751/2025, 27.02.2025
197-2-М/26, 10.08.2026","release — not tested — no certificate covers it
197-2-М/26, 10.08.2026","751/2025, 27.02.2025","751/2025, 27.02.2025","751/2025, 27.02.2025","751/2025, 27.02.2025","751/2025, 27.02.2025"
BG1024,BG1024,Blue Gelato,"iCoA-PP_26-003, 03.06.2026 [internal]
iCoA-PP_26-100, 27.07.2026 [internal]","iCoA-PP_26-003, 03.06.2026 [internal]
iCoA-PP_26-100, 27.07.2026 [internal]","ППК25050, 26.02.2025
197-1-К/26, 07.08.2026","ППК25050, 26.02.2025
197-1-К/26, 07.08.2026","ППК25050, 26.02.2025
197-1-К/26, 07.08.2026","ППК25050, 26.02.2025
197-1-К/26, 07.08.2026","iCoA-PP_26-003, 03.06.2026 [internal]
iCoA-PP_26-100, 27.07.2026 [internal]","ППК25050, 26.02.2025","163/0271/25, 24.02.2025","163/0271/25, 24.02.2025","163/0271/25, 24.02.2025","163/0271/25, 24.02.2025","163/0271/25, 24.02.2025",release — upon request — not required for release,release — upon request — not required for release,"release — not tested — no certificate covers it
197-1-М/26, 10.08.2026","752/2025, 27.02.2025
197-1-М/26, 10.08.2026","release — not tested — no certificate covers it
197-1-М/26, 10.08.2026","752/2025, 27.02.2025","752/2025, 27.02.2025","752/2025, 27.02.2025","752/2025, 27.02.2025","752/2025, 27.02.2025"
GG1024,GG1024,Gorilla Glue,"iCoA-PP_26-004, 03.06.2026 [internal]
iCoA-PP_26-131, 17.08.2026 [internal]","iCoA-PP_26-004, 03.06.2026 [internal]
iCoA-PP_26-131, 17.08.2026 [internal]","release — not tested — no certificate covers it
220-9-К/26, 25.08.2026","release — not tested — no certificate covers it
220-9-К/26, 25.08.2026","release — not tested — no certificate covers it
220-9-К/26, 25.08.2026","release — not tested — no certificate covers it
220-9-К/26, 25.08.2026","iCoA-PP_26-004, 03.06.2026 [internal]
iCoA-PP_26-131, 17.08.2026 [internal]","ППК25008, 29.01.2025","166/0274/25, 24.02.2025","166/0274/25, 24.02.2025","166/0274/25, 24.02.2025","166/0274/25, 24.02.2025","166/0274/25, 24.02.2025",release — upon request — not required for release,release — upon request — not required for release,"release — not tested — no certificate covers it
220-9-М/26, 11.09.2026","748/2025, 04.03.2025
220-9-М/26, 11.09.2026","release — not tested — no certificate covers it
220-9-М/26, 11.09.2026","748/2025, 04.03.2025","748/2025, 04.03.2025","748/2025, 04.03.2025","748/2025, 04.03.2025","748/2025, 04.03.2025"
HPA1024,HPA1024,High Pro Amnesia,"iCoA-PP_26-005, 03.06.2026 [internal]
iCoA-PP_26-112, 27.07.2026 [internal]","iCoA-PP_26-005, 03.06.2026 [internal]
iCoA-PP_26-112, 27.07.2026 [internal]","release — not tested — no certificate covers it
197-13-К/26, 07.08.2026","iCoA-PP_26-005, 03.06.2026 [internal]
197-13-К/26, 07.08.2026","iCoA-PP_26-005, 03.06.2026 [internal]
197-13-К/26, 07.08.2026","release — not tested — no certificate covers it
197-13-К/26, 07.08.2026","iCoA-PP_26-005, 03.06.2026 [internal]
iCoA-PP_26-112, 27.07.2026 [internal]","release — not tested — no certificate covers it
reissue — retest — carried from the initial testing (CoQ-PP-2025-0004) — not tested — no certificate covers it","iCoA-PP_26-005, 03.06.2026 [internal]","iCoA-PP_26-005, 03.06.2026 [internal]","iCoA-PP_26-005, 03.06.2026 [internal]","iCoA-PP_26-005, 03.06.2026 [internal]","iCoA-PP_26-005, 03.06.2026 [internal]",release — upon request — not required for release,release — upon request — not required for release,"release — not tested — no certificate covers it
197-13-М/26, 10.08.2026","iCoA-PP_26-005, 03.06.2026 [internal]
197-13-М/26, 10.08.2026","release — not tested — no certificate covers it
197-13-М/26, 10.08.2026","iCoA-PP_26-005, 03.06.2026 [internal]","iCoA-PP_26-005, 03.06.2026 [internal]","iCoA-PP_26-005, 03.06.2026 [internal]","iCoA-PP_26-005, 03.06.2026 [internal]","iCoA-PP_26-005, 03.06.2026 [internal]"
OPM1024,OPM1024,Orange Punch Mimosa,"iCoA-PP_26-006, 03.06.2026 [internal]
iCoA-PP_26-116, 27.07.2026 [internal]","iCoA-PP_26-006, 03.06.2026 [internal]
iCoA-PP_26-116, 27.07.2026 [internal]","release — not tested — no certificate covers it
197-17-К/26, 07.08.2026","iCoA-PP_26-006, 03.06.2026 [internal]
197-17-К/26, 07.08.2026","iCoA-PP_26-006, 03.06.2026 [internal]
197-17-К/26, 07.08.2026","release — not tested — no certificate covers it
197-17-К/26, 07.08.2026","iCoA-PP_26-006, 03.06.2026 [internal]
iCoA-PP_26-116, 27.07.2026 [internal]","release — not tested — no certificate covers it
reissue — retest — carried from the initial testing (CoQ-PP-2025-0005) — not tested — no certificate covers it","iCoA-PP_26-006, 03.06.2026 [internal]","iCoA-PP_26-006, 03.06.2026 [internal]","iCoA-PP_26-006, 03.06.2026 [internal]","iCoA-PP_26-006, 03.06.2026 [internal]","iCoA-PP_26-006, 03.06.2026 [internal]",release — upon request — not required for release,release — upon request — not required for release,"release — not tested — no certificate covers it
197-17-М/26, 10.08.2026","iCoA-PP_26-006, 03.06.2026 [internal]
197-17-М/26, 10.08.2026","release — not tested — no certificate covers it
197-17-М/26, 10.08.2026","iCoA-PP_26-006, 03.06.2026 [internal]","iCoA-PP_26-006, 03.06.2026 [internal]","iCoA-PP_26-006, 03.06.2026 [internal]","iCoA-PP_26-006, 03.06.2026 [internal]","iCoA-PP_26-006, 03.06.2026 [internal]"
P050022,GP0824_02,Grape Pie,"iCoA-PP_26-008, 03.06.2026 [internal]
iCoA-PP_26-108, 27.07.2026 [internal]","iCoA-PP_26-008, 03.06.2026 [internal]
iCoA-PP_26-108, 27.07.2026 [internal]","ППК25139, 22.05.2025
197-11-К/26, 07.08.2026","ППК25139, 22.05.2025
197-11-К/26, 07.08.2026","ППК25139, 22.05.2025
197-11-К/26, 07.08.2026","ППК25139, 22.05.2025
197-11-К/26, 07.08.2026","iCoA-PP_26-008, 03.06.2026 [internal]
iCoA-PP_26-108, 27.07.2026 [internal]","ППК25139, 22.05.2025","471-0862-25, 22.05.2025
627/1128/25, 02.07.2025","471-0862-25, 22.05.2025
627/1128/25, 02.07.2025","471-0862-25, 22.05.2025
627/1128/25, 02.07.2025","471-0862-25, 22.05.2025
627/1128/25, 02.07.2025","471-0862-25, 22.05.2025
627/1128/25, 02.07.2025",release — upon request — not required for release,release — upon request — not required for release,"release — not tested — no certificate covers it
197-11-М/26, 10.08.2026","2471-2025, 30.05.2025
197-11-М/26, 10.08.2026","release — not tested — no certificate covers it
197-11-М/26, 10.08.2026","2471-2025, 30.05.2025
3176/2025, 26.06.2025","2471-2025, 30.05.2025
3176/2025, 26.06.2025","2471-2025, 30.05.2025
3176/2025, 26.06.2025","2471-2025, 30.05.2025
3176/2025, 26.06.2025","2471-2025, 30.05.2025
3176/2025, 26.06.2025"
P050012,GG1024_02,Gorilla Glue,"iCoA-PP_26-009, 03.06.2026 [internal]
iCoA-PP_26-165, 24.08.2026 [internal]","iCoA-PP_26-009, 03.06.2026 [internal]
iCoA-PP_26-165, 24.08.2026 [internal]","ППК25140, 22.05.2025
227-19-К/26, 11.09.2026","ППК25140, 22.05.2025
227-19-К/26, 11.09.2026","ППК25140, 22.05.2025
227-19-К/26, 11.09.2026","release — not tested — no certificate covers it
227-19-К/26, 11.09.2026","iCoA-PP_26-009, 03.06.2026 [internal]
iCoA-PP_26-165, 24.08.2026 [internal]","ППК25140, 22.05.2025","472/0863/25, 22.05.2025
564/1095/26, 01.09.2026","472/0863/25, 22.05.2025
564/1095/26, 01.09.2026","472/0863/25, 22.05.2025
564/1095/26, 01.09.2026","472/0863/25, 22.05.2025
564/1095/26, 01.09.2026","472/0863/25, 22.05.2025
564/1095/26, 01.09.2026",release — upon request — not required for release,release — upon request — not required for release,"release — not tested — no certificate covers it
227-19-М/26, 16.09.2026","2472/2025, 30.05.2025
227-19-М/26, 16.09.2026","release — not tested — no certificate covers it
227-19-М/26, 16.09.2026","2472/2025, 30.05.2025","2472/2025, 30.05.2025","2472/2025, 30.05.2025","2472/2025, 30.05.2025","2472/2025, 30.05.2025"
P050032,MB0824_04,Motor Breath,"iCoA-PP_26-010, 03.06.2026 [internal]
iCoA-PP_26-173, 24.08.2026 [internal]","iCoA-PP_26-010, 03.06.2026 [internal]
iCoA-PP_26-173, 24.08.2026 [internal]","ППК25118, 06.05.2025
227-12-К/26, 11.09.2026","ППК25118, 06.05.2025
227-12-К/26, 11.09.2026","ППК25118, 06.05.2025
227-12-К/26, 11.09.2026","release — not tested — no certificate covers it
227-12-К/26, 11.09.2026","iCoA-PP_26-010, 03.06.2026 [internal]
iCoA-PP_26-173, 24.08.2026 [internal]","ППК25118, 06.05.2025","406/0744/25, 05.05.2025
563/1094/26, 01.09.2026","406/0744/25, 05.05.2025
563/1094/26, 01.09.2026","406/0744/25, 05.05.2025
563/1094/26, 01.09.2026","406/0744/25, 05.05.2025
563/1094/26, 01.09.2026","406/0744/25, 05.05.2025
563/1094/26, 01.09.2026",release — upon request — not required for release,release — upon request — not required for release,"release — not tested — no certificate covers it
227-12-М/26, 16.09.2026","2157/2025, 07.05.2025
227-12-М/26, 16.09.2026","release — not tested — no certificate covers it
227-12-М/26, 16.09.2026","2157/2025, 07.05.2025","2157/2025, 07.05.2025","2157/2025, 07.05.2025","2157/2025, 07.05.2025","2157/2025, 07.05.2025"
P050042,OMP1024_01,Orange Punch Mimosa,"iCoA-PP_26-092, 03.06.2026 [internal]
iCoA-PP_26-144, 17.08.2026 [internal]","iCoA-PP_26-092, 03.06.2026 [internal]
iCoA-PP_26-144, 17.08.2026 [internal]","ППК25117, 06.05.2025
220-21-К/26, 26.08.2026","ППК25117, 06.05.2025
220-21-К/26, 26.08.2026","ППК25117, 06.05.2025
220-21-К/26, 26.08.2026","ППК25117, 06.05.2025
220-21-К/26, 26.08.2026","iCoA-PP_26-092, 03.06.2026 [internal]
iCoA-PP_26-144, 17.08.2026 [internal]","ППК25117, 06.05.2025","407-0745-25, 05.05.2025
2156/2025, 07.05.2025","407-0745-25, 05.05.2025
2156/2025, 07.05.2025","407-0745-25, 05.05.2025
2156/2025, 07.05.2025","407-0745-25, 05.05.2025
2156/2025, 07.05.2025","407-0745-25, 05.05.2025
2156/2025, 07.05.2025",release — upon request — not required for release,release — upon request — not required for release,"release — not tested — no certificate covers it
220-21-М/26, 11.09.2026","2156/2025, 07.05.2025
220-21-М/26, 11.09.2026","release — not tested — no certificate covers it
220-21-М/26, 11.09.2026","2156/2025, 07.05.2025","2156/2025, 07.05.2025","2156/2025, 07.05.2025","2156/2025, 07.05.2025","2156/2025, 07.05.2025"
P050052,HPA1024_01,High Pro Amnesia,"iCoA-PP_26-011, 03.06.2026 [internal]
iCoA-PP_26-113, 27.07.2026 [internal]","iCoA-PP_26-011, 03.06.2026 [internal]
iCoA-PP_26-113, 27.07.2026 [internal]","ППК25155, 24.06.2025
197-14-К/26, 07.08.2026","ППК25155, 24.06.2025
197-14-К/26, 07.08.2026","ППК25155, 24.06.2025
197-14-К/26, 07.08.2026","ППК25155, 24.06.2025
197-14-К/26, 07.08.2026","iCoA-PP_26-011, 03.06.2026 [internal]
iCoA-PP_26-113, 27.07.2026 [internal]","ППК25155, 24.06.2025","587/1066/25, 18.06.2025","587/1066/25, 18.06.2025","587/1066/25, 18.06.2025","587/1066/25, 18.06.2025","587/1066/25, 18.06.2025",release — upon request — not required for release,release — upon request — not required for release,"release — not tested — no certificate covers it
197-14-М/26, 10.08.2026","2995/2025, 19.06.2025
197-14-М/26, 10.08.2026","release — not tested — no certificate covers it
197-14-М/26, 10.08.2026","2995/2025, 19.06.2025","2995/2025, 19.06.2025","2995/2025, 19.06.2025","2995/2025, 19.06.2025","2995/2025, 19.06.2025"
P050062,OPM1024_02,Orange Punch Mimosa,"iCoA-PP_26-012, 03.06.2026 [internal]
iCoA-PP_26-117, 27.07.2026 [internal]","iCoA-PP_26-012, 03.06.2026 [internal]
iCoA-PP_26-117, 27.07.2026 [internal]","ППК25154, 24.06.2025
197-18-К/26, 07.08.2026","ППК25154, 24.06.2025
197-18-К/26, 07.08.2026","ППК25154, 24.06.2025
197-18-К/26, 07.08.2026","ППК25154, 24.06.2025
197-18-К/26, 07.08.2026","iCoA-PP_26-012, 03.06.2026 [internal]
iCoA-PP_26-117, 27.07.2026 [internal]","ППК25154, 24.06.2025","588/1067/25, 18.06.2025","588/1067/25, 18.06.2025","588/1067/25, 18.06.2025","588/1067/25, 18.06.2025","588/1067/25, 18.06.2025",release — upon request — not required for release,release — upon request — not required for release,"release — not tested — no certificate covers it
197-18-М/26, 10.08.2026","2994/2025, 19.06.2025
197-18-М/26, 10.08.2026","release — not tested — no certificate covers it
197-18-М/26, 10.08.2026","2994/2025, 19.06.2025","2994/2025, 19.06.2025","2994/2025, 19.06.2025","2994/2025, 19.06.2025","2994/2025, 19.06.2025"
P050072,GP0824_03,Grape Pie,"iCoA-PP_26-013, 03.06.2026 [internal]
iCoA-PP_26-133, 17.08.2026 [internal]","iCoA-PP_26-013, 03.06.2026 [internal]
iCoA-PP_26-133, 17.08.2026 [internal]","ППК25175, 10.07.2025
220-11-К/26, 25.08.2026","ППК25175, 10.07.2025
220-11-К/26, 25.08.2026","ППК25175, 10.07.2025
220-11-К/26, 25.08.2026","ППК25175, 10.07.2025
220-11-К/26, 25.08.2026","iCoA-PP_26-013, 03.06.2026 [internal]
iCoA-PP_26-133, 17.08.2026 [internal]","ППК25175, 10.07.2025","628/1129/25, 02.07.2025","628/1129/25, 02.07.2025","628/1129/25, 02.07.2025","628/1129/25, 02.07.2025","628/1129/25, 02.07.2025",release — upon request — not required for release,release — upon request — not required for release,"release — not tested — no certificate covers it
220-11-М/26, 11.09.2026","3178/2025, 26.06.2025
220-11-М/26, 11.09.2026","release — not tested — no certificate covers it
220-11-М/26, 11.09.2026","3178/2025, 26.06.2025","3178/2025, 26.06.2025","3178/2025, 26.06.2025","3178/2025, 26.06.2025","3178/2025, 26.06.2025"
P050082,OPM1024_03,Orange Punch Mimosa,"iCoA-PP_26-014, 03.06.2026 [internal]
iCoA-PP_26-149, 17.08.2026 [internal]","iCoA-PP_26-014, 03.06.2026 [internal]
iCoA-PP_26-149, 17.08.2026 [internal]","ППК25210, 28.07.2025
220-23-К/26, 26.08.2026","ППК25210, 28.07.2025
220-23-К/26, 26.08.2026","ППК25210, 28.07.2025
220-23-К/26, 26.08.2026","ППК25210, 28.07.2025
220-23-К/26, 26.08.2026","iCoA-PP_26-014, 03.06.2026 [internal]
iCoA-PP_26-149, 17.08.2026 [internal]","ППК25210, 28.07.2025","766/1375/25, 29.07.2025","766/1375/25, 29.07.2025","766/1375/25, 29.07.2025","766/1375/25, 29.07.2025","766/1375/25, 29.07.2025",release — upon request — not required for release,release — upon request — not required for release,"release — not tested — no certificate covers it
220-23-М/26, 11.09.2026","3636/2025, 28.07.2025
220-23-М/26, 11.09.2026","release — not tested — no certificate covers it
220-23-М/26, 11.09.2026","3636/2025, 28.07.2025","3636/2025, 28.07.2025","3636/2025, 28.07.2025","3636/2025, 28.07.2025","3636/2025, 28.07.2025"
P050092,GG1024_01,Gorilla Glue,"iCoA-PP_26-015, 03.06.2026 [internal]
iCoA-PP_26-106, 27.07.2026 [internal]","iCoA-PP_26-015, 03.06.2026 [internal]
iCoA-PP_26-106, 27.07.2026 [internal]","ППК25104, 17.04.2025
197-9-К/26, 07.08.2026","ППК25104, 17.04.2025
197-9-К/26, 07.08.2026","ППК25104, 17.04.2025
197-9-К/26, 07.08.2026","ППК25104, 17.04.2025
197-9-К/26, 07.08.2026","iCoA-PP_26-015, 03.06.2026 [internal]
iCoA-PP_26-106, 27.07.2026 [internal]","ППК25104, 17.04.2025","320/0587/25, 14.04.2025","320/0587/25, 14.04.2025","320/0587/25, 14.04.2025","320/0587/25, 14.04.2025","320/0587/25, 14.04.2025",release — upon request — not required for release,release — upon request — not required for release,"release — not tested — no certificate covers it
197-9-М/26, 10.08.2026","1766/2025, 11.04.2025
197-9-М/26, 10.08.2026","release — not tested — no certificate covers it
197-9-М/26, 10.08.2026","1766/2025, 11.04.2025","1766/2025, 11.04.2025","1766/2025, 11.04.2025","1766/2025, 11.04.2025","1766/2025, 11.04.2025"
P050102,GP0824_01,Grape Pie,"iCoA-PP_26-016, 03.06.2026 [internal]
iCoA-PP_26-156, 24.08.2026 [internal]","iCoA-PP_26-016, 03.06.2026 [internal]
iCoA-PP_26-156, 24.08.2026 [internal]","ППК25105, 17.04.2025
227-2-К/26, 11.09.2026","ППК25105, 17.04.2025
227-2-К/26, 11.09.2026","ППК25105, 17.04.2025
227-2-К/26, 11.09.2026","release — not tested — no certificate covers it
227-2-К/26, 11.09.2026","iCoA-PP_26-016, 03.06.2026 [internal]
iCoA-PP_26-156, 24.08.2026 [internal]","ППК25105, 17.04.2025","318/0585/25, 14.04.2025
562/1093/26, 01.09.2026","318/0585/25, 14.04.2025
562/1093/26, 01.09.2026","318/0585/25, 14.04.2025
562/1093/26, 01.09.2026","318/0585/25, 14.04.2025
562/1093/26, 01.09.2026","318/0585/25, 14.04.2025
562/1093/26, 01.09.2026",release — upon request — not required for release,release — upon request — not required for release,"release — not tested — no certificate covers it
227-2-М/26, 16.09.2026","1767/2025, 11.04.2025
227-2-М/26, 16.09.2026","release — not tested — no certificate covers it
227-2-М/26, 16.09.2026","1767/2025, 11.04.2025","1767/2025, 11.04.2025","1767/2025, 11.04.2025","1767/2025, 11.04.2025","1767/2025, 11.04.2025"
P050112,MB0824_05,Motor Breath,"iCoA-PP_26-017, 03.06.2026 [internal]
iCoA-PP_26-142, 17.08.2026 [internal]","iCoA-PP_26-017, 03.06.2026 [internal]
iCoA-PP_26-142, 17.08.2026 [internal]","ППК25211, 28.07.2025
220-20-К/26, 26.08.2026","ППК25211, 28.07.2025
220-20-К/26, 26.08.2026","ППК25211, 28.07.2025
220-20-К/26, 26.08.2026","ППК25211, 28.07.2025
220-20-К/26, 26.08.2026","iCoA-PP_26-017, 03.06.2026 [internal]
iCoA-PP_26-142, 17.08.2026 [internal]","ППК25211, 28.07.2025","767/1376/25, 29.07.2025","767/1376/25, 29.07.2025","767/1376/25, 29.07.2025","767/1376/25, 29.07.2025","767/1376/25, 29.07.2025",release — upon request — not required for release,release — upon request — not required for release,"release — not tested — no certificate covers it
220-20-М/26, 11.09.2026","3638/2025, 28.07.2025
220-20-М/26, 11.09.2026","release — not tested — no certificate covers it
220-20-М/26, 11.09.2026","3638/2025, 28.07.2025","3638/2025, 28.07.2025","3638/2025, 28.07.2025","3638/2025, 28.07.2025","3638/2025, 28.07.2025"
P050122,BSS1024_01,Blue Sunset Sherbet,"iCoA-PP_26-089, 03.06.2026 [internal]
iCoA-PP_26-176, 24.08.2026 [internal]","iCoA-PP_26-089, 03.06.2026 [internal]
iCoA-PP_26-176, 24.08.2026 [internal]","ППК25176, 10.07.2025
227-29-К/26, 11.09.2026","ППК25176, 10.07.2025
227-29-К/26, 11.09.2026","ППК25176, 10.07.2025
227-29-К/26, 11.09.2026","release — not tested — no certificate covers it
227-29-К/26, 11.09.2026","iCoA-PP_26-089, 03.06.2026 [internal]
iCoA-PP_26-176, 24.08.2026 [internal]","ППК25176, 10.07.2025","626/1127/25, 02.07.2025
561/1092/26, 01.09.2026","626/1127/25, 02.07.2025
561/1092/26, 01.09.2026","626/1127/25, 02.07.2025
561/1092/26, 01.09.2026","626/1127/25, 02.07.2025
561/1092/26, 01.09.2026","626/1127/25, 02.07.2025
561/1092/26, 01.09.2026",release — upon request — not required for release,release — upon request — not required for release,"release — not tested — no certificate covers it
227-29-М/26, 16.09.2026","3177/2025, 26.06.2025
227-29-М/26, 16.09.2026","release — not tested — no certificate covers it
227-29-М/26, 16.09.2026","3177/2025, 26.06.2025","3177/2025, 26.06.2025","3177/2025, 26.06.2025","3177/2025, 26.06.2025","3177/2025, 26.06.2025"
P050132,OPM052501,Orange Punch Mimosa,"iCoA-PP_26-018, 03.06.2026 [internal]
iCoA-PP_26-174, 24.08.2026 [internal]","iCoA-PP_26-018, 03.06.2026 [internal]
iCoA-PP_26-174, 24.08.2026 [internal]","ППК25257, 05.09.2025
227-11-К/26, 11.09.2026","ППК25257, 05.09.2025
227-11-К/26, 11.09.2026","ППК25257, 05.09.2025
227-11-К/26, 11.09.2026","release — not tested — no certificate covers it
227-11-К/26, 11.09.2026","iCoA-PP_26-018, 03.06.2026 [internal]
iCoA-PP_26-174, 24.08.2026 [internal]","ППК25257, 05.09.2025","904/1589/25, 02.09.2025
560/1091/26, 01.09.2026","904/1589/25, 02.09.2025
560/1091/26, 01.09.2026","904/1589/25, 02.09.2025
560/1091/26, 01.09.2026","904/1589/25, 02.09.2025
560/1091/26, 01.09.2026","904/1589/25, 02.09.2025
560/1091/26, 01.09.2026",release — upon request — not required for release,release — upon request — not required for release,"release — not tested — no certificate covers it
227-11-М/26, 16.09.2026","4157/2025, 29.08.2025
227-11-М/26, 16.09.2026","release — not tested — no certificate covers it
227-11-М/26, 16.09.2026","4157/2025, 29.08.2025","4157/2025, 29.08.2025","4157/2025, 29.08.2025","4157/2025, 29.08.2025","4157/2025, 29.08.2025"
P050152,GP052501,Grape Pie,"iCoA-PP_26-019, 03.06.2026 [internal]
iCoA-PP_26-107, 27.07.2026 [internal]","iCoA-PP_26-019, 03.06.2026 [internal]
iCoA-PP_26-107, 27.07.2026 [internal]","ППК25279, 19.09.2025
197-10-К/26, 07.08.2026","ППК25279, 19.09.2025
197-10-К/26, 07.08.2026","ППК25279, 19.09.2025
197-10-К/26, 07.08.2026","ППК25279, 19.09.2025
197-10-К/26, 07.08.2026","iCoA-PP_26-019, 03.06.2026 [internal]
iCoA-PP_26-107, 27.07.2026 [internal]","ППК25279, 19.09.2025","946/1684/25, 17.09.2025","946/1684/25, 17.09.2025","946/1684/25, 17.09.2025","946/1684/25, 17.09.2025","946/1684/25, 17.09.2025",release — upon request — not required for release,release — upon request — not required for release,"release — not tested — no certificate covers it
197-10-М/26, 10.08.2026","4348/2025, 15.09.2025
197-10-М/26, 10.08.2026","release — not tested — no certificate covers it
197-10-М/26, 10.08.2026","4348/2025, 15.09.2025","4348/2025, 15.09.2025","4348/2025, 15.09.2025","4348/2025, 15.09.2025","4348/2025, 15.09.2025"
P050142,BSS1024_01/2,Blue Sunset Sherbet,"iCoA-PP_26-020, 03.06.2026 [internal]
iCoA-PP_26-155, 24.08.2026 [internal]","iCoA-PP_26-020, 03.06.2026 [internal]
iCoA-PP_26-155, 24.08.2026 [internal]","release — to be performed — see route
227-1-К/26, 11.09.2026","release — not tested — no certificate covers it
227-1-К/26, 11.09.2026","release — not tested — no certificate covers it
227-1-К/26, 11.09.2026","release — not tested — no certificate covers it
227-1-К/26, 11.09.2026","iCoA-PP_26-020, 03.06.2026 [internal]
iCoA-PP_26-155, 24.08.2026 [internal]","release — not tested — no certificate covers it
reissue — retest — carried from the initial testing (the batch's initial CoQ (number assigned on issue)) — not tested — no certificate covers it","release — not tested — no certificate covers it
559/1090/26, 01.09.2026","release — not tested — no certificate covers it
559/1090/26, 01.09.2026","release — not tested — no certificate covers it
559/1090/26, 01.09.2026","release — not tested — no certificate covers it
559/1090/26, 01.09.2026","release — not tested — no certificate covers it
559/1090/26, 01.09.2026",release — upon request — not required for release,release — upon request — not required for release,"release — not tested — no certificate covers it
227-1-М/26, 16.09.2026","release — not tested — no certificate covers it
227-1-М/26, 16.09.2026","release — not tested — no certificate covers it
227-1-М/26, 16.09.2026","release — not tested — no certificate covers it
reissue — retest — carried from the initial testing (the batch's initial CoQ (number assigned on issue)) — not tested — no certificate covers it","release — not tested — no certificate covers it
reissue — retest — carried from the initial testing (the batch's initial CoQ (number assigned on issue)) — not tested — no certificate covers it","release — not tested — no certificate covers it
reissue — retest — carried from the initial testing (the batch's initial CoQ (number assigned on issue)) — not tested — no certificate covers it","release — not tested — no certificate covers it
reissue — retest — carried from the initial testing (the batch's initial CoQ (number assigned on issue)) — not tested — no certificate covers it","release — not tested — no certificate covers it
reissue — retest — carried from the initial testing (the batch's initial CoQ (number assigned on issue)) — not tested — no certificate covers it"
P050162,CJ052501/01,Cap Junky,"iCoA-PP_26-021, 03.06.2026 [internal]
iCoA-PP_26-102, 27.07.2026 [internal]","iCoA-PP_26-021, 03.06.2026 [internal]
iCoA-PP_26-102, 27.07.2026 [internal]","ППК25280, 17.09.2025
197-3-К/26, 07.08.2026","ППК25280, 17.09.2025
197-3-К/26, 07.08.2026","ППК25280, 17.09.2025
197-3-К/26, 07.08.2026","ППК25280, 17.09.2025
197-3-К/26, 07.08.2026","iCoA-PP_26-021, 03.06.2026 [internal]
iCoA-PP_26-102, 27.07.2026 [internal]","ППК25280, 17.09.2025","949/1687/25, 17.09.2025","949/1687/25, 17.09.2025","949/1687/25, 17.09.2025","949/1687/25, 17.09.2025","949/1687/25, 17.09.2025",release — upon request — not required for release,release — upon request — not required for release,"release — not tested — no certificate covers it
197-3-М/26, 10.08.2026","4350/2025, 15.09.2025
197-3-М/26, 10.08.2026","release — not tested — no certificate covers it
197-3-М/26, 10.08.2026","4350/2025, 15.09.2025","4350/2025, 15.09.2025","4350/2025, 15.09.2025","4350/2025, 15.09.2025","4350/2025, 15.09.2025"
P050172,CJ052501-2,Cap Junky,"iCoA-PP_26-022, 03.06.2026 [internal]
iCoA-PP_26-178, 24.08.2026 [internal]","iCoA-PP_26-022, 03.06.2026 [internal]
iCoA-PP_26-178, 24.08.2026 [internal]","ППК25281, 17.09.2025
227-28-К/26, 11.09.2026","ППК25281, 17.09.2025
227-28-К/26, 11.09.2026","ППК25281, 17.09.2025
227-28-К/26, 11.09.2026","release — not tested — no certificate covers it
227-28-К/26, 11.09.2026","iCoA-PP_26-022, 03.06.2026 [internal]
iCoA-PP_26-178, 24.08.2026 [internal]","ППК25281, 17.09.2025","947/1685/25, 17.09.2025
558/1089/26, 01.09.2026","947/1685/25, 17.09.2025
558/1089/26, 01.09.2026","947/1685/25, 17.09.2025
558/1089/26, 01.09.2026","947/1685/25, 17.09.2025
558/1089/26, 01.09.2026","947/1685/25, 17.09.2025
558/1089/26, 01.09.2026",release — upon request — not required for release,release — upon request — not required for release,"release — not tested — no certificate covers it
227-28-М/26, 16.09.2026","4349/2025, 15.09.2025
227-28-М/26, 16.09.2026","release — not tested — no certificate covers it
227-28-М/26, 16.09.2026","4349/2025, 15.09.2025","4349/2025, 15.09.2025","4349/2025, 15.09.2025","4349/2025, 15.09.2025","4349/2025, 15.09.2025"
P050182,HPA052501,High Pro Amnesia,"iCoA-PP_26-023, 03.06.2026 [internal]
iCoA-PP_26-137, 17.08.2026 [internal]","iCoA-PP_26-023, 03.06.2026 [internal]
iCoA-PP_26-137, 17.08.2026 [internal]","ППК25278, 19.09.2025
220-15-К/26, 25.08.2026","ППК25278, 19.09.2025
220-15-К/26, 25.08.2026","ППК25278, 19.09.2025
220-15-К/26, 25.08.2026","ППК25278, 19.09.2025
220-15-К/26, 25.08.2026","iCoA-PP_26-023, 03.06.2026 [internal]
iCoA-PP_26-137, 17.08.2026 [internal]","ППК25278, 19.09.2025","948/1686/25, 17.09.2025","948/1686/25, 17.09.2025","948/1686/25, 17.09.2025","948/1686/25, 17.09.2025","948/1686/25, 17.09.2025",release — upon request — not required for release,release — upon request — not required for release,"release — not tested — no certificate covers it
220-15-М/26, 11.09.2026","4352/2025, 15.09.2025
220-15-М/26, 11.09.2026","release — not tested — no certificate covers it
220-15-М/26, 11.09.2026","4352/2025, 15.09.2025","4352/2025, 15.09.2025","4352/2025, 15.09.2025","4352/2025, 15.09.2025","4352/2025, 15.09.2025"
P050192,BSS052501,Blue Sunset Sherbet,"iCoA-PP_26-024, 03.06.2026 [internal]
iCoA-PP_26-124, 17.08.2026 [internal]","iCoA-PP_26-024, 03.06.2026 [internal]
iCoA-PP_26-124, 17.08.2026 [internal]","release — not tested — no certificate covers it
220-2-К/26, 25.08.2026","iCoA-PP_26-024, 03.06.2026 [internal]
220-2-К/26, 25.08.2026","iCoA-PP_26-024, 03.06.2026 [internal]
220-2-К/26, 25.08.2026","release — not tested — no certificate covers it
220-2-К/26, 25.08.2026","iCoA-PP_26-024, 03.06.2026 [internal]
iCoA-PP_26-124, 17.08.2026 [internal]","iCoA-PP_26-024, 03.06.2026 [internal]","1157/2058/25, 24.11.2025","1157/2058/25, 24.11.2025","1157/2058/25, 24.11.2025","1157/2058/25, 24.11.2025","1157/2058/25, 24.11.2025",release — upon request — not required for release,release — upon request — not required for release,"276-31-М/25, 04.12.2025
220-2-М/26, 11.09.2026","release — not tested — no certificate covers it
220-2-М/26, 11.09.2026","276-31-М/25, 04.12.2025
220-2-М/26, 11.09.2026","5661/2025, 01.12.2025","5661/2025, 01.12.2025","5661/2025, 01.12.2025","5661/2025, 01.12.2025","10802_2845/2, 17.11.2025"
P050202,GP062501,Grape Pie,"iCoA-PP_26-025, 03.06.2026 [internal]
iCoA-PP_26-167, 24.08.2026 [internal]","iCoA-PP_26-025, 03.06.2026 [internal]
iCoA-PP_26-167, 24.08.2026 [internal]","release — not tested — no certificate covers it
227-18-К/26, 11.09.2026","iCoA-PP_26-025, 03.06.2026 [internal]
227-18-К/26, 11.09.2026","iCoA-PP_26-025, 03.06.2026 [internal]
227-18-К/26, 11.09.2026","release — not tested — no certificate covers it
227-18-К/26, 11.09.2026","iCoA-PP_26-025, 03.06.2026 [internal]
iCoA-PP_26-167, 24.08.2026 [internal]","iCoA-PP_26-025, 03.06.2026 [internal]","1009/1813/25, 08.10.2025
557/1088/26, 01.09.2026","1009/1813/25, 08.10.2025
557/1088/26, 01.09.2026","1009/1813/25, 08.10.2025
557/1088/26, 01.09.2026","1009/1813/25, 08.10.2025
557/1088/26, 01.09.2026","1009/1813/25, 08.10.2025
557/1088/26, 01.09.2026",release — upon request — not required for release,release — upon request — not required for release,"release — not tested — no certificate covers it
reissue — retest — awaiting the mycotoxin re-analysis — Farmahem","4762/2025, 08.10.2025","release — not tested — no certificate covers it
reissue — retest — awaiting the mycotoxin re-analysis — Farmahem","4762/2025, 08.10.2025","4762/2025, 08.10.2025","4762/2025, 08.10.2025","4762/2025, 08.10.2025","4762/2025, 08.10.2025"
P050212,CJ062501-2,Cap Junky,"iCoA-PP_26-026, 03.06.2026 [internal]
iCoA-PP_26-103, 27.07.2026 [internal]","iCoA-PP_26-026, 03.06.2026 [internal]
iCoA-PP_26-103, 27.07.2026 [internal]","ППК25322, 23.10.2025
197-4-К/26, 07.08.2026","ППК25322, 23.10.2025
197-4-К/26, 07.08.2026","ППК25322, 23.10.2025
197-4-К/26, 07.08.2026","ППК25322, 23.10.2025
197-4-К/26, 07.08.2026","iCoA-PP_26-026, 03.06.2026 [internal]
iCoA-PP_26-103, 27.07.2026 [internal]","ППК25322, 23.10.2025","1032/1851/25, 17.10.2025
534/1065/26, 31.08.2026","1032/1851/25, 17.10.2025
534/1065/26, 31.08.2026","1032/1851/25, 17.10.2025
534/1065/26, 31.08.2026","1032/1851/25, 17.10.2025
534/1065/26, 31.08.2026","1032/1851/25, 17.10.2025
534/1065/26, 31.08.2026",release — upon request — not required for release,release — upon request — not required for release,"release — not tested — no certificate covers it
197-4-М/26, 10.08.2026","4908/2025, 24.10.2025
197-4-М/26, 10.08.2026","release — not tested — no certificate covers it
197-4-М/26, 10.08.2026","4908/2025, 24.10.2025","4908/2025, 24.10.2025","4908/2025, 24.10.2025","4908/2025, 24.10.2025","4908/2025, 24.10.2025"
P050222,CJ062501/1,Cap Junky,"iCoA-PP_26-027, 03.06.2026 [internal]
iCoA-PP_26-126, 17.08.2026 [internal]","iCoA-PP_26-027, 03.06.2026 [internal]
iCoA-PP_26-126, 17.08.2026 [internal]","ППК25321, 23.10.2025
220-3-К/26, 25.08.2026","ППК25321, 23.10.2025
220-3-К/26, 25.08.2026","ППК25321, 23.10.2025
220-3-К/26, 25.08.2026","ППК25321, 23.10.2025
220-3-К/26, 25.08.2026","iCoA-PP_26-027, 03.06.2026 [internal]
iCoA-PP_26-126, 17.08.2026 [internal]","ППК25321, 23.10.2025","1217/2168/25, 01.12.2025
535/1066/26, 31.08.2026","1217/2168/25, 01.12.2025
535/1066/26, 31.08.2026","1217/2168/25, 01.12.2025
535/1066/26, 31.08.2026","1217/2168/25, 01.12.2025
535/1066/26, 31.08.2026","1217/2168/25, 01.12.2025
535/1066/26, 31.08.2026",release — upon request — not required for release,release — upon request — not required for release,"release — not tested — no certificate covers it
220-3-М/26, 11.09.2026","4907/2025, 24.10.2025
220-3-М/26, 11.09.2026","release — not tested — no certificate covers it
220-3-М/26, 11.09.2026","4907/2025, 24.10.2025","4907/2025, 24.10.2025","4907/2025, 24.10.2025","4907/2025, 24.10.2025","4907/2025, 24.10.2025"
P050252,CJ072501,Cap Junky,"iCoA-PP_26-028, 03.06.2026 [internal]
iCoA-PP_26-179, 24.08.2026 [internal]","iCoA-PP_26-028, 03.06.2026 [internal]
iCoA-PP_26-179, 24.08.2026 [internal]","ППК25367, 28.11.2025
227-27-К/26, 11.09.2026","ППК25367, 28.11.2025
227-27-К/26, 11.09.2026","ППК25367, 28.11.2025
227-27-К/26, 11.09.2026","release — not tested — no certificate covers it
227-27-К/26, 11.09.2026","iCoA-PP_26-028, 03.06.2026 [internal]
iCoA-PP_26-179, 24.08.2026 [internal]","ППК25367, 28.11.2025","1218/2169/25, 01.12.2025
556/1087/26, 01.09.2026","1218/2169/25, 01.12.2025
556/1087/26, 01.09.2026","1218/2169/25, 01.12.2025
556/1087/26, 01.09.2026","1218/2169/25, 01.12.2025
556/1087/26, 01.09.2026","1218/2169/25, 01.12.2025
556/1087/26, 01.09.2026",release — upon request — not required for release,release — upon request — not required for release,"release — not tested — no certificate covers it
227-27-М/26, 16.09.2026","5697/2025, 02.12.2025
227-27-М/26, 16.09.2026","release — not tested — no certificate covers it
227-27-М/26, 16.09.2026","5697/2025, 02.12.2025","5697/2025, 02.12.2025","5697/2025, 02.12.2025","5697/2025, 02.12.2025","5697/2025, 02.12.2025"
P050262,WC072501,Wedding Crusher,"iCoA-PP_26-029, 03.06.2026 [internal]
iCoA-PP_26-163, 24.08.2026 [internal]","iCoA-PP_26-029, 03.06.2026 [internal]
iCoA-PP_26-163, 24.08.2026 [internal]","ППК25369, 28.11.2025
227-3-К/26, 11.09.2026","ППК25369, 28.11.2025
227-3-К/26, 11.09.2026","ППК25369, 28.11.2025
227-3-К/26, 11.09.2026","release — not tested — no certificate covers it
227-3-К/26, 11.09.2026","iCoA-PP_26-029, 03.06.2026 [internal]
iCoA-PP_26-163, 24.08.2026 [internal]","ППК25369, 28.11.2025","1221/2172/25, 01.12.2025
555/1086/26, 01.09.2026","1221/2172/25, 01.12.2025
555/1086/26, 01.09.2026","1221/2172/25, 01.12.2025
555/1086/26, 01.09.2026","1221/2172/25, 01.12.2025
555/1086/26, 01.09.2026","1221/2172/25, 01.12.2025
555/1086/26, 01.09.2026",release — upon request — not required for release,release — upon request — not required for release,"release — not tested — no certificate covers it
227-3-М/26, 16.09.2026","5699/2025, 02.12.2025
227-3-М/26, 16.09.2026","release — not tested — no certificate covers it
227-3-М/26, 16.09.2026","5699/2025, 02.12.2025","5699/2025, 02.12.2025","5699/2025, 02.12.2025","5699/2025, 02.12.2025","5699/2025, 02.12.2025"
P050272,PM072501,Permanent Marker,"iCoA-PP_26-030, 03.06.2026 [internal]
iCoA-PP_26-158, 24.08.2026 [internal]","iCoA-PP_26-030, 03.06.2026 [internal]
iCoA-PP_26-158, 24.08.2026 [internal]","ППК25368, 28.11.2025
227-9-К/26, 11.09.2026","ППК25368, 28.11.2025
227-9-К/26, 11.09.2026","ППК25368, 28.11.2025
227-9-К/26, 11.09.2026","release — not tested — no certificate covers it
227-9-К/26, 11.09.2026","iCoA-PP_26-030, 03.06.2026 [internal]
iCoA-PP_26-158, 24.08.2026 [internal]","ППК25368, 28.11.2025","1220/2171/25, 01.12.2025
554/1085/26, 01.09.2026","1220/2171/25, 01.12.2025
554/1085/26, 01.09.2026","1220/2171/25, 01.12.2025
554/1085/26, 01.09.2026","1220/2171/25, 01.12.2025
554/1085/26, 01.09.2026","1220/2171/25, 01.12.2025
554/1085/26, 01.09.2026",release — upon request — not required for release,release — upon request — not required for release,"release — not tested — no certificate covers it
227-9-М/26, 16.09.2026","5698/2025, 02.12.2025
227-9-М/26, 16.09.2026","release — not tested — no certificate covers it
227-9-М/26, 16.09.2026","5698/2025, 02.12.2025","5698/2025, 02.12.2025","5698/2025, 02.12.2025","5698/2025, 02.12.2025","5698/2025, 02.12.2025"
P050282,CLE072501,Clemosa A Bud,"iCoA-PP_26-031, 03.06.2026 [internal]
iCoA-PP_26-129, 17.08.2026 [internal]","iCoA-PP_26-031, 03.06.2026 [internal]
iCoA-PP_26-129, 17.08.2026 [internal]","ППК25370, 28.11.2025
220-7-К/26, 25.08.2026","ППК25370, 28.11.2025
220-7-К/26, 25.08.2026","ППК25370, 28.11.2025
220-7-К/26, 25.08.2026","ППК25370, 28.11.2025
220-7-К/26, 25.08.2026","iCoA-PP_26-031, 03.06.2026 [internal]
iCoA-PP_26-129, 17.08.2026 [internal]","ППК25370, 28.11.2025","1219/2170/25, 01.12.2025","1219/2170/25, 01.12.2025","1219/2170/25, 01.12.2025","1219/2170/25, 01.12.2025","1219/2170/25, 01.12.2025",release — upon request — not required for release,release — upon request — not required for release,"release — not tested — no certificate covers it
220-7-М/26, 11.09.2026","5700/2025, 02.12.2025
220-7-М/26, 11.09.2026","release — not tested — no certificate covers it
220-7-М/26, 11.09.2026","5700/2025, 02.12.2025","5700/2025, 02.12.2025","5700/2025, 02.12.2025","5700/2025, 02.12.2025","5700/2025, 02.12.2025"
P050292,GP072501-1,Grape Pie,"iCoA-PP_26-032, 03.06.2026 [internal]
iCoA-PP_26-168, 24.08.2026 [internal]","iCoA-PP_26-032, 03.06.2026 [internal]
iCoA-PP_26-168, 24.08.2026 [internal]","ППК25378, 12.12.2025
227-17-К/26, 11.09.2026","ППК25378, 12.12.2025
227-17-К/26, 11.09.2026","ППК25378, 12.12.2025
227-17-К/26, 11.09.2026","release — not tested — no certificate covers it
227-17-К/26, 11.09.2026","iCoA-PP_26-032, 03.06.2026 [internal]
iCoA-PP_26-168, 24.08.2026 [internal]","ППК25378, 12.12.2025","1228/2194/25, 05.12.2025
553/1084/26, 01.09.2026","1228/2194/25, 05.12.2025
553/1084/26, 01.09.2026","1228/2194/25, 05.12.2025
553/1084/26, 01.09.2026","1228/2194/25, 05.12.2025
553/1084/26, 01.09.2026","1228/2194/25, 05.12.2025
553/1084/26, 01.09.2026",release — upon request — not required for release,release — upon request — not required for release,"release — not tested — no certificate covers it
227-17-М/26, 16.09.2026","5886/2025, 12.12.2025
227-17-М/26, 16.09.2026","release — not tested — no certificate covers it
227-17-М/26, 16.09.2026","5886/2025, 12.12.2025","5886/2025, 12.12.2025","5886/2025, 12.12.2025","5886/2025, 12.12.2025","5886/2025, 12.12.2025"
P050302,GP072501/2,Grape Pie,"iCoA-PP_26-033, 03.06.2026 [internal]
iCoA-PP_26-132, 17.08.2026 [internal]","iCoA-PP_26-033, 03.06.2026 [internal]
iCoA-PP_26-132, 17.08.2026 [internal]","ППК25379, 12.12.2025
220-10-К/26, 25.08.2026","ППК25379, 12.12.2025
220-10-К/26, 25.08.2026","ППК25379, 12.12.2025
220-10-К/26, 25.08.2026","ППК25379, 12.12.2025
220-10-К/26, 25.08.2026","iCoA-PP_26-033, 03.06.2026 [internal]
iCoA-PP_26-132, 17.08.2026 [internal]","ППК25379, 12.12.2025","1229/2195/25, 05.12.2025","1229/2195/25, 05.12.2025","1229/2195/25, 05.12.2025","1229/2195/25, 05.12.2025","1229/2195/25, 05.12.2025",release — upon request — not required for release,release — upon request — not required for release,"release — not tested — no certificate covers it
220-10-М/26, 11.09.2026","5887/2025, 12.12.2025
220-10-М/26, 11.09.2026","release — not tested — no certificate covers it
220-10-М/26, 11.09.2026","5887/2025, 12.12.2025","5887/2025, 12.12.2025","5887/2025, 12.12.2025","5887/2025, 12.12.2025","5887/2025, 12.12.2025"
P050312,GP082501/1,Grape Pie,"iCoA-PP_26-034, 03.06.2026 [internal]
iCoA-PP_26-134, 17.08.2026 [internal]","iCoA-PP_26-034, 03.06.2026 [internal]
iCoA-PP_26-134, 17.08.2026 [internal]","ППК25380, 12.12.2025
220-12-К/26, 25.08.2026","ППК25380, 12.12.2025
220-12-К/26, 25.08.2026","ППК25380, 12.12.2025
220-12-К/26, 25.08.2026","ППК25380, 12.12.2025
220-12-К/26, 25.08.2026","iCoA-PP_26-034, 03.06.2026 [internal]
iCoA-PP_26-134, 17.08.2026 [internal]","ППК25380, 12.12.2025","1226/2192/25, 05.12.2025","1226/2192/25, 05.12.2025","1226/2192/25, 05.12.2025","1226/2192/25, 05.12.2025","1226/2192/25, 05.12.2025",release — upon request — not required for release,release — upon request — not required for release,"release — not tested — no certificate covers it
220-12-М/26, 11.09.2026","5888/2025, 12.12.2025
220-12-М/26, 11.09.2026","release — not tested — no certificate covers it
220-12-М/26, 11.09.2026","5888/2025, 12.12.2025","5888/2025, 12.12.2025","5888/2025, 12.12.2025","5888/2025, 12.12.2025","5888/2025, 12.12.2025"
P050322,GP082501/2,Grape Pie,"iCoA-PP_26-035, 03.06.2026 [internal]
iCoA-PP_26-111, 27.07.2026 [internal]","iCoA-PP_26-035, 03.06.2026 [internal]
iCoA-PP_26-111, 27.07.2026 [internal]","ППК25381, 12.12.2025
197-12-К/26, 07.08.2026","ППК25381, 12.12.2025
197-12-К/26, 07.08.2026","ППК25381, 12.12.2025
197-12-К/26, 07.08.2026","ППК25381, 12.12.2025
197-12-К/26, 07.08.2026","iCoA-PP_26-035, 03.06.2026 [internal]
iCoA-PP_26-111, 27.07.2026 [internal]","ППК25381, 12.12.2025","1227/2193/25, 05.12.2025","1227/2193/25, 05.12.2025","1227/2193/25, 05.12.2025","1227/2193/25, 05.12.2025","1227/2193/25, 05.12.2025",release — upon request — not required for release,release — upon request — not required for release,"release — not tested — no certificate covers it
197-12-М/26, 10.08.2026","5889/2025, 12.12.2025
197-12-М/26, 10.08.2026","release — not tested — no certificate covers it
197-12-М/26, 10.08.2026","5889/2025, 12.12.2025","5889/2025, 12.12.2025","5889/2025, 12.12.2025","5889/2025, 12.12.2025","5889/2025, 12.12.2025"
P060012,WC082501,Wedding Crusher,"iCoA-PP_26-036, 03.06.2026 [internal]
iCoA-PP_26-154, 17.08.2026 [internal]","iCoA-PP_26-036, 03.06.2026 [internal]
iCoA-PP_26-154, 17.08.2026 [internal]","ППК26001, 21.01.2026
220-28-К/26, 26.08.2026","ППК26001, 21.01.2026
220-28-К/26, 26.08.2026","ППК26001, 21.01.2026
220-28-К/26, 26.08.2026","ППК26001, 21.01.2026
220-28-К/26, 26.08.2026","iCoA-PP_26-036, 03.06.2026 [internal]
iCoA-PP_26-154, 17.08.2026 [internal]","ППК26001, 21.01.2026","3/0006/26, 20.01.2026","3/0006/26, 20.01.2026","3/0006/26, 20.01.2026","3/0006/26, 20.01.2026","3/0006/26, 20.01.2026",release — upon request — not required for release,release — upon request — not required for release,"release — not tested — no certificate covers it
220-28-М/26, 11.09.2026","80/2026, 02.02.2026
220-28-М/26, 11.09.2026","release — not tested — no certificate covers it
220-28-М/26, 11.09.2026","80/2026, 02.02.2026","80/2026, 02.02.2026","80/2026, 02.02.2026","80/2026, 02.02.2026","80/2026, 02.02.2026"
P060022,CJ082501/1,Cap Junky,"iCoA-PP_26-037, 03.06.2026 [internal]
iCoA-PP_26-127, 17.08.2026 [internal]","iCoA-PP_26-037, 03.06.2026 [internal]
iCoA-PP_26-127, 17.08.2026 [internal]","ППК26002, 21.01.2026
220-4-К/26, 25.08.2026","ППК26002, 21.01.2026
220-4-К/26, 25.08.2026","ППК26002, 21.01.2026
220-4-К/26, 25.08.2026","ППК26002, 21.01.2026
220-4-К/26, 25.08.2026","iCoA-PP_26-037, 03.06.2026 [internal]
iCoA-PP_26-127, 17.08.2026 [internal]","ППК26002, 21.01.2026","8/0011/26, 20.01.2026","8/0011/26, 20.01.2026","8/0011/26, 20.01.2026","8/0011/26, 20.01.2026","8/0011/26, 20.01.2026",release — upon request — not required for release,release — upon request — not required for release,"release — not tested — no certificate covers it
220-4-М/26, 11.09.2026","81/2026, 02.02.2026
220-4-М/26, 11.09.2026","release — not tested — no certificate covers it
220-4-М/26, 11.09.2026","81/2026, 02.02.2026","81/2026, 02.02.2026","81/2026, 02.02.2026","81/2026, 02.02.2026","81/2026, 02.02.2026"
P060032,CJ082501/2,Cap Junky,"iCoA-PP_26-038, 03.06.2026 [internal]
iCoA-PP_26-104, 27.07.2026 [internal]","iCoA-PP_26-038, 03.06.2026 [internal]
iCoA-PP_26-104, 27.07.2026 [internal]","ППК26003, 21.01.2026
197-5-К/26, 07.08.2026","ППК26003, 21.01.2026
197-5-К/26, 07.08.2026","ППК26003, 21.01.2026
197-5-К/26, 07.08.2026","ППК26003, 21.01.2026
197-5-К/26, 07.08.2026","iCoA-PP_26-038, 03.06.2026 [internal]
iCoA-PP_26-104, 27.07.2026 [internal]","ППК26003, 21.01.2026","4/0007/26, 20.01.2026","4/0007/26, 20.01.2026","4/0007/26, 20.01.2026","4/0007/26, 20.01.2026","4/0007/26, 20.01.2026",release — upon request — not required for release,release — upon request — not required for release,"release — not tested — no certificate covers it
197-5-М/26, 10.08.2026","82/2026, 02.02.2026
197-5-М/26, 10.08.2026","release — not tested — no certificate covers it
197-5-М/26, 10.08.2026","82/2026, 02.02.2026","82/2026, 02.02.2026","82/2026, 02.02.2026","82/2026, 02.02.2026","82/2026, 02.02.2026"
P060042,OPM092501,Orange Punch Mimosa,"iCoA-PP_26-039, 03.06.2026 [internal]
iCoA-PP_26-143, 17.08.2026 [internal]","iCoA-PP_26-039, 03.06.2026 [internal]
iCoA-PP_26-143, 17.08.2026 [internal]","ППК26008, 21.01.2026
220-22-К/26, 26.08.2026","ППК26008, 21.01.2026
220-22-К/26, 26.08.2026","ППК26008, 21.01.2026
220-22-К/26, 26.08.2026","ППК26008, 21.01.2026
220-22-К/26, 26.08.2026","iCoA-PP_26-039, 03.06.2026 [internal]
iCoA-PP_26-143, 17.08.2026 [internal]","ППК26008, 21.01.2026","2/0005/26, 20.01.2026","2/0005/26, 20.01.2026","2/0005/26, 20.01.2026","2/0005/26, 20.01.2026","2/0005/26, 20.01.2026",release — upon request — not required for release,release — upon request — not required for release,"release — not tested — no certificate covers it
220-22-М/26, 11.09.2026","87/2026, 03.02.2026
220-22-М/26, 11.09.2026","release — not tested — no certificate covers it
220-22-М/26, 11.09.2026","87/2026, 03.02.2026","87/2026, 03.02.2026","87/2026, 03.02.2026","87/2026, 03.02.2026","87/2026, 03.02.2026"
P060052,AB092501,Apple and Banana,"iCoA-PP_26-040, 03.06.2026 [internal]
iCoA-PP_26-175, 24.08.2026 [internal]","iCoA-PP_26-040, 03.06.2026 [internal]
iCoA-PP_26-175, 24.08.2026 [internal]","ППК26005, 21.01.2026
227-30-К/26, 11.09.2026","ППК26005, 21.01.2026
227-30-К/26, 11.09.2026","ППК26005, 21.01.2026
227-30-К/26, 11.09.2026","release — not tested — no certificate covers it
227-30-К/26, 11.09.2026","iCoA-PP_26-040, 03.06.2026 [internal]
iCoA-PP_26-175, 24.08.2026 [internal]","ППК26005, 21.01.2026","7/0010/26, 20.01.2026
552/1083/26, 01.09.2026","7/0010/26, 20.01.2026
552/1083/26, 01.09.2026","7/0010/26, 20.01.2026
552/1083/26, 01.09.2026","7/0010/26, 20.01.2026
552/1083/26, 01.09.2026","7/0010/26, 20.01.2026
552/1083/26, 01.09.2026",release — upon request — not required for release,release — upon request — not required for release,"release — not tested — no certificate covers it
227-30-М/26, 16.09.2026","84/2026, 02.02.2026
227-30-М/26, 16.09.2026","release — not tested — no certificate covers it
227-30-М/26, 16.09.2026","84/2026, 02.02.2026","84/2026, 02.02.2026","84/2026, 02.02.2026","84/2026, 02.02.2026","84/2026, 02.02.2026"
P060062,PM092501,Permanent Marker,"iCoA-PP_26-041, 03.06.2026 [internal]
iCoA-PP_26-120, 27.07.2026 [internal]","iCoA-PP_26-041, 03.06.2026 [internal]
iCoA-PP_26-120, 27.07.2026 [internal]","ППК26004, 21.01.2026
197-20-К/26, 07.08.2026","ППК26004, 21.01.2026
197-20-К/26, 07.08.2026","ППК26004, 21.01.2026
197-20-К/26, 07.08.2026","ППК26004, 21.01.2026
197-20-К/26, 07.08.2026","iCoA-PP_26-041, 03.06.2026 [internal]
iCoA-PP_26-120, 27.07.2026 [internal]","ППК26004, 21.01.2026","6/0009/26, 20.01.2026","6/0009/26, 20.01.2026","6/0009/26, 20.01.2026","6/0009/26, 20.01.2026","6/0009/26, 20.01.2026",release — upon request — not required for release,release — upon request — not required for release,"release — not tested — no certificate covers it
197-20-М/26, 10.08.2026","83/2026, 02.02.2026
197-20-М/26, 10.08.2026","release — not tested — no certificate covers it
197-20-М/26, 10.08.2026","83/2026, 02.02.2026","83/2026, 02.02.2026","83/2026, 02.02.2026","83/2026, 02.02.2026","83/2026, 02.02.2026"
P060072,CJ092501,Cap Junky,"iCoA-PP_26-042, 03.06.2026 [internal]
iCoA-PP_26-128, 17.08.2026 [internal]","iCoA-PP_26-042, 03.06.2026 [internal]
iCoA-PP_26-128, 17.08.2026 [internal]","ППК26007, 21.01.2026
220-5-К/26, 25.08.2026","ППК26007, 21.01.2026
220-5-К/26, 25.08.2026","ППК26007, 21.01.2026
220-5-К/26, 25.08.2026","ППК26007, 21.01.2026
220-5-К/26, 25.08.2026","iCoA-PP_26-042, 03.06.2026 [internal]
iCoA-PP_26-128, 17.08.2026 [internal]","ППК26007, 21.01.2026","10/0013/26, 20.01.2026","10/0013/26, 20.01.2026","10/0013/26, 20.01.2026","10/0013/26, 20.01.2026","10/0013/26, 20.01.2026",release — upon request — not required for release,release — upon request — not required for release,"release — not tested — no certificate covers it
220-5-М/26, 11.09.2026","86/2026, 02.02.2026
220-5-М/26, 11.09.2026","release — not tested — no certificate covers it
220-5-М/26, 11.09.2026","86/2026, 02.02.2026","86/2026, 02.02.2026","86/2026, 02.02.2026","86/2026, 02.02.2026","86/2026, 02.02.2026"
P060082,SJ092501,Sleepy Joe,"iCoA-PP_26-043, 03.06.2026 [internal]
iCoA-PP_26-153, 17.08.2026 [internal]","iCoA-PP_26-043, 03.06.2026 [internal]
iCoA-PP_26-153, 17.08.2026 [internal]","ППК26006, 21.01.2026
220-27-К/26, 26.08.2026","ППК26006, 21.01.2026
220-27-К/26, 26.08.2026","ППК26006, 21.01.2026
220-27-К/26, 26.08.2026","ППК26006, 21.01.2026
220-27-К/26, 26.08.2026","iCoA-PP_26-043, 03.06.2026 [internal]
iCoA-PP_26-153, 17.08.2026 [internal]","ППК26006, 21.01.2026","9/0012/26, 20.01.2026","9/0012/26, 20.01.2026","9/0012/26, 20.01.2026","9/0012/26, 20.01.2026","9/0012/26, 20.01.2026",release — upon request — not required for release,release — upon request — not required for release,"release — not tested — no certificate covers it
220-27-М/26, 11.09.2026","85/2026, 02.02.2026
220-27-М/26, 11.09.2026","release — not tested — no certificate covers it
220-27-М/26, 11.09.2026","85/2026, 02.02.2026","85/2026, 02.02.2026","85/2026, 02.02.2026","85/2026, 02.02.2026","85/2026, 02.02.2026"
P060092,GP092501,Grape Pie,"iCoA-PP_26-044, 03.06.2026 [internal]
iCoA-PP_26-135, 17.08.2026 [internal]","iCoA-PP_26-044, 03.06.2026 [internal]
iCoA-PP_26-135, 17.08.2026 [internal]","ППК26009, 21.01.2026
220-13-К/26, 25.08.2026","ППК26009, 21.01.2026
220-13-К/26, 25.08.2026","ППК26009, 21.01.2026
220-13-К/26, 25.08.2026","ППК26009, 21.01.2026
220-13-К/26, 25.08.2026","iCoA-PP_26-044, 03.06.2026 [internal]
iCoA-PP_26-135, 17.08.2026 [internal]","ППК26009, 21.01.2026","5/0008/26, 20.01.2026","5/0008/26, 20.01.2026","5/0008/26, 20.01.2026","5/0008/26, 20.01.2026","5/0008/26, 20.01.2026",release — upon request — not required for release,release — upon request — not required for release,"release — not tested — no certificate covers it
220-13-М/26, 11.09.2026","88/2026, 03.02.2026
220-13-М/26, 11.09.2026","release — not tested — no certificate covers it
220-13-М/26, 11.09.2026","88/2026, 03.02.2026","88/2026, 03.02.2026","88/2026, 03.02.2026","88/2026, 03.02.2026","88/2026, 03.02.2026"
P060102,WED102501,Wedding Cake,"iCoA-PP_26-045, 03.06.2026 [internal]
iCoA-PP_26-164, 24.08.2026 [internal]","iCoA-PP_26-045, 03.06.2026 [internal]
iCoA-PP_26-164, 24.08.2026 [internal]","release — to be performed — see route
227-4-К/26, 11.09.2026","release — not tested — no certificate covers it
227-4-К/26, 11.09.2026","release — not tested — no certificate covers it
227-4-К/26, 11.09.2026","release — not tested — no certificate covers it
227-4-К/26, 11.09.2026","iCoA-PP_26-045, 03.06.2026 [internal]
iCoA-PP_26-164, 24.08.2026 [internal]","031-3-ГС/26, 12.02.2026","release — not tested — no certificate covers it
551/1082/26, 01.09.2026","release — not tested — no certificate covers it
551/1082/26, 01.09.2026","release — not tested — no certificate covers it
551/1082/26, 01.09.2026","release — not tested — no certificate covers it
551/1082/26, 01.09.2026","release — not tested — no certificate covers it
551/1082/26, 01.09.2026",release — upon request — not required for release,release — upon request — not required for release,"release — not tested — no certificate covers it
227-4-М/26, 16.09.2026","release — not tested — no certificate covers it
227-4-М/26, 16.09.2026","release — not tested — no certificate covers it
227-4-М/26, 16.09.2026","release — not tested — no certificate covers it
reissue — retest — carried from the initial testing (the batch's initial CoQ (number assigned on issue)) — not tested — no certificate covers it","release — not tested — no certificate covers it
reissue — retest — carried from the initial testing (the batch's initial CoQ (number assigned on issue)) — not tested — no certificate covers it","release — not tested — no certificate covers it
reissue — retest — carried from the initial testing (the batch's initial CoQ (number assigned on issue)) — not tested — no certificate covers it","release — not tested — no certificate covers it
reissue — retest — carried from the initial testing (the batch's initial CoQ (number assigned on issue)) — not tested — no certificate covers it","release — not tested — no certificate covers it
reissue — retest — carried from the initial testing (the batch's initial CoQ (number assigned on issue)) — not tested — no certificate covers it"
P060112,PUM102501,Pure Michigen,"iCoA-PP_26-046, 03.06.2026 [internal]
iCoA-PP_26-151, 17.08.2026 [internal]","iCoA-PP_26-046, 03.06.2026 [internal]
iCoA-PP_26-151, 17.08.2026 [internal]","031-2-К/26, 10.02.2026
220-25-К/26, 26.08.2026","release — not tested — no certificate covers it
220-25-К/26, 26.08.2026","031-2-К/26, 10.02.2026
220-25-К/26, 26.08.2026","031-2-К/26, 10.02.2026
220-25-К/26, 26.08.2026","iCoA-PP_26-046, 03.06.2026 [internal]
iCoA-PP_26-151, 17.08.2026 [internal]","031-2-ГС/26, 11.02.2026","74/0117/26, 09.02.2026","74/0117/26, 09.02.2026","74/0117/26, 09.02.2026","74/0117/26, 09.02.2026","74/0117/26, 09.02.2026",release — upon request — not required for release,release — upon request — not required for release,"release — not tested — no certificate covers it
220-25-М/26, 11.09.2026","327/2026, 11.02.2026
220-25-М/26, 11.09.2026","release — not tested — no certificate covers it
220-25-М/26, 11.09.2026","327/2026, 11.02.2026","327/2026, 11.02.2026","327/2026, 11.02.2026","327/2026, 11.02.2026","327/2026, 11.02.2026"
P060122,ACC102501,Amnesia Core Cut,"iCoA-PP_26-047, 03.06.2026 [internal]
iCoA-PP_26-123, 17.08.2026 [internal]","iCoA-PP_26-047, 03.06.2026 [internal]
iCoA-PP_26-123, 17.08.2026 [internal]","031-5-К/26, 10.02.2026
220-1-К/26, 25.08.2026","release — not tested — no certificate covers it
220-1-К/26, 25.08.2026","release — not tested — no certificate covers it
220-1-К/26, 25.08.2026","release — not tested — no certificate covers it
220-1-К/26, 25.08.2026","iCoA-PP_26-047, 03.06.2026 [internal]
iCoA-PP_26-123, 17.08.2026 [internal]","031-5-ГС/26, 12.02.2026","77/0120/26, 09.02.2026","77/0120/26, 09.02.2026","77/0120/26, 09.02.2026","77/0120/26, 09.02.2026","77/0120/26, 09.02.2026",release — upon request — not required for release,release — upon request — not required for release,"release — not tested — no certificate covers it
220-1-М/26, 11.09.2026","326/2026, 11.02.2026
220-1-М/26, 11.09.2026","release — not tested — no certificate covers it
220-1-М/26, 11.09.2026","326/2026, 11.02.2026","326/2026, 11.02.2026","326/2026, 11.02.2026","326/2026, 11.02.2026","326/2026, 11.02.2026"
P060132,CF102501,Chem Flyer,"iCoA-PP_26-048, 03.06.2026 [internal]
iCoA-PP_26-125, 17.08.2026 [internal]","iCoA-PP_26-048, 03.06.2026 [internal]
iCoA-PP_26-125, 17.08.2026 [internal]","031-4-К/26, 10.02.2026
220-6-К/26, 25.08.2026","release — not tested — no certificate covers it
220-6-К/26, 25.08.2026","release — not tested — no certificate covers it
220-6-К/26, 25.08.2026","release — not tested — no certificate covers it
220-6-К/26, 25.08.2026","iCoA-PP_26-048, 03.06.2026 [internal]
iCoA-PP_26-125, 17.08.2026 [internal]","031-4-ГС/26, 12.02.2026","73/0116/26, 09.02.2026","73/0116/26, 09.02.2026","73/0116/26, 09.02.2026","73/0116/26, 09.02.2026","73/0116/26, 09.02.2026",release — upon request — not required for release,release — upon request — not required for release,"release — not tested — no certificate covers it
220-6-М/26, 11.09.2026","330/2026, 11.02.2026
220-6-М/26, 11.09.2026","release — not tested — no certificate covers it
220-6-М/26, 11.09.2026","330/2026, 11.02.2026","330/2026, 11.02.2026","330/2026, 11.02.2026","330/2026, 11.02.2026","330/2026, 11.02.2026"
P060142,GRC102501/1,Grapes And Cream,"iCoA-PP_26-049, 03.06.2026 [internal]
iCoA-PP_26-169, 24.08.2026 [internal]","iCoA-PP_26-049, 03.06.2026 [internal]
iCoA-PP_26-169, 24.08.2026 [internal]","release — to be performed — see route
227-16-К/26, 11.09.2026","release — not tested — no certificate covers it
227-16-К/26, 11.09.2026","release — not tested — no certificate covers it
227-16-К/26, 11.09.2026","release — not tested — no certificate covers it
227-16-К/26, 11.09.2026","iCoA-PP_26-049, 03.06.2026 [internal]
iCoA-PP_26-169, 24.08.2026 [internal]","release — not tested — no certificate covers it
reissue — retest — carried from the initial testing (the batch's initial CoQ (number assigned on issue)) — not tested — no certificate covers it","release — not tested — no certificate covers it
550/1081/26, 01.09.2026","release — not tested — no certificate covers it
550/1081/26, 01.09.2026","release — not tested — no certificate covers it
550/1081/26, 01.09.2026","release — not tested — no certificate covers it
550/1081/26, 01.09.2026","release — not tested — no certificate covers it
550/1081/26, 01.09.2026",release — upon request — not required for release,release — upon request — not required for release,"release — not tested — no certificate covers it
227-16-М/26, 16.09.2026","release — not tested — no certificate covers it
227-16-М/26, 16.09.2026","release — not tested — no certificate covers it
227-16-М/26, 16.09.2026","release — not tested — no certificate covers it
reissue — retest — carried from the initial testing (the batch's initial CoQ (number assigned on issue)) — not tested — no certificate covers it","release — not tested — no certificate covers it
reissue — retest — carried from the initial testing (the batch's initial CoQ (number assigned on issue)) — not tested — no certificate covers it","release — not tested — no certificate covers it
reissue — retest — carried from the initial testing (the batch's initial CoQ (number assigned on issue)) — not tested — no certificate covers it","release — not tested — no certificate covers it
reissue — retest — carried from the initial testing (the batch's initial CoQ (number assigned on issue)) — not tested — no certificate covers it","release — not tested — no certificate covers it
reissue — retest — carried from the initial testing (the batch's initial CoQ (number assigned on issue)) — not tested — no certificate covers it"
P060152,J31102501,Jokerz 31,"iCoA-PP_26-053, 03.06.2026 [internal]
iCoA-PP_26-114, 27.07.2026 [internal]","iCoA-PP_26-053, 03.06.2026 [internal]
iCoA-PP_26-114, 27.07.2026 [internal]","051-1-К/26, 04.03.2026
197-16-К/26, 07.08.2026","051-1-К/26, 04.03.2026
197-16-К/26, 07.08.2026","051-1-К/26, 04.03.2026
197-16-К/26, 07.08.2026","051-1-К/26, 04.03.2026
197-16-К/26, 07.08.2026","iCoA-PP_26-053, 03.06.2026 [internal]
iCoA-PP_26-114, 27.07.2026 [internal]","051-1-ГС/26, 02.03.2026","133/0230/26, 06.03.2026","133/0230/26, 06.03.2026","133/0230/26, 06.03.2026","133/0230/26, 06.03.2026","133/0230/26, 06.03.2026",release — upon request — not required for release,release — upon request — not required for release,"release — not tested — no certificate covers it
197-16-М/26, 10.08.2026","1056/2026, 09.03.2026
197-16-М/26, 10.08.2026","release — not tested — no certificate covers it
197-16-М/26, 10.08.2026","1056/2026, 09.03.2026","1056/2026, 09.03.2026","1056/2026, 09.03.2026","1056/2026, 09.03.2026","1056/2026, 09.03.2026"
SJ102501,SJ102501,Sleepy Joe,"iCoA-PP_26-055, 03.06.2026 [internal]
iCoA-PP_26-161, 24.08.2026 [internal]","iCoA-PP_26-055, 03.06.2026 [internal]
iCoA-PP_26-161, 24.08.2026 [internal]","051-3-К/26, 04.03.2026
227-6-К/26, 11.09.2026","051-3-К/26, 04.03.2026
227-6-К/26, 11.09.2026","051-3-К/26, 04.03.2026
227-6-К/26, 11.09.2026","051-3-К/26, 04.03.2026
227-6-К/26, 11.09.2026","iCoA-PP_26-055, 03.06.2026 [internal]
iCoA-PP_26-161, 24.08.2026 [internal]","051-3-ГС/26, 02.03.2026","release — not tested — no certificate covers it
549/1080/26, 31.08.2026","release — not tested — no certificate covers it
549/1080/26, 31.08.2026","release — not tested — no certificate covers it
549/1080/26, 31.08.2026","release — not tested — no certificate covers it
549/1080/26, 31.08.2026","release — not tested — no certificate covers it
549/1080/26, 31.08.2026",release — upon request — not required for release,release — upon request — not required for release,"release — not tested — no certificate covers it
227-6-М/26, 16.09.2026","release — not tested — no certificate covers it
227-6-М/26, 16.09.2026","release — not tested — no certificate covers it
227-6-М/26, 16.09.2026","release — not tested — no certificate covers it
reissue — retest — carried from the initial testing (the batch's initial CoQ (number assigned on issue)) — not tested — no certificate covers it","release — not tested — no certificate covers it
reissue — retest — carried from the initial testing (the batch's initial CoQ (number assigned on issue)) — not tested — no certificate covers it","release — not tested — no certificate covers it
reissue — retest — carried from the initial testing (the batch's initial CoQ (number assigned on issue)) — not tested — no certificate covers it","release — not tested — no certificate covers it
reissue — retest — carried from the initial testing (the batch's initial CoQ (number assigned on issue)) — not tested — no certificate covers it","release — not tested — no certificate covers it
reissue — retest — carried from the initial testing (the batch's initial CoQ (number assigned on issue)) — not tested — no certificate covers it"
P060172,KC102501,Kush Crasher,"iCoA-PP_26-056, 03.06.2026 [internal]
iCoA-PP_26-141, 17.08.2026 [internal]","iCoA-PP_26-056, 03.06.2026 [internal]
iCoA-PP_26-141, 17.08.2026 [internal]","051-4-К/26, 04.03.2026
220-19-К/26, 26.08.2026","051-4-К/26, 04.03.2026
220-19-К/26, 26.08.2026","051-4-К/26, 04.03.2026
220-19-К/26, 26.08.2026","051-4-К/26, 04.03.2026
220-19-К/26, 26.08.2026","iCoA-PP_26-056, 03.06.2026 [internal]
iCoA-PP_26-141, 17.08.2026 [internal]","051-4-ГС/26, 02.03.2026","129/0226/26, 06.03.2026","129/0226/26, 06.03.2026","129/0226/26, 06.03.2026","129/0226/26, 06.03.2026","129/0226/26, 06.03.2026",release — upon request — not required for release,release — upon request — not required for release,"release — not tested — no certificate covers it
220-19-М/26, 11.09.2026","1058/2026, 09.03.2026
220-19-М/26, 11.09.2026","release — not tested — no certificate covers it
220-19-М/26, 11.09.2026","1058/2026, 09.03.2026","1058/2026, 09.03.2026","1058/2026, 09.03.2026","1058/2026, 09.03.2026","1058/2026, 09.03.2026"
P060182,GRC102501/2,Grapes And Cream,"iCoA-PP_26-057, 03.06.2026 [internal]
iCoA-PP_26-136, 17.08.2026 [internal]","iCoA-PP_26-057, 03.06.2026 [internal]
iCoA-PP_26-136, 17.08.2026 [internal]","051-6-К/26, 04.03.2026
220-14-К/26, 25.08.2026","051-6-К/26, 04.03.2026
220-14-К/26, 25.08.2026","051-6-К/26, 04.03.2026
220-14-К/26, 25.08.2026","051-6-К/26, 04.03.2026
220-14-К/26, 25.08.2026","iCoA-PP_26-057, 03.06.2026 [internal]
iCoA-PP_26-136, 17.08.2026 [internal]","051-6-ГС/26, 02.03.2026","136/0233/26, 06.03.2026","136/0233/26, 06.03.2026","136/0233/26, 06.03.2026","136/0233/26, 06.03.2026","136/0233/26, 06.03.2026",release — upon request — not required for release,release — upon request — not required for release,"release — not tested — no certificate covers it
220-14-М/26, 11.09.2026","release — not tested — no certificate covers it
220-14-М/26, 11.09.2026","release — not tested — no certificate covers it
220-14-М/26, 11.09.2026","1060/2026, 09.03.2026","1060/2026, 09.03.2026","1060/2026, 09.03.2026","1060/2026, 09.03.2026","1060/2026, 09.03.2026"
SJ112501,SJ112501,Sleepy Joe,"iCoA-PP_26-058, 03.06.2026 [internal]
iCoA-PP_26-162, 24.08.2026 [internal]","iCoA-PP_26-058, 03.06.2026 [internal]
iCoA-PP_26-162, 24.08.2026 [internal]","051-2-К/26, 04.03.2026
227-5-К/26, 11.09.2026","051-2-К/26, 04.03.2026
227-5-К/26, 11.09.2026","051-2-К/26, 04.03.2026
227-5-К/26, 11.09.2026","051-2-К/26, 04.03.2026
227-5-К/26, 11.09.2026","iCoA-PP_26-058, 03.06.2026 [internal]
iCoA-PP_26-162, 24.08.2026 [internal]","051-2-ГС/26, 02.03.2026","release — not tested — no certificate covers it
reissue — retest — carried from the initial testing (the batch's initial CoQ (number assigned on issue)) — not tested — no certificate covers it","release — not tested — no certificate covers it
reissue — retest — carried from the initial testing (the batch's initial CoQ (number assigned on issue)) — not tested — no certificate covers it","release — not tested — no certificate covers it
reissue — retest — carried from the initial testing (the batch's initial CoQ (number assigned on issue)) — not tested — no certificate covers it","release — not tested — no certificate covers it
reissue — retest — carried from the initial testing (the batch's initial CoQ (number assigned on issue)) — not tested — no certificate covers it","release — not tested — no certificate covers it
reissue — retest — carried from the initial testing (the batch's initial CoQ (number assigned on issue)) — not tested — no certificate covers it",release — upon request — not required for release,release — upon request — not required for release,"release — not tested — no certificate covers it
227-5-М/26, 16.09.2026","release — not tested — no certificate covers it
227-5-М/26, 16.09.2026","release — not tested — no certificate covers it
227-5-М/26, 16.09.2026","release — not tested — no certificate covers it
reissue — retest — carried from the initial testing (the batch's initial CoQ (number assigned on issue)) — not tested — no certificate covers it","release — not tested — no certificate covers it
reissue — retest — carried from the initial testing (the batch's initial CoQ (number assigned on issue)) — not tested — no certificate covers it","release — not tested — no certificate covers it
reissue — retest — carried from the initial testing (the batch's initial CoQ (number assigned on issue)) — not tested — no certificate covers it","release — not tested — no certificate covers it
reissue — retest — carried from the initial testing (the batch's initial CoQ (number assigned on issue)) — not tested — no certificate covers it","release — not tested — no certificate covers it
reissue — retest — carried from the initial testing (the batch's initial CoQ (number assigned on issue)) — not tested — no certificate covers it"
J31112501,J31112501,Jokerz 31,"iCoA-PP_26-059, 03.06.2026 [internal]
iCoA-PP_26-170, 24.08.2026 [internal]","iCoA-PP_26-059, 03.06.2026 [internal]
iCoA-PP_26-170, 24.08.2026 [internal]","051-5-К/26, 04.03.2026
227-14-К/26, 11.09.2026","051-5-К/26, 04.03.2026
227-14-К/26, 11.09.2026","051-5-К/26, 04.03.2026
227-14-К/26, 11.09.2026","051-5-К/26, 04.03.2026
227-14-К/26, 11.09.2026","iCoA-PP_26-059, 03.06.2026 [internal]
iCoA-PP_26-170, 24.08.2026 [internal]","051-5-ГС/26, 02.03.2026","release — not tested — no certificate covers it
547/1078/26, 31.08.2026","release — not tested — no certificate covers it
547/1078/26, 31.08.2026","release — not tested — no certificate covers it
547/1078/26, 31.08.2026","release — not tested — no certificate covers it
547/1078/26, 31.08.2026","release — not tested — no certificate covers it
547/1078/26, 31.08.2026",release — upon request — not required for release,release — upon request — not required for release,"release — not tested — no certificate covers it
227-14-М/26, 16.09.2026","release — not tested — no certificate covers it
227-14-М/26, 16.09.2026","release — not tested — no certificate covers it
227-14-М/26, 16.09.2026","release — not tested — no certificate covers it
reissue — retest — carried from the initial testing (the batch's initial CoQ (number assigned on issue)) — not tested — no certificate covers it","release — not tested — no certificate covers it
reissue — retest — carried from the initial testing (the batch's initial CoQ (number assigned on issue)) — not tested — no certificate covers it","release — not tested — no certificate covers it
reissue — retest — carried from the initial testing (the batch's initial CoQ (number assigned on issue)) — not tested — no certificate covers it","release — not tested — no certificate covers it
reissue — retest — carried from the initial testing (the batch's initial CoQ (number assigned on issue)) — not tested — no certificate covers it","release — not tested — no certificate covers it
reissue — retest — carried from the initial testing (the batch's initial CoQ (number assigned on issue)) — not tested — no certificate covers it"
P060212,JD112501,Jelly Donuts,"iCoA-PP_26-060, 03.06.2026 [internal]
iCoA-PP_26-115, 27.07.2026 [internal]","iCoA-PP_26-060, 03.06.2026 [internal]
iCoA-PP_26-115, 27.07.2026 [internal]","ППК26063, 11.05.2026
197-15-К/26, 07.08.2026","ППК26063, 11.05.2026
197-15-К/26, 07.08.2026","ППК26063, 11.05.2026
197-15-К/26, 07.08.2026","ППК26063, 11.05.2026
197-15-К/26, 07.08.2026","iCoA-PP_26-060, 03.06.2026 [internal]
iCoA-PP_26-115, 27.07.2026 [internal]","ППК26063, 11.05.2026","307/0551/26, 28.04.2026","307/0551/26, 28.04.2026","307/0551/26, 28.04.2026","307/0551/26, 28.04.2026","307/0551/26, 28.04.2026",release — upon request — not required for release,release — upon request — not required for release,"release — not tested — no certificate covers it
197-15-М/26, 10.08.2026","2361/2026, 30.04.2026
197-15-М/26, 10.08.2026","release — not tested — no certificate covers it
197-15-М/26, 10.08.2026","2361/2026, 30.04.2026","2361/2026, 30.04.2026","2361/2026, 30.04.2026","2361/2026, 30.04.2026","2361/2026, 30.04.2026"
OPM112501,OPM112501,Orange Punch Mimosa,"iCoA-PP_26-061, 03.06.2026 [internal]
iCoA-PP_26-157, 24.08.2026 [internal]","iCoA-PP_26-061, 03.06.2026 [internal]
iCoA-PP_26-157, 24.08.2026 [internal]","ППК26031, 05.03.2026
227-10-К/26, 11.09.2026","ППК26031, 05.03.2026
227-10-К/26, 11.09.2026","ППК26031, 05.03.2026
227-10-К/26, 11.09.2026","release — not tested — no certificate covers it
227-10-К/26, 11.09.2026","iCoA-PP_26-061, 03.06.2026 [internal]
iCoA-PP_26-157, 24.08.2026 [internal]","ППК26031, 05.03.2026","release — not tested — no certificate covers it
546/1077/26, 31.08.2026","release — not tested — no certificate covers it
546/1077/26, 31.08.2026","release — not tested — no certificate covers it
546/1077/26, 31.08.2026","release — not tested — no certificate covers it
546/1077/26, 31.08.2026","release — not tested — no certificate covers it
546/1077/26, 31.08.2026",release — upon request — not required for release,release — upon request — not required for release,"release — not tested — no certificate covers it
227-10-М/26, 16.09.2026","release — not tested — no certificate covers it
227-10-М/26, 16.09.2026","release — not tested — no certificate covers it
227-10-М/26, 16.09.2026","release — not tested — no certificate covers it
reissue — retest — carried from the initial testing (the batch's initial CoQ (number assigned on issue)) — not tested — no certificate covers it","release — not tested — no certificate covers it
reissue — retest — carried from the initial testing (the batch's initial CoQ (number assigned on issue)) — not tested — no certificate covers it","release — not tested — no certificate covers it
reissue — retest — carried from the initial testing (the batch's initial CoQ (number assigned on issue)) — not tested — no certificate covers it","release — not tested — no certificate covers it
reissue — retest — carried from the initial testing (the batch's initial CoQ (number assigned on issue)) — not tested — no certificate covers it","release — not tested — no certificate covers it
reissue — retest — carried from the initial testing (the batch's initial CoQ (number assigned on issue)) — not tested — no certificate covers it"
P060232,PM112501,Permanent Marker,"iCoA-PP_26-062, 03.06.2026 [internal]
iCoA-PP_26-150, 17.08.2026 [internal]","iCoA-PP_26-062, 03.06.2026 [internal]
iCoA-PP_26-150, 17.08.2026 [internal]","ППК26030, 05.03.2026
220-24-К/26, 26.08.2026","ППК26030, 05.03.2026
220-24-К/26, 26.08.2026","ППК26030, 05.03.2026
220-24-К/26, 26.08.2026","ППК26030, 05.03.2026
220-24-К/26, 26.08.2026","iCoA-PP_26-062, 03.06.2026 [internal]
iCoA-PP_26-150, 17.08.2026 [internal]","ППК26030, 05.03.2026","135/0232/26, 06.03.2026","135/0232/26, 06.03.2026","135/0232/26, 06.03.2026","135/0232/26, 06.03.2026","135/0232/26, 06.03.2026",release — upon request — not required for release,release — upon request — not required for release,"release — not tested — no certificate covers it
220-24-М/26, 11.09.2026","1059/2026, 09.03.2026
220-24-М/26, 11.09.2026","release — not tested — no certificate covers it
220-24-М/26, 11.09.2026","1059/2026, 09.03.2026","1059/2026, 09.03.2026","1059/2026, 09.03.2026","1059/2026, 09.03.2026","1059/2026, 09.03.2026"
P060242,OPM122501,Orange Punch Mimosa,"iCoA-PP_26-063, 03.06.2026 [internal]
iCoA-PP_26-118, 27.07.2026 [internal]","iCoA-PP_26-063, 03.06.2026 [internal]
iCoA-PP_26-118, 27.07.2026 [internal]","100-4-К/26, 09.04.2026
197-19-К/26, 07.08.2026","100-4-К/26, 09.04.2026
197-19-К/26, 07.08.2026","100-4-К/26, 09.04.2026
197-19-К/26, 07.08.2026","100-4-К/26, 09.04.2026
197-19-К/26, 07.08.2026","iCoA-PP_26-063, 03.06.2026 [internal]
iCoA-PP_26-118, 27.07.2026 [internal]","100-4-ГС/26, 09.04.2026","229/0392/26, 07.04.2026","229/0392/26, 07.04.2026","229/0392/26, 07.04.2026","229/0392/26, 07.04.2026","229/0392/26, 07.04.2026",release — upon request — not required for release,release — upon request — not required for release,"release — not tested — no certificate covers it
197-19-М/26, 10.08.2026","1627/2026, 23.04.2026
197-19-М/26, 10.08.2026","release — not tested — no certificate covers it
197-19-М/26, 10.08.2026","1627/2026, 23.04.2026","1627/2026, 23.04.2026","1627/2026, 23.04.2026","1627/2026, 23.04.2026","1627/2026, 23.04.2026"
GG112501,GG112501,Gorilla Glue,"iCoA-PP_26-064, 03.06.2026 [internal]
iCoA-PP_26-166, 24.08.2026 [internal]","iCoA-PP_26-064, 03.06.2026 [internal]
iCoA-PP_26-166, 24.08.2026 [internal]","ППК26061, 11.05.2026
227-20-К/26, 11.09.2026","ППК26061, 11.05.2026
227-20-К/26, 11.09.2026","ППК26061, 11.05.2026
227-20-К/26, 11.09.2026","release — not tested — no certificate covers it
227-20-К/26, 11.09.2026","iCoA-PP_26-064, 03.06.2026 [internal]
iCoA-PP_26-166, 24.08.2026 [internal]","ППК26061, 11.05.2026","304/0548/26, 28.04.2026
545/1076/26, 31.08.2026","304/0548/26, 28.04.2026
545/1076/26, 31.08.2026","304/0548/26, 28.04.2026
545/1076/26, 31.08.2026","304/0548/26, 28.04.2026
545/1076/26, 31.08.2026","304/0548/26, 28.04.2026
545/1076/26, 31.08.2026",release — upon request — not required for release,release — upon request — not required for release,"release — not tested — no certificate covers it
227-20-М/26, 16.09.2026","2358/2026, 29.04.2026
227-20-М/26, 16.09.2026","release — not tested — no certificate covers it
227-20-М/26, 16.09.2026","2358/2026, 29.04.2026","2358/2026, 29.04.2026","2358/2026, 29.04.2026","2358/2026, 29.04.2026","2358/2026, 29.04.2026"
J31122501,J31122501,Jokerz 31,"iCoA-PP_26-072, 03.06.2026 [internal]
iCoA-PP_26-171, 24.08.2026 [internal]","iCoA-PP_26-072, 03.06.2026 [internal]
iCoA-PP_26-171, 24.08.2026 [internal]","100-2-К/26, 09.04.2026
227-13-К/26, 11.09.2026","100-2-К/26, 09.04.2026
227-13-К/26, 11.09.2026","100-2-К/26, 09.04.2026
227-13-К/26, 11.09.2026","100-2-К/26, 09.04.2026
227-13-К/26, 11.09.2026","iCoA-PP_26-072, 03.06.2026 [internal]
iCoA-PP_26-171, 24.08.2026 [internal]","100-2-ГС/26, 09.04.2026","231/0394/26 (Racno trimiran cvet), 07.04.2026
544/1075/26, 31.08.2026","231/0394/26 (Racno trimiran cvet), 07.04.2026
544/1075/26, 31.08.2026","231/0394/26 (Racno trimiran cvet), 07.04.2026
544/1075/26, 31.08.2026","231/0394/26 (Racno trimiran cvet), 07.04.2026
544/1075/26, 31.08.2026","231/0394/26 (Racno trimiran cvet), 07.04.2026
544/1075/26, 31.08.2026",release — upon request — not required for release,release — upon request — not required for release,"release — not tested — no certificate covers it
227-13-М/26, 16.09.2026","1628/2026, 23.04.2026
227-13-М/26, 16.09.2026","release — not tested — no certificate covers it
227-13-М/26, 16.09.2026","1628/2026, 23.04.2026","1628/2026, 23.04.2026","1628/2026, 23.04.2026","1628/2026, 23.04.2026","1628/2026, 23.04.2026"
CC112501,CC112501,Cash Cow,"iCoA-PP_26-073, 03.06.2026 [internal]
iCoA-PP_26-177, 24.08.2026 [internal]","iCoA-PP_26-073, 03.06.2026 [internal]
iCoA-PP_26-177, 24.08.2026 [internal]","ППК26068, 11.05.2026
227-25-К/26, 11.09.2026","ППК26068, 11.05.2026
227-25-К/26, 11.09.2026","ППК26068, 11.05.2026
227-25-К/26, 11.09.2026","release — not tested — no certificate covers it
227-25-К/26, 11.09.2026","iCoA-PP_26-073, 03.06.2026 [internal]
iCoA-PP_26-177, 24.08.2026 [internal]","ППК26068, 11.05.2026","311/0555/26, 28.04.2026
543/1074/26, 31.08.2026","311/0555/26, 28.04.2026
543/1074/26, 31.08.2026","311/0555/26, 28.04.2026
543/1074/26, 31.08.2026","311/0555/26, 28.04.2026
543/1074/26, 31.08.2026","311/0555/26, 28.04.2026
543/1074/26, 31.08.2026",release — upon request — not required for release,release — upon request — not required for release,"release — not tested — no certificate covers it
227-25-М/26, 16.09.2026","2359/2026, 29.04.2026
227-25-М/26, 16.09.2026","release — not tested — no certificate covers it
227-25-М/26, 16.09.2026","2359/2026, 29.04.2026","2359/2026, 29.04.2026","2359/2026, 29.04.2026","2359/2026, 29.04.2026","2359/2026, 29.04.2026"
P060282,SCR112501,Scrambler,"iCoA-PP_26-074, 03.06.2026 [internal]
iCoA-PP_26-152, 17.08.2026 [internal]","iCoA-PP_26-074, 03.06.2026 [internal]
iCoA-PP_26-152, 17.08.2026 [internal]","ППК26069, 11.05.2026
220-26-К/26, 26.08.2026","ППК26069, 11.05.2026
220-26-К/26, 26.08.2026","ППК26069, 11.05.2026
220-26-К/26, 26.08.2026","ППК26069, 11.05.2026
220-26-К/26, 26.08.2026","iCoA-PP_26-074, 03.06.2026 [internal]
iCoA-PP_26-152, 17.08.2026 [internal]","ППК26069, 11.05.2026","305/0549/26, 28.04.2026","305/0549/26, 28.04.2026","305/0549/26, 28.04.2026","305/0549/26, 28.04.2026","305/0549/26, 28.04.2026",release — upon request — not required for release,release — upon request — not required for release,"release — not tested — no certificate covers it
220-26-М/26, 11.09.2026","2360/2026, 29.04.2026
220-26-М/26, 11.09.2026","release — not tested — no certificate covers it
220-26-М/26, 11.09.2026","2360/2026, 29.04.2026","2360/2026, 29.04.2026","2360/2026, 29.04.2026","2360/2026, 29.04.2026","2360/2026, 29.04.2026"
FB112501,FB112501,Fat Bastard,"iCoA-PP_26-075, 03.06.2026 [internal]
iCoA-PP_26-183, 24.08.2026 [internal]","iCoA-PP_26-075, 03.06.2026 [internal]
iCoA-PP_26-183, 24.08.2026 [internal]","ППК26066, 11.05.2026
227-22-К/26, 11.09.2026","ППК26066, 11.05.2026
227-22-К/26, 11.09.2026","ППК26066, 11.05.2026
227-22-К/26, 11.09.2026","release — not tested — no certificate covers it
227-22-К/26, 11.09.2026","iCoA-PP_26-075, 03.06.2026 [internal]
iCoA-PP_26-183, 24.08.2026 [internal]","ППК26066, 11.05.2026","312/0556/26, 28.04.2026
542/1073/26, 31.08.2026","312/0556/26, 28.04.2026
542/1073/26, 31.08.2026","312/0556/26, 28.04.2026
542/1073/26, 31.08.2026","312/0556/26, 28.04.2026
542/1073/26, 31.08.2026","312/0556/26, 28.04.2026
542/1073/26, 31.08.2026",release — upon request — not required for release,release — upon request — not required for release,"release — not tested — no certificate covers it
227-22-М/26, 16.09.2026","2357/2026, 29.04.2026
227-22-М/26, 16.09.2026","release — not tested — no certificate covers it
227-22-М/26, 16.09.2026","2357/2026, 29.04.2026","2357/2026, 29.04.2026","2357/2026, 29.04.2026","2357/2026, 29.04.2026","2357/2026, 29.04.2026"
GG012601,GG012601,Gorilla Glue,"iCoA-PP_26-076, 03.06.2026 [internal]
iCoA-PP_26-184, 24.08.2026 [internal]","iCoA-PP_26-076, 03.06.2026 [internal]
iCoA-PP_26-184, 24.08.2026 [internal]","ППК26062, 11.05.2026
227-21-К/26, 11.09.2026","ППК26062, 11.05.2026
227-21-К/26, 11.09.2026","ППК26062, 11.05.2026
227-21-К/26, 11.09.2026","release — not tested — no certificate covers it
227-21-К/26, 11.09.2026","iCoA-PP_26-076, 03.06.2026 [internal]
iCoA-PP_26-184, 24.08.2026 [internal]","ППК26062, 11.05.2026","310/0554/26, 28.04.2026
541/1072/26, 31.08.2026","310/0554/26, 28.04.2026
541/1072/26, 31.08.2026","310/0554/26, 28.04.2026
541/1072/26, 31.08.2026","310/0554/26, 28.04.2026
541/1072/26, 31.08.2026","310/0554/26, 28.04.2026
541/1072/26, 31.08.2026",release — upon request — not required for release,release — upon request — not required for release,"release — not tested — no certificate covers it
227-21-М/26, 16.09.2026","2364/2026, 30.04.2026
227-21-М/26, 16.09.2026","release — not tested — no certificate covers it
227-21-М/26, 16.09.2026","2364/2026, 30.04.2026","2364/2026, 30.04.2026","2364/2026, 30.04.2026","2364/2026, 30.04.2026","2364/2026, 30.04.2026"
JD012601,JD012601,Jelly Donuts,"iCoA-PP_26-077, 03.06.2026 [internal]
iCoA-PP_26-172, 24.08.2026 [internal]","iCoA-PP_26-077, 03.06.2026 [internal]
iCoA-PP_26-172, 24.08.2026 [internal]","ППК26064, 11.05.2026
227-15-К/26, 11.09.2026","ППК26064, 11.05.2026
227-15-К/26, 11.09.2026","ППК26064, 11.05.2026
227-15-К/26, 11.09.2026","release — not tested — no certificate covers it
227-15-К/26, 11.09.2026","iCoA-PP_26-077, 03.06.2026 [internal]
iCoA-PP_26-172, 24.08.2026 [internal]","ППК26064, 11.05.2026","309/0553/26, 28.04.2026
540/1071/26, 31.08.2026","309/0553/26, 28.04.2026
540/1071/26, 31.08.2026","309/0553/26, 28.04.2026
540/1071/26, 31.08.2026","309/0553/26, 28.04.2026
540/1071/26, 31.08.2026","309/0553/26, 28.04.2026
540/1071/26, 31.08.2026",release — upon request — not required for release,release — upon request — not required for release,"release — not tested — no certificate covers it
227-15-М/26, 16.09.2026","2363/2026, 30.04.2026
227-15-М/26, 16.09.2026","release — not tested — no certificate covers it
227-15-М/26, 16.09.2026","2363/2026, 30.04.2026","2363/2026, 30.04.2026","2363/2026, 30.04.2026","2363/2026, 30.04.2026","2363/2026, 30.04.2026"
P060332,P060332,Cash Cow,"iCoA-PP_26-079, 03.06.2026 [internal]
iCoA-PP_26-105, 27.07.2026 [internal]","iCoA-PP_26-079, 03.06.2026 [internal]
iCoA-PP_26-105, 27.07.2026 [internal]","release — to be performed — see route
197-6-К/26, 07.08.2026","release — not tested — no certificate covers it
197-6-К/26, 07.08.2026","release — not tested — no certificate covers it
197-6-К/26, 07.08.2026","release — not tested — no certificate covers it
197-6-К/26, 07.08.2026","iCoA-PP_26-079, 03.06.2026 [internal]
iCoA-PP_26-105, 27.07.2026 [internal]","release — not tested — no certificate covers it
reissue — retest — carried from the initial testing (the batch's initial CoQ (number assigned on issue)) — not tested — no certificate covers it","361/0691/26, 01.06.2026","361/0691/26, 01.06.2026","361/0691/26, 01.06.2026","361/0691/26, 01.06.2026","361/0691/26, 01.06.2026",release — upon request — not required for release,release — upon request — not required for release,"release — not tested — no certificate covers it
197-6-М/26, 10.08.2026","release — not tested — no certificate covers it
197-6-М/26, 10.08.2026","release — not tested — no certificate covers it
197-6-М/26, 10.08.2026","release — not tested — no certificate covers it
reissue — retest — carried from the initial testing (the batch's initial CoQ (number assigned on issue)) — not tested — no certificate covers it","release — not tested — no certificate covers it
reissue — retest — carried from the initial testing (the batch's initial CoQ (number assigned on issue)) — not tested — no certificate covers it","release — not tested — no certificate covers it
reissue — retest — carried from the initial testing (the batch's initial CoQ (number assigned on issue)) — not tested — no certificate covers it","release — not tested — no certificate covers it
reissue — retest — carried from the initial testing (the batch's initial CoQ (number assigned on issue)) — not tested — no certificate covers it","release — not tested — no certificate covers it
reissue — retest — carried from the initial testing (the batch's initial CoQ (number assigned on issue)) — not tested — no certificate covers it"
P060322,FB012601/1,Fat Bastard,"iCoA-PP_26-078, 03.06.2026 [internal]
iCoA-PP_26-130, 17.08.2026 [internal]","iCoA-PP_26-078, 03.06.2026 [internal]
iCoA-PP_26-130, 17.08.2026 [internal]","ППК26067, 11.05.2026
220-8-К/26, 25.08.2026","ППК26067, 11.05.2026
220-8-К/26, 25.08.2026","ППК26067, 11.05.2026
220-8-К/26, 25.08.2026","ППК26067, 11.05.2026
220-8-К/26, 25.08.2026","iCoA-PP_26-078, 03.06.2026 [internal]
iCoA-PP_26-130, 17.08.2026 [internal]","ППК26067, 11.05.2026","308/0552/26, 28.04.2026","308/0552/26, 28.04.2026","308/0552/26, 28.04.2026","308/0552/26, 28.04.2026","308/0552/26, 28.04.2026",release — upon request — not required for release,release — upon request — not required for release,"release — not tested — no certificate covers it
220-8-М/26, 11.09.2026","2362/2026, 30.04.2026
220-8-М/26, 11.09.2026","release — not tested — no certificate covers it
220-8-М/26, 11.09.2026","2362/2026, 30.04.2026","2362/2026, 30.04.2026","2362/2026, 30.04.2026","2362/2026, 30.04.2026","2362/2026, 30.04.2026"
P060352,FB012602,Fat Bastard,"iCoA-PP_26-083, 03.06.2026 [internal]
iCoA-PP_26-109, 27.07.2026 [internal]","iCoA-PP_26-083, 03.06.2026 [internal]
iCoA-PP_26-109, 27.07.2026 [internal]","release — to be performed — see route
197-7-К/26, 07.08.2026","release — not tested — no certificate covers it
197-7-К/26, 07.08.2026","release — not tested — no certificate covers it
197-7-К/26, 07.08.2026","release — not tested — no certificate covers it
197-7-К/26, 07.08.2026","iCoA-PP_26-083, 03.06.2026 [internal]
iCoA-PP_26-109, 27.07.2026 [internal]","release — not tested — no certificate covers it
reissue — retest — carried from the initial testing (CoQ-PP-2026-0021) — not tested — no certificate covers it","366/0696/26, 01.06.2026","366/0696/26, 01.06.2026","366/0696/26, 01.06.2026","366/0696/26, 01.06.2026","366/0696/26, 01.06.2026",release — upon request — not required for release,release — upon request — not required for release,"release — not tested — no certificate covers it
197-7-М/26, 10.08.2026","release — not tested — no certificate covers it
197-7-М/26, 10.08.2026","release — not tested — no certificate covers it
197-7-М/26, 10.08.2026","release — not tested — no certificate covers it
reissue — retest — carried from the initial testing (CoQ-PP-2026-0021) — not tested — no certificate covers it","release — not tested — no certificate covers it
reissue — retest — carried from the initial testing (CoQ-PP-2026-0021) — not tested — no certificate covers it","release — not tested — no certificate covers it
reissue — retest — carried from the initial testing (CoQ-PP-2026-0021) — not tested — no certificate covers it","release — not tested — no certificate covers it
reissue — retest — carried from the initial testing (CoQ-PP-2026-0021) — not tested — no certificate covers it","release — not tested — no certificate covers it
reissue — retest — carried from the initial testing (CoQ-PP-2026-0021) — not tested — no certificate covers it"
P060362,JD012603/01,Jelly Donuts,"iCoA-PP_26-082, 03.06.2026 [internal]
ППК26111, 30.06.2026","iCoA-PP_26-082, 03.06.2026 [internal]
ППК26111, 30.06.2026","release — to be performed — see route
220-16-К/26, 25.08.2026","release — not tested — no certificate covers it
220-16-К/26, 25.08.2026","release — not tested — no certificate covers it
220-16-К/26, 25.08.2026","release — not tested — no certificate covers it
220-16-К/26, 25.08.2026","iCoA-PP_26-082, 03.06.2026 [internal]
iCoA-PP_26-140, 17.08.2026 [internal]","release — not tested — no certificate covers it
reissue — retest — carried from the initial testing (CoQ-PP-2026-0020) — not tested — no certificate covers it","365/0695/26, 01.06.2026","365/0695/26, 01.06.2026","365/0695/26, 01.06.2026","365/0695/26, 01.06.2026","365/0695/26, 01.06.2026",release — upon request — not required for release,release — upon request — not required for release,"release — not tested — no certificate covers it
220-16-М/26, 11.09.2026","release — not tested — no certificate covers it
220-16-М/26, 11.09.2026","release — not tested — no certificate covers it
220-16-М/26, 11.09.2026","release — not tested — no certificate covers it
reissue — retest — carried from the initial testing (CoQ-PP-2026-0020) — not tested — no certificate covers it","release — not tested — no certificate covers it
reissue — retest — carried from the initial testing (CoQ-PP-2026-0020) — not tested — no certificate covers it","release — not tested — no certificate covers it
reissue — retest — carried from the initial testing (CoQ-PP-2026-0020) — not tested — no certificate covers it","release — not tested — no certificate covers it
reissue — retest — carried from the initial testing (CoQ-PP-2026-0020) — not tested — no certificate covers it","release — not tested — no certificate covers it
reissue — retest — carried from the initial testing (CoQ-PP-2026-0020) — not tested — no certificate covers it"
P060372,CC012603,Cash Cow,"iCoA-PP_26-084, 03.06.2026 [internal]
iCoA-PP_26-145, 17.08.2026 [internal]","iCoA-PP_26-084, 03.06.2026 [internal]
iCoA-PP_26-145, 17.08.2026 [internal]","release — to be performed — see route
220-29-К/26, 26.08.2026","release — not tested — no certificate covers it
220-29-К/26, 26.08.2026","release — not tested — no certificate covers it
220-29-К/26, 26.08.2026","release — not tested — no certificate covers it
220-29-К/26, 26.08.2026","iCoA-PP_26-084, 03.06.2026 [internal]
iCoA-PP_26-145, 17.08.2026 [internal]","release — not tested — no certificate covers it
reissue — retest — carried from the initial testing (CoQ-PP-2026-0024) — not tested — no certificate covers it","363/0693/26, 01.06.2026","363/0693/26, 01.06.2026","363/0693/26, 01.06.2026","363/0693/26, 01.06.2026","363/0693/26, 01.06.2026",release — upon request — not required for release,release — upon request — not required for release,"release — not tested — no certificate covers it
220-29-М/26, 11.09.2026","release — not tested — no certificate covers it
220-29-М/26, 11.09.2026","release — not tested — no certificate covers it
220-29-М/26, 11.09.2026","release — not tested — no certificate covers it
reissue — retest — carried from the initial testing (CoQ-PP-2026-0024) — not tested — no certificate covers it","release — not tested — no certificate covers it
reissue — retest — carried from the initial testing (CoQ-PP-2026-0024) — not tested — no certificate covers it","release — not tested — no certificate covers it
reissue — retest — carried from the initial testing (CoQ-PP-2026-0024) — not tested — no certificate covers it","release — not tested — no certificate covers it
reissue — retest — carried from the initial testing (CoQ-PP-2026-0024) — not tested — no certificate covers it","release — not tested — no certificate covers it
reissue — retest — carried from the initial testing (CoQ-PP-2026-0024) — not tested — no certificate covers it"
P060342,SCR012601,Scrambler,"iCoA-PP_26-088, 03.06.2026 [internal]
iCoA-PP_26-159, 24.08.2026 [internal]","iCoA-PP_26-088, 03.06.2026 [internal]
iCoA-PP_26-159, 24.08.2026 [internal]","release — to be performed — see route
227-8-К/26, 11.09.2026","release — not tested — no certificate covers it
227-8-К/26, 11.09.2026","release — not tested — no certificate covers it
227-8-К/26, 11.09.2026","release — not tested — no certificate covers it
227-8-К/26, 11.09.2026","iCoA-PP_26-088, 03.06.2026 [internal]
iCoA-PP_26-159, 24.08.2026 [internal]","release — not tested — no certificate covers it
reissue — retest — carried from the initial testing (the batch's initial CoQ (number assigned on issue)) — not tested — no certificate covers it","release — not tested — no certificate covers it
539/1070/26, 31.08.2026","release — not tested — no certificate covers it
539/1070/26, 31.08.2026","release — not tested — no certificate covers it
539/1070/26, 31.08.2026","release — not tested — no certificate covers it
539/1070/26, 31.08.2026","release — not tested — no certificate covers it
539/1070/26, 31.08.2026",release — upon request — not required for release,release — upon request — not required for release,"release — not tested — no certificate covers it
227-8-М/26, 16.09.2026","release — not tested — no certificate covers it
227-8-М/26, 16.09.2026","release — not tested — no certificate covers it
227-8-М/26, 16.09.2026","release — not tested — no certificate covers it
reissue — retest — carried from the initial testing (the batch's initial CoQ (number assigned on issue)) — not tested — no certificate covers it","release — not tested — no certificate covers it
reissue — retest — carried from the initial testing (the batch's initial CoQ (number assigned on issue)) — not tested — no certificate covers it","release — not tested — no certificate covers it
reissue — retest — carried from the initial testing (the batch's initial CoQ (number assigned on issue)) — not tested — no certificate covers it","release — not tested — no certificate covers it
reissue — retest — carried from the initial testing (the batch's initial CoQ (number assigned on issue)) — not tested — no certificate covers it","release — not tested — no certificate covers it
reissue — retest — carried from the initial testing (the batch's initial CoQ (number assigned on issue)) — not tested — no certificate covers it"
P060382,SCR012603,Scrambler,"iCoA-PP_26-087, 03.06.2026 [internal]
iCoA-PP_26-119, 27.07.2026 [internal]","iCoA-PP_26-087, 03.06.2026 [internal]
iCoA-PP_26-119, 27.07.2026 [internal]","release — to be performed — see route
197-21-К/26, 07.08.2026","release — not tested — no certificate covers it
197-21-К/26, 07.08.2026","release — not tested — no certificate covers it
197-21-К/26, 07.08.2026","release — not tested — no certificate covers it
197-21-К/26, 07.08.2026","iCoA-PP_26-087, 03.06.2026 [internal]
iCoA-PP_26-119, 27.07.2026 [internal]","release — not tested — no certificate covers it
reissue — retest — carried from the initial testing (CoQ-PP-2026-0026) — not tested — no certificate covers it","364/0694/26, 01.06.2026","364/0694/26, 01.06.2026","364/0694/26, 01.06.2026","364/0694/26, 01.06.2026","364/0694/26, 01.06.2026",release — upon request — not required for release,release — upon request — not required for release,"release — not tested — no certificate covers it
197-21-М/26, 10.08.2026","release — not tested — no certificate covers it
197-21-М/26, 10.08.2026","release — not tested — no certificate covers it
197-21-М/26, 10.08.2026","release — not tested — no certificate covers it
reissue — retest — carried from the initial testing (CoQ-PP-2026-0026) — not tested — no certificate covers it","release — not tested — no certificate covers it
reissue — retest — carried from the initial testing (CoQ-PP-2026-0026) — not tested — no certificate covers it","release — not tested — no certificate covers it
reissue — retest — carried from the initial testing (CoQ-PP-2026-0026) — not tested — no certificate covers it","release — not tested — no certificate covers it
reissue — retest — carried from the initial testing (CoQ-PP-2026-0026) — not tested — no certificate covers it","release — not tested — no certificate covers it
reissue — retest — carried from the initial testing (CoQ-PP-2026-0026) — not tested — no certificate covers it"
FB012603V,FB012603V,Fat Bastard,"ППК26110, 30.06.2026","ППК26110, 30.06.2026","ППК26110, 30.06.2026
227-23-К/26, 11.09.2026","ППК26110, 30.06.2026
227-23-К/26, 11.09.2026","ППК26110, 30.06.2026
227-23-К/26, 11.09.2026","ППК26110, 30.06.2026
227-23-К/26, 11.09.2026","ППК26110, 30.06.2026","ППК26110, 30.06.2026","release — not tested — no certificate covers it
538/1069/26, 31.08.2026","release — not tested — no certificate covers it
538/1069/26, 31.08.2026","release — not tested — no certificate covers it
538/1069/26, 31.08.2026","release — not tested — no certificate covers it
538/1069/26, 31.08.2026","release — not tested — no certificate covers it
538/1069/26, 31.08.2026",release — upon request — not required for release,release — upon request — not required for release,"release — not tested — no certificate covers it
227-23-М/26, 16.09.2026","release — not tested — no certificate covers it
227-23-М/26, 16.09.2026","release — not tested — no certificate covers it
227-23-М/26, 16.09.2026","release — not tested — no certificate covers it
reissue — retest — carried from the initial testing (the batch's initial CoQ (number assigned on issue)) — not tested — no certificate covers it","release — not tested — no certificate covers it
reissue — retest — carried from the initial testing (the batch's initial CoQ (number assigned on issue)) — not tested — no certificate covers it","release — not tested — no certificate covers it
reissue — retest — carried from the initial testing (the batch's initial CoQ (number assigned on issue)) — not tested — no certificate covers it","release — not tested — no certificate covers it
reissue — retest — carried from the initial testing (the batch's initial CoQ (number assigned on issue)) — not tested — no certificate covers it","release — not tested — no certificate covers it
reissue — retest — carried from the initial testing (the batch's initial CoQ (number assigned on issue)) — not tested — no certificate covers it"
P060422,JD012603/02V,Jelly Donuts,"ППК26111, 30.06.2026","ППК26111, 30.06.2026","ППК26111, 30.06.2026
220-18-К/26, 26.08.2026","ППК26111, 30.06.2026
220-18-К/26, 26.08.2026","ППК26111, 30.06.2026
220-18-К/26, 26.08.2026","ППК26111, 30.06.2026
220-18-К/26, 26.08.2026","ППК26111, 30.06.2026","ППК26111, 30.06.2026","406/0789/26, 24.06.2026","406/0789/26, 24.06.2026","406/0789/26, 24.06.2026","406/0789/26, 24.06.2026","406/0789/26, 24.06.2026",release — upon request — not required for release,release — upon request — not required for release,"release — not tested — no certificate covers it
220-18-М/26, 11.09.2026","release — not tested — no certificate covers it
220-18-М/26, 11.09.2026","release — not tested — no certificate covers it
220-18-М/26, 11.09.2026","3662/2026, 22.06.2026","3662/2026, 22.06.2026","3662/2026, 22.06.2026","3662/2026, 22.06.2026","3662/2026, 22.06.2026"
P060402,GG012603,Gorilla Glue,"ППК26114, 30.06.2026","ППК26114, 30.06.2026","ППК26114, 30.06.2026
197-8-К/26, 07.08.2026","ППК26114, 30.06.2026
197-8-К/26, 07.08.2026","ППК26114, 30.06.2026
197-8-К/26, 07.08.2026","ППК26114, 30.06.2026
197-8-К/26, 07.08.2026","ППК26114, 30.06.2026","ППК26114, 30.06.2026","404/0787/26, 24.06.2026","404/0787/26, 24.06.2026","404/0787/26, 24.06.2026","404/0787/26, 24.06.2026","404/0787/26, 24.06.2026",release — upon request — not required for release,release — upon request — not required for release,"release — not tested — no certificate covers it
197-8-М/26, 10.08.2026","3659/2026, 22.06.2026
197-8-М/26, 10.08.2026","release — not tested — no certificate covers it
197-8-М/26, 10.08.2026","3659/2026, 22.06.2026","3659/2026, 22.06.2026","3659/2026, 22.06.2026","3659/2026, 22.06.2026","3659/2026, 22.06.2026"
P060412,JD012603/02,Jelly Donuts,"ППК26113, 30.06.2026","ППК26113, 30.06.2026","ППК26113, 30.06.2026
220-17-К/26, 26.08.2026","ППК26113, 30.06.2026
220-17-К/26, 26.08.2026","ППК26113, 30.06.2026
220-17-К/26, 26.08.2026","ППК26113, 30.06.2026
220-17-К/26, 26.08.2026","ППК26113, 30.06.2026","ППК26113, 30.06.2026","405/0788/26, 24.06.2026","405/0788/26, 24.06.2026","405/0788/26, 24.06.2026","405/0788/26, 24.06.2026","405/0788/26, 24.06.2026",release — upon request — not required for release,release — upon request — not required for release,"release — not tested — no certificate covers it
220-17-М/26, 11.09.2026","release — not tested — no certificate covers it
220-17-М/26, 11.09.2026","release — not tested — no certificate covers it
220-17-М/26, 11.09.2026","3660/2026, 22.06.2026","3660/2026, 22.06.2026","3660/2026, 22.06.2026","3660/2026, 22.06.2026","3660/2026, 22.06.2026"
FB012603,FB012603,Fat Bastard,"ППК26112, 30.06.2026","ППК26112, 30.06.2026","ППК26112, 30.06.2026
227-24-К/26, 11.09.2026","ППК26112, 30.06.2026
227-24-К/26, 11.09.2026","ППК26112, 30.06.2026
227-24-К/26, 11.09.2026","ППК26112, 30.06.2026
227-24-К/26, 11.09.2026","ППК26112, 30.06.2026","ППК26112, 30.06.2026","release — not tested — no certificate covers it
537/1068/26, 31.08.2026","release — not tested — no certificate covers it
537/1068/26, 31.08.2026","release — not tested — no certificate covers it
537/1068/26, 31.08.2026","release — not tested — no certificate covers it
537/1068/26, 31.08.2026","release — not tested — no certificate covers it
537/1068/26, 31.08.2026",release — upon request — not required for release,release — upon request — not required for release,"release — not tested — no certificate covers it
227-24-М/26, 16.09.2026","release — not tested — no certificate covers it
227-24-М/26, 16.09.2026","release — not tested — no certificate covers it
227-24-М/26, 16.09.2026","release — not tested — no certificate covers it
reissue — retest — carried from the initial testing (the batch's initial CoQ (number assigned on issue)) — not tested — no certificate covers it","release — not tested — no certificate covers it
reissue — retest — carried from the initial testing (the batch's initial CoQ (number assigned on issue)) — not tested — no certificate covers it","release — not tested — no certificate covers it
reissue — retest — carried from the initial testing (the batch's initial CoQ (number assigned on issue)) — not tested — no certificate covers it","release — not tested — no certificate covers it
reissue — retest — carried from the initial testing (the batch's initial CoQ (number assigned on issue)) — not tested — no certificate covers it","release — not tested — no certificate covers it
reissue — retest — carried from the initial testing (the batch's initial CoQ (number assigned on issue)) — not tested — no certificate covers it"
SCR022601,SCR022601,Scrambler,"ППК26116, 06.07.2026","ППК26116, 06.07.2026","ППК26116, 06.07.2026
227-7-К/26, 11.09.2026","ППК26116, 06.07.2026
227-7-К/26, 11.09.2026","ППК26116, 06.07.2026
227-7-К/26, 11.09.2026","ППК26116, 06.07.2026
227-7-К/26, 11.09.2026","ППК26116, 06.07.2026","ППК26116, 06.07.2026","release — not tested — no certificate covers it
536/1067/26, 31.08.2026","release — not tested — no certificate covers it
536/1067/26, 31.08.2026","release — not tested — no certificate covers it
536/1067/26, 31.08.2026","release — not tested — no certificate covers it
536/1067/26, 31.08.2026","release — not tested — no certificate covers it
536/1067/26, 31.08.2026",release — upon request — not required for release,release — upon request — not required for release,"release — not tested — no certificate covers it
227-7-М/26, 16.09.2026","release — not tested — no certificate covers it
227-7-М/26, 16.09.2026","release — not tested — no certificate covers it
227-7-М/26, 16.09.2026","release — not tested — no certificate covers it
reissue — retest — carried from the initial testing (the batch's initial CoQ (number assigned on issue)) — not tested — no certificate covers it","release — not tested — no certificate covers it
reissue — retest — carried from the initial testing (the batch's initial CoQ (number assigned on issue)) — not tested — no certificate covers it","release — not tested — no certificate covers it
reissue — retest — carried from the initial testing (the batch's initial CoQ (number assigned on issue)) — not tested — no certificate covers it","release — not tested — no certificate covers it
reissue — retest — carried from the initial testing (the batch's initial CoQ (number assigned on issue)) — not tested — no certificate covers it","release — not tested — no certificate covers it
reissue — retest — carried from the initial testing (the batch's initial CoQ (number assigned on issue)) — not tested — no certificate covers it"
FB032601,FB032601,Fat Bastard,"ППК26127, 21.07.2026","ППК26127, 21.07.2026","ППК26127, 21.07.2026","ППК26127, 21.07.2026","ППК26127, 21.07.2026","ППК26127, 21.07.2026","ППК26127, 21.07.2026","ППК26127, 21.07.2026",release — not tested — no certificate covers it,release — not tested — no certificate covers it,release — not tested — no certificate covers it,release — not tested — no certificate covers it,release — not tested — no certificate covers it,release — upon request — not required for release,release — upon request — not required for release,release — not tested — no certificate covers it,release — not tested — no certificate covers it,release — not tested — no certificate covers it,release — not tested — no certificate covers it,release — not tested — no certificate covers it,release — not tested — no certificate covers it,release — not tested — no certificate covers it,release — not tested — no certificate covers it
GG032601,GG032601,Gorilla Glue,"ППК26128, 21.07.2026","ППК26128, 21.07.2026","ППК26128, 21.07.2026","ППК26128, 21.07.2026","ППК26128, 21.07.2026","ППК26128, 21.07.2026","ППК26128, 21.07.2026","ППК26128, 21.07.2026",release — not tested — no certificate covers it,release — not tested — no certificate covers it,release — not tested — no certificate covers it,release — not tested — no certificate covers it,release — not tested — no certificate covers it,release — upon request — not required for release,release — upon request — not required for release,release — not tested — no certificate covers it,release — not tested — no certificate covers it,release — not tested — no certificate covers it,release — not tested — no certificate covers it,release — not tested — no certificate covers it,release — not tested — no certificate covers it,release — not tested — no certificate covers it,release — not tested — no certificate covers it
JD022601,JD022601,Jelly Donuts,"ППК26115, 30.06.2026","ППК26115, 30.06.2026","ППК26115, 30.06.2026","ППК26115, 30.06.2026","ППК26115, 30.06.2026","ППК26115, 30.06.2026","ППК26115, 30.06.2026","ППК26115, 30.06.2026",release — not tested — no certificate covers it,release — not tested — no certificate covers it,release — not tested — no certificate covers it,release — not tested — no certificate covers it,release — not tested — no certificate covers it,release — upon request — not required for release,release — upon request — not required for release,release — not tested — no certificate covers it,release — not tested — no certificate covers it,release — not tested — no certificate covers it,release — not tested — no certificate covers it,release — not tested — no certificate covers it,release — not tested — no certificate covers it,release — not tested — no certificate covers it,release — not tested — no certificate covers it
P060492,JD042601,Jelly Donuts,"iCoA-PP_26-122, 13.08.2026 [internal]
iCoA-PP_26-148, 17.08.2026 [internal]","iCoA-PP_26-122, 13.08.2026 [internal]
iCoA-PP_26-148, 17.08.2026 [internal]","release — to be performed — see route
220-30-К/26, 26.08.2026","release — not tested — no certificate covers it
220-30-К/26, 26.08.2026","release — not tested — no certificate covers it
220-30-К/26, 26.08.2026","release — not tested — no certificate covers it
220-30-К/26, 26.08.2026","iCoA-PP_26-122, 13.08.2026 [internal]
iCoA-PP_26-148, 17.08.2026 [internal]","release — not tested — no certificate covers it
reissue — retest — carried from the initial testing (the batch's initial CoQ (number assigned on issue)) — not tested — no certificate covers it","release — not tested — no certificate covers it
reissue — retest — carried from the initial testing (the batch's initial CoQ (number assigned on issue)) — not tested — no certificate covers it","release — not tested — no certificate covers it
reissue — retest — carried from the initial testing (the batch's initial CoQ (number assigned on issue)) — not tested — no certificate covers it","release — not tested — no certificate covers it
reissue — retest — carried from the initial testing (the batch's initial CoQ (number assigned on issue)) — not tested — no certificate covers it","release — not tested — no certificate covers it
reissue — retest — carried from the initial testing (the batch's initial CoQ (number assigned on issue)) — not tested — no certificate covers it","release — not tested — no certificate covers it
reissue — retest — carried from the initial testing (the batch's initial CoQ (number assigned on issue)) — not tested — no certificate covers it",release — upon request — not required for release,release — upon request — not required for release,"release — not tested — no certificate covers it
220-30-М/26, 11.09.2026","release — not tested — no certificate covers it
220-30-М/26, 11.09.2026","release — not tested — no certificate covers it
220-30-М/26, 11.09.2026","release — not tested — no certificate covers it
reissue — retest — carried from the initial testing (the batch's initial CoQ (number assigned on issue)) — not tested — no certificate covers it","release — not tested — no certificate covers it
reissue — retest — carried from the initial testing (the batch's initial CoQ (number assigned on issue)) — not tested — no certificate covers it","release — not tested — no certificate covers it
reissue — retest — carried from the initial testing (the batch's initial CoQ (number assigned on issue)) — not tested — no certificate covers it","release — not tested — no certificate covers it
reissue — retest — carried from the initial testing (the batch's initial CoQ (number assigned on issue)) — not tested — no certificate covers it","release — not tested — no certificate covers it
reissue — retest — carried from the initial testing (the batch's initial CoQ (number assigned on issue)) — not tested — no certificate covers it"
CC042601,CC042601,Cash Cow,"iCoA-PP_26-090, 03.06.2026 [internal]
iCoA-PP_26-146, 17.08.2026 [internal]","iCoA-PP_26-090, 03.06.2026 [internal]
iCoA-PP_26-146, 17.08.2026 [internal]","release — to be performed — see route
220-32-К/26, 26.08.2026","release — not tested — no certificate covers it
220-32-К/26, 26.08.2026","release — not tested — no certificate covers it
220-32-К/26, 26.08.2026","release — not tested — no certificate covers it
220-32-К/26, 26.08.2026","iCoA-PP_26-090, 03.06.2026 [internal]
iCoA-PP_26-146, 17.08.2026 [internal]","release — not tested — no certificate covers it
reissue — retest — carried from the initial testing (the batch's initial CoQ (number assigned on issue)) — not tested — no certificate covers it","release — not tested — no certificate covers it
reissue — retest — carried from the initial testing (the batch's initial CoQ (number assigned on issue)) — not tested — no certificate covers it","release — not tested — no certificate covers it
reissue — retest — carried from the initial testing (the batch's initial CoQ (number assigned on issue)) — not tested — no certificate covers it","release — not tested — no certificate covers it
reissue — retest — carried from the initial testing (the batch's initial CoQ (number assigned on issue)) — not tested — no certificate covers it","release — not tested — no certificate covers it
reissue — retest — carried from the initial testing (the batch's initial CoQ (number assigned on issue)) — not tested — no certificate covers it","release — not tested — no certificate covers it
reissue — retest — carried from the initial testing (the batch's initial CoQ (number assigned on issue)) — not tested — no certificate covers it",release — upon request — not required for release,release — upon request — not required for release,"release — not tested — no certificate covers it
220-32-М/26, 11.09.2026","release — not tested — no certificate covers it
220-32-М/26, 11.09.2026","release — not tested — no certificate covers it
220-32-М/26, 11.09.2026","release — not tested — no certificate covers it
reissue — retest — carried from the initial testing (the batch's initial CoQ (number assigned on issue)) — not tested — no certificate covers it","release — not tested — no certificate covers it
reissue — retest — carried from the initial testing (the batch's initial CoQ (number assigned on issue)) — not tested — no certificate covers it","release — not tested — no certificate covers it
reissue — retest — carried from the initial testing (the batch's initial CoQ (number assigned on issue)) — not tested — no certificate covers it","release — not tested — no certificate covers it
reissue — retest — carried from the initial testing (the batch's initial CoQ (number assigned on issue)) — not tested — no certificate covers it","release — not tested — no certificate covers it
reissue — retest — carried from the initial testing (the batch's initial CoQ (number assigned on issue)) — not tested — no certificate covers it"
FB042601,FB042601,Fat Bastard,"iCoA-PP_26-091, 03.06.2026 [internal]
iCoA-PP_26-147, 17.08.2026 [internal]","iCoA-PP_26-091, 03.06.2026 [internal]
iCoA-PP_26-147, 17.08.2026 [internal]","release — to be performed — see route
220-31-К/26, 26.08.2026","release — not tested — no certificate covers it
220-31-К/26, 26.08.2026","release — not tested — no certificate covers it
220-31-К/26, 26.08.2026","release — not tested — no certificate covers it
220-31-К/26, 26.08.2026","iCoA-PP_26-091, 03.06.2026 [internal]
iCoA-PP_26-147, 17.08.2026 [internal]","release — not tested — no certificate covers it
reissue — retest — carried from the initial testing (the batch's initial CoQ (number assigned on issue)) — not tested — no certificate covers it","release — not tested — no certificate covers it
reissue — retest — carried from the initial testing (the batch's initial CoQ (number assigned on issue)) — not tested — no certificate covers it","release — not tested — no certificate covers it
reissue — retest — carried from the initial testing (the batch's initial CoQ (number assigned on issue)) — not tested — no certificate covers it","release — not tested — no certificate covers it
reissue — retest — carried from the initial testing (the batch's initial CoQ (number assigned on issue)) — not tested — no certificate covers it","release — not tested — no certificate covers it
reissue — retest — carried from the initial testing (the batch's initial CoQ (number assigned on issue)) — not tested — no certificate covers it","release — not tested — no certificate covers it
reissue — retest — carried from the initial testing (the batch's initial CoQ (number assigned on issue)) — not tested — no certificate covers it",release — upon request — not required for release,release — upon request — not required for release,"release — not tested — no certificate covers it
220-31-М/26, 11.09.2026","release — not tested — no certificate covers it
220-31-М/26, 11.09.2026","release — not tested — no certificate covers it
220-31-М/26, 11.09.2026","release — not tested — no certificate covers it
reissue — retest — carried from the initial testing (the batch's initial CoQ (number assigned on issue)) — not tested — no certificate covers it","release — not tested — no certificate covers it
reissue — retest — carried from the initial testing (the batch's initial CoQ (number assigned on issue)) — not tested — no certificate covers it","release — not tested — no certificate covers it
reissue — retest — carried from the initial testing (the batch's initial CoQ (number assigned on issue)) — not tested — no certificate covers it","release — not tested — no certificate covers it
reissue — retest — carried from the initial testing (the batch's initial CoQ (number assigned on issue)) — not tested — no certificate covers it","release — not tested — no certificate covers it
reissue — retest — carried from the initial testing (the batch's initial CoQ (number assigned on issue)) — not tested — no certificate covers it"
P160012,P160012,Grape Pie,"ППК26117, 06.07.2026","ППК26117, 06.07.2026","ППК26117, 06.07.2026","ППК26117, 06.07.2026","ППК26117, 06.07.2026","ППК26117, 06.07.2026","ППК26117, 06.07.2026","ППК26117, 06.07.2026",release — not tested — no certificate covers it,release — not tested — no certificate covers it,release — not tested — no certificate covers it,release — not tested — no certificate covers it,release — not tested — no certificate covers it,release — upon request — not required for release,release — upon request — not required for release,release — not tested — no certificate covers it,release — not tested — no certificate covers it,release — not tested — no certificate covers it,release — not tested — no certificate covers it,release — not tested — no certificate covers it,release — not tested — no certificate covers it,release — not tested — no certificate covers it,release — not tested — no certificate covers it
P160022,P160022,Grape Pie,"ППК26118, 06.07.2026","ППК26118, 06.07.2026","ППК26118, 06.07.2026","ППК26118, 06.07.2026","ППК26118, 06.07.2026","ППК26118, 06.07.2026","ППК26118, 06.07.2026","ППК26118, 06.07.2026",release — not tested — no certificate covers it,release — not tested — no certificate covers it,release — not tested — no certificate covers it,release — not tested — no certificate covers it,release — not tested — no certificate covers it,release — upon request — not required for release,release — upon request — not required for release,release — not tested — no certificate covers it,release — not tested — no certificate covers it,release — not tested — no certificate covers it,release — not tested — no certificate covers it,release — not tested — no certificate covers it,release — not tested — no certificate covers it,release — not tested — no certificate covers it,release — not tested — no certificate covers it
P160032,P160032,Grape Pie,"ППК26119, 06.07.2026","ППК26119, 06.07.2026","ППК26119, 06.07.2026","ППК26119, 06.07.2026","ППК26119, 06.07.2026","ППК26119, 06.07.2026","ППК26119, 06.07.2026","ППК26119, 06.07.2026",release — not tested — no certificate covers it,release — not tested — no certificate covers it,release — not tested — no certificate covers it,release — not tested — no certificate covers it,release — not tested — no certificate covers it,release — upon request — not required for release,release — upon request — not required for release,release — not tested — no certificate covers it,release — not tested — no certificate covers it,release — not tested — no certificate covers it,release — not tested — no certificate covers it,release — not tested — no certificate covers it,release — not tested — no certificate covers it,release — not tested — no certificate covers it,release — not tested — no certificate covers it
