CoQ code,Series,Register status,Date of issue,Supersedes,Plan no.,Batch (cultivation),P lot,Strain,Harvest,Packaging,Manuf. date (template),Pack. date (template),iCoA code,iCoA issued,iCoA tested / sampled,Retest campaign,Total THC (%),THC certificate,Grade,Potency window,Product code,Specification code,Specification status,Phenotype,Chemotype,Processing,Dominance,Packaging (spec.),Latest external certificate,#1 result,#1 document,#1 issued,#1 laboratory,#2 result,#2 document,#2 issued,#2 laboratory,#3 result,#3 document,#3 issued,#3 laboratory,#4 result,#4 document,#4 issued,#4 laboratory,#5 result,#5 document,#5 issued,#5 laboratory,#6 result,#6 document,#6 issued,#6 laboratory,#7 result,#7 document,#7 issued,#7 laboratory,#8 result,#8 document,#8 issued,#8 laboratory,#9.1 result,#9.1 document,#9.1 issued,#9.1 laboratory,#9.2 result,#9.2 document,#9.2 issued,#9.2 laboratory,#9.3 result,#9.3 document,#9.3 issued,#9.3 laboratory,#9.4 result,#9.4 document,#9.4 issued,#9.4 laboratory,#9.5 result,#9.5 document,#9.5 issued,#9.5 laboratory,#9.6 result,#9.6 document,#9.6 issued,#9.6 laboratory,#9.7 result,#9.7 document,#9.7 issued,#9.7 laboratory,#10.1 result,#10.1 document,#10.1 issued,#10.1 laboratory,#10.2 result,#10.2 document,#10.2 issued,#10.2 laboratory,#10.3 result,#10.3 document,#10.3 issued,#10.3 laboratory,#11.1 result,#11.1 document,#11.1 issued,#11.1 laboratory,#11.2 result,#11.2 document,#11.2 issued,#11.2 laboratory,#11.3 result,#11.3 document,#11.3 issued,#11.3 laboratory,#11.4 result,#11.4 document,#11.4 issued,#11.4 laboratory,#12 result,#12 document,#12 issued,#12 laboratory
CoQ-PP_26-001,release,issuable,06.06.2026,n/a — release certificate,(assigned on issue),CJ1024,— no P lot assigned —,Cap Junky,20.01.2025,03.03.2025,—,—,iCoA-PP_26-001,03.06.2026,03.03.2025,—,23.00,ППК25052,II,21.60 – 26.39 %,CJ_THC24 : CBD1,QCSP_001_CJ-II_v.01,"for review — replaces the issued QCSP_001_CJ-II_v.01 (was CJ_THC26 : CBD1, 25.01 – 26.99 %); now CJ_THC24 : CBD1 21.60 – 26.39 %",HYBRID,THC,MACHINE TRIMMED,INDICA 60 : SATIVA 40,"Triplex Alu Bag | Триплекс Aлу Kеса, PET 12 · ALU 7 · PE 80, 300 × 500 mm, net. 400.0 g ±3%",27.02.2025,Conforms | Одговара,iCoA-PP_26-001,03.06.2026,Purely Plant GmbH (in-house),Conforms | Одговара,iCoA-PP_26-001,03.06.2026,Purely Plant GmbH (in-house),Conforms | Одговара,ППК25052,26.02.2025,UKIM Faculty of Pharmacy — Center for Natural Products,23.00,ППК25052,26.02.2025,UKIM Faculty of Pharmacy — Center for Natural Products,0.05,ППК25052,26.02.2025,UKIM Faculty of Pharmacy — Center for Natural Products,not tested,—,—,—,Conforms | Одговара,iCoA-PP_26-001,03.06.2026,Purely Plant GmbH (in-house),5.91,ППК25052,26.02.2025,UKIM Faculty of Pharmacy — Center for Natural Products,8.4 × 10³,164/0272/25,24.02.2025,IPH — Institute of Public Health,< 10,164/0272/25,24.02.2025,IPH — Institute of Public Health,< 10,164/0272/25,24.02.2025,IPH — Institute of Public Health,Absent | Отсутна,164/0272/25,24.02.2025,IPH — Institute of Public Health,Absent | Отсутна,164/0272/25,24.02.2025,IPH — Institute of Public Health,upon request — not required for release,—,—,—,upon request — not required for release,—,—,—,not tested,—,—,—,< 2,750/2025,27.02.2025,IPH — Institute of Public Health,not tested,—,—,—,0.036,750/2025,27.02.2025,IPH — Institute of Public Health,0.013,750/2025,27.02.2025,IPH — Institute of Public Health,0.063,750/2025,27.02.2025,IPH — Institute of Public Health,0.006,750/2025,27.02.2025,IPH — Institute of Public Health,ND,750/2025,27.02.2025,IPH — Institute of Public Health
CoQ-PP_26-002,release,issuable,06.06.2026,n/a — release certificate,CoQ-PP-2025-0001,BSS1024,BSS1024,Blue Sunset Sherbet,22.01.2025,04.03.2025,22.01.2025,04.03.2025,iCoA-PP_26-002,03.06.2026,04.03.2025,—,21.03,ППК25051,III,18.11 – 21.88 %,BSS_THC20 : CBD1,QCSP_001_BSS-III_v.01,for review — new,INDICA,THC,MACHINE TRIMMED,—,"Triplex Alu Bag | Триплекс Aлу Kеса, PET 12 · ALU 7 · PE 80, 300 × 500 mm, net. 400.0 g ±3%",27.02.2025,Conforms | Одговара,iCoA-PP_26-002,03.06.2026,Purely Plant GmbH (in-house),Conforms | Одговара,iCoA-PP_26-002,03.06.2026,Purely Plant GmbH (in-house),Conforms | Одговара,ППК25051,26.02.2025,UKIM Faculty of Pharmacy — Center for Natural Products,21.03,ППК25051,26.02.2025,UKIM Faculty of Pharmacy — Center for Natural Products,0.04,ППК25051,26.02.2025,UKIM Faculty of Pharmacy — Center for Natural Products,0.02,ППК25051,26.02.2025,CNP,Conforms | Одговара,iCoA-PP_26-002,03.06.2026,Purely Plant GmbH (in-house),5.99,ППК25051,26.02.2025,UKIM Faculty of Pharmacy — Center for Natural Products,1.5 × 10⁴,161/0269/25,24.02.2025,IPH — Institute of Public Health,2.2 × 10³,161/0269/25,24.02.2025,IPH — Institute of Public Health,< 10² and > 10,161/0269/25,24.02.2025,IPH — Institute of Public Health,Absent | Отсутна,161/0269/25,24.02.2025,IPH — Institute of Public Health,Absent | Отсутна,161/0269/25,24.02.2025,IPH — Institute of Public Health,upon request — not required for release,—,—,—,upon request — not required for release,—,—,—,not tested,—,—,—,< 2,751/2025,27.02.2025,IPH — Institute of Public Health,not tested,—,—,—,0.071,751/2025,27.02.2025,IPH — Institute of Public Health,0.014,751/2025,27.02.2025,IPH — Institute of Public Health,0.081,751/2025,27.02.2025,IPH — Institute of Public Health,0.014,751/2025,27.02.2025,IPH — Institute of Public Health,ND,751/2025,27.02.2025,IPH — Institute of Public Health
CoQ-PP_26-003,release,issuable,06.06.2026,n/a — release certificate,CoQ-PP-2025-0002,BG1024,BG1024,Blue Gelato,21.01.2025,07.03.2025,21.01.2025,07.03.2025,iCoA-PP_26-003,03.06.2026,07.03.2025,—,21.80,ППК25050,II,19.80 – 24.19 %,BG_THC22 : CBD1,QCSP_001_BG-II_v.01,"for review — replaces the issued QCSP_001_BG-II_v.01 (was BG_THC23:CBD1, 23.00% ± 2.22%); now BG_THC22 : CBD1 19.80 – 24.19 %",INDICA,THC,MACHINE TRIMMED,—,"Triplex Alu Bag | Триплекс Aлу Kеса, PET 12 · ALU 7 · PE 80, 300 × 500 mm, net. 400.0 g ±3%",27.02.2025,Conforms | Одговара,iCoA-PP_26-003,03.06.2026,Purely Plant GmbH (in-house),Conforms | Одговара,iCoA-PP_26-003,03.06.2026,Purely Plant GmbH (in-house),Conforms | Одговара,ППК25050,26.02.2025,UKIM Faculty of Pharmacy — Center for Natural Products,21.80,ППК25050,26.02.2025,UKIM Faculty of Pharmacy — Center for Natural Products,0.04,ППК25050,26.02.2025,UKIM Faculty of Pharmacy — Center for Natural Products,0.02,ППК25050,26.02.2025,CNP,Conforms | Одговара,iCoA-PP_26-003,03.06.2026,Purely Plant GmbH (in-house),5.73,ППК25050,26.02.2025,UKIM Faculty of Pharmacy — Center for Natural Products,1.6 × 10⁴,163/0271/25,24.02.2025,IPH — Institute of Public Health,1 × 10⁴,163/0271/25,24.02.2025,IPH — Institute of Public Health,< 10² and > 10,163/0271/25,24.02.2025,IPH — Institute of Public Health,Absent | Отсутна,163/0271/25,24.02.2025,IPH — Institute of Public Health,Absent | Отсутна,163/0271/25,24.02.2025,IPH — Institute of Public Health,upon request — not required for release,—,—,—,upon request — not required for release,—,—,—,not tested,—,—,—,< 2,752/2025,27.02.2025,IPH — Institute of Public Health,not tested,—,—,—,0.01,752/2025,27.02.2025,IPH — Institute of Public Health,0.016,752/2025,27.02.2025,IPH — Institute of Public Health,0.014,752/2025,27.02.2025,IPH — Institute of Public Health,0.005,752/2025,27.02.2025,IPH — Institute of Public Health,ND,752/2025,27.02.2025,IPH — Institute of Public Health
CoQ-PP_26-004,release,issuable,06.06.2026,n/a — release certificate,CoQ-PP-2025-0003,GG1024,GG1024,Gorilla Glue,20.01.2025,11.03.2025,20.01.2025,11.03.2025,iCoA-PP_26-004,03.06.2026,11.03.2025,—,—,—,—,Per grade of the potency specification of 15.09.2026 — no Total THC result on file,—,—,—,—,—,—,—,—,04.03.2025,Conforms | Одговара,iCoA-PP_26-004,03.06.2026,Purely Plant GmbH (in-house),Conforms | Одговара,iCoA-PP_26-004,03.06.2026,Purely Plant GmbH (in-house),not tested,—,—,—,not tested,—,—,—,not tested,—,—,—,not tested,—,—,—,Conforms | Одговара,iCoA-PP_26-004,03.06.2026,Purely Plant GmbH (in-house),7.8,ППК25008,29.01.2025,CNP,1.1 × 10⁴ CFU/g,166/0274/25,24.02.2025,IPH — Institute of Public Health,< 10,166/0274/25,24.02.2025,IPH — Institute of Public Health,< 10² and > 10 CFU/g,166/0274/25,24.02.2025,IPH — Institute of Public Health,Absent | Отсутна,166/0274/25,24.02.2025,IPH — Institute of Public Health,Absent | Отсутна,166/0274/25,24.02.2025,IPH — Institute of Public Health,upon request — not required for release,—,—,—,upon request — not required for release,—,—,—,not tested,—,—,—,< 2,748/2025,04.03.2025,IPH — Institute of Public Health,not tested,—,—,—,0.052,748/2025,04.03.2025,IPH — Institute of Public Health,0.016,748/2025,04.03.2025,IPH — Institute of Public Health,0.04,748/2025,04.03.2025,IPH — Institute of Public Health,0.004,748/2025,04.03.2025,IPH — Institute of Public Health,ND mg/Kg — all 22 residues,748/2025,04.03.2025,IJZ
CoQ-PP_26-005,release,issuable,06.06.2026,n/a — release certificate,CoQ-PP-2025-0004,HPA1024,HPA1024,High Pro Amnesia,22.01.2025,11.04.2025,22.01.2025,11.04.2025,iCoA-PP_26-005,03.06.2026,11.04.2025,—,14.97,iCoA-PP_26-005,III,13.80 – 16.19 %,HPA_THC15 : CBD1,QCSP_001_HPA-III_v.01,"for review — replaces the issued QCSP_001_HPA-III_v.01 (was HPA_THC18 : CBD1, 17.00 – 19.00 %); now HPA_THC15 : CBD1 13.80 – 16.19 %",SATIVA,THC,MACHINE TRIMMED,—,"Triplex Alu Bag | Триплекс Aлу Kеса, PET 12 · ALU 7 · PE 80, 300 × 500 mm, net. 400.0 g ±3%",23.01.2025,Conforms | Одговара,iCoA-PP_26-005,03.06.2026,Purely Plant GmbH (in-house),Conforms | Одговара,iCoA-PP_26-005,03.06.2026,Purely Plant GmbH (in-house),not tested,—,—,—,14.97,iCoA-PP_26-005,03.06.2026,Purely Plant GmbH (in-house),0.04,iCoA-PP_26-005,03.06.2026,Purely Plant GmbH (in-house),not tested,—,—,—,Conforms | Одговара,iCoA-PP_26-005,03.06.2026,Purely Plant GmbH (in-house),not tested,—,—,—,5.2 × 10⁴,iCoA-PP_26-005,03.06.2026,Purely Plant GmbH (in-house),7 × 10²,iCoA-PP_26-005,03.06.2026,Purely Plant GmbH (in-house),< 10,iCoA-PP_26-005,03.06.2026,Purely Plant GmbH (in-house),Absent | Отсутна,iCoA-PP_26-005,03.06.2026,Purely Plant GmbH (in-house),Absent | Отсутна,iCoA-PP_26-005,03.06.2026,Purely Plant GmbH (in-house),upon request — not required for release,—,—,—,upon request — not required for release,—,—,—,not tested,—,—,—,< 2,iCoA-PP_26-005,03.06.2026,Purely Plant GmbH (in-house),not tested,—,—,—,0.02,iCoA-PP_26-005,03.06.2026,Purely Plant GmbH (in-house),0.013,iCoA-PP_26-005,03.06.2026,Purely Plant GmbH (in-house),0.017,iCoA-PP_26-005,03.06.2026,Purely Plant GmbH (in-house),0.0026,iCoA-PP_26-005,03.06.2026,Purely Plant GmbH (in-house),ND,iCoA-PP_26-005,03.06.2026,Purely Plant GmbH (in-house)
CoQ-PP_26-006,release,issuable,06.06.2026,n/a — release certificate,CoQ-PP-2025-0005,OPM1024,OPM1024,Orange Punch Mimosa,21.01.2025,24.04.2025 – 25.04.2025,21.01.2025,24.04.2025,iCoA-PP_26-006,03.06.2026,24.04.2025,—,19.96,iCoA-PP_26-006,I,18.60 – 21.39 %,OPM_THC20 : CBD1,QCSP_001_OPM-I_v.01,"for review — replaces the issued QCSP_001_OPM-I_v.01 (was OPM_THC22 : CBD1, 19.81 – 24.19 %); now OPM_THC20 : CBD1 18.60 – 21.39 %",INDICA,THC,MACHINE TRIMMED,—,"Triplex Alu Bag | Триплекс Aлу Kеса, PET 12 · ALU 7 · PE 80, 300 × 500 mm, net. 400.0 g ±3%",23.04.2025,Conforms | Одговара,iCoA-PP_26-006,03.06.2026,Purely Plant GmbH (in-house),Conforms | Одговара,iCoA-PP_26-006,03.06.2026,Purely Plant GmbH (in-house),not tested,—,—,—,19.96,iCoA-PP_26-006,03.06.2026,Purely Plant GmbH (in-house),0.05,iCoA-PP_26-006,03.06.2026,Purely Plant GmbH (in-house),not tested,—,—,—,Conforms | Одговара,iCoA-PP_26-006,03.06.2026,Purely Plant GmbH (in-house),not tested,—,—,—,1.3 × 10⁴,iCoA-PP_26-006,03.06.2026,Purely Plant GmbH (in-house),7 × 10²,iCoA-PP_26-006,03.06.2026,Purely Plant GmbH (in-house),< 10² > 10³,iCoA-PP_26-006,03.06.2026,Purely Plant GmbH (in-house),Absent | Отсутна,iCoA-PP_26-006,03.06.2026,Purely Plant GmbH (in-house),Absent | Отсутна,iCoA-PP_26-006,03.06.2026,Purely Plant GmbH (in-house),upon request — not required for release,—,—,—,upon request — not required for release,—,—,—,not tested,—,—,—,< 2,iCoA-PP_26-006,03.06.2026,Purely Plant GmbH (in-house),not tested,—,—,—,0.031,iCoA-PP_26-006,03.06.2026,Purely Plant GmbH (in-house),0.017,iCoA-PP_26-006,03.06.2026,Purely Plant GmbH (in-house),0.045,iCoA-PP_26-006,03.06.2026,Purely Plant GmbH (in-house),0.005,iCoA-PP_26-006,03.06.2026,Purely Plant GmbH (in-house),ND,iCoA-PP_26-006,03.06.2026,Purely Plant GmbH (in-house)
CoQ-PP_26-007,release,issuable,06.06.2026,n/a — release certificate,CoQ-PP-2025-0006,GP0824_02,P050022,Grape Pie,22.04.2025 – 23.04.2025,03.06.2025 – 11.06.2025,22.04.2025,03.06.2025,iCoA-PP_26-008,03.06.2026,03.06.2025,—,23.79,ППК25139,II,22.00 – 25.99 %,GP_THC24 : CBD1,QCSP_001_GP-II_v.01,"for review — replaces the issued QCSP_001_GP-II_v.01 (was GP_THC26 : CBD1, 25.40 – 26.60 %); now GP_THC24 : CBD1 22.00 – 25.99 %",HYBRID,THC,MACHINE TRIMMED,INDICA-DOMINANT,"Triplex Alu Bag | Триплекс Aлу Kеса, PET 12 · ALU 7 · PE 80, 300 × 500 mm, net. 400.0 g ±3%",02.07.2025,Conforms | Одговара,iCoA-PP_26-008,03.06.2026,Purely Plant GmbH (in-house),Conforms | Одговара,iCoA-PP_26-008,03.06.2026,Purely Plant GmbH (in-house),Conforms | Одговара,ППК25139,22.05.2025,UKIM Faculty of Pharmacy — Center for Natural Products,23.79,ППК25139,22.05.2025,UKIM Faculty of Pharmacy — Center for Natural Products,0.10,ППК25139,22.05.2025,UKIM Faculty of Pharmacy — Center for Natural Products,0.02,ППК25139,22.05.2025,UKIM Faculty of Pharmacy — Center for Natural Products,Conforms | Одговара,iCoA-PP_26-008,03.06.2026,Purely Plant GmbH (in-house),7.21,ППК25139,22.05.2025,UKIM Faculty of Pharmacy — Center for Natural Products,700,471-0862-25,22.05.2025,IPH — Institute of Public Health,< 10,471-0862-25,22.05.2025,IPH — Institute of Public Health,< 10² and > 10,471-0862-25,22.05.2025,IPH — Institute of Public Health,Absent | Отсутна,471-0862-25,22.05.2025,IPH — Institute of Public Health,Absent | Отсутна,471-0862-25,22.05.2025,IPH — Institute of Public Health,upon request — not required for release,—,—,—,upon request — not required for release,—,—,—,not tested,—,—,—,< 2,2471-2025,30.05.2025,IPH — Institute of Public Health,not tested,—,—,—,ND,2471-2025,30.05.2025,IPH — Institute of Public Health,ND,2471-2025,30.05.2025,IPH — Institute of Public Health,ND,2471-2025,30.05.2025,IPH — Institute of Public Health,ND,2471-2025,30.05.2025,IPH — Institute of Public Health,ND,2471-2025,30.05.2025,IPH — Institute of Public Health
CoQ-PP_26-008,release,issuable,06.06.2026,n/a — release certificate,(assigned on issue),GG1024_02,P050012,Gorilla Glue,14.04.2025 – 15.04.2025,11.06.2025 – 16.06.2025,—,—,iCoA-PP_26-009,03.06.2026,11.06.2025,—,15.95,ППК25140,II,13.77 – 16.22 %,GG_THC15 : CBD1,QCSP_001_GG-II_v.01,"for review — replaces the issued QCSP_001_GG-II_v.01 (was GG_THC16 : CBD1, 15.00 – 17.00 %); now GG_THC15 : CBD1 13.77 – 16.22 %",INDICA,THC,MACHINE TRIMMED,—,"Triplex Alu Bag | Триплекс Aлу Kеса, PET 12 · ALU 7 · PE 80, 300 × 500 mm, net. 400.0 g ±3%",30.05.2025,Conforms | Одговара,iCoA-PP_26-009,03.06.2026,Purely Plant GmbH (in-house),Conforms | Одговара,iCoA-PP_26-009,03.06.2026,Purely Plant GmbH (in-house),Conforms | Одговара,ППК25140,22.05.2025,UKIM Faculty of Pharmacy — Center for Natural Products,15.95,ППК25140,22.05.2025,UKIM Faculty of Pharmacy — Center for Natural Products,0.05,ППК25140,22.05.2025,UKIM Faculty of Pharmacy — Center for Natural Products,not tested,—,—,—,Conforms | Одговара,iCoA-PP_26-009,03.06.2026,Purely Plant GmbH (in-house),6.88,ППК25140,22.05.2025,UKIM Faculty of Pharmacy — Center for Natural Products,2.1 × 10⁴,472/0863/25,22.05.2025,IPH — Institute of Public Health,1.9 × 10⁴,472/0863/25,22.05.2025,IPH — Institute of Public Health,< 10,472/0863/25,22.05.2025,IPH — Institute of Public Health,Absent | Отсутна,472/0863/25,22.05.2025,IPH — Institute of Public Health,Absent | Отсутна,472/0863/25,22.05.2025,IPH — Institute of Public Health,upon request — not required for release,—,—,—,upon request — not required for release,—,—,—,not tested,—,—,—,< 2,2472/2025,30.05.2025,IPH — Institute of Public Health,not tested,—,—,—,ND,2472/2025,30.05.2025,IPH — Institute of Public Health,ND,2472/2025,30.05.2025,IPH — Institute of Public Health,ND,2472/2025,30.05.2025,IPH — Institute of Public Health,ND,2472/2025,30.05.2025,IPH — Institute of Public Health,ND,2472/2025,30.05.2025,IPH — Institute of Public Health
CoQ-PP_26-009,release,issuable,06.06.2026,n/a — release certificate,(assigned on issue),MB0824_04,P050032,Motor Breath,02.04.2025 – 03.04.2025,16.06.2025 – 19.06.2025,—,—,iCoA-PP_26-010,03.06.2026,16.06.2025,—,18.67,ППК25118,I,16.20 – 19.79 %,MB_THC18 : CBD1,QCSP_001_MB-I_v.01,"for review — replaces the issued QCSP_001_MB-I_v.01 (was MB_THC18 : CBD1, 16.20 – 19.80 %); now MB_THC18 : CBD1 16.20 – 19.79 %",HYBRID,THC,MACHINE TRIMMED,INDICA-DOMINANT,"Triplex Alu Bag | Триплекс Aлу Kеса, PET 12 · ALU 7 · PE 80, 300 × 500 mm, net. 400.0 g ±3%",07.05.2025,Conforms | Одговара,iCoA-PP_26-010,03.06.2026,Purely Plant GmbH (in-house),Conforms | Одговара,iCoA-PP_26-010,03.06.2026,Purely Plant GmbH (in-house),Conforms | Одговара,ППК25118,06.05.2025,UKIM Faculty of Pharmacy — Center for Natural Products,18.67,ППК25118,06.05.2025,UKIM Faculty of Pharmacy — Center for Natural Products,0.05,ППК25118,06.05.2025,UKIM Faculty of Pharmacy — Center for Natural Products,not tested,—,—,—,Conforms | Одговара,iCoA-PP_26-010,03.06.2026,Purely Plant GmbH (in-house),6.01,ППК25118,06.05.2025,UKIM Faculty of Pharmacy — Center for Natural Products,< 10,406/0744/25,05.05.2025,IPH — Institute of Public Health,< 10,406/0744/25,05.05.2025,IPH — Institute of Public Health,< 10,406/0744/25,05.05.2025,IPH — Institute of Public Health,Absent | Отсутна,406/0744/25,05.05.2025,IPH — Institute of Public Health,Absent | Отсутна,406/0744/25,05.05.2025,IPH — Institute of Public Health,upon request — not required for release,—,—,—,upon request — not required for release,—,—,—,not tested,—,—,—,< 2,2157/2025,07.05.2025,IPH — Institute of Public Health,not tested,—,—,—,0.031,2157/2025,07.05.2025,IPH — Institute of Public Health,0.005,2157/2025,07.05.2025,IPH — Institute of Public Health,0.011,2157/2025,07.05.2025,IPH — Institute of Public Health,ND,2157/2025,07.05.2025,IPH — Institute of Public Health,ND,2157/2025,07.05.2025,IPH — Institute of Public Health
CoQ-PP_26-010,release,issuable,06.06.2026,n/a — release certificate,CoQ-PP-2025-0007,OMP1024_01,P050042,Orange Punch Mimosa,26.03.2025 – 27.03.2025,20.06.2025,26.03.2025,20.06.2025,iCoA-PP_26-092,03.06.2026,—,—,15.38,ППК25117,III,12.60 – 15.39 %,OPM_THC14 : CBD1,QCSP_001_OPM-III_v.01,"for review — replaces the issued QCSP_001_OPM-III_v.01 (was OPM_THC16:CBD1, 16.00% ± 3.00%); now OPM_THC14 : CBD1 12.60 – 15.39 %",INDICA,THC,MACHINE TRIMMED,—,"Triplex Alu Bag | Триплекс Aлу Kеса, PET 12 · ALU 7 · PE 80, 300 × 500 mm, net. 400.0 g ±3%",07.05.2025,Conforms | Одговара,iCoA-PP_26-092,03.06.2026,Purely Plant GmbH (in-house),Conforms | Одговара,iCoA-PP_26-092,03.06.2026,Purely Plant GmbH (in-house),Conforms | Одговара,ППК25117,06.05.2025,UKIM Faculty of Pharmacy — Center for Natural Products,15.38,ППК25117,06.05.2025,UKIM Faculty of Pharmacy — Center for Natural Products,0.04,ППК25117,06.05.2025,UKIM Faculty of Pharmacy — Center for Natural Products,0.01,ППК25117,06.05.2025,CNP,Conforms | Одговара,iCoA-PP_26-092,03.06.2026,Purely Plant GmbH (in-house),5.86,ППК25117,06.05.2025,UKIM Faculty of Pharmacy — Center for Natural Products,10,407-0745-25,05.05.2025,IPH — Institute of Public Health,< 10,407-0745-25,05.05.2025,IPH — Institute of Public Health,< 10² and > 10,407-0745-25,05.05.2025,IPH — Institute of Public Health,Absent | Отсутна,407-0745-25,05.05.2025,IPH — Institute of Public Health,Absent | Отсутна,407-0745-25,05.05.2025,IPH — Institute of Public Health,upon request — not required for release,—,—,—,upon request — not required for release,—,—,—,not tested,—,—,—,< 2,2156/2025,07.05.2025,IPH — Institute of Public Health,not tested,—,—,—,0.031,2156/2025,07.05.2025,IPH — Institute of Public Health,0.004,2156/2025,07.05.2025,IPH — Institute of Public Health,0.01,2156/2025,07.05.2025,IPH — Institute of Public Health,0.001,2156/2025,07.05.2025,IPH — Institute of Public Health,ND,2156/2025,07.05.2025,IPH — Institute of Public Health
CoQ-PP_26-011,release,issuable,06.06.2026,n/a — release certificate,CoQ-PP-2025-0008,HPA1024_01,P050052,High Pro Amnesia,27.05.2025 – 28.05.2025,27.06.2025 – 04.07.2025,27.05.2025,27.06.2025,iCoA-PP_26-011,03.06.2026,27.06.2025,—,22.43,ППК25155,I,19.80 – 24.19 %,HPA_THC22 : CBD1,QCSP_001_HPA-I_v.01,"for review — replaces the issued QCSP_001_HPA-I_v.01 (was HPA_THC22 : CBD1, 21.00 – 23.00 %); now HPA_THC22 : CBD1 19.80 – 24.19 %",SATIVA,THC,MACHINE TRIMMED,—,"Triplex Alu Bag | Триплекс Aлу Kеса, PET 12 · ALU 7 · PE 80, 300 × 500 mm, net. 400.0 g ±3%",24.06.2025,Conforms | Одговара,iCoA-PP_26-011,03.06.2026,Purely Plant GmbH (in-house),Conforms | Одговара,iCoA-PP_26-011,03.06.2026,Purely Plant GmbH (in-house),Conforms | Одговара,ППК25155,24.06.2025,UKIM Faculty of Pharmacy — Center for Natural Products,22.43,ППК25155,24.06.2025,UKIM Faculty of Pharmacy — Center for Natural Products,0.1,ППК25155,24.06.2025,UKIM Faculty of Pharmacy — Center for Natural Products,0.02 ᴰ,ППК25155,24.06.2025,CNP,Conforms | Одговара,iCoA-PP_26-011,03.06.2026,Purely Plant GmbH (in-house),6.36,ППК25155,24.06.2025,UKIM Faculty of Pharmacy — Center for Natural Products,9.6 × 10³,587/1066/25,18.06.2025,IPH — Institute of Public Health,1.5 × 10⁴,587/1066/25,18.06.2025,IPH — Institute of Public Health,< 10,587/1066/25,18.06.2025,IPH — Institute of Public Health,Absent | Отсутна,587/1066/25,18.06.2025,IPH — Institute of Public Health,Absent | Отсутна,587/1066/25,18.06.2025,IPH — Institute of Public Health,upon request — not required for release,—,—,—,upon request — not required for release,—,—,—,not tested,—,—,—,< 2,2995/2025,19.06.2025,IPH — Institute of Public Health,not tested,—,—,—,0.059,2995/2025,19.06.2025,IPH — Institute of Public Health,0.014,2995/2025,19.06.2025,IPH — Institute of Public Health,0.037,2995/2025,19.06.2025,IPH — Institute of Public Health,0.008,2995/2025,19.06.2025,IPH — Institute of Public Health,ND,2995/2025,19.06.2025,IPH — Institute of Public Health
CoQ-PP_26-012,release,issuable,06.06.2026,n/a — release certificate,CoQ-PP-2025-0009,OPM1024_02,P050062,Orange Punch Mimosa,29.05.2025 – 30.05.2025,04.07.2025 – 10.07.2025,29.05.2025,04.07.2025,iCoA-PP_26-012,03.06.2026,04.07.2025,—,18.27,ППК25154,II,15.40 – 18.59 %,OPM_THC17 : CBD1,QCSP_001_OPM-II_v.01,"for review — replaces the issued QCSP_001_OPM-II_v.01 (was OPM_THC18 : CBD1, 16.20 – 19.80 %); now OPM_THC17 : CBD1 15.40 – 18.59 %",INDICA,THC,MACHINE TRIMMED,—,"Triplex Alu Bag | Триплекс Aлу Kеса, PET 12 · ALU 7 · PE 80, 300 × 500 mm, net. 400.0 g ±3%",24.06.2025,Conforms | Одговара,iCoA-PP_26-012,03.06.2026,Purely Plant GmbH (in-house),Conforms | Одговара,iCoA-PP_26-012,03.06.2026,Purely Plant GmbH (in-house),Conforms | Одговара,ППК25154,24.06.2025,UKIM Faculty of Pharmacy — Center for Natural Products,18.27,ППК25154,24.06.2025,UKIM Faculty of Pharmacy — Center for Natural Products,0.05,ППК25154,24.06.2025,UKIM Faculty of Pharmacy — Center for Natural Products,0.02 ᴰ,ППК25154,24.06.2025,CNP,Conforms | Одговара,iCoA-PP_26-012,03.06.2026,Purely Plant GmbH (in-house),6.89,ППК25154,24.06.2025,UKIM Faculty of Pharmacy — Center for Natural Products,3.4 × 10³,588/1067/25,18.06.2025,IPH — Institute of Public Health,3.6 × 10³,588/1067/25,18.06.2025,IPH — Institute of Public Health,< 10,588/1067/25,18.06.2025,IPH — Institute of Public Health,Absent | Отсутна,588/1067/25,18.06.2025,IPH — Institute of Public Health,Absent | Отсутна,588/1067/25,18.06.2025,IPH — Institute of Public Health,upon request — not required for release,—,—,—,upon request — not required for release,—,—,—,not tested,—,—,—,< 2,2994/2025,19.06.2025,IPH — Institute of Public Health,not tested,—,—,—,0.052,2994/2025,19.06.2025,IPH — Institute of Public Health,0.011,2994/2025,19.06.2025,IPH — Institute of Public Health,0.028,2994/2025,19.06.2025,IPH — Institute of Public Health,0.061,2994/2025,19.06.2025,IPH — Institute of Public Health,ND,2994/2025,19.06.2025,IPH — Institute of Public Health
CoQ-PP_26-013,release,issuable,06.06.2026,n/a — release certificate,CoQ-PP-2025-0010,GP0824_03,P050072,Grape Pie,09.06.2025 – 10.06.2025,14.07.2025 – 17.07.2025,09.06.2025,14.07.2025,iCoA-PP_26-013,03.06.2026,14.07.2025,—,25.45,ППК25175,II,22.00 – 25.99 %,GP_THC24 : CBD1,QCSP_001_GP-II_v.01,"for review — replaces the issued QCSP_001_GP-II_v.01 (was GP_THC26 : CBD1, 25.40 – 26.60 %); now GP_THC24 : CBD1 22.00 – 25.99 %",HYBRID,THC,MACHINE TRIMMED,INDICA-DOMINANT,"Triplex Alu Bag | Триплекс Aлу Kеса, PET 12 · ALU 7 · PE 80, 300 × 500 mm, net. 400.0 g ±3%",10.07.2025,Conforms | Одговара,iCoA-PP_26-013,03.06.2026,Purely Plant GmbH (in-house),Conforms | Одговара,iCoA-PP_26-013,03.06.2026,Purely Plant GmbH (in-house),Conforms | Одговара,ППК25175,10.07.2025,UKIM Faculty of Pharmacy — Center for Natural Products,25.45,ППК25175,10.07.2025,UKIM Faculty of Pharmacy — Center for Natural Products,0.08,ППК25175,10.07.2025,UKIM Faculty of Pharmacy — Center for Natural Products,< LOQ ᴰ,ППК25175,10.07.2025,CNP,Conforms | Одговара,iCoA-PP_26-013,03.06.2026,Purely Plant GmbH (in-house),6.58,ППК25175,10.07.2025,UKIM Faculty of Pharmacy — Center for Natural Products,1.1 × 10⁴,628/1129/25,02.07.2025,IPH — Institute of Public Health,1.2 × 10⁴,628/1129/25,02.07.2025,IPH — Institute of Public Health,< 10⁴ and > 10³,628/1129/25,02.07.2025,IPH — Institute of Public Health,Absent | Отсутна,628/1129/25,02.07.2025,IPH — Institute of Public Health,Absent | Отсутна,628/1129/25,02.07.2025,IPH — Institute of Public Health,upon request — not required for release,—,—,—,upon request — not required for release,—,—,—,not tested,—,—,—,< 2,3178/2025,26.06.2025,IPH — Institute of Public Health,not tested,—,—,—,ND,3178/2025,26.06.2025,IPH — Institute of Public Health,ND,3178/2025,26.06.2025,IPH — Institute of Public Health,0.119,3178/2025,26.06.2025,IPH — Institute of Public Health,ND,3178/2025,26.06.2025,IPH — Institute of Public Health,ND,3178/2025,26.06.2025,IPH — Institute of Public Health
CoQ-PP_26-014,release,issuable,06.06.2026,n/a — release certificate,CoQ-PP-2025-0011,OPM1024_03,P050082,Orange Punch Mimosa,01.07.2025 – 02.07.2025,22.07.2025 – 30.07.2025,01.07.2025,22.07.2025,iCoA-PP_26-014,03.06.2026,22.07.2025,—,16.55,ППК25210,II,15.40 – 18.59 %,OPM_THC17 : CBD1,QCSP_001_OPM-II_v.01,"for review — replaces the issued QCSP_001_OPM-II_v.01 (was OPM_THC18 : CBD1, 16.20 – 19.80 %); now OPM_THC17 : CBD1 15.40 – 18.59 %",INDICA,THC,MACHINE TRIMMED,—,"Triplex Alu Bag | Триплекс Aлу Kеса, PET 12 · ALU 7 · PE 80, 300 × 500 mm, net. 400.0 g ±3%",29.07.2025,Conforms | Одговара,iCoA-PP_26-014,03.06.2026,Purely Plant GmbH (in-house),Conforms | Одговара,iCoA-PP_26-014,03.06.2026,Purely Plant GmbH (in-house),Conforms | Одговара,ППК25210,28.07.2025,UKIM Faculty of Pharmacy — Center for Natural Products,16.55,ППК25210,28.07.2025,UKIM Faculty of Pharmacy — Center for Natural Products,0.04,ППК25210,28.07.2025,UKIM Faculty of Pharmacy — Center for Natural Products,0.01 ᴰ,ППК25210,28.07.2025,CNP,Conforms | Одговара,iCoA-PP_26-014,03.06.2026,Purely Plant GmbH (in-house),6.38,ППК25210,28.07.2025,UKIM Faculty of Pharmacy — Center for Natural Products,2 × 10²,766/1375/25,29.07.2025,IPH — Institute of Public Health,3 × 10²,766/1375/25,29.07.2025,IPH — Institute of Public Health,< 10,766/1375/25,29.07.2025,IPH — Institute of Public Health,Absent | Отсутна,766/1375/25,29.07.2025,IPH — Institute of Public Health,Absent | Отсутна,766/1375/25,29.07.2025,IPH — Institute of Public Health,upon request — not required for release,—,—,—,upon request — not required for release,—,—,—,not tested,—,—,—,2.1,3636/2025,28.07.2025,IPH — Institute of Public Health,not tested,—,—,—,ND,3636/2025,28.07.2025,IPH — Institute of Public Health,ND,3636/2025,28.07.2025,IPH — Institute of Public Health,0.135,3636/2025,28.07.2025,IPH — Institute of Public Health,0.03,3636/2025,28.07.2025,IPH — Institute of Public Health,ND,3636/2025,28.07.2025,IPH — Institute of Public Health
CoQ-PP_26-015,release,issuable,06.06.2026,n/a — release certificate,CoQ-PP-2025-0012,GG1024_01,P050092,Gorilla Glue,17.03.2025 – 18.03.2025,31.07.2025 – 05.08.2025,17.03.2025,31.07.2025,iCoA-PP_26-015,03.06.2026,31.07.2025,—,17.22,ППК25104,I,16.23 – 19.76 %,GG_THC18 : CBD1,QCSP_001_GG-I_v.01,"for review — replaces the issued QCSP_001_GG-I_v.01 (was GG_THC18 : CBD1, 17.01 – 18.99 %); now GG_THC18 : CBD1 16.23 – 19.76 %",INDICA,THC,MACHINE TRIMMED,—,"Triplex Alu Bag | Триплекс Aлу Kеса, PET 12 · ALU 7 · PE 80, 300 × 500 mm, net. 400.0 g ±3%",17.04.2025,Conforms | Одговара,iCoA-PP_26-015,03.06.2026,Purely Plant GmbH (in-house),Conforms | Одговара,iCoA-PP_26-015,03.06.2026,Purely Plant GmbH (in-house),Conforms | Одговара,ППК25104,17.04.2025,UKIM Faculty of Pharmacy — Center for Natural Products,17.22,ППК25104,17.04.2025,UKIM Faculty of Pharmacy — Center for Natural Products,0.05,ППК25104,17.04.2025,UKIM Faculty of Pharmacy — Center for Natural Products,ND ᴰ,ППК25104,17.04.2025,CNP,Conforms | Одговара,iCoA-PP_26-015,03.06.2026,Purely Plant GmbH (in-house),7.54,ППК25104,17.04.2025,UKIM Faculty of Pharmacy — Center for Natural Products,5.1 × 10⁴,320/0587/25,14.04.2025,IPH — Institute of Public Health,4.2 × 10⁴,320/0587/25,14.04.2025,IPH — Institute of Public Health,< 10,320/0587/25,14.04.2025,IPH — Institute of Public Health,Absent | Отсутна,320/0587/25,14.04.2025,IPH — Institute of Public Health,Absent | Отсутна,320/0587/25,14.04.2025,IPH — Institute of Public Health,upon request — not required for release,—,—,—,upon request — not required for release,—,—,—,not tested,—,—,—,< 2,1766/2025,11.04.2025,IPH — Institute of Public Health,not tested,—,—,—,0.02,1766/2025,11.04.2025,IPH — Institute of Public Health,0.007,1766/2025,11.04.2025,IPH — Institute of Public Health,0.015,1766/2025,11.04.2025,IPH — Institute of Public Health,0.005,1766/2025,11.04.2025,IPH — Institute of Public Health,ND,1766/2025,11.04.2025,IPH — Institute of Public Health
CoQ-PP_26-016,release,issuable,06.06.2026,n/a — release certificate,(assigned on issue),GP0824_01,P050102,Grape Pie,20.03.2025 – 21.03.2025,05.08.2025 – 07.08.2025,—,—,iCoA-PP_26-016,03.06.2026,05.08.2025,—,20.79,ППК25105,III,18.00 – 21.99 %,GP_THC20 : CBD1,QCSP_001_GP-III_v.01,"for review — replaces the issued QCSP_001_GP-III_v.01 (was GP_THC24 : CBD1, 22.61 – 25.39 %); now GP_THC20 : CBD1 18.00 – 21.99 %",HYBRID,THC,MACHINE TRIMMED,INDICA-DOMINANT,"Triplex Alu Bag | Триплекс Aлу Kеса, PET 12 · ALU 7 · PE 80, 300 × 500 mm, net. 400.0 g ±3%",17.04.2025,Conforms | Одговара,iCoA-PP_26-016,03.06.2026,Purely Plant GmbH (in-house),Conforms | Одговара,iCoA-PP_26-016,03.06.2026,Purely Plant GmbH (in-house),Conforms | Одговара,ППК25105,17.04.2025,UKIM Faculty of Pharmacy — Center for Natural Products,20.79,ППК25105,17.04.2025,UKIM Faculty of Pharmacy — Center for Natural Products,0.06,ППК25105,17.04.2025,UKIM Faculty of Pharmacy — Center for Natural Products,not tested,—,—,—,Conforms | Одговара,iCoA-PP_26-016,03.06.2026,Purely Plant GmbH (in-house),6.73,ППК25105,17.04.2025,UKIM Faculty of Pharmacy — Center for Natural Products,4.2 × 10³,318/0585/25,14.04.2025,IPH — Institute of Public Health,6 × 10³,318/0585/25,14.04.2025,IPH — Institute of Public Health,< 10,318/0585/25,14.04.2025,IPH — Institute of Public Health,Absent | Отсутна,318/0585/25,14.04.2025,IPH — Institute of Public Health,Absent | Отсутна,318/0585/25,14.04.2025,IPH — Institute of Public Health,upon request — not required for release,—,—,—,upon request — not required for release,—,—,—,not tested,—,—,—,< 2,1767/2025,11.04.2025,IPH — Institute of Public Health,not tested,—,—,—,0.026,1767/2025,11.04.2025,IPH — Institute of Public Health,0.005,1767/2025,11.04.2025,IPH — Institute of Public Health,0.015,1767/2025,11.04.2025,IPH — Institute of Public Health,0.005,1767/2025,11.04.2025,IPH — Institute of Public Health,ND,1767/2025,11.04.2025,IPH — Institute of Public Health
CoQ-PP_26-017,release,issuable,06.06.2026,n/a — release certificate,CoQ-PP-2025-0013,MB0824_05,P050112,Motor Breath,08.07.2025 – 09.07.2025,25.08.2025 – 31.08.2025,08.07.2025,25.08.2025,iCoA-PP_26-017,03.06.2026,25.08.2025,—,16.82,ППК25211,I,16.20 – 19.79 %,MB_THC18 : CBD1,QCSP_001_MB-I_v.01,"for review — replaces the issued QCSP_001_MB-I_v.01 (was MB_THC18 : CBD1, 16.20 – 19.80 %); now MB_THC18 : CBD1 16.20 – 19.79 %",HYBRID,THC,MACHINE TRIMMED,INDICA-DOMINANT,"Triplex Alu Bag | Триплекс Aлу Kеса, PET 12 · ALU 7 · PE 80, 300 × 500 mm, net. 400.0 g ±3%",29.07.2025,Conforms | Одговара,iCoA-PP_26-017,03.06.2026,Purely Plant GmbH (in-house),Conforms | Одговара,iCoA-PP_26-017,03.06.2026,Purely Plant GmbH (in-house),Conforms | Одговара,ППК25211,28.07.2025,UKIM Faculty of Pharmacy — Center for Natural Products,16.82,ППК25211,28.07.2025,UKIM Faculty of Pharmacy — Center for Natural Products,0.06,ППК25211,28.07.2025,UKIM Faculty of Pharmacy — Center for Natural Products,0.02 ᴰ,ППК25211,28.07.2025,CNP,Conforms | Одговара,iCoA-PP_26-017,03.06.2026,Purely Plant GmbH (in-house),6.56,ППК25211,28.07.2025,UKIM Faculty of Pharmacy — Center for Natural Products,3.5 × 10³,767/1376/25,29.07.2025,IPH — Institute of Public Health,1 × 10³,767/1376/25,29.07.2025,IPH — Institute of Public Health,< 10,767/1376/25,29.07.2025,IPH — Institute of Public Health,Absent | Отсутна,767/1376/25,29.07.2025,IPH — Institute of Public Health,Absent | Отсутна,767/1376/25,29.07.2025,IPH — Institute of Public Health,upon request — not required for release,—,—,—,upon request — not required for release,—,—,—,not tested,—,—,—,2,3638/2025,28.07.2025,IPH — Institute of Public Health,not tested,—,—,—,ND,3638/2025,28.07.2025,IPH — Institute of Public Health,ND,3638/2025,28.07.2025,IPH — Institute of Public Health,0.086,3638/2025,28.07.2025,IPH — Institute of Public Health,0.006,3638/2025,28.07.2025,IPH — Institute of Public Health,ND,3638/2025,28.07.2025,IPH — Institute of Public Health
CoQ-PP_26-018,release,issuable,06.06.2026,n/a — release certificate,(assigned on issue),BSS1024_01,P050122,Blue Sunset Sherbet,04.06.2025 – 05.06.2025,01.09.2025 – 09.09.2025,—,—,iCoA-PP_26-089,03.06.2026,—,—,23.42,ППК25176,II,21.89 – 26.10 %,BSS_THC24 : CBD1,QCSP_001_BSS-II_v.01,"for review — replaces the issued QCSP_001_BSS-II_v.01 (was BSS_THC20 : CBD1, 18.00 – 22.00 %); now BSS_THC24 : CBD1 21.89 – 26.10 %",INDICA,THC,MACHINE TRIMMED,—,"Triplex Alu Bag | Триплекс Aлу Kеса, PET 12 · ALU 7 · PE 80, 300 × 500 mm, net. 400.0 g ±3%",10.07.2025,Conforms | Одговара,iCoA-PP_26-089,03.06.2026,Purely Plant GmbH (in-house),Conforms | Одговара,iCoA-PP_26-089,03.06.2026,Purely Plant GmbH (in-house),Conforms | Одговара,ППК25176,10.07.2025,UKIM Faculty of Pharmacy — Center for Natural Products,23.42,ППК25176,10.07.2025,UKIM Faculty of Pharmacy — Center for Natural Products,0.06,ППК25176,10.07.2025,UKIM Faculty of Pharmacy — Center for Natural Products,not tested,—,—,—,Conforms | Одговара,iCoA-PP_26-089,03.06.2026,Purely Plant GmbH (in-house),6.38,ППК25176,10.07.2025,UKIM Faculty of Pharmacy — Center for Natural Products,< 10,626/1127/25,02.07.2025,IPH — Institute of Public Health,< 10,626/1127/25,02.07.2025,IPH — Institute of Public Health,< 10,626/1127/25,02.07.2025,IPH — Institute of Public Health,Absent | Отсутна,626/1127/25,02.07.2025,IPH — Institute of Public Health,Absent | Отсутна,626/1127/25,02.07.2025,IPH — Institute of Public Health,upon request — not required for release,—,—,—,upon request — not required for release,—,—,—,not tested,—,—,—,< 2,3177/2025,26.06.2025,IPH — Institute of Public Health,not tested,—,—,—,ND,3177/2025,26.06.2025,IPH — Institute of Public Health,ND,3177/2025,26.06.2025,IPH — Institute of Public Health,0.112,3177/2025,26.06.2025,IPH — Institute of Public Health,ND,3177/2025,26.06.2025,IPH — Institute of Public Health,ND,3177/2025,26.06.2025,IPH — Institute of Public Health
CoQ-PP_26-019,release,issuable,06.06.2026,n/a — release certificate,(assigned on issue),OPM052501,P050132,Orange Punch Mimosa,11.08.2025 – 13.08.2025,09.09.2025 – 15.09.2025,—,—,iCoA-PP_26-018,03.06.2026,09.09.2025,—,14.16,ППК25257,III,12.60 – 15.39 %,OPM_THC14 : CBD1,QCSP_001_OPM-III_v.01,"for review — replaces the issued QCSP_001_OPM-III_v.01 (was OPM_THC16:CBD1, 16.00% ± 3.00%); now OPM_THC14 : CBD1 12.60 – 15.39 %",INDICA,THC,MACHINE TRIMMED,—,"Triplex Alu Bag | Триплекс Aлу Kеса, PET 12 · ALU 7 · PE 80, 300 × 500 mm, net. 400.0 g ±3%",05.09.2025,Conforms | Одговара,iCoA-PP_26-018,03.06.2026,Purely Plant GmbH (in-house),Conforms | Одговара,iCoA-PP_26-018,03.06.2026,Purely Plant GmbH (in-house),Conforms | Одговара,ППК25257,05.09.2025,UKIM Faculty of Pharmacy — Center for Natural Products,14.16,ППК25257,05.09.2025,UKIM Faculty of Pharmacy — Center for Natural Products,0.04,ППК25257,05.09.2025,UKIM Faculty of Pharmacy — Center for Natural Products,not tested,—,—,—,Conforms | Одговара,iCoA-PP_26-018,03.06.2026,Purely Plant GmbH (in-house),8.28,ППК25257,05.09.2025,UKIM Faculty of Pharmacy — Center for Natural Products,1.2 × 10⁴,904/1589/25,02.09.2025,IPH — Institute of Public Health,3.3 × 10⁴,904/1589/25,02.09.2025,IPH — Institute of Public Health,< 10,904/1589/25,02.09.2025,IPH — Institute of Public Health,Absent | Отсутна,904/1589/25,02.09.2025,IPH — Institute of Public Health,Absent | Отсутна,904/1589/25,02.09.2025,IPH — Institute of Public Health,upon request — not required for release,—,—,—,upon request — not required for release,—,—,—,not tested,—,—,—,2.1,4157/2025,29.08.2025,IPH — Institute of Public Health,not tested,—,—,—,ND,4157/2025,29.08.2025,IPH — Institute of Public Health,ND,4157/2025,29.08.2025,IPH — Institute of Public Health,ND,4157/2025,29.08.2025,IPH — Institute of Public Health,ND,4157/2025,29.08.2025,IPH — Institute of Public Health,ND,4157/2025,29.08.2025,IPH — Institute of Public Health
CoQ-PP_26-020,release,issuable,06.06.2026,n/a — release certificate,CoQ-PP-2025-0014,GP052501,P050152,Grape Pie,],25.09.2025,—,25.09.2025,iCoA-PP_26-019,03.06.2026,25.09.2025,—,18.98,ППК25279,III,18.00 – 21.99 %,GP_THC20 : CBD1,QCSP_001_GP-III_v.01,"for review — replaces the issued QCSP_001_GP-III_v.01 (was GP_THC24 : CBD1, 22.61 – 25.39 %); now GP_THC20 : CBD1 18.00 – 21.99 %",HYBRID,THC,MACHINE TRIMMED,INDICA-DOMINANT,"Triplex Alu Bag | Триплекс Aлу Kеса, PET 12 · ALU 7 · PE 80, 300 × 500 mm, net. 400.0 g ±3%",19.09.2025,Conforms | Одговара,iCoA-PP_26-019,03.06.2026,Purely Plant GmbH (in-house),Conforms | Одговара,iCoA-PP_26-019,03.06.2026,Purely Plant GmbH (in-house),Conforms | Одговара,ППК25279,19.09.2025,UKIM Faculty of Pharmacy — Center for Natural Products,18.98,ППК25279,19.09.2025,UKIM Faculty of Pharmacy — Center for Natural Products,0.08,ППК25279,19.09.2025,UKIM Faculty of Pharmacy — Center for Natural Products,0.03 ᴰ,ППК25279,19.09.2025,CNP,Conforms | Одговара,iCoA-PP_26-019,03.06.2026,Purely Plant GmbH (in-house),7.30,ППК25279,19.09.2025,UKIM Faculty of Pharmacy — Center for Natural Products,2.1 × 10⁴,946/1684/25,17.09.2025,IPH — Institute of Public Health,3.6 × 10⁴,946/1684/25,17.09.2025,IPH — Institute of Public Health,< 10² and > 10¹,946/1684/25,17.09.2025,IPH — Institute of Public Health,Absent | Отсутна,946/1684/25,17.09.2025,IPH — Institute of Public Health,Absent | Отсутна,946/1684/25,17.09.2025,IPH — Institute of Public Health,upon request — not required for release,—,—,—,upon request — not required for release,—,—,—,not tested,—,—,—,< 2,4348/2025,15.09.2025,IPH — Institute of Public Health,not tested,—,—,—,0.06,4348/2025,15.09.2025,IPH — Institute of Public Health,ND,4348/2025,15.09.2025,IPH — Institute of Public Health,ND,4348/2025,15.09.2025,IPH — Institute of Public Health,ND,4348/2025,15.09.2025,IPH — Institute of Public Health,ND,4348/2025,15.09.2025,IPH — Institute of Public Health
CoQ-PP_26-021,release,issuable,06.06.2026,n/a — release certificate,(assigned on issue),BSS1024_01/2,P050142,Blue Sunset Sherbet,0,30.09.2025,—,30.09.2025,iCoA-PP_26-020,03.06.2026,30.09.2025,—,—,—,—,Per grade of the potency specification of 15.09.2026 — no Total THC result on file,—,—,—,—,—,—,—,—,—,Conforms | Одговара,iCoA-PP_26-020,03.06.2026,Purely Plant GmbH (in-house),Conforms | Одговара,iCoA-PP_26-020,03.06.2026,Purely Plant GmbH (in-house),to be performed (in house),—,—,—,not tested,—,—,—,not tested,—,—,—,not tested,—,—,—,Conforms | Одговара,iCoA-PP_26-020,03.06.2026,Purely Plant GmbH (in-house),not tested,—,—,—,not tested,—,—,—,not tested,—,—,—,not tested,—,—,—,not tested,—,—,—,not tested,—,—,—,upon request — not required for release,—,—,—,upon request — not required for release,—,—,—,not tested,—,—,—,not tested,—,—,—,not tested,—,—,—,not tested,—,—,—,not tested,—,—,—,not tested,—,—,—,not tested,—,—,—,not tested,—,—,—
CoQ-PP_26-022,release,issuable,06.06.2026,n/a — release certificate,CoQ-PP-2025-0015,CJ052501/01,P050162,Cap Junky,20.08.2025,30.09.2025 – 01.10.2025,20.08.2025,30.09.2025,iCoA-PP_26-021,03.06.2026,30.09.2025,—,20.29,ППК25280,III,18.40 – 21.59 %,CJ_THC20 : CBD1,QCSP_001_CJ-III_v.01,"for review — replaces the issued QCSP_001_CJ-III_v.01 (was CJ_THC24 : CBD1, 23.00 – 25.00 %); now CJ_THC20 : CBD1 18.40 – 21.59 %",HYBRID,THC,MACHINE TRIMMED,INDICA 60 : SATIVA 40,"Triplex Alu Bag | Триплекс Aлу Kеса, PET 12 · ALU 7 · PE 80, 300 × 500 mm, net. 400.0 g ±3%",17.09.2025,Conforms | Одговара,iCoA-PP_26-021,03.06.2026,Purely Plant GmbH (in-house),Conforms | Одговара,iCoA-PP_26-021,03.06.2026,Purely Plant GmbH (in-house),Conforms | Одговара,ППК25280,17.09.2025,UKIM Faculty of Pharmacy — Center for Natural Products,20.29,ППК25280,17.09.2025,UKIM Faculty of Pharmacy — Center for Natural Products,0.07,ППК25280,17.09.2025,UKIM Faculty of Pharmacy — Center for Natural Products,0.02 ᴰ,ППК25280,17.09.2025,CNP,Conforms | Одговара,iCoA-PP_26-021,03.06.2026,Purely Plant GmbH (in-house),7.93,ППК25280,17.09.2025,UKIM Faculty of Pharmacy — Center for Natural Products,2.8 × 10⁴,949/1687/25,17.09.2025,IPH — Institute of Public Health,1.7 × 10⁴,949/1687/25,17.09.2025,IPH — Institute of Public Health,< 10³ and > 10²,949/1687/25,17.09.2025,IPH — Institute of Public Health,Absent | Отсутна,949/1687/25,17.09.2025,IPH — Institute of Public Health,Absent | Отсутна,949/1687/25,17.09.2025,IPH — Institute of Public Health,upon request — not required for release,—,—,—,upon request — not required for release,—,—,—,not tested,—,—,—,< 2,4350/2025,15.09.2025,IPH — Institute of Public Health,not tested,—,—,—,0.085,4350/2025,15.09.2025,IPH — Institute of Public Health,ND,4350/2025,15.09.2025,IPH — Institute of Public Health,ND,4350/2025,15.09.2025,IPH — Institute of Public Health,ND,4350/2025,15.09.2025,IPH — Institute of Public Health,ND,4350/2025,15.09.2025,IPH — Institute of Public Health
CoQ-PP_26-023,release,issuable,06.06.2026,n/a — release certificate,(assigned on issue),CJ052501-2,P050172,Cap Junky,20.08.2025,01.10.2025 – 02.10.2025,—,—,iCoA-PP_26-022,03.06.2026,01.10.2025,—,14.93,ППК25281,V,12.60 – 15.39 %,CJ_THC14 : CBD1,QCSP_001_CJ-V_v.01,for review — new,HYBRID,THC,MACHINE TRIMMED,INDICA 60 : SATIVA 40,"Triplex Alu Bag | Триплекс Aлу Kеса, PET 12 · ALU 7 · PE 80, 300 × 500 mm, net. 400.0 g ±3%",17.09.2025,Conforms | Одговара,iCoA-PP_26-022,03.06.2026,Purely Plant GmbH (in-house),Conforms | Одговара,iCoA-PP_26-022,03.06.2026,Purely Plant GmbH (in-house),Conforms | Одговара,ППК25281,17.09.2025,UKIM Faculty of Pharmacy — Center for Natural Products,14.93,ППК25281,17.09.2025,UKIM Faculty of Pharmacy — Center for Natural Products,0.10,ППК25281,17.09.2025,UKIM Faculty of Pharmacy — Center for Natural Products,not tested,—,—,—,Conforms | Одговара,iCoA-PP_26-022,03.06.2026,Purely Plant GmbH (in-house),6.63,ППК25281,17.09.2025,UKIM Faculty of Pharmacy — Center for Natural Products,9 × 10³,947/1685/25,17.09.2025,IPH — Institute of Public Health,6.3 × 10³,947/1685/25,17.09.2025,IPH — Institute of Public Health,< 10,947/1685/25,17.09.2025,IPH — Institute of Public Health,Absent | Отсутна,947/1685/25,17.09.2025,IPH — Institute of Public Health,Absent | Отсутна,947/1685/25,17.09.2025,IPH — Institute of Public Health,upon request — not required for release,—,—,—,upon request — not required for release,—,—,—,not tested,—,—,—,< 2,4349/2025,15.09.2025,IPH — Institute of Public Health,not tested,—,—,—,0.02,4349/2025,15.09.2025,IPH — Institute of Public Health,ND,4349/2025,15.09.2025,IPH — Institute of Public Health,0.042,4349/2025,15.09.2025,IPH — Institute of Public Health,ND,4349/2025,15.09.2025,IPH — Institute of Public Health,ND,4349/2025,15.09.2025,IPH — Institute of Public Health
CoQ-PP_26-024,release,issuable,06.06.2026,n/a — release certificate,CoQ-PP-2025-0016,HPA052501,P050182,High Pro Amnesia,21.08.2025 – 23.08.2025,03.10.2025 – 09.10.2025,21.08.2025,03.10.2025,iCoA-PP_26-023,03.06.2026,03.10.2025,—,20.39,ППК25278,I,19.80 – 24.19 %,HPA_THC22 : CBD1,QCSP_001_HPA-I_v.01,"for review — replaces the issued QCSP_001_HPA-I_v.01 (was HPA_THC22 : CBD1, 21.00 – 23.00 %); now HPA_THC22 : CBD1 19.80 – 24.19 %",SATIVA,THC,MACHINE TRIMMED,—,"Triplex Alu Bag | Триплекс Aлу Kеса, PET 12 · ALU 7 · PE 80, 300 × 500 mm, net. 400.0 g ±3%",19.09.2025,Conforms | Одговара,iCoA-PP_26-023,03.06.2026,Purely Plant GmbH (in-house),Conforms | Одговара,iCoA-PP_26-023,03.06.2026,Purely Plant GmbH (in-house),Conforms | Одговара,ППК25278,19.09.2025,UKIM Faculty of Pharmacy — Center for Natural Products,20.39,ППК25278,19.09.2025,UKIM Faculty of Pharmacy — Center for Natural Products,0.09,ППК25278,19.09.2025,UKIM Faculty of Pharmacy — Center for Natural Products,0.02 ᴰ,ППК25278,19.09.2025,CNP,Conforms | Одговара,iCoA-PP_26-023,03.06.2026,Purely Plant GmbH (in-house),7.29,ППК25278,19.09.2025,UKIM Faculty of Pharmacy — Center for Natural Products,2.7 × 10⁴,948/1686/25,17.09.2025,IPH — Institute of Public Health,2.6 × 10⁴,948/1686/25,17.09.2025,IPH — Institute of Public Health,< 10,948/1686/25,17.09.2025,IPH — Institute of Public Health,Absent | Отсутна,948/1686/25,17.09.2025,IPH — Institute of Public Health,Absent | Отсутна,948/1686/25,17.09.2025,IPH — Institute of Public Health,upon request — not required for release,—,—,—,upon request — not required for release,—,—,—,not tested,—,—,—,< 2,4352/2025,15.09.2025,IPH — Institute of Public Health,not tested,—,—,—,0.034,4352/2025,15.09.2025,IPH — Institute of Public Health,ND,4352/2025,15.09.2025,IPH — Institute of Public Health,ND,4352/2025,15.09.2025,IPH — Institute of Public Health,ND,4352/2025,15.09.2025,IPH — Institute of Public Health,ND,4352/2025,15.09.2025,IPH — Institute of Public Health
CoQ-PP_26-025,release,issuable,06.06.2026,n/a — release certificate,CoQ-PP-2025-0017,BSS052501,P050192,Blue Sunset Sherbet,01.09.2025 – 03.09.2025,10.10.2025 – 21.10.2025,01.09.2025,10.10.2025,iCoA-PP_26-024,03.06.2026,10.10.2025,—,20.39,iCoA-PP_26-024,III,18.11 – 21.88 %,BSS_THC20 : CBD1,QCSP_001_BSS-III_v.01,for review — new,INDICA,THC,MACHINE TRIMMED,—,"Triplex Alu Bag | Триплекс Aлу Kеса, PET 12 · ALU 7 · PE 80, 300 × 500 mm, net. 400.0 g ±3%",04.12.2025,Conforms | Одговара,iCoA-PP_26-024,03.06.2026,Purely Plant GmbH (in-house),Conforms | Одговара,iCoA-PP_26-024,03.06.2026,Purely Plant GmbH (in-house),not tested,—,—,—,20.39,iCoA-PP_26-024,03.06.2026,Purely Plant GmbH (in-house),0.11,iCoA-PP_26-024,03.06.2026,Purely Plant GmbH (in-house),not tested,—,—,—,Conforms | Одговара,iCoA-PP_26-024,03.06.2026,Purely Plant GmbH (in-house),8.60,iCoA-PP_26-024,03.06.2026,Purely Plant GmbH (in-house),200,1157/2058/25,24.11.2025,IPH — Institute of Public Health,200,1157/2058/25,24.11.2025,IPH — Institute of Public Health,< 10² and > 10,1157/2058/25,24.11.2025,IPH — Institute of Public Health,Absent | Отсутна,1157/2058/25,24.11.2025,IPH — Institute of Public Health,Absent | Отсутна,1157/2058/25,24.11.2025,IPH — Institute of Public Health,upon request — not required for release,—,—,—,upon request — not required for release,—,—,—,ND,276-31-М/25,04.12.2025,Farmahem,not tested,—,—,—,< LOQ,276-31-М/25,04.12.2025,Farmahem,0.024,5661/2025,01.12.2025,IPH — Institute of Public Health,0.004,5661/2025,01.12.2025,IPH — Institute of Public Health,0.025,5661/2025,01.12.2025,IPH — Institute of Public Health,0.0036,5661/2025,01.12.2025,IPH — Institute of Public Health,Not found any pesticide above LOQ (≤LOQ) — COMPLIES with Ph. Eur.,10802_2845/2,17.11.2025,State Phytosanitary Laboratory
CoQ-PP_26-026,release,issuable,06.06.2026,n/a — release certificate,(assigned on issue),GP062501,P050202,Grape Pie,15.09.2025 – 17.09.2025,30.10.2025 – 07.11.2025,—,—,iCoA-PP_26-025,03.06.2026,30.10.2025,—,24.89,iCoA-PP_26-025,II,22.00 – 25.99 %,GP_THC24 : CBD1,QCSP_001_GP-II_v.01,"for review — replaces the issued QCSP_001_GP-II_v.01 (was GP_THC26 : CBD1, 25.40 – 26.60 %); now GP_THC24 : CBD1 22.00 – 25.99 %",HYBRID,THC,MACHINE TRIMMED,INDICA-DOMINANT,"Triplex Alu Bag | Триплекс Aлу Kеса, PET 12 · ALU 7 · PE 80, 300 × 500 mm, net. 400.0 g ±3%",28.11.2025,Conforms | Одговара,iCoA-PP_26-025,03.06.2026,Purely Plant GmbH (in-house),Conforms | Одговара,iCoA-PP_26-025,03.06.2026,Purely Plant GmbH (in-house),not tested,—,—,—,24.89,iCoA-PP_26-025,03.06.2026,Purely Plant GmbH (in-house),0.17,iCoA-PP_26-025,03.06.2026,Purely Plant GmbH (in-house),not tested,—,—,—,Conforms | Одговара,iCoA-PP_26-025,03.06.2026,Purely Plant GmbH (in-house),"8.19 (avg of 4 weighings 51-1,51-2,52-1,52-2)",iCoA-PP_26-025,03.06.2026,Purely Plant GmbH (in-house),1.3 × 10⁴,1009/1813/25,08.10.2025,IPH — Institute of Public Health,4.2 × 10³,1009/1813/25,08.10.2025,IPH — Institute of Public Health,< 10³ and > 10²,1009/1813/25,08.10.2025,IPH — Institute of Public Health,Absent | Отсутна,1009/1813/25,08.10.2025,IPH — Institute of Public Health,Absent | Отсутна,1009/1813/25,08.10.2025,IPH — Institute of Public Health,upon request — not required for release,—,—,—,upon request — not required for release,—,—,—,not tested,—,—,—,< 2,4762/2025,08.10.2025,IPH — Institute of Public Health,not tested,—,—,—,0.077,4762/2025,08.10.2025,IPH — Institute of Public Health,0.014,4762/2025,08.10.2025,IPH — Institute of Public Health,0.024,4762/2025,08.10.2025,IPH — Institute of Public Health,0.011,4762/2025,08.10.2025,IPH — Institute of Public Health,ND,4762/2025,08.10.2025,IPH — Institute of Public Health
CoQ-PP_26-027,release,issuable,06.06.2026,n/a — release certificate,(assigned on issue),CJ062501-2,P050212,Cap Junky,23.09.2025 – 24.09.2025,18.11.2025 – 24.11.2025,—,—,iCoA-PP_26-026,03.06.2026,18.11.2025,—,16.56,ППК25322,IV,15.60 – 18.39 %,CJ_THC17 : CBD1,QCSP_001_CJ-IV_v.01,"for review — replaces the issued QCSP_001_CJ-IV_v.01 (was CJ_THC20 : CBD1, 18.00 – 22.00 %); now CJ_THC17 : CBD1 15.60 – 18.39 %",HYBRID,THC,MACHINE TRIMMED,INDICA 60 : SATIVA 40,"Triplex Alu Bag | Триплекс Aлу Kеса, PET 12 · ALU 7 · PE 80, 300 × 500 mm, net. 400.0 g ±3%",24.10.2025,Conforms | Одговара,iCoA-PP_26-026,03.06.2026,Purely Plant GmbH (in-house),Conforms | Одговара,iCoA-PP_26-026,03.06.2026,Purely Plant GmbH (in-house),Conforms | Одговара,ППК25322,23.10.2025,UKIM Faculty of Pharmacy — Center for Natural Products,16.56,ППК25322,23.10.2025,UKIM Faculty of Pharmacy — Center for Natural Products,0.14,ППК25322,23.10.2025,UKIM Faculty of Pharmacy — Center for Natural Products,< LOQ ᴰ,ППК25322,23.10.2025,CNP,Conforms | Одговара,iCoA-PP_26-026,03.06.2026,Purely Plant GmbH (in-house),6.70,ППК25322,23.10.2025,UKIM Faculty of Pharmacy — Center for Natural Products,2.2 × 10⁴,1032/1851/25,17.10.2025,IPH — Institute of Public Health,4.9 × 10⁴,1032/1851/25,17.10.2025,IPH — Institute of Public Health,< 10⁴ and > 10³,1032/1851/25,17.10.2025,IPH — Institute of Public Health,Absent | Отсутна,1032/1851/25,17.10.2025,IPH — Institute of Public Health,Absent | Отсутна,1032/1851/25,17.10.2025,IPH — Institute of Public Health,upon request — not required for release,—,—,—,upon request — not required for release,—,—,—,not tested,—,—,—,< 2,4908/2025,24.10.2025,IPH — Institute of Public Health,not tested,—,—,—,0.026,4908/2025,24.10.2025,IPH — Institute of Public Health,0.002,4908/2025,24.10.2025,IPH — Institute of Public Health,0.011,4908/2025,24.10.2025,IPH — Institute of Public Health,0.012,4908/2025,24.10.2025,IPH — Institute of Public Health,ND,4908/2025,24.10.2025,IPH — Institute of Public Health
CoQ-PP_26-028,release,issuable,06.06.2026,n/a — release certificate,CoQ-PP-2025-0018,CJ062501/1,P050222,Cap Junky,23.09.2025,24.11.2025 – 25.11.2025,23.09.2025,24.11.2025,iCoA-PP_26-027,03.06.2026,24.11.2025,—,21.51,ППК25321,III,18.40 – 21.59 %,CJ_THC20 : CBD1,QCSP_001_CJ-III_v.01,"for review — replaces the issued QCSP_001_CJ-III_v.01 (was CJ_THC24 : CBD1, 23.00 – 25.00 %); now CJ_THC20 : CBD1 18.40 – 21.59 %",HYBRID,THC,MACHINE TRIMMED,INDICA 60 : SATIVA 40,"Triplex Alu Bag | Триплекс Aлу Kеса, PET 12 · ALU 7 · PE 80, 300 × 500 mm, net. 400.0 g ±3%",01.12.2025,Conforms | Одговара,iCoA-PP_26-027,03.06.2026,Purely Plant GmbH (in-house),Conforms | Одговара,iCoA-PP_26-027,03.06.2026,Purely Plant GmbH (in-house),Conforms | Одговара,ППК25321,23.10.2025,UKIM Faculty of Pharmacy — Center for Natural Products,21.51,ППК25321,23.10.2025,UKIM Faculty of Pharmacy — Center for Natural Products,0.07,ППК25321,23.10.2025,UKIM Faculty of Pharmacy — Center for Natural Products,0.02 ᴰ,ППК25321,23.10.2025,CNP,Conforms | Одговара,iCoA-PP_26-027,03.06.2026,Purely Plant GmbH (in-house),7.77,ППК25321,23.10.2025,UKIM Faculty of Pharmacy — Center for Natural Products,< 10,1217/2168/25,01.12.2025,IPH — Institute of Public Health,20,1217/2168/25,01.12.2025,IPH — Institute of Public Health,< 10,1217/2168/25,01.12.2025,IPH — Institute of Public Health,Absent | Отсутна,1217/2168/25,01.12.2025,IPH — Institute of Public Health,Absent | Отсутна,1217/2168/25,01.12.2025,IPH — Institute of Public Health,upon request — not required for release,—,—,—,upon request — not required for release,—,—,—,not tested,—,—,—,< 2,4907/2025,24.10.2025,IPH — Institute of Public Health,not tested,—,—,—,0.037,4907/2025,24.10.2025,IPH — Institute of Public Health,0.002,4907/2025,24.10.2025,IPH — Institute of Public Health,0.027,4907/2025,24.10.2025,IPH — Institute of Public Health,0.017,4907/2025,24.10.2025,IPH — Institute of Public Health,ND,4907/2025,24.10.2025,IPH — Institute of Public Health
CoQ-PP_26-029,release,issuable,06.06.2026,n/a — release certificate,(assigned on issue),CJ072501,P050252,Cap Junky,27.10.2025,27.11.2025 – 28.11.2025,—,—,iCoA-PP_26-028,03.06.2026,27.11.2025,—,23.70,ППК25367,II,21.60 – 26.39 %,CJ_THC24 : CBD1,QCSP_001_CJ-II_v.01,"for review — replaces the issued QCSP_001_CJ-II_v.01 (was CJ_THC26 : CBD1, 25.01 – 26.99 %); now CJ_THC24 : CBD1 21.60 – 26.39 %",HYBRID,THC,MACHINE TRIMMED,INDICA 60 : SATIVA 40,"Triplex Alu Bag | Триплекс Aлу Kеса, PET 12 · ALU 7 · PE 80, 300 × 500 mm, net. 400.0 g ±3%",02.12.2025,Conforms | Одговара,iCoA-PP_26-028,03.06.2026,Purely Plant GmbH (in-house),Conforms | Одговара,iCoA-PP_26-028,03.06.2026,Purely Plant GmbH (in-house),Conforms | Одговара,ППК25367,28.11.2025,UKIM Faculty of Pharmacy — Center for Natural Products,23.70,ППК25367,28.11.2025,UKIM Faculty of Pharmacy — Center for Natural Products,0.09,ППК25367,28.11.2025,UKIM Faculty of Pharmacy — Center for Natural Products,not tested,—,—,—,Conforms | Одговара,iCoA-PP_26-028,03.06.2026,Purely Plant GmbH (in-house),8.22,ППК25367,28.11.2025,UKIM Faculty of Pharmacy — Center for Natural Products,4.5 × 10³,1218/2169/25,01.12.2025,IPH — Institute of Public Health,3.5 × 10³,1218/2169/25,01.12.2025,IPH — Institute of Public Health,< 10,1218/2169/25,01.12.2025,IPH — Institute of Public Health,Absent | Отсутна,1218/2169/25,01.12.2025,IPH — Institute of Public Health,Absent | Отсутна,1218/2169/25,01.12.2025,IPH — Institute of Public Health,upon request — not required for release,—,—,—,upon request — not required for release,—,—,—,not tested,—,—,—,< 2,5697/2025,02.12.2025,IPH — Institute of Public Health,not tested,—,—,—,0.013,5697/2025,02.12.2025,IPH — Institute of Public Health,0.004,5697/2025,02.12.2025,IPH — Institute of Public Health,0.011,5697/2025,02.12.2025,IPH — Institute of Public Health,0.002,5697/2025,02.12.2025,IPH — Institute of Public Health,ND,5697/2025,02.12.2025,IPH — Institute of Public Health
CoQ-PP_26-030,release,issuable,06.06.2026,n/a — release certificate,(assigned on issue),WC072501,P050262,Wedding Crusher,27.10.2025 – 28.10.2025,01.12.2025,—,—,iCoA-PP_26-029,03.06.2026,01.12.2025,—,22.11,ППК25369,II,20.60 – 23.39 %,WC_THC22 : CBD1,QCSP_001_WC-II_v.01,"for review — replaces the issued QCSP_001_WC-II_v.01 (was WC_THC22.5:CBD1, 22.50% ± 2.50%); now WC_THC22 : CBD1 20.60 – 23.39 %",HYBRID,THC,MACHINE TRIMMED,TO BE DETERMINED,"Triplex Alu Bag | Триплекс Aлу Kеса, PET 12 · ALU 7 · PE 80, 300 × 500 mm, net. 400.0 g ±3%",02.12.2025,Conforms | Одговара,iCoA-PP_26-029,03.06.2026,Purely Plant GmbH (in-house),Conforms | Одговара,iCoA-PP_26-029,03.06.2026,Purely Plant GmbH (in-house),Conforms | Одговара,ППК25369,28.11.2025,UKIM Faculty of Pharmacy — Center for Natural Products,22.11,ППК25369,28.11.2025,UKIM Faculty of Pharmacy — Center for Natural Products,0.06,ППК25369,28.11.2025,UKIM Faculty of Pharmacy — Center for Natural Products,not tested,—,—,—,Conforms | Одговара,iCoA-PP_26-029,03.06.2026,Purely Plant GmbH (in-house),8.94,ППК25369,28.11.2025,UKIM Faculty of Pharmacy — Center for Natural Products,100,1221/2172/25,01.12.2025,IPH — Institute of Public Health,90,1221/2172/25,01.12.2025,IPH — Institute of Public Health,< 10,1221/2172/25,01.12.2025,IPH — Institute of Public Health,Absent | Отсутна,1221/2172/25,01.12.2025,IPH — Institute of Public Health,Absent | Отсутна,1221/2172/25,01.12.2025,IPH — Institute of Public Health,upon request — not required for release,—,—,—,upon request — not required for release,—,—,—,not tested,—,—,—,< 2,5699/2025,02.12.2025,IPH — Institute of Public Health,not tested,—,—,—,0.023,5699/2025,02.12.2025,IPH — Institute of Public Health,0.005,5699/2025,02.12.2025,IPH — Institute of Public Health,0.006,5699/2025,02.12.2025,IPH — Institute of Public Health,0.01,5699/2025,02.12.2025,IPH — Institute of Public Health,ND,5699/2025,02.12.2025,IPH — Institute of Public Health
CoQ-PP_26-031,release,issuable,06.06.2026,n/a — release certificate,(assigned on issue),PM072501,P050272,Permanent Marker,27.10.2025,02.12.2025 – 03.12.2025,—,—,iCoA-PP_26-030,03.06.2026,02.12.2025,—,10.01,ППК25368,III,9.00 – 10.99 %,PM_THC10 : CBD1,QCSP_001_PM-III_v.01,"for review — replaces the issued QCSP_001_PM-III_v.01 (was PM_THC16.5:CBD1, 16.50% ± 2.50%); now PM_THC10 : CBD1 9.00 – 10.99 %",HYBRID,THC,MACHINE TRIMMED,INDICA-DOMINANT,"Triplex Alu Bag | Триплекс Aлу Kеса, PET 12 · ALU 7 · PE 80, 300 × 500 mm, net. 400.0 g ±3%",02.12.2025,Conforms | Одговара,iCoA-PP_26-030,03.06.2026,Purely Plant GmbH (in-house),Conforms | Одговара,iCoA-PP_26-030,03.06.2026,Purely Plant GmbH (in-house),Conforms | Одговара,ППК25368,28.11.2025,UKIM Faculty of Pharmacy — Center for Natural Products,10.01,ППК25368,28.11.2025,UKIM Faculty of Pharmacy — Center for Natural Products,0.04,ППК25368,28.11.2025,UKIM Faculty of Pharmacy — Center for Natural Products,not tested,—,—,—,Conforms | Одговара,iCoA-PP_26-030,03.06.2026,Purely Plant GmbH (in-house),9.52,ППК25368,28.11.2025,UKIM Faculty of Pharmacy — Center for Natural Products,110,1220/2171/25,01.12.2025,IPH — Institute of Public Health,200,1220/2171/25,01.12.2025,IPH — Institute of Public Health,< 10,1220/2171/25,01.12.2025,IPH — Institute of Public Health,Absent | Отсутна,1220/2171/25,01.12.2025,IPH — Institute of Public Health,Absent | Отсутна,1220/2171/25,01.12.2025,IPH — Institute of Public Health,upon request — not required for release,—,—,—,upon request — not required for release,—,—,—,not tested,—,—,—,< 2,5698/2025,02.12.2025,IPH — Institute of Public Health,not tested,—,—,—,0.021,5698/2025,02.12.2025,IPH — Institute of Public Health,0.001,5698/2025,02.12.2025,IPH — Institute of Public Health,0.012,5698/2025,02.12.2025,IPH — Institute of Public Health,0.003,5698/2025,02.12.2025,IPH — Institute of Public Health,ND,5698/2025,02.12.2025,IPH — Institute of Public Health
CoQ-PP_26-032,release,issuable,06.06.2026,n/a — release certificate,CoQ-PP-2025-0019,CLE072501,P050282,Clemosa A Bud,28.10.2025,03.12.2025 – 04.12.2025,28.10.2025,03.12.2025,iCoA-PP_26-031,03.06.2026,03.12.2025,—,8.02,ППК25370,I,7.20 – 8.79 %,CLE_THC8 : CBD1,QCSP_001_CLE-I_v.01,"for review — replaces the issued QCSP_001_CLE-I_v.01 (was CLE_THC8 : CBD1, 7.20 – 8.80 %); now CLE_THC8 : CBD1 7.20 – 8.79 %",HYBRID,THC,MACHINE TRIMMED,TO BE DETERMINED,"Triplex Alu Bag | Триплекс Aлу Kеса, PET 12 · ALU 7 · PE 80, 300 × 500 mm, net. 400.0 g ±3%",21.01.2026,Conforms | Одговара,iCoA-PP_26-031,03.06.2026,Purely Plant GmbH (in-house),Conforms | Одговара,iCoA-PP_26-031,03.06.2026,Purely Plant GmbH (in-house),Conforms | Одговара,ППК25370,28.11.2025,CNP,8.02,ППК25370,28.11.2025,CNP,0.04,ППК25370,28.11.2025,CNP,< LOQ ᴰ,ППК25370,28.11.2025,CNP,Conforms | Одговара,iCoA-PP_26-031,03.06.2026,Purely Plant GmbH (in-house),9.68,ППК25370,28.11.2025,CNP,< 10,1219/2170/25,01.12.2025,IPH — Institute of Public Health,< 10,1219/2170/25,01.12.2025,IPH — Institute of Public Health,< 10,1219/2170/25,01.12.2025,IPH — Institute of Public Health,Absent | Отсутна,1219/2170/25,01.12.2025,IPH — Institute of Public Health,Absent | Отсутна,1219/2170/25,01.12.2025,IPH — Institute of Public Health,upon request — not required for release,—,—,—,upon request — not required for release,—,—,—,not tested,—,—,—,2.2,5700/2025,02.12.2025,IPH — Institute of Public Health,not tested,—,—,—,0.032,5700/2025,02.12.2025,IPH — Institute of Public Health,0.002,5700/2025,02.12.2025,IPH — Institute of Public Health,0.013,5700/2025,02.12.2025,IPH — Institute of Public Health,0.021,5700/2025,02.12.2025,IPH — Institute of Public Health,ND,5700/2025,02.12.2025,IPH — Institute of Public Health
CoQ-PP_26-033,release,issuable,06.06.2026,n/a — release certificate,(assigned on issue),GP072501-1,P050292,Grape Pie,11.11.2025 – 13.11.2025,15.12.2025 – 21.12.2025,—,—,iCoA-PP_26-032,03.06.2026,15.12.2025,—,21.36,ППК25378,III,18.00 – 21.99 %,GP_THC20 : CBD1,QCSP_001_GP-III_v.01,"for review — replaces the issued QCSP_001_GP-III_v.01 (was GP_THC24 : CBD1, 22.61 – 25.39 %); now GP_THC20 : CBD1 18.00 – 21.99 %",HYBRID,THC,MACHINE TRIMMED,INDICA-DOMINANT,"Triplex Alu Bag | Триплекс Aлу Kеса, PET 12 · ALU 7 · PE 80, 300 × 500 mm, net. 400.0 g ±3%",21.01.2026,Conforms | Одговара,iCoA-PP_26-032,03.06.2026,Purely Plant GmbH (in-house),Conforms | Одговара,iCoA-PP_26-032,03.06.2026,Purely Plant GmbH (in-house),Conforms | Одговара,ППК25378,12.12.2025,UKIM Faculty of Pharmacy — Center for Natural Products,21.36,ППК25378,12.12.2025,UKIM Faculty of Pharmacy — Center for Natural Products,0.11,ППК25378,12.12.2025,UKIM Faculty of Pharmacy — Center for Natural Products,not tested,—,—,—,Conforms | Одговара,iCoA-PP_26-032,03.06.2026,Purely Plant GmbH (in-house),6.62,ППК25378,12.12.2025,UKIM Faculty of Pharmacy — Center for Natural Products,6 × 10³,1228/2194/25,05.12.2025,IPH — Institute of Public Health,6.5 × 10³,1228/2194/25,05.12.2025,IPH — Institute of Public Health,< 10,1228/2194/25,05.12.2025,IPH — Institute of Public Health,Absent | Отсутна,1228/2194/25,05.12.2025,IPH — Institute of Public Health,Absent | Отсутна,1228/2194/25,05.12.2025,IPH — Institute of Public Health,upon request — not required for release,—,—,—,upon request — not required for release,—,—,—,not tested,—,—,—,< 2,5886/2025,12.12.2025,IPH — Institute of Public Health,not tested,—,—,—,0.028,5886/2025,12.12.2025,IPH — Institute of Public Health,0.003,5886/2025,12.12.2025,IPH — Institute of Public Health,0.03,5886/2025,12.12.2025,IPH — Institute of Public Health,0.025,5886/2025,12.12.2025,IPH — Institute of Public Health,ND,5886/2025,12.12.2025,IPH — Institute of Public Health
CoQ-PP_26-034,release,issuable,06.06.2026,n/a — release certificate,CoQ-PP-2025-0020,GP072501/2,P050302,Grape Pie,13.11.2025,22.12.2025,13.11.2025,22.12.2025,iCoA-PP_26-033,03.06.2026,22.12.2025,—,19.81,ППК25379,III,18.00 – 21.99 %,GP_THC20 : CBD1,QCSP_001_GP-III_v.01,"for review — replaces the issued QCSP_001_GP-III_v.01 (was GP_THC24 : CBD1, 22.61 – 25.39 %); now GP_THC20 : CBD1 18.00 – 21.99 %",HYBRID,THC,MACHINE TRIMMED,INDICA-DOMINANT,"Triplex Alu Bag | Триплекс Aлу Kеса, PET 12 · ALU 7 · PE 80, 300 × 500 mm, net. 400.0 g ±3%",21.01.2026,Conforms | Одговара,iCoA-PP_26-033,03.06.2026,Purely Plant GmbH (in-house),Conforms | Одговара,iCoA-PP_26-033,03.06.2026,Purely Plant GmbH (in-house),Conforms | Одговара,ППК25379,12.12.2025,CNP,19.81,ППК25379,12.12.2025,CNP,0.10,ППК25379,12.12.2025,CNP,0.03 ᴰ,ППК25379,12.12.2025,CNP,Conforms | Одговара,iCoA-PP_26-033,03.06.2026,Purely Plant GmbH (in-house),7.41,ППК25379,12.12.2025,CNP,2 × 10²,1229/2195/25,05.12.2025,IPH — Institute of Public Health,3 × 10²,1229/2195/25,05.12.2025,IPH — Institute of Public Health,< 10,1229/2195/25,05.12.2025,IPH — Institute of Public Health,Absent | Отсутна,1229/2195/25,05.12.2025,IPH — Institute of Public Health,Absent | Отсутна,1229/2195/25,05.12.2025,IPH — Institute of Public Health,upon request — not required for release,—,—,—,upon request — not required for release,—,—,—,not tested,—,—,—,< 2,5887/2025,12.12.2025,IPH — Institute of Public Health,not tested,—,—,—,0.017,5887/2025,12.12.2025,IPH — Institute of Public Health,0.0028,5887/2025,12.12.2025,IPH — Institute of Public Health,0.02,5887/2025,12.12.2025,IPH — Institute of Public Health,0.019,5887/2025,12.12.2025,IPH — Institute of Public Health,ND,5887/2025,12.12.2025,IPH — Institute of Public Health
CoQ-PP_26-035,release,issuable,06.06.2026,n/a — release certificate,CoQ-PP-2025-0021,GP082501/1,P050312,Grape Pie,19.11.2025 – 20.11.2025,23.12.2025 – 26.12.2025,19.11.2025,23.12.2025,iCoA-PP_26-034,03.06.2026,23.12.2025,—,21.29,ППК25380,III,18.00 – 21.99 %,GP_THC20 : CBD1,QCSP_001_GP-III_v.01,"for review — replaces the issued QCSP_001_GP-III_v.01 (was GP_THC24 : CBD1, 22.61 – 25.39 %); now GP_THC20 : CBD1 18.00 – 21.99 %",HYBRID,THC,MACHINE TRIMMED,INDICA-DOMINANT,"Triplex Alu Bag | Триплекс Aлу Kеса, PET 12 · ALU 7 · PE 80, 300 × 500 mm, net. 400.0 g ±3%",21.01.2026,Conforms | Одговара,iCoA-PP_26-034,03.06.2026,Purely Plant GmbH (in-house),Conforms | Одговара,iCoA-PP_26-034,03.06.2026,Purely Plant GmbH (in-house),Conforms | Одговара,ППК25380,12.12.2025,CNP,21.29,ППК25380,12.12.2025,CNP,0.08,ППК25380,12.12.2025,CNP,0.03 ᴰ,ППК25380,12.12.2025,CNP,Conforms | Одговара,iCoA-PP_26-034,03.06.2026,Purely Plant GmbH (in-house),6.29,ППК25380,12.12.2025,CNP,4.3 × 10²,1226/2192/25,05.12.2025,IPH — Institute of Public Health,1 × 10³,1226/2192/25,05.12.2025,IPH — Institute of Public Health,< 10³ and > 10²,1226/2192/25,05.12.2025,IPH — Institute of Public Health,Absent | Отсутна,1226/2192/25,05.12.2025,IPH — Institute of Public Health,Absent | Отсутна,1226/2192/25,05.12.2025,IPH — Institute of Public Health,upon request — not required for release,—,—,—,upon request — not required for release,—,—,—,not tested,—,—,—,< 2,5888/2025,12.12.2025,IPH — Institute of Public Health,not tested,—,—,—,0.014,5888/2025,12.12.2025,IPH — Institute of Public Health,0.003,5888/2025,12.12.2025,IPH — Institute of Public Health,0.02,5888/2025,12.12.2025,IPH — Institute of Public Health,0.017,5888/2025,12.12.2025,IPH — Institute of Public Health,ND,5888/2025,12.12.2025,IPH — Institute of Public Health
CoQ-PP_26-036,release,issuable,06.06.2026,n/a — release certificate,CoQ-PP-2025-0022,GP082501/2,P050322,Grape Pie,20.11.2025,26.12.2025,20.11.2025,26.12.2025,iCoA-PP_26-035,03.06.2026,26.12.2025,—,14.83,ППК25381,IV,14.40 – 17.59 %,GP_THC16 : CBD1,QCSP_001_GP-IV_v.01,"for review — replaces the issued QCSP_001_GP-IV_v.01 (was GP_THC20 : CBD1, 18.00 – 22.00 %); now GP_THC16 : CBD1 14.40 – 17.59 %",HYBRID,THC,MACHINE TRIMMED,INDICA-DOMINANT,"Triplex Alu Bag | Триплекс Aлу Kеса, PET 12 · ALU 7 · PE 80, 300 × 500 mm, net. 400.0 g ±3%",21.01.2026,Conforms | Одговара,iCoA-PP_26-035,03.06.2026,Purely Plant GmbH (in-house),Conforms | Одговара,iCoA-PP_26-035,03.06.2026,Purely Plant GmbH (in-house),Conforms | Одговара,ППК25381,12.12.2025,CNP,14.83,ППК25381,12.12.2025,CNP,0.11,ППК25381,12.12.2025,CNP,0.02 ᴰ,ППК25381,12.12.2025,CNP,Conforms | Одговара,iCoA-PP_26-035,03.06.2026,Purely Plant GmbH (in-house),6.88,ППК25381,12.12.2025,CNP,3.2 × 10³,1227/2193/25,05.12.2025,IPH — Institute of Public Health,5.8 × 10³,1227/2193/25,05.12.2025,IPH — Institute of Public Health,< 10⁴ and > 10³,1227/2193/25,05.12.2025,IPH — Institute of Public Health,Absent | Отсутна,1227/2193/25,05.12.2025,IPH — Institute of Public Health,Absent | Отсутна,1227/2193/25,05.12.2025,IPH — Institute of Public Health,upon request — not required for release,—,—,—,upon request — not required for release,—,—,—,not tested,—,—,—,< 2,5889/2025,12.12.2025,IPH — Institute of Public Health,not tested,—,—,—,0.013,5889/2025,12.12.2025,IPH — Institute of Public Health,0.003,5889/2025,12.12.2025,IPH — Institute of Public Health,0.02,5889/2025,12.12.2025,IPH — Institute of Public Health,0.016,5889/2025,12.12.2025,IPH — Institute of Public Health,ND,5889/2025,12.12.2025,IPH — Institute of Public Health
CoQ-PP_26-037,release,issuable,06.06.2026,n/a — release certificate,CoQ-PP-2026-0001,WC082501,P060012,Wedding Crusher,09.12.2025,13.01.2026 – 14.01.2026,09.12.2025,13.01.2026,iCoA-PP_26-036,03.06.2026,13.01.2026,—,21.67,ППК26001,II,20.60 – 23.39 %,WC_THC22 : CBD1,QCSP_001_WC-II_v.01,"for review — replaces the issued QCSP_001_WC-II_v.01 (was WC_THC22.5:CBD1, 22.50% ± 2.50%); now WC_THC22 : CBD1 20.60 – 23.39 %",HYBRID,THC,MACHINE TRIMMED,TO BE DETERMINED,"Triplex Alu Bag | Триплекс Aлу Kеса, PET 12 · ALU 7 · PE 80, 300 × 500 mm, net. 400.0 g ±3%",02.02.2026,Conforms | Одговара,iCoA-PP_26-036,03.06.2026,Purely Plant GmbH (in-house),Conforms | Одговара,iCoA-PP_26-036,03.06.2026,Purely Plant GmbH (in-house),Conforms | Одговара,ППК26001,21.01.2026,UKIM Faculty of Pharmacy — Center for Natural Products,21.67,ППК26001,21.01.2026,UKIM Faculty of Pharmacy — Center for Natural Products,0.08,ППК26001,21.01.2026,UKIM Faculty of Pharmacy — Center for Natural Products,0.02 ᴰ,ППК26001,21.01.2026,CNP,Conforms | Одговара,iCoA-PP_26-036,03.06.2026,Purely Plant GmbH (in-house),7.50,ППК26001,21.01.2026,UKIM Faculty of Pharmacy — Center for Natural Products,10,3/0006/26,20.01.2026,IPH — Institute of Public Health,30,3/0006/26,20.01.2026,IPH — Institute of Public Health,< 10,3/0006/26,20.01.2026,IPH — Institute of Public Health,Absent | Отсутна,3/0006/26,20.01.2026,IPH — Institute of Public Health,Absent | Отсутна,3/0006/26,20.01.2026,IPH — Institute of Public Health,upon request — not required for release,—,—,—,upon request — not required for release,—,—,—,not tested,—,—,—,< 2,80/2026,02.02.2026,IPH — Institute of Public Health,not tested,—,—,—,ND,80/2026,02.02.2026,IPH — Institute of Public Health,ND,80/2026,02.02.2026,IPH — Institute of Public Health,ND,80/2026,02.02.2026,IPH — Institute of Public Health,ND,80/2026,02.02.2026,IPH — Institute of Public Health,ND,80/2026,02.02.2026,IPH — Institute of Public Health
CoQ-PP_26-038,release,issuable,06.06.2026,n/a — release certificate,CoQ-PP-2026-0002,CJ082501/1,P060022,Cap Junky,09.12.2025 – 10.12.2025,16.01.2026,09.12.2025,16.01.2026,iCoA-PP_26-037,03.06.2026,16.01.2026,—,24.96,ППК26002,II,21.60 – 26.39 %,CJ_THC24 : CBD1,QCSP_001_CJ-II_v.01,"for review — replaces the issued QCSP_001_CJ-II_v.01 (was CJ_THC26 : CBD1, 25.01 – 26.99 %); now CJ_THC24 : CBD1 21.60 – 26.39 %",HYBRID,THC,MACHINE TRIMMED,INDICA 60 : SATIVA 40,"Triplex Alu Bag | Триплекс Aлу Kеса, PET 12 · ALU 7 · PE 80, 300 × 500 mm, net. 400.0 g ±3%",02.02.2026,Conforms | Одговара,iCoA-PP_26-037,03.06.2026,Purely Plant GmbH (in-house),Conforms | Одговара,iCoA-PP_26-037,03.06.2026,Purely Plant GmbH (in-house),Conforms | Одговара,ППК26002,21.01.2026,UKIM Faculty of Pharmacy — Center for Natural Products,24.96,ППК26002,21.01.2026,UKIM Faculty of Pharmacy — Center for Natural Products,0.09,ППК26002,21.01.2026,UKIM Faculty of Pharmacy — Center for Natural Products,0.02 ᴰ,ППК26002,21.01.2026,CNP,Conforms | Одговара,iCoA-PP_26-037,03.06.2026,Purely Plant GmbH (in-house),7.21,ППК26002,21.01.2026,UKIM Faculty of Pharmacy — Center for Natural Products,1.5 × 10²,8/0011/26,20.01.2026,IPH — Institute of Public Health,1.3 × 10²,8/0011/26,20.01.2026,IPH — Institute of Public Health,< 10,8/0011/26,20.01.2026,IPH — Institute of Public Health,Absent | Отсутна,8/0011/26,20.01.2026,IPH — Institute of Public Health,Absent | Отсутна,8/0011/26,20.01.2026,IPH — Institute of Public Health,upon request — not required for release,—,—,—,upon request — not required for release,—,—,—,not tested,—,—,—,< 2,81/2026,02.02.2026,IPH — Institute of Public Health,not tested,—,—,—,0.075,81/2026,02.02.2026,IPH — Institute of Public Health,ND,81/2026,02.02.2026,IPH — Institute of Public Health,ND,81/2026,02.02.2026,IPH — Institute of Public Health,ND,81/2026,02.02.2026,IPH — Institute of Public Health,ND,81/2026,02.02.2026,IPH — Institute of Public Health
CoQ-PP_26-039,release,issuable,06.06.2026,n/a — release certificate,CoQ-PP-2026-0003,CJ082501/2,P060032,Cap Junky,10.12.2025,29.01.2026,10.12.2025,29.01.2026,iCoA-PP_26-038,03.06.2026,29.01.2026,—,20.84,ППК26003,III,18.40 – 21.59 %,CJ_THC20 : CBD1,QCSP_001_CJ-III_v.01,"for review — replaces the issued QCSP_001_CJ-III_v.01 (was CJ_THC24 : CBD1, 23.00 – 25.00 %); now CJ_THC20 : CBD1 18.40 – 21.59 %",HYBRID,THC,MACHINE TRIMMED,INDICA 60 : SATIVA 40,"Triplex Alu Bag | Триплекс Aлу Kеса, PET 12 · ALU 7 · PE 80, 300 × 500 mm, net. 400.0 g ±3%",02.02.2026,Conforms | Одговара,iCoA-PP_26-038,03.06.2026,Purely Plant GmbH (in-house),Conforms | Одговара,iCoA-PP_26-038,03.06.2026,Purely Plant GmbH (in-house),Conforms | Одговара,ППК26003,21.01.2026,UKIM Faculty of Pharmacy — Center for Natural Products,20.84,ППК26003,21.01.2026,UKIM Faculty of Pharmacy — Center for Natural Products,0.08,ППК26003,21.01.2026,UKIM Faculty of Pharmacy — Center for Natural Products,ND ᴰ,ППК26003,21.01.2026,CNP,Conforms | Одговара,iCoA-PP_26-038,03.06.2026,Purely Plant GmbH (in-house),7.37,ППК26003,21.01.2026,UKIM Faculty of Pharmacy — Center for Natural Products,9.5 × 10²,4/0007/26,20.01.2026,IPH — Institute of Public Health,1.2 × 10³,4/0007/26,20.01.2026,IPH — Institute of Public Health,< 10,4/0007/26,20.01.2026,IPH — Institute of Public Health,Absent | Отсутна,4/0007/26,20.01.2026,IPH — Institute of Public Health,Absent | Отсутна,4/0007/26,20.01.2026,IPH — Institute of Public Health,upon request — not required for release,—,—,—,upon request — not required for release,—,—,—,not tested,—,—,—,< 2,82/2026,02.02.2026,IPH — Institute of Public Health,not tested,—,—,—,0.073,82/2026,02.02.2026,IPH — Institute of Public Health,ND,82/2026,02.02.2026,IPH — Institute of Public Health,ND,82/2026,02.02.2026,IPH — Institute of Public Health,ND,82/2026,02.02.2026,IPH — Institute of Public Health,ND,82/2026,02.02.2026,IPH — Institute of Public Health
CoQ-PP_26-040,release,issuable,06.06.2026,n/a — release certificate,CoQ-PP-2026-0004,OPM092501,P060042,Orange Punch Mimosa,12.12.2025,29.01.2026,12.12.2025,29.01.2026,iCoA-PP_26-039,03.06.2026,29.01.2026,—,9.43,ППК26008,IV,9.00 – 10.99 %,OPM_THC10 : CBD1,QCSP_001_OPM-IV_v.01,"for review — replaces the issued QCSP_001_OPM-IV_v.01 (was OPM_THC10 : CBD1, 9.00 – 11.00 %); now OPM_THC10 : CBD1 9.00 – 10.99 %",INDICA,THC,MACHINE TRIMMED,—,"Triplex Alu Bag | Триплекс Aлу Kеса, PET 12 · ALU 7 · PE 80, 300 × 500 mm, net. 400.0 g ±3%",03.02.2026,Conforms | Одговара,iCoA-PP_26-039,03.06.2026,Purely Plant GmbH (in-house),Conforms | Одговара,iCoA-PP_26-039,03.06.2026,Purely Plant GmbH (in-house),Conforms | Одговара,ППК26008,21.01.2026,UKIM Faculty of Pharmacy — Center for Natural Products,9.43,ППК26008,21.01.2026,UKIM Faculty of Pharmacy — Center for Natural Products,0.04,ППК26008,21.01.2026,UKIM Faculty of Pharmacy — Center for Natural Products,ND ᴰ,ППК26008,21.01.2026,CNP,Conforms | Одговара,iCoA-PP_26-039,03.06.2026,Purely Plant GmbH (in-house),7.85,ППК26008,21.01.2026,UKIM Faculty of Pharmacy — Center for Natural Products,10,2/0005/26,20.01.2026,IPH — Institute of Public Health,10,2/0005/26,20.01.2026,IPH — Institute of Public Health,< 10² and > 10,2/0005/26,20.01.2026,IPH — Institute of Public Health,Absent | Отсутна,2/0005/26,20.01.2026,IPH — Institute of Public Health,Absent | Отсутна,2/0005/26,20.01.2026,IPH — Institute of Public Health,upon request — not required for release,—,—,—,upon request — not required for release,—,—,—,not tested,—,—,—,2.2,87/2026,03.02.2026,IPH — Institute of Public Health,not tested,—,—,—,0.022,87/2026,03.02.2026,IPH — Institute of Public Health,ND,87/2026,03.02.2026,IPH — Institute of Public Health,ND,87/2026,03.02.2026,IPH — Institute of Public Health,ND,87/2026,03.02.2026,IPH — Institute of Public Health,ND,87/2026,03.02.2026,IPH — Institute of Public Health
CoQ-PP_26-041,release,issuable,06.06.2026,n/a — release certificate,(assigned on issue),AB092501,P060052,Apple and Banana,11.12.2025,30.01.2026,—,—,iCoA-PP_26-040,03.06.2026,30.01.2026,—,16.93,ППК26005,II,16.20 – 19.79 %,AB_THC18 : CBD1,QCSP_001_AB-II_v.01,"for review — replaces the issued QCSP_001_AB-II_v.01 (was AB_THC22.5:CBD1, 22.50% ± 2.50%); now AB_THC18 : CBD1 16.20 – 19.79 %",HYBRID,THC,MACHINE TRIMMED,TO BE DETERMINED,"Triplex Alu Bag | Триплекс Aлу Kеса, PET 12 · ALU 7 · PE 80, 300 × 500 mm, net. 400.0 g ±3%",02.02.2026,Conforms | Одговара,iCoA-PP_26-040,03.06.2026,Purely Plant GmbH (in-house),Conforms | Одговара,iCoA-PP_26-040,03.06.2026,Purely Plant GmbH (in-house),Conforms | Одговара,ППК26005,21.01.2026,UKIM Faculty of Pharmacy — Center for Natural Products,16.93,ППК26005,21.01.2026,UKIM Faculty of Pharmacy — Center for Natural Products,0.07,ППК26005,21.01.2026,UKIM Faculty of Pharmacy — Center for Natural Products,not tested,—,—,—,Conforms | Одговара,iCoA-PP_26-040,03.06.2026,Purely Plant GmbH (in-house),6.77,ППК26005,21.01.2026,UKIM Faculty of Pharmacy — Center for Natural Products,< 10,7/0010/26,20.01.2026,IPH — Institute of Public Health,< 10,7/0010/26,20.01.2026,IPH — Institute of Public Health,< 10,7/0010/26,20.01.2026,IPH — Institute of Public Health,Absent | Отсутна,7/0010/26,20.01.2026,IPH — Institute of Public Health,Absent | Отсутна,7/0010/26,20.01.2026,IPH — Institute of Public Health,upon request — not required for release,—,—,—,upon request — not required for release,—,—,—,not tested,—,—,—,< 2,84/2026,02.02.2026,IPH — Institute of Public Health,not tested,—,—,—,0.05,84/2026,02.02.2026,IPH — Institute of Public Health,ND,84/2026,02.02.2026,IPH — Institute of Public Health,ND,84/2026,02.02.2026,IPH — Institute of Public Health,0.003,84/2026,02.02.2026,IPH — Institute of Public Health,ND,84/2026,02.02.2026,IPH — Institute of Public Health
CoQ-PP_26-042,release,issuable,06.06.2026,n/a — release certificate,CoQ-PP-2026-0005,PM092501,P060062,Permanent Marker,11.12.2025,30.01.2026,11.12.2025,30.01.2026,iCoA-PP_26-041,03.06.2026,30.01.2026,—,14.06,ППК26004,I,13.00 – 14.99 %,PM_THC14 : CBD1,QCSP_001_PM-I_v.01,"for review — replaces the issued QCSP_001_PM-I_v.01 (was PM_THC12 : CBD1, 11.01 – 12.99 %); now PM_THC14 : CBD1 13.00 – 14.99 %",HYBRID,THC,MACHINE TRIMMED,INDICA-DOMINANT,"Triplex Alu Bag | Триплекс Aлу Kеса, PET 12 · ALU 7 · PE 80, 300 × 500 mm, net. 400.0 g ±3%",02.02.2026,Conforms | Одговара,iCoA-PP_26-041,03.06.2026,Purely Plant GmbH (in-house),Conforms | Одговара,iCoA-PP_26-041,03.06.2026,Purely Plant GmbH (in-house),Conforms | Одговара,ППК26004,21.01.2026,UKIM Faculty of Pharmacy — Center for Natural Products,14.06,ППК26004,21.01.2026,UKIM Faculty of Pharmacy — Center for Natural Products,0.05,ППК26004,21.01.2026,UKIM Faculty of Pharmacy — Center for Natural Products,< LOQ ᴰ,ППК26004,21.01.2026,CNP,Conforms | Одговара,iCoA-PP_26-041,03.06.2026,Purely Plant GmbH (in-house),7.97,ППК26004,21.01.2026,UKIM Faculty of Pharmacy — Center for Natural Products,2 × 10³,6/0009/26,20.01.2026,IPH — Institute of Public Health,2.2 × 10³,6/0009/26,20.01.2026,IPH — Institute of Public Health,< 10,6/0009/26,20.01.2026,IPH — Institute of Public Health,Absent | Отсутна,6/0009/26,20.01.2026,IPH — Institute of Public Health,Absent | Отсутна,6/0009/26,20.01.2026,IPH — Institute of Public Health,upon request — not required for release,—,—,—,upon request — not required for release,—,—,—,not tested,—,—,—,< 2,83/2026,02.02.2026,IPH — Institute of Public Health,not tested,—,—,—,0.03,83/2026,02.02.2026,IPH — Institute of Public Health,ND,83/2026,02.02.2026,IPH — Institute of Public Health,ND,83/2026,02.02.2026,IPH — Institute of Public Health,ND,83/2026,02.02.2026,IPH — Institute of Public Health,ND,83/2026,02.02.2026,IPH — Institute of Public Health
CoQ-PP_26-043,release,issuable,06.06.2026,n/a — release certificate,CoQ-PP-2026-0006,CJ092501,P060072,Cap Junky,12.12.2025,02.02.2026,12.12.2025,02.02.2026,iCoA-PP_26-042,03.06.2026,02.02.2026,—,22.30,ППК26007,II,21.60 – 26.39 %,CJ_THC24 : CBD1,QCSP_001_CJ-II_v.01,"for review — replaces the issued QCSP_001_CJ-II_v.01 (was CJ_THC26 : CBD1, 25.01 – 26.99 %); now CJ_THC24 : CBD1 21.60 – 26.39 %",HYBRID,THC,MACHINE TRIMMED,INDICA 60 : SATIVA 40,"Triplex Alu Bag | Триплекс Aлу Kеса, PET 12 · ALU 7 · PE 80, 300 × 500 mm, net. 400.0 g ±3%",02.02.2026,Conforms | Одговара,iCoA-PP_26-042,03.06.2026,Purely Plant GmbH (in-house),Conforms | Одговара,iCoA-PP_26-042,03.06.2026,Purely Plant GmbH (in-house),Conforms | Одговара,ППК26007,21.01.2026,UKIM Faculty of Pharmacy — Center for Natural Products,22.30,ППК26007,21.01.2026,UKIM Faculty of Pharmacy — Center for Natural Products,0.10,ППК26007,21.01.2026,UKIM Faculty of Pharmacy — Center for Natural Products,ND ᴰ,ППК26007,21.01.2026,CNP,Conforms | Одговара,iCoA-PP_26-042,03.06.2026,Purely Plant GmbH (in-house),7.64,ППК26007,21.01.2026,UKIM Faculty of Pharmacy — Center for Natural Products,< 10,10/0013/26,20.01.2026,IPH — Institute of Public Health,< 10,10/0013/26,20.01.2026,IPH — Institute of Public Health,< 10,10/0013/26,20.01.2026,IPH — Institute of Public Health,Absent | Отсутна,10/0013/26,20.01.2026,IPH — Institute of Public Health,Absent | Отсутна,10/0013/26,20.01.2026,IPH — Institute of Public Health,upon request — not required for release,—,—,—,upon request — not required for release,—,—,—,not tested,—,—,—,< 2,86/2026,02.02.2026,IPH — Institute of Public Health,not tested,—,—,—,0.04,86/2026,02.02.2026,IPH — Institute of Public Health,ND,86/2026,02.02.2026,IPH — Institute of Public Health,ND,86/2026,02.02.2026,IPH — Institute of Public Health,0.004,86/2026,02.02.2026,IPH — Institute of Public Health,ND,86/2026,02.02.2026,IPH — Institute of Public Health
CoQ-PP_26-044,release,issuable,06.06.2026,n/a — release certificate,CoQ-PP-2026-0007,SJ092501,P060082,Sleepy Joe,11.12.2025 – 12.12.2025,02.02.2026,11.12.2025,02.02.2026,iCoA-PP_26-043,03.06.2026,02.02.2026,—,10.96,ППК26006,II,9.00 – 10.99 %,SJ_THC10 : CBD1,QCSP_001_SJ-II_v.01,"for review — replaces the issued QCSP_001_SJ-II_v.01 (was SJ_THC10 : CBD1, 9.00 – 11.00 %); now SJ_THC10 : CBD1 9.00 – 10.99 %",HYBRID,THC,MACHINE TRIMMED,TO BE DETERMINED,"Triplex Alu Bag | Триплекс Aлу Kеса, PET 12 · ALU 7 · PE 80, 300 × 500 mm, net. 400.0 g ±3%",02.02.2026,Conforms | Одговара,iCoA-PP_26-043,03.06.2026,Purely Plant GmbH (in-house),Conforms | Одговара,iCoA-PP_26-043,03.06.2026,Purely Plant GmbH (in-house),Conforms | Одговара,ППК26006,21.01.2026,UKIM Faculty of Pharmacy — Center for Natural Products,10.96,ППК26006,21.01.2026,UKIM Faculty of Pharmacy — Center for Natural Products,0.07,ППК26006,21.01.2026,UKIM Faculty of Pharmacy — Center for Natural Products,< LOQ,ППК26006,21.01.2026,CNP,Conforms | Одговара,iCoA-PP_26-043,03.06.2026,Purely Plant GmbH (in-house),8.68,ППК26006,21.01.2026,UKIM Faculty of Pharmacy — Center for Natural Products,< 10,9/0012/26,20.01.2026,IPH — Institute of Public Health,< 10,9/0012/26,20.01.2026,IPH — Institute of Public Health,< 10,9/0012/26,20.01.2026,IPH — Institute of Public Health,Absent | Отсутна,9/0012/26,20.01.2026,IPH — Institute of Public Health,Absent | Отсутна,9/0012/26,20.01.2026,IPH — Institute of Public Health,upon request — not required for release,—,—,—,upon request — not required for release,—,—,—,not tested,—,—,—,2,85/2026,02.02.2026,IPH — Institute of Public Health,not tested,—,—,—,0.08,85/2026,02.02.2026,IPH — Institute of Public Health,ND,85/2026,02.02.2026,IPH — Institute of Public Health,ND,85/2026,02.02.2026,IPH — Institute of Public Health,0.003,85/2026,02.02.2026,IPH — Institute of Public Health,ND,85/2026,02.02.2026,IPH — Institute of Public Health
CoQ-PP_26-045,release,issuable,06.06.2026,n/a — release certificate,CoQ-PP-2026-0008,GP092501,P060092,Grape Pie,16.12.2025 – 17.12.2025,03.02.2026 – 09.02.2026,16.12.2025,03.02.2026,iCoA-PP_26-044,03.06.2026,03.02.2026,—,25.73,ППК26009,II,22.00 – 25.99 %,GP_THC24 : CBD1,QCSP_001_GP-II_v.01,"for review — replaces the issued QCSP_001_GP-II_v.01 (was GP_THC26 : CBD1, 25.40 – 26.60 %); now GP_THC24 : CBD1 22.00 – 25.99 %",HYBRID,THC,MACHINE TRIMMED,INDICA-DOMINANT,"Triplex Alu Bag | Триплекс Aлу Kеса, PET 12 · ALU 7 · PE 80, 300 × 500 mm, net. 400.0 g ±3%",03.02.2026,Conforms | Одговара,iCoA-PP_26-044,03.06.2026,Purely Plant GmbH (in-house),Conforms | Одговара,iCoA-PP_26-044,03.06.2026,Purely Plant GmbH (in-house),Conforms | Одговара,ППК26009,21.01.2026,UKIM Faculty of Pharmacy — Center for Natural Products,25.73,ППК26009,21.01.2026,UKIM Faculty of Pharmacy — Center for Natural Products,0.11,ППК26009,21.01.2026,UKIM Faculty of Pharmacy — Center for Natural Products,0.02 ᴰ,ППК26009,21.01.2026,CNP,Conforms | Одговара,iCoA-PP_26-044,03.06.2026,Purely Plant GmbH (in-house),6.91,ППК26009,21.01.2026,UKIM Faculty of Pharmacy — Center for Natural Products,1 × 10²,5/0008/26,20.01.2026,IPH — Institute of Public Health,< 10,5/0008/26,20.01.2026,IPH — Institute of Public Health,< 10² and > 10,5/0008/26,20.01.2026,IPH — Institute of Public Health,Absent | Отсутна,5/0008/26,20.01.2026,IPH — Institute of Public Health,Absent | Отсутна,5/0008/26,20.01.2026,IPH — Institute of Public Health,upon request — not required for release,—,—,—,upon request — not required for release,—,—,—,not tested,—,—,—,< 2,88/2026,03.02.2026,IPH — Institute of Public Health,not tested,—,—,—,0.022,88/2026,03.02.2026,IPH — Institute of Public Health,ND,88/2026,03.02.2026,IPH — Institute of Public Health,ND,88/2026,03.02.2026,IPH — Institute of Public Health,0.007,88/2026,03.02.2026,IPH — Institute of Public Health,ND,88/2026,03.02.2026,IPH — Institute of Public Health
CoQ-PP_26-046,release,issuable,06.06.2026,n/a — release certificate,(assigned on issue),WED102501,P060102,Wedding Cake,08.01.2026,16.02.2026,—,16.02.2026,iCoA-PP_26-045,03.06.2026,16.02.2026,—,—,—,—,Per grade of the potency specification of 15.09.2026 — no Total THC result on file,—,—,—,—,—,—,—,—,—,Conforms | Одговара,iCoA-PP_26-045,03.06.2026,Purely Plant GmbH (in-house),Conforms | Одговара,iCoA-PP_26-045,03.06.2026,Purely Plant GmbH (in-house),to be performed (in house),—,—,—,not tested,—,—,—,not tested,—,—,—,not tested,—,—,—,Conforms | Одговара,iCoA-PP_26-045,03.06.2026,Purely Plant GmbH (in-house),"6,8 %",031-3-ГС/26,12.02.2026,Farmahem,not tested,—,—,—,not tested,—,—,—,not tested,—,—,—,not tested,—,—,—,not tested,—,—,—,upon request — not required for release,—,—,—,upon request — not required for release,—,—,—,not tested,—,—,—,not tested,—,—,—,not tested,—,—,—,not tested,—,—,—,not tested,—,—,—,not tested,—,—,—,not tested,—,—,—,not tested,—,—,—
CoQ-PP_26-047,release,issuable,06.06.2026,n/a — release certificate,CoQ-PP-2026-0009,PUM102501,P060112,Pure Michigen,08.01.2026 – 09.01.2026,17.02.2026,08.01.2026,17.02.2026,iCoA-PP_26-046,03.06.2026,17.02.2026,—,—,—,—,Per grade of the potency specification of 15.09.2026 — no Total THC result on file,—,—,—,—,—,—,—,—,11.02.2026,Conforms | Одговара,iCoA-PP_26-046,03.06.2026,Purely Plant GmbH (in-house),Conforms | Одговара,iCoA-PP_26-046,03.06.2026,Purely Plant GmbH (in-house),identity by the HPLC cannabinoid profile on this certificate,031-2-К/26,10.02.2026,FHM,not tested,—,—,—,< LOQ** %w/w,031-2-К/26,10.02.2026,FHM,< LOQ** %w/w,031-2-К/26,10.02.2026,FHM,Conforms | Одговара,iCoA-PP_26-046,03.06.2026,Purely Plant GmbH (in-house),"6,4 %",031-2-ГС/26,11.02.2026,FHM,5 × 10¹,74/0117/26,09.02.2026,IPH — Institute of Public Health,5 × 10¹,74/0117/26,09.02.2026,IPH — Institute of Public Health,< 10,74/0117/26,09.02.2026,IPH — Institute of Public Health,Absent | Отсутна,74/0117/26,09.02.2026,IPH — Institute of Public Health,Absent | Отсутна,74/0117/26,09.02.2026,IPH — Institute of Public Health,upon request — not required for release,—,—,—,upon request — not required for release,—,—,—,not tested,—,—,—,< 2,327/2026,11.02.2026,IPH — Institute of Public Health,not tested,—,—,—,0.078,327/2026,11.02.2026,IPH — Institute of Public Health,ND,327/2026,11.02.2026,IPH — Institute of Public Health,0.0187,327/2026,11.02.2026,IPH — Institute of Public Health,ND,327/2026,11.02.2026,IPH — Institute of Public Health,ND mg/kg — all 25 residues,327/2026,11.02.2026,IJZ
CoQ-PP_26-048,release,issuable,06.06.2026,n/a — release certificate,CoQ-PP-2026-0010,ACC102501,P060122,Amnesia Core Cut,09.01.2026,18.02.2026 – 19.02.2026,09.01.2026,18.02.2026,iCoA-PP_26-047,03.06.2026,18.02.2026,—,—,—,—,Per grade of the potency specification of 15.09.2026 — no Total THC result on file,—,—,—,—,—,—,—,—,12.02.2026,Conforms | Одговара,iCoA-PP_26-047,03.06.2026,Purely Plant GmbH (in-house),Conforms | Одговара,iCoA-PP_26-047,03.06.2026,Purely Plant GmbH (in-house),identity by the HPLC cannabinoid profile on this certificate,031-5-К/26,10.02.2026,FHM,not tested,—,—,—,not tested,—,—,—,not tested,—,—,—,Conforms | Одговара,iCoA-PP_26-047,03.06.2026,Purely Plant GmbH (in-house),"7,1 %",031-5-ГС/26,12.02.2026,FHM,1 × 10³,77/0120/26,09.02.2026,IPH — Institute of Public Health,1.6 × 10³,77/0120/26,09.02.2026,IPH — Institute of Public Health,< 10,77/0120/26,09.02.2026,IPH — Institute of Public Health,Absent | Отсутна,77/0120/26,09.02.2026,IPH — Institute of Public Health,Absent | Отсутна,77/0120/26,09.02.2026,IPH — Institute of Public Health,upon request — not required for release,—,—,—,upon request — not required for release,—,—,—,not tested,—,—,—,2.3,326/2026,11.02.2026,IPH — Institute of Public Health,not tested,—,—,—,0.078,326/2026,11.02.2026,IPH — Institute of Public Health,ND,326/2026,11.02.2026,IPH — Institute of Public Health,0.022,326/2026,11.02.2026,IPH — Institute of Public Health,ND,326/2026,11.02.2026,IPH — Institute of Public Health,ND mg/kg — all 25 residues,326/2026,11.02.2026,IJZ
CoQ-PP_26-049,release,issuable,06.06.2026,n/a — release certificate,CoQ-PP-2026-0011,CF102501,P060132,Chem Flyer,09.01.2026,19.02.2026 – 20.02.2026,09.01.2026,19.02.2026,iCoA-PP_26-048,03.06.2026,19.02.2026,—,—,—,—,Per grade of the potency specification of 15.09.2026 — no Total THC result on file,—,—,—,—,—,—,—,—,12.02.2026,Conforms | Одговара,iCoA-PP_26-048,03.06.2026,Purely Plant GmbH (in-house),Conforms | Одговара,iCoA-PP_26-048,03.06.2026,Purely Plant GmbH (in-house),identity by the HPLC cannabinoid profile on this certificate,031-4-К/26,10.02.2026,FHM,not tested,—,—,—,not tested,—,—,—,not tested,—,—,—,Conforms | Одговара,iCoA-PP_26-048,03.06.2026,Purely Plant GmbH (in-house),"5,6 %",031-4-ГС/26,12.02.2026,FHM,3.1 × 10⁴,73/0116/26,09.02.2026,IPH — Institute of Public Health,3.9 × 10⁴,73/0116/26,09.02.2026,IPH — Institute of Public Health,< 10³ and > 10²,73/0116/26,09.02.2026,IPH — Institute of Public Health,Absent | Отсутна,73/0116/26,09.02.2026,IPH — Institute of Public Health,Absent | Отсутна,73/0116/26,09.02.2026,IPH — Institute of Public Health,upon request — not required for release,—,—,—,upon request — not required for release,—,—,—,not tested,—,—,—,2.1,330/2026,11.02.2026,IPH — Institute of Public Health,not tested,—,—,—,0.07,330/2026,11.02.2026,IPH — Institute of Public Health,ND,330/2026,11.02.2026,IPH — Institute of Public Health,0.0942,330/2026,11.02.2026,IPH — Institute of Public Health,ND,330/2026,11.02.2026,IPH — Institute of Public Health,ND mg/kg — all 25 residues,330/2026,11.02.2026,IJZ
CoQ-PP_26-050,release,issuable,06.06.2026,n/a — release certificate,(assigned on issue),GRC102501/1,P060142,Grapes And Cream,09.01.2026,23.02.2026,—,23.02.2026,iCoA-PP_26-049,03.06.2026,23.02.2026,—,—,—,—,Per grade of the potency specification of 15.09.2026 — no Total THC result on file,—,—,—,—,—,—,—,—,—,Conforms | Одговара,iCoA-PP_26-049,03.06.2026,Purely Plant GmbH (in-house),Conforms | Одговара,iCoA-PP_26-049,03.06.2026,Purely Plant GmbH (in-house),to be performed (in house),—,—,—,not tested,—,—,—,not tested,—,—,—,not tested,—,—,—,Conforms | Одговара,iCoA-PP_26-049,03.06.2026,Purely Plant GmbH (in-house),not tested,—,—,—,not tested,—,—,—,not tested,—,—,—,not tested,—,—,—,not tested,—,—,—,not tested,—,—,—,upon request — not required for release,—,—,—,upon request — not required for release,—,—,—,not tested,—,—,—,not tested,—,—,—,not tested,—,—,—,not tested,—,—,—,not tested,—,—,—,not tested,—,—,—,not tested,—,—,—,not tested,—,—,—
CoQ-PP_26-051,release,issuable,06.06.2026,n/a — release certificate,CoQ-PP-2026-0012,J31102501,P060152,Jokerz 31,21.01.2026,05.03.2026,21.01.2026,05.03.2026,iCoA-PP_26-053,03.06.2026,05.03.2026,—,19.14,051-1-К/26,III,16.20 – 19.79 %,J31_THC18 : CBD1,QCSP_001_J31-III_v.01,for review — new,HYBRID,THC,MACHINE TRIMMED,INDICA 70 : SATIVA 30,"Triplex Alu Bag | Триплекс Aлу Kеса, PET 12 · ALU 7 · PE 80, 300 × 500 mm, net. 400.0 g ±3%",09.03.2026,Conforms | Одговара,iCoA-PP_26-053,03.06.2026,Purely Plant GmbH (in-house),Conforms | Одговара,iCoA-PP_26-053,03.06.2026,Purely Plant GmbH (in-house),Conforms | Одговара,051-1-К/26,04.03.2026,Farmahem,19.14,051-1-К/26,04.03.2026,Farmahem,< LOQ (<0.20),051-1-К/26,04.03.2026,Farmahem,< LOQ,051-1-К/26,04.03.2026,Farmahem,Conforms | Одговара,iCoA-PP_26-053,03.06.2026,Purely Plant GmbH (in-house),6.3,051-1-ГС/26,02.03.2026,Farmahem,1.6 × 10²,133/0230/26,06.03.2026,IPH — Institute of Public Health,1.9 × 10²,133/0230/26,06.03.2026,IPH — Institute of Public Health,< 10,133/0230/26,06.03.2026,IPH — Institute of Public Health,Absent | Отсутна,133/0230/26,06.03.2026,IPH — Institute of Public Health,Absent | Отсутна,133/0230/26,06.03.2026,IPH — Institute of Public Health,upon request — not required for release,—,—,—,upon request — not required for release,—,—,—,not tested,—,—,—,< 2,1056/2026,09.03.2026,IPH — Institute of Public Health,not tested,—,—,—,0.061,1056/2026,09.03.2026,IPH — Institute of Public Health,ND,1056/2026,09.03.2026,IPH — Institute of Public Health,ND,1056/2026,09.03.2026,IPH — Institute of Public Health,ND,1056/2026,09.03.2026,IPH — Institute of Public Health,ND mg/kg — all 25 residues,1056/2026,09.03.2026,IJZ
CoQ-PP_26-052,release,issuable,06.06.2026,n/a — release certificate,(assigned on issue),SJ102501,— no P lot assigned —,Sleepy Joe,20.01.2026,09.03.2026,—,—,iCoA-PP_26-055,03.06.2026,09.03.2026,—,11.20,051-3-К/26,I,11.00 – 12.99 %,SJ_THC12 : CBD1,QCSP_001_SJ-I_v.01,"for review — replaces the issued QCSP_001_SJ-I_v.01 (was SJ_THC27:CBD1, 27.00% ± 3.00%); now SJ_THC12 : CBD1 11.00 – 12.99 %",HYBRID,THC,MACHINE TRIMMED,TO BE DETERMINED,"Triplex Alu Bag | Триплекс Aлу Kеса, PET 12 · ALU 7 · PE 80, 300 × 500 mm, net. 400.0 g ±3%",04.03.2026,Conforms | Одговара,iCoA-PP_26-055,03.06.2026,Purely Plant GmbH (in-house),Conforms | Одговара,iCoA-PP_26-055,03.06.2026,Purely Plant GmbH (in-house),Conforms | Одговара,051-3-К/26,04.03.2026,Farmahem,11.20,051-3-К/26,04.03.2026,Farmahem,< LOQ (<0.20),051-3-К/26,04.03.2026,Farmahem,< LOQ,051-3-К/26,04.03.2026,Farmahem,Conforms | Одговара,iCoA-PP_26-055,03.06.2026,Purely Plant GmbH (in-house),7.8,051-3-ГС/26,02.03.2026,Farmahem,not tested,—,—,—,not tested,—,—,—,not tested,—,—,—,not tested,—,—,—,not tested,—,—,—,upon request — not required for release,—,—,—,upon request — not required for release,—,—,—,not tested,—,—,—,not tested,—,—,—,not tested,—,—,—,not tested,—,—,—,not tested,—,—,—,not tested,—,—,—,not tested,—,—,—,not tested,—,—,—
CoQ-PP_26-053,release,issuable,06.06.2026,n/a — release certificate,CoQ-PP-2026-0013,KC102501,P060172,Kush Crasher,20.01.2026 – 21.01.2026,12.03.2026,20.01.2026,12.03.2026,iCoA-PP_26-056,03.06.2026,12.03.2026,—,17.04,051-4-К/26,I,16.20 – 19.79 %,KC_THC18 : CBD1,QCSP_001_KC-I_v.01,"for review — replaces the issued QCSP_001_KC-I_v.01 (was KC_THC18 : CBD1, 16.20 – 19.80 %); now KC_THC18 : CBD1 16.20 – 19.79 %",INDICA,THC,MACHINE TRIMMED,—,"Triplex Alu Bag | Триплекс Aлу Kеса, PET 12 · ALU 7 · PE 80, 300 × 500 mm, net. 400.0 g ±3%",09.03.2026,Conforms | Одговара,iCoA-PP_26-056,03.06.2026,Purely Plant GmbH (in-house),Conforms | Одговара,iCoA-PP_26-056,03.06.2026,Purely Plant GmbH (in-house),Conforms | Одговара,051-4-К/26,04.03.2026,Farmahem,17.04,051-4-К/26,04.03.2026,Farmahem,< LOQ (<0.20),051-4-К/26,04.03.2026,Farmahem,< LOQ,051-4-К/26,04.03.2026,Farmahem,Conforms | Одговара,iCoA-PP_26-056,03.06.2026,Purely Plant GmbH (in-house),8.6,051-4-ГС/26,02.03.2026,Farmahem,3.8 × 10³,129/0226/26,06.03.2026,IPH — Institute of Public Health,6.8 × 10³,129/0226/26,06.03.2026,IPH — Institute of Public Health,< 10³ and > 10²,129/0226/26,06.03.2026,IPH — Institute of Public Health,Absent | Отсутна,129/0226/26,06.03.2026,IPH — Institute of Public Health,Absent | Отсутна,129/0226/26,06.03.2026,IPH — Institute of Public Health,upon request — not required for release,—,—,—,upon request — not required for release,—,—,—,not tested,—,—,—,2.8,1058/2026,09.03.2026,IPH — Institute of Public Health,not tested,—,—,—,ND,1058/2026,09.03.2026,IPH — Institute of Public Health,ND,1058/2026,09.03.2026,IPH — Institute of Public Health,ND,1058/2026,09.03.2026,IPH — Institute of Public Health,ND,1058/2026,09.03.2026,IPH — Institute of Public Health,ND mg/kg — all 25 residues,1058/2026,09.03.2026,IJZ
CoQ-PP_26-054,release,issuable,06.06.2026,n/a — release certificate,CoQ-PP-2026-0014,GRC102501/2,P060182,Grapes And Cream,20.01.2026,14.03.2026,20.01.2026,14.03.2026,iCoA-PP_26-057,03.06.2026,14.03.2026,—,11.53,051-6-К/26,I,11.00 – 12.99 %,GRC_THC12 : CBD1,QCSP_001_GRC-I_v.01,"for review — replaces the issued QCSP_001_GRC-I_v.01 (was GRC_THC27.5:CBD1, 27.50% ± 2.50%); now GRC_THC12 : CBD1 11.00 – 12.99 %",HYBRID,THC,MACHINE TRIMMED,TO BE DETERMINED,"Triplex Alu Bag | Триплекс Aлу Kеса, PET 12 · ALU 7 · PE 80, 300 × 500 mm, net. 400.0 g ±3%",09.03.2026,Conforms | Одговара,iCoA-PP_26-057,03.06.2026,Purely Plant GmbH (in-house),Conforms | Одговара,iCoA-PP_26-057,03.06.2026,Purely Plant GmbH (in-house),Conforms | Одговара,051-6-К/26,04.03.2026,Farmahem,11.53,051-6-К/26,04.03.2026,Farmahem,< LOQ (<0.20),051-6-К/26,04.03.2026,Farmahem,< LOQ,051-6-К/26,04.03.2026,Farmahem,Conforms | Одговара,iCoA-PP_26-057,03.06.2026,Purely Plant GmbH (in-house),7.7,051-6-ГС/26,02.03.2026,Farmahem,2.3 × 10²,136/0233/26,06.03.2026,IPH — Institute of Public Health,1.3 × 10²,136/0233/26,06.03.2026,IPH — Institute of Public Health,< 10,136/0233/26,06.03.2026,IPH — Institute of Public Health,Absent | Отсутна,136/0233/26,06.03.2026,IPH — Institute of Public Health,Absent | Отсутна,136/0233/26,06.03.2026,IPH — Institute of Public Health,upon request — not required for release,—,—,—,upon request — not required for release,—,—,—,not tested,—,—,—,not tested,—,—,—,not tested,—,—,—,ND,1060/2026,09.03.2026,IPH — Institute of Public Health,ND,1060/2026,09.03.2026,IPH — Institute of Public Health,0.0013,1060/2026,09.03.2026,IPH — Institute of Public Health,ND,1060/2026,09.03.2026,IPH — Institute of Public Health,ND mg/kg — all 25 residues,1060/2026,09.03.2026,IJZ
CoQ-PP_26-055,release,issuable,06.06.2026,n/a — release certificate,(assigned on issue),SJ112501,— no P lot assigned —,Sleepy Joe,26.01.2026 – 27.01.2026,31.03.2026,—,—,iCoA-PP_26-058,03.06.2026,31.03.2026,—,9.20,051-2-К/26,II,9.00 – 10.99 %,SJ_THC10 : CBD1,QCSP_001_SJ-II_v.01,"for review — replaces the issued QCSP_001_SJ-II_v.01 (was SJ_THC10 : CBD1, 9.00 – 11.00 %); now SJ_THC10 : CBD1 9.00 – 10.99 %",HYBRID,THC,MACHINE TRIMMED,TO BE DETERMINED,"Triplex Alu Bag | Триплекс Aлу Kеса, PET 12 · ALU 7 · PE 80, 300 × 500 mm, net. 400.0 g ±3%",04.03.2026,Conforms | Одговара,iCoA-PP_26-058,03.06.2026,Purely Plant GmbH (in-house),Conforms | Одговара,iCoA-PP_26-058,03.06.2026,Purely Plant GmbH (in-house),Conforms | Одговара,051-2-К/26,04.03.2026,Farmahem,9.20,051-2-К/26,04.03.2026,Farmahem,< LOQ (<0.20),051-2-К/26,04.03.2026,Farmahem,< LOQ,051-2-К/26,04.03.2026,Farmahem,Conforms | Одговара,iCoA-PP_26-058,03.06.2026,Purely Plant GmbH (in-house),6.7,051-2-ГС/26,02.03.2026,Farmahem,not tested,—,—,—,not tested,—,—,—,not tested,—,—,—,not tested,—,—,—,not tested,—,—,—,upon request — not required for release,—,—,—,upon request — not required for release,—,—,—,not tested,—,—,—,not tested,—,—,—,not tested,—,—,—,not tested,—,—,—,not tested,—,—,—,not tested,—,—,—,not tested,—,—,—,not tested,—,—,—
CoQ-PP_26-056,release,issuable,06.06.2026,n/a — release certificate,(assigned on issue),J31112501,— no P lot assigned —,Jokerz 31,26.01.2026,17.04.2026,—,—,iCoA-PP_26-059,03.06.2026,17.04.2026,—,25.27,051-5-К/26,I,24.20 – 27.79 %,J31_THC26 : CBD1,QCSP_001_J31-I_v.01,"for review — replaces the issued QCSP_001_J31-I_v.01 (was J31_THC27:CBD1, 27.00% ± 3.25%); now J31_THC26 : CBD1 24.20 – 27.79 %",HYBRID,THC,MACHINE TRIMMED,INDICA 70 : SATIVA 30,"Triplex Alu Bag | Триплекс Aлу Kеса, PET 12 · ALU 7 · PE 80, 300 × 500 mm, net. 400.0 g ±3%",04.03.2026,Conforms | Одговара,iCoA-PP_26-059,03.06.2026,Purely Plant GmbH (in-house),Conforms | Одговара,iCoA-PP_26-059,03.06.2026,Purely Plant GmbH (in-house),Conforms | Одговара,051-5-К/26,04.03.2026,Farmahem,25.27,051-5-К/26,04.03.2026,Farmahem,< LOQ (<0.20),051-5-К/26,04.03.2026,Farmahem,< LOQ,051-5-К/26,04.03.2026,Farmahem,Conforms | Одговара,iCoA-PP_26-059,03.06.2026,Purely Plant GmbH (in-house),8.4,051-5-ГС/26,02.03.2026,Farmahem,not tested,—,—,—,not tested,—,—,—,not tested,—,—,—,not tested,—,—,—,not tested,—,—,—,upon request — not required for release,—,—,—,upon request — not required for release,—,—,—,not tested,—,—,—,not tested,—,—,—,not tested,—,—,—,not tested,—,—,—,not tested,—,—,—,not tested,—,—,—,not tested,—,—,—,not tested,—,—,—
CoQ-PP_26-057,release,issuable,06.06.2026,n/a — release certificate,CoQ-PP-2026-0015,JD112501,P060212,Jelly Donuts,25.03.2026,21.04.2026,25.03.2026,21.04.2026,iCoA-PP_26-060,03.06.2026,21.04.2026,—,19.64,ППК26063,II,16.20 – 19.79 %,JD_THC18 : CBD1,QCSP_001_JD-II_v.01,"for review — replaces the issued QCSP_001_JD-II_v.01 (was JD_THC16 : CBD1, 14.91 – 17.09 %); now JD_THC18 : CBD1 16.20 – 19.79 %",HYBRID,THC,MACHINE TRIMMED,SATIVA 60 : INDICA 40,"Triplex Alu Bag | Триплекс Aлу Kеса, PET 12 · ALU 7 · PE 80, 300 × 500 mm, net. 400.0 g ±3%",11.05.2026,Conforms | Одговара,iCoA-PP_26-060,03.06.2026,Purely Plant GmbH (in-house),Conforms | Одговара,iCoA-PP_26-060,03.06.2026,Purely Plant GmbH (in-house),Conforms | Одговара,ППК26063,11.05.2026,UKIM Faculty of Pharmacy — Center for Natural Products,19.64,ППК26063,11.05.2026,UKIM Faculty of Pharmacy — Center for Natural Products,0.06,ППК26063,11.05.2026,UKIM Faculty of Pharmacy — Center for Natural Products,< LOQ %,ППК26063,11.05.2026,CNP,Conforms | Одговара,iCoA-PP_26-060,03.06.2026,Purely Plant GmbH (in-house),6.69,ППК26063,11.05.2026,UKIM Faculty of Pharmacy — Center for Natural Products,"2,6 × 10³",307/0551/26,28.04.2026,IPH — Institute of Public Health,"3,3 × 10³",307/0551/26,28.04.2026,IPH — Institute of Public Health,< 10³ and > 10²,307/0551/26,28.04.2026,IPH — Institute of Public Health,Absent | Отсутна,307/0551/26,28.04.2026,IPH — Institute of Public Health,Absent | Отсутна,307/0551/26,28.04.2026,IPH — Institute of Public Health,upon request — not required for release,—,—,—,upon request — not required for release,—,—,—,not tested,—,—,—,< 2,2361/2026,30.04.2026,IPH — Institute of Public Health,not tested,—,—,—,0.022,2361/2026,30.04.2026,IPH — Institute of Public Health,0.0149,2361/2026,30.04.2026,IPH — Institute of Public Health,0.02,2361/2026,30.04.2026,IPH — Institute of Public Health,0.0166,2361/2026,30.04.2026,IPH — Institute of Public Health,ND,2361/2026,30.04.2026,IPH — Institute of Public Health
CoQ-PP_26-058,release,issuable,06.06.2026,n/a — release certificate,(assigned on issue),OPM112501,— no P lot assigned —,Orange Punch Mimosa,05.02.2026,24.04.2026,—,—,iCoA-PP_26-061,03.06.2026,24.04.2026,—,8.00,ППК26031,V,7.20 – 8.79 %,OPM_THC8 : CBD1,QCSP_001_OPM-V_v.01,"for review — replaces the issued QCSP_001_OPM-V_v.01 (was OPM_THC8 : CBD1, 7.20 – 8.80 %); now OPM_THC8 : CBD1 7.20 – 8.79 %",INDICA,THC,MACHINE TRIMMED,—,"Triplex Alu Bag | Триплекс Aлу Kеса, PET 12 · ALU 7 · PE 80, 300 × 500 mm, net. 400.0 g ±3%",05.03.2026,Conforms | Одговара,iCoA-PP_26-061,03.06.2026,Purely Plant GmbH (in-house),Conforms | Одговара,iCoA-PP_26-061,03.06.2026,Purely Plant GmbH (in-house),Conforms | Одговара,ППК26031,05.03.2026,UKIM Faculty of Pharmacy — Center for Natural Products,8.00,ППК26031,05.03.2026,UKIM Faculty of Pharmacy — Center for Natural Products,0.02,ППК26031,05.03.2026,UKIM Faculty of Pharmacy — Center for Natural Products,not tested,—,—,—,Conforms | Одговара,iCoA-PP_26-061,03.06.2026,Purely Plant GmbH (in-house),8.06,ППК26031,05.03.2026,UKIM Faculty of Pharmacy — Center for Natural Products,not tested,—,—,—,not tested,—,—,—,not tested,—,—,—,not tested,—,—,—,not tested,—,—,—,upon request — not required for release,—,—,—,upon request — not required for release,—,—,—,not tested,—,—,—,not tested,—,—,—,not tested,—,—,—,not tested,—,—,—,not tested,—,—,—,not tested,—,—,—,not tested,—,—,—,not tested,—,—,—
CoQ-PP_26-059,release,issuable,06.06.2026,n/a — release certificate,CoQ-PP-2026-0016,PM112501,P060232,Permanent Marker,05.02.2026,27.04.2026,05.02.2026,27.04.2026,iCoA-PP_26-062,03.06.2026,27.04.2026,—,13.33,ППК26030,I,13.00 – 14.99 %,PM_THC14 : CBD1,QCSP_001_PM-I_v.01,"for review — replaces the issued QCSP_001_PM-I_v.01 (was PM_THC12 : CBD1, 11.01 – 12.99 %); now PM_THC14 : CBD1 13.00 – 14.99 %",HYBRID,THC,MACHINE TRIMMED,INDICA-DOMINANT,"Triplex Alu Bag | Триплекс Aлу Kеса, PET 12 · ALU 7 · PE 80, 300 × 500 mm, net. 400.0 g ±3%",09.03.2026,Conforms | Одговара,iCoA-PP_26-062,03.06.2026,Purely Plant GmbH (in-house),Conforms | Одговара,iCoA-PP_26-062,03.06.2026,Purely Plant GmbH (in-house),Conforms | Одговара,ППК26030,05.03.2026,UKIM Faculty of Pharmacy — Center for Natural Products,13.33,ППК26030,05.03.2026,UKIM Faculty of Pharmacy — Center for Natural Products,0.03,ППК26030,05.03.2026,UKIM Faculty of Pharmacy — Center for Natural Products,0.01 % %,ППК26030,05.03.2026,CNP,Conforms | Одговара,iCoA-PP_26-062,03.06.2026,Purely Plant GmbH (in-house),8.61,ППК26030,05.03.2026,UKIM Faculty of Pharmacy — Center for Natural Products,10,135/0232/26,06.03.2026,IPH — Institute of Public Health,< 10,135/0232/26,06.03.2026,IPH — Institute of Public Health,< 10,135/0232/26,06.03.2026,IPH — Institute of Public Health,Absent | Отсутна,135/0232/26,06.03.2026,IPH — Institute of Public Health,Absent | Отсутна,135/0232/26,06.03.2026,IPH — Institute of Public Health,upon request — not required for release,—,—,—,upon request — not required for release,—,—,—,not tested,—,—,—,2.2,1059/2026,09.03.2026,IPH — Institute of Public Health,not tested,—,—,—,ND,1059/2026,09.03.2026,IPH — Institute of Public Health,ND,1059/2026,09.03.2026,IPH — Institute of Public Health,ND,1059/2026,09.03.2026,IPH — Institute of Public Health,ND,1059/2026,09.03.2026,IPH — Institute of Public Health,ND mg/kg — all 25 residues,1059/2026,09.03.2026,IJZ
CoQ-PP_26-060,release,issuable,06.06.2026,n/a — release certificate,CoQ-PP-2026-0017,OPM122501,P060242,Orange Punch Mimosa,11.03.2026,28.04.2026,11.03.2026,28.04.2026,iCoA-PP_26-063,03.06.2026,28.04.2026,—,8.09,100-4-К/26,V,7.20 – 8.79 %,OPM_THC8 : CBD1,QCSP_001_OPM-V_v.01,"for review — replaces the issued QCSP_001_OPM-V_v.01 (was OPM_THC8 : CBD1, 7.20 – 8.80 %); now OPM_THC8 : CBD1 7.20 – 8.79 %",INDICA,THC,MACHINE TRIMMED,—,"Triplex Alu Bag | Триплекс Aлу Kеса, PET 12 · ALU 7 · PE 80, 300 × 500 mm, net. 400.0 g ±3%",23.04.2026,Conforms | Одговара,iCoA-PP_26-063,03.06.2026,Purely Plant GmbH (in-house),Conforms | Одговара,iCoA-PP_26-063,03.06.2026,Purely Plant GmbH (in-house),Conforms | Одговара,100-4-К/26,09.04.2026,Farmahem,8.09,100-4-К/26,09.04.2026,Farmahem,< LOQ (<0.20),100-4-К/26,09.04.2026,Farmahem,< LOQ,100-4-К/26,09.04.2026,Farmahem,Conforms | Одговара,iCoA-PP_26-063,03.06.2026,Purely Plant GmbH (in-house),6.6,100-4-ГС/26,09.04.2026,Farmahem,120,229/0392/26,07.04.2026,IPH — Institute of Public Health,100,229/0392/26,07.04.2026,IPH — Institute of Public Health,< 10,229/0392/26,07.04.2026,IPH — Institute of Public Health,Absent | Отсутна,229/0392/26,07.04.2026,IPH — Institute of Public Health,Absent | Отсутна,229/0392/26,07.04.2026,IPH — Institute of Public Health,upon request — not required for release,—,—,—,upon request — not required for release,—,—,—,not tested,—,—,—,2.2,1627/2026,23.04.2026,IPH — Institute of Public Health,not tested,—,—,—,0.049,1627/2026,23.04.2026,IPH — Institute of Public Health,0.165,1627/2026,23.04.2026,IPH — Institute of Public Health,ND,1627/2026,23.04.2026,IPH — Institute of Public Health,ND,1627/2026,23.04.2026,IPH — Institute of Public Health,ND,1627/2026,23.04.2026,IPH — Institute of Public Health
CoQ-PP_26-061,release,issuable,06.06.2026,n/a — release certificate,(assigned on issue),GG112501,— no P lot assigned —,Gorilla Glue,25.03.2026,05.05.2026,—,—,iCoA-PP_26-064,03.06.2026,05.05.2026,—,17.94,ППК26061,I,16.23 – 19.76 %,GG_THC18 : CBD1,QCSP_001_GG-I_v.01,"for review — replaces the issued QCSP_001_GG-I_v.01 (was GG_THC18 : CBD1, 17.01 – 18.99 %); now GG_THC18 : CBD1 16.23 – 19.76 %",INDICA,THC,MACHINE TRIMMED,—,"Triplex Alu Bag | Триплекс Aлу Kеса, PET 12 · ALU 7 · PE 80, 300 × 500 mm, net. 400.0 g ±3%",11.05.2026,Conforms | Одговара,iCoA-PP_26-064,03.06.2026,Purely Plant GmbH (in-house),Conforms | Одговара,iCoA-PP_26-064,03.06.2026,Purely Plant GmbH (in-house),Conforms | Одговара,ППК26061,11.05.2026,UKIM Faculty of Pharmacy — Center for Natural Products,17.94,ППК26061,11.05.2026,UKIM Faculty of Pharmacy — Center for Natural Products,0.08,ППК26061,11.05.2026,UKIM Faculty of Pharmacy — Center for Natural Products,not tested,—,—,—,Conforms | Одговара,iCoA-PP_26-064,03.06.2026,Purely Plant GmbH (in-house),6.31,ППК26061,11.05.2026,UKIM Faculty of Pharmacy — Center for Natural Products,"5,1 × 10³",304/0548/26,28.04.2026,IPH — Institute of Public Health,"4,5 × 10³",304/0548/26,28.04.2026,IPH — Institute of Public Health,< 10² and > 10,304/0548/26,28.04.2026,IPH — Institute of Public Health,Absent | Отсутна,304/0548/26,28.04.2026,IPH — Institute of Public Health,Absent | Отсутна,304/0548/26,28.04.2026,IPH — Institute of Public Health,upon request — not required for release,—,—,—,upon request — not required for release,—,—,—,not tested,—,—,—,< 2,2358/2026,29.04.2026,IPH — Institute of Public Health,not tested,—,—,—,0.033,2358/2026,29.04.2026,IPH — Institute of Public Health,0.0154,2358/2026,29.04.2026,IPH — Institute of Public Health,0.0272,2358/2026,29.04.2026,IPH — Institute of Public Health,0.0146,2358/2026,29.04.2026,IPH — Institute of Public Health,ND,2358/2026,29.04.2026,IPH — Institute of Public Health
CoQ-PP_26-062,release,issuable,06.06.2026,n/a — release certificate,(assigned on issue),J31122501,— no P lot assigned —,Jokerz 31,04.03.2026,14.05.2026,—,—,iCoA-PP_26-072,03.06.2026,14.05.2026,—,19.84,100-2-К/26,II,19.80 – 24.19 %,J31_THC22 : CBD1,QCSP_001_J31-II_v.01,"for review — replaces the issued QCSP_001_J31-II_v.01 (was J31_THC18 : CBD1, 16.20 – 19.80 %); now J31_THC22 : CBD1 19.80 – 24.19 %",HYBRID,THC,MACHINE TRIMMED,INDICA 70 : SATIVA 30,"Triplex Alu Bag | Триплекс Aлу Kеса, PET 12 · ALU 7 · PE 80, 300 × 500 mm, net. 400.0 g ±3%",23.04.2026,Conforms | Одговара,iCoA-PP_26-072,03.06.2026,Purely Plant GmbH (in-house),Conforms | Одговара,iCoA-PP_26-072,03.06.2026,Purely Plant GmbH (in-house),Conforms | Одговара,100-2-К/26,09.04.2026,Farmahem,19.84,100-2-К/26,09.04.2026,Farmahem,< LOQ (<0.20),100-2-К/26,09.04.2026,Farmahem,< LOQ,100-2-К/26,09.04.2026,Farmahem,Conforms | Одговара,iCoA-PP_26-072,03.06.2026,Purely Plant GmbH (in-house),10.3,100-2-ГС/26,09.04.2026,Farmahem,850,231/0394/26 (Racno trimiran cvet),07.04.2026,IPH — Institute of Public Health,370,231/0394/26 (Racno trimiran cvet),07.04.2026,IPH — Institute of Public Health,< 10² and > 10,231/0394/26 (Racno trimiran cvet),07.04.2026,IPH — Institute of Public Health,Absent | Отсутна,231/0394/26 (Racno trimiran cvet),07.04.2026,IPH — Institute of Public Health,Absent | Отсутна,231/0394/26 (Racno trimiran cvet),07.04.2026,IPH — Institute of Public Health,upon request — not required for release,—,—,—,upon request — not required for release,—,—,—,not tested,—,—,—,2.5,1628/2026,23.04.2026,IPH — Institute of Public Health,not tested,—,—,—,ND,1628/2026,23.04.2026,IPH — Institute of Public Health,ND,1628/2026,23.04.2026,IPH — Institute of Public Health,ND,1628/2026,23.04.2026,IPH — Institute of Public Health,ND,1628/2026,23.04.2026,IPH — Institute of Public Health,ND,1628/2026,23.04.2026,IPH — Institute of Public Health
CoQ-PP_26-063,release,issuable,06.06.2026,n/a — release certificate,(assigned on issue),CC112501,— no P lot assigned —,Cash Cow,25.03.2026,18.05.2026,—,—,iCoA-PP_26-073,03.06.2026,18.05.2026,—,13.35,ППК26068,II,12.65 – 15.34 %,CC_THC14 : CBD1,QCSP_001_CC-II_v.01,"for review — replaces the issued QCSP_001_CC-II_v.01 (was CC_THC14 : CBD1, 12.60 – 15.40 %); now CC_THC14 : CBD1 12.65 – 15.34 %",HYBRID,THC,MACHINE TRIMMED,INDICA 70 : SATIVA 30,"Triplex Alu Bag | Триплекс Aлу Kеса, PET 12 · ALU 7 · PE 80, 300 × 500 mm, net. 400.0 g ±3%",11.05.2026,Conforms | Одговара,iCoA-PP_26-073,03.06.2026,Purely Plant GmbH (in-house),Conforms | Одговара,iCoA-PP_26-073,03.06.2026,Purely Plant GmbH (in-house),Conforms | Одговара,ППК26068,11.05.2026,UKIM Faculty of Pharmacy — Center for Natural Products,13.35,ППК26068,11.05.2026,UKIM Faculty of Pharmacy — Center for Natural Products,0.04,ППК26068,11.05.2026,UKIM Faculty of Pharmacy — Center for Natural Products,not tested,—,—,—,Conforms | Одговара,iCoA-PP_26-073,03.06.2026,Purely Plant GmbH (in-house),7.39,ППК26068,11.05.2026,UKIM Faculty of Pharmacy — Center for Natural Products,"3,8 × 10³",311/0555/26,28.04.2026,IPH — Institute of Public Health,"2,7 × 10³",311/0555/26,28.04.2026,IPH — Institute of Public Health,< 10³ and > 10²,311/0555/26,28.04.2026,IPH — Institute of Public Health,Absent | Отсутна,311/0555/26,28.04.2026,IPH — Institute of Public Health,Absent | Отсутна,311/0555/26,28.04.2026,IPH — Institute of Public Health,upon request — not required for release,—,—,—,upon request — not required for release,—,—,—,not tested,—,—,—,< 2,2359/2026,29.04.2026,IPH — Institute of Public Health,not tested,—,—,—,0.0289,2359/2026,29.04.2026,IPH — Institute of Public Health,0.0119,2359/2026,29.04.2026,IPH — Institute of Public Health,0.016,2359/2026,29.04.2026,IPH — Institute of Public Health,0.0102,2359/2026,29.04.2026,IPH — Institute of Public Health,ND,2359/2026,29.04.2026,IPH — Institute of Public Health
CoQ-PP_26-064,release,issuable,06.06.2026,n/a — release certificate,CoQ-PP-2026-0018,SCR112501,P060282,Scrambler,25.03.2026,18.05.2026,25.03.2026,18.05.2026,iCoA-PP_26-074,03.06.2026,18.05.2026,—,17.13,ППК26069,II,16.20 – 19.79 %,SCR_THC18 : CBD1,QCSP_001_SCR-II_v.01,"for review — replaces the issued QCSP_001_SCR-II_v.01 (was SCR_THC18 : CBD1, 16.20 – 19.80 %); now SCR_THC18 : CBD1 16.20 – 19.79 %",HYBRID,THC,MACHINE TRIMMED,TO BE DETERMINED,"Triplex Alu Bag | Триплекс Aлу Kеса, PET 12 · ALU 7 · PE 80, 300 × 500 mm, net. 400.0 g ±3%",11.05.2026,Conforms | Одговара,iCoA-PP_26-074,03.06.2026,Purely Plant GmbH (in-house),Conforms | Одговара,iCoA-PP_26-074,03.06.2026,Purely Plant GmbH (in-house),Conforms | Одговара,ППК26069,11.05.2026,UKIM Faculty of Pharmacy — Center for Natural Products,17.13,ППК26069,11.05.2026,UKIM Faculty of Pharmacy — Center for Natural Products,0.04,ППК26069,11.05.2026,UKIM Faculty of Pharmacy — Center for Natural Products,< LOQ %,ППК26069,11.05.2026,CNP,Conforms | Одговара,iCoA-PP_26-074,03.06.2026,Purely Plant GmbH (in-house),6.84,ППК26069,11.05.2026,UKIM Faculty of Pharmacy — Center for Natural Products,"2,3 × 10³",305/0549/26,28.04.2026,IPH — Institute of Public Health,"4,3 × 10³",305/0549/26,28.04.2026,IPH — Institute of Public Health,< 10³ and > 10²,305/0549/26,28.04.2026,IPH — Institute of Public Health,Absent | Отсутна,305/0549/26,28.04.2026,IPH — Institute of Public Health,Absent | Отсутна,305/0549/26,28.04.2026,IPH — Institute of Public Health,upon request — not required for release,—,—,—,upon request — not required for release,—,—,—,not tested,—,—,—,< 2,2360/2026,29.04.2026,IPH — Institute of Public Health,not tested,—,—,—,0.0299,2360/2026,29.04.2026,IPH — Institute of Public Health,0.0136,2360/2026,29.04.2026,IPH — Institute of Public Health,0.0154,2360/2026,29.04.2026,IPH — Institute of Public Health,0.017,2360/2026,29.04.2026,IPH — Institute of Public Health,ND,2360/2026,29.04.2026,IPH — Institute of Public Health
CoQ-PP_26-065,release,issuable,06.06.2026,n/a — release certificate,(assigned on issue),FB112501,— no P lot assigned —,Fat Bastard,25.03.2026,19.05.2026,—,—,iCoA-PP_26-075,03.06.2026,19.05.2026,—,16.69,ППК26066,II,16.20 – 19.79 %,FB_THC18 : CBD1,QCSP_001_FB-II_v.01,"for review — replaces the issued QCSP_001_FB-II_v.01 (was FB_THC18 : CBD1, 17.15 – 18.85 %); now FB_THC18 : CBD1 16.20 – 19.79 %",HYBRID,THC,MACHINE TRIMMED,BALANCED,"Triplex Alu Bag | Триплекс Aлу Kеса, PET 12 · ALU 7 · PE 80, 300 × 500 mm, net. 400.0 g ±3%",11.05.2026,Conforms | Одговара,iCoA-PP_26-075,03.06.2026,Purely Plant GmbH (in-house),Conforms | Одговара,iCoA-PP_26-075,03.06.2026,Purely Plant GmbH (in-house),Conforms | Одговара,ППК26066,11.05.2026,UKIM Faculty of Pharmacy — Center for Natural Products,16.69,ППК26066,11.05.2026,UKIM Faculty of Pharmacy — Center for Natural Products,0.05,ППК26066,11.05.2026,UKIM Faculty of Pharmacy — Center for Natural Products,not tested,—,—,—,Conforms | Одговара,iCoA-PP_26-075,03.06.2026,Purely Plant GmbH (in-house),6.09,ППК26066,11.05.2026,UKIM Faculty of Pharmacy — Center for Natural Products,"3,9 × 10³",312/0556/26,28.04.2026,IPH — Institute of Public Health,"2,4 × 10³",312/0556/26,28.04.2026,IPH — Institute of Public Health,< 10,312/0556/26,28.04.2026,IPH — Institute of Public Health,Absent | Отсутна,312/0556/26,28.04.2026,IPH — Institute of Public Health,Absent | Отсутна,312/0556/26,28.04.2026,IPH — Institute of Public Health,upon request — not required for release,—,—,—,upon request — not required for release,—,—,—,not tested,—,—,—,< 2,2357/2026,29.04.2026,IPH — Institute of Public Health,not tested,—,—,—,0.0215,2357/2026,29.04.2026,IPH — Institute of Public Health,0.0108,2357/2026,29.04.2026,IPH — Institute of Public Health,0.0199,2357/2026,29.04.2026,IPH — Institute of Public Health,0.0078,2357/2026,29.04.2026,IPH — Institute of Public Health,ND,2357/2026,29.04.2026,IPH — Institute of Public Health
CoQ-PP_26-066,release,issuable,06.06.2026,n/a — release certificate,(assigned on issue),GG012601,— no P lot assigned —,Gorilla Glue,27.03.2026,20.05.2026,—,—,iCoA-PP_26-076,03.06.2026,20.05.2026,—,15.35,ППК26062,II,13.77 – 16.22 %,GG_THC15 : CBD1,QCSP_001_GG-II_v.01,"for review — replaces the issued QCSP_001_GG-II_v.01 (was GG_THC16 : CBD1, 15.00 – 17.00 %); now GG_THC15 : CBD1 13.77 – 16.22 %",INDICA,THC,MACHINE TRIMMED,—,"Triplex Alu Bag | Триплекс Aлу Kеса, PET 12 · ALU 7 · PE 80, 300 × 500 mm, net. 400.0 g ±3%",11.05.2026,Conforms | Одговара,iCoA-PP_26-076,03.06.2026,Purely Plant GmbH (in-house),Conforms | Одговара,iCoA-PP_26-076,03.06.2026,Purely Plant GmbH (in-house),Conforms | Одговара,ППК26062,11.05.2026,UKIM Faculty of Pharmacy — Center for Natural Products,15.35,ППК26062,11.05.2026,UKIM Faculty of Pharmacy — Center for Natural Products,0.06,ППК26062,11.05.2026,UKIM Faculty of Pharmacy — Center for Natural Products,not tested,—,—,—,Conforms | Одговара,iCoA-PP_26-076,03.06.2026,Purely Plant GmbH (in-house),6.13,ППК26062,11.05.2026,UKIM Faculty of Pharmacy — Center for Natural Products,1 × 10⁴,310/0554/26,28.04.2026,IPH — Institute of Public Health,1 × 10⁴,310/0554/26,28.04.2026,IPH — Institute of Public Health,< 10,310/0554/26,28.04.2026,IPH — Institute of Public Health,Absent | Отсутна,310/0554/26,28.04.2026,IPH — Institute of Public Health,Absent | Отсутна,310/0554/26,28.04.2026,IPH — Institute of Public Health,upon request — not required for release,—,—,—,upon request — not required for release,—,—,—,not tested,—,—,—,< 2,2364/2026,30.04.2026,IPH — Institute of Public Health,not tested,—,—,—,0.0227,2364/2026,30.04.2026,IPH — Institute of Public Health,0.0179,2364/2026,30.04.2026,IPH — Institute of Public Health,0.0163,2364/2026,30.04.2026,IPH — Institute of Public Health,0.031,2364/2026,30.04.2026,IPH — Institute of Public Health,ND,2364/2026,30.04.2026,IPH — Institute of Public Health
CoQ-PP_26-067,release,issuable,06.06.2026,n/a — release certificate,(assigned on issue),JD012601,— no P lot assigned —,Jelly Donuts,27.03.2026,21.05.2026,—,—,iCoA-PP_26-077,03.06.2026,21.05.2026,—,18.16,ППК26064,II,16.20 – 19.79 %,JD_THC18 : CBD1,QCSP_001_JD-II_v.01,"for review — replaces the issued QCSP_001_JD-II_v.01 (was JD_THC16 : CBD1, 14.91 – 17.09 %); now JD_THC18 : CBD1 16.20 – 19.79 %",HYBRID,THC,MACHINE TRIMMED,SATIVA 60 : INDICA 40,"Triplex Alu Bag | Триплекс Aлу Kеса, PET 12 · ALU 7 · PE 80, 300 × 500 mm, net. 400.0 g ±3%",11.05.2026,Conforms | Одговара,iCoA-PP_26-077,03.06.2026,Purely Plant GmbH (in-house),Conforms | Одговара,iCoA-PP_26-077,03.06.2026,Purely Plant GmbH (in-house),Conforms | Одговара,ППК26064,11.05.2026,UKIM Faculty of Pharmacy — Center for Natural Products,18.16,ППК26064,11.05.2026,UKIM Faculty of Pharmacy — Center for Natural Products,0.06,ППК26064,11.05.2026,UKIM Faculty of Pharmacy — Center for Natural Products,not tested,—,—,—,Conforms | Одговара,iCoA-PP_26-077,03.06.2026,Purely Plant GmbH (in-house),6.68,ППК26064,11.05.2026,UKIM Faculty of Pharmacy — Center for Natural Products,"1,9 × 10³",309/0553/26,28.04.2026,IPH — Institute of Public Health,"2,4 × 10³",309/0553/26,28.04.2026,IPH — Institute of Public Health,< 10,309/0553/26,28.04.2026,IPH — Institute of Public Health,Absent | Отсутна,309/0553/26,28.04.2026,IPH — Institute of Public Health,Absent | Отсутна,309/0553/26,28.04.2026,IPH — Institute of Public Health,upon request — not required for release,—,—,—,upon request — not required for release,—,—,—,not tested,—,—,—,< 2,2363/2026,30.04.2026,IPH — Institute of Public Health,not tested,—,—,—,0.0739,2363/2026,30.04.2026,IPH — Institute of Public Health,0.0166,2363/2026,30.04.2026,IPH — Institute of Public Health,0.0136,2363/2026,30.04.2026,IPH — Institute of Public Health,0.0322,2363/2026,30.04.2026,IPH — Institute of Public Health,ND,2363/2026,30.04.2026,IPH — Institute of Public Health
CoQ-PP_26-068,release,issuable,06.06.2026,n/a — release certificate,(assigned on issue),P060332,— no P lot assigned —,Cash Cow,16.04.2026,22.05.2026,—,—,iCoA-PP_26-079,03.06.2026,22.05.2026,—,—,—,—,Per grade of the potency specification of 15.09.2026 — no Total THC result on file,—,—,—,—,—,—,—,—,—,Conforms | Одговара,iCoA-PP_26-079,03.06.2026,Purely Plant GmbH (in-house),Conforms | Одговара,iCoA-PP_26-079,03.06.2026,Purely Plant GmbH (in-house),to be performed (in house),—,—,—,not tested,—,—,—,not tested,—,—,—,not tested,—,—,—,Conforms | Одговара,iCoA-PP_26-079,03.06.2026,Purely Plant GmbH (in-house),not tested,—,—,—,7.8 × 10⁴,361/0691/26,01.06.2026,IPH — Institute of Public Health,2.2 × 10⁴,361/0691/26,01.06.2026,IPH — Institute of Public Health,< 10,361/0691/26,01.06.2026,IPH — Institute of Public Health,Absent | Отсутна,361/0691/26,01.06.2026,IPH — Institute of Public Health,Absent | Отсутна,361/0691/26,01.06.2026,IPH — Institute of Public Health,upon request — not required for release,—,—,—,upon request — not required for release,—,—,—,not tested,—,—,—,not tested,—,—,—,not tested,—,—,—,not tested,—,—,—,not tested,—,—,—,not tested,—,—,—,not tested,—,—,—,not tested,—,—,—
CoQ-PP_26-069,release,issuable,06.06.2026,n/a — release certificate,CoQ-PP-2026-0019,FB012601/1,P060322,Fat Bastard,27.03.2026,22.05.2026,27.03.2026,22.05.2026,iCoA-PP_26-078,03.06.2026,22.05.2026,—,14.68,ППК26067,III,13.80 – 16.19 %,FB_THC15 : CBD1,QCSP_001_FB-III_v.01,"for review — replaces the issued QCSP_001_FB-III_v.01 (was FB_THC16 : CBD1, 14.86 – 17.14 %); now FB_THC15 : CBD1 13.80 – 16.19 %",HYBRID,THC,MACHINE TRIMMED,BALANCED,"Triplex Alu Bag | Триплекс Aлу Kеса, PET 12 · ALU 7 · PE 80, 300 × 500 mm, net. 400.0 g ±3%",11.05.2026,Conforms | Одговара,iCoA-PP_26-078,03.06.2026,Purely Plant GmbH (in-house),Conforms | Одговара,iCoA-PP_26-078,03.06.2026,Purely Plant GmbH (in-house),Conforms | Одговара,ППК26067,11.05.2026,UKIM Faculty of Pharmacy — Center for Natural Products,14.68,ППК26067,11.05.2026,UKIM Faculty of Pharmacy — Center for Natural Products,0.04,ППК26067,11.05.2026,UKIM Faculty of Pharmacy — Center for Natural Products,< LOQ %,ППК26067,11.05.2026,CNP,Conforms | Одговара,iCoA-PP_26-078,03.06.2026,Purely Plant GmbH (in-house),7.67,ППК26067,11.05.2026,UKIM Faculty of Pharmacy — Center for Natural Products,2 × 10³,308/0552/26,28.04.2026,IPH — Institute of Public Health,"2,1 × 10³",308/0552/26,28.04.2026,IPH — Institute of Public Health,< 10,308/0552/26,28.04.2026,IPH — Institute of Public Health,Absent | Отсутна,308/0552/26,28.04.2026,IPH — Institute of Public Health,Absent | Отсутна,308/0552/26,28.04.2026,IPH — Institute of Public Health,upon request — not required for release,—,—,—,upon request — not required for release,—,—,—,not tested,—,—,—,< 2,2362/2026,30.04.2026,IPH — Institute of Public Health,not tested,—,—,—,0.0114,2362/2026,30.04.2026,IPH — Institute of Public Health,0.017,2362/2026,30.04.2026,IPH — Institute of Public Health,0.0144,2362/2026,30.04.2026,IPH — Institute of Public Health,0.0155,2362/2026,30.04.2026,IPH — Institute of Public Health,ND,2362/2026,30.04.2026,IPH — Institute of Public Health
CoQ-PP_26-070,release,issuable,06.06.2026,n/a — release certificate,CoQ-PP-2026-0021,FB012602,P060352,Fat Bastard,16.04.2026,23.05.2026,16.04.2026,23.05.2026,iCoA-PP_26-083,03.06.2026,23.05.2026,—,—,—,—,Per grade of the potency specification of 15.09.2026 — no Total THC result on file,—,—,—,—,—,—,—,—,—,Conforms | Одговара,iCoA-PP_26-083,03.06.2026,Purely Plant GmbH (in-house),Conforms | Одговара,iCoA-PP_26-083,03.06.2026,Purely Plant GmbH (in-house),to be performed (in house),—,—,—,not tested,—,—,—,not tested,—,—,—,not tested,—,—,—,Conforms | Одговара,iCoA-PP_26-083,03.06.2026,Purely Plant GmbH (in-house),not tested,—,—,—,6.3 × 10⁴,366/0696/26,01.06.2026,IPH — Institute of Public Health,2.2 × 10⁴,366/0696/26,01.06.2026,IPH — Institute of Public Health,< 10,366/0696/26,01.06.2026,IPH — Institute of Public Health,Absent | Отсутна,366/0696/26,01.06.2026,IPH — Institute of Public Health,Absent | Отсутна,366/0696/26,01.06.2026,IPH — Institute of Public Health,upon request — not required for release,—,—,—,upon request — not required for release,—,—,—,not tested,—,—,—,not tested,—,—,—,not tested,—,—,—,not tested,—,—,—,not tested,—,—,—,not tested,—,—,—,not tested,—,—,—,not tested,—,—,—
CoQ-PP_26-071,release,issuable,06.06.2026,n/a — release certificate,CoQ-PP-2026-0020,JD012603/01,P060362,Jelly Donuts,22.04.2026,23.05.2026,22.04.2026,23.05.2026,iCoA-PP_26-082,03.06.2026,23.05.2026,—,—,—,—,Per grade of the potency specification of 15.09.2026 — no Total THC result on file,—,—,—,—,—,—,—,—,—,to be performed (in house),iCoA-PP_26-082,03.06.2026,Purely Plant GmbH (in-house),to be performed (in house),iCoA-PP_26-082,03.06.2026,Purely Plant GmbH (in-house),to be performed (in house),—,—,—,not tested,—,—,—,not tested,—,—,—,not tested,—,—,—,to be performed (in house),iCoA-PP_26-082,03.06.2026,Purely Plant GmbH (in-house),not tested,—,—,—,2 × 10²,365/0695/26,01.06.2026,IPH — Institute of Public Health,1 × 10²,365/0695/26,01.06.2026,IPH — Institute of Public Health,< 10,365/0695/26,01.06.2026,IPH — Institute of Public Health,Absent | Отсутна,365/0695/26,01.06.2026,IPH — Institute of Public Health,Absent | Отсутна,365/0695/26,01.06.2026,IPH — Institute of Public Health,upon request — not required for release,—,—,—,upon request — not required for release,—,—,—,not tested,—,—,—,not tested,—,—,—,not tested,—,—,—,not tested,—,—,—,not tested,—,—,—,not tested,—,—,—,not tested,—,—,—,not tested,—,—,—
CoQ-PP_26-072,release,issuable,06.06.2026,n/a — release certificate,CoQ-PP-2026-0024,CC012603,P060372,Cash Cow,22.04.2026,24.05.2026,22.04.2026,24.05.2026,iCoA-PP_26-084,03.06.2026,24.05.2026,—,—,—,—,Per grade of the potency specification of 15.09.2026 — no Total THC result on file,—,—,—,—,—,—,—,—,—,Conforms | Одговара,iCoA-PP_26-084,03.06.2026,Purely Plant GmbH (in-house),Conforms | Одговара,iCoA-PP_26-084,03.06.2026,Purely Plant GmbH (in-house),to be performed (in house),—,—,—,not tested,—,—,—,not tested,—,—,—,not tested,—,—,—,Conforms | Одговара,iCoA-PP_26-084,03.06.2026,Purely Plant GmbH (in-house),not tested,—,—,—,2.7 × 10³,363/0693/26,01.06.2026,IPH — Institute of Public Health,1.6 × 10¹,363/0693/26,01.06.2026,IPH — Institute of Public Health,< 10,363/0693/26,01.06.2026,IPH — Institute of Public Health,Absent | Отсутна,363/0693/26,01.06.2026,IPH — Institute of Public Health,Absent | Отсутна,363/0693/26,01.06.2026,IPH — Institute of Public Health,upon request — not required for release,—,—,—,upon request — not required for release,—,—,—,not tested,—,—,—,not tested,—,—,—,not tested,—,—,—,not tested,—,—,—,not tested,—,—,—,not tested,—,—,—,not tested,—,—,—,not tested,—,—,—
CoQ-PP_26-073,release,issuable,06.06.2026,n/a — release certificate,(assigned on issue),SCR012601,P060342,Scrambler,16.04.2026,25.05.2026,—,25.05.2026,iCoA-PP_26-088,03.06.2026,25.05.2026,—,—,—,—,Per grade of the potency specification of 15.09.2026 — no Total THC result on file,—,—,—,—,—,—,—,—,—,Conforms | Одговара,iCoA-PP_26-088,03.06.2026,Purely Plant GmbH (in-house),Conforms | Одговара,iCoA-PP_26-088,03.06.2026,Purely Plant GmbH (in-house),to be performed (in house),—,—,—,not tested,—,—,—,not tested,—,—,—,not tested,—,—,—,Conforms | Одговара,iCoA-PP_26-088,03.06.2026,Purely Plant GmbH (in-house),not tested,—,—,—,not tested,—,—,—,not tested,—,—,—,not tested,—,—,—,not tested,—,—,—,not tested,—,—,—,upon request — not required for release,—,—,—,upon request — not required for release,—,—,—,not tested,—,—,—,not tested,—,—,—,not tested,—,—,—,not tested,—,—,—,not tested,—,—,—,not tested,—,—,—,not tested,—,—,—,not tested,—,—,—
CoQ-PP_26-074,release,issuable,06.06.2026,n/a — release certificate,CoQ-PP-2026-0026,SCR012603,P060382,Scrambler,22.04.2026,25.05.2026,22.04.2026,25.05.2026,iCoA-PP_26-087,03.06.2026,25.05.2026,—,—,—,—,Per grade of the potency specification of 15.09.2026 — no Total THC result on file,—,—,—,—,—,—,—,—,—,Conforms | Одговара,iCoA-PP_26-087,03.06.2026,Purely Plant GmbH (in-house),Conforms | Одговара,iCoA-PP_26-087,03.06.2026,Purely Plant GmbH (in-house),to be performed (in house),—,—,—,not tested,—,—,—,not tested,—,—,—,not tested,—,—,—,Conforms | Одговара,iCoA-PP_26-087,03.06.2026,Purely Plant GmbH (in-house),not tested,—,—,—,5.4 × 10⁴,364/0694/26,01.06.2026,IPH — Institute of Public Health,1.8 × 10⁴,364/0694/26,01.06.2026,IPH — Institute of Public Health,< 10,364/0694/26,01.06.2026,IPH — Institute of Public Health,Absent | Отсутна,364/0694/26,01.06.2026,IPH — Institute of Public Health,Absent | Отсутна,364/0694/26,01.06.2026,IPH — Institute of Public Health,upon request — not required for release,—,—,—,upon request — not required for release,—,—,—,not tested,—,—,—,not tested,—,—,—,not tested,—,—,—,not tested,—,—,—,not tested,—,—,—,not tested,—,—,—,not tested,—,—,—,not tested,—,—,—
CoQ-PP_26-075,release,issuable,07.07.2026,n/a — release certificate,(assigned on issue),FB012603V,— no P lot assigned —,Fat Bastard,29.04.2026,23.05.2026,—,—,iCoA-PP_26-080,03.06.2026,23.05.2026,—,18.29,ППК26110,II,16.20 – 19.79 %,FB_THC18 : CBD1,QCSP_001_FB-II_v.01,"for review — replaces the issued QCSP_001_FB-II_v.01 (was FB_THC18 : CBD1, 17.15 – 18.85 %); now FB_THC18 : CBD1 16.20 – 19.79 %",HYBRID,THC,MACHINE TRIMMED,BALANCED,"Triplex Alu Bag | Триплекс Aлу Kеса, PET 12 · ALU 7 · PE 80, 300 × 500 mm, net. 400.0 g ±3%",30.06.2026,Conforms | Одговара,ППК26110,30.06.2026,UKIM Faculty of Pharmacy — Center for Natural Products,Conforms | Одговара,ППК26110,30.06.2026,UKIM Faculty of Pharmacy — Center for Natural Products,Conforms | Одговара,ППК26110,30.06.2026,UKIM Faculty of Pharmacy — Center for Natural Products,18.29,ППК26110,30.06.2026,UKIM Faculty of Pharmacy — Center for Natural Products,0.16,ППК26110,30.06.2026,UKIM Faculty of Pharmacy — Center for Natural Products,0.06,ППК26110,30.06.2026,UKIM Faculty of Pharmacy — Center for Natural Products,Conforms | Одговара,ППК26110,30.06.2026,UKIM Faculty of Pharmacy — Center for Natural Products,6.36,ППК26110,30.06.2026,UKIM Faculty of Pharmacy — Center for Natural Products,not tested,—,—,—,not tested,—,—,—,not tested,—,—,—,not tested,—,—,—,not tested,—,—,—,upon request — not required for release,—,—,—,upon request — not required for release,—,—,—,not tested,—,—,—,not tested,—,—,—,not tested,—,—,—,not tested,—,—,—,not tested,—,—,—,not tested,—,—,—,not tested,—,—,—,not tested,—,—,—
CoQ-PP_26-076,release,issuable,07.07.2026,n/a — release certificate,CoQ-PP-2026-0022,JD012603/02V,P060422,Jelly Donuts,29.04.2026,23.05.2026,29.04.2026,23.05.2026,iCoA-PP_26-081,03.06.2026,23.05.2026,—,15.16,ППК26111,III,13.80 – 16.19 %,JD_THC15 : CBD1,QCSP_001_JD-III_v.01,"for review — replaces the issued QCSP_001_JD-III_v.01 (was JD_THC20:CBD1, 20.00% ± 2.00%); now JD_THC15 : CBD1 13.80 – 16.19 %",HYBRID,THC,MACHINE TRIMMED,SATIVA 60 : INDICA 40,"Triplex Alu Bag | Триплекс Aлу Kеса, PET 12 · ALU 7 · PE 80, 300 × 500 mm, net. 400.0 g ±3%",30.06.2026,Conforms | Одговара,ППК26111,30.06.2026,UKIM Faculty of Pharmacy — Center for Natural Products,Conforms | Одговара,ППК26111,30.06.2026,UKIM Faculty of Pharmacy — Center for Natural Products,Conforms | Одговара,ППК26111,30.06.2026,UKIM Faculty of Pharmacy — Center for Natural Products,15.16,ППК26111,30.06.2026,UKIM Faculty of Pharmacy — Center for Natural Products,< LOQ (below limit of quantification),ППК26111,30.06.2026,UKIM Faculty of Pharmacy — Center for Natural Products,0.04,ППК26111,30.06.2026,UKIM Faculty of Pharmacy — Center for Natural Products,Conforms | Одговара,ППК26111,30.06.2026,UKIM Faculty of Pharmacy — Center for Natural Products,7.04,ППК26111,30.06.2026,UKIM Faculty of Pharmacy — Center for Natural Products,5.1 × 10³,406/0789/26,24.06.2026,IPH — Institute of Public Health,4.7 × 10³,406/0789/26,24.06.2026,IPH — Institute of Public Health,< 10,406/0789/26,24.06.2026,IPH — Institute of Public Health,Absent | Отсутна,406/0789/26,24.06.2026,IPH — Institute of Public Health,Absent | Отсутна,406/0789/26,24.06.2026,IPH — Institute of Public Health,upon request — not required for release,—,—,—,upon request — not required for release,—,—,—,not tested,—,—,—,not tested,—,—,—,not tested,—,—,—,0.06,3662/2026,22.06.2026,IPH — Institute of Public Health,0.03,3662/2026,22.06.2026,IPH — Institute of Public Health,0.045,3662/2026,22.06.2026,IPH — Institute of Public Health,0.013,3662/2026,22.06.2026,IPH — Institute of Public Health,"< 0,01 mg/kg — all 22 residues",3662/2026,22.06.2026,IJZ
CoQ-PP_26-077,release,issuable,07.07.2026,n/a — release certificate,CoQ-PP-2026-0023,GG012603,P060402,Gorilla Glue,04.05.2026,24.05.2026,04.05.2026,24.05.2026,iCoA-PP_26-085,03.06.2026,24.05.2026,—,17.59,ППК26114,I,16.23 – 19.76 %,GG_THC18 : CBD1,QCSP_001_GG-I_v.01,"for review — replaces the issued QCSP_001_GG-I_v.01 (was GG_THC18 : CBD1, 17.01 – 18.99 %); now GG_THC18 : CBD1 16.23 – 19.76 %",INDICA,THC,MACHINE TRIMMED,—,"Triplex Alu Bag | Триплекс Aлу Kеса, PET 12 · ALU 7 · PE 80, 300 × 500 mm, net. 400.0 g ±3%",30.06.2026,Conforms | Одговара,ППК26114,30.06.2026,UKIM Faculty of Pharmacy — Center for Natural Products,Conforms | Одговара,ППК26114,30.06.2026,UKIM Faculty of Pharmacy — Center for Natural Products,Conforms | Одговара,ППК26114,30.06.2026,UKIM Faculty of Pharmacy — Center for Natural Products,17.59,ППК26114,30.06.2026,UKIM Faculty of Pharmacy — Center for Natural Products,0.05,ППК26114,30.06.2026,UKIM Faculty of Pharmacy — Center for Natural Products,0.15,ППК26114,30.06.2026,UKIM Faculty of Pharmacy — Center for Natural Products,Conforms | Одговара,ППК26114,30.06.2026,UKIM Faculty of Pharmacy — Center for Natural Products,6.48,ППК26114,30.06.2026,UKIM Faculty of Pharmacy — Center for Natural Products,5 × 10³,404/0787/26,24.06.2026,IPH — Institute of Public Health,4.1 × 10³,404/0787/26,24.06.2026,IPH — Institute of Public Health,< 10,404/0787/26,24.06.2026,IPH — Institute of Public Health,Absent | Отсутна,404/0787/26,24.06.2026,IPH — Institute of Public Health,Absent | Отсутна,404/0787/26,24.06.2026,IPH — Institute of Public Health,upon request — not required for release,—,—,—,upon request — not required for release,—,—,—,not tested,—,—,—,< 2,3659/2026,22.06.2026,IPH — Institute of Public Health,not tested,—,—,—,0.059,3659/2026,22.06.2026,IPH — Institute of Public Health,0.03,3659/2026,22.06.2026,IPH — Institute of Public Health,0.05,3659/2026,22.06.2026,IPH — Institute of Public Health,0.015,3659/2026,22.06.2026,IPH — Institute of Public Health,"< 0,01 mg/kg — all 22 residues",3659/2026,22.06.2026,IJZ
CoQ-PP_26-078,release,issuable,07.07.2026,n/a — release certificate,CoQ-PP-2026-0025,JD012603/02,P060412,Jelly Donuts,04.05.2026,24.05.2026,04.05.2026,24.05.2026,iCoA-PP_26-086,03.06.2026,24.05.2026,—,20.54,ППК26113,I,19.80 – 24.19 %,JD_THC22 : CBD1,QCSP_001_JD-I_v.01,"for review — replaces the issued QCSP_001_JD-I_v.01 (was JD_THC20 : CBD1, 18.00 – 22.00 %); now JD_THC22 : CBD1 19.80 – 24.19 %",HYBRID,THC,MACHINE TRIMMED,SATIVA 60 : INDICA 40,"Triplex Alu Bag | Триплекс Aлу Kеса, PET 12 · ALU 7 · PE 80, 300 × 500 mm, net. 400.0 g ±3%",30.06.2026,Conforms | Одговара,ППК26113,30.06.2026,UKIM Faculty of Pharmacy — Center for Natural Products,Conforms | Одговара,ППК26113,30.06.2026,UKIM Faculty of Pharmacy — Center for Natural Products,Conforms | Одговара,ППК26113,30.06.2026,UKIM Faculty of Pharmacy — Center for Natural Products,20.54,ППК26113,30.06.2026,UKIM Faculty of Pharmacy — Center for Natural Products,0.05,ППК26113,30.06.2026,UKIM Faculty of Pharmacy — Center for Natural Products,0.05,ППК26113,30.06.2026,UKIM Faculty of Pharmacy — Center for Natural Products,Conforms | Одговара,ППК26113,30.06.2026,UKIM Faculty of Pharmacy — Center for Natural Products,7.52,ППК26113,30.06.2026,UKIM Faculty of Pharmacy — Center for Natural Products,6.3 × 10³,405/0788/26,24.06.2026,IPH — Institute of Public Health,4.4 × 10³,405/0788/26,24.06.2026,IPH — Institute of Public Health,< 10,405/0788/26,24.06.2026,IPH — Institute of Public Health,Absent | Отсутна,405/0788/26,24.06.2026,IPH — Institute of Public Health,Absent | Отсутна,405/0788/26,24.06.2026,IPH — Institute of Public Health,upon request — not required for release,—,—,—,upon request — not required for release,—,—,—,not tested,—,—,—,not tested,—,—,—,not tested,—,—,—,0.085,3660/2026,22.06.2026,IPH — Institute of Public Health,0.044,3660/2026,22.06.2026,IPH — Institute of Public Health,0.042,3660/2026,22.06.2026,IPH — Institute of Public Health,0.042,3660/2026,22.06.2026,IPH — Institute of Public Health,"< 0,01 mg/kg — all 22 residues",3660/2026,22.06.2026,IJZ
CoQ-PP_26-079,release,issuable,07.07.2026,n/a — release certificate,(assigned on issue),FB012603,— no P lot assigned —,Fat Bastard,04.05.2026,15.06.2026,—,—,iCoA-PP_26-093,15.06.2026,15.06.2026,—,20.83,ППК26112,I,19.80 – 24.19 %,FB_THC22 : CBD1,QCSP_001_FB-I_v.01,"for review — replaces the issued QCSP_001_FB-I_v.01 (was FB_THC27.5:CBD1, 27.50% ± 2.63%); now FB_THC22 : CBD1 19.80 – 24.19 %",HYBRID,THC,MACHINE TRIMMED,BALANCED,"Triplex Alu Bag | Триплекс Aлу Kеса, PET 12 · ALU 7 · PE 80, 300 × 500 mm, net. 400.0 g ±3%",30.06.2026,Conforms | Одговара,ППК26112,30.06.2026,UKIM Faculty of Pharmacy — Center for Natural Products,Conforms | Одговара,ППК26112,30.06.2026,UKIM Faculty of Pharmacy — Center for Natural Products,Conforms | Одговара,ППК26112,30.06.2026,UKIM Faculty of Pharmacy — Center for Natural Products,20.83,ППК26112,30.06.2026,UKIM Faculty of Pharmacy — Center for Natural Products,0.21,ППК26112,30.06.2026,UKIM Faculty of Pharmacy — Center for Natural Products,0.06,ППК26112,30.06.2026,UKIM Faculty of Pharmacy — Center for Natural Products,Conforms | Одговара,ППК26112,30.06.2026,UKIM Faculty of Pharmacy — Center for Natural Products,7.04,ППК26112,30.06.2026,UKIM Faculty of Pharmacy — Center for Natural Products,not tested,—,—,—,not tested,—,—,—,not tested,—,—,—,not tested,—,—,—,not tested,—,—,—,upon request — not required for release,—,—,—,upon request — not required for release,—,—,—,not tested,—,—,—,not tested,—,—,—,not tested,—,—,—,not tested,—,—,—,not tested,—,—,—,not tested,—,—,—,not tested,—,—,—,not tested,—,—,—
CoQ-PP_26-080,release,issuable,13.07.2026,n/a — release certificate,(assigned on issue),SCR022601,— no P lot assigned —,Scrambler,13.05.2026,18.06.2026,—,—,iCoA-PP_26-094,18.06.2026,18.06.2026,—,21.92,ППК26116,I,19.80 – 24.19 %,SCR_THC22 : CBD1,QCSP_001_SCR-I_v.01,"for review — replaces the issued QCSP_001_SCR-I_v.01 (was SCR_THC27.5:CBD1, 27.50% ± 2.38%); now SCR_THC22 : CBD1 19.80 – 24.19 %",HYBRID,THC,MACHINE TRIMMED,TO BE DETERMINED,"Triplex Alu Bag | Триплекс Aлу Kеса, PET 12 · ALU 7 · PE 80, 300 × 500 mm, net. 400.0 g ±3%",06.07.2026,Conforms | Одговара,ППК26116,06.07.2026,UKIM Faculty of Pharmacy — Center for Natural Products,Conforms | Одговара,ППК26116,06.07.2026,UKIM Faculty of Pharmacy — Center for Natural Products,Conforms | Одговара,ППК26116,06.07.2026,UKIM Faculty of Pharmacy — Center for Natural Products,21.92,ППК26116,06.07.2026,UKIM Faculty of Pharmacy — Center for Natural Products,0.19,ППК26116,06.07.2026,UKIM Faculty of Pharmacy — Center for Natural Products,0.06,ППК26116,06.07.2026,UKIM Faculty of Pharmacy — Center for Natural Products,Conforms | Одговара,ППК26116,06.07.2026,UKIM Faculty of Pharmacy — Center for Natural Products,7.06,ППК26116,06.07.2026,UKIM Faculty of Pharmacy — Center for Natural Products,not tested,—,—,—,not tested,—,—,—,not tested,—,—,—,not tested,—,—,—,not tested,—,—,—,upon request — not required for release,—,—,—,upon request — not required for release,—,—,—,not tested,—,—,—,not tested,—,—,—,not tested,—,—,—,not tested,—,—,—,not tested,—,—,—,not tested,—,—,—,not tested,—,—,—,not tested,—,—,—
CoQ-PP_26-081,release,issuable,28.07.2026,n/a — release certificate,(assigned on issue),FB032601,— no P lot assigned —,Fat Bastard,02.06.2026,29.06.2026,—,—,iCoA-PP_26-095,29.06.2026,29.06.2026,—,12.39,ППК26127,IV,10.80 – 13.19 %,FB_THC12 : CBD1,QCSP_001_FB-IV_v.01,for review — new,HYBRID,THC,MACHINE TRIMMED,BALANCED,"Triplex Alu Bag | Триплекс Aлу Kеса, PET 12 · ALU 7 · PE 80, 300 × 500 mm, net. 400.0 g ±3%",21.07.2026,Conforms | Одговара,ППК26127,21.07.2026,UKIM Faculty of Pharmacy — Center for Natural Products,Conforms | Одговара,ППК26127,21.07.2026,UKIM Faculty of Pharmacy — Center for Natural Products,Conforms | Одговара,ППК26127,21.07.2026,UKIM Faculty of Pharmacy — Center for Natural Products,12.39,ППК26127,21.07.2026,UKIM Faculty of Pharmacy — Center for Natural Products,0.06,ППК26127,21.07.2026,UKIM Faculty of Pharmacy — Center for Natural Products,0.04,ППК26127,21.07.2026,UKIM Faculty of Pharmacy — Center for Natural Products,Conforms | Одговара,ППК26127,21.07.2026,UKIM Faculty of Pharmacy — Center for Natural Products,7.77,ППК26127,21.07.2026,UKIM Faculty of Pharmacy — Center for Natural Products,not tested,—,—,—,not tested,—,—,—,not tested,—,—,—,not tested,—,—,—,not tested,—,—,—,upon request — not required for release,—,—,—,upon request — not required for release,—,—,—,not tested,—,—,—,not tested,—,—,—,not tested,—,—,—,not tested,—,—,—,not tested,—,—,—,not tested,—,—,—,not tested,—,—,—,not tested,—,—,—
CoQ-PP_26-082,release,issuable,28.07.2026,n/a — release certificate,(assigned on issue),GG032601,— no P lot assigned —,Gorilla Glue,16.06.2026,16.07.2026,—,—,iCoA-PP_26-099,16.07.2026,16.07.2026,—,18.98,ППК26128,I,16.23 – 19.76 %,GG_THC18 : CBD1,QCSP_001_GG-I_v.01,"for review — replaces the issued QCSP_001_GG-I_v.01 (was GG_THC18 : CBD1, 17.01 – 18.99 %); now GG_THC18 : CBD1 16.23 – 19.76 %",INDICA,THC,MACHINE TRIMMED,—,"Triplex Alu Bag | Триплекс Aлу Kеса, PET 12 · ALU 7 · PE 80, 300 × 500 mm, net. 400.0 g ±3%",21.07.2026,Conforms | Одговара,ППК26128,21.07.2026,UKIM Faculty of Pharmacy — Center for Natural Products,Conforms | Одговара,ППК26128,21.07.2026,UKIM Faculty of Pharmacy — Center for Natural Products,Conforms | Одговара,ППК26128,21.07.2026,UKIM Faculty of Pharmacy — Center for Natural Products,18.98,ППК26128,21.07.2026,UKIM Faculty of Pharmacy — Center for Natural Products,0.25,ППК26128,21.07.2026,UKIM Faculty of Pharmacy — Center for Natural Products,0.04,ППК26128,21.07.2026,UKIM Faculty of Pharmacy — Center for Natural Products,Conforms | Одговара,ППК26128,21.07.2026,UKIM Faculty of Pharmacy — Center for Natural Products,7.88,ППК26128,21.07.2026,UKIM Faculty of Pharmacy — Center for Natural Products,not tested,—,—,—,not tested,—,—,—,not tested,—,—,—,not tested,—,—,—,not tested,—,—,—,upon request — not required for release,—,—,—,upon request — not required for release,—,—,—,not tested,—,—,—,not tested,—,—,—,not tested,—,—,—,not tested,—,—,—,not tested,—,—,—,not tested,—,—,—,not tested,—,—,—,not tested,—,—,—
CoQ-PP_26-083,release,issuable,05.08.2026,n/a — release certificate,(assigned on issue),JD022601,— no P lot assigned —,Jelly Donuts,18.05.2026,05.08.2026,—,—,iCoA-PP_26-121,05.08.2026,05.08.2026,—,18.58,ППК26115,II,16.20 – 19.79 %,JD_THC18 : CBD1,QCSP_001_JD-II_v.01,"for review — replaces the issued QCSP_001_JD-II_v.01 (was JD_THC16 : CBD1, 14.91 – 17.09 %); now JD_THC18 : CBD1 16.20 – 19.79 %",HYBRID,THC,MACHINE TRIMMED,SATIVA 60 : INDICA 40,"Triplex Alu Bag | Триплекс Aлу Kеса, PET 12 · ALU 7 · PE 80, 300 × 500 mm, net. 400.0 g ±3%",30.06.2026,Conforms | Одговара,ППК26115,30.06.2026,UKIM Faculty of Pharmacy — Center for Natural Products,Conforms | Одговара,ППК26115,30.06.2026,UKIM Faculty of Pharmacy — Center for Natural Products,Conforms | Одговара,ППК26115,30.06.2026,UKIM Faculty of Pharmacy — Center for Natural Products,18.58,ППК26115,30.06.2026,UKIM Faculty of Pharmacy — Center for Natural Products,< LOQ (below limit of quantification),ППК26115,30.06.2026,UKIM Faculty of Pharmacy — Center for Natural Products,0.05,ППК26115,30.06.2026,UKIM Faculty of Pharmacy — Center for Natural Products,Conforms | Одговара,ППК26115,30.06.2026,UKIM Faculty of Pharmacy — Center for Natural Products,7.73,ППК26115,30.06.2026,UKIM Faculty of Pharmacy — Center for Natural Products,not tested,—,—,—,not tested,—,—,—,not tested,—,—,—,not tested,—,—,—,not tested,—,—,—,upon request — not required for release,—,—,—,upon request — not required for release,—,—,—,not tested,—,—,—,not tested,—,—,—,not tested,—,—,—,not tested,—,—,—,not tested,—,—,—,not tested,—,—,—,not tested,—,—,—,not tested,—,—,—
CoQ-PP_26-084,release,issuable,13.08.2026,n/a — release certificate,(assigned on issue),JD042601,P060492,Jelly Donuts,21.07.2026,13.08.2026,—,13.08.2026,iCoA-PP_26-122,13.08.2026,13.08.2026,—,—,—,—,Per grade of the potency specification of 15.09.2026 — no Total THC result on file,—,—,—,—,—,—,—,—,—,Conforms | Одговара,iCoA-PP_26-122,13.08.2026,Purely Plant GmbH (in-house),Conforms | Одговара,iCoA-PP_26-122,13.08.2026,Purely Plant GmbH (in-house),to be performed (in house),—,—,—,not tested,—,—,—,not tested,—,—,—,not tested,—,—,—,Conforms | Одговара,iCoA-PP_26-122,13.08.2026,Purely Plant GmbH (in-house),not tested,—,—,—,not tested,—,—,—,not tested,—,—,—,not tested,—,—,—,not tested,—,—,—,not tested,—,—,—,upon request — not required for release,—,—,—,upon request — not required for release,—,—,—,not tested,—,—,—,not tested,—,—,—,not tested,—,—,—,not tested,—,—,—,not tested,—,—,—,not tested,—,—,—,not tested,—,—,—,not tested,—,—,—
CoQ-PP_26-085,reissue — retest,issuable,17.08.2026,CoQ-PP_26-003 of 06.06.2026,CoQ-PP-2026-0028,BG1024,BG1024,Blue Gelato,21.01.2025,07.03.2025,21.01.2025,07.03.2025,iCoA-PP_26-100,27.07.2026,21.07.2026,Tranche 1,26.14,197-1-К/26,I,24.20 – 27.79 %,BG_THC26 : CBD1,QCSP_001_BG-I_v.01,"for review — replaces the issued QCSP_001_BG-I_v.01 (was BG_THC26 : CBD1, 23.40 – 28.60 %); now BG_THC26 : CBD1 24.20 – 27.79 %",INDICA,THC,MACHINE TRIMMED,—,"Triplex Alu Bag | Триплекс Aлу Kеса, PET 12 · ALU 7 · PE 80, 300 × 500 mm, net. 400.0 g ±3%",10.08.2026,Conforms | Одговара,iCoA-PP_26-100,27.07.2026,Purely Plant GmbH (in-house),Conforms | Одговара,iCoA-PP_26-100,27.07.2026,Purely Plant GmbH (in-house),Conforms | Одговара,197-1-К/26,07.08.2026,Farmahem,26.14,197-1-К/26,07.08.2026,Farmahem,< LOQ,197-1-К/26,07.08.2026,Farmahem,0.28,197-1-К/26,07.08.2026,Farmahem,Conforms | Одговара,iCoA-PP_26-100,27.07.2026,Purely Plant GmbH (in-house),5.73,ППК25050,26.02.2025,UKIM Faculty of Pharmacy — Center for Natural Products,1.6 × 10⁴,163/0271/25,24.02.2025,IPH — Institute of Public Health,1 × 10⁴,163/0271/25,24.02.2025,IPH — Institute of Public Health,< 10² and > 10,163/0271/25,24.02.2025,IPH — Institute of Public Health,Absent | Отсутна,163/0271/25,24.02.2025,IPH — Institute of Public Health,Absent | Отсутна,163/0271/25,24.02.2025,IPH — Institute of Public Health,upon request — not required for release,—,—,—,upon request — not required for release,—,—,—,ND,197-1-М/26,10.08.2026,Farmahem,ND,197-1-М/26,10.08.2026,Farmahem,ND,197-1-М/26,10.08.2026,Farmahem,0.01,752/2025,27.02.2025,IPH — Institute of Public Health,0.016,752/2025,27.02.2025,IPH — Institute of Public Health,0.014,752/2025,27.02.2025,IPH — Institute of Public Health,0.005,752/2025,27.02.2025,IPH — Institute of Public Health,ND,752/2025,27.02.2025,IPH — Institute of Public Health
CoQ-PP_26-086,reissue — retest,issuable,17.08.2026,CoQ-PP_26-002 of 06.06.2026,CoQ-PP-2026-0027,BSS1024,BSS1024,Blue Sunset Sherbet,22.01.2025,04.03.2025,22.01.2025,04.03.2025,iCoA-PP_26-101,27.07.2026,21.07.2026,Tranche 1,25.01,197-2-К/26,II,21.89 – 26.10 %,BSS_THC24 : CBD1,QCSP_001_BSS-II_v.01,"for review — replaces the issued QCSP_001_BSS-II_v.01 (was BSS_THC20 : CBD1, 18.00 – 22.00 %); now BSS_THC24 : CBD1 21.89 – 26.10 %",INDICA,THC,MACHINE TRIMMED,—,"Triplex Alu Bag | Триплекс Aлу Kеса, PET 12 · ALU 7 · PE 80, 300 × 500 mm, net. 400.0 g ±3%",10.08.2026,Conforms | Одговара,iCoA-PP_26-101,27.07.2026,Purely Plant GmbH (in-house),Conforms | Одговара,iCoA-PP_26-101,27.07.2026,Purely Plant GmbH (in-house),Conforms | Одговара,197-2-К/26,07.08.2026,Farmahem,25.01,197-2-К/26,07.08.2026,Farmahem,< LOQ,197-2-К/26,07.08.2026,Farmahem,< LOQ,197-2-К/26,07.08.2026,Farmahem,Conforms | Одговара,iCoA-PP_26-101,27.07.2026,Purely Plant GmbH (in-house),5.99,ППК25051,26.02.2025,UKIM Faculty of Pharmacy — Center for Natural Products,1.5 × 10⁴,161/0269/25,24.02.2025,IPH — Institute of Public Health,2.2 × 10³,161/0269/25,24.02.2025,IPH — Institute of Public Health,< 10² and > 10,161/0269/25,24.02.2025,IPH — Institute of Public Health,Absent | Отсутна,161/0269/25,24.02.2025,IPH — Institute of Public Health,Absent | Отсутна,161/0269/25,24.02.2025,IPH — Institute of Public Health,upon request — not required for release,—,—,—,upon request — not required for release,—,—,—,ND,197-2-М/26,10.08.2026,Farmahem,ND,197-2-М/26,10.08.2026,Farmahem,ND,197-2-М/26,10.08.2026,Farmahem,0.071,751/2025,27.02.2025,IPH — Institute of Public Health,0.014,751/2025,27.02.2025,IPH — Institute of Public Health,0.081,751/2025,27.02.2025,IPH — Institute of Public Health,0.014,751/2025,27.02.2025,IPH — Institute of Public Health,ND,751/2025,27.02.2025,IPH — Institute of Public Health
CoQ-PP_26-087,reissue — retest,issuable,17.08.2026,CoQ-PP_26-068 of 06.06.2026,(assigned on issue),P060332,— no P lot assigned —,Cash Cow,16.04.2026,22.05.2026,—,—,iCoA-PP_26-105,27.07.2026,21.07.2026,Tranche 1,17.67,197-6-К/26,I,15.35 – 18.64 %,CC_THC17 : CBD1,QCSP_001_CC-I_v.01,"for review — replaces the issued QCSP_001_CC-I_v.01 (was CC_THC28:CBD1, 28.00% ± 2.25%); now CC_THC17 : CBD1 15.35 – 18.64 %",HYBRID,THC,MACHINE TRIMMED,INDICA 70 : SATIVA 30,"Triplex Alu Bag | Триплекс Aлу Kеса, PET 12 · ALU 7 · PE 80, 300 × 500 mm, net. 400.0 g ±3%",10.08.2026,Conforms | Одговара,iCoA-PP_26-105,27.07.2026,Purely Plant GmbH (in-house),Conforms | Одговара,iCoA-PP_26-105,27.07.2026,Purely Plant GmbH (in-house),Conforms | Одговара,197-6-К/26,07.08.2026,Farmahem,17.67,197-6-К/26,07.08.2026,Farmahem,< LOQ,197-6-К/26,07.08.2026,Farmahem,< LOQ,197-6-К/26,07.08.2026,Farmahem,Conforms | Одговара,iCoA-PP_26-105,27.07.2026,Purely Plant GmbH (in-house),carried from the initial testing — not tested,—,—,—,7.8 × 10⁴,361/0691/26,01.06.2026,IPH — Institute of Public Health,2.2 × 10⁴,361/0691/26,01.06.2026,IPH — Institute of Public Health,< 10,361/0691/26,01.06.2026,IPH — Institute of Public Health,Absent | Отсутна,361/0691/26,01.06.2026,IPH — Institute of Public Health,Absent | Отсутна,361/0691/26,01.06.2026,IPH — Institute of Public Health,upon request — not required for release,—,—,—,upon request — not required for release,—,—,—,ND,197-6-М/26,10.08.2026,Farmahem,ND,197-6-М/26,10.08.2026,Farmahem,ND,197-6-М/26,10.08.2026,Farmahem,carried from the initial testing — not tested,—,—,—,carried from the initial testing — not tested,—,—,—,carried from the initial testing — not tested,—,—,—,carried from the initial testing — not tested,—,—,—,carried from the initial testing — not tested,—,—,—
CoQ-PP_26-088,reissue — retest,issuable,17.08.2026,CoQ-PP_26-022 of 06.06.2026,(assigned on issue),CJ052501/01,P050162,Cap Junky,20.08.2025,30.09.2025 – 01.10.2025,20.08.2025,30.09.2025,iCoA-PP_26-102,27.07.2026,21.07.2026,Tranche 1,24.05,197-3-К/26,II,21.60 – 26.39 %,CJ_THC24 : CBD1,QCSP_001_CJ-II_v.01,"for review — replaces the issued QCSP_001_CJ-II_v.01 (was CJ_THC26 : CBD1, 25.01 – 26.99 %); now CJ_THC24 : CBD1 21.60 – 26.39 %",HYBRID,THC,MACHINE TRIMMED,INDICA 60 : SATIVA 40,"Triplex Alu Bag | Триплекс Aлу Kеса, PET 12 · ALU 7 · PE 80, 300 × 500 mm, net. 400.0 g ±3%",10.08.2026,Conforms | Одговара,iCoA-PP_26-102,27.07.2026,Purely Plant GmbH (in-house),Conforms | Одговара,iCoA-PP_26-102,27.07.2026,Purely Plant GmbH (in-house),Conforms | Одговара,197-3-К/26,07.08.2026,Farmahem,24.05,197-3-К/26,07.08.2026,Farmahem,< LOQ,197-3-К/26,07.08.2026,Farmahem,< LOQ,197-3-К/26,07.08.2026,Farmahem,Conforms | Одговара,iCoA-PP_26-102,27.07.2026,Purely Plant GmbH (in-house),7.93,ППК25280,17.09.2025,UKIM Faculty of Pharmacy — Center for Natural Products,2.8 × 10⁴,949/1687/25,17.09.2025,IPH — Institute of Public Health,1.7 × 10⁴,949/1687/25,17.09.2025,IPH — Institute of Public Health,< 10³ and > 10²,949/1687/25,17.09.2025,IPH — Institute of Public Health,Absent | Отсутна,949/1687/25,17.09.2025,IPH — Institute of Public Health,Absent | Отсутна,949/1687/25,17.09.2025,IPH — Institute of Public Health,upon request — not required for release,—,—,—,upon request — not required for release,—,—,—,ND,197-3-М/26,10.08.2026,Farmahem,ND,197-3-М/26,10.08.2026,Farmahem,ND,197-3-М/26,10.08.2026,Farmahem,0.085,4350/2025,15.09.2025,IPH — Institute of Public Health,ND,4350/2025,15.09.2025,IPH — Institute of Public Health,ND,4350/2025,15.09.2025,IPH — Institute of Public Health,ND,4350/2025,15.09.2025,IPH — Institute of Public Health,ND,4350/2025,15.09.2025,IPH — Institute of Public Health
CoQ-PP_26-089,reissue — retest,issuable,07.09.2026,CoQ-PP_26-027 of 06.06.2026,(assigned on issue),CJ062501-2,P050212,Cap Junky,23.09.2025 – 24.09.2025,18.11.2025 – 24.11.2025,—,—,iCoA-PP_26-103,27.07.2026,21.07.2026,Tranche 1,18.91,197-4-К/26,III,18.40 – 21.59 %,CJ_THC20 : CBD1,QCSP_001_CJ-III_v.01,"for review — replaces the issued QCSP_001_CJ-III_v.01 (was CJ_THC24 : CBD1, 23.00 – 25.00 %); now CJ_THC20 : CBD1 18.40 – 21.59 %",HYBRID,THC,MACHINE TRIMMED,INDICA 60 : SATIVA 40,"Triplex Alu Bag | Триплекс Aлу Kеса, PET 12 · ALU 7 · PE 80, 300 × 500 mm, net. 400.0 g ±3%",31.08.2026,Conforms | Одговара,iCoA-PP_26-103,27.07.2026,Purely Plant GmbH (in-house),Conforms | Одговара,iCoA-PP_26-103,27.07.2026,Purely Plant GmbH (in-house),Conforms | Одговара,197-4-К/26,07.08.2026,Farmahem,18.91,197-4-К/26,07.08.2026,Farmahem,< LOQ,197-4-К/26,07.08.2026,Farmahem,< LOQ,197-4-К/26,07.08.2026,Farmahem,Conforms | Одговара,iCoA-PP_26-103,27.07.2026,Purely Plant GmbH (in-house),6.70,ППК25322,23.10.2025,UKIM Faculty of Pharmacy — Center for Natural Products,"6,2 × 10³",534/1065/26,31.08.2026,IPH — Institute of Public Health,"2,3 × 10²",534/1065/26,31.08.2026,IPH — Institute of Public Health,< 10⁴ and > 10³,534/1065/26,31.08.2026,IPH — Institute of Public Health,Absent | Отсутна,534/1065/26,31.08.2026,IPH — Institute of Public Health,Absent | Отсутна,534/1065/26,31.08.2026,IPH — Institute of Public Health,upon request — not required for release,—,—,—,upon request — not required for release,—,—,—,ND,197-4-М/26,10.08.2026,Farmahem,ND,197-4-М/26,10.08.2026,Farmahem,ND,197-4-М/26,10.08.2026,Farmahem,0.026,4908/2025,24.10.2025,IPH — Institute of Public Health,0.002,4908/2025,24.10.2025,IPH — Institute of Public Health,0.011,4908/2025,24.10.2025,IPH — Institute of Public Health,0.012,4908/2025,24.10.2025,IPH — Institute of Public Health,ND,4908/2025,24.10.2025,IPH — Institute of Public Health
CoQ-PP_26-090,reissue — retest,issuable,17.08.2026,CoQ-PP_26-039 of 06.06.2026,(assigned on issue),CJ082501/2,P060032,Cap Junky,10.12.2025,29.01.2026,10.12.2025,29.01.2026,iCoA-PP_26-104,27.07.2026,21.07.2026,Tranche 1,18.29,197-5-К/26,IV,15.60 – 18.39 %,CJ_THC17 : CBD1,QCSP_001_CJ-IV_v.01,"for review — replaces the issued QCSP_001_CJ-IV_v.01 (was CJ_THC20 : CBD1, 18.00 – 22.00 %); now CJ_THC17 : CBD1 15.60 – 18.39 %",HYBRID,THC,MACHINE TRIMMED,INDICA 60 : SATIVA 40,"Triplex Alu Bag | Триплекс Aлу Kеса, PET 12 · ALU 7 · PE 80, 300 × 500 mm, net. 400.0 g ±3%",10.08.2026,Conforms | Одговара,iCoA-PP_26-104,27.07.2026,Purely Plant GmbH (in-house),Conforms | Одговара,iCoA-PP_26-104,27.07.2026,Purely Plant GmbH (in-house),Conforms | Одговара,197-5-К/26,07.08.2026,Farmahem,18.29,197-5-К/26,07.08.2026,Farmahem,< LOQ,197-5-К/26,07.08.2026,Farmahem,< LOQ,197-5-К/26,07.08.2026,Farmahem,Conforms | Одговара,iCoA-PP_26-104,27.07.2026,Purely Plant GmbH (in-house),7.37,ППК26003,21.01.2026,UKIM Faculty of Pharmacy — Center for Natural Products,9.5 × 10²,4/0007/26,20.01.2026,IPH — Institute of Public Health,1.2 × 10³,4/0007/26,20.01.2026,IPH — Institute of Public Health,< 10,4/0007/26,20.01.2026,IPH — Institute of Public Health,Absent | Отсутна,4/0007/26,20.01.2026,IPH — Institute of Public Health,Absent | Отсутна,4/0007/26,20.01.2026,IPH — Institute of Public Health,upon request — not required for release,—,—,—,upon request — not required for release,—,—,—,ND,197-5-М/26,10.08.2026,Farmahem,ND,197-5-М/26,10.08.2026,Farmahem,ND,197-5-М/26,10.08.2026,Farmahem,0.073,82/2026,02.02.2026,IPH — Institute of Public Health,ND,82/2026,02.02.2026,IPH — Institute of Public Health,ND,82/2026,02.02.2026,IPH — Institute of Public Health,ND,82/2026,02.02.2026,IPH — Institute of Public Health,ND,82/2026,02.02.2026,IPH — Institute of Public Health
CoQ-PP_26-091,reissue — retest,issuable,17.08.2026,CoQ-PP_26-070 of 06.06.2026,(assigned on issue),FB012602,P060352,Fat Bastard,16.04.2026,23.05.2026,16.04.2026,23.05.2026,iCoA-PP_26-109,27.07.2026,22.07.2026,Tranche 1,18.86,197-7-К/26,II,16.20 – 19.79 %,FB_THC18 : CBD1,QCSP_001_FB-II_v.01,"for review — replaces the issued QCSP_001_FB-II_v.01 (was FB_THC18 : CBD1, 17.15 – 18.85 %); now FB_THC18 : CBD1 16.20 – 19.79 %",HYBRID,THC,MACHINE TRIMMED,BALANCED,"Triplex Alu Bag | Триплекс Aлу Kеса, PET 12 · ALU 7 · PE 80, 300 × 500 mm, net. 400.0 g ±3%",10.08.2026,Conforms | Одговара,iCoA-PP_26-109,27.07.2026,Purely Plant GmbH (in-house),Conforms | Одговара,iCoA-PP_26-109,27.07.2026,Purely Plant GmbH (in-house),Conforms | Одговара,197-7-К/26,07.08.2026,Farmahem,18.86,197-7-К/26,07.08.2026,Farmahem,0.22,197-7-К/26,07.08.2026,Farmahem,< LOQ,197-7-К/26,07.08.2026,Farmahem,Conforms | Одговара,iCoA-PP_26-109,27.07.2026,Purely Plant GmbH (in-house),carried from the initial testing — not tested,—,—,—,6.3 × 10⁴,366/0696/26,01.06.2026,IPH — Institute of Public Health,2.2 × 10⁴,366/0696/26,01.06.2026,IPH — Institute of Public Health,< 10,366/0696/26,01.06.2026,IPH — Institute of Public Health,Absent | Отсутна,366/0696/26,01.06.2026,IPH — Institute of Public Health,Absent | Отсутна,366/0696/26,01.06.2026,IPH — Institute of Public Health,upon request — not required for release,—,—,—,upon request — not required for release,—,—,—,ND,197-7-М/26,10.08.2026,Farmahem,ND,197-7-М/26,10.08.2026,Farmahem,ND,197-7-М/26,10.08.2026,Farmahem,carried from the initial testing — not tested,—,—,—,carried from the initial testing — not tested,—,—,—,carried from the initial testing — not tested,—,—,—,carried from the initial testing — not tested,—,—,—,carried from the initial testing — not tested,—,—,—
CoQ-PP_26-092,reissue — retest,issuable,17.08.2026,CoQ-PP_26-077 of 07.07.2026,(assigned on issue),GG012603,P060402,Gorilla Glue,04.05.2026,24.05.2026,04.05.2026,24.05.2026,iCoA-PP_26-110,27.07.2026,22.07.2026,Tranche 1,16.70,197-8-К/26,I,16.23 – 19.76 %,GG_THC18 : CBD1,QCSP_001_GG-I_v.01,"for review — replaces the issued QCSP_001_GG-I_v.01 (was GG_THC18 : CBD1, 17.01 – 18.99 %); now GG_THC18 : CBD1 16.23 – 19.76 %",INDICA,THC,MACHINE TRIMMED,—,"Triplex Alu Bag | Триплекс Aлу Kеса, PET 12 · ALU 7 · PE 80, 300 × 500 mm, net. 400.0 g ±3%",10.08.2026,Conforms | Одговара,ППК26114,30.06.2026,UKIM Faculty of Pharmacy — Center for Natural Products,Conforms | Одговара,ППК26114,30.06.2026,UKIM Faculty of Pharmacy — Center for Natural Products,Conforms | Одговара,197-8-К/26,07.08.2026,Farmahem,16.70,197-8-К/26,07.08.2026,Farmahem,< LOQ,197-8-К/26,07.08.2026,Farmahem,< LOQ,197-8-К/26,07.08.2026,Farmahem,Conforms | Одговара,ППК26114,30.06.2026,UKIM Faculty of Pharmacy — Center for Natural Products,6.48,ППК26114,30.06.2026,UKIM Faculty of Pharmacy — Center for Natural Products,5 × 10³,404/0787/26,24.06.2026,IPH — Institute of Public Health,4.1 × 10³,404/0787/26,24.06.2026,IPH — Institute of Public Health,< 10,404/0787/26,24.06.2026,IPH — Institute of Public Health,Absent | Отсутна,404/0787/26,24.06.2026,IPH — Institute of Public Health,Absent | Отсутна,404/0787/26,24.06.2026,IPH — Institute of Public Health,upon request — not required for release,—,—,—,upon request — not required for release,—,—,—,ND,197-8-М/26,10.08.2026,Farmahem,ND,197-8-М/26,10.08.2026,Farmahem,ND,197-8-М/26,10.08.2026,Farmahem,0.059,3659/2026,22.06.2026,IPH — Institute of Public Health,0.03,3659/2026,22.06.2026,IPH — Institute of Public Health,0.05,3659/2026,22.06.2026,IPH — Institute of Public Health,0.015,3659/2026,22.06.2026,IPH — Institute of Public Health,"< 0,01 mg/kg — all 22 residues",3659/2026,22.06.2026,IJZ
CoQ-PP_26-093,reissue — retest,issuable,17.08.2026,CoQ-PP_26-015 of 06.06.2026,CoQ-PP-2026-0038,GG1024_01,P050092,Gorilla Glue,17.03.2025 – 18.03.2025,31.07.2025 – 05.08.2025,17.03.2025,31.07.2025,iCoA-PP_26-106,27.07.2026,22.07.2026,Tranche 1,18.67,197-9-К/26,I,16.23 – 19.76 %,GG_THC18 : CBD1,QCSP_001_GG-I_v.01,"for review — replaces the issued QCSP_001_GG-I_v.01 (was GG_THC18 : CBD1, 17.01 – 18.99 %); now GG_THC18 : CBD1 16.23 – 19.76 %",INDICA,THC,MACHINE TRIMMED,—,"Triplex Alu Bag | Триплекс Aлу Kеса, PET 12 · ALU 7 · PE 80, 300 × 500 mm, net. 400.0 g ±3%",10.08.2026,Conforms | Одговара,iCoA-PP_26-106,27.07.2026,Purely Plant GmbH (in-house),Conforms | Одговара,iCoA-PP_26-106,27.07.2026,Purely Plant GmbH (in-house),Conforms | Одговара,197-9-К/26,07.08.2026,Farmahem,18.67,197-9-К/26,07.08.2026,Farmahem,< LOQ,197-9-К/26,07.08.2026,Farmahem,0.20,197-9-К/26,07.08.2026,Farmahem,Conforms | Одговара,iCoA-PP_26-106,27.07.2026,Purely Plant GmbH (in-house),7.54,ППК25104,17.04.2025,UKIM Faculty of Pharmacy — Center for Natural Products,5.1 × 10⁴,320/0587/25,14.04.2025,IPH — Institute of Public Health,4.2 × 10⁴,320/0587/25,14.04.2025,IPH — Institute of Public Health,< 10,320/0587/25,14.04.2025,IPH — Institute of Public Health,Absent | Отсутна,320/0587/25,14.04.2025,IPH — Institute of Public Health,Absent | Отсутна,320/0587/25,14.04.2025,IPH — Institute of Public Health,upon request — not required for release,—,—,—,upon request — not required for release,—,—,—,ND,197-9-М/26,10.08.2026,Farmahem,ND,197-9-М/26,10.08.2026,Farmahem,ND,197-9-М/26,10.08.2026,Farmahem,0.02,1766/2025,11.04.2025,IPH — Institute of Public Health,0.007,1766/2025,11.04.2025,IPH — Institute of Public Health,0.015,1766/2025,11.04.2025,IPH — Institute of Public Health,0.005,1766/2025,11.04.2025,IPH — Institute of Public Health,ND,1766/2025,11.04.2025,IPH — Institute of Public Health
CoQ-PP_26-094,reissue — retest,issuable,17.08.2026,CoQ-PP_26-020 of 06.06.2026,(assigned on issue),GP052501,P050152,Grape Pie,],25.09.2025,—,25.09.2025,iCoA-PP_26-107,27.07.2026,22.07.2026,Tranche 1,18.52,197-10-К/26,III,18.00 – 21.99 %,GP_THC20 : CBD1,QCSP_001_GP-III_v.01,"for review — replaces the issued QCSP_001_GP-III_v.01 (was GP_THC24 : CBD1, 22.61 – 25.39 %); now GP_THC20 : CBD1 18.00 – 21.99 %",HYBRID,THC,MACHINE TRIMMED,INDICA-DOMINANT,"Triplex Alu Bag | Триплекс Aлу Kеса, PET 12 · ALU 7 · PE 80, 300 × 500 mm, net. 400.0 g ±3%",10.08.2026,Conforms | Одговара,iCoA-PP_26-107,27.07.2026,Purely Plant GmbH (in-house),Conforms | Одговара,iCoA-PP_26-107,27.07.2026,Purely Plant GmbH (in-house),Conforms | Одговара,197-10-К/26,07.08.2026,Farmahem,18.52,197-10-К/26,07.08.2026,Farmahem,< LOQ,197-10-К/26,07.08.2026,Farmahem,< LOQ,197-10-К/26,07.08.2026,Farmahem,Conforms | Одговара,iCoA-PP_26-107,27.07.2026,Purely Plant GmbH (in-house),7.30,ППК25279,19.09.2025,UKIM Faculty of Pharmacy — Center for Natural Products,2.1 × 10⁴,946/1684/25,17.09.2025,IPH — Institute of Public Health,3.6 × 10⁴,946/1684/25,17.09.2025,IPH — Institute of Public Health,< 10² and > 10¹,946/1684/25,17.09.2025,IPH — Institute of Public Health,Absent | Отсутна,946/1684/25,17.09.2025,IPH — Institute of Public Health,Absent | Отсутна,946/1684/25,17.09.2025,IPH — Institute of Public Health,upon request — not required for release,—,—,—,upon request — not required for release,—,—,—,ND,197-10-М/26,10.08.2026,Farmahem,ND,197-10-М/26,10.08.2026,Farmahem,ND,197-10-М/26,10.08.2026,Farmahem,0.06,4348/2025,15.09.2025,IPH — Institute of Public Health,ND,4348/2025,15.09.2025,IPH — Institute of Public Health,ND,4348/2025,15.09.2025,IPH — Institute of Public Health,ND,4348/2025,15.09.2025,IPH — Institute of Public Health,ND,4348/2025,15.09.2025,IPH — Institute of Public Health
CoQ-PP_26-095,reissue — retest,issuable,17.08.2026,CoQ-PP_26-007 of 06.06.2026,CoQ-PP-2026-0032,GP0824_02,P050022,Grape Pie,22.04.2025 – 23.04.2025,03.06.2025 – 11.06.2025,22.04.2025,03.06.2025,iCoA-PP_26-108,27.07.2026,22.07.2026,Tranche 1,22.61,197-11-К/26,II,22.00 – 25.99 %,GP_THC24 : CBD1,QCSP_001_GP-II_v.01,"for review — replaces the issued QCSP_001_GP-II_v.01 (was GP_THC26 : CBD1, 25.40 – 26.60 %); now GP_THC24 : CBD1 22.00 – 25.99 %",HYBRID,THC,MACHINE TRIMMED,INDICA-DOMINANT,"Triplex Alu Bag | Триплекс Aлу Kеса, PET 12 · ALU 7 · PE 80, 300 × 500 mm, net. 400.0 g ±3%",10.08.2026,Conforms | Одговара,iCoA-PP_26-108,27.07.2026,Purely Plant GmbH (in-house),Conforms | Одговара,iCoA-PP_26-108,27.07.2026,Purely Plant GmbH (in-house),Conforms | Одговара,197-11-К/26,07.08.2026,Farmahem,22.61,197-11-К/26,07.08.2026,Farmahem,< LOQ,197-11-К/26,07.08.2026,Farmahem,0.23,197-11-К/26,07.08.2026,Farmahem,Conforms | Одговара,iCoA-PP_26-108,27.07.2026,Purely Plant GmbH (in-house),7.21,ППК25139,22.05.2025,UKIM Faculty of Pharmacy — Center for Natural Products,< 10,627/1128/25,02.07.2025,IPH — Institute of Public Health,< 10,627/1128/25,02.07.2025,IPH — Institute of Public Health,< 10,627/1128/25,02.07.2025,IPH — Institute of Public Health,Absent | Отсутна,627/1128/25,02.07.2025,IPH — Institute of Public Health,Absent | Отсутна,627/1128/25,02.07.2025,IPH — Institute of Public Health,upon request — not required for release,—,—,—,upon request — not required for release,—,—,—,ND,197-11-М/26,10.08.2026,Farmahem,ND,197-11-М/26,10.08.2026,Farmahem,ND,197-11-М/26,10.08.2026,Farmahem,ND,3176/2025,26.06.2025,IPH — Institute of Public Health,ND,3176/2025,26.06.2025,IPH — Institute of Public Health,0.047,3176/2025,26.06.2025,IPH — Institute of Public Health,ND,3176/2025,26.06.2025,IPH — Institute of Public Health,ND,3176/2025,26.06.2025,IPH — Institute of Public Health
CoQ-PP_26-096,reissue — retest,issuable,17.08.2026,CoQ-PP_26-036 of 06.06.2026,(assigned on issue),GP082501/2,P050322,Grape Pie,20.11.2025,26.12.2025,20.11.2025,26.12.2025,iCoA-PP_26-111,27.07.2026,23.07.2026,Tranche 1,15.70,197-12-К/26,IV,14.40 – 17.59 %,GP_THC16 : CBD1,QCSP_001_GP-IV_v.01,"for review — replaces the issued QCSP_001_GP-IV_v.01 (was GP_THC20 : CBD1, 18.00 – 22.00 %); now GP_THC16 : CBD1 14.40 – 17.59 %",HYBRID,THC,MACHINE TRIMMED,INDICA-DOMINANT,"Triplex Alu Bag | Триплекс Aлу Kеса, PET 12 · ALU 7 · PE 80, 300 × 500 mm, net. 400.0 g ±3%",10.08.2026,Conforms | Одговара,iCoA-PP_26-111,27.07.2026,Purely Plant GmbH (in-house),Conforms | Одговара,iCoA-PP_26-111,27.07.2026,Purely Plant GmbH (in-house),Conforms | Одговара,197-12-К/26,07.08.2026,Farmahem,15.70,197-12-К/26,07.08.2026,Farmahem,< LOQ,197-12-К/26,07.08.2026,Farmahem,< LOQ,197-12-К/26,07.08.2026,Farmahem,Conforms | Одговара,iCoA-PP_26-111,27.07.2026,Purely Plant GmbH (in-house),6.88,ППК25381,12.12.2025,CNP,3.2 × 10³,1227/2193/25,05.12.2025,IPH — Institute of Public Health,5.8 × 10³,1227/2193/25,05.12.2025,IPH — Institute of Public Health,< 10⁴ and > 10³,1227/2193/25,05.12.2025,IPH — Institute of Public Health,Absent | Отсутна,1227/2193/25,05.12.2025,IPH — Institute of Public Health,Absent | Отсутна,1227/2193/25,05.12.2025,IPH — Institute of Public Health,upon request — not required for release,—,—,—,upon request — not required for release,—,—,—,ND,197-12-М/26,10.08.2026,Farmahem,ND,197-12-М/26,10.08.2026,Farmahem,ND,197-12-М/26,10.08.2026,Farmahem,0.013,5889/2025,12.12.2025,IPH — Institute of Public Health,0.003,5889/2025,12.12.2025,IPH — Institute of Public Health,0.02,5889/2025,12.12.2025,IPH — Institute of Public Health,0.016,5889/2025,12.12.2025,IPH — Institute of Public Health,ND,5889/2025,12.12.2025,IPH — Institute of Public Health
CoQ-PP_26-097,reissue — retest,issuable,17.08.2026,CoQ-PP_26-005 of 06.06.2026,CoQ-PP-2026-0030,HPA1024,HPA1024,High Pro Amnesia,22.01.2025,11.04.2025,22.01.2025,11.04.2025,iCoA-PP_26-112,27.07.2026,23.07.2026,Tranche 1,17.31,197-13-К/26,II,16.20 – 19.79 %,HPA_THC18 : CBD1,QCSP_001_HPA-II_v.01,"for review — replaces the issued QCSP_001_HPA-II_v.01 (was HPA_THC20 : CBD1, 19.01 – 20.99 %); now HPA_THC18 : CBD1 16.20 – 19.79 %",SATIVA,THC,MACHINE TRIMMED,—,"Triplex Alu Bag | Триплекс Aлу Kеса, PET 12 · ALU 7 · PE 80, 300 × 500 mm, net. 400.0 g ±3%",10.08.2026,Conforms | Одговара,iCoA-PP_26-112,27.07.2026,Purely Plant GmbH (in-house),Conforms | Одговара,iCoA-PP_26-112,27.07.2026,Purely Plant GmbH (in-house),Conforms | Одговара,197-13-К/26,07.08.2026,Farmahem,17.31,197-13-К/26,07.08.2026,Farmahem,< LOQ,197-13-К/26,07.08.2026,Farmahem,0.36,197-13-К/26,07.08.2026,Farmahem,Conforms | Одговара,iCoA-PP_26-112,27.07.2026,Purely Plant GmbH (in-house),carried from the initial testing — not tested,—,—,—,5.2 × 10⁴,iCoA-PP_26-005,03.06.2026,Purely Plant GmbH (in-house),7 × 10²,iCoA-PP_26-005,03.06.2026,Purely Plant GmbH (in-house),< 10,iCoA-PP_26-005,03.06.2026,Purely Plant GmbH (in-house),Absent | Отсутна,iCoA-PP_26-005,03.06.2026,Purely Plant GmbH (in-house),Absent | Отсутна,iCoA-PP_26-005,03.06.2026,Purely Plant GmbH (in-house),upon request — not required for release,—,—,—,upon request — not required for release,—,—,—,ND,197-13-М/26,10.08.2026,Farmahem,ND,197-13-М/26,10.08.2026,Farmahem,< LOQ,197-13-М/26,10.08.2026,Farmahem,0.02,iCoA-PP_26-005,03.06.2026,Purely Plant GmbH (in-house),0.013,iCoA-PP_26-005,03.06.2026,Purely Plant GmbH (in-house),0.017,iCoA-PP_26-005,03.06.2026,Purely Plant GmbH (in-house),0.0026,iCoA-PP_26-005,03.06.2026,Purely Plant GmbH (in-house),ND,iCoA-PP_26-005,03.06.2026,Purely Plant GmbH (in-house)
CoQ-PP_26-098,reissue — retest,issuable,17.08.2026,CoQ-PP_26-011 of 06.06.2026,CoQ-PP-2026-0034,HPA1024_01,P050052,High Pro Amnesia,27.05.2025 – 28.05.2025,27.06.2025 – 04.07.2025,27.05.2025,27.06.2025,iCoA-PP_26-113,27.07.2026,23.07.2026,Tranche 1,21.61,197-14-К/26,I,19.80 – 24.19 %,HPA_THC22 : CBD1,QCSP_001_HPA-I_v.01,"for review — replaces the issued QCSP_001_HPA-I_v.01 (was HPA_THC22 : CBD1, 21.00 – 23.00 %); now HPA_THC22 : CBD1 19.80 – 24.19 %",SATIVA,THC,MACHINE TRIMMED,—,"Triplex Alu Bag | Триплекс Aлу Kеса, PET 12 · ALU 7 · PE 80, 300 × 500 mm, net. 400.0 g ±3%",10.08.2026,Conforms | Одговара,iCoA-PP_26-113,27.07.2026,Purely Plant GmbH (in-house),Conforms | Одговара,iCoA-PP_26-113,27.07.2026,Purely Plant GmbH (in-house),Conforms | Одговара,197-14-К/26,07.08.2026,Farmahem,21.61,197-14-К/26,07.08.2026,Farmahem,< LOQ,197-14-К/26,07.08.2026,Farmahem,< LOQ,197-14-К/26,07.08.2026,Farmahem,Conforms | Одговара,iCoA-PP_26-113,27.07.2026,Purely Plant GmbH (in-house),6.36,ППК25155,24.06.2025,UKIM Faculty of Pharmacy — Center for Natural Products,9.6 × 10³,587/1066/25,18.06.2025,IPH — Institute of Public Health,1.5 × 10⁴,587/1066/25,18.06.2025,IPH — Institute of Public Health,< 10,587/1066/25,18.06.2025,IPH — Institute of Public Health,Absent | Отсутна,587/1066/25,18.06.2025,IPH — Institute of Public Health,Absent | Отсутна,587/1066/25,18.06.2025,IPH — Institute of Public Health,upon request — not required for release,—,—,—,upon request — not required for release,—,—,—,ND,197-14-М/26,10.08.2026,Farmahem,ND,197-14-М/26,10.08.2026,Farmahem,"2.06 — DETECTED, >LOQ",197-14-М/26,10.08.2026,Farmahem,0.059,2995/2025,19.06.2025,IPH — Institute of Public Health,0.014,2995/2025,19.06.2025,IPH — Institute of Public Health,0.037,2995/2025,19.06.2025,IPH — Institute of Public Health,0.008,2995/2025,19.06.2025,IPH — Institute of Public Health,ND,2995/2025,19.06.2025,IPH — Institute of Public Health
CoQ-PP_26-099,reissue — retest,issuable,17.08.2026,CoQ-PP_26-051 of 06.06.2026,(assigned on issue),J31102501,P060152,Jokerz 31,21.01.2026,05.03.2026,21.01.2026,05.03.2026,iCoA-PP_26-114,27.07.2026,23.07.2026,Tranche 1,17.32,197-16-К/26,III,16.20 – 19.79 %,J31_THC18 : CBD1,QCSP_001_J31-III_v.01,for review — new,HYBRID,THC,MACHINE TRIMMED,INDICA 70 : SATIVA 30,"Triplex Alu Bag | Триплекс Aлу Kеса, PET 12 · ALU 7 · PE 80, 300 × 500 mm, net. 400.0 g ±3%",10.08.2026,Conforms | Одговара,iCoA-PP_26-114,27.07.2026,Purely Plant GmbH (in-house),Conforms | Одговара,iCoA-PP_26-114,27.07.2026,Purely Plant GmbH (in-house),Conforms | Одговара,197-16-К/26,07.08.2026,Farmahem,17.32,197-16-К/26,07.08.2026,Farmahem,< LOQ,197-16-К/26,07.08.2026,Farmahem,< LOQ,197-16-К/26,07.08.2026,Farmahem,Conforms | Одговара,iCoA-PP_26-114,27.07.2026,Purely Plant GmbH (in-house),6.3,051-1-ГС/26,02.03.2026,Farmahem,1.6 × 10²,133/0230/26,06.03.2026,IPH — Institute of Public Health,1.9 × 10²,133/0230/26,06.03.2026,IPH — Institute of Public Health,< 10,133/0230/26,06.03.2026,IPH — Institute of Public Health,Absent | Отсутна,133/0230/26,06.03.2026,IPH — Institute of Public Health,Absent | Отсутна,133/0230/26,06.03.2026,IPH — Institute of Public Health,upon request — not required for release,—,—,—,upon request — not required for release,—,—,—,ND,197-16-М/26,10.08.2026,Farmahem,ND,197-16-М/26,10.08.2026,Farmahem,ND,197-16-М/26,10.08.2026,Farmahem,0.061,1056/2026,09.03.2026,IPH — Institute of Public Health,ND,1056/2026,09.03.2026,IPH — Institute of Public Health,ND,1056/2026,09.03.2026,IPH — Institute of Public Health,ND,1056/2026,09.03.2026,IPH — Institute of Public Health,ND mg/kg — all 25 residues,1056/2026,09.03.2026,IJZ
CoQ-PP_26-100,reissue — retest,issuable,17.08.2026,CoQ-PP_26-057 of 06.06.2026,(assigned on issue),JD112501,P060212,Jelly Donuts,25.03.2026,21.04.2026,25.03.2026,21.04.2026,iCoA-PP_26-115,27.07.2026,23.07.2026,Tranche 1,20.32,197-15-К/26,I,19.80 – 24.19 %,JD_THC22 : CBD1,QCSP_001_JD-I_v.01,"for review — replaces the issued QCSP_001_JD-I_v.01 (was JD_THC20 : CBD1, 18.00 – 22.00 %); now JD_THC22 : CBD1 19.80 – 24.19 %",HYBRID,THC,MACHINE TRIMMED,SATIVA 60 : INDICA 40,"Triplex Alu Bag | Триплекс Aлу Kеса, PET 12 · ALU 7 · PE 80, 300 × 500 mm, net. 400.0 g ±3%",10.08.2026,Conforms | Одговара,iCoA-PP_26-115,27.07.2026,Purely Plant GmbH (in-house),Conforms | Одговара,iCoA-PP_26-115,27.07.2026,Purely Plant GmbH (in-house),Conforms | Одговара,197-15-К/26,07.08.2026,Farmahem,20.32,197-15-К/26,07.08.2026,Farmahem,< LOQ,197-15-К/26,07.08.2026,Farmahem,< LOQ,197-15-К/26,07.08.2026,Farmahem,Conforms | Одговара,iCoA-PP_26-115,27.07.2026,Purely Plant GmbH (in-house),6.69,ППК26063,11.05.2026,UKIM Faculty of Pharmacy — Center for Natural Products,"2,6 × 10³",307/0551/26,28.04.2026,IPH — Institute of Public Health,"3,3 × 10³",307/0551/26,28.04.2026,IPH — Institute of Public Health,< 10³ and > 10²,307/0551/26,28.04.2026,IPH — Institute of Public Health,Absent | Отсутна,307/0551/26,28.04.2026,IPH — Institute of Public Health,Absent | Отсутна,307/0551/26,28.04.2026,IPH — Institute of Public Health,upon request — not required for release,—,—,—,upon request — not required for release,—,—,—,ND,197-15-М/26,10.08.2026,Farmahem,ND,197-15-М/26,10.08.2026,Farmahem,ND,197-15-М/26,10.08.2026,Farmahem,0.022,2361/2026,30.04.2026,IPH — Institute of Public Health,0.0149,2361/2026,30.04.2026,IPH — Institute of Public Health,0.02,2361/2026,30.04.2026,IPH — Institute of Public Health,0.0166,2361/2026,30.04.2026,IPH — Institute of Public Health,ND,2361/2026,30.04.2026,IPH — Institute of Public Health
CoQ-PP_26-101,reissue — retest,issuable,17.08.2026,CoQ-PP_26-006 of 06.06.2026,CoQ-PP-2026-0031,OPM1024,OPM1024,Orange Punch Mimosa,21.01.2025,24.04.2025 – 25.04.2025,21.01.2025,24.04.2025,iCoA-PP_26-116,27.07.2026,24.07.2026,Tranche 1,20.03,197-17-К/26,I,18.60 – 21.39 %,OPM_THC20 : CBD1,QCSP_001_OPM-I_v.01,"for review — replaces the issued QCSP_001_OPM-I_v.01 (was OPM_THC22 : CBD1, 19.81 – 24.19 %); now OPM_THC20 : CBD1 18.60 – 21.39 %",INDICA,THC,MACHINE TRIMMED,—,"Triplex Alu Bag | Триплекс Aлу Kеса, PET 12 · ALU 7 · PE 80, 300 × 500 mm, net. 400.0 g ±3%",10.08.2026,Conforms | Одговара,iCoA-PP_26-116,27.07.2026,Purely Plant GmbH (in-house),Conforms | Одговара,iCoA-PP_26-116,27.07.2026,Purely Plant GmbH (in-house),Conforms | Одговара,197-17-К/26,07.08.2026,Farmahem,20.03,197-17-К/26,07.08.2026,Farmahem,< LOQ,197-17-К/26,07.08.2026,Farmahem,< LOQ,197-17-К/26,07.08.2026,Farmahem,Conforms | Одговара,iCoA-PP_26-116,27.07.2026,Purely Plant GmbH (in-house),carried from the initial testing — not tested,—,—,—,1.3 × 10⁴,iCoA-PP_26-006,03.06.2026,Purely Plant GmbH (in-house),7 × 10²,iCoA-PP_26-006,03.06.2026,Purely Plant GmbH (in-house),< 10² > 10³,iCoA-PP_26-006,03.06.2026,Purely Plant GmbH (in-house),Absent | Отсутна,iCoA-PP_26-006,03.06.2026,Purely Plant GmbH (in-house),Absent | Отсутна,iCoA-PP_26-006,03.06.2026,Purely Plant GmbH (in-house),upon request — not required for release,—,—,—,upon request — not required for release,—,—,—,ND,197-17-М/26,10.08.2026,Farmahem,ND,197-17-М/26,10.08.2026,Farmahem,ND,197-17-М/26,10.08.2026,Farmahem,0.031,iCoA-PP_26-006,03.06.2026,Purely Plant GmbH (in-house),0.017,iCoA-PP_26-006,03.06.2026,Purely Plant GmbH (in-house),0.045,iCoA-PP_26-006,03.06.2026,Purely Plant GmbH (in-house),0.005,iCoA-PP_26-006,03.06.2026,Purely Plant GmbH (in-house),ND,iCoA-PP_26-006,03.06.2026,Purely Plant GmbH (in-house)
CoQ-PP_26-102,reissue — retest,issuable,17.08.2026,CoQ-PP_26-012 of 06.06.2026,CoQ-PP-2026-0035,OPM1024_02,P050062,Orange Punch Mimosa,29.05.2025 – 30.05.2025,04.07.2025 – 10.07.2025,29.05.2025,04.07.2025,iCoA-PP_26-117,27.07.2026,24.07.2026,Tranche 1,18.04,197-18-К/26,II,15.40 – 18.59 %,OPM_THC17 : CBD1,QCSP_001_OPM-II_v.01,"for review — replaces the issued QCSP_001_OPM-II_v.01 (was OPM_THC18 : CBD1, 16.20 – 19.80 %); now OPM_THC17 : CBD1 15.40 – 18.59 %",INDICA,THC,MACHINE TRIMMED,—,"Triplex Alu Bag | Триплекс Aлу Kеса, PET 12 · ALU 7 · PE 80, 300 × 500 mm, net. 400.0 g ±3%",10.08.2026,Conforms | Одговара,iCoA-PP_26-117,27.07.2026,Purely Plant GmbH (in-house),Conforms | Одговара,iCoA-PP_26-117,27.07.2026,Purely Plant GmbH (in-house),Conforms | Одговара,197-18-К/26,07.08.2026,Farmahem,18.04,197-18-К/26,07.08.2026,Farmahem,< LOQ,197-18-К/26,07.08.2026,Farmahem,< LOQ,197-18-К/26,07.08.2026,Farmahem,Conforms | Одговара,iCoA-PP_26-117,27.07.2026,Purely Plant GmbH (in-house),6.89,ППК25154,24.06.2025,UKIM Faculty of Pharmacy — Center for Natural Products,3.4 × 10³,588/1067/25,18.06.2025,IPH — Institute of Public Health,3.6 × 10³,588/1067/25,18.06.2025,IPH — Institute of Public Health,< 10,588/1067/25,18.06.2025,IPH — Institute of Public Health,Absent | Отсутна,588/1067/25,18.06.2025,IPH — Institute of Public Health,Absent | Отсутна,588/1067/25,18.06.2025,IPH — Institute of Public Health,upon request — not required for release,—,—,—,upon request — not required for release,—,—,—,ND,197-18-М/26,10.08.2026,Farmahem,ND,197-18-М/26,10.08.2026,Farmahem,ND,197-18-М/26,10.08.2026,Farmahem,0.052,2994/2025,19.06.2025,IPH — Institute of Public Health,0.011,2994/2025,19.06.2025,IPH — Institute of Public Health,0.028,2994/2025,19.06.2025,IPH — Institute of Public Health,0.061,2994/2025,19.06.2025,IPH — Institute of Public Health,ND,2994/2025,19.06.2025,IPH — Institute of Public Health
CoQ-PP_26-103,reissue — retest,issuable,17.08.2026,CoQ-PP_26-060 of 06.06.2026,(assigned on issue),OPM122501,P060242,Orange Punch Mimosa,11.03.2026,28.04.2026,11.03.2026,28.04.2026,iCoA-PP_26-118,27.07.2026,24.07.2026,Tranche 1,7.91,197-19-К/26,V,7.20 – 8.79 %,OPM_THC8 : CBD1,QCSP_001_OPM-V_v.01,"for review — replaces the issued QCSP_001_OPM-V_v.01 (was OPM_THC8 : CBD1, 7.20 – 8.80 %); now OPM_THC8 : CBD1 7.20 – 8.79 %",INDICA,THC,MACHINE TRIMMED,—,"Triplex Alu Bag | Триплекс Aлу Kеса, PET 12 · ALU 7 · PE 80, 300 × 500 mm, net. 400.0 g ±3%",10.08.2026,Conforms | Одговара,iCoA-PP_26-118,27.07.2026,Purely Plant GmbH (in-house),Conforms | Одговара,iCoA-PP_26-118,27.07.2026,Purely Plant GmbH (in-house),Conforms | Одговара,197-19-К/26,07.08.2026,Farmahem,7.91,197-19-К/26,07.08.2026,Farmahem,< LOQ,197-19-К/26,07.08.2026,Farmahem,< LOQ,197-19-К/26,07.08.2026,Farmahem,Conforms | Одговара,iCoA-PP_26-118,27.07.2026,Purely Plant GmbH (in-house),6.6,100-4-ГС/26,09.04.2026,Farmahem,120,229/0392/26,07.04.2026,IPH — Institute of Public Health,100,229/0392/26,07.04.2026,IPH — Institute of Public Health,< 10,229/0392/26,07.04.2026,IPH — Institute of Public Health,Absent | Отсутна,229/0392/26,07.04.2026,IPH — Institute of Public Health,Absent | Отсутна,229/0392/26,07.04.2026,IPH — Institute of Public Health,upon request — not required for release,—,—,—,upon request — not required for release,—,—,—,ND,197-19-М/26,10.08.2026,Farmahem,ND,197-19-М/26,10.08.2026,Farmahem,ND,197-19-М/26,10.08.2026,Farmahem,0.049,1627/2026,23.04.2026,IPH — Institute of Public Health,0.165,1627/2026,23.04.2026,IPH — Institute of Public Health,ND,1627/2026,23.04.2026,IPH — Institute of Public Health,ND,1627/2026,23.04.2026,IPH — Institute of Public Health,ND,1627/2026,23.04.2026,IPH — Institute of Public Health
CoQ-PP_26-104,reissue — retest,issuable,17.08.2026,CoQ-PP_26-042 of 06.06.2026,(assigned on issue),PM092501,P060062,Permanent Marker,11.12.2025,30.01.2026,11.12.2025,30.01.2026,iCoA-PP_26-120,27.07.2026,24.07.2026,Tranche 1,12.25,197-20-К/26,II,11.00 – 12.99 %,PM_THC12 : CBD1,QCSP_001_PM-II_v.01,"for review — replaces the issued QCSP_001_PM-II_v.01 (was PM_THC10 : CBD1, 9.00 – 11.00 %); now PM_THC12 : CBD1 11.00 – 12.99 %",HYBRID,THC,MACHINE TRIMMED,INDICA-DOMINANT,"Triplex Alu Bag | Триплекс Aлу Kеса, PET 12 · ALU 7 · PE 80, 300 × 500 mm, net. 400.0 g ±3%",10.08.2026,Conforms | Одговара,iCoA-PP_26-120,27.07.2026,Purely Plant GmbH (in-house),Conforms | Одговара,iCoA-PP_26-120,27.07.2026,Purely Plant GmbH (in-house),Conforms | Одговара,197-20-К/26,07.08.2026,Farmahem,12.25,197-20-К/26,07.08.2026,Farmahem,< LOQ,197-20-К/26,07.08.2026,Farmahem,< LOQ,197-20-К/26,07.08.2026,Farmahem,Conforms | Одговара,iCoA-PP_26-120,27.07.2026,Purely Plant GmbH (in-house),7.97,ППК26004,21.01.2026,UKIM Faculty of Pharmacy — Center for Natural Products,2 × 10³,6/0009/26,20.01.2026,IPH — Institute of Public Health,2.2 × 10³,6/0009/26,20.01.2026,IPH — Institute of Public Health,< 10,6/0009/26,20.01.2026,IPH — Institute of Public Health,Absent | Отсутна,6/0009/26,20.01.2026,IPH — Institute of Public Health,Absent | Отсутна,6/0009/26,20.01.2026,IPH — Institute of Public Health,upon request — not required for release,—,—,—,upon request — not required for release,—,—,—,ND,197-20-М/26,10.08.2026,Farmahem,ND,197-20-М/26,10.08.2026,Farmahem,ND,197-20-М/26,10.08.2026,Farmahem,0.03,83/2026,02.02.2026,IPH — Institute of Public Health,ND,83/2026,02.02.2026,IPH — Institute of Public Health,ND,83/2026,02.02.2026,IPH — Institute of Public Health,ND,83/2026,02.02.2026,IPH — Institute of Public Health,ND,83/2026,02.02.2026,IPH — Institute of Public Health
CoQ-PP_26-105,reissue — retest,issuable,17.08.2026,CoQ-PP_26-074 of 06.06.2026,(assigned on issue),SCR012603,P060382,Scrambler,22.04.2026,25.05.2026,22.04.2026,25.05.2026,iCoA-PP_26-119,27.07.2026,24.07.2026,Tranche 1,17.84,197-21-К/26,II,16.20 – 19.79 %,SCR_THC18 : CBD1,QCSP_001_SCR-II_v.01,"for review — replaces the issued QCSP_001_SCR-II_v.01 (was SCR_THC18 : CBD1, 16.20 – 19.80 %); now SCR_THC18 : CBD1 16.20 – 19.79 %",HYBRID,THC,MACHINE TRIMMED,TO BE DETERMINED,"Triplex Alu Bag | Триплекс Aлу Kеса, PET 12 · ALU 7 · PE 80, 300 × 500 mm, net. 400.0 g ±3%",10.08.2026,Conforms | Одговара,iCoA-PP_26-119,27.07.2026,Purely Plant GmbH (in-house),Conforms | Одговара,iCoA-PP_26-119,27.07.2026,Purely Plant GmbH (in-house),Conforms | Одговара,197-21-К/26,07.08.2026,Farmahem,17.84,197-21-К/26,07.08.2026,Farmahem,< LOQ,197-21-К/26,07.08.2026,Farmahem,< LOQ,197-21-К/26,07.08.2026,Farmahem,Conforms | Одговара,iCoA-PP_26-119,27.07.2026,Purely Plant GmbH (in-house),carried from the initial testing — not tested,—,—,—,5.4 × 10⁴,364/0694/26,01.06.2026,IPH — Institute of Public Health,1.8 × 10⁴,364/0694/26,01.06.2026,IPH — Institute of Public Health,< 10,364/0694/26,01.06.2026,IPH — Institute of Public Health,Absent | Отсутна,364/0694/26,01.06.2026,IPH — Institute of Public Health,Absent | Отсутна,364/0694/26,01.06.2026,IPH — Institute of Public Health,upon request — not required for release,—,—,—,upon request — not required for release,—,—,—,ND,197-21-М/26,10.08.2026,Farmahem,ND,197-21-М/26,10.08.2026,Farmahem,ND,197-21-М/26,10.08.2026,Farmahem,carried from the initial testing — not tested,—,—,—,carried from the initial testing — not tested,—,—,—,carried from the initial testing — not tested,—,—,—,carried from the initial testing — not tested,—,—,—,carried from the initial testing — not tested,—,—,—
CoQ-PP_26-106,reissue — retest,issuable,18.09.2026,CoQ-PP_26-048 of 06.06.2026,(assigned on issue),ACC102501,P060122,Amnesia Core Cut,09.01.2026,18.02.2026 – 19.02.2026,09.01.2026,18.02.2026,iCoA-PP_26-123,17.08.2026,12.08.2026,Tranche 2,12.09,220-1-К/26,I,10.80 – 13.19 %,ACC_THC12 : CBD1,QCSP_001_ACC-I_v.01,"for review — replaces the issued QCSP_001_ACC-I_v.01 (was ACC_THC12 : CBD1, 10.80 – 13.20 %); now ACC_THC12 : CBD1 10.80 – 13.19 %",HYBRID,THC,MACHINE TRIMMED,TO BE DETERMINED,"Triplex Alu Bag | Триплекс Aлу Kеса, PET 12 · ALU 7 · PE 80, 300 × 500 mm, net. 400.0 g ±3%",11.09.2026,Conforms | Одговара,iCoA-PP_26-123,17.08.2026,Purely Plant GmbH (in-house),Conforms | Одговара,iCoA-PP_26-123,17.08.2026,Purely Plant GmbH (in-house),Conforms | Одговара,220-1-К/26,25.08.2026,Farmahem,12.09,220-1-К/26,25.08.2026,Farmahem,< LOQ,220-1-К/26,25.08.2026,Farmahem,< LOQ,220-1-К/26,25.08.2026,Farmahem,Conforms | Одговара,iCoA-PP_26-123,17.08.2026,Purely Plant GmbH (in-house),"7,1 %",031-5-ГС/26,12.02.2026,FHM,1 × 10³,77/0120/26,09.02.2026,IPH — Institute of Public Health,1.6 × 10³,77/0120/26,09.02.2026,IPH — Institute of Public Health,< 10,77/0120/26,09.02.2026,IPH — Institute of Public Health,Absent | Отсутна,77/0120/26,09.02.2026,IPH — Institute of Public Health,Absent | Отсутна,77/0120/26,09.02.2026,IPH — Institute of Public Health,upon request — not required for release,—,—,—,upon request — not required for release,—,—,—,ND,220-1-М/26,11.09.2026,Farmahem,ND,220-1-М/26,11.09.2026,Farmahem,ND,220-1-М/26,11.09.2026,Farmahem,0.078,326/2026,11.02.2026,IPH — Institute of Public Health,ND,326/2026,11.02.2026,IPH — Institute of Public Health,0.022,326/2026,11.02.2026,IPH — Institute of Public Health,ND,326/2026,11.02.2026,IPH — Institute of Public Health,ND mg/kg — all 25 residues,326/2026,11.02.2026,IJZ
CoQ-PP_26-107,reissue — retest,issuable,18.09.2026,CoQ-PP_26-025 of 06.06.2026,(assigned on issue),BSS052501,P050192,Blue Sunset Sherbet,01.09.2025 – 03.09.2025,10.10.2025 – 21.10.2025,01.09.2025,10.10.2025,iCoA-PP_26-124,17.08.2026,12.08.2026,Tranche 2,20.52,220-2-К/26,III,18.11 – 21.88 %,BSS_THC20 : CBD1,QCSP_001_BSS-III_v.01,for review — new,INDICA,THC,MACHINE TRIMMED,—,"Triplex Alu Bag | Триплекс Aлу Kеса, PET 12 · ALU 7 · PE 80, 300 × 500 mm, net. 400.0 g ±3%",11.09.2026,Conforms | Одговара,iCoA-PP_26-124,17.08.2026,Purely Plant GmbH (in-house),Conforms | Одговара,iCoA-PP_26-124,17.08.2026,Purely Plant GmbH (in-house),Conforms | Одговара,220-2-К/26,25.08.2026,Farmahem,20.52,220-2-К/26,25.08.2026,Farmahem,< LOQ,220-2-К/26,25.08.2026,Farmahem,< LOQ,220-2-К/26,25.08.2026,Farmahem,Conforms | Одговара,iCoA-PP_26-124,17.08.2026,Purely Plant GmbH (in-house),8.60,iCoA-PP_26-024,03.06.2026,Purely Plant GmbH (in-house),200,1157/2058/25,24.11.2025,IPH — Institute of Public Health,200,1157/2058/25,24.11.2025,IPH — Institute of Public Health,< 10² and > 10,1157/2058/25,24.11.2025,IPH — Institute of Public Health,Absent | Отсутна,1157/2058/25,24.11.2025,IPH — Institute of Public Health,Absent | Отсутна,1157/2058/25,24.11.2025,IPH — Institute of Public Health,upon request — not required for release,—,—,—,upon request — not required for release,—,—,—,ND,220-2-М/26,11.09.2026,Farmahem,ND,220-2-М/26,11.09.2026,Farmahem,ND,220-2-М/26,11.09.2026,Farmahem,0.024,5661/2025,01.12.2025,IPH — Institute of Public Health,0.004,5661/2025,01.12.2025,IPH — Institute of Public Health,0.025,5661/2025,01.12.2025,IPH — Institute of Public Health,0.0036,5661/2025,01.12.2025,IPH — Institute of Public Health,Not found any pesticide above LOQ (≤LOQ) — COMPLIES with Ph. Eur.,10802_2845/2,17.11.2025,State Phytosanitary Laboratory
CoQ-PP_26-108,reissue — retest,issuable,18.09.2026,CoQ-PP_26-072 of 06.06.2026,(assigned on issue),CC012603,P060372,Cash Cow,22.04.2026,24.05.2026,22.04.2026,24.05.2026,iCoA-PP_26-145,17.08.2026,14.08.2026,Tranche 2,14.76,220-29-К/26,II,12.65 – 15.34 %,CC_THC14 : CBD1,QCSP_001_CC-II_v.01,"for review — replaces the issued QCSP_001_CC-II_v.01 (was CC_THC14 : CBD1, 12.60 – 15.40 %); now CC_THC14 : CBD1 12.65 – 15.34 %",HYBRID,THC,MACHINE TRIMMED,INDICA 70 : SATIVA 30,"Triplex Alu Bag | Триплекс Aлу Kеса, PET 12 · ALU 7 · PE 80, 300 × 500 mm, net. 400.0 g ±3%",11.09.2026,Conforms | Одговара,iCoA-PP_26-145,17.08.2026,Purely Plant GmbH (in-house),Conforms | Одговара,iCoA-PP_26-145,17.08.2026,Purely Plant GmbH (in-house),Conforms | Одговара,220-29-К/26,26.08.2026,Farmahem,14.76,220-29-К/26,26.08.2026,Farmahem,< LOQ,220-29-К/26,26.08.2026,Farmahem,< LOQ,220-29-К/26,26.08.2026,Farmahem,Conforms | Одговара,iCoA-PP_26-145,17.08.2026,Purely Plant GmbH (in-house),carried from the initial testing — not tested,—,—,—,2.7 × 10³,363/0693/26,01.06.2026,IPH — Institute of Public Health,1.6 × 10¹,363/0693/26,01.06.2026,IPH — Institute of Public Health,< 10,363/0693/26,01.06.2026,IPH — Institute of Public Health,Absent | Отсутна,363/0693/26,01.06.2026,IPH — Institute of Public Health,Absent | Отсутна,363/0693/26,01.06.2026,IPH — Institute of Public Health,upon request — not required for release,—,—,—,upon request — not required for release,—,—,—,ND,220-29-М/26,11.09.2026,Farmahem,ND,220-29-М/26,11.09.2026,Farmahem,ND,220-29-М/26,11.09.2026,Farmahem,carried from the initial testing — not tested,—,—,—,carried from the initial testing — not tested,—,—,—,carried from the initial testing — not tested,—,—,—,carried from the initial testing — not tested,—,—,—,carried from the initial testing — not tested,—,—,—
CoQ-PP_26-109,reissue — retest,issuable,18.09.2026,CoQ-PP_26-049 of 06.06.2026,(assigned on issue),CF102501,P060132,Chem Flyer,09.01.2026,19.02.2026 – 20.02.2026,09.01.2026,19.02.2026,iCoA-PP_26-125,17.08.2026,12.08.2026,Tranche 2,9.55,220-6-К/26,I,9.00 – 10.99 %,CF_THC10 : CBD1,QCSP_001_CF-I_v.01,"for review — replaces the issued QCSP_001_CF-I_v.01 (was CF_THC10 : CBD1, 9.00 – 11.00 %); now CF_THC10 : CBD1 9.00 – 10.99 %",HYBRID,THC,MACHINE TRIMMED,TO BE DETERMINED,"Triplex Alu Bag | Триплекс Aлу Kеса, PET 12 · ALU 7 · PE 80, 300 × 500 mm, net. 400.0 g ±3%",11.09.2026,Conforms | Одговара,iCoA-PP_26-125,17.08.2026,Purely Plant GmbH (in-house),Conforms | Одговара,iCoA-PP_26-125,17.08.2026,Purely Plant GmbH (in-house),Conforms | Одговара,220-6-К/26,25.08.2026,Farmahem,9.55,220-6-К/26,25.08.2026,Farmahem,< LOQ,220-6-К/26,25.08.2026,Farmahem,< LOQ,220-6-К/26,25.08.2026,Farmahem,Conforms | Одговара,iCoA-PP_26-125,17.08.2026,Purely Plant GmbH (in-house),"5,6 %",031-4-ГС/26,12.02.2026,FHM,3.1 × 10⁴,73/0116/26,09.02.2026,IPH — Institute of Public Health,3.9 × 10⁴,73/0116/26,09.02.2026,IPH — Institute of Public Health,< 10³ and > 10²,73/0116/26,09.02.2026,IPH — Institute of Public Health,Absent | Отсутна,73/0116/26,09.02.2026,IPH — Institute of Public Health,Absent | Отсутна,73/0116/26,09.02.2026,IPH — Institute of Public Health,upon request — not required for release,—,—,—,upon request — not required for release,—,—,—,ND,220-6-М/26,11.09.2026,Farmahem,ND,220-6-М/26,11.09.2026,Farmahem,ND,220-6-М/26,11.09.2026,Farmahem,0.07,330/2026,11.02.2026,IPH — Institute of Public Health,ND,330/2026,11.02.2026,IPH — Institute of Public Health,0.0942,330/2026,11.02.2026,IPH — Institute of Public Health,ND,330/2026,11.02.2026,IPH — Institute of Public Health,ND mg/kg — all 25 residues,330/2026,11.02.2026,IJZ
CoQ-PP_26-110,reissue — retest,issuable,18.09.2026,CoQ-PP_26-028 of 06.06.2026,(assigned on issue),CJ062501/1,P050222,Cap Junky,23.09.2025,24.11.2025 – 25.11.2025,23.09.2025,24.11.2025,iCoA-PP_26-126,17.08.2026,12.08.2026,Tranche 2,24.80,220-3-К/26,II,21.60 – 26.39 %,CJ_THC24 : CBD1,QCSP_001_CJ-II_v.01,"for review — replaces the issued QCSP_001_CJ-II_v.01 (was CJ_THC26 : CBD1, 25.01 – 26.99 %); now CJ_THC24 : CBD1 21.60 – 26.39 %",HYBRID,THC,MACHINE TRIMMED,INDICA 60 : SATIVA 40,"Triplex Alu Bag | Триплекс Aлу Kеса, PET 12 · ALU 7 · PE 80, 300 × 500 mm, net. 400.0 g ±3%",11.09.2026,Conforms | Одговара,iCoA-PP_26-126,17.08.2026,Purely Plant GmbH (in-house),Conforms | Одговара,iCoA-PP_26-126,17.08.2026,Purely Plant GmbH (in-house),Conforms | Одговара,220-3-К/26,25.08.2026,Farmahem,24.80,220-3-К/26,25.08.2026,Farmahem,< LOQ,220-3-К/26,25.08.2026,Farmahem,< LOQ,220-3-К/26,25.08.2026,Farmahem,Conforms | Одговара,iCoA-PP_26-126,17.08.2026,Purely Plant GmbH (in-house),7.77,ППК25321,23.10.2025,UKIM Faculty of Pharmacy — Center for Natural Products,"4,2 × 10³",535/1066/26,31.08.2026,IPH — Institute of Public Health,< 10,535/1066/26,31.08.2026,IPH — Institute of Public Health,< 10⁴ and > 10³,535/1066/26,31.08.2026,IPH — Institute of Public Health,Absent | Отсутна,535/1066/26,31.08.2026,IPH — Institute of Public Health,Absent | Отсутна,535/1066/26,31.08.2026,IPH — Institute of Public Health,upon request — not required for release,—,—,—,upon request — not required for release,—,—,—,ND,220-3-М/26,11.09.2026,Farmahem,ND,220-3-М/26,11.09.2026,Farmahem,ND,220-3-М/26,11.09.2026,Farmahem,0.037,4907/2025,24.10.2025,IPH — Institute of Public Health,0.002,4907/2025,24.10.2025,IPH — Institute of Public Health,0.027,4907/2025,24.10.2025,IPH — Institute of Public Health,0.017,4907/2025,24.10.2025,IPH — Institute of Public Health,ND,4907/2025,24.10.2025,IPH — Institute of Public Health
CoQ-PP_26-111,reissue — retest,issuable,18.09.2026,CoQ-PP_26-038 of 06.06.2026,(assigned on issue),CJ082501/1,P060022,Cap Junky,09.12.2025 – 10.12.2025,16.01.2026,09.12.2025,16.01.2026,iCoA-PP_26-127,17.08.2026,12.08.2026,Tranche 2,28.34,220-4-К/26,I,26.40 – 29.59 %,CJ_THC28 : CBD1,QCSP_001_CJ-I_v.01,"for review — replaces the issued QCSP_001_CJ-I_v.01 (was CJ_THC28 : CBD1, 27.00 – 29.00 %); now CJ_THC28 : CBD1 26.40 – 29.59 %",HYBRID,THC,MACHINE TRIMMED,INDICA 60 : SATIVA 40,"Triplex Alu Bag | Триплекс Aлу Kеса, PET 12 · ALU 7 · PE 80, 300 × 500 mm, net. 400.0 g ±3%",11.09.2026,Conforms | Одговара,iCoA-PP_26-127,17.08.2026,Purely Plant GmbH (in-house),Conforms | Одговара,iCoA-PP_26-127,17.08.2026,Purely Plant GmbH (in-house),Conforms | Одговара,220-4-К/26,25.08.2026,Farmahem,28.34,220-4-К/26,25.08.2026,Farmahem,< LOQ,220-4-К/26,25.08.2026,Farmahem,< LOQ,220-4-К/26,25.08.2026,Farmahem,Conforms | Одговара,iCoA-PP_26-127,17.08.2026,Purely Plant GmbH (in-house),7.21,ППК26002,21.01.2026,UKIM Faculty of Pharmacy — Center for Natural Products,1.5 × 10²,8/0011/26,20.01.2026,IPH — Institute of Public Health,1.3 × 10²,8/0011/26,20.01.2026,IPH — Institute of Public Health,< 10,8/0011/26,20.01.2026,IPH — Institute of Public Health,Absent | Отсутна,8/0011/26,20.01.2026,IPH — Institute of Public Health,Absent | Отсутна,8/0011/26,20.01.2026,IPH — Institute of Public Health,upon request — not required for release,—,—,—,upon request — not required for release,—,—,—,ND,220-4-М/26,11.09.2026,Farmahem,ND,220-4-М/26,11.09.2026,Farmahem,ND,220-4-М/26,11.09.2026,Farmahem,0.075,81/2026,02.02.2026,IPH — Institute of Public Health,ND,81/2026,02.02.2026,IPH — Institute of Public Health,ND,81/2026,02.02.2026,IPH — Institute of Public Health,ND,81/2026,02.02.2026,IPH — Institute of Public Health,ND,81/2026,02.02.2026,IPH — Institute of Public Health
CoQ-PP_26-112,reissue — retest,issuable,18.09.2026,CoQ-PP_26-043 of 06.06.2026,(assigned on issue),CJ092501,P060072,Cap Junky,12.12.2025,02.02.2026,12.12.2025,02.02.2026,iCoA-PP_26-128,17.08.2026,12.08.2026,Tranche 2,25.65,220-5-К/26,II,21.60 – 26.39 %,CJ_THC24 : CBD1,QCSP_001_CJ-II_v.01,"for review — replaces the issued QCSP_001_CJ-II_v.01 (was CJ_THC26 : CBD1, 25.01 – 26.99 %); now CJ_THC24 : CBD1 21.60 – 26.39 %",HYBRID,THC,MACHINE TRIMMED,INDICA 60 : SATIVA 40,"Triplex Alu Bag | Триплекс Aлу Kеса, PET 12 · ALU 7 · PE 80, 300 × 500 mm, net. 400.0 g ±3%",11.09.2026,Conforms | Одговара,iCoA-PP_26-128,17.08.2026,Purely Plant GmbH (in-house),Conforms | Одговара,iCoA-PP_26-128,17.08.2026,Purely Plant GmbH (in-house),Conforms | Одговара,220-5-К/26,25.08.2026,Farmahem,25.65,220-5-К/26,25.08.2026,Farmahem,< LOQ,220-5-К/26,25.08.2026,Farmahem,< LOQ,220-5-К/26,25.08.2026,Farmahem,Conforms | Одговара,iCoA-PP_26-128,17.08.2026,Purely Plant GmbH (in-house),7.64,ППК26007,21.01.2026,UKIM Faculty of Pharmacy — Center for Natural Products,< 10,10/0013/26,20.01.2026,IPH — Institute of Public Health,< 10,10/0013/26,20.01.2026,IPH — Institute of Public Health,< 10,10/0013/26,20.01.2026,IPH — Institute of Public Health,Absent | Отсутна,10/0013/26,20.01.2026,IPH — Institute of Public Health,Absent | Отсутна,10/0013/26,20.01.2026,IPH — Institute of Public Health,upon request — not required for release,—,—,—,upon request — not required for release,—,—,—,ND,220-5-М/26,11.09.2026,Farmahem,ND,220-5-М/26,11.09.2026,Farmahem,ND,220-5-М/26,11.09.2026,Farmahem,0.04,86/2026,02.02.2026,IPH — Institute of Public Health,ND,86/2026,02.02.2026,IPH — Institute of Public Health,ND,86/2026,02.02.2026,IPH — Institute of Public Health,0.004,86/2026,02.02.2026,IPH — Institute of Public Health,ND,86/2026,02.02.2026,IPH — Institute of Public Health
CoQ-PP_26-113,reissue — retest,issuable,18.09.2026,CoQ-PP_26-032 of 06.06.2026,(assigned on issue),CLE072501,P050282,Clemosa A Bud,28.10.2025,03.12.2025 – 04.12.2025,28.10.2025,03.12.2025,iCoA-PP_26-129,17.08.2026,12.08.2026,Tranche 2,8.65,220-7-К/26,I,7.20 – 8.79 %,CLE_THC8 : CBD1,QCSP_001_CLE-I_v.01,"for review — replaces the issued QCSP_001_CLE-I_v.01 (was CLE_THC8 : CBD1, 7.20 – 8.80 %); now CLE_THC8 : CBD1 7.20 – 8.79 %",HYBRID,THC,MACHINE TRIMMED,TO BE DETERMINED,"Triplex Alu Bag | Триплекс Aлу Kеса, PET 12 · ALU 7 · PE 80, 300 × 500 mm, net. 400.0 g ±3%",11.09.2026,Conforms | Одговара,iCoA-PP_26-129,17.08.2026,Purely Plant GmbH (in-house),Conforms | Одговара,iCoA-PP_26-129,17.08.2026,Purely Plant GmbH (in-house),Conforms | Одговара,220-7-К/26,25.08.2026,Farmahem,8.65,220-7-К/26,25.08.2026,Farmahem,< LOQ,220-7-К/26,25.08.2026,Farmahem,< LOQ,220-7-К/26,25.08.2026,Farmahem,Conforms | Одговара,iCoA-PP_26-129,17.08.2026,Purely Plant GmbH (in-house),9.68,ППК25370,28.11.2025,CNP,< 10,1219/2170/25,01.12.2025,IPH — Institute of Public Health,< 10,1219/2170/25,01.12.2025,IPH — Institute of Public Health,< 10,1219/2170/25,01.12.2025,IPH — Institute of Public Health,Absent | Отсутна,1219/2170/25,01.12.2025,IPH — Institute of Public Health,Absent | Отсутна,1219/2170/25,01.12.2025,IPH — Institute of Public Health,upon request — not required for release,—,—,—,upon request — not required for release,—,—,—,ND,220-7-М/26,11.09.2026,Farmahem,ND,220-7-М/26,11.09.2026,Farmahem,ND,220-7-М/26,11.09.2026,Farmahem,0.032,5700/2025,02.12.2025,IPH — Institute of Public Health,0.002,5700/2025,02.12.2025,IPH — Institute of Public Health,0.013,5700/2025,02.12.2025,IPH — Institute of Public Health,0.021,5700/2025,02.12.2025,IPH — Institute of Public Health,ND,5700/2025,02.12.2025,IPH — Institute of Public Health
CoQ-PP_26-114,reissue — retest,issuable,18.09.2026,CoQ-PP_26-069 of 06.06.2026,(assigned on issue),FB012601/1,P060322,Fat Bastard,27.03.2026,22.05.2026,27.03.2026,22.05.2026,iCoA-PP_26-130,17.08.2026,12.08.2026,Tranche 2,17.99,220-8-К/26,II,16.20 – 19.79 %,FB_THC18 : CBD1,QCSP_001_FB-II_v.01,"for review — replaces the issued QCSP_001_FB-II_v.01 (was FB_THC18 : CBD1, 17.15 – 18.85 %); now FB_THC18 : CBD1 16.20 – 19.79 %",HYBRID,THC,MACHINE TRIMMED,BALANCED,"Triplex Alu Bag | Триплекс Aлу Kеса, PET 12 · ALU 7 · PE 80, 300 × 500 mm, net. 400.0 g ±3%",11.09.2026,Conforms | Одговара,iCoA-PP_26-130,17.08.2026,Purely Plant GmbH (in-house),Conforms | Одговара,iCoA-PP_26-130,17.08.2026,Purely Plant GmbH (in-house),Conforms | Одговара,220-8-К/26,25.08.2026,Farmahem,17.99,220-8-К/26,25.08.2026,Farmahem,< LOQ,220-8-К/26,25.08.2026,Farmahem,< LOQ,220-8-К/26,25.08.2026,Farmahem,Conforms | Одговара,iCoA-PP_26-130,17.08.2026,Purely Plant GmbH (in-house),7.67,ППК26067,11.05.2026,UKIM Faculty of Pharmacy — Center for Natural Products,2 × 10³,308/0552/26,28.04.2026,IPH — Institute of Public Health,"2,1 × 10³",308/0552/26,28.04.2026,IPH — Institute of Public Health,< 10,308/0552/26,28.04.2026,IPH — Institute of Public Health,Absent | Отсутна,308/0552/26,28.04.2026,IPH — Institute of Public Health,Absent | Отсутна,308/0552/26,28.04.2026,IPH — Institute of Public Health,upon request — not required for release,—,—,—,upon request — not required for release,—,—,—,ND,220-8-М/26,11.09.2026,Farmahem,ND,220-8-М/26,11.09.2026,Farmahem,ND,220-8-М/26,11.09.2026,Farmahem,0.0114,2362/2026,30.04.2026,IPH — Institute of Public Health,0.017,2362/2026,30.04.2026,IPH — Institute of Public Health,0.0144,2362/2026,30.04.2026,IPH — Institute of Public Health,0.0155,2362/2026,30.04.2026,IPH — Institute of Public Health,ND,2362/2026,30.04.2026,IPH — Institute of Public Health
CoQ-PP_26-115,reissue — retest,issuable,18.09.2026,CoQ-PP_26-004 of 06.06.2026,CoQ-PP-2026-0029,GG1024,GG1024,Gorilla Glue,20.01.2025,11.03.2025,20.01.2025,11.03.2025,iCoA-PP_26-131,17.08.2026,12.08.2026,Tranche 2,15.51,220-9-К/26,II,13.77 – 16.22 %,GG_THC15 : CBD1,QCSP_001_GG-II_v.01,"for review — replaces the issued QCSP_001_GG-II_v.01 (was GG_THC16 : CBD1, 15.00 – 17.00 %); now GG_THC15 : CBD1 13.77 – 16.22 %",INDICA,THC,MACHINE TRIMMED,—,"Triplex Alu Bag | Триплекс Aлу Kеса, PET 12 · ALU 7 · PE 80, 300 × 500 mm, net. 400.0 g ±3%",11.09.2026,Conforms | Одговара,iCoA-PP_26-131,17.08.2026,Purely Plant GmbH (in-house),Conforms | Одговара,iCoA-PP_26-131,17.08.2026,Purely Plant GmbH (in-house),Conforms | Одговара,220-9-К/26,25.08.2026,Farmahem,15.51,220-9-К/26,25.08.2026,Farmahem,< LOQ,220-9-К/26,25.08.2026,Farmahem,< LOQ,220-9-К/26,25.08.2026,Farmahem,Conforms | Одговара,iCoA-PP_26-131,17.08.2026,Purely Plant GmbH (in-house),7.8,ППК25008,29.01.2025,CNP,1.1 × 10⁴ CFU/g,166/0274/25,24.02.2025,IPH — Institute of Public Health,< 10,166/0274/25,24.02.2025,IPH — Institute of Public Health,< 10² and > 10 CFU/g,166/0274/25,24.02.2025,IPH — Institute of Public Health,Absent | Отсутна,166/0274/25,24.02.2025,IPH — Institute of Public Health,Absent | Отсутна,166/0274/25,24.02.2025,IPH — Institute of Public Health,upon request — not required for release,—,—,—,upon request — not required for release,—,—,—,ND,220-9-М/26,11.09.2026,Farmahem,ND,220-9-М/26,11.09.2026,Farmahem,ND,220-9-М/26,11.09.2026,Farmahem,0.052,748/2025,04.03.2025,IPH — Institute of Public Health,0.016,748/2025,04.03.2025,IPH — Institute of Public Health,0.04,748/2025,04.03.2025,IPH — Institute of Public Health,0.004,748/2025,04.03.2025,IPH — Institute of Public Health,ND mg/Kg — all 22 residues,748/2025,04.03.2025,IJZ
CoQ-PP_26-116,reissue — retest,issuable,18.09.2026,CoQ-PP_26-034 of 06.06.2026,(assigned on issue),GP072501/2,P050302,Grape Pie,13.11.2025,22.12.2025,13.11.2025,22.12.2025,iCoA-PP_26-132,17.08.2026,12.08.2026,Tranche 2,18.29,220-10-К/26,III,18.00 – 21.99 %,GP_THC20 : CBD1,QCSP_001_GP-III_v.01,"for review — replaces the issued QCSP_001_GP-III_v.01 (was GP_THC24 : CBD1, 22.61 – 25.39 %); now GP_THC20 : CBD1 18.00 – 21.99 %",HYBRID,THC,MACHINE TRIMMED,INDICA-DOMINANT,"Triplex Alu Bag | Триплекс Aлу Kеса, PET 12 · ALU 7 · PE 80, 300 × 500 mm, net. 400.0 g ±3%",11.09.2026,Conforms | Одговара,iCoA-PP_26-132,17.08.2026,Purely Plant GmbH (in-house),Conforms | Одговара,iCoA-PP_26-132,17.08.2026,Purely Plant GmbH (in-house),Conforms | Одговара,220-10-К/26,25.08.2026,Farmahem,18.29,220-10-К/26,25.08.2026,Farmahem,< LOQ,220-10-К/26,25.08.2026,Farmahem,< LOQ,220-10-К/26,25.08.2026,Farmahem,Conforms | Одговара,iCoA-PP_26-132,17.08.2026,Purely Plant GmbH (in-house),7.41,ППК25379,12.12.2025,CNP,2 × 10²,1229/2195/25,05.12.2025,IPH — Institute of Public Health,3 × 10²,1229/2195/25,05.12.2025,IPH — Institute of Public Health,< 10,1229/2195/25,05.12.2025,IPH — Institute of Public Health,Absent | Отсутна,1229/2195/25,05.12.2025,IPH — Institute of Public Health,Absent | Отсутна,1229/2195/25,05.12.2025,IPH — Institute of Public Health,upon request — not required for release,—,—,—,upon request — not required for release,—,—,—,ND,220-10-М/26,11.09.2026,Farmahem,ND,220-10-М/26,11.09.2026,Farmahem,ND,220-10-М/26,11.09.2026,Farmahem,0.017,5887/2025,12.12.2025,IPH — Institute of Public Health,0.0028,5887/2025,12.12.2025,IPH — Institute of Public Health,0.02,5887/2025,12.12.2025,IPH — Institute of Public Health,0.019,5887/2025,12.12.2025,IPH — Institute of Public Health,ND,5887/2025,12.12.2025,IPH — Institute of Public Health
CoQ-PP_26-117,reissue — retest,issuable,18.09.2026,CoQ-PP_26-013 of 06.06.2026,CoQ-PP-2026-0036,GP0824_03,P050072,Grape Pie,09.06.2025 – 10.06.2025,14.07.2025 – 17.07.2025,09.06.2025,14.07.2025,iCoA-PP_26-133,17.08.2026,12.08.2026,Tranche 2,28.30,220-11-К/26,I,26.00 – 29.99 %,GP_THC28 : CBD1,QCSP_001_GP-I_v.01,"for review — replaces the issued QCSP_001_GP-I_v.01 (was GP_THC28 : CBD1, 26.61 – 29.39 %); now GP_THC28 : CBD1 26.00 – 29.99 %",HYBRID,THC,MACHINE TRIMMED,INDICA-DOMINANT,"Triplex Alu Bag | Триплекс Aлу Kеса, PET 12 · ALU 7 · PE 80, 300 × 500 mm, net. 400.0 g ±3%",11.09.2026,Conforms | Одговара,iCoA-PP_26-133,17.08.2026,Purely Plant GmbH (in-house),Conforms | Одговара,iCoA-PP_26-133,17.08.2026,Purely Plant GmbH (in-house),Conforms | Одговара,220-11-К/26,25.08.2026,Farmahem,28.30,220-11-К/26,25.08.2026,Farmahem,< LOQ,220-11-К/26,25.08.2026,Farmahem,< LOQ,220-11-К/26,25.08.2026,Farmahem,Conforms | Одговара,iCoA-PP_26-133,17.08.2026,Purely Plant GmbH (in-house),6.58,ППК25175,10.07.2025,UKIM Faculty of Pharmacy — Center for Natural Products,1.1 × 10⁴,628/1129/25,02.07.2025,IPH — Institute of Public Health,1.2 × 10⁴,628/1129/25,02.07.2025,IPH — Institute of Public Health,< 10⁴ and > 10³,628/1129/25,02.07.2025,IPH — Institute of Public Health,Absent | Отсутна,628/1129/25,02.07.2025,IPH — Institute of Public Health,Absent | Отсутна,628/1129/25,02.07.2025,IPH — Institute of Public Health,upon request — not required for release,—,—,—,upon request — not required for release,—,—,—,ND,220-11-М/26,11.09.2026,Farmahem,ND,220-11-М/26,11.09.2026,Farmahem,ND,220-11-М/26,11.09.2026,Farmahem,ND,3178/2025,26.06.2025,IPH — Institute of Public Health,ND,3178/2025,26.06.2025,IPH — Institute of Public Health,0.119,3178/2025,26.06.2025,IPH — Institute of Public Health,ND,3178/2025,26.06.2025,IPH — Institute of Public Health,ND,3178/2025,26.06.2025,IPH — Institute of Public Health
CoQ-PP_26-118,reissue — retest,issuable,18.09.2026,CoQ-PP_26-035 of 06.06.2026,(assigned on issue),GP082501/1,P050312,Grape Pie,19.11.2025 – 20.11.2025,23.12.2025 – 26.12.2025,19.11.2025,23.12.2025,iCoA-PP_26-134,17.08.2026,13.08.2026,Tranche 2,25.13,220-12-К/26,II,22.00 – 25.99 %,GP_THC24 : CBD1,QCSP_001_GP-II_v.01,"for review — replaces the issued QCSP_001_GP-II_v.01 (was GP_THC26 : CBD1, 25.40 – 26.60 %); now GP_THC24 : CBD1 22.00 – 25.99 %",HYBRID,THC,MACHINE TRIMMED,INDICA-DOMINANT,"Triplex Alu Bag | Триплекс Aлу Kеса, PET 12 · ALU 7 · PE 80, 300 × 500 mm, net. 400.0 g ±3%",11.09.2026,Conforms | Одговара,iCoA-PP_26-134,17.08.2026,Purely Plant GmbH (in-house),Conforms | Одговара,iCoA-PP_26-134,17.08.2026,Purely Plant GmbH (in-house),Conforms | Одговара,220-12-К/26,25.08.2026,Farmahem,25.13,220-12-К/26,25.08.2026,Farmahem,< LOQ,220-12-К/26,25.08.2026,Farmahem,< LOQ,220-12-К/26,25.08.2026,Farmahem,Conforms | Одговара,iCoA-PP_26-134,17.08.2026,Purely Plant GmbH (in-house),6.29,ППК25380,12.12.2025,CNP,4.3 × 10²,1226/2192/25,05.12.2025,IPH — Institute of Public Health,1 × 10³,1226/2192/25,05.12.2025,IPH — Institute of Public Health,< 10³ and > 10²,1226/2192/25,05.12.2025,IPH — Institute of Public Health,Absent | Отсутна,1226/2192/25,05.12.2025,IPH — Institute of Public Health,Absent | Отсутна,1226/2192/25,05.12.2025,IPH — Institute of Public Health,upon request — not required for release,—,—,—,upon request — not required for release,—,—,—,ND,220-12-М/26,11.09.2026,Farmahem,ND,220-12-М/26,11.09.2026,Farmahem,ND,220-12-М/26,11.09.2026,Farmahem,0.014,5888/2025,12.12.2025,IPH — Institute of Public Health,0.003,5888/2025,12.12.2025,IPH — Institute of Public Health,0.02,5888/2025,12.12.2025,IPH — Institute of Public Health,0.017,5888/2025,12.12.2025,IPH — Institute of Public Health,ND,5888/2025,12.12.2025,IPH — Institute of Public Health
CoQ-PP_26-119,reissue — retest,issuable,18.09.2026,CoQ-PP_26-045 of 06.06.2026,(assigned on issue),GP092501,P060092,Grape Pie,16.12.2025 – 17.12.2025,03.02.2026 – 09.02.2026,16.12.2025,03.02.2026,iCoA-PP_26-135,17.08.2026,13.08.2026,Tranche 2,25.24,220-13-К/26,II,22.00 – 25.99 %,GP_THC24 : CBD1,QCSP_001_GP-II_v.01,"for review — replaces the issued QCSP_001_GP-II_v.01 (was GP_THC26 : CBD1, 25.40 – 26.60 %); now GP_THC24 : CBD1 22.00 – 25.99 %",HYBRID,THC,MACHINE TRIMMED,INDICA-DOMINANT,"Triplex Alu Bag | Триплекс Aлу Kеса, PET 12 · ALU 7 · PE 80, 300 × 500 mm, net. 400.0 g ±3%",11.09.2026,Conforms | Одговара,iCoA-PP_26-135,17.08.2026,Purely Plant GmbH (in-house),Conforms | Одговара,iCoA-PP_26-135,17.08.2026,Purely Plant GmbH (in-house),Conforms | Одговара,220-13-К/26,25.08.2026,Farmahem,25.24,220-13-К/26,25.08.2026,Farmahem,< LOQ,220-13-К/26,25.08.2026,Farmahem,< LOQ,220-13-К/26,25.08.2026,Farmahem,Conforms | Одговара,iCoA-PP_26-135,17.08.2026,Purely Plant GmbH (in-house),6.91,ППК26009,21.01.2026,UKIM Faculty of Pharmacy — Center for Natural Products,1 × 10²,5/0008/26,20.01.2026,IPH — Institute of Public Health,< 10,5/0008/26,20.01.2026,IPH — Institute of Public Health,< 10² and > 10,5/0008/26,20.01.2026,IPH — Institute of Public Health,Absent | Отсутна,5/0008/26,20.01.2026,IPH — Institute of Public Health,Absent | Отсутна,5/0008/26,20.01.2026,IPH — Institute of Public Health,upon request — not required for release,—,—,—,upon request — not required for release,—,—,—,ND,220-13-М/26,11.09.2026,Farmahem,ND,220-13-М/26,11.09.2026,Farmahem,ND,220-13-М/26,11.09.2026,Farmahem,0.022,88/2026,03.02.2026,IPH — Institute of Public Health,ND,88/2026,03.02.2026,IPH — Institute of Public Health,ND,88/2026,03.02.2026,IPH — Institute of Public Health,0.007,88/2026,03.02.2026,IPH — Institute of Public Health,ND,88/2026,03.02.2026,IPH — Institute of Public Health
CoQ-PP_26-120,reissue — retest,issuable,18.09.2026,CoQ-PP_26-054 of 06.06.2026,(assigned on issue),GRC102501/2,P060182,Grapes And Cream,20.01.2026,14.03.2026,20.01.2026,14.03.2026,iCoA-PP_26-136,17.08.2026,13.08.2026,Tranche 2,9.80,220-14-К/26,II,9.00 – 10.99 %,GRC_THC10 : CBD1,QCSP_001_GRC-II_v.01,"for review — replaces the issued QCSP_001_GRC-II_v.01 (was GRC_THC22.5:CBD1, 22.50% ± 2.50%); now GRC_THC10 : CBD1 9.00 – 10.99 %",HYBRID,THC,MACHINE TRIMMED,TO BE DETERMINED,"Triplex Alu Bag | Триплекс Aлу Kеса, PET 12 · ALU 7 · PE 80, 300 × 500 mm, net. 400.0 g ±3%",11.09.2026,Conforms | Одговара,iCoA-PP_26-136,17.08.2026,Purely Plant GmbH (in-house),Conforms | Одговара,iCoA-PP_26-136,17.08.2026,Purely Plant GmbH (in-house),Conforms | Одговара,220-14-К/26,25.08.2026,Farmahem,9.80,220-14-К/26,25.08.2026,Farmahem,< LOQ,220-14-К/26,25.08.2026,Farmahem,< LOQ,220-14-К/26,25.08.2026,Farmahem,Conforms | Одговара,iCoA-PP_26-136,17.08.2026,Purely Plant GmbH (in-house),7.7,051-6-ГС/26,02.03.2026,Farmahem,2.3 × 10²,136/0233/26,06.03.2026,IPH — Institute of Public Health,1.3 × 10²,136/0233/26,06.03.2026,IPH — Institute of Public Health,< 10,136/0233/26,06.03.2026,IPH — Institute of Public Health,Absent | Отсутна,136/0233/26,06.03.2026,IPH — Institute of Public Health,Absent | Отсутна,136/0233/26,06.03.2026,IPH — Institute of Public Health,upon request — not required for release,—,—,—,upon request — not required for release,—,—,—,ND,220-14-М/26,11.09.2026,Farmahem,ND,220-14-М/26,11.09.2026,Farmahem,ND,220-14-М/26,11.09.2026,Farmahem,ND,1060/2026,09.03.2026,IPH — Institute of Public Health,ND,1060/2026,09.03.2026,IPH — Institute of Public Health,0.0013,1060/2026,09.03.2026,IPH — Institute of Public Health,ND,1060/2026,09.03.2026,IPH — Institute of Public Health,ND mg/kg — all 25 residues,1060/2026,09.03.2026,IJZ
CoQ-PP_26-121,reissue — retest,issuable,18.09.2026,CoQ-PP_26-024 of 06.06.2026,(assigned on issue),HPA052501,P050182,High Pro Amnesia,21.08.2025 – 23.08.2025,03.10.2025 – 09.10.2025,21.08.2025,03.10.2025,iCoA-PP_26-137,17.08.2026,13.08.2026,Tranche 2,19.69,220-15-К/26,II,16.20 – 19.79 %,HPA_THC18 : CBD1,QCSP_001_HPA-II_v.01,"for review — replaces the issued QCSP_001_HPA-II_v.01 (was HPA_THC20 : CBD1, 19.01 – 20.99 %); now HPA_THC18 : CBD1 16.20 – 19.79 %",SATIVA,THC,MACHINE TRIMMED,—,"Triplex Alu Bag | Триплекс Aлу Kеса, PET 12 · ALU 7 · PE 80, 300 × 500 mm, net. 400.0 g ±3%",11.09.2026,Conforms | Одговара,iCoA-PP_26-137,17.08.2026,Purely Plant GmbH (in-house),Conforms | Одговара,iCoA-PP_26-137,17.08.2026,Purely Plant GmbH (in-house),Conforms | Одговара,220-15-К/26,25.08.2026,Farmahem,19.69,220-15-К/26,25.08.2026,Farmahem,< LOQ,220-15-К/26,25.08.2026,Farmahem,< LOQ,220-15-К/26,25.08.2026,Farmahem,Conforms | Одговара,iCoA-PP_26-137,17.08.2026,Purely Plant GmbH (in-house),7.29,ППК25278,19.09.2025,UKIM Faculty of Pharmacy — Center for Natural Products,2.7 × 10⁴,948/1686/25,17.09.2025,IPH — Institute of Public Health,2.6 × 10⁴,948/1686/25,17.09.2025,IPH — Institute of Public Health,< 10,948/1686/25,17.09.2025,IPH — Institute of Public Health,Absent | Отсутна,948/1686/25,17.09.2025,IPH — Institute of Public Health,Absent | Отсутна,948/1686/25,17.09.2025,IPH — Institute of Public Health,upon request — not required for release,—,—,—,upon request — not required for release,—,—,—,ND,220-15-М/26,11.09.2026,Farmahem,ND,220-15-М/26,11.09.2026,Farmahem,ND,220-15-М/26,11.09.2026,Farmahem,0.034,4352/2025,15.09.2025,IPH — Institute of Public Health,ND,4352/2025,15.09.2025,IPH — Institute of Public Health,ND,4352/2025,15.09.2025,IPH — Institute of Public Health,ND,4352/2025,15.09.2025,IPH — Institute of Public Health,ND,4352/2025,15.09.2025,IPH — Institute of Public Health
CoQ-PP_26-122,reissue — retest,issuable,18.09.2026,CoQ-PP_26-071 of 06.06.2026,(assigned on issue),JD012603/01,P060362,Jelly Donuts,22.04.2026,23.05.2026,22.04.2026,23.05.2026,iCoA-PP_26-140,17.08.2026,13.08.2026,Tranche 2,21.01,220-16-К/26,I,19.80 – 24.19 %,JD_THC22 : CBD1,QCSP_001_JD-I_v.01,"for review — replaces the issued QCSP_001_JD-I_v.01 (was JD_THC20 : CBD1, 18.00 – 22.00 %); now JD_THC22 : CBD1 19.80 – 24.19 %",HYBRID,THC,MACHINE TRIMMED,SATIVA 60 : INDICA 40,"Triplex Alu Bag | Триплекс Aлу Kеса, PET 12 · ALU 7 · PE 80, 300 × 500 mm, net. 400.0 g ±3%",11.09.2026,Conforms | Одговара,ППК26111,30.06.2026,UKIM Faculty of Pharmacy — Center for Natural Products,Conforms | Одговара,ППК26111,30.06.2026,UKIM Faculty of Pharmacy — Center for Natural Products,Conforms | Одговара,220-16-К/26,25.08.2026,Farmahem,21.01,220-16-К/26,25.08.2026,Farmahem,< LOQ,220-16-К/26,25.08.2026,Farmahem,< LOQ,220-16-К/26,25.08.2026,Farmahem,Conforms | Одговара,iCoA-PP_26-140,17.08.2026,Purely Plant GmbH (in-house),carried from the initial testing — not tested,—,—,—,2 × 10²,365/0695/26,01.06.2026,IPH — Institute of Public Health,1 × 10²,365/0695/26,01.06.2026,IPH — Institute of Public Health,< 10,365/0695/26,01.06.2026,IPH — Institute of Public Health,Absent | Отсутна,365/0695/26,01.06.2026,IPH — Institute of Public Health,Absent | Отсутна,365/0695/26,01.06.2026,IPH — Institute of Public Health,upon request — not required for release,—,—,—,upon request — not required for release,—,—,—,ND,220-16-М/26,11.09.2026,Farmahem,ND,220-16-М/26,11.09.2026,Farmahem,ND,220-16-М/26,11.09.2026,Farmahem,carried from the initial testing — not tested,—,—,—,carried from the initial testing — not tested,—,—,—,carried from the initial testing — not tested,—,—,—,carried from the initial testing — not tested,—,—,—,carried from the initial testing — not tested,—,—,—
CoQ-PP_26-123,reissue — retest,issuable,18.09.2026,CoQ-PP_26-078 of 07.07.2026,(assigned on issue),JD012603/02,P060412,Jelly Donuts,04.05.2026,24.05.2026,04.05.2026,24.05.2026,iCoA-PP_26-138,17.08.2026,13.08.2026,Tranche 2,14.43,220-17-К/26,III,13.80 – 16.19 %,JD_THC15 : CBD1,QCSP_001_JD-III_v.01,"for review — replaces the issued QCSP_001_JD-III_v.01 (was JD_THC20:CBD1, 20.00% ± 2.00%); now JD_THC15 : CBD1 13.80 – 16.19 %",HYBRID,THC,MACHINE TRIMMED,SATIVA 60 : INDICA 40,"Triplex Alu Bag | Триплекс Aлу Kеса, PET 12 · ALU 7 · PE 80, 300 × 500 mm, net. 400.0 g ±3%",11.09.2026,Conforms | Одговара,ППК26113,30.06.2026,UKIM Faculty of Pharmacy — Center for Natural Products,Conforms | Одговара,ППК26113,30.06.2026,UKIM Faculty of Pharmacy — Center for Natural Products,Conforms | Одговара,220-17-К/26,26.08.2026,Farmahem,14.43,220-17-К/26,26.08.2026,Farmahem,< LOQ,220-17-К/26,26.08.2026,Farmahem,< LOQ,220-17-К/26,26.08.2026,Farmahem,Conforms | Одговара,ППК26113,30.06.2026,UKIM Faculty of Pharmacy — Center for Natural Products,7.52,ППК26113,30.06.2026,UKIM Faculty of Pharmacy — Center for Natural Products,6.3 × 10³,405/0788/26,24.06.2026,IPH — Institute of Public Health,4.4 × 10³,405/0788/26,24.06.2026,IPH — Institute of Public Health,< 10,405/0788/26,24.06.2026,IPH — Institute of Public Health,Absent | Отсутна,405/0788/26,24.06.2026,IPH — Institute of Public Health,Absent | Отсутна,405/0788/26,24.06.2026,IPH — Institute of Public Health,upon request — not required for release,—,—,—,upon request — not required for release,—,—,—,ND,220-17-М/26,11.09.2026,Farmahem,ND,220-17-М/26,11.09.2026,Farmahem,ND,220-17-М/26,11.09.2026,Farmahem,0.085,3660/2026,22.06.2026,IPH — Institute of Public Health,0.044,3660/2026,22.06.2026,IPH — Institute of Public Health,0.042,3660/2026,22.06.2026,IPH — Institute of Public Health,0.042,3660/2026,22.06.2026,IPH — Institute of Public Health,"< 0,01 mg/kg — all 22 residues",3660/2026,22.06.2026,IJZ
CoQ-PP_26-124,reissue — retest,issuable,18.09.2026,CoQ-PP_26-076 of 07.07.2026,(assigned on issue),JD012603/02V,P060422,Jelly Donuts,29.04.2026,23.05.2026,29.04.2026,23.05.2026,iCoA-PP_26-139,17.08.2026,13.08.2026,Tranche 2,17.09,220-18-К/26,II,16.20 – 19.79 %,JD_THC18 : CBD1,QCSP_001_JD-II_v.01,"for review — replaces the issued QCSP_001_JD-II_v.01 (was JD_THC16 : CBD1, 14.91 – 17.09 %); now JD_THC18 : CBD1 16.20 – 19.79 %",HYBRID,THC,MACHINE TRIMMED,SATIVA 60 : INDICA 40,"Triplex Alu Bag | Триплекс Aлу Kеса, PET 12 · ALU 7 · PE 80, 300 × 500 mm, net. 400.0 g ±3%",11.09.2026,Conforms | Одговара,ППК26111,30.06.2026,UKIM Faculty of Pharmacy — Center for Natural Products,Conforms | Одговара,ППК26111,30.06.2026,UKIM Faculty of Pharmacy — Center for Natural Products,Conforms | Одговара,220-18-К/26,26.08.2026,Farmahem,17.09,220-18-К/26,26.08.2026,Farmahem,< LOQ,220-18-К/26,26.08.2026,Farmahem,< LOQ,220-18-К/26,26.08.2026,Farmahem,Conforms | Одговара,ППК26111,30.06.2026,UKIM Faculty of Pharmacy — Center for Natural Products,7.04,ППК26111,30.06.2026,UKIM Faculty of Pharmacy — Center for Natural Products,5.1 × 10³,406/0789/26,24.06.2026,IPH — Institute of Public Health,4.7 × 10³,406/0789/26,24.06.2026,IPH — Institute of Public Health,< 10,406/0789/26,24.06.2026,IPH — Institute of Public Health,Absent | Отсутна,406/0789/26,24.06.2026,IPH — Institute of Public Health,Absent | Отсутна,406/0789/26,24.06.2026,IPH — Institute of Public Health,upon request — not required for release,—,—,—,upon request — not required for release,—,—,—,ND,220-18-М/26,11.09.2026,Farmahem,ND,220-18-М/26,11.09.2026,Farmahem,ND,220-18-М/26,11.09.2026,Farmahem,0.06,3662/2026,22.06.2026,IPH — Institute of Public Health,0.03,3662/2026,22.06.2026,IPH — Institute of Public Health,0.045,3662/2026,22.06.2026,IPH — Institute of Public Health,0.013,3662/2026,22.06.2026,IPH — Institute of Public Health,"< 0,01 mg/kg — all 22 residues",3662/2026,22.06.2026,IJZ
CoQ-PP_26-125,reissue — retest,issuable,18.09.2026,CoQ-PP_26-084 of 13.08.2026,(assigned on issue),JD042601,P060492,Jelly Donuts,21.07.2026,13.08.2026,—,13.08.2026,iCoA-PP_26-148,17.08.2026,14.08.2026,Tranche 2,14.89,220-30-К/26,III,13.80 – 16.19 %,JD_THC15 : CBD1,QCSP_001_JD-III_v.01,"for review — replaces the issued QCSP_001_JD-III_v.01 (was JD_THC20:CBD1, 20.00% ± 2.00%); now JD_THC15 : CBD1 13.80 – 16.19 %",HYBRID,THC,MACHINE TRIMMED,SATIVA 60 : INDICA 40,"Triplex Alu Bag | Триплекс Aлу Kеса, PET 12 · ALU 7 · PE 80, 300 × 500 mm, net. 400.0 g ±3%",11.09.2026,Conforms | Одговара,iCoA-PP_26-148,17.08.2026,Purely Plant GmbH (in-house),Conforms | Одговара,iCoA-PP_26-148,17.08.2026,Purely Plant GmbH (in-house),Conforms | Одговара,220-30-К/26,26.08.2026,Farmahem,14.89,220-30-К/26,26.08.2026,Farmahem,< LOQ,220-30-К/26,26.08.2026,Farmahem,< LOQ,220-30-К/26,26.08.2026,Farmahem,Conforms | Одговара,iCoA-PP_26-148,17.08.2026,Purely Plant GmbH (in-house),carried from the initial testing — not tested,—,—,—,carried from the initial testing — not tested,—,—,—,carried from the initial testing — not tested,—,—,—,carried from the initial testing — not tested,—,—,—,carried from the initial testing — not tested,—,—,—,carried from the initial testing — not tested,—,—,—,upon request — not required for release,—,—,—,upon request — not required for release,—,—,—,ND,220-30-М/26,11.09.2026,Farmahem,ND,220-30-М/26,11.09.2026,Farmahem,ND,220-30-М/26,11.09.2026,Farmahem,carried from the initial testing — not tested,—,—,—,carried from the initial testing — not tested,—,—,—,carried from the initial testing — not tested,—,—,—,carried from the initial testing — not tested,—,—,—,carried from the initial testing — not tested,—,—,—
CoQ-PP_26-126,reissue — retest,issuable,18.09.2026,CoQ-PP_26-053 of 06.06.2026,(assigned on issue),KC102501,P060172,Kush Crasher,20.01.2026 – 21.01.2026,12.03.2026,20.01.2026,12.03.2026,iCoA-PP_26-141,17.08.2026,13.08.2026,Tranche 2,17.06,220-19-К/26,I,16.20 – 19.79 %,KC_THC18 : CBD1,QCSP_001_KC-I_v.01,"for review — replaces the issued QCSP_001_KC-I_v.01 (was KC_THC18 : CBD1, 16.20 – 19.80 %); now KC_THC18 : CBD1 16.20 – 19.79 %",INDICA,THC,MACHINE TRIMMED,—,"Triplex Alu Bag | Триплекс Aлу Kеса, PET 12 · ALU 7 · PE 80, 300 × 500 mm, net. 400.0 g ±3%",11.09.2026,Conforms | Одговара,iCoA-PP_26-141,17.08.2026,Purely Plant GmbH (in-house),Conforms | Одговара,iCoA-PP_26-141,17.08.2026,Purely Plant GmbH (in-house),Conforms | Одговара,220-19-К/26,26.08.2026,Farmahem,17.06,220-19-К/26,26.08.2026,Farmahem,< LOQ,220-19-К/26,26.08.2026,Farmahem,< LOQ,220-19-К/26,26.08.2026,Farmahem,Conforms | Одговара,iCoA-PP_26-141,17.08.2026,Purely Plant GmbH (in-house),8.6,051-4-ГС/26,02.03.2026,Farmahem,3.8 × 10³,129/0226/26,06.03.2026,IPH — Institute of Public Health,6.8 × 10³,129/0226/26,06.03.2026,IPH — Institute of Public Health,< 10³ and > 10²,129/0226/26,06.03.2026,IPH — Institute of Public Health,Absent | Отсутна,129/0226/26,06.03.2026,IPH — Institute of Public Health,Absent | Отсутна,129/0226/26,06.03.2026,IPH — Institute of Public Health,upon request — not required for release,—,—,—,upon request — not required for release,—,—,—,ND,220-19-М/26,11.09.2026,Farmahem,ND,220-19-М/26,11.09.2026,Farmahem,ND,220-19-М/26,11.09.2026,Farmahem,ND,1058/2026,09.03.2026,IPH — Institute of Public Health,ND,1058/2026,09.03.2026,IPH — Institute of Public Health,ND,1058/2026,09.03.2026,IPH — Institute of Public Health,ND,1058/2026,09.03.2026,IPH — Institute of Public Health,ND mg/kg — all 25 residues,1058/2026,09.03.2026,IJZ
CoQ-PP_26-127,reissue — retest,issuable,18.09.2026,CoQ-PP_26-017 of 06.06.2026,CoQ-PP-2026-0039,MB0824_05,P050112,Motor Breath,08.07.2025 – 09.07.2025,25.08.2025 – 31.08.2025,08.07.2025,25.08.2025,iCoA-PP_26-142,17.08.2026,13.08.2026,Tranche 2,17.93,220-20-К/26,I,16.20 – 19.79 %,MB_THC18 : CBD1,QCSP_001_MB-I_v.01,"for review — replaces the issued QCSP_001_MB-I_v.01 (was MB_THC18 : CBD1, 16.20 – 19.80 %); now MB_THC18 : CBD1 16.20 – 19.79 %",HYBRID,THC,MACHINE TRIMMED,INDICA-DOMINANT,"Triplex Alu Bag | Триплекс Aлу Kеса, PET 12 · ALU 7 · PE 80, 300 × 500 mm, net. 400.0 g ±3%",11.09.2026,Conforms | Одговара,iCoA-PP_26-142,17.08.2026,Purely Plant GmbH (in-house),Conforms | Одговара,iCoA-PP_26-142,17.08.2026,Purely Plant GmbH (in-house),Conforms | Одговара,220-20-К/26,26.08.2026,Farmahem,17.93,220-20-К/26,26.08.2026,Farmahem,< LOQ,220-20-К/26,26.08.2026,Farmahem,< LOQ,220-20-К/26,26.08.2026,Farmahem,Conforms | Одговара,iCoA-PP_26-142,17.08.2026,Purely Plant GmbH (in-house),6.56,ППК25211,28.07.2025,UKIM Faculty of Pharmacy — Center for Natural Products,3.5 × 10³,767/1376/25,29.07.2025,IPH — Institute of Public Health,1 × 10³,767/1376/25,29.07.2025,IPH — Institute of Public Health,< 10,767/1376/25,29.07.2025,IPH — Institute of Public Health,Absent | Отсутна,767/1376/25,29.07.2025,IPH — Institute of Public Health,Absent | Отсутна,767/1376/25,29.07.2025,IPH — Institute of Public Health,upon request — not required for release,—,—,—,upon request — not required for release,—,—,—,ND,220-20-М/26,11.09.2026,Farmahem,ND,220-20-М/26,11.09.2026,Farmahem,ND,220-20-М/26,11.09.2026,Farmahem,ND,3638/2025,28.07.2025,IPH — Institute of Public Health,ND,3638/2025,28.07.2025,IPH — Institute of Public Health,0.086,3638/2025,28.07.2025,IPH — Institute of Public Health,0.006,3638/2025,28.07.2025,IPH — Institute of Public Health,ND,3638/2025,28.07.2025,IPH — Institute of Public Health
CoQ-PP_26-128,reissue — retest,issuable,18.09.2026,CoQ-PP_26-010 of 06.06.2026,CoQ-PP-2026-0033,OMP1024_01,P050042,Orange Punch Mimosa,26.03.2025 – 27.03.2025,20.06.2025,26.03.2025,20.06.2025,iCoA-PP_26-144,17.08.2026,13.08.2026,Tranche 2,18.14,220-21-К/26,II,15.40 – 18.59 %,OPM_THC17 : CBD1,QCSP_001_OPM-II_v.01,"for review — replaces the issued QCSP_001_OPM-II_v.01 (was OPM_THC18 : CBD1, 16.20 – 19.80 %); now OPM_THC17 : CBD1 15.40 – 18.59 %",INDICA,THC,MACHINE TRIMMED,—,"Triplex Alu Bag | Триплекс Aлу Kеса, PET 12 · ALU 7 · PE 80, 300 × 500 mm, net. 400.0 g ±3%",11.09.2026,Conforms | Одговара,iCoA-PP_26-144,17.08.2026,Purely Plant GmbH (in-house),Conforms | Одговара,iCoA-PP_26-144,17.08.2026,Purely Plant GmbH (in-house),Conforms | Одговара,220-21-К/26,26.08.2026,Farmahem,18.14,220-21-К/26,26.08.2026,Farmahem,< LOQ,220-21-К/26,26.08.2026,Farmahem,< LOQ,220-21-К/26,26.08.2026,Farmahem,Conforms | Одговара,iCoA-PP_26-144,17.08.2026,Purely Plant GmbH (in-house),5.86,ППК25117,06.05.2025,UKIM Faculty of Pharmacy — Center for Natural Products,< 10,2156/2025,07.05.2025,IPH — Institute of Public Health,< 10,2156/2025,07.05.2025,IPH — Institute of Public Health,< 10² and > 10,2156/2025,07.05.2025,IPH — Institute of Public Health,Absent | Отсутна,2156/2025,07.05.2025,IPH — Institute of Public Health,Absent | Отсутна,2156/2025,07.05.2025,IPH — Institute of Public Health,upon request — not required for release,—,—,—,upon request — not required for release,—,—,—,ND,220-21-М/26,11.09.2026,Farmahem,ND,220-21-М/26,11.09.2026,Farmahem,ND,220-21-М/26,11.09.2026,Farmahem,0.031,2156/2025,07.05.2025,IPH — Institute of Public Health,0.004,2156/2025,07.05.2025,IPH — Institute of Public Health,0.01,2156/2025,07.05.2025,IPH — Institute of Public Health,0.001,2156/2025,07.05.2025,IPH — Institute of Public Health,ND,2156/2025,07.05.2025,IPH — Institute of Public Health
CoQ-PP_26-129,reissue — retest,issuable,18.09.2026,CoQ-PP_26-040 of 06.06.2026,(assigned on issue),OPM092501,P060042,Orange Punch Mimosa,12.12.2025,29.01.2026,12.12.2025,29.01.2026,iCoA-PP_26-143,17.08.2026,13.08.2026,Tranche 2,10.18,220-22-К/26,IV,9.00 – 10.99 %,OPM_THC10 : CBD1,QCSP_001_OPM-IV_v.01,"for review — replaces the issued QCSP_001_OPM-IV_v.01 (was OPM_THC10 : CBD1, 9.00 – 11.00 %); now OPM_THC10 : CBD1 9.00 – 10.99 %",INDICA,THC,MACHINE TRIMMED,—,"Triplex Alu Bag | Триплекс Aлу Kеса, PET 12 · ALU 7 · PE 80, 300 × 500 mm, net. 400.0 g ±3%",11.09.2026,Conforms | Одговара,iCoA-PP_26-143,17.08.2026,Purely Plant GmbH (in-house),Conforms | Одговара,iCoA-PP_26-143,17.08.2026,Purely Plant GmbH (in-house),Conforms | Одговара,220-22-К/26,26.08.2026,Farmahem,10.18,220-22-К/26,26.08.2026,Farmahem,< LOQ,220-22-К/26,26.08.2026,Farmahem,< LOQ,220-22-К/26,26.08.2026,Farmahem,Conforms | Одговара,iCoA-PP_26-143,17.08.2026,Purely Plant GmbH (in-house),7.85,ППК26008,21.01.2026,UKIM Faculty of Pharmacy — Center for Natural Products,10,2/0005/26,20.01.2026,IPH — Institute of Public Health,10,2/0005/26,20.01.2026,IPH — Institute of Public Health,< 10² and > 10,2/0005/26,20.01.2026,IPH — Institute of Public Health,Absent | Отсутна,2/0005/26,20.01.2026,IPH — Institute of Public Health,Absent | Отсутна,2/0005/26,20.01.2026,IPH — Institute of Public Health,upon request — not required for release,—,—,—,upon request — not required for release,—,—,—,ND,220-22-М/26,11.09.2026,Farmahem,ND,220-22-М/26,11.09.2026,Farmahem,ND,220-22-М/26,11.09.2026,Farmahem,0.022,87/2026,03.02.2026,IPH — Institute of Public Health,ND,87/2026,03.02.2026,IPH — Institute of Public Health,ND,87/2026,03.02.2026,IPH — Institute of Public Health,ND,87/2026,03.02.2026,IPH — Institute of Public Health,ND,87/2026,03.02.2026,IPH — Institute of Public Health
CoQ-PP_26-130,reissue — retest,issuable,18.09.2026,CoQ-PP_26-014 of 06.06.2026,CoQ-PP-2026-0037,OPM1024_03,P050082,Orange Punch Mimosa,01.07.2025 – 02.07.2025,22.07.2025 – 30.07.2025,01.07.2025,22.07.2025,iCoA-PP_26-149,17.08.2026,14.08.2026,Tranche 2,19.30,220-23-К/26,I,18.60 – 21.39 %,OPM_THC20 : CBD1,QCSP_001_OPM-I_v.01,"for review — replaces the issued QCSP_001_OPM-I_v.01 (was OPM_THC22 : CBD1, 19.81 – 24.19 %); now OPM_THC20 : CBD1 18.60 – 21.39 %",INDICA,THC,MACHINE TRIMMED,—,"Triplex Alu Bag | Триплекс Aлу Kеса, PET 12 · ALU 7 · PE 80, 300 × 500 mm, net. 400.0 g ±3%",11.09.2026,Conforms | Одговара,iCoA-PP_26-149,17.08.2026,Purely Plant GmbH (in-house),Conforms | Одговара,iCoA-PP_26-149,17.08.2026,Purely Plant GmbH (in-house),Conforms | Одговара,220-23-К/26,26.08.2026,Farmahem,19.30,220-23-К/26,26.08.2026,Farmahem,< LOQ,220-23-К/26,26.08.2026,Farmahem,< LOQ,220-23-К/26,26.08.2026,Farmahem,Conforms | Одговара,iCoA-PP_26-149,17.08.2026,Purely Plant GmbH (in-house),6.38,ППК25210,28.07.2025,UKIM Faculty of Pharmacy — Center for Natural Products,2 × 10²,766/1375/25,29.07.2025,IPH — Institute of Public Health,3 × 10²,766/1375/25,29.07.2025,IPH — Institute of Public Health,< 10,766/1375/25,29.07.2025,IPH — Institute of Public Health,Absent | Отсутна,766/1375/25,29.07.2025,IPH — Institute of Public Health,Absent | Отсутна,766/1375/25,29.07.2025,IPH — Institute of Public Health,upon request — not required for release,—,—,—,upon request — not required for release,—,—,—,ND,220-23-М/26,11.09.2026,Farmahem,ND,220-23-М/26,11.09.2026,Farmahem,ND,220-23-М/26,11.09.2026,Farmahem,ND,3636/2025,28.07.2025,IPH — Institute of Public Health,ND,3636/2025,28.07.2025,IPH — Institute of Public Health,0.135,3636/2025,28.07.2025,IPH — Institute of Public Health,0.03,3636/2025,28.07.2025,IPH — Institute of Public Health,ND,3636/2025,28.07.2025,IPH — Institute of Public Health
CoQ-PP_26-131,reissue — retest,issuable,18.09.2026,CoQ-PP_26-059 of 06.06.2026,(assigned on issue),PM112501,P060232,Permanent Marker,05.02.2026,27.04.2026,05.02.2026,27.04.2026,iCoA-PP_26-150,17.08.2026,14.08.2026,Tranche 2,10.80,220-24-К/26,III,9.00 – 10.99 %,PM_THC10 : CBD1,QCSP_001_PM-III_v.01,"for review — replaces the issued QCSP_001_PM-III_v.01 (was PM_THC16.5:CBD1, 16.50% ± 2.50%); now PM_THC10 : CBD1 9.00 – 10.99 %",HYBRID,THC,MACHINE TRIMMED,INDICA-DOMINANT,"Triplex Alu Bag | Триплекс Aлу Kеса, PET 12 · ALU 7 · PE 80, 300 × 500 mm, net. 400.0 g ±3%",11.09.2026,Conforms | Одговара,iCoA-PP_26-150,17.08.2026,Purely Plant GmbH (in-house),Conforms | Одговара,iCoA-PP_26-150,17.08.2026,Purely Plant GmbH (in-house),Conforms | Одговара,220-24-К/26,26.08.2026,Farmahem,10.80,220-24-К/26,26.08.2026,Farmahem,< LOQ,220-24-К/26,26.08.2026,Farmahem,< LOQ,220-24-К/26,26.08.2026,Farmahem,Conforms | Одговара,iCoA-PP_26-150,17.08.2026,Purely Plant GmbH (in-house),8.61,ППК26030,05.03.2026,UKIM Faculty of Pharmacy — Center for Natural Products,10,135/0232/26,06.03.2026,IPH — Institute of Public Health,< 10,135/0232/26,06.03.2026,IPH — Institute of Public Health,< 10,135/0232/26,06.03.2026,IPH — Institute of Public Health,Absent | Отсутна,135/0232/26,06.03.2026,IPH — Institute of Public Health,Absent | Отсутна,135/0232/26,06.03.2026,IPH — Institute of Public Health,upon request — not required for release,—,—,—,upon request — not required for release,—,—,—,ND,220-24-М/26,11.09.2026,Farmahem,ND,220-24-М/26,11.09.2026,Farmahem,ND,220-24-М/26,11.09.2026,Farmahem,ND,1059/2026,09.03.2026,IPH — Institute of Public Health,ND,1059/2026,09.03.2026,IPH — Institute of Public Health,ND,1059/2026,09.03.2026,IPH — Institute of Public Health,ND,1059/2026,09.03.2026,IPH — Institute of Public Health,ND mg/kg — all 25 residues,1059/2026,09.03.2026,IJZ
CoQ-PP_26-132,reissue — retest,issuable,18.09.2026,CoQ-PP_26-047 of 06.06.2026,(assigned on issue),PUM102501,P060112,Pure Michigen,08.01.2026 – 09.01.2026,17.02.2026,08.01.2026,17.02.2026,iCoA-PP_26-151,17.08.2026,14.08.2026,Tranche 2,13.95,220-25-К/26,I,12.60 – 15.39 %,PUM_THC14 : CBD1,QCSP_001_PUM-I_v.01,"for review — replaces the issued QCSP_001_PUM-I_v.01 (was PUM_THC14 : CBD1, 12.60 – 15.40 %); now PUM_THC14 : CBD1 12.60 – 15.39 %",HYBRID,THC,MACHINE TRIMMED,TO BE DETERMINED,"Triplex Alu Bag | Триплекс Aлу Kеса, PET 12 · ALU 7 · PE 80, 300 × 500 mm, net. 400.0 g ±3%",11.09.2026,Conforms | Одговара,iCoA-PP_26-151,17.08.2026,Purely Plant GmbH (in-house),Conforms | Одговара,iCoA-PP_26-151,17.08.2026,Purely Plant GmbH (in-house),Conforms | Одговара,220-25-К/26,26.08.2026,Farmahem,13.95,220-25-К/26,26.08.2026,Farmahem,< LOQ,220-25-К/26,26.08.2026,Farmahem,< LOQ,220-25-К/26,26.08.2026,Farmahem,Conforms | Одговара,iCoA-PP_26-151,17.08.2026,Purely Plant GmbH (in-house),"6,4 %",031-2-ГС/26,11.02.2026,FHM,5 × 10¹,74/0117/26,09.02.2026,IPH — Institute of Public Health,5 × 10¹,74/0117/26,09.02.2026,IPH — Institute of Public Health,< 10,74/0117/26,09.02.2026,IPH — Institute of Public Health,Absent | Отсутна,74/0117/26,09.02.2026,IPH — Institute of Public Health,Absent | Отсутна,74/0117/26,09.02.2026,IPH — Institute of Public Health,upon request — not required for release,—,—,—,upon request — not required for release,—,—,—,ND,220-25-М/26,11.09.2026,Farmahem,ND,220-25-М/26,11.09.2026,Farmahem,ND,220-25-М/26,11.09.2026,Farmahem,0.078,327/2026,11.02.2026,IPH — Institute of Public Health,ND,327/2026,11.02.2026,IPH — Institute of Public Health,0.0187,327/2026,11.02.2026,IPH — Institute of Public Health,ND,327/2026,11.02.2026,IPH — Institute of Public Health,ND mg/kg — all 25 residues,327/2026,11.02.2026,IJZ
CoQ-PP_26-133,reissue — retest,issuable,18.09.2026,CoQ-PP_26-064 of 06.06.2026,(assigned on issue),SCR112501,P060282,Scrambler,25.03.2026,18.05.2026,25.03.2026,18.05.2026,iCoA-PP_26-152,17.08.2026,14.08.2026,Tranche 2,19.73,220-26-К/26,II,16.20 – 19.79 %,SCR_THC18 : CBD1,QCSP_001_SCR-II_v.01,"for review — replaces the issued QCSP_001_SCR-II_v.01 (was SCR_THC18 : CBD1, 16.20 – 19.80 %); now SCR_THC18 : CBD1 16.20 – 19.79 %",HYBRID,THC,MACHINE TRIMMED,TO BE DETERMINED,"Triplex Alu Bag | Триплекс Aлу Kеса, PET 12 · ALU 7 · PE 80, 300 × 500 mm, net. 400.0 g ±3%",11.09.2026,Conforms | Одговара,iCoA-PP_26-152,17.08.2026,Purely Plant GmbH (in-house),Conforms | Одговара,iCoA-PP_26-152,17.08.2026,Purely Plant GmbH (in-house),Conforms | Одговара,220-26-К/26,26.08.2026,Farmahem,19.73,220-26-К/26,26.08.2026,Farmahem,< LOQ,220-26-К/26,26.08.2026,Farmahem,< LOQ,220-26-К/26,26.08.2026,Farmahem,Conforms | Одговара,iCoA-PP_26-152,17.08.2026,Purely Plant GmbH (in-house),6.84,ППК26069,11.05.2026,UKIM Faculty of Pharmacy — Center for Natural Products,"2,3 × 10³",305/0549/26,28.04.2026,IPH — Institute of Public Health,"4,3 × 10³",305/0549/26,28.04.2026,IPH — Institute of Public Health,< 10³ and > 10²,305/0549/26,28.04.2026,IPH — Institute of Public Health,Absent | Отсутна,305/0549/26,28.04.2026,IPH — Institute of Public Health,Absent | Отсутна,305/0549/26,28.04.2026,IPH — Institute of Public Health,upon request — not required for release,—,—,—,upon request — not required for release,—,—,—,ND,220-26-М/26,11.09.2026,Farmahem,ND,220-26-М/26,11.09.2026,Farmahem,ND,220-26-М/26,11.09.2026,Farmahem,0.0299,2360/2026,29.04.2026,IPH — Institute of Public Health,0.0136,2360/2026,29.04.2026,IPH — Institute of Public Health,0.0154,2360/2026,29.04.2026,IPH — Institute of Public Health,0.017,2360/2026,29.04.2026,IPH — Institute of Public Health,ND,2360/2026,29.04.2026,IPH — Institute of Public Health
CoQ-PP_26-134,reissue — retest,issuable,18.09.2026,CoQ-PP_26-044 of 06.06.2026,(assigned on issue),SJ092501,P060082,Sleepy Joe,11.12.2025 – 12.12.2025,02.02.2026,11.12.2025,02.02.2026,iCoA-PP_26-153,17.08.2026,14.08.2026,Tranche 2,10.39,220-27-К/26,II,9.00 – 10.99 %,SJ_THC10 : CBD1,QCSP_001_SJ-II_v.01,"for review — replaces the issued QCSP_001_SJ-II_v.01 (was SJ_THC10 : CBD1, 9.00 – 11.00 %); now SJ_THC10 : CBD1 9.00 – 10.99 %",HYBRID,THC,MACHINE TRIMMED,TO BE DETERMINED,"Triplex Alu Bag | Триплекс Aлу Kеса, PET 12 · ALU 7 · PE 80, 300 × 500 mm, net. 400.0 g ±3%",11.09.2026,Conforms | Одговара,iCoA-PP_26-153,17.08.2026,Purely Plant GmbH (in-house),Conforms | Одговара,iCoA-PP_26-153,17.08.2026,Purely Plant GmbH (in-house),Conforms | Одговара,220-27-К/26,26.08.2026,Farmahem,10.39,220-27-К/26,26.08.2026,Farmahem,< LOQ,220-27-К/26,26.08.2026,Farmahem,< LOQ,220-27-К/26,26.08.2026,Farmahem,Conforms | Одговара,iCoA-PP_26-153,17.08.2026,Purely Plant GmbH (in-house),8.68,ППК26006,21.01.2026,UKIM Faculty of Pharmacy — Center for Natural Products,< 10,9/0012/26,20.01.2026,IPH — Institute of Public Health,< 10,9/0012/26,20.01.2026,IPH — Institute of Public Health,< 10,9/0012/26,20.01.2026,IPH — Institute of Public Health,Absent | Отсутна,9/0012/26,20.01.2026,IPH — Institute of Public Health,Absent | Отсутна,9/0012/26,20.01.2026,IPH — Institute of Public Health,upon request — not required for release,—,—,—,upon request — not required for release,—,—,—,ND,220-27-М/26,11.09.2026,Farmahem,ND,220-27-М/26,11.09.2026,Farmahem,ND,220-27-М/26,11.09.2026,Farmahem,0.08,85/2026,02.02.2026,IPH — Institute of Public Health,ND,85/2026,02.02.2026,IPH — Institute of Public Health,ND,85/2026,02.02.2026,IPH — Institute of Public Health,0.003,85/2026,02.02.2026,IPH — Institute of Public Health,ND,85/2026,02.02.2026,IPH — Institute of Public Health
CoQ-PP_26-135,reissue — retest,issuable,18.09.2026,CoQ-PP_26-037 of 06.06.2026,(assigned on issue),WC082501,P060012,Wedding Crusher,09.12.2025,13.01.2026 – 14.01.2026,09.12.2025,13.01.2026,iCoA-PP_26-154,17.08.2026,14.08.2026,Tranche 2,23.48,220-28-К/26,I,23.40 – 28.59 %,WC_THC26 : CBD1,QCSP_001_WC-I_v.01,"for review — replaces the issued QCSP_001_WC-I_v.01 (was WC_THC22 : CBD1, 19.80 – 24.20 %); now WC_THC26 : CBD1 23.40 – 28.59 %",HYBRID,THC,MACHINE TRIMMED,TO BE DETERMINED,"Triplex Alu Bag | Триплекс Aлу Kеса, PET 12 · ALU 7 · PE 80, 300 × 500 mm, net. 400.0 g ±3%",11.09.2026,Conforms | Одговара,iCoA-PP_26-154,17.08.2026,Purely Plant GmbH (in-house),Conforms | Одговара,iCoA-PP_26-154,17.08.2026,Purely Plant GmbH (in-house),Conforms | Одговара,220-28-К/26,26.08.2026,Farmahem,23.48,220-28-К/26,26.08.2026,Farmahem,< LOQ,220-28-К/26,26.08.2026,Farmahem,< LOQ,220-28-К/26,26.08.2026,Farmahem,Conforms | Одговара,iCoA-PP_26-154,17.08.2026,Purely Plant GmbH (in-house),7.50,ППК26001,21.01.2026,UKIM Faculty of Pharmacy — Center for Natural Products,10,3/0006/26,20.01.2026,IPH — Institute of Public Health,30,3/0006/26,20.01.2026,IPH — Institute of Public Health,< 10,3/0006/26,20.01.2026,IPH — Institute of Public Health,Absent | Отсутна,3/0006/26,20.01.2026,IPH — Institute of Public Health,Absent | Отсутна,3/0006/26,20.01.2026,IPH — Institute of Public Health,upon request — not required for release,—,—,—,upon request — not required for release,—,—,—,ND,220-28-М/26,11.09.2026,Farmahem,ND,220-28-М/26,11.09.2026,Farmahem,ND,220-28-М/26,11.09.2026,Farmahem,ND,80/2026,02.02.2026,IPH — Institute of Public Health,ND,80/2026,02.02.2026,IPH — Institute of Public Health,ND,80/2026,02.02.2026,IPH — Institute of Public Health,ND,80/2026,02.02.2026,IPH — Institute of Public Health,ND,80/2026,02.02.2026,IPH — Institute of Public Health
CoQ-PP_26-136,reissue — retest,"allocated — code reserved, date provisional",21.09.2026,CoQ-PP_26-041 of 06.06.2026,(assigned on issue),AB092501,P060052,Apple and Banana,11.12.2025,30.01.2026,—,—,iCoA-PP_26-175,24.08.2026,21.08.2026,Tranche 3,22.97,227-30-К/26,I,19.80 – 24.19 %,AB_THC22 : CBD1,QCSP_001_AB-I_v.01,"for review — replaces the issued QCSP_001_AB-I_v.01 (was AB_THC27.5:CBD1, 27.50% ± 2.50%); now AB_THC22 : CBD1 19.80 – 24.19 %",HYBRID,THC,MACHINE TRIMMED,TO BE DETERMINED,"Triplex Alu Bag | Триплекс Aлу Kеса, PET 12 · ALU 7 · PE 80, 300 × 500 mm, net. 400.0 g ±3%",16.09.2026,Conforms | Одговара,iCoA-PP_26-175,24.08.2026,Purely Plant GmbH (in-house),Conforms | Одговара,iCoA-PP_26-175,24.08.2026,Purely Plant GmbH (in-house),Conforms | Одговара,227-30-К/26,11.09.2026,Farmahem,22.97,227-30-К/26,11.09.2026,Farmahem,< LOQ,227-30-К/26,11.09.2026,Farmahem,< LOQ,227-30-К/26,11.09.2026,Farmahem,Conforms | Одговара,iCoA-PP_26-175,24.08.2026,Purely Plant GmbH (in-house),6.77,ППК26005,21.01.2026,UKIM Faculty of Pharmacy — Center for Natural Products,< 10,552/1083/26,01.09.2026,IPH — Institute of Public Health,< 10,552/1083/26,01.09.2026,IPH — Institute of Public Health,< 10,552/1083/26,01.09.2026,IPH — Institute of Public Health,Absent | Отсутна,552/1083/26,01.09.2026,IPH — Institute of Public Health,Absent | Отсутна,552/1083/26,01.09.2026,IPH — Institute of Public Health,upon request — not required for release,—,—,—,upon request — not required for release,—,—,—,ND,227-30-М/26,16.09.2026,Farmahem,ND,227-30-М/26,16.09.2026,Farmahem,ND,227-30-М/26,16.09.2026,Farmahem,0.05,84/2026,02.02.2026,IPH — Institute of Public Health,ND,84/2026,02.02.2026,IPH — Institute of Public Health,ND,84/2026,02.02.2026,IPH — Institute of Public Health,0.003,84/2026,02.02.2026,IPH — Institute of Public Health,ND,84/2026,02.02.2026,IPH — Institute of Public Health
CoQ-PP_26-137,reissue — retest,"allocated — code reserved, date provisional",21.09.2026,CoQ-PP_26-018 of 06.06.2026,(assigned on issue),BSS1024_01,P050122,Blue Sunset Sherbet,04.06.2025 – 05.06.2025,01.09.2025 – 09.09.2025,—,—,iCoA-PP_26-176,24.08.2026,21.08.2026,Tranche 3,26.10,227-29-К/26,I,26.07 – 29.92 %,BSS_THC28 : CBD1,QCSP_001_BSS-I_v.01,"for review — replaces the issued QCSP_001_BSS-I_v.01 (was BSS_THC24 : CBD1, 22.01 – 25.99 %); now BSS_THC28 : CBD1 26.07 – 29.92 %",INDICA,THC,MACHINE TRIMMED,—,"Triplex Alu Bag | Триплекс Aлу Kеса, PET 12 · ALU 7 · PE 80, 300 × 500 mm, net. 400.0 g ±3%",16.09.2026,Conforms | Одговара,iCoA-PP_26-176,24.08.2026,Purely Plant GmbH (in-house),Conforms | Одговара,iCoA-PP_26-176,24.08.2026,Purely Plant GmbH (in-house),Conforms | Одговара,227-29-К/26,11.09.2026,Farmahem,26.10,227-29-К/26,11.09.2026,Farmahem,< LOQ,227-29-К/26,11.09.2026,Farmahem,0.20,227-29-К/26,11.09.2026,Farmahem,Conforms | Одговара,iCoA-PP_26-176,24.08.2026,Purely Plant GmbH (in-house),6.38,ППК25176,10.07.2025,UKIM Faculty of Pharmacy — Center for Natural Products,10,561/1092/26,01.09.2026,IPH — Institute of Public Health,20,561/1092/26,01.09.2026,IPH — Institute of Public Health,< 10,561/1092/26,01.09.2026,IPH — Institute of Public Health,Absent | Отсутна,561/1092/26,01.09.2026,IPH — Institute of Public Health,Absent | Отсутна,561/1092/26,01.09.2026,IPH — Institute of Public Health,upon request — not required for release,—,—,—,upon request — not required for release,—,—,—,ND,227-29-М/26,16.09.2026,Farmahem,ND,227-29-М/26,16.09.2026,Farmahem,ND,227-29-М/26,16.09.2026,Farmahem,ND,3177/2025,26.06.2025,IPH — Institute of Public Health,ND,3177/2025,26.06.2025,IPH — Institute of Public Health,0.112,3177/2025,26.06.2025,IPH — Institute of Public Health,ND,3177/2025,26.06.2025,IPH — Institute of Public Health,ND,3177/2025,26.06.2025,IPH — Institute of Public Health
CoQ-PP_26-138,reissue — retest,"allocated — code reserved, date provisional",21.09.2026,CoQ-PP_26-021 of 06.06.2026,(assigned on issue),BSS1024_01/2,P050142,Blue Sunset Sherbet,0,30.09.2025,—,30.09.2025,iCoA-PP_26-155,24.08.2026,19.08.2026,Tranche 3,26.69,227-1-К/26,I,26.07 – 29.92 %,BSS_THC28 : CBD1,QCSP_001_BSS-I_v.01,"for review — replaces the issued QCSP_001_BSS-I_v.01 (was BSS_THC24 : CBD1, 22.01 – 25.99 %); now BSS_THC28 : CBD1 26.07 – 29.92 %",INDICA,THC,MACHINE TRIMMED,—,"Triplex Alu Bag | Триплекс Aлу Kеса, PET 12 · ALU 7 · PE 80, 300 × 500 mm, net. 400.0 g ±3%",11.09.2026,Conforms | Одговара,iCoA-PP_26-155,24.08.2026,Purely Plant GmbH (in-house),Conforms | Одговара,iCoA-PP_26-155,24.08.2026,Purely Plant GmbH (in-house),Conforms | Одговара,227-1-К/26,11.09.2026,Farmahem,26.69,227-1-К/26,11.09.2026,Farmahem,< LOQ,227-1-К/26,11.09.2026,Farmahem,< LOQ,227-1-К/26,11.09.2026,Farmahem,Conforms | Одговара,iCoA-PP_26-155,24.08.2026,Purely Plant GmbH (in-house),carried from the initial testing — not tested,—,—,—,< 10,559/1090/26,01.09.2026,IPH — Institute of Public Health,< 10,559/1090/26,01.09.2026,IPH — Institute of Public Health,< 10,559/1090/26,01.09.2026,IPH — Institute of Public Health,Absent | Отсутна,559/1090/26,01.09.2026,IPH — Institute of Public Health,Absent | Отсутна,559/1090/26,01.09.2026,IPH — Institute of Public Health,upon request — not required for release,—,—,—,upon request — not required for release,—,—,—,ND,227-1-М/26,16.09.2026,Farmahem,ND,227-1-М/26,16.09.2026,Farmahem,ND,227-1-М/26,16.09.2026,Farmahem,carried from the initial testing — not tested,—,—,—,carried from the initial testing — not tested,—,—,—,carried from the initial testing — not tested,—,—,—,carried from the initial testing — not tested,—,—,—,carried from the initial testing — not tested,—,—,—
CoQ-PP_26-139,reissue — retest,"allocated — code reserved, date provisional",21.09.2026,CoQ-PP_26-063 of 06.06.2026,(assigned on issue),CC112501,— no P lot assigned —,Cash Cow,25.03.2026,18.05.2026,—,—,iCoA-PP_26-177,24.08.2026,21.08.2026,Tranche 3,16.36,227-25-К/26,I,15.35 – 18.64 %,CC_THC17 : CBD1,QCSP_001_CC-I_v.01,"for review — replaces the issued QCSP_001_CC-I_v.01 (was CC_THC28:CBD1, 28.00% ± 2.25%); now CC_THC17 : CBD1 15.35 – 18.64 %",HYBRID,THC,MACHINE TRIMMED,INDICA 70 : SATIVA 30,"Triplex Alu Bag | Триплекс Aлу Kеса, PET 12 · ALU 7 · PE 80, 300 × 500 mm, net. 400.0 g ±3%",16.09.2026,Conforms | Одговара,iCoA-PP_26-177,24.08.2026,Purely Plant GmbH (in-house),Conforms | Одговара,iCoA-PP_26-177,24.08.2026,Purely Plant GmbH (in-house),Conforms | Одговара,227-25-К/26,11.09.2026,Farmahem,16.36,227-25-К/26,11.09.2026,Farmahem,< LOQ,227-25-К/26,11.09.2026,Farmahem,< LOQ,227-25-К/26,11.09.2026,Farmahem,Conforms | Одговара,iCoA-PP_26-177,24.08.2026,Purely Plant GmbH (in-house),7.39,ППК26068,11.05.2026,UKIM Faculty of Pharmacy — Center for Natural Products,"1,6 × 10³",543/1074/26,31.08.2026,IPH — Institute of Public Health,1 × 10³,543/1074/26,31.08.2026,IPH — Institute of Public Health,< 10³ and > 10²,543/1074/26,31.08.2026,IPH — Institute of Public Health,Absent | Отсутна,543/1074/26,31.08.2026,IPH — Institute of Public Health,Absent | Отсутна,543/1074/26,31.08.2026,IPH — Institute of Public Health,upon request — not required for release,—,—,—,upon request — not required for release,—,—,—,ND,227-25-М/26,16.09.2026,Farmahem,ND,227-25-М/26,16.09.2026,Farmahem,ND,227-25-М/26,16.09.2026,Farmahem,0.0289,2359/2026,29.04.2026,IPH — Institute of Public Health,0.0119,2359/2026,29.04.2026,IPH — Institute of Public Health,0.016,2359/2026,29.04.2026,IPH — Institute of Public Health,0.0102,2359/2026,29.04.2026,IPH — Institute of Public Health,ND,2359/2026,29.04.2026,IPH — Institute of Public Health
CoQ-PP_26-140,reissue — retest,"allocated — code reserved, date provisional",21.09.2026,CoQ-PP_26-023 of 06.06.2026,(assigned on issue),CJ052501-2,P050172,Cap Junky,20.08.2025,01.10.2025 – 02.10.2025,—,—,iCoA-PP_26-178,24.08.2026,21.08.2026,Tranche 3,21.30,227-28-К/26,III,18.40 – 21.59 %,CJ_THC20 : CBD1,QCSP_001_CJ-III_v.01,"for review — replaces the issued QCSP_001_CJ-III_v.01 (was CJ_THC24 : CBD1, 23.00 – 25.00 %); now CJ_THC20 : CBD1 18.40 – 21.59 %",HYBRID,THC,MACHINE TRIMMED,INDICA 60 : SATIVA 40,"Triplex Alu Bag | Триплекс Aлу Kеса, PET 12 · ALU 7 · PE 80, 300 × 500 mm, net. 400.0 g ±3%",16.09.2026,Conforms | Одговара,iCoA-PP_26-178,24.08.2026,Purely Plant GmbH (in-house),Conforms | Одговара,iCoA-PP_26-178,24.08.2026,Purely Plant GmbH (in-house),Conforms | Одговара,227-28-К/26,11.09.2026,Farmahem,21.30,227-28-К/26,11.09.2026,Farmahem,< LOQ,227-28-К/26,11.09.2026,Farmahem,< LOQ,227-28-К/26,11.09.2026,Farmahem,Conforms | Одговара,iCoA-PP_26-178,24.08.2026,Purely Plant GmbH (in-house),6.63,ППК25281,17.09.2025,UKIM Faculty of Pharmacy — Center for Natural Products,< 10,558/1089/26,01.09.2026,IPH — Institute of Public Health,< 10,558/1089/26,01.09.2026,IPH — Institute of Public Health,< 10,558/1089/26,01.09.2026,IPH — Institute of Public Health,Absent | Отсутна,558/1089/26,01.09.2026,IPH — Institute of Public Health,Absent | Отсутна,558/1089/26,01.09.2026,IPH — Institute of Public Health,upon request — not required for release,—,—,—,upon request — not required for release,—,—,—,ND,227-28-М/26,16.09.2026,Farmahem,ND,227-28-М/26,16.09.2026,Farmahem,ND,227-28-М/26,16.09.2026,Farmahem,0.02,4349/2025,15.09.2025,IPH — Institute of Public Health,ND,4349/2025,15.09.2025,IPH — Institute of Public Health,0.042,4349/2025,15.09.2025,IPH — Institute of Public Health,ND,4349/2025,15.09.2025,IPH — Institute of Public Health,ND,4349/2025,15.09.2025,IPH — Institute of Public Health
CoQ-PP_26-141,reissue — retest,"allocated — code reserved, date provisional",21.09.2026,CoQ-PP_26-029 of 06.06.2026,(assigned on issue),CJ072501,P050252,Cap Junky,27.10.2025,27.11.2025 – 28.11.2025,—,—,iCoA-PP_26-179,24.08.2026,21.08.2026,Tranche 3,28.18,227-27-К/26,I,26.40 – 29.59 %,CJ_THC28 : CBD1,QCSP_001_CJ-I_v.01,"for review — replaces the issued QCSP_001_CJ-I_v.01 (was CJ_THC28 : CBD1, 27.00 – 29.00 %); now CJ_THC28 : CBD1 26.40 – 29.59 %",HYBRID,THC,MACHINE TRIMMED,INDICA 60 : SATIVA 40,"Triplex Alu Bag | Триплекс Aлу Kеса, PET 12 · ALU 7 · PE 80, 300 × 500 mm, net. 400.0 g ±3%",16.09.2026,Conforms | Одговара,iCoA-PP_26-179,24.08.2026,Purely Plant GmbH (in-house),Conforms | Одговара,iCoA-PP_26-179,24.08.2026,Purely Plant GmbH (in-house),Conforms | Одговара,227-27-К/26,11.09.2026,Farmahem,28.18,227-27-К/26,11.09.2026,Farmahem,< LOQ,227-27-К/26,11.09.2026,Farmahem,< LOQ,227-27-К/26,11.09.2026,Farmahem,Conforms | Одговара,iCoA-PP_26-179,24.08.2026,Purely Plant GmbH (in-house),8.22,ППК25367,28.11.2025,UKIM Faculty of Pharmacy — Center for Natural Products,< 10,556/1087/26,01.09.2026,IPH — Institute of Public Health,< 10,556/1087/26,01.09.2026,IPH — Institute of Public Health,< 10,556/1087/26,01.09.2026,IPH — Institute of Public Health,Absent | Отсутна,556/1087/26,01.09.2026,IPH — Institute of Public Health,Absent | Отсутна,556/1087/26,01.09.2026,IPH — Institute of Public Health,upon request — not required for release,—,—,—,upon request — not required for release,—,—,—,ND,227-27-М/26,16.09.2026,Farmahem,ND,227-27-М/26,16.09.2026,Farmahem,ND,227-27-М/26,16.09.2026,Farmahem,0.013,5697/2025,02.12.2025,IPH — Institute of Public Health,0.004,5697/2025,02.12.2025,IPH — Institute of Public Health,0.011,5697/2025,02.12.2025,IPH — Institute of Public Health,0.002,5697/2025,02.12.2025,IPH — Institute of Public Health,ND,5697/2025,02.12.2025,IPH — Institute of Public Health
CoQ-PP_26-142,reissue — retest,"allocated — code reserved, date provisional",21.09.2026,CoQ-PP_26-001 of 06.06.2026,(assigned on issue),CJ1024,— no P lot assigned —,Cap Junky,20.01.2025,03.03.2025,—,—,iCoA-PP_26-180,24.08.2026,21.08.2026,Tranche 3,28.12,227-26-К/26,I,26.40 – 29.59 %,CJ_THC28 : CBD1,QCSP_001_CJ-I_v.01,"for review — replaces the issued QCSP_001_CJ-I_v.01 (was CJ_THC28 : CBD1, 27.00 – 29.00 %); now CJ_THC28 : CBD1 26.40 – 29.59 %",HYBRID,THC,MACHINE TRIMMED,INDICA 60 : SATIVA 40,"Triplex Alu Bag | Триплекс Aлу Kеса, PET 12 · ALU 7 · PE 80, 300 × 500 mm, net. 400.0 g ±3%",16.09.2026,Conforms | Одговара,iCoA-PP_26-180,24.08.2026,Purely Plant GmbH (in-house),Conforms | Одговара,iCoA-PP_26-180,24.08.2026,Purely Plant GmbH (in-house),Conforms | Одговара,227-26-К/26,11.09.2026,Farmahem,28.12,227-26-К/26,11.09.2026,Farmahem,< LOQ,227-26-К/26,11.09.2026,Farmahem,0.20,227-26-К/26,11.09.2026,Farmahem,Conforms | Одговара,iCoA-PP_26-180,24.08.2026,Purely Plant GmbH (in-house),5.91,ППК25052,26.02.2025,UKIM Faculty of Pharmacy — Center for Natural Products,< 10,565/1096/26,01.09.2026,IPH — Institute of Public Health,10,565/1096/26,01.09.2026,IPH — Institute of Public Health,< 10,565/1096/26,01.09.2026,IPH — Institute of Public Health,Absent | Отсутна,565/1096/26,01.09.2026,IPH — Institute of Public Health,Absent | Отсутна,565/1096/26,01.09.2026,IPH — Institute of Public Health,upon request — not required for release,—,—,—,upon request — not required for release,—,—,—,ND,227-26-М/26,16.09.2026,Farmahem,ND,227-26-М/26,16.09.2026,Farmahem,ND,227-26-М/26,16.09.2026,Farmahem,0.036,750/2025,27.02.2025,IPH — Institute of Public Health,0.013,750/2025,27.02.2025,IPH — Institute of Public Health,0.063,750/2025,27.02.2025,IPH — Institute of Public Health,0.006,750/2025,27.02.2025,IPH — Institute of Public Health,ND,750/2025,27.02.2025,IPH — Institute of Public Health
CoQ-PP_26-143,reissue — retest,"allocated — code reserved, date provisional",21.09.2026,CoQ-PP_26-079 of 07.07.2026,(assigned on issue),FB012603,— no P lot assigned —,Fat Bastard,04.05.2026,15.06.2026,—,—,iCoA-PP_26-181,24.08.2026,21.08.2026,Tranche 3,20.00,227-24-К/26,I,19.80 – 24.19 %,FB_THC22 : CBD1,QCSP_001_FB-I_v.01,"for review — replaces the issued QCSP_001_FB-I_v.01 (was FB_THC27.5:CBD1, 27.50% ± 2.63%); now FB_THC22 : CBD1 19.80 – 24.19 %",HYBRID,THC,MACHINE TRIMMED,BALANCED,"Triplex Alu Bag | Триплекс Aлу Kеса, PET 12 · ALU 7 · PE 80, 300 × 500 mm, net. 400.0 g ±3%",11.09.2026,Conforms | Одговара,ППК26112,30.06.2026,UKIM Faculty of Pharmacy — Center for Natural Products,Conforms | Одговара,ППК26112,30.06.2026,UKIM Faculty of Pharmacy — Center for Natural Products,Conforms | Одговара,227-24-К/26,11.09.2026,Farmahem,20.00,227-24-К/26,11.09.2026,Farmahem,0.21,227-24-К/26,11.09.2026,Farmahem,< LOQ,227-24-К/26,11.09.2026,Farmahem,Conforms | Одговара,ППК26112,30.06.2026,UKIM Faculty of Pharmacy — Center for Natural Products,7.04,ППК26112,30.06.2026,UKIM Faculty of Pharmacy — Center for Natural Products,"9,8 × 10³",537/1068/26,31.08.2026,IPH — Institute of Public Health,"2,5 × 10³",537/1068/26,31.08.2026,IPH — Institute of Public Health,< 10² and > 10,537/1068/26,31.08.2026,IPH — Institute of Public Health,Absent | Отсутна,537/1068/26,31.08.2026,IPH — Institute of Public Health,Absent | Отсутна,537/1068/26,31.08.2026,IPH — Institute of Public Health,upon request — not required for release,—,—,—,upon request — not required for release,—,—,—,ND,227-24-М/26,16.09.2026,Farmahem,ND,227-24-М/26,16.09.2026,Farmahem,ND,227-24-М/26,16.09.2026,Farmahem,carried from the initial testing — not tested,—,—,—,carried from the initial testing — not tested,—,—,—,carried from the initial testing — not tested,—,—,—,carried from the initial testing — not tested,—,—,—,carried from the initial testing — not tested,—,—,—
CoQ-PP_26-144,reissue — retest,"allocated — code reserved, date provisional",21.09.2026,CoQ-PP_26-075 of 07.07.2026,(assigned on issue),FB012603V,— no P lot assigned —,Fat Bastard,29.04.2026,23.05.2026,—,—,iCoA-PP_26-182,24.08.2026,21.08.2026,Tranche 3,19.31,227-23-К/26,II,16.20 – 19.79 %,FB_THC18 : CBD1,QCSP_001_FB-II_v.01,"for review — replaces the issued QCSP_001_FB-II_v.01 (was FB_THC18 : CBD1, 17.15 – 18.85 %); now FB_THC18 : CBD1 16.20 – 19.79 %",HYBRID,THC,MACHINE TRIMMED,BALANCED,"Triplex Alu Bag | Триплекс Aлу Kеса, PET 12 · ALU 7 · PE 80, 300 × 500 mm, net. 400.0 g ±3%",11.09.2026,Conforms | Одговара,ППК26110,30.06.2026,UKIM Faculty of Pharmacy — Center for Natural Products,Conforms | Одговара,ППК26110,30.06.2026,UKIM Faculty of Pharmacy — Center for Natural Products,Conforms | Одговара,227-23-К/26,11.09.2026,Farmahem,19.31,227-23-К/26,11.09.2026,Farmahem,< LOQ,227-23-К/26,11.09.2026,Farmahem,< LOQ,227-23-К/26,11.09.2026,Farmahem,Conforms | Одговара,ППК26110,30.06.2026,UKIM Faculty of Pharmacy — Center for Natural Products,6.36,ППК26110,30.06.2026,UKIM Faculty of Pharmacy — Center for Natural Products,"2,9 × 10³",538/1069/26,31.08.2026,IPH — Institute of Public Health,"2,5 × 10³",538/1069/26,31.08.2026,IPH — Institute of Public Health,< 10,538/1069/26,31.08.2026,IPH — Institute of Public Health,Absent | Отсутна,538/1069/26,31.08.2026,IPH — Institute of Public Health,Absent | Отсутна,538/1069/26,31.08.2026,IPH — Institute of Public Health,upon request — not required for release,—,—,—,upon request — not required for release,—,—,—,ND,227-23-М/26,16.09.2026,Farmahem,ND,227-23-М/26,16.09.2026,Farmahem,ND,227-23-М/26,16.09.2026,Farmahem,carried from the initial testing — not tested,—,—,—,carried from the initial testing — not tested,—,—,—,carried from the initial testing — not tested,—,—,—,carried from the initial testing — not tested,—,—,—,carried from the initial testing — not tested,—,—,—
CoQ-PP_26-145,reissue — retest,"allocated — code reserved, date provisional",21.09.2026,CoQ-PP_26-065 of 06.06.2026,(assigned on issue),FB112501,— no P lot assigned —,Fat Bastard,25.03.2026,19.05.2026,—,—,iCoA-PP_26-183,24.08.2026,21.08.2026,Tranche 3,18.75,227-22-К/26,II,16.20 – 19.79 %,FB_THC18 : CBD1,QCSP_001_FB-II_v.01,"for review — replaces the issued QCSP_001_FB-II_v.01 (was FB_THC18 : CBD1, 17.15 – 18.85 %); now FB_THC18 : CBD1 16.20 – 19.79 %",HYBRID,THC,MACHINE TRIMMED,BALANCED,"Triplex Alu Bag | Триплекс Aлу Kеса, PET 12 · ALU 7 · PE 80, 300 × 500 mm, net. 400.0 g ±3%",16.09.2026,Conforms | Одговара,iCoA-PP_26-183,24.08.2026,Purely Plant GmbH (in-house),Conforms | Одговара,iCoA-PP_26-183,24.08.2026,Purely Plant GmbH (in-house),Conforms | Одговара,227-22-К/26,11.09.2026,Farmahem,18.75,227-22-К/26,11.09.2026,Farmahem,< LOQ,227-22-К/26,11.09.2026,Farmahem,< LOQ,227-22-К/26,11.09.2026,Farmahem,Conforms | Одговара,iCoA-PP_26-183,24.08.2026,Purely Plant GmbH (in-house),6.09,ППК26066,11.05.2026,UKIM Faculty of Pharmacy — Center for Natural Products,3 × 10³,542/1073/26,31.08.2026,IPH — Institute of Public Health,"5,2 × 10²",542/1073/26,31.08.2026,IPH — Institute of Public Health,< 10² and > 10,542/1073/26,31.08.2026,IPH — Institute of Public Health,Absent | Отсутна,542/1073/26,31.08.2026,IPH — Institute of Public Health,Absent | Отсутна,542/1073/26,31.08.2026,IPH — Institute of Public Health,upon request — not required for release,—,—,—,upon request — not required for release,—,—,—,ND,227-22-М/26,16.09.2026,Farmahem,ND,227-22-М/26,16.09.2026,Farmahem,ND,227-22-М/26,16.09.2026,Farmahem,0.0215,2357/2026,29.04.2026,IPH — Institute of Public Health,0.0108,2357/2026,29.04.2026,IPH — Institute of Public Health,0.0199,2357/2026,29.04.2026,IPH — Institute of Public Health,0.0078,2357/2026,29.04.2026,IPH — Institute of Public Health,ND,2357/2026,29.04.2026,IPH — Institute of Public Health
CoQ-PP_26-146,reissue — retest,"allocated — code reserved, date provisional",21.09.2026,CoQ-PP_26-066 of 06.06.2026,(assigned on issue),GG012601,— no P lot assigned —,Gorilla Glue,27.03.2026,20.05.2026,—,—,iCoA-PP_26-184,24.08.2026,21.08.2026,Tranche 3,19.16,227-21-К/26,I,16.23 – 19.76 %,GG_THC18 : CBD1,QCSP_001_GG-I_v.01,"for review — replaces the issued QCSP_001_GG-I_v.01 (was GG_THC18 : CBD1, 17.01 – 18.99 %); now GG_THC18 : CBD1 16.23 – 19.76 %",INDICA,THC,MACHINE TRIMMED,—,"Triplex Alu Bag | Триплекс Aлу Kеса, PET 12 · ALU 7 · PE 80, 300 × 500 mm, net. 400.0 g ±3%",16.09.2026,Conforms | Одговара,iCoA-PP_26-184,24.08.2026,Purely Plant GmbH (in-house),Conforms | Одговара,iCoA-PP_26-184,24.08.2026,Purely Plant GmbH (in-house),Conforms | Одговара,227-21-К/26,11.09.2026,Farmahem,19.16,227-21-К/26,11.09.2026,Farmahem,< LOQ,227-21-К/26,11.09.2026,Farmahem,< LOQ,227-21-К/26,11.09.2026,Farmahem,Conforms | Одговара,iCoA-PP_26-184,24.08.2026,Purely Plant GmbH (in-house),6.13,ППК26062,11.05.2026,UKIM Faculty of Pharmacy — Center for Natural Products,"2,2 × 10³",541/1072/26,31.08.2026,IPH — Institute of Public Health,"2,1 × 10³",541/1072/26,31.08.2026,IPH — Institute of Public Health,< 10,541/1072/26,31.08.2026,IPH — Institute of Public Health,Absent | Отсутна,541/1072/26,31.08.2026,IPH — Institute of Public Health,Absent | Отсутна,541/1072/26,31.08.2026,IPH — Institute of Public Health,upon request — not required for release,—,—,—,upon request — not required for release,—,—,—,ND,227-21-М/26,16.09.2026,Farmahem,ND,227-21-М/26,16.09.2026,Farmahem,ND,227-21-М/26,16.09.2026,Farmahem,0.0227,2364/2026,30.04.2026,IPH — Institute of Public Health,0.0179,2364/2026,30.04.2026,IPH — Institute of Public Health,0.0163,2364/2026,30.04.2026,IPH — Institute of Public Health,0.031,2364/2026,30.04.2026,IPH — Institute of Public Health,ND,2364/2026,30.04.2026,IPH — Institute of Public Health
CoQ-PP_26-147,reissue — retest,"allocated — code reserved, date provisional",21.09.2026,CoQ-PP_26-008 of 06.06.2026,(assigned on issue),GG1024_02,P050012,Gorilla Glue,14.04.2025 – 15.04.2025,11.06.2025 – 16.06.2025,—,—,iCoA-PP_26-165,24.08.2026,20.08.2026,Tranche 3,17.76,227-19-К/26,I,16.23 – 19.76 %,GG_THC18 : CBD1,QCSP_001_GG-I_v.01,"for review — replaces the issued QCSP_001_GG-I_v.01 (was GG_THC18 : CBD1, 17.01 – 18.99 %); now GG_THC18 : CBD1 16.23 – 19.76 %",INDICA,THC,MACHINE TRIMMED,—,"Triplex Alu Bag | Триплекс Aлу Kеса, PET 12 · ALU 7 · PE 80, 300 × 500 mm, net. 400.0 g ±3%",16.09.2026,Conforms | Одговара,iCoA-PP_26-165,24.08.2026,Purely Plant GmbH (in-house),Conforms | Одговара,iCoA-PP_26-165,24.08.2026,Purely Plant GmbH (in-house),Conforms | Одговара,227-19-К/26,11.09.2026,Farmahem,17.76,227-19-К/26,11.09.2026,Farmahem,< LOQ,227-19-К/26,11.09.2026,Farmahem,0.26,227-19-К/26,11.09.2026,Farmahem,Conforms | Одговара,iCoA-PP_26-165,24.08.2026,Purely Plant GmbH (in-house),6.88,ППК25140,22.05.2025,UKIM Faculty of Pharmacy — Center for Natural Products,< 10,564/1095/26,01.09.2026,IPH — Institute of Public Health,< 10,564/1095/26,01.09.2026,IPH — Institute of Public Health,< 10,564/1095/26,01.09.2026,IPH — Institute of Public Health,Absent | Отсутна,564/1095/26,01.09.2026,IPH — Institute of Public Health,Absent | Отсутна,564/1095/26,01.09.2026,IPH — Institute of Public Health,upon request — not required for release,—,—,—,upon request — not required for release,—,—,—,ND,227-19-М/26,16.09.2026,Farmahem,ND,227-19-М/26,16.09.2026,Farmahem,ND,227-19-М/26,16.09.2026,Farmahem,ND,2472/2025,30.05.2025,IPH — Institute of Public Health,ND,2472/2025,30.05.2025,IPH — Institute of Public Health,ND,2472/2025,30.05.2025,IPH — Institute of Public Health,ND,2472/2025,30.05.2025,IPH — Institute of Public Health,ND,2472/2025,30.05.2025,IPH — Institute of Public Health
CoQ-PP_26-148,reissue — retest,"allocated — code reserved, date provisional",21.09.2026,CoQ-PP_26-061 of 06.06.2026,(assigned on issue),GG112501,— no P lot assigned —,Gorilla Glue,25.03.2026,05.05.2026,—,—,iCoA-PP_26-166,24.08.2026,20.08.2026,Tranche 3,18.64,227-20-К/26,I,16.23 – 19.76 %,GG_THC18 : CBD1,QCSP_001_GG-I_v.01,"for review — replaces the issued QCSP_001_GG-I_v.01 (was GG_THC18 : CBD1, 17.01 – 18.99 %); now GG_THC18 : CBD1 16.23 – 19.76 %",INDICA,THC,MACHINE TRIMMED,—,"Triplex Alu Bag | Триплекс Aлу Kеса, PET 12 · ALU 7 · PE 80, 300 × 500 mm, net. 400.0 g ±3%",16.09.2026,Conforms | Одговара,iCoA-PP_26-166,24.08.2026,Purely Plant GmbH (in-house),Conforms | Одговара,iCoA-PP_26-166,24.08.2026,Purely Plant GmbH (in-house),Conforms | Одговара,227-20-К/26,11.09.2026,Farmahem,18.64,227-20-К/26,11.09.2026,Farmahem,< LOQ,227-20-К/26,11.09.2026,Farmahem,< LOQ,227-20-К/26,11.09.2026,Farmahem,Conforms | Одговара,iCoA-PP_26-166,24.08.2026,Purely Plant GmbH (in-house),6.31,ППК26061,11.05.2026,UKIM Faculty of Pharmacy — Center for Natural Products,5 × 10³,545/1076/26,31.08.2026,IPH — Institute of Public Health,"1,1 × 10³",545/1076/26,31.08.2026,IPH — Institute of Public Health,< 10³ and > 10²,545/1076/26,31.08.2026,IPH — Institute of Public Health,Absent | Отсутна,545/1076/26,31.08.2026,IPH — Institute of Public Health,Absent | Отсутна,545/1076/26,31.08.2026,IPH — Institute of Public Health,upon request — not required for release,—,—,—,upon request — not required for release,—,—,—,ND,227-20-М/26,16.09.2026,Farmahem,ND,227-20-М/26,16.09.2026,Farmahem,ND,227-20-М/26,16.09.2026,Farmahem,0.033,2358/2026,29.04.2026,IPH — Institute of Public Health,0.0154,2358/2026,29.04.2026,IPH — Institute of Public Health,0.0272,2358/2026,29.04.2026,IPH — Institute of Public Health,0.0146,2358/2026,29.04.2026,IPH — Institute of Public Health,ND,2358/2026,29.04.2026,IPH — Institute of Public Health
CoQ-PP_26-149,reissue — retest,"allocated — code reserved, date provisional",21.09.2026,CoQ-PP_26-026 of 06.06.2026,(assigned on issue),GP062501,P050202,Grape Pie,15.09.2025 – 17.09.2025,30.10.2025 – 07.11.2025,—,—,iCoA-PP_26-167,24.08.2026,20.08.2026,Tranche 3,25.97,227-18-К/26,II,22.00 – 25.99 %,GP_THC24 : CBD1,QCSP_001_GP-II_v.01,"for review — replaces the issued QCSP_001_GP-II_v.01 (was GP_THC26 : CBD1, 25.40 – 26.60 %); now GP_THC24 : CBD1 22.00 – 25.99 %",HYBRID,THC,MACHINE TRIMMED,INDICA-DOMINANT,"Triplex Alu Bag | Триплекс Aлу Kеса, PET 12 · ALU 7 · PE 80, 300 × 500 mm, net. 400.0 g ±3%",11.09.2026,Conforms | Одговара,iCoA-PP_26-167,24.08.2026,Purely Plant GmbH (in-house),Conforms | Одговара,iCoA-PP_26-167,24.08.2026,Purely Plant GmbH (in-house),Conforms | Одговара,227-18-К/26,11.09.2026,Farmahem,25.97,227-18-К/26,11.09.2026,Farmahem,< LOQ,227-18-К/26,11.09.2026,Farmahem,< LOQ,227-18-К/26,11.09.2026,Farmahem,Conforms | Одговара,iCoA-PP_26-167,24.08.2026,Purely Plant GmbH (in-house),"8.19 (avg of 4 weighings 51-1,51-2,52-1,52-2)",iCoA-PP_26-025,03.06.2026,Purely Plant GmbH (in-house),< 10,557/1088/26,01.09.2026,IPH — Institute of Public Health,< 10,557/1088/26,01.09.2026,IPH — Institute of Public Health,< 10,557/1088/26,01.09.2026,IPH — Institute of Public Health,Absent | Отсутна,557/1088/26,01.09.2026,IPH — Institute of Public Health,Absent | Отсутна,557/1088/26,01.09.2026,IPH — Institute of Public Health,upon request — not required for release,—,—,—,upon request — not required for release,—,—,—,awaiting the Farmahem mycotoxin certificate,—,—,—,< 2,4762/2025,08.10.2025,IPH — Institute of Public Health,awaiting the Farmahem mycotoxin certificate,—,—,—,0.077,4762/2025,08.10.2025,IPH — Institute of Public Health,0.014,4762/2025,08.10.2025,IPH — Institute of Public Health,0.024,4762/2025,08.10.2025,IPH — Institute of Public Health,0.011,4762/2025,08.10.2025,IPH — Institute of Public Health,ND,4762/2025,08.10.2025,IPH — Institute of Public Health
CoQ-PP_26-150,reissue — retest,"allocated — code reserved, date provisional",21.09.2026,CoQ-PP_26-033 of 06.06.2026,(assigned on issue),GP072501-1,P050292,Grape Pie,11.11.2025 – 13.11.2025,15.12.2025 – 21.12.2025,—,—,iCoA-PP_26-168,24.08.2026,20.08.2026,Tranche 3,26.54,227-17-К/26,I,26.00 – 29.99 %,GP_THC28 : CBD1,QCSP_001_GP-I_v.01,"for review — replaces the issued QCSP_001_GP-I_v.01 (was GP_THC28 : CBD1, 26.61 – 29.39 %); now GP_THC28 : CBD1 26.00 – 29.99 %",HYBRID,THC,MACHINE TRIMMED,INDICA-DOMINANT,"Triplex Alu Bag | Триплекс Aлу Kеса, PET 12 · ALU 7 · PE 80, 300 × 500 mm, net. 400.0 g ±3%",16.09.2026,Conforms | Одговара,iCoA-PP_26-168,24.08.2026,Purely Plant GmbH (in-house),Conforms | Одговара,iCoA-PP_26-168,24.08.2026,Purely Plant GmbH (in-house),Conforms | Одговара,227-17-К/26,11.09.2026,Farmahem,26.54,227-17-К/26,11.09.2026,Farmahem,< LOQ,227-17-К/26,11.09.2026,Farmahem,< LOQ,227-17-К/26,11.09.2026,Farmahem,Conforms | Одговара,iCoA-PP_26-168,24.08.2026,Purely Plant GmbH (in-house),6.62,ППК25378,12.12.2025,UKIM Faculty of Pharmacy — Center for Natural Products,< 10,553/1084/26,01.09.2026,IPH — Institute of Public Health,< 10,553/1084/26,01.09.2026,IPH — Institute of Public Health,< 10,553/1084/26,01.09.2026,IPH — Institute of Public Health,Absent | Отсутна,553/1084/26,01.09.2026,IPH — Institute of Public Health,Absent | Отсутна,553/1084/26,01.09.2026,IPH — Institute of Public Health,upon request — not required for release,—,—,—,upon request — not required for release,—,—,—,ND,227-17-М/26,16.09.2026,Farmahem,ND,227-17-М/26,16.09.2026,Farmahem,ND,227-17-М/26,16.09.2026,Farmahem,0.028,5886/2025,12.12.2025,IPH — Institute of Public Health,0.003,5886/2025,12.12.2025,IPH — Institute of Public Health,0.03,5886/2025,12.12.2025,IPH — Institute of Public Health,0.025,5886/2025,12.12.2025,IPH — Institute of Public Health,ND,5886/2025,12.12.2025,IPH — Institute of Public Health
CoQ-PP_26-151,reissue — retest,"allocated — code reserved, date provisional",21.09.2026,CoQ-PP_26-016 of 06.06.2026,(assigned on issue),GP0824_01,P050102,Grape Pie,20.03.2025 – 21.03.2025,05.08.2025 – 07.08.2025,—,—,iCoA-PP_26-156,24.08.2026,19.08.2026,Tranche 3,28.68,227-2-К/26,I,26.00 – 29.99 %,GP_THC28 : CBD1,QCSP_001_GP-I_v.01,"for review — replaces the issued QCSP_001_GP-I_v.01 (was GP_THC28 : CBD1, 26.61 – 29.39 %); now GP_THC28 : CBD1 26.00 – 29.99 %",HYBRID,THC,MACHINE TRIMMED,INDICA-DOMINANT,"Triplex Alu Bag | Триплекс Aлу Kеса, PET 12 · ALU 7 · PE 80, 300 × 500 mm, net. 400.0 g ±3%",16.09.2026,Conforms | Одговара,iCoA-PP_26-156,24.08.2026,Purely Plant GmbH (in-house),Conforms | Одговара,iCoA-PP_26-156,24.08.2026,Purely Plant GmbH (in-house),Conforms | Одговара,227-2-К/26,11.09.2026,Farmahem,28.68,227-2-К/26,11.09.2026,Farmahem,< LOQ,227-2-К/26,11.09.2026,Farmahem,0.25,227-2-К/26,11.09.2026,Farmahem,Conforms | Одговара,iCoA-PP_26-156,24.08.2026,Purely Plant GmbH (in-house),6.73,ППК25105,17.04.2025,UKIM Faculty of Pharmacy — Center for Natural Products,< 10,562/1093/26,01.09.2026,IPH — Institute of Public Health,50,562/1093/26,01.09.2026,IPH — Institute of Public Health,< 10,562/1093/26,01.09.2026,IPH — Institute of Public Health,Absent | Отсутна,562/1093/26,01.09.2026,IPH — Institute of Public Health,Absent | Отсутна,562/1093/26,01.09.2026,IPH — Institute of Public Health,upon request — not required for release,—,—,—,upon request — not required for release,—,—,—,ND,227-2-М/26,16.09.2026,Farmahem,ND,227-2-М/26,16.09.2026,Farmahem,ND,227-2-М/26,16.09.2026,Farmahem,0.026,1767/2025,11.04.2025,IPH — Institute of Public Health,0.005,1767/2025,11.04.2025,IPH — Institute of Public Health,0.015,1767/2025,11.04.2025,IPH — Institute of Public Health,0.005,1767/2025,11.04.2025,IPH — Institute of Public Health,ND,1767/2025,11.04.2025,IPH — Institute of Public Health
CoQ-PP_26-152,reissue — retest,"allocated — code reserved, date provisional",21.09.2026,CoQ-PP_26-050 of 06.06.2026,(assigned on issue),GRC102501/1,P060142,Grapes And Cream,09.01.2026,23.02.2026,—,23.02.2026,iCoA-PP_26-169,24.08.2026,20.08.2026,Tranche 3,7.50,227-16-К/26,III,7.20 – 8.79 %,GRC_THC8 : CBD1,QCSP_001_GRC-III_v.01,"for review — replaces the issued QCSP_001_GRC-III_v.01 (was GRC_THC17.5:CBD1, 17.50% ± 2.50%); now GRC_THC8 : CBD1 7.20 – 8.79 %",HYBRID,THC,MACHINE TRIMMED,TO BE DETERMINED,"Triplex Alu Bag | Триплекс Aлу Kеса, PET 12 · ALU 7 · PE 80, 300 × 500 mm, net. 400.0 g ±3%",11.09.2026,Conforms | Одговара,iCoA-PP_26-169,24.08.2026,Purely Plant GmbH (in-house),Conforms | Одговара,iCoA-PP_26-169,24.08.2026,Purely Plant GmbH (in-house),Conforms | Одговара,227-16-К/26,11.09.2026,Farmahem,7.50,227-16-К/26,11.09.2026,Farmahem,< LOQ,227-16-К/26,11.09.2026,Farmahem,< LOQ,227-16-К/26,11.09.2026,Farmahem,Conforms | Одговара,iCoA-PP_26-169,24.08.2026,Purely Plant GmbH (in-house),carried from the initial testing — not tested,—,—,—,10,550/1081/26,01.09.2026,IPH — Institute of Public Health,< 10,550/1081/26,01.09.2026,IPH — Institute of Public Health,< 10,550/1081/26,01.09.2026,IPH — Institute of Public Health,Absent | Отсутна,550/1081/26,01.09.2026,IPH — Institute of Public Health,Absent | Отсутна,550/1081/26,01.09.2026,IPH — Institute of Public Health,upon request — not required for release,—,—,—,upon request — not required for release,—,—,—,ND,227-16-М/26,16.09.2026,Farmahem,ND,227-16-М/26,16.09.2026,Farmahem,ND,227-16-М/26,16.09.2026,Farmahem,carried from the initial testing — not tested,—,—,—,carried from the initial testing — not tested,—,—,—,carried from the initial testing — not tested,—,—,—,carried from the initial testing — not tested,—,—,—,carried from the initial testing — not tested,—,—,—
CoQ-PP_26-153,reissue — retest,"allocated — code reserved, date provisional",21.09.2026,CoQ-PP_26-056 of 06.06.2026,(assigned on issue),J31112501,— no P lot assigned —,Jokerz 31,26.01.2026,17.04.2026,—,—,iCoA-PP_26-170,24.08.2026,20.08.2026,Tranche 3,23.85,227-14-К/26,II,19.80 – 24.19 %,J31_THC22 : CBD1,QCSP_001_J31-II_v.01,"for review — replaces the issued QCSP_001_J31-II_v.01 (was J31_THC18 : CBD1, 16.20 – 19.80 %); now J31_THC22 : CBD1 19.80 – 24.19 %",HYBRID,THC,MACHINE TRIMMED,INDICA 70 : SATIVA 30,"Triplex Alu Bag | Триплекс Aлу Kеса, PET 12 · ALU 7 · PE 80, 300 × 500 mm, net. 400.0 g ±3%",11.09.2026,Conforms | Одговара,iCoA-PP_26-170,24.08.2026,Purely Plant GmbH (in-house),Conforms | Одговара,iCoA-PP_26-170,24.08.2026,Purely Plant GmbH (in-house),Conforms | Одговара,227-14-К/26,11.09.2026,Farmahem,23.85,227-14-К/26,11.09.2026,Farmahem,< LOQ,227-14-К/26,11.09.2026,Farmahem,< LOQ,227-14-К/26,11.09.2026,Farmahem,Conforms | Одговара,iCoA-PP_26-170,24.08.2026,Purely Plant GmbH (in-house),8.4,051-5-ГС/26,02.03.2026,Farmahem,"4,4 × 10²",547/1078/26,31.08.2026,IPH — Institute of Public Health,"8,6 × 10²",547/1078/26,31.08.2026,IPH — Institute of Public Health,< 10² and > 10,547/1078/26,31.08.2026,IPH — Institute of Public Health,Absent | Отсутна,547/1078/26,31.08.2026,IPH — Institute of Public Health,Absent | Отсутна,547/1078/26,31.08.2026,IPH — Institute of Public Health,upon request — not required for release,—,—,—,upon request — not required for release,—,—,—,ND,227-14-М/26,16.09.2026,Farmahem,ND,227-14-М/26,16.09.2026,Farmahem,ND,227-14-М/26,16.09.2026,Farmahem,carried from the initial testing — not tested,—,—,—,carried from the initial testing — not tested,—,—,—,carried from the initial testing — not tested,—,—,—,carried from the initial testing — not tested,—,—,—,carried from the initial testing — not tested,—,—,—
CoQ-PP_26-154,reissue — retest,"allocated — code reserved, date provisional",21.09.2026,CoQ-PP_26-062 of 06.06.2026,(assigned on issue),J31122501,— no P lot assigned —,Jokerz 31,04.03.2026,14.05.2026,—,—,iCoA-PP_26-171,24.08.2026,20.08.2026,Tranche 3,24.48,227-13-К/26,I,24.20 – 27.79 %,J31_THC26 : CBD1,QCSP_001_J31-I_v.01,"for review — replaces the issued QCSP_001_J31-I_v.01 (was J31_THC27:CBD1, 27.00% ± 3.25%); now J31_THC26 : CBD1 24.20 – 27.79 %",HYBRID,THC,MACHINE TRIMMED,INDICA 70 : SATIVA 30,"Triplex Alu Bag | Триплекс Aлу Kеса, PET 12 · ALU 7 · PE 80, 300 × 500 mm, net. 400.0 g ±3%",16.09.2026,Conforms | Одговара,iCoA-PP_26-171,24.08.2026,Purely Plant GmbH (in-house),Conforms | Одговара,iCoA-PP_26-171,24.08.2026,Purely Plant GmbH (in-house),Conforms | Одговара,227-13-К/26,11.09.2026,Farmahem,24.48,227-13-К/26,11.09.2026,Farmahem,< LOQ,227-13-К/26,11.09.2026,Farmahem,< LOQ,227-13-К/26,11.09.2026,Farmahem,Conforms | Одговара,iCoA-PP_26-171,24.08.2026,Purely Plant GmbH (in-house),10.3,100-2-ГС/26,09.04.2026,Farmahem,1 × 10³,544/1075/26,31.08.2026,IPH — Institute of Public Health,"1,7 × 10²",544/1075/26,31.08.2026,IPH — Institute of Public Health,< 10³ and > 10²,544/1075/26,31.08.2026,IPH — Institute of Public Health,Absent | Отсутна,544/1075/26,31.08.2026,IPH — Institute of Public Health,Absent | Отсутна,544/1075/26,31.08.2026,IPH — Institute of Public Health,upon request — not required for release,—,—,—,upon request — not required for release,—,—,—,ND,227-13-М/26,16.09.2026,Farmahem,ND,227-13-М/26,16.09.2026,Farmahem,ND,227-13-М/26,16.09.2026,Farmahem,ND,1628/2026,23.04.2026,IPH — Institute of Public Health,ND,1628/2026,23.04.2026,IPH — Institute of Public Health,ND,1628/2026,23.04.2026,IPH — Institute of Public Health,ND,1628/2026,23.04.2026,IPH — Institute of Public Health,ND,1628/2026,23.04.2026,IPH — Institute of Public Health
CoQ-PP_26-155,reissue — retest,"allocated — code reserved, date provisional",21.09.2026,CoQ-PP_26-067 of 06.06.2026,(assigned on issue),JD012601,— no P lot assigned —,Jelly Donuts,27.03.2026,21.05.2026,—,—,iCoA-PP_26-172,24.08.2026,20.08.2026,Tranche 3,19.99,227-15-К/26,I,19.80 – 24.19 %,JD_THC22 : CBD1,QCSP_001_JD-I_v.01,"for review — replaces the issued QCSP_001_JD-I_v.01 (was JD_THC20 : CBD1, 18.00 – 22.00 %); now JD_THC22 : CBD1 19.80 – 24.19 %",HYBRID,THC,MACHINE TRIMMED,SATIVA 60 : INDICA 40,"Triplex Alu Bag | Триплекс Aлу Kеса, PET 12 · ALU 7 · PE 80, 300 × 500 mm, net. 400.0 g ±3%",16.09.2026,Conforms | Одговара,iCoA-PP_26-172,24.08.2026,Purely Plant GmbH (in-house),Conforms | Одговара,iCoA-PP_26-172,24.08.2026,Purely Plant GmbH (in-house),Conforms | Одговара,227-15-К/26,11.09.2026,Farmahem,19.99,227-15-К/26,11.09.2026,Farmahem,< LOQ,227-15-К/26,11.09.2026,Farmahem,< LOQ,227-15-К/26,11.09.2026,Farmahem,Conforms | Одговара,iCoA-PP_26-172,24.08.2026,Purely Plant GmbH (in-house),6.68,ППК26064,11.05.2026,UKIM Faculty of Pharmacy — Center for Natural Products,"2,2 × 10³",540/1071/26,31.08.2026,IPH — Institute of Public Health,"1,7 × 10³",540/1071/26,31.08.2026,IPH — Institute of Public Health,< 10,540/1071/26,31.08.2026,IPH — Institute of Public Health,Absent | Отсутна,540/1071/26,31.08.2026,IPH — Institute of Public Health,Absent | Отсутна,540/1071/26,31.08.2026,IPH — Institute of Public Health,upon request — not required for release,—,—,—,upon request — not required for release,—,—,—,ND,227-15-М/26,16.09.2026,Farmahem,ND,227-15-М/26,16.09.2026,Farmahem,ND,227-15-М/26,16.09.2026,Farmahem,0.0739,2363/2026,30.04.2026,IPH — Institute of Public Health,0.0166,2363/2026,30.04.2026,IPH — Institute of Public Health,0.0136,2363/2026,30.04.2026,IPH — Institute of Public Health,0.0322,2363/2026,30.04.2026,IPH — Institute of Public Health,ND,2363/2026,30.04.2026,IPH — Institute of Public Health
CoQ-PP_26-156,reissue — retest,"allocated — code reserved, date provisional",21.09.2026,CoQ-PP_26-009 of 06.06.2026,(assigned on issue),MB0824_04,P050032,Motor Breath,02.04.2025 – 03.04.2025,16.06.2025 – 19.06.2025,—,—,iCoA-PP_26-173,24.08.2026,20.08.2026,Tranche 3,17.57,227-12-К/26,I,16.20 – 19.79 %,MB_THC18 : CBD1,QCSP_001_MB-I_v.01,"for review — replaces the issued QCSP_001_MB-I_v.01 (was MB_THC18 : CBD1, 16.20 – 19.80 %); now MB_THC18 : CBD1 16.20 – 19.79 %",HYBRID,THC,MACHINE TRIMMED,INDICA-DOMINANT,"Triplex Alu Bag | Триплекс Aлу Kеса, PET 12 · ALU 7 · PE 80, 300 × 500 mm, net. 400.0 g ±3%",16.09.2026,Conforms | Одговара,iCoA-PP_26-173,24.08.2026,Purely Plant GmbH (in-house),Conforms | Одговара,iCoA-PP_26-173,24.08.2026,Purely Plant GmbH (in-house),Conforms | Одговара,227-12-К/26,11.09.2026,Farmahem,17.57,227-12-К/26,11.09.2026,Farmahem,< LOQ,227-12-К/26,11.09.2026,Farmahem,< LOQ,227-12-К/26,11.09.2026,Farmahem,Conforms | Одговара,iCoA-PP_26-173,24.08.2026,Purely Plant GmbH (in-house),6.01,ППК25118,06.05.2025,UKIM Faculty of Pharmacy — Center for Natural Products,< 10,563/1094/26,01.09.2026,IPH — Institute of Public Health,< 10,563/1094/26,01.09.2026,IPH — Institute of Public Health,< 10,563/1094/26,01.09.2026,IPH — Institute of Public Health,Absent | Отсутна,563/1094/26,01.09.2026,IPH — Institute of Public Health,Absent | Отсутна,563/1094/26,01.09.2026,IPH — Institute of Public Health,upon request — not required for release,—,—,—,upon request — not required for release,—,—,—,ND,227-12-М/26,16.09.2026,Farmahem,ND,227-12-М/26,16.09.2026,Farmahem,ND,227-12-М/26,16.09.2026,Farmahem,0.031,2157/2025,07.05.2025,IPH — Institute of Public Health,0.005,2157/2025,07.05.2025,IPH — Institute of Public Health,0.011,2157/2025,07.05.2025,IPH — Institute of Public Health,ND,2157/2025,07.05.2025,IPH — Institute of Public Health,ND,2157/2025,07.05.2025,IPH — Institute of Public Health
CoQ-PP_26-157,reissue — retest,"allocated — code reserved, date provisional",21.09.2026,CoQ-PP_26-019 of 06.06.2026,(assigned on issue),OPM052501,P050132,Orange Punch Mimosa,11.08.2025 – 13.08.2025,09.09.2025 – 15.09.2025,—,—,iCoA-PP_26-174,24.08.2026,20.08.2026,Tranche 3,17.83,227-11-К/26,II,15.40 – 18.59 %,OPM_THC17 : CBD1,QCSP_001_OPM-II_v.01,"for review — replaces the issued QCSP_001_OPM-II_v.01 (was OPM_THC18 : CBD1, 16.20 – 19.80 %); now OPM_THC17 : CBD1 15.40 – 18.59 %",INDICA,THC,MACHINE TRIMMED,—,"Triplex Alu Bag | Триплекс Aлу Kеса, PET 12 · ALU 7 · PE 80, 300 × 500 mm, net. 400.0 g ±3%",16.09.2026,Conforms | Одговара,iCoA-PP_26-174,24.08.2026,Purely Plant GmbH (in-house),Conforms | Одговара,iCoA-PP_26-174,24.08.2026,Purely Plant GmbH (in-house),Conforms | Одговара,227-11-К/26,11.09.2026,Farmahem,17.83,227-11-К/26,11.09.2026,Farmahem,< LOQ,227-11-К/26,11.09.2026,Farmahem,< LOQ,227-11-К/26,11.09.2026,Farmahem,Conforms | Одговара,iCoA-PP_26-174,24.08.2026,Purely Plant GmbH (in-house),8.28,ППК25257,05.09.2025,UKIM Faculty of Pharmacy — Center for Natural Products,< 10,560/1091/26,01.09.2026,IPH — Institute of Public Health,< 10,560/1091/26,01.09.2026,IPH — Institute of Public Health,< 10,560/1091/26,01.09.2026,IPH — Institute of Public Health,Absent | Отсутна,560/1091/26,01.09.2026,IPH — Institute of Public Health,Absent | Отсутна,560/1091/26,01.09.2026,IPH — Institute of Public Health,upon request — not required for release,—,—,—,upon request — not required for release,—,—,—,ND,227-11-М/26,16.09.2026,Farmahem,ND,227-11-М/26,16.09.2026,Farmahem,ND,227-11-М/26,16.09.2026,Farmahem,ND,4157/2025,29.08.2025,IPH — Institute of Public Health,ND,4157/2025,29.08.2025,IPH — Institute of Public Health,ND,4157/2025,29.08.2025,IPH — Institute of Public Health,ND,4157/2025,29.08.2025,IPH — Institute of Public Health,ND,4157/2025,29.08.2025,IPH — Institute of Public Health
CoQ-PP_26-158,reissue — retest,"allocated — code reserved, date provisional",21.09.2026,CoQ-PP_26-058 of 06.06.2026,(assigned on issue),OPM112501,— no P lot assigned —,Orange Punch Mimosa,05.02.2026,24.04.2026,—,—,iCoA-PP_26-157,24.08.2026,19.08.2026,Tranche 3,9.73,227-10-К/26,IV,9.00 – 10.99 %,OPM_THC10 : CBD1,QCSP_001_OPM-IV_v.01,"for review — replaces the issued QCSP_001_OPM-IV_v.01 (was OPM_THC10 : CBD1, 9.00 – 11.00 %); now OPM_THC10 : CBD1 9.00 – 10.99 %",INDICA,THC,MACHINE TRIMMED,—,"Triplex Alu Bag | Триплекс Aлу Kеса, PET 12 · ALU 7 · PE 80, 300 × 500 mm, net. 400.0 g ±3%",11.09.2026,Conforms | Одговара,iCoA-PP_26-157,24.08.2026,Purely Plant GmbH (in-house),Conforms | Одговара,iCoA-PP_26-157,24.08.2026,Purely Plant GmbH (in-house),Conforms | Одговара,227-10-К/26,11.09.2026,Farmahem,9.73,227-10-К/26,11.09.2026,Farmahem,< LOQ,227-10-К/26,11.09.2026,Farmahem,< LOQ,227-10-К/26,11.09.2026,Farmahem,Conforms | Одговара,iCoA-PP_26-157,24.08.2026,Purely Plant GmbH (in-house),8.06,ППК26031,05.03.2026,UKIM Faculty of Pharmacy — Center for Natural Products,< 10,546/1077/26,31.08.2026,IPH — Institute of Public Health,10,546/1077/26,31.08.2026,IPH — Institute of Public Health,< 10,546/1077/26,31.08.2026,IPH — Institute of Public Health,Absent | Отсутна,546/1077/26,31.08.2026,IPH — Institute of Public Health,Absent | Отсутна,546/1077/26,31.08.2026,IPH — Institute of Public Health,upon request — not required for release,—,—,—,upon request — not required for release,—,—,—,ND,227-10-М/26,16.09.2026,Farmahem,ND,227-10-М/26,16.09.2026,Farmahem,ND,227-10-М/26,16.09.2026,Farmahem,carried from the initial testing — not tested,—,—,—,carried from the initial testing — not tested,—,—,—,carried from the initial testing — not tested,—,—,—,carried from the initial testing — not tested,—,—,—,carried from the initial testing — not tested,—,—,—
CoQ-PP_26-159,reissue — retest,"allocated — code reserved, date provisional",21.09.2026,CoQ-PP_26-031 of 06.06.2026,(assigned on issue),PM072501,P050272,Permanent Marker,27.10.2025,02.12.2025 – 03.12.2025,—,—,iCoA-PP_26-158,24.08.2026,19.08.2026,Tranche 3,12.77,227-9-К/26,II,11.00 – 12.99 %,PM_THC12 : CBD1,QCSP_001_PM-II_v.01,"for review — replaces the issued QCSP_001_PM-II_v.01 (was PM_THC10 : CBD1, 9.00 – 11.00 %); now PM_THC12 : CBD1 11.00 – 12.99 %",HYBRID,THC,MACHINE TRIMMED,INDICA-DOMINANT,"Triplex Alu Bag | Триплекс Aлу Kеса, PET 12 · ALU 7 · PE 80, 300 × 500 mm, net. 400.0 g ±3%",16.09.2026,Conforms | Одговара,iCoA-PP_26-158,24.08.2026,Purely Plant GmbH (in-house),Conforms | Одговара,iCoA-PP_26-158,24.08.2026,Purely Plant GmbH (in-house),Conforms | Одговара,227-9-К/26,11.09.2026,Farmahem,12.77,227-9-К/26,11.09.2026,Farmahem,< LOQ,227-9-К/26,11.09.2026,Farmahem,< LOQ,227-9-К/26,11.09.2026,Farmahem,Conforms | Одговара,iCoA-PP_26-158,24.08.2026,Purely Plant GmbH (in-house),9.52,ППК25368,28.11.2025,UKIM Faculty of Pharmacy — Center for Natural Products,< 10,554/1085/26,01.09.2026,IPH — Institute of Public Health,< 10,554/1085/26,01.09.2026,IPH — Institute of Public Health,< 10,554/1085/26,01.09.2026,IPH — Institute of Public Health,Absent | Отсутна,554/1085/26,01.09.2026,IPH — Institute of Public Health,Absent | Отсутна,554/1085/26,01.09.2026,IPH — Institute of Public Health,upon request — not required for release,—,—,—,upon request — not required for release,—,—,—,ND,227-9-М/26,16.09.2026,Farmahem,ND,227-9-М/26,16.09.2026,Farmahem,ND,227-9-М/26,16.09.2026,Farmahem,0.021,5698/2025,02.12.2025,IPH — Institute of Public Health,0.001,5698/2025,02.12.2025,IPH — Institute of Public Health,0.012,5698/2025,02.12.2025,IPH — Institute of Public Health,0.003,5698/2025,02.12.2025,IPH — Institute of Public Health,ND,5698/2025,02.12.2025,IPH — Institute of Public Health
CoQ-PP_26-160,reissue — retest,"allocated — code reserved, date provisional",21.09.2026,CoQ-PP_26-073 of 06.06.2026,(assigned on issue),SCR012601,P060342,Scrambler,16.04.2026,25.05.2026,—,25.05.2026,iCoA-PP_26-159,24.08.2026,19.08.2026,Tranche 3,22.40,227-8-К/26,I,19.80 – 24.19 %,SCR_THC22 : CBD1,QCSP_001_SCR-I_v.01,"for review — replaces the issued QCSP_001_SCR-I_v.01 (was SCR_THC27.5:CBD1, 27.50% ± 2.38%); now SCR_THC22 : CBD1 19.80 – 24.19 %",HYBRID,THC,MACHINE TRIMMED,TO BE DETERMINED,"Triplex Alu Bag | Триплекс Aлу Kеса, PET 12 · ALU 7 · PE 80, 300 × 500 mm, net. 400.0 g ±3%",11.09.2026,Conforms | Одговара,iCoA-PP_26-159,24.08.2026,Purely Plant GmbH (in-house),Conforms | Одговара,iCoA-PP_26-159,24.08.2026,Purely Plant GmbH (in-house),Conforms | Одговара,227-8-К/26,11.09.2026,Farmahem,22.40,227-8-К/26,11.09.2026,Farmahem,< LOQ,227-8-К/26,11.09.2026,Farmahem,< LOQ,227-8-К/26,11.09.2026,Farmahem,Conforms | Одговара,iCoA-PP_26-159,24.08.2026,Purely Plant GmbH (in-house),carried from the initial testing — not tested,—,—,—,"8,3 × 10³",539/1070/26,31.08.2026,IPH — Institute of Public Health,"5,3 × 10³",539/1070/26,31.08.2026,IPH — Institute of Public Health,< 10,539/1070/26,31.08.2026,IPH — Institute of Public Health,Absent | Отсутна,539/1070/26,31.08.2026,IPH — Institute of Public Health,Absent | Отсутна,539/1070/26,31.08.2026,IPH — Institute of Public Health,upon request — not required for release,—,—,—,upon request — not required for release,—,—,—,ND,227-8-М/26,16.09.2026,Farmahem,ND,227-8-М/26,16.09.2026,Farmahem,ND,227-8-М/26,16.09.2026,Farmahem,carried from the initial testing — not tested,—,—,—,carried from the initial testing — not tested,—,—,—,carried from the initial testing — not tested,—,—,—,carried from the initial testing — not tested,—,—,—,carried from the initial testing — not tested,—,—,—
CoQ-PP_26-161,reissue — retest,"allocated — code reserved, date provisional",21.09.2026,CoQ-PP_26-080 of 13.07.2026,(assigned on issue),SCR022601,— no P lot assigned —,Scrambler,13.05.2026,18.06.2026,—,—,iCoA-PP_26-160,24.08.2026,19.08.2026,Tranche 3,16.68,227-7-К/26,II,16.20 – 19.79 %,SCR_THC18 : CBD1,QCSP_001_SCR-II_v.01,"for review — replaces the issued QCSP_001_SCR-II_v.01 (was SCR_THC18 : CBD1, 16.20 – 19.80 %); now SCR_THC18 : CBD1 16.20 – 19.79 %",HYBRID,THC,MACHINE TRIMMED,TO BE DETERMINED,"Triplex Alu Bag | Триплекс Aлу Kеса, PET 12 · ALU 7 · PE 80, 300 × 500 mm, net. 400.0 g ±3%",11.09.2026,Conforms | Одговара,ППК26116,06.07.2026,UKIM Faculty of Pharmacy — Center for Natural Products,Conforms | Одговара,ППК26116,06.07.2026,UKIM Faculty of Pharmacy — Center for Natural Products,Conforms | Одговара,227-7-К/26,11.09.2026,Farmahem,16.68,227-7-К/26,11.09.2026,Farmahem,< LOQ,227-7-К/26,11.09.2026,Farmahem,< LOQ,227-7-К/26,11.09.2026,Farmahem,Conforms | Одговара,ППК26116,06.07.2026,UKIM Faculty of Pharmacy — Center for Natural Products,7.06,ППК26116,06.07.2026,UKIM Faculty of Pharmacy — Center for Natural Products,"1,7 × 10³",536/1067/26,31.08.2026,IPH — Institute of Public Health,"5,6 × 10²",536/1067/26,31.08.2026,IPH — Institute of Public Health,< 10,536/1067/26,31.08.2026,IPH — Institute of Public Health,Absent | Отсутна,536/1067/26,31.08.2026,IPH — Institute of Public Health,Absent | Отсутна,536/1067/26,31.08.2026,IPH — Institute of Public Health,upon request — not required for release,—,—,—,upon request — not required for release,—,—,—,ND,227-7-М/26,16.09.2026,Farmahem,ND,227-7-М/26,16.09.2026,Farmahem,ND,227-7-М/26,16.09.2026,Farmahem,carried from the initial testing — not tested,—,—,—,carried from the initial testing — not tested,—,—,—,carried from the initial testing — not tested,—,—,—,carried from the initial testing — not tested,—,—,—,carried from the initial testing — not tested,—,—,—
CoQ-PP_26-162,reissue — retest,"allocated — code reserved, date provisional",21.09.2026,CoQ-PP_26-052 of 06.06.2026,(assigned on issue),SJ102501,— no P lot assigned —,Sleepy Joe,20.01.2026,09.03.2026,—,—,iCoA-PP_26-161,24.08.2026,19.08.2026,Tranche 3,10.61,227-6-К/26,II,9.00 – 10.99 %,SJ_THC10 : CBD1,QCSP_001_SJ-II_v.01,"for review — replaces the issued QCSP_001_SJ-II_v.01 (was SJ_THC10 : CBD1, 9.00 – 11.00 %); now SJ_THC10 : CBD1 9.00 – 10.99 %",HYBRID,THC,MACHINE TRIMMED,TO BE DETERMINED,"Triplex Alu Bag | Триплекс Aлу Kеса, PET 12 · ALU 7 · PE 80, 300 × 500 mm, net. 400.0 g ±3%",11.09.2026,Conforms | Одговара,iCoA-PP_26-161,24.08.2026,Purely Plant GmbH (in-house),Conforms | Одговара,iCoA-PP_26-161,24.08.2026,Purely Plant GmbH (in-house),Conforms | Одговара,227-6-К/26,11.09.2026,Farmahem,10.61,227-6-К/26,11.09.2026,Farmahem,< LOQ,227-6-К/26,11.09.2026,Farmahem,< LOQ,227-6-К/26,11.09.2026,Farmahem,Conforms | Одговара,iCoA-PP_26-161,24.08.2026,Purely Plant GmbH (in-house),7.8,051-3-ГС/26,02.03.2026,Farmahem,"5,2 × 10²",549/1080/26,31.08.2026,IPH — Institute of Public Health,"4,3 × 10²",549/1080/26,31.08.2026,IPH — Institute of Public Health,< 10,549/1080/26,31.08.2026,IPH — Institute of Public Health,Absent | Отсутна,549/1080/26,31.08.2026,IPH — Institute of Public Health,Absent | Отсутна,549/1080/26,31.08.2026,IPH — Institute of Public Health,upon request — not required for release,—,—,—,upon request — not required for release,—,—,—,ND,227-6-М/26,16.09.2026,Farmahem,ND,227-6-М/26,16.09.2026,Farmahem,ND,227-6-М/26,16.09.2026,Farmahem,carried from the initial testing — not tested,—,—,—,carried from the initial testing — not tested,—,—,—,carried from the initial testing — not tested,—,—,—,carried from the initial testing — not tested,—,—,—,carried from the initial testing — not tested,—,—,—
CoQ-PP_26-163,reissue — retest,"allocated — code reserved, date provisional",21.09.2026,CoQ-PP_26-055 of 06.06.2026,(assigned on issue),SJ112501,— no P lot assigned —,Sleepy Joe,26.01.2026 – 27.01.2026,31.03.2026,—,—,iCoA-PP_26-162,24.08.2026,19.08.2026,Tranche 3,11.27,227-5-К/26,I,11.00 – 12.99 %,SJ_THC12 : CBD1,QCSP_001_SJ-I_v.01,"for review — replaces the issued QCSP_001_SJ-I_v.01 (was SJ_THC27:CBD1, 27.00% ± 3.00%); now SJ_THC12 : CBD1 11.00 – 12.99 %",HYBRID,THC,MACHINE TRIMMED,TO BE DETERMINED,"Triplex Alu Bag | Триплекс Aлу Kеса, PET 12 · ALU 7 · PE 80, 300 × 500 mm, net. 400.0 g ±3%",11.09.2026,Conforms | Одговара,iCoA-PP_26-162,24.08.2026,Purely Plant GmbH (in-house),Conforms | Одговара,iCoA-PP_26-162,24.08.2026,Purely Plant GmbH (in-house),Conforms | Одговара,227-5-К/26,11.09.2026,Farmahem,11.27,227-5-К/26,11.09.2026,Farmahem,< LOQ,227-5-К/26,11.09.2026,Farmahem,< LOQ,227-5-К/26,11.09.2026,Farmahem,Conforms | Одговара,iCoA-PP_26-162,24.08.2026,Purely Plant GmbH (in-house),6.7,051-2-ГС/26,02.03.2026,Farmahem,carried from the initial testing — not tested,—,—,—,carried from the initial testing — not tested,—,—,—,carried from the initial testing — not tested,—,—,—,carried from the initial testing — not tested,—,—,—,carried from the initial testing — not tested,—,—,—,upon request — not required for release,—,—,—,upon request — not required for release,—,—,—,ND,227-5-М/26,16.09.2026,Farmahem,ND,227-5-М/26,16.09.2026,Farmahem,ND,227-5-М/26,16.09.2026,Farmahem,carried from the initial testing — not tested,—,—,—,carried from the initial testing — not tested,—,—,—,carried from the initial testing — not tested,—,—,—,carried from the initial testing — not tested,—,—,—,carried from the initial testing — not tested,—,—,—
CoQ-PP_26-164,reissue — retest,"allocated — code reserved, date provisional",21.09.2026,CoQ-PP_26-030 of 06.06.2026,(assigned on issue),WC072501,P050262,Wedding Crusher,27.10.2025 – 28.10.2025,01.12.2025,—,—,iCoA-PP_26-163,24.08.2026,19.08.2026,Tranche 3,25.37,227-3-К/26,I,23.40 – 28.59 %,WC_THC26 : CBD1,QCSP_001_WC-I_v.01,"for review — replaces the issued QCSP_001_WC-I_v.01 (was WC_THC22 : CBD1, 19.80 – 24.20 %); now WC_THC26 : CBD1 23.40 – 28.59 %",HYBRID,THC,MACHINE TRIMMED,TO BE DETERMINED,"Triplex Alu Bag | Триплекс Aлу Kеса, PET 12 · ALU 7 · PE 80, 300 × 500 mm, net. 400.0 g ±3%",16.09.2026,Conforms | Одговара,iCoA-PP_26-163,24.08.2026,Purely Plant GmbH (in-house),Conforms | Одговара,iCoA-PP_26-163,24.08.2026,Purely Plant GmbH (in-house),Conforms | Одговара,227-3-К/26,11.09.2026,Farmahem,25.37,227-3-К/26,11.09.2026,Farmahem,< LOQ,227-3-К/26,11.09.2026,Farmahem,< LOQ,227-3-К/26,11.09.2026,Farmahem,Conforms | Одговара,iCoA-PP_26-163,24.08.2026,Purely Plant GmbH (in-house),8.94,ППК25369,28.11.2025,UKIM Faculty of Pharmacy — Center for Natural Products,< 10,555/1086/26,01.09.2026,IPH — Institute of Public Health,< 10,555/1086/26,01.09.2026,IPH — Institute of Public Health,< 10,555/1086/26,01.09.2026,IPH — Institute of Public Health,Absent | Отсутна,555/1086/26,01.09.2026,IPH — Institute of Public Health,Absent | Отсутна,555/1086/26,01.09.2026,IPH — Institute of Public Health,upon request — not required for release,—,—,—,upon request — not required for release,—,—,—,ND,227-3-М/26,16.09.2026,Farmahem,ND,227-3-М/26,16.09.2026,Farmahem,ND,227-3-М/26,16.09.2026,Farmahem,0.023,5699/2025,02.12.2025,IPH — Institute of Public Health,0.005,5699/2025,02.12.2025,IPH — Institute of Public Health,0.006,5699/2025,02.12.2025,IPH — Institute of Public Health,0.01,5699/2025,02.12.2025,IPH — Institute of Public Health,ND,5699/2025,02.12.2025,IPH — Institute of Public Health
CoQ-PP_26-165,reissue — retest,"allocated — code reserved, date provisional",21.09.2026,CoQ-PP_26-046 of 06.06.2026,(assigned on issue),WED102501,P060102,Wedding Cake,08.01.2026,16.02.2026,—,16.02.2026,iCoA-PP_26-164,24.08.2026,19.08.2026,Tranche 3,25.15,227-4-К/26,I,23.40 – 28.59 %,WED_THC26 : CBD1,QCSP_001_WED-I_v.01,"for review — replaces the issued QCSP_001_WED-I_v.01 (was WED_THC28.5:CBD1, 28.50% ± 1.50%); now WED_THC26 : CBD1 23.40 – 28.59 %",HYBRID,THC,MACHINE TRIMMED,TO BE DETERMINED,"Triplex Alu Bag | Триплекс Aлу Kеса, PET 12 · ALU 7 · PE 80, 300 × 500 mm, net. 400.0 g ±3%",11.09.2026,Conforms | Одговара,iCoA-PP_26-164,24.08.2026,Purely Plant GmbH (in-house),Conforms | Одговара,iCoA-PP_26-164,24.08.2026,Purely Plant GmbH (in-house),Conforms | Одговара,227-4-К/26,11.09.2026,Farmahem,25.15,227-4-К/26,11.09.2026,Farmahem,< LOQ,227-4-К/26,11.09.2026,Farmahem,< LOQ,227-4-К/26,11.09.2026,Farmahem,Conforms | Одговара,iCoA-PP_26-164,24.08.2026,Purely Plant GmbH (in-house),"6,8 %",031-3-ГС/26,12.02.2026,Farmahem,< 10,551/1082/26,01.09.2026,IPH — Institute of Public Health,< 10,551/1082/26,01.09.2026,IPH — Institute of Public Health,< 10,551/1082/26,01.09.2026,IPH — Institute of Public Health,Absent | Отсутна,551/1082/26,01.09.2026,IPH — Institute of Public Health,Absent | Отсутна,551/1082/26,01.09.2026,IPH — Institute of Public Health,upon request — not required for release,—,—,—,upon request — not required for release,—,—,—,ND,227-4-М/26,16.09.2026,Farmahem,ND,227-4-М/26,16.09.2026,Farmahem,ND,227-4-М/26,16.09.2026,Farmahem,carried from the initial testing — not tested,—,—,—,carried from the initial testing — not tested,—,—,—,carried from the initial testing — not tested,—,—,—,carried from the initial testing — not tested,—,—,—,carried from the initial testing — not tested,—,—,—
— at issue —,release,not yet issuable,≥ 11.05.2026 (floor — not yet dated),n/a — release certificate,(assigned on issue),CC042601,— no P lot assigned —,Cash Cow,—,—,—,—,iCoA-PP_26-090,03.06.2026,—,—,—,—,—,Per grade of the potency specification of 15.09.2026 — no Total THC result on file,—,—,—,—,—,—,—,—,—,to be performed (in house),iCoA-PP_26-090,03.06.2026,Purely Plant GmbH (in-house),to be performed (in house),iCoA-PP_26-090,03.06.2026,Purely Plant GmbH (in-house),to be performed (in house),—,—,—,not tested,—,—,—,not tested,—,—,—,not tested,—,—,—,to be performed (in house),iCoA-PP_26-090,03.06.2026,Purely Plant GmbH (in-house),not tested,—,—,—,not tested,—,—,—,not tested,—,—,—,not tested,—,—,—,not tested,—,—,—,not tested,—,—,—,upon request — not required for release,—,—,—,upon request — not required for release,—,—,—,not tested,—,—,—,not tested,—,—,—,not tested,—,—,—,not tested,—,—,—,not tested,—,—,—,not tested,—,—,—,not tested,—,—,—,not tested,—,—,—
— at issue —,reissue — retest,not yet issuable,18.09.2026,— initial certificate not yet numbered — of,(assigned on issue),CC042601,— no P lot assigned —,Cash Cow,—,—,—,—,iCoA-PP_26-146,17.08.2026,14.08.2026,Tranche 2,14.90,220-32-К/26,II,12.65 – 15.34 %,CC_THC14 : CBD1,QCSP_001_CC-II_v.01,"for review — replaces the issued QCSP_001_CC-II_v.01 (was CC_THC14 : CBD1, 12.60 – 15.40 %); now CC_THC14 : CBD1 12.65 – 15.34 %",HYBRID,THC,MACHINE TRIMMED,INDICA 70 : SATIVA 30,"Triplex Alu Bag | Триплекс Aлу Kеса, PET 12 · ALU 7 · PE 80, 300 × 500 mm, net. 400.0 g ±3%",11.09.2026,Conforms | Одговара,iCoA-PP_26-146,17.08.2026,Purely Plant GmbH (in-house),Conforms | Одговара,iCoA-PP_26-146,17.08.2026,Purely Plant GmbH (in-house),Conforms | Одговара,220-32-К/26,26.08.2026,Farmahem,14.90,220-32-К/26,26.08.2026,Farmahem,< LOQ,220-32-К/26,26.08.2026,Farmahem,< LOQ,220-32-К/26,26.08.2026,Farmahem,Conforms | Одговара,iCoA-PP_26-146,17.08.2026,Purely Plant GmbH (in-house),carried from the initial testing — not tested,—,—,—,carried from the initial testing — not tested,—,—,—,carried from the initial testing — not tested,—,—,—,carried from the initial testing — not tested,—,—,—,carried from the initial testing — not tested,—,—,—,carried from the initial testing — not tested,—,—,—,upon request — not required for release,—,—,—,upon request — not required for release,—,—,—,ND,220-32-М/26,11.09.2026,Farmahem,ND,220-32-М/26,11.09.2026,Farmahem,ND,220-32-М/26,11.09.2026,Farmahem,carried from the initial testing — not tested,—,—,—,carried from the initial testing — not tested,—,—,—,carried from the initial testing — not tested,—,—,—,carried from the initial testing — not tested,—,—,—,carried from the initial testing — not tested,—,—,—
— at issue —,release,not yet issuable,≥ 11.05.2026 (floor — not yet dated),n/a — release certificate,(assigned on issue),FB042601,— no P lot assigned —,Fat Bastard,—,—,—,—,iCoA-PP_26-091,03.06.2026,—,—,—,—,—,Per grade of the potency specification of 15.09.2026 — no Total THC result on file,—,—,—,—,—,—,—,—,—,to be performed (in house),iCoA-PP_26-091,03.06.2026,Purely Plant GmbH (in-house),to be performed (in house),iCoA-PP_26-091,03.06.2026,Purely Plant GmbH (in-house),to be performed (in house),—,—,—,not tested,—,—,—,not tested,—,—,—,not tested,—,—,—,to be performed (in house),iCoA-PP_26-091,03.06.2026,Purely Plant GmbH (in-house),not tested,—,—,—,not tested,—,—,—,not tested,—,—,—,not tested,—,—,—,not tested,—,—,—,not tested,—,—,—,upon request — not required for release,—,—,—,upon request — not required for release,—,—,—,not tested,—,—,—,not tested,—,—,—,not tested,—,—,—,not tested,—,—,—,not tested,—,—,—,not tested,—,—,—,not tested,—,—,—,not tested,—,—,—
— at issue —,reissue — retest,not yet issuable,18.09.2026,— initial certificate not yet numbered — of,(assigned on issue),FB042601,— no P lot assigned —,Fat Bastard,—,—,—,—,iCoA-PP_26-147,17.08.2026,14.08.2026,Tranche 2,14.99,220-31-К/26,III,13.80 – 16.19 %,FB_THC15 : CBD1,QCSP_001_FB-III_v.01,"for review — replaces the issued QCSP_001_FB-III_v.01 (was FB_THC16 : CBD1, 14.86 – 17.14 %); now FB_THC15 : CBD1 13.80 – 16.19 %",HYBRID,THC,MACHINE TRIMMED,BALANCED,"Triplex Alu Bag | Триплекс Aлу Kеса, PET 12 · ALU 7 · PE 80, 300 × 500 mm, net. 400.0 g ±3%",11.09.2026,Conforms | Одговара,iCoA-PP_26-147,17.08.2026,Purely Plant GmbH (in-house),Conforms | Одговара,iCoA-PP_26-147,17.08.2026,Purely Plant GmbH (in-house),Conforms | Одговара,220-31-К/26,26.08.2026,Farmahem,14.99,220-31-К/26,26.08.2026,Farmahem,< LOQ,220-31-К/26,26.08.2026,Farmahem,< LOQ,220-31-К/26,26.08.2026,Farmahem,Conforms | Одговара,iCoA-PP_26-147,17.08.2026,Purely Plant GmbH (in-house),carried from the initial testing — not tested,—,—,—,carried from the initial testing — not tested,—,—,—,carried from the initial testing — not tested,—,—,—,carried from the initial testing — not tested,—,—,—,carried from the initial testing — not tested,—,—,—,carried from the initial testing — not tested,—,—,—,upon request — not required for release,—,—,—,upon request — not required for release,—,—,—,ND,220-31-М/26,11.09.2026,Farmahem,ND,220-31-М/26,11.09.2026,Farmahem,ND,220-31-М/26,11.09.2026,Farmahem,carried from the initial testing — not tested,—,—,—,carried from the initial testing — not tested,—,—,—,carried from the initial testing — not tested,—,—,—,carried from the initial testing — not tested,—,—,—,carried from the initial testing — not tested,—,—,—
— at issue —,release,not yet issuable,13.07.2026,n/a — release certificate,(assigned on issue),P160012,— no P lot assigned —,Grape Pie,—,—,—,—,iCoA-PP_26-096,06.07.2026,—,—,26.32,ППК26117,I,26.00 – 29.99 %,GP_THC28 : CBD1,QCSP_001_GP-I_v.01,"for review — replaces the issued QCSP_001_GP-I_v.01 (was GP_THC28 : CBD1, 26.61 – 29.39 %); now GP_THC28 : CBD1 26.00 – 29.99 %",HYBRID,THC,MACHINE TRIMMED,INDICA-DOMINANT,"Triplex Alu Bag | Триплекс Aлу Kеса, PET 12 · ALU 7 · PE 80, 300 × 500 mm, net. 400.0 g ±3%",06.07.2026,Conforms | Одговара,ППК26117,06.07.2026,UKIM Faculty of Pharmacy — Center for Natural Products,Conforms | Одговара,ППК26117,06.07.2026,UKIM Faculty of Pharmacy — Center for Natural Products,Conforms | Одговара,ППК26117,06.07.2026,UKIM Faculty of Pharmacy — Center for Natural Products,26.32,ППК26117,06.07.2026,UKIM Faculty of Pharmacy — Center for Natural Products,0.15,ППК26117,06.07.2026,UKIM Faculty of Pharmacy — Center for Natural Products,0.09,ППК26117,06.07.2026,UKIM Faculty of Pharmacy — Center for Natural Products,Conforms | Одговара,ППК26117,06.07.2026,UKIM Faculty of Pharmacy — Center for Natural Products,6.31,ППК26117,06.07.2026,UKIM Faculty of Pharmacy — Center for Natural Products,not tested,—,—,—,not tested,—,—,—,not tested,—,—,—,not tested,—,—,—,not tested,—,—,—,upon request — not required for release,—,—,—,upon request — not required for release,—,—,—,not tested,—,—,—,not tested,—,—,—,not tested,—,—,—,not tested,—,—,—,not tested,—,—,—,not tested,—,—,—,not tested,—,—,—,not tested,—,—,—
— at issue —,release,not yet issuable,13.07.2026,n/a — release certificate,(assigned on issue),P160022,— no P lot assigned —,Grape Pie,—,—,—,—,iCoA-PP_26-097,06.07.2026,—,—,25.72,ППК26118,II,22.00 – 25.99 %,GP_THC24 : CBD1,QCSP_001_GP-II_v.01,"for review — replaces the issued QCSP_001_GP-II_v.01 (was GP_THC26 : CBD1, 25.40 – 26.60 %); now GP_THC24 : CBD1 22.00 – 25.99 %",HYBRID,THC,MACHINE TRIMMED,INDICA-DOMINANT,"Triplex Alu Bag | Триплекс Aлу Kеса, PET 12 · ALU 7 · PE 80, 300 × 500 mm, net. 400.0 g ±3%",06.07.2026,Conforms | Одговара,ППК26118,06.07.2026,UKIM Faculty of Pharmacy — Center for Natural Products,Conforms | Одговара,ППК26118,06.07.2026,UKIM Faculty of Pharmacy — Center for Natural Products,Conforms | Одговара,ППК26118,06.07.2026,UKIM Faculty of Pharmacy — Center for Natural Products,25.72,ППК26118,06.07.2026,UKIM Faculty of Pharmacy — Center for Natural Products,0.15,ППК26118,06.07.2026,UKIM Faculty of Pharmacy — Center for Natural Products,0.10,ППК26118,06.07.2026,UKIM Faculty of Pharmacy — Center for Natural Products,Conforms | Одговара,ППК26118,06.07.2026,UKIM Faculty of Pharmacy — Center for Natural Products,6.67,ППК26118,06.07.2026,UKIM Faculty of Pharmacy — Center for Natural Products,not tested,—,—,—,not tested,—,—,—,not tested,—,—,—,not tested,—,—,—,not tested,—,—,—,upon request — not required for release,—,—,—,upon request — not required for release,—,—,—,not tested,—,—,—,not tested,—,—,—,not tested,—,—,—,not tested,—,—,—,not tested,—,—,—,not tested,—,—,—,not tested,—,—,—,not tested,—,—,—
— at issue —,release,not yet issuable,13.07.2026,n/a — release certificate,(assigned on issue),P160032,— no P lot assigned —,Grape Pie,—,—,—,—,iCoA-PP_26-098,06.07.2026,—,—,24.78,ППК26119,II,22.00 – 25.99 %,GP_THC24 : CBD1,QCSP_001_GP-II_v.01,"for review — replaces the issued QCSP_001_GP-II_v.01 (was GP_THC26 : CBD1, 25.40 – 26.60 %); now GP_THC24 : CBD1 22.00 – 25.99 %",HYBRID,THC,MACHINE TRIMMED,INDICA-DOMINANT,"Triplex Alu Bag | Триплекс Aлу Kеса, PET 12 · ALU 7 · PE 80, 300 × 500 mm, net. 400.0 g ±3%",06.07.2026,Conforms | Одговара,ППК26119,06.07.2026,UKIM Faculty of Pharmacy — Center for Natural Products,Conforms | Одговара,ППК26119,06.07.2026,UKIM Faculty of Pharmacy — Center for Natural Products,Conforms | Одговара,ППК26119,06.07.2026,UKIM Faculty of Pharmacy — Center for Natural Products,24.78,ППК26119,06.07.2026,UKIM Faculty of Pharmacy — Center for Natural Products,0.06,ППК26119,06.07.2026,UKIM Faculty of Pharmacy — Center for Natural Products,0.08,ППК26119,06.07.2026,UKIM Faculty of Pharmacy — Center for Natural Products,Conforms | Одговара,ППК26119,06.07.2026,UKIM Faculty of Pharmacy — Center for Natural Products,6.78,ППК26119,06.07.2026,UKIM Faculty of Pharmacy — Center for Natural Products,not tested,—,—,—,not tested,—,—,—,not tested,—,—,—,not tested,—,—,—,not tested,—,—,—,upon request — not required for release,—,—,—,upon request — not required for release,—,—,—,not tested,—,—,—,not tested,—,—,—,not tested,—,—,—,not tested,—,—,—,not tested,—,—,—,not tested,—,—,—,not tested,—,—,—,not tested,—,—,—
