Seq,CoQ number,CoQ type,Issue date,Packaged lot,Cultivation batch,Strain,Grade,iCoA reference,№,Group,Parameter,Параметар,Method / reference,Acceptance criterion,Result,Source document,Document date,Issuing institution,Report series,Status,Performed by,Also on file
1,CoQ-PP-2025-0001,initial release,04.03.2025,BSS1024,BSS1024,Blue Sunset Sherbet,I,iCoA-PP-2025-0001,1,,"Identification A, Appearance · Macroscopic","Идентиф. A, Изглед, Макроскопски",Ph. Eur. mon. 3028,Conforms to monograph | Соодветствува со монографијата,—,—,,,,to be performed — see route,Purely Plant laboratory — iCoA covering Ident A + B,
2,CoQ-PP-2025-0001,initial release,04.03.2025,BSS1024,BSS1024,Blue Sunset Sherbet,I,iCoA-PP-2025-0001,2,,Identification B · Microscopic,Идентиф. Б · Микроскопски,Ph. Eur. 2.8.23 (microscopy),Conforms to monograph | Соодветствува со монографијата,—,—,,,,to be performed — see route,Purely Plant laboratory — iCoA covering Ident A + B,
3,CoQ-PP-2025-0001,initial release,04.03.2025,BSS1024,BSS1024,Blue Sunset Sherbet,I,iCoA-PP-2025-0001,3,,Identification C · HPLC/HPTLC,Идентиф. Ц · HPLC/HPTLC,Ph. Eur. 2.2.29 (3028),Conforms to monograph | Соодветствува со монографијата,—,—,,,,to be performed — see route,"outside laboratory — Ident C (CNP Ident C only, or Farmahem with the retest)",
4,CoQ-PP-2025-0001,initial release,04.03.2025,BSS1024,BSS1024,Blue Sunset Sherbet,I,iCoA-PP-2025-0001,4,,Assay — Total Δ⁹-THC,Анализа — вкупен Δ⁹-THC,Ph. Eur. 2.2.29 (HPLC),"21.60 – 26.39 %  (grade I, class THC 24, nominal 24.00 ± 2.40)",21.03,ППК25051,26.02.2025,UKIM Faculty of Pharmacy — Center for Natural Products,UKIM CNP potency,covered,,25.01 (197-2-К/26)
5,CoQ-PP-2025-0001,initial release,04.03.2025,BSS1024,BSS1024,Blue Sunset Sherbet,I,iCoA-PP-2025-0001,5,,Assay — Total CBD,Анализа — вкупен CBD,Ph. Eur. 2.2.29 (HPLC) · CBD + CBDA x 0.877,"≤ 1.0%, w/w",0.04,ППК25051,26.02.2025,UKIM Faculty of Pharmacy — Center for Natural Products,UKIM CNP potency,covered,,<LOQ (197-2-К/26)
6,CoQ-PP-2025-0001,initial release,04.03.2025,BSS1024,BSS1024,Blue Sunset Sherbet,I,iCoA-PP-2025-0001,6,,Total CBN,Вкупен CBN,Ph. Eur. 2.2.29 (HPLC) · CBN + CBNA x 0.876,"≤ 1.0%, w/w",—,—,,,,not tested — no certificate covers it,,<LOQ (197-2-К/26)
7,CoQ-PP-2025-0001,initial release,04.03.2025,BSS1024,BSS1024,Blue Sunset Sherbet,I,iCoA-PP-2025-0001,7,,Foreign Matter,Страни материи,Ph. Eur. 2.8.2 · In-house · интерна,"≤ 2.0% / 25–50 g · < 1 cm leaves | листови, no seeds | без семки",—,—,,,,to be performed — see route,Purely Plant laboratory — iCoA covering Foreign matter,
8,CoQ-PP-2025-0001,initial release,04.03.2025,BSS1024,BSS1024,Blue Sunset Sherbet,I,iCoA-PP-2025-0001,8,,Loss on Drying,Губиток при сушење,"Ph. Eur. 2.2.32 (3028) · at 40 °C, 24 h, 15–25 mbar",≤ 12.0%,5.99,ППК25051,26.02.2025,UKIM Faculty of Pharmacy — Center for Natural Products,UKIM CNP potency,covered,,
9,CoQ-PP-2025-0001,initial release,04.03.2025,BSS1024,BSS1024,Blue Sunset Sherbet,I,iCoA-PP-2025-0001,9.1,Microbiological Purity | Микробиолошка Чистота,TAMC,Вкупен аеробен микробен број,Ph. Eur. 2.6.12 cat. C,≤ 10⁵ CFU/g,1.5×10⁴,161/0269/25,24.02.2025,IPH — Institute of Public Health,IPH microbiology,covered,,
10,CoQ-PP-2025-0001,initial release,04.03.2025,BSS1024,BSS1024,Blue Sunset Sherbet,I,iCoA-PP-2025-0001,9.2,Microbiological Purity | Микробиолошка Чистота,TYMC,Вкупен број квасци/мувли,Ph. Eur. 2.6.12 cat. C,≤ 10⁴ CFU/g,2.2×10³,161/0269/25,24.02.2025,IPH — Institute of Public Health,IPH microbiology,covered,,
11,CoQ-PP-2025-0001,initial release,04.03.2025,BSS1024,BSS1024,Blue Sunset Sherbet,I,iCoA-PP-2025-0001,9.3,Microbiological Purity | Микробиолошка Чистота,Bile-tolerant gram-neg.,Жолчно-толерантни грам-нег.,Ph. Eur. 2.6.31 cat. C,≤ 10⁴ CFU/g,<10² and >10,161/0269/25,24.02.2025,IPH — Institute of Public Health,IPH microbiology,covered,,
12,CoQ-PP-2025-0001,initial release,04.03.2025,BSS1024,BSS1024,Blue Sunset Sherbet,I,iCoA-PP-2025-0001,9.4,Microbiological Purity | Микробиолошка Чистота,Salmonella,Салмонела,Ph. Eur. 2.6.31 cat. C,Absence | Отсуство / 25 g,Одговара (absent),161/0269/25,24.02.2025,IPH — Institute of Public Health,IPH microbiology,covered,,
13,CoQ-PP-2025-0001,initial release,04.03.2025,BSS1024,BSS1024,Blue Sunset Sherbet,I,iCoA-PP-2025-0001,9.5,Microbiological Purity | Микробиолошка Чистота,Escherichia coli,Ешерихија коли,Ph. Eur. 2.6.13 cat. C,Absence | Отсуство / 1 g,Одговара (absent),161/0269/25,24.02.2025,IPH — Institute of Public Health,IPH microbiology,covered,,
14,CoQ-PP-2025-0001,initial release,04.03.2025,BSS1024,BSS1024,Blue Sunset Sherbet,I,iCoA-PP-2025-0001,9.6,Microbiological Purity | Микробиолошка Чистота,Pseudomonas aeruginosa,,Ph. Eur. 2.6.13 cat. C,Absence | Отсуство / 1 g,—,—,,,,upon request — not required for release,,
15,CoQ-PP-2025-0001,initial release,04.03.2025,BSS1024,BSS1024,Blue Sunset Sherbet,I,iCoA-PP-2025-0001,9.7,Microbiological Purity | Микробиолошка Чистота,Staphylococcus aureus,,Ph. Eur. 2.6.13 cat. C,Absence | Отсуство / 1 g,—,—,,,,upon request — not required for release,,
16,CoQ-PP-2025-0001,initial release,04.03.2025,BSS1024,BSS1024,Blue Sunset Sherbet,I,iCoA-PP-2025-0001,10.1,Mycotoxins | Микотоксини,Aflatoxin B₁,Афлатоксин B₁,Ph. Eur. 2.8.18 (HPLC-FLD),≤ 2 µg/kg,—,—,,,,not tested — no certificate covers it,,ND (197-2-М/26)
17,CoQ-PP-2025-0001,initial release,04.03.2025,BSS1024,BSS1024,Blue Sunset Sherbet,I,iCoA-PP-2025-0001,10.2,Mycotoxins | Микотоксини,Aflatoxins ∑,Афлатоксини ∑ (B₁+B₂+G₁+G₂),Ph. Eur. 2.8.18 (HPLC-FLD),≤ 4 µg/kg,<2,751/2025,27.02.2025,IPH — Institute of Public Health,"IPH mycotoxins, metals, pesticides",covered,,ND (197-2-М/26)
18,CoQ-PP-2025-0001,initial release,04.03.2025,BSS1024,BSS1024,Blue Sunset Sherbet,I,iCoA-PP-2025-0001,10.3,Mycotoxins | Микотоксини,Ochratoxin A,Охратоксин A,Ph. Eur. 2.8.22 (HPLC-FLD),≤ 20 µg/kg,—,—,,,,not tested — no certificate covers it,,ND (197-2-М/26)
19,CoQ-PP-2025-0001,initial release,04.03.2025,BSS1024,BSS1024,Blue Sunset Sherbet,I,iCoA-PP-2025-0001,11.1,Heavy Metals | Тешки метали,Lead (Pb),Олово (Pb),Ph. Eur. 2.4.27 (ICP-MS),≤ 0.5 mg/kg,0.071,751/2025,27.02.2025,IPH — Institute of Public Health,"IPH mycotoxins, metals, pesticides",covered,,
20,CoQ-PP-2025-0001,initial release,04.03.2025,BSS1024,BSS1024,Blue Sunset Sherbet,I,iCoA-PP-2025-0001,11.2,Heavy Metals | Тешки метали,Cadmium (Cd),Кадмиум (Cd),Ph. Eur. 2.4.27 (ICP-MS),≤ 0.3 mg/kg,0.014,751/2025,27.02.2025,IPH — Institute of Public Health,"IPH mycotoxins, metals, pesticides",covered,,
21,CoQ-PP-2025-0001,initial release,04.03.2025,BSS1024,BSS1024,Blue Sunset Sherbet,I,iCoA-PP-2025-0001,11.3,Heavy Metals | Тешки метали,Arsenic (As),Арсен (As),Ph. Eur. 2.4.27 (ICP-MS),≤ 0.2 mg/kg,0.081,751/2025,27.02.2025,IPH — Institute of Public Health,"IPH mycotoxins, metals, pesticides",covered,,
22,CoQ-PP-2025-0001,initial release,04.03.2025,BSS1024,BSS1024,Blue Sunset Sherbet,I,iCoA-PP-2025-0001,11.4,Heavy Metals | Тешки метали,Mercury (Hg),Жива (Hg),Ph. Eur. 2.4.27 (ICP-MS),≤ 0.1 mg/kg,0.014,751/2025,27.02.2025,IPH — Institute of Public Health,"IPH mycotoxins, metals, pesticides",covered,,
23,CoQ-PP-2025-0001,initial release,04.03.2025,BSS1024,BSS1024,Blue Sunset Sherbet,I,iCoA-PP-2025-0001,12,,Pesticide Residues,Остатоци од пестициди,Ph. Eur. 2.8.13 (LC-MS/MS) · CUMCS Equivalency,≤ LOQ as per Ph. Eur. 2.8.13 · ≤ LOQ as per CUMCS Equivalency,N.D.,751/2025,27.02.2025,IPH — Institute of Public Health,"IPH mycotoxins, metals, pesticides",covered,,
24,CoQ-PP-2025-0002,initial release,07.03.2025,BG1024,BG1024,Blue Gelato,I,iCoA-PP-2025-0002,1,,"Identification A, Appearance · Macroscopic","Идентиф. A, Изглед, Макроскопски",Ph. Eur. mon. 3028,Conforms to monograph | Соодветствува со монографијата,—,—,,,,to be performed — see route,Purely Plant laboratory — iCoA covering Ident A + B,
25,CoQ-PP-2025-0002,initial release,07.03.2025,BG1024,BG1024,Blue Gelato,I,iCoA-PP-2025-0002,2,,Identification B · Microscopic,Идентиф. Б · Микроскопски,Ph. Eur. 2.8.23 (microscopy),Conforms to monograph | Соодветствува со монографијата,—,—,,,,to be performed — see route,Purely Plant laboratory — iCoA covering Ident A + B,
26,CoQ-PP-2025-0002,initial release,07.03.2025,BG1024,BG1024,Blue Gelato,I,iCoA-PP-2025-0002,3,,Identification C · HPLC/HPTLC,Идентиф. Ц · HPLC/HPTLC,Ph. Eur. 2.2.29 (3028),Conforms to monograph | Соодветствува со монографијата,—,—,,,,to be performed — see route,"outside laboratory — Ident C (CNP Ident C only, or Farmahem with the retest)",
27,CoQ-PP-2025-0002,initial release,07.03.2025,BG1024,BG1024,Blue Gelato,I,iCoA-PP-2025-0002,4,,Assay — Total Δ⁹-THC,Анализа — вкупен Δ⁹-THC,Ph. Eur. 2.2.29 (HPLC),"23.40 – 28.59 %  (grade I, class THC 26, nominal 26.00 ± 2.60)",21.80,ППК25050,26.02.2025,UKIM Faculty of Pharmacy — Center for Natural Products,UKIM CNP potency,covered,,26.14 (197-1-К/26)
28,CoQ-PP-2025-0002,initial release,07.03.2025,BG1024,BG1024,Blue Gelato,I,iCoA-PP-2025-0002,5,,Assay — Total CBD,Анализа — вкупен CBD,Ph. Eur. 2.2.29 (HPLC) · CBD + CBDA x 0.877,"≤ 1.0%, w/w",0.04,ППК25050,26.02.2025,UKIM Faculty of Pharmacy — Center for Natural Products,UKIM CNP potency,covered,,<LOQ (197-1-К/26)
29,CoQ-PP-2025-0002,initial release,07.03.2025,BG1024,BG1024,Blue Gelato,I,iCoA-PP-2025-0002,6,,Total CBN,Вкупен CBN,Ph. Eur. 2.2.29 (HPLC) · CBN + CBNA x 0.876,"≤ 1.0%, w/w",—,—,,,,not tested — no certificate covers it,,0.28 (197-1-К/26)
30,CoQ-PP-2025-0002,initial release,07.03.2025,BG1024,BG1024,Blue Gelato,I,iCoA-PP-2025-0002,7,,Foreign Matter,Страни материи,Ph. Eur. 2.8.2 · In-house · интерна,"≤ 2.0% / 25–50 g · < 1 cm leaves | листови, no seeds | без семки",—,—,,,,to be performed — see route,Purely Plant laboratory — iCoA covering Foreign matter,
31,CoQ-PP-2025-0002,initial release,07.03.2025,BG1024,BG1024,Blue Gelato,I,iCoA-PP-2025-0002,8,,Loss on Drying,Губиток при сушење,"Ph. Eur. 2.2.32 (3028) · at 40 °C, 24 h, 15–25 mbar",≤ 12.0%,5.73,ППК25050,26.02.2025,UKIM Faculty of Pharmacy — Center for Natural Products,UKIM CNP potency,covered,,
32,CoQ-PP-2025-0002,initial release,07.03.2025,BG1024,BG1024,Blue Gelato,I,iCoA-PP-2025-0002,9.1,Microbiological Purity | Микробиолошка Чистота,TAMC,Вкупен аеробен микробен број,Ph. Eur. 2.6.12 cat. C,≤ 10⁵ CFU/g,1.6×10⁴,163/0271/25,24.02.2025,IPH — Institute of Public Health,IPH microbiology,covered,,
33,CoQ-PP-2025-0002,initial release,07.03.2025,BG1024,BG1024,Blue Gelato,I,iCoA-PP-2025-0002,9.2,Microbiological Purity | Микробиолошка Чистота,TYMC,Вкупен број квасци/мувли,Ph. Eur. 2.6.12 cat. C,≤ 10⁴ CFU/g,1×10⁴,163/0271/25,24.02.2025,IPH — Institute of Public Health,IPH microbiology,covered,,
34,CoQ-PP-2025-0002,initial release,07.03.2025,BG1024,BG1024,Blue Gelato,I,iCoA-PP-2025-0002,9.3,Microbiological Purity | Микробиолошка Чистота,Bile-tolerant gram-neg.,Жолчно-толерантни грам-нег.,Ph. Eur. 2.6.31 cat. C,≤ 10⁴ CFU/g,<10² and >10,163/0271/25,24.02.2025,IPH — Institute of Public Health,IPH microbiology,covered,,
35,CoQ-PP-2025-0002,initial release,07.03.2025,BG1024,BG1024,Blue Gelato,I,iCoA-PP-2025-0002,9.4,Microbiological Purity | Микробиолошка Чистота,Salmonella,Салмонела,Ph. Eur. 2.6.31 cat. C,Absence | Отсуство / 25 g,Одговара (absent),163/0271/25,24.02.2025,IPH — Institute of Public Health,IPH microbiology,covered,,
36,CoQ-PP-2025-0002,initial release,07.03.2025,BG1024,BG1024,Blue Gelato,I,iCoA-PP-2025-0002,9.5,Microbiological Purity | Микробиолошка Чистота,Escherichia coli,Ешерихија коли,Ph. Eur. 2.6.13 cat. C,Absence | Отсуство / 1 g,Одговара (absent),163/0271/25,24.02.2025,IPH — Institute of Public Health,IPH microbiology,covered,,
37,CoQ-PP-2025-0002,initial release,07.03.2025,BG1024,BG1024,Blue Gelato,I,iCoA-PP-2025-0002,9.6,Microbiological Purity | Микробиолошка Чистота,Pseudomonas aeruginosa,,Ph. Eur. 2.6.13 cat. C,Absence | Отсуство / 1 g,—,—,,,,upon request — not required for release,,
38,CoQ-PP-2025-0002,initial release,07.03.2025,BG1024,BG1024,Blue Gelato,I,iCoA-PP-2025-0002,9.7,Microbiological Purity | Микробиолошка Чистота,Staphylococcus aureus,,Ph. Eur. 2.6.13 cat. C,Absence | Отсуство / 1 g,—,—,,,,upon request — not required for release,,
39,CoQ-PP-2025-0002,initial release,07.03.2025,BG1024,BG1024,Blue Gelato,I,iCoA-PP-2025-0002,10.1,Mycotoxins | Микотоксини,Aflatoxin B₁,Афлатоксин B₁,Ph. Eur. 2.8.18 (HPLC-FLD),≤ 2 µg/kg,—,—,,,,not tested — no certificate covers it,,ND (197-1-М/26)
40,CoQ-PP-2025-0002,initial release,07.03.2025,BG1024,BG1024,Blue Gelato,I,iCoA-PP-2025-0002,10.2,Mycotoxins | Микотоксини,Aflatoxins ∑,Афлатоксини ∑ (B₁+B₂+G₁+G₂),Ph. Eur. 2.8.18 (HPLC-FLD),≤ 4 µg/kg,<2,752/2025,27.02.2025,IPH — Institute of Public Health,"IPH mycotoxins, metals, pesticides",covered,,ND (197-1-М/26)
41,CoQ-PP-2025-0002,initial release,07.03.2025,BG1024,BG1024,Blue Gelato,I,iCoA-PP-2025-0002,10.3,Mycotoxins | Микотоксини,Ochratoxin A,Охратоксин A,Ph. Eur. 2.8.22 (HPLC-FLD),≤ 20 µg/kg,—,—,,,,not tested — no certificate covers it,,ND (197-1-М/26)
42,CoQ-PP-2025-0002,initial release,07.03.2025,BG1024,BG1024,Blue Gelato,I,iCoA-PP-2025-0002,11.1,Heavy Metals | Тешки метали,Lead (Pb),Олово (Pb),Ph. Eur. 2.4.27 (ICP-MS),≤ 0.5 mg/kg,0.01,752/2025,27.02.2025,IPH — Institute of Public Health,"IPH mycotoxins, metals, pesticides",covered,,
43,CoQ-PP-2025-0002,initial release,07.03.2025,BG1024,BG1024,Blue Gelato,I,iCoA-PP-2025-0002,11.2,Heavy Metals | Тешки метали,Cadmium (Cd),Кадмиум (Cd),Ph. Eur. 2.4.27 (ICP-MS),≤ 0.3 mg/kg,0.016,752/2025,27.02.2025,IPH — Institute of Public Health,"IPH mycotoxins, metals, pesticides",covered,,
44,CoQ-PP-2025-0002,initial release,07.03.2025,BG1024,BG1024,Blue Gelato,I,iCoA-PP-2025-0002,11.3,Heavy Metals | Тешки метали,Arsenic (As),Арсен (As),Ph. Eur. 2.4.27 (ICP-MS),≤ 0.2 mg/kg,0.014,752/2025,27.02.2025,IPH — Institute of Public Health,"IPH mycotoxins, metals, pesticides",covered,,
45,CoQ-PP-2025-0002,initial release,07.03.2025,BG1024,BG1024,Blue Gelato,I,iCoA-PP-2025-0002,11.4,Heavy Metals | Тешки метали,Mercury (Hg),Жива (Hg),Ph. Eur. 2.4.27 (ICP-MS),≤ 0.1 mg/kg,0.005,752/2025,27.02.2025,IPH — Institute of Public Health,"IPH mycotoxins, metals, pesticides",covered,,
46,CoQ-PP-2025-0002,initial release,07.03.2025,BG1024,BG1024,Blue Gelato,I,iCoA-PP-2025-0002,12,,Pesticide Residues,Остатоци од пестициди,Ph. Eur. 2.8.13 (LC-MS/MS) · CUMCS Equivalency,≤ LOQ as per Ph. Eur. 2.8.13 · ≤ LOQ as per CUMCS Equivalency,N.D.,752/2025,27.02.2025,IPH — Institute of Public Health,"IPH mycotoxins, metals, pesticides",covered,,
47,CoQ-PP-2025-0003,initial release,11.03.2025,GG1024,GG1024,Gorilla Glue,II,iCoA-PP-2025-0003,1,,"Identification A, Appearance · Macroscopic","Идентиф. A, Изглед, Макроскопски",Ph. Eur. mon. 3028,Conforms to monograph | Соодветствува со монографијата,Confirms,"n/a — Purely Plant in-house CoA (Batch GG1024, no certificate/report number printed)",23.04.2025,"Not stated on PP in-house CoA (row unmarked, not attributed to an accredited lab)",Purely Plant in-house,"in-house CoA only — underlying eCoA NOT on file: locate the physical certificate, scan and upload",,
48,CoQ-PP-2025-0003,initial release,11.03.2025,GG1024,GG1024,Gorilla Glue,II,iCoA-PP-2025-0003,2,,Identification B · Microscopic,Идентиф. Б · Микроскопски,Ph. Eur. 2.8.23 (microscopy),Conforms to monograph | Соодветствува со монографијата,—,—,,,,to be performed — see route,Purely Plant laboratory — iCoA covering Ident A + B,
49,CoQ-PP-2025-0003,initial release,11.03.2025,GG1024,GG1024,Gorilla Glue,II,iCoA-PP-2025-0003,3,,Identification C · HPLC/HPTLC,Идентиф. Ц · HPLC/HPTLC,Ph. Eur. 2.2.29 (3028),Conforms to monograph | Соодветствува со монографијата,Confirms,"n/a — Purely Plant in-house CoA (Batch GG1024, no certificate/report number printed)",23.04.2025,IPH / UKIM Faculty of Pharmacy [accredited labs per PP in-house CoA footnote**; lab not attributed per-row],Purely Plant in-house,"in-house CoA only — underlying eCoA NOT on file: locate the physical certificate, scan and upload",,
50,CoQ-PP-2025-0003,initial release,11.03.2025,GG1024,GG1024,Gorilla Glue,II,iCoA-PP-2025-0003,4,,Assay — Total Δ⁹-THC,Анализа — вкупен Δ⁹-THC,Ph. Eur. 2.2.29 (HPLC),"14.40 – 17.59 %  (grade II, class THC 16, nominal 16.00 ± 1.60)",13.34%,"n/a — Purely Plant in-house CoA (Batch GG1024, no certificate/report number printed)",23.04.2025,IPH / UKIM Faculty of Pharmacy [accredited labs per PP in-house CoA footnote**; lab not attributed per-row],Purely Plant in-house,"in-house CoA only — underlying eCoA NOT on file: locate the physical certificate, scan and upload",,
51,CoQ-PP-2025-0003,initial release,11.03.2025,GG1024,GG1024,Gorilla Glue,II,iCoA-PP-2025-0003,5,,Assay — Total CBD,Анализа — вкупен CBD,Ph. Eur. 2.2.29 (HPLC) · CBD + CBDA x 0.877,"≤ 1.0%, w/w",0.03%,"n/a — Purely Plant in-house CoA (Batch GG1024, no certificate/report number printed)",23.04.2025,IPH / UKIM Faculty of Pharmacy [accredited labs per PP in-house CoA footnote**; lab not attributed per-row],Purely Plant in-house,"in-house CoA only — underlying eCoA NOT on file: locate the physical certificate, scan and upload",,
52,CoQ-PP-2025-0003,initial release,11.03.2025,GG1024,GG1024,Gorilla Glue,II,iCoA-PP-2025-0003,6,,Total CBN,Вкупен CBN,Ph. Eur. 2.2.29 (HPLC) · CBN + CBNA x 0.876,"≤ 1.0%, w/w",N.D.,"n/a — Purely Plant in-house CoA (Batch GG1024, no certificate/report number printed)",23.04.2025,IPH / UKIM Faculty of Pharmacy [accredited labs per PP in-house CoA footnote**; lab not attributed per-row],Purely Plant in-house,"in-house CoA only — underlying eCoA NOT on file: locate the physical certificate, scan and upload",,
53,CoQ-PP-2025-0003,initial release,11.03.2025,GG1024,GG1024,Gorilla Glue,II,iCoA-PP-2025-0003,7,,Foreign Matter,Страни материи,Ph. Eur. 2.8.2 · In-house · интерна,"≤ 2.0% / 25–50 g · < 1 cm leaves | листови, no seeds | без семки",Confirms,"n/a — Purely Plant in-house CoA (Batch GG1024, no certificate/report number printed)",23.04.2025,"Not stated on PP in-house CoA (row unmarked, not attributed to an accredited lab)",Purely Plant in-house,"in-house CoA only — underlying eCoA NOT on file: locate the physical certificate, scan and upload",,
54,CoQ-PP-2025-0003,initial release,11.03.2025,GG1024,GG1024,Gorilla Glue,II,iCoA-PP-2025-0003,8,,Loss on Drying,Губиток при сушење,"Ph. Eur. 2.2.32 (3028) · at 40 °C, 24 h, 15–25 mbar",≤ 12.0%,—,—,,,,not tested — no certificate covers it,,
55,CoQ-PP-2025-0003,initial release,11.03.2025,GG1024,GG1024,Gorilla Glue,II,iCoA-PP-2025-0003,9.1,Microbiological Purity | Микробиолошка Чистота,TAMC,Вкупен аеробен микробен број,Ph. Eur. 2.6.12 cat. C,≤ 10⁵ CFU/g,1.1·10^4 CFU/g,"n/a — Purely Plant in-house CoA (Batch GG1024, no certificate/report number printed)",23.04.2025,IPH / UKIM Faculty of Pharmacy [accredited labs per PP in-house CoA footnote**; lab not attributed per-row],Purely Plant in-house,"in-house CoA only — underlying eCoA NOT on file: locate the physical certificate, scan and upload",,
56,CoQ-PP-2025-0003,initial release,11.03.2025,GG1024,GG1024,Gorilla Glue,II,iCoA-PP-2025-0003,9.2,Microbiological Purity | Микробиолошка Чистота,TYMC,Вкупен број квасци/мувли,Ph. Eur. 2.6.12 cat. C,≤ 10⁴ CFU/g,<10 CFU/g,"n/a — Purely Plant in-house CoA (Batch GG1024, no certificate/report number printed)",23.04.2025,IPH / UKIM Faculty of Pharmacy [accredited labs per PP in-house CoA footnote**; lab not attributed per-row],Purely Plant in-house,"in-house CoA only — underlying eCoA NOT on file: locate the physical certificate, scan and upload",,
57,CoQ-PP-2025-0003,initial release,11.03.2025,GG1024,GG1024,Gorilla Glue,II,iCoA-PP-2025-0003,9.3,Microbiological Purity | Микробиолошка Чистота,Bile-tolerant gram-neg.,Жолчно-толерантни грам-нег.,Ph. Eur. 2.6.31 cat. C,≤ 10⁴ CFU/g,<10^2 >10 CFU/g,"n/a — Purely Plant in-house CoA (Batch GG1024, no certificate/report number printed)",23.04.2025,IPH / UKIM Faculty of Pharmacy [accredited labs per PP in-house CoA footnote**; lab not attributed per-row],Purely Plant in-house,"in-house CoA only — underlying eCoA NOT on file: locate the physical certificate, scan and upload",,
58,CoQ-PP-2025-0003,initial release,11.03.2025,GG1024,GG1024,Gorilla Glue,II,iCoA-PP-2025-0003,9.4,Microbiological Purity | Микробиолошка Чистота,Salmonella,Салмонела,Ph. Eur. 2.6.31 cat. C,Absence | Отсуство / 25 g,Absent,"n/a — Purely Plant in-house CoA (Batch GG1024, no certificate/report number printed)",23.04.2025,IPH / UKIM Faculty of Pharmacy [accredited labs per PP in-house CoA footnote**; lab not attributed per-row],Purely Plant in-house,"in-house CoA only — underlying eCoA NOT on file: locate the physical certificate, scan and upload",,
59,CoQ-PP-2025-0003,initial release,11.03.2025,GG1024,GG1024,Gorilla Glue,II,iCoA-PP-2025-0003,9.5,Microbiological Purity | Микробиолошка Чистота,Escherichia coli,Ешерихија коли,Ph. Eur. 2.6.13 cat. C,Absence | Отсуство / 1 g,Absent,"n/a — Purely Plant in-house CoA (Batch GG1024, no certificate/report number printed)",23.04.2025,IPH / UKIM Faculty of Pharmacy [accredited labs per PP in-house CoA footnote**; lab not attributed per-row],Purely Plant in-house,"in-house CoA only — underlying eCoA NOT on file: locate the physical certificate, scan and upload",,
60,CoQ-PP-2025-0003,initial release,11.03.2025,GG1024,GG1024,Gorilla Glue,II,iCoA-PP-2025-0003,9.6,Microbiological Purity | Микробиолошка Чистота,Pseudomonas aeruginosa,,Ph. Eur. 2.6.13 cat. C,Absence | Отсуство / 1 g,—,—,,,,upon request — not required for release,,
61,CoQ-PP-2025-0003,initial release,11.03.2025,GG1024,GG1024,Gorilla Glue,II,iCoA-PP-2025-0003,9.7,Microbiological Purity | Микробиолошка Чистота,Staphylococcus aureus,,Ph. Eur. 2.6.13 cat. C,Absence | Отсуство / 1 g,—,—,,,,upon request — not required for release,,
62,CoQ-PP-2025-0003,initial release,11.03.2025,GG1024,GG1024,Gorilla Glue,II,iCoA-PP-2025-0003,10.1,Mycotoxins | Микотоксини,Aflatoxin B₁,Афлатоксин B₁,Ph. Eur. 2.8.18 (HPLC-FLD),≤ 2 µg/kg,—,—,,,,not tested — no certificate covers it,,
63,CoQ-PP-2025-0003,initial release,11.03.2025,GG1024,GG1024,Gorilla Glue,II,iCoA-PP-2025-0003,10.2,Mycotoxins | Микотоксини,Aflatoxins ∑,Афлатоксини ∑ (B₁+B₂+G₁+G₂),Ph. Eur. 2.8.18 (HPLC-FLD),≤ 4 µg/kg,< 2 µg/kg,"n/a — Purely Plant in-house CoA (Batch GG1024, no certificate/report number printed)",23.04.2025,IPH / UKIM Faculty of Pharmacy [accredited labs per PP in-house CoA footnote**; lab not attributed per-row],Purely Plant in-house,"in-house CoA only — underlying eCoA NOT on file: locate the physical certificate, scan and upload",,
64,CoQ-PP-2025-0003,initial release,11.03.2025,GG1024,GG1024,Gorilla Glue,II,iCoA-PP-2025-0003,10.3,Mycotoxins | Микотоксини,Ochratoxin A,Охратоксин A,Ph. Eur. 2.8.22 (HPLC-FLD),≤ 20 µg/kg,—,—,,,,not tested — no certificate covers it,,
65,CoQ-PP-2025-0003,initial release,11.03.2025,GG1024,GG1024,Gorilla Glue,II,iCoA-PP-2025-0003,11.1,Heavy Metals | Тешки метали,Lead (Pb),Олово (Pb),Ph. Eur. 2.4.27 (ICP-MS),≤ 0.5 mg/kg,0.052 mg/kg,"n/a — Purely Plant in-house CoA (Batch GG1024, no certificate/report number printed)",23.04.2025,IPH / UKIM Faculty of Pharmacy [accredited labs per PP in-house CoA footnote**; lab not attributed per-row],Purely Plant in-house,"in-house CoA only — underlying eCoA NOT on file: locate the physical certificate, scan and upload",,
66,CoQ-PP-2025-0003,initial release,11.03.2025,GG1024,GG1024,Gorilla Glue,II,iCoA-PP-2025-0003,11.2,Heavy Metals | Тешки метали,Cadmium (Cd),Кадмиум (Cd),Ph. Eur. 2.4.27 (ICP-MS),≤ 0.3 mg/kg,0.016 mg/kg,"n/a — Purely Plant in-house CoA (Batch GG1024, no certificate/report number printed)",23.04.2025,IPH / UKIM Faculty of Pharmacy [accredited labs per PP in-house CoA footnote**; lab not attributed per-row],Purely Plant in-house,"in-house CoA only — underlying eCoA NOT on file: locate the physical certificate, scan and upload",,
67,CoQ-PP-2025-0003,initial release,11.03.2025,GG1024,GG1024,Gorilla Glue,II,iCoA-PP-2025-0003,11.3,Heavy Metals | Тешки метали,Arsenic (As),Арсен (As),Ph. Eur. 2.4.27 (ICP-MS),≤ 0.2 mg/kg,0.04 mg/kg,"n/a — Purely Plant in-house CoA (Batch GG1024, no certificate/report number printed)",23.04.2025,IPH / UKIM Faculty of Pharmacy [accredited labs per PP in-house CoA footnote**; lab not attributed per-row],Purely Plant in-house,"in-house CoA only — underlying eCoA NOT on file: locate the physical certificate, scan and upload",,
68,CoQ-PP-2025-0003,initial release,11.03.2025,GG1024,GG1024,Gorilla Glue,II,iCoA-PP-2025-0003,11.4,Heavy Metals | Тешки метали,Mercury (Hg),Жива (Hg),Ph. Eur. 2.4.27 (ICP-MS),≤ 0.1 mg/kg,0.004 mg/kg,"n/a — Purely Plant in-house CoA (Batch GG1024, no certificate/report number printed)",23.04.2025,IPH / UKIM Faculty of Pharmacy [accredited labs per PP in-house CoA footnote**; lab not attributed per-row],Purely Plant in-house,"in-house CoA only — underlying eCoA NOT on file: locate the physical certificate, scan and upload",,
69,CoQ-PP-2025-0003,initial release,11.03.2025,GG1024,GG1024,Gorilla Glue,II,iCoA-PP-2025-0003,12,,Pesticide Residues,Остатоци од пестициди,Ph. Eur. 2.8.13 (LC-MS/MS) · CUMCS Equivalency,≤ LOQ as per Ph. Eur. 2.8.13 · ≤ LOQ as per CUMCS Equivalency,N.D. — all 13 residues,"n/a — Purely Plant in-house CoA (Batch GG1024, no certificate/report number printed)",23.04.2025,IPH / UKIM Faculty of Pharmacy [accredited labs per PP in-house CoA footnote**; lab not attributed per-row],Purely Plant in-house,"in-house CoA only — underlying eCoA NOT on file: locate the physical certificate, scan and upload",,
70,CoQ-PP-2025-0004,initial release,11.04.2025,HPA1024,HPA1024,High Pro Amnesia,III,iCoA-PP-2025-0004,1,,"Identification A, Appearance · Macroscopic","Идентиф. A, Изглед, Макроскопски",Ph. Eur. mon. 3028,Conforms to monograph | Соодветствува со монографијата,—,—,,,,to be performed — see route,Purely Plant laboratory — iCoA covering Ident A + B,
71,CoQ-PP-2025-0004,initial release,11.04.2025,HPA1024,HPA1024,High Pro Amnesia,III,iCoA-PP-2025-0004,2,,Identification B · Microscopic,Идентиф. Б · Микроскопски,Ph. Eur. 2.8.23 (microscopy),Conforms to monograph | Соодветствува со монографијата,—,—,,,,to be performed — see route,Purely Plant laboratory — iCoA covering Ident A + B,
72,CoQ-PP-2025-0004,initial release,11.04.2025,HPA1024,HPA1024,High Pro Amnesia,III,iCoA-PP-2025-0004,3,,Identification C · HPLC/HPTLC,Идентиф. Ц · HPLC/HPTLC,Ph. Eur. 2.2.29 (3028),Conforms to monograph | Соодветствува со монографијата,—,—,,,,to be performed — see route,"outside laboratory — Ident C (CNP Ident C only, or Farmahem with the retest)",
73,CoQ-PP-2025-0004,initial release,11.04.2025,HPA1024,HPA1024,High Pro Amnesia,III,iCoA-PP-2025-0004,4,,Assay — Total Δ⁹-THC,Анализа — вкупен Δ⁹-THC,Ph. Eur. 2.2.29 (HPLC),"16.20 – 19.79 %  (grade III, class THC 18, nominal 18.00 ± 1.80)",14.97,"n/a — Purely Plant in-house CoA (Batch HPA1024, no certificate/report number printed)",23.01.2025,Purely Plant GmbH (in-house),Purely Plant in-house,covered,,17.31 (197-13-К/26)
74,CoQ-PP-2025-0004,initial release,11.04.2025,HPA1024,HPA1024,High Pro Amnesia,III,iCoA-PP-2025-0004,5,,Assay — Total CBD,Анализа — вкупен CBD,Ph. Eur. 2.2.29 (HPLC) · CBD + CBDA x 0.877,"≤ 1.0%, w/w",0.04,"n/a — Purely Plant in-house CoA (Batch HPA1024, no certificate/report number printed)",23.01.2025,Purely Plant GmbH (in-house),Purely Plant in-house,covered,,<LOQ (197-13-К/26)
75,CoQ-PP-2025-0004,initial release,11.04.2025,HPA1024,HPA1024,High Pro Amnesia,III,iCoA-PP-2025-0004,6,,Total CBN,Вкупен CBN,Ph. Eur. 2.2.29 (HPLC) · CBN + CBNA x 0.876,"≤ 1.0%, w/w",—,—,,,,not tested — no certificate covers it,,0.36 (197-13-К/26)
76,CoQ-PP-2025-0004,initial release,11.04.2025,HPA1024,HPA1024,High Pro Amnesia,III,iCoA-PP-2025-0004,7,,Foreign Matter,Страни материи,Ph. Eur. 2.8.2 · In-house · интерна,"≤ 2.0% / 25–50 g · < 1 cm leaves | листови, no seeds | без семки",—,—,,,,to be performed — see route,Purely Plant laboratory — iCoA covering Foreign matter,
77,CoQ-PP-2025-0004,initial release,11.04.2025,HPA1024,HPA1024,High Pro Amnesia,III,iCoA-PP-2025-0004,8,,Loss on Drying,Губиток при сушење,"Ph. Eur. 2.2.32 (3028) · at 40 °C, 24 h, 15–25 mbar",≤ 12.0%,—,—,,,,not tested — no certificate covers it,,
78,CoQ-PP-2025-0004,initial release,11.04.2025,HPA1024,HPA1024,High Pro Amnesia,III,iCoA-PP-2025-0004,9.1,Microbiological Purity | Микробиолошка Чистота,TAMC,Вкупен аеробен микробен број,Ph. Eur. 2.6.12 cat. C,≤ 10⁵ CFU/g,5.2·10^4,"n/a — Purely Plant in-house CoA (Batch HPA1024, no certificate/report number printed)",23.01.2025,Purely Plant GmbH (in-house),Purely Plant in-house,covered,,
79,CoQ-PP-2025-0004,initial release,11.04.2025,HPA1024,HPA1024,High Pro Amnesia,III,iCoA-PP-2025-0004,9.2,Microbiological Purity | Микробиолошка Чистота,TYMC,Вкупен број квасци/мувли,Ph. Eur. 2.6.12 cat. C,≤ 10⁴ CFU/g,7·10^2,"n/a — Purely Plant in-house CoA (Batch HPA1024, no certificate/report number printed)",23.01.2025,Purely Plant GmbH (in-house),Purely Plant in-house,covered,,
80,CoQ-PP-2025-0004,initial release,11.04.2025,HPA1024,HPA1024,High Pro Amnesia,III,iCoA-PP-2025-0004,9.3,Microbiological Purity | Микробиолошка Чистота,Bile-tolerant gram-neg.,Жолчно-толерантни грам-нег.,Ph. Eur. 2.6.31 cat. C,≤ 10⁴ CFU/g,<10,"n/a — Purely Plant in-house CoA (Batch HPA1024, no certificate/report number printed)",23.01.2025,Purely Plant GmbH (in-house),Purely Plant in-house,covered — laboratory finding recorded,,
81,CoQ-PP-2025-0004,initial release,11.04.2025,HPA1024,HPA1024,High Pro Amnesia,III,iCoA-PP-2025-0004,9.4,Microbiological Purity | Микробиолошка Чистота,Salmonella,Салмонела,Ph. Eur. 2.6.31 cat. C,Absence | Отсуство / 25 g,Absent,"n/a — Purely Plant in-house CoA (Batch HPA1024, no certificate/report number printed)",23.01.2025,Purely Plant GmbH (in-house),Purely Plant in-house,covered,,
82,CoQ-PP-2025-0004,initial release,11.04.2025,HPA1024,HPA1024,High Pro Amnesia,III,iCoA-PP-2025-0004,9.5,Microbiological Purity | Микробиолошка Чистота,Escherichia coli,Ешерихија коли,Ph. Eur. 2.6.13 cat. C,Absence | Отсуство / 1 g,Absent,"n/a — Purely Plant in-house CoA (Batch HPA1024, no certificate/report number printed)",23.01.2025,Purely Plant GmbH (in-house),Purely Plant in-house,covered,,
83,CoQ-PP-2025-0004,initial release,11.04.2025,HPA1024,HPA1024,High Pro Amnesia,III,iCoA-PP-2025-0004,9.6,Microbiological Purity | Микробиолошка Чистота,Pseudomonas aeruginosa,,Ph. Eur. 2.6.13 cat. C,Absence | Отсуство / 1 g,—,—,,,,upon request — not required for release,,
84,CoQ-PP-2025-0004,initial release,11.04.2025,HPA1024,HPA1024,High Pro Amnesia,III,iCoA-PP-2025-0004,9.7,Microbiological Purity | Микробиолошка Чистота,Staphylococcus aureus,,Ph. Eur. 2.6.13 cat. C,Absence | Отсуство / 1 g,—,—,,,,upon request — not required for release,,
85,CoQ-PP-2025-0004,initial release,11.04.2025,HPA1024,HPA1024,High Pro Amnesia,III,iCoA-PP-2025-0004,10.1,Mycotoxins | Микотоксини,Aflatoxin B₁,Афлатоксин B₁,Ph. Eur. 2.8.18 (HPLC-FLD),≤ 2 µg/kg,—,—,,,,not tested — no certificate covers it,,ND (197-13-М/26)
86,CoQ-PP-2025-0004,initial release,11.04.2025,HPA1024,HPA1024,High Pro Amnesia,III,iCoA-PP-2025-0004,10.2,Mycotoxins | Микотоксини,Aflatoxins ∑,Афлатоксини ∑ (B₁+B₂+G₁+G₂),Ph. Eur. 2.8.18 (HPLC-FLD),≤ 4 µg/kg,< 2,"n/a — Purely Plant in-house CoA (Batch HPA1024, no certificate/report number printed)",23.01.2025,Purely Plant GmbH (in-house),Purely Plant in-house,covered,,ND (197-13-М/26)
87,CoQ-PP-2025-0004,initial release,11.04.2025,HPA1024,HPA1024,High Pro Amnesia,III,iCoA-PP-2025-0004,10.3,Mycotoxins | Микотоксини,Ochratoxin A,Охратоксин A,Ph. Eur. 2.8.22 (HPLC-FLD),≤ 20 µg/kg,—,—,,,,not tested — no certificate covers it,,<LOQ (197-13-М/26)
88,CoQ-PP-2025-0004,initial release,11.04.2025,HPA1024,HPA1024,High Pro Amnesia,III,iCoA-PP-2025-0004,11.1,Heavy Metals | Тешки метали,Lead (Pb),Олово (Pb),Ph. Eur. 2.4.27 (ICP-MS),≤ 0.5 mg/kg,0.02,"n/a — Purely Plant in-house CoA (Batch HPA1024, no certificate/report number printed)",23.01.2025,Purely Plant GmbH (in-house),Purely Plant in-house,covered,,
89,CoQ-PP-2025-0004,initial release,11.04.2025,HPA1024,HPA1024,High Pro Amnesia,III,iCoA-PP-2025-0004,11.2,Heavy Metals | Тешки метали,Cadmium (Cd),Кадмиум (Cd),Ph. Eur. 2.4.27 (ICP-MS),≤ 0.3 mg/kg,0.013,"n/a — Purely Plant in-house CoA (Batch HPA1024, no certificate/report number printed)",23.01.2025,Purely Plant GmbH (in-house),Purely Plant in-house,covered,,
90,CoQ-PP-2025-0004,initial release,11.04.2025,HPA1024,HPA1024,High Pro Amnesia,III,iCoA-PP-2025-0004,11.3,Heavy Metals | Тешки метали,Arsenic (As),Арсен (As),Ph. Eur. 2.4.27 (ICP-MS),≤ 0.2 mg/kg,0.017,"n/a — Purely Plant in-house CoA (Batch HPA1024, no certificate/report number printed)",23.01.2025,Purely Plant GmbH (in-house),Purely Plant in-house,covered,,
91,CoQ-PP-2025-0004,initial release,11.04.2025,HPA1024,HPA1024,High Pro Amnesia,III,iCoA-PP-2025-0004,11.4,Heavy Metals | Тешки метали,Mercury (Hg),Жива (Hg),Ph. Eur. 2.4.27 (ICP-MS),≤ 0.1 mg/kg,0.0026,"n/a — Purely Plant in-house CoA (Batch HPA1024, no certificate/report number printed)",23.01.2025,Purely Plant GmbH (in-house),Purely Plant in-house,covered,,
92,CoQ-PP-2025-0004,initial release,11.04.2025,HPA1024,HPA1024,High Pro Amnesia,III,iCoA-PP-2025-0004,12,,Pesticide Residues,Остатоци од пестициди,Ph. Eur. 2.8.13 (LC-MS/MS) · CUMCS Equivalency,≤ LOQ as per Ph. Eur. 2.8.13 · ≤ LOQ as per CUMCS Equivalency,N.D.,"n/a — Purely Plant in-house CoA (Batch HPA1024, no certificate/report number printed)",23.01.2025,Purely Plant GmbH (in-house),Purely Plant in-house,covered,,
93,CoQ-PP-2025-0005,initial release,24.04.2025,OPM1024,OPM1024,Orange Punch Mimosa,I,iCoA-PP-2025-0005,1,,"Identification A, Appearance · Macroscopic","Идентиф. A, Изглед, Макроскопски",Ph. Eur. mon. 3028,Conforms to monograph | Соодветствува со монографијата,—,—,,,,to be performed — see route,Purely Plant laboratory — iCoA covering Ident A + B,
94,CoQ-PP-2025-0005,initial release,24.04.2025,OPM1024,OPM1024,Orange Punch Mimosa,I,iCoA-PP-2025-0005,2,,Identification B · Microscopic,Идентиф. Б · Микроскопски,Ph. Eur. 2.8.23 (microscopy),Conforms to monograph | Соодветствува со монографијата,—,—,,,,to be performed — see route,Purely Plant laboratory — iCoA covering Ident A + B,
95,CoQ-PP-2025-0005,initial release,24.04.2025,OPM1024,OPM1024,Orange Punch Mimosa,I,iCoA-PP-2025-0005,3,,Identification C · HPLC/HPTLC,Идентиф. Ц · HPLC/HPTLC,Ph. Eur. 2.2.29 (3028),Conforms to monograph | Соодветствува со монографијата,—,—,,,,to be performed — see route,"outside laboratory — Ident C (CNP Ident C only, or Farmahem with the retest)",
96,CoQ-PP-2025-0005,initial release,24.04.2025,OPM1024,OPM1024,Orange Punch Mimosa,I,iCoA-PP-2025-0005,4,,Assay — Total Δ⁹-THC,Анализа — вкупен Δ⁹-THC,Ph. Eur. 2.2.29 (HPLC),"19.80 – 24.19 %  (grade I, class THC 22, nominal 22.00 ± 2.20)",19.96,"n/a — Purely Plant in-house CoA (Batch OPM1024, no certificate/report number printed)",23.04.2025,Purely Plant GmbH (in-house),Purely Plant in-house,covered,,20.03 (197-17-К/26)
97,CoQ-PP-2025-0005,initial release,24.04.2025,OPM1024,OPM1024,Orange Punch Mimosa,I,iCoA-PP-2025-0005,5,,Assay — Total CBD,Анализа — вкупен CBD,Ph. Eur. 2.2.29 (HPLC) · CBD + CBDA x 0.877,"≤ 1.0%, w/w",0.05,"n/a — Purely Plant in-house CoA (Batch OPM1024, no certificate/report number printed)",23.04.2025,Purely Plant GmbH (in-house),Purely Plant in-house,covered,,<LOQ (197-17-К/26)
98,CoQ-PP-2025-0005,initial release,24.04.2025,OPM1024,OPM1024,Orange Punch Mimosa,I,iCoA-PP-2025-0005,6,,Total CBN,Вкупен CBN,Ph. Eur. 2.2.29 (HPLC) · CBN + CBNA x 0.876,"≤ 1.0%, w/w",—,—,,,,not tested — no certificate covers it,,<LOQ (197-17-К/26)
99,CoQ-PP-2025-0005,initial release,24.04.2025,OPM1024,OPM1024,Orange Punch Mimosa,I,iCoA-PP-2025-0005,7,,Foreign Matter,Страни материи,Ph. Eur. 2.8.2 · In-house · интерна,"≤ 2.0% / 25–50 g · < 1 cm leaves | листови, no seeds | без семки",—,—,,,,to be performed — see route,Purely Plant laboratory — iCoA covering Foreign matter,
100,CoQ-PP-2025-0005,initial release,24.04.2025,OPM1024,OPM1024,Orange Punch Mimosa,I,iCoA-PP-2025-0005,8,,Loss on Drying,Губиток при сушење,"Ph. Eur. 2.2.32 (3028) · at 40 °C, 24 h, 15–25 mbar",≤ 12.0%,—,—,,,,not tested — no certificate covers it,,
101,CoQ-PP-2025-0005,initial release,24.04.2025,OPM1024,OPM1024,Orange Punch Mimosa,I,iCoA-PP-2025-0005,9.1,Microbiological Purity | Микробиолошка Чистота,TAMC,Вкупен аеробен микробен број,Ph. Eur. 2.6.12 cat. C,≤ 10⁵ CFU/g,1.3·10^4,"n/a — Purely Plant in-house CoA (Batch OPM1024, no certificate/report number printed)",23.04.2025,Purely Plant GmbH (in-house),Purely Plant in-house,covered,,
102,CoQ-PP-2025-0005,initial release,24.04.2025,OPM1024,OPM1024,Orange Punch Mimosa,I,iCoA-PP-2025-0005,9.2,Microbiological Purity | Микробиолошка Чистота,TYMC,Вкупен број квасци/мувли,Ph. Eur. 2.6.12 cat. C,≤ 10⁴ CFU/g,7·10^2,"n/a — Purely Plant in-house CoA (Batch OPM1024, no certificate/report number printed)",23.04.2025,Purely Plant GmbH (in-house),Purely Plant in-house,covered,,
103,CoQ-PP-2025-0005,initial release,24.04.2025,OPM1024,OPM1024,Orange Punch Mimosa,I,iCoA-PP-2025-0005,9.3,Microbiological Purity | Микробиолошка Чистота,Bile-tolerant gram-neg.,Жолчно-толерантни грам-нег.,Ph. Eur. 2.6.31 cat. C,≤ 10⁴ CFU/g,<10²>10³,"n/a — Purely Plant in-house CoA (Batch OPM1024, no certificate/report number printed)",23.04.2025,Purely Plant GmbH (in-house),Purely Plant in-house,covered — laboratory finding recorded,,
104,CoQ-PP-2025-0005,initial release,24.04.2025,OPM1024,OPM1024,Orange Punch Mimosa,I,iCoA-PP-2025-0005,9.4,Microbiological Purity | Микробиолошка Чистота,Salmonella,Салмонела,Ph. Eur. 2.6.31 cat. C,Absence | Отсуство / 25 g,Absent,"n/a — Purely Plant in-house CoA (Batch OPM1024, no certificate/report number printed)",23.04.2025,Purely Plant GmbH (in-house),Purely Plant in-house,covered,,
105,CoQ-PP-2025-0005,initial release,24.04.2025,OPM1024,OPM1024,Orange Punch Mimosa,I,iCoA-PP-2025-0005,9.5,Microbiological Purity | Микробиолошка Чистота,Escherichia coli,Ешерихија коли,Ph. Eur. 2.6.13 cat. C,Absence | Отсуство / 1 g,Absent,"n/a — Purely Plant in-house CoA (Batch OPM1024, no certificate/report number printed)",23.04.2025,Purely Plant GmbH (in-house),Purely Plant in-house,covered,,
106,CoQ-PP-2025-0005,initial release,24.04.2025,OPM1024,OPM1024,Orange Punch Mimosa,I,iCoA-PP-2025-0005,9.6,Microbiological Purity | Микробиолошка Чистота,Pseudomonas aeruginosa,,Ph. Eur. 2.6.13 cat. C,Absence | Отсуство / 1 g,—,—,,,,upon request — not required for release,,
107,CoQ-PP-2025-0005,initial release,24.04.2025,OPM1024,OPM1024,Orange Punch Mimosa,I,iCoA-PP-2025-0005,9.7,Microbiological Purity | Микробиолошка Чистота,Staphylococcus aureus,,Ph. Eur. 2.6.13 cat. C,Absence | Отсуство / 1 g,—,—,,,,upon request — not required for release,,
108,CoQ-PP-2025-0005,initial release,24.04.2025,OPM1024,OPM1024,Orange Punch Mimosa,I,iCoA-PP-2025-0005,10.1,Mycotoxins | Микотоксини,Aflatoxin B₁,Афлатоксин B₁,Ph. Eur. 2.8.18 (HPLC-FLD),≤ 2 µg/kg,—,—,,,,not tested — no certificate covers it,,ND (197-17-М/26)
109,CoQ-PP-2025-0005,initial release,24.04.2025,OPM1024,OPM1024,Orange Punch Mimosa,I,iCoA-PP-2025-0005,10.2,Mycotoxins | Микотоксини,Aflatoxins ∑,Афлатоксини ∑ (B₁+B₂+G₁+G₂),Ph. Eur. 2.8.18 (HPLC-FLD),≤ 4 µg/kg,< 2,"n/a — Purely Plant in-house CoA (Batch OPM1024, no certificate/report number printed)",23.04.2025,Purely Plant GmbH (in-house),Purely Plant in-house,covered,,ND (197-17-М/26)
110,CoQ-PP-2025-0005,initial release,24.04.2025,OPM1024,OPM1024,Orange Punch Mimosa,I,iCoA-PP-2025-0005,10.3,Mycotoxins | Микотоксини,Ochratoxin A,Охратоксин A,Ph. Eur. 2.8.22 (HPLC-FLD),≤ 20 µg/kg,—,—,,,,not tested — no certificate covers it,,ND (197-17-М/26)
111,CoQ-PP-2025-0005,initial release,24.04.2025,OPM1024,OPM1024,Orange Punch Mimosa,I,iCoA-PP-2025-0005,11.1,Heavy Metals | Тешки метали,Lead (Pb),Олово (Pb),Ph. Eur. 2.4.27 (ICP-MS),≤ 0.5 mg/kg,0.031,"n/a — Purely Plant in-house CoA (Batch OPM1024, no certificate/report number printed)",23.04.2025,Purely Plant GmbH (in-house),Purely Plant in-house,covered,,
112,CoQ-PP-2025-0005,initial release,24.04.2025,OPM1024,OPM1024,Orange Punch Mimosa,I,iCoA-PP-2025-0005,11.2,Heavy Metals | Тешки метали,Cadmium (Cd),Кадмиум (Cd),Ph. Eur. 2.4.27 (ICP-MS),≤ 0.3 mg/kg,0.017,"n/a — Purely Plant in-house CoA (Batch OPM1024, no certificate/report number printed)",23.04.2025,Purely Plant GmbH (in-house),Purely Plant in-house,covered,,
113,CoQ-PP-2025-0005,initial release,24.04.2025,OPM1024,OPM1024,Orange Punch Mimosa,I,iCoA-PP-2025-0005,11.3,Heavy Metals | Тешки метали,Arsenic (As),Арсен (As),Ph. Eur. 2.4.27 (ICP-MS),≤ 0.2 mg/kg,0.045,"n/a — Purely Plant in-house CoA (Batch OPM1024, no certificate/report number printed)",23.04.2025,Purely Plant GmbH (in-house),Purely Plant in-house,covered,,
114,CoQ-PP-2025-0005,initial release,24.04.2025,OPM1024,OPM1024,Orange Punch Mimosa,I,iCoA-PP-2025-0005,11.4,Heavy Metals | Тешки метали,Mercury (Hg),Жива (Hg),Ph. Eur. 2.4.27 (ICP-MS),≤ 0.1 mg/kg,0.005,"n/a — Purely Plant in-house CoA (Batch OPM1024, no certificate/report number printed)",23.04.2025,Purely Plant GmbH (in-house),Purely Plant in-house,covered,,
115,CoQ-PP-2025-0005,initial release,24.04.2025,OPM1024,OPM1024,Orange Punch Mimosa,I,iCoA-PP-2025-0005,12,,Pesticide Residues,Остатоци од пестициди,Ph. Eur. 2.8.13 (LC-MS/MS) · CUMCS Equivalency,≤ LOQ as per Ph. Eur. 2.8.13 · ≤ LOQ as per CUMCS Equivalency,N.D.,"n/a — Purely Plant in-house CoA (Batch OPM1024, no certificate/report number printed)",23.04.2025,Purely Plant GmbH (in-house),Purely Plant in-house,covered,,
116,CoQ-PP-2025-0006,initial release,03.06.2025,P050022,GP0824_02,Grape Pie,III,iCoA-PP-2025-0006,1,,"Identification A, Appearance · Macroscopic","Идентиф. A, Изглед, Макроскопски",Ph. Eur. mon. 3028,Conforms to monograph | Соодветствува со монографијата,—,—,,,,to be performed — see route,Purely Plant laboratory — iCoA covering Ident A + B,
117,CoQ-PP-2025-0006,initial release,03.06.2025,P050022,GP0824_02,Grape Pie,III,iCoA-PP-2025-0006,2,,Identification B · Microscopic,Идентиф. Б · Микроскопски,Ph. Eur. 2.8.23 (microscopy),Conforms to monograph | Соодветствува со монографијата,—,—,,,,to be performed — see route,Purely Plant laboratory — iCoA covering Ident A + B,
118,CoQ-PP-2025-0006,initial release,03.06.2025,P050022,GP0824_02,Grape Pie,III,iCoA-PP-2025-0006,3,,Identification C · HPLC/HPTLC,Идентиф. Ц · HPLC/HPTLC,Ph. Eur. 2.2.29 (3028),Conforms to monograph | Соодветствува со монографијата,—,—,,,,to be performed — see route,"outside laboratory — Ident C (CNP Ident C only, or Farmahem with the retest)",
119,CoQ-PP-2025-0006,initial release,03.06.2025,P050022,GP0824_02,Grape Pie,III,iCoA-PP-2025-0006,4,,Assay — Total Δ⁹-THC,Анализа — вкупен Δ⁹-THC,Ph. Eur. 2.2.29 (HPLC),"21.60 – 26.39 %  (grade III, class THC 24, nominal 24.00 ± 2.40)",23.79,ППК25139,22.05.2025,UKIM Faculty of Pharmacy — Center for Natural Products,UKIM CNP potency,covered,,23.19 (ППК25174); 22.61 (197-11-К/26); 21.31 (ППК26032); 13.16 (ППК26033); 23.08 (ППК26059)
120,CoQ-PP-2025-0006,initial release,03.06.2025,P050022,GP0824_02,Grape Pie,III,iCoA-PP-2025-0006,5,,Assay — Total CBD,Анализа — вкупен CBD,Ph. Eur. 2.2.29 (HPLC) · CBD + CBDA x 0.877,"≤ 1.0%, w/w",0.10,ППК25139,22.05.2025,UKIM Faculty of Pharmacy — Center for Natural Products,UKIM CNP potency,covered,,0.07 (ППК25174); <LOQ (197-11-К/26); 0.03 (ППК26032); 0.05 (ППК26033); 0.03 (ППК26059)
121,CoQ-PP-2025-0006,initial release,03.06.2025,P050022,GP0824_02,Grape Pie,III,iCoA-PP-2025-0006,6,,Total CBN,Вкупен CBN,Ph. Eur. 2.2.29 (HPLC) · CBN + CBNA x 0.876,"≤ 1.0%, w/w",0.02,ППК25139,22.05.2025,UKIM Faculty of Pharmacy — Center for Natural Products,UKIM CNP potency,covered,,0.23 (197-11-К/26); 0.23 (ППК26032); 2.35 (ППК26033); 0.30 (ППК26059)
122,CoQ-PP-2025-0006,initial release,03.06.2025,P050022,GP0824_02,Grape Pie,III,iCoA-PP-2025-0006,7,,Foreign Matter,Страни материи,Ph. Eur. 2.8.2 · In-house · интерна,"≤ 2.0% / 25–50 g · < 1 cm leaves | листови, no seeds | без семки",—,—,,,,to be performed — see route,Purely Plant laboratory — iCoA covering Foreign matter,
123,CoQ-PP-2025-0006,initial release,03.06.2025,P050022,GP0824_02,Grape Pie,III,iCoA-PP-2025-0006,8,,Loss on Drying,Губиток при сушење,"Ph. Eur. 2.2.32 (3028) · at 40 °C, 24 h, 15–25 mbar",≤ 12.0%,7.21,ППК25139,22.05.2025,UKIM Faculty of Pharmacy — Center for Natural Products,UKIM CNP potency,covered,,6.51 (ППК25174); 6.32 (ППК26032); 5.84 (ППК26033); 6.62 (ППК26059)
124,CoQ-PP-2025-0006,initial release,03.06.2025,P050022,GP0824_02,Grape Pie,III,iCoA-PP-2025-0006,9.1,Microbiological Purity | Микробиолошка Чистота,TAMC,Вкупен аеробен микробен број,Ph. Eur. 2.6.12 cat. C,≤ 10⁵ CFU/g,<10,627/1128/25,02.07.2025,IPH — Institute of Public Health,IPH microbiology,covered,,
125,CoQ-PP-2025-0006,initial release,03.06.2025,P050022,GP0824_02,Grape Pie,III,iCoA-PP-2025-0006,9.2,Microbiological Purity | Микробиолошка Чистота,TYMC,Вкупен број квасци/мувли,Ph. Eur. 2.6.12 cat. C,≤ 10⁴ CFU/g,<10,627/1128/25,02.07.2025,IPH — Institute of Public Health,IPH microbiology,covered,,
126,CoQ-PP-2025-0006,initial release,03.06.2025,P050022,GP0824_02,Grape Pie,III,iCoA-PP-2025-0006,9.3,Microbiological Purity | Микробиолошка Чистота,Bile-tolerant gram-neg.,Жолчно-толерантни грам-нег.,Ph. Eur. 2.6.31 cat. C,≤ 10⁴ CFU/g,<10,627/1128/25,02.07.2025,IPH — Institute of Public Health,IPH microbiology,covered,,
127,CoQ-PP-2025-0006,initial release,03.06.2025,P050022,GP0824_02,Grape Pie,III,iCoA-PP-2025-0006,9.4,Microbiological Purity | Микробиолошка Чистота,Salmonella,Салмонела,Ph. Eur. 2.6.31 cat. C,Absence | Отсуство / 25 g,Одговара (absent),627/1128/25,02.07.2025,IPH — Institute of Public Health,IPH microbiology,covered,,
128,CoQ-PP-2025-0006,initial release,03.06.2025,P050022,GP0824_02,Grape Pie,III,iCoA-PP-2025-0006,9.5,Microbiological Purity | Микробиолошка Чистота,Escherichia coli,Ешерихија коли,Ph. Eur. 2.6.13 cat. C,Absence | Отсуство / 1 g,Одговара (absent),627/1128/25,02.07.2025,IPH — Institute of Public Health,IPH microbiology,covered,,
129,CoQ-PP-2025-0006,initial release,03.06.2025,P050022,GP0824_02,Grape Pie,III,iCoA-PP-2025-0006,9.6,Microbiological Purity | Микробиолошка Чистота,Pseudomonas aeruginosa,,Ph. Eur. 2.6.13 cat. C,Absence | Отсуство / 1 g,—,—,,,,upon request — not required for release,,
130,CoQ-PP-2025-0006,initial release,03.06.2025,P050022,GP0824_02,Grape Pie,III,iCoA-PP-2025-0006,9.7,Microbiological Purity | Микробиолошка Чистота,Staphylococcus aureus,,Ph. Eur. 2.6.13 cat. C,Absence | Отсуство / 1 g,—,—,,,,upon request — not required for release,,
131,CoQ-PP-2025-0006,initial release,03.06.2025,P050022,GP0824_02,Grape Pie,III,iCoA-PP-2025-0006,10.1,Mycotoxins | Микотоксини,Aflatoxin B₁,Афлатоксин B₁,Ph. Eur. 2.8.18 (HPLC-FLD),≤ 2 µg/kg,—,—,,,,not tested — no certificate covers it,,ND (197-11-М/26)
132,CoQ-PP-2025-0006,initial release,03.06.2025,P050022,GP0824_02,Grape Pie,III,iCoA-PP-2025-0006,10.2,Mycotoxins | Микотоксини,Aflatoxins ∑,Афлатоксини ∑ (B₁+B₂+G₁+G₂),Ph. Eur. 2.8.18 (HPLC-FLD),≤ 4 µg/kg,<2,3176/2025,26.06.2025,IPH — Institute of Public Health,"IPH mycotoxins, metals, pesticides",covered,,ND (197-11-М/26)
133,CoQ-PP-2025-0006,initial release,03.06.2025,P050022,GP0824_02,Grape Pie,III,iCoA-PP-2025-0006,10.3,Mycotoxins | Микотоксини,Ochratoxin A,Охратоксин A,Ph. Eur. 2.8.22 (HPLC-FLD),≤ 20 µg/kg,—,—,,,,not tested — no certificate covers it,,ND (197-11-М/26)
134,CoQ-PP-2025-0006,initial release,03.06.2025,P050022,GP0824_02,Grape Pie,III,iCoA-PP-2025-0006,11.1,Heavy Metals | Тешки метали,Lead (Pb),Олово (Pb),Ph. Eur. 2.4.27 (ICP-MS),≤ 0.5 mg/kg,N.D.,3176/2025,26.06.2025,IPH — Institute of Public Health,"IPH mycotoxins, metals, pesticides",covered,,
135,CoQ-PP-2025-0006,initial release,03.06.2025,P050022,GP0824_02,Grape Pie,III,iCoA-PP-2025-0006,11.2,Heavy Metals | Тешки метали,Cadmium (Cd),Кадмиум (Cd),Ph. Eur. 2.4.27 (ICP-MS),≤ 0.3 mg/kg,N.D.,3176/2025,26.06.2025,IPH — Institute of Public Health,"IPH mycotoxins, metals, pesticides",covered,,
136,CoQ-PP-2025-0006,initial release,03.06.2025,P050022,GP0824_02,Grape Pie,III,iCoA-PP-2025-0006,11.3,Heavy Metals | Тешки метали,Arsenic (As),Арсен (As),Ph. Eur. 2.4.27 (ICP-MS),≤ 0.2 mg/kg,0.047,3176/2025,26.06.2025,IPH — Institute of Public Health,"IPH mycotoxins, metals, pesticides",covered,,
137,CoQ-PP-2025-0006,initial release,03.06.2025,P050022,GP0824_02,Grape Pie,III,iCoA-PP-2025-0006,11.4,Heavy Metals | Тешки метали,Mercury (Hg),Жива (Hg),Ph. Eur. 2.4.27 (ICP-MS),≤ 0.1 mg/kg,N.D.,3176/2025,26.06.2025,IPH — Institute of Public Health,"IPH mycotoxins, metals, pesticides",covered,,
138,CoQ-PP-2025-0006,initial release,03.06.2025,P050022,GP0824_02,Grape Pie,III,iCoA-PP-2025-0006,12,,Pesticide Residues,Остатоци од пестициди,Ph. Eur. 2.8.13 (LC-MS/MS) · CUMCS Equivalency,≤ LOQ as per Ph. Eur. 2.8.13 · ≤ LOQ as per CUMCS Equivalency,N.D.,3176/2025,26.06.2025,IPH — Institute of Public Health,"IPH mycotoxins, metals, pesticides",covered,,
139,CoQ-PP-2025-0007,initial release,20.06.2025,P050042,OMP1024_01,Orange Punch Mimosa,III,iCoA-PP-2025-0007,1,,"Identification A, Appearance · Macroscopic","Идентиф. A, Изглед, Макроскопски",Ph. Eur. mon. 3028,Conforms to monograph | Соодветствува со монографијата,—,—,,,,to be performed — see route,Purely Plant laboratory — iCoA covering Ident A + B,
140,CoQ-PP-2025-0007,initial release,20.06.2025,P050042,OMP1024_01,Orange Punch Mimosa,III,iCoA-PP-2025-0007,2,,Identification B · Microscopic,Идентиф. Б · Микроскопски,Ph. Eur. 2.8.23 (microscopy),Conforms to monograph | Соодветствува со монографијата,—,—,,,,to be performed — see route,Purely Plant laboratory — iCoA covering Ident A + B,
141,CoQ-PP-2025-0007,initial release,20.06.2025,P050042,OMP1024_01,Orange Punch Mimosa,III,iCoA-PP-2025-0007,3,,Identification C · HPLC/HPTLC,Идентиф. Ц · HPLC/HPTLC,Ph. Eur. 2.2.29 (3028),Conforms to monograph | Соодветствува со монографијата,—,—,,,,to be performed — see route,"outside laboratory — Ident C (CNP Ident C only, or Farmahem with the retest)",
142,CoQ-PP-2025-0007,initial release,20.06.2025,P050042,OMP1024_01,Orange Punch Mimosa,III,iCoA-PP-2025-0007,4,,Assay — Total Δ⁹-THC,Анализа — вкупен Δ⁹-THC,Ph. Eur. 2.2.29 (HPLC),"16.20 – 19.79 %  (grade III, class THC 18, nominal 18.00 ± 1.80)",15.38,ППК25117,06.05.2025,UKIM Faculty of Pharmacy — Center for Natural Products,UKIM CNP potency,covered,,
143,CoQ-PP-2025-0007,initial release,20.06.2025,P050042,OMP1024_01,Orange Punch Mimosa,III,iCoA-PP-2025-0007,5,,Assay — Total CBD,Анализа — вкупен CBD,Ph. Eur. 2.2.29 (HPLC) · CBD + CBDA x 0.877,"≤ 1.0%, w/w",0.04,ППК25117,06.05.2025,UKIM Faculty of Pharmacy — Center for Natural Products,UKIM CNP potency,covered,,
144,CoQ-PP-2025-0007,initial release,20.06.2025,P050042,OMP1024_01,Orange Punch Mimosa,III,iCoA-PP-2025-0007,6,,Total CBN,Вкупен CBN,Ph. Eur. 2.2.29 (HPLC) · CBN + CBNA x 0.876,"≤ 1.0%, w/w",—,—,,,,not tested — no certificate covers it,,
145,CoQ-PP-2025-0007,initial release,20.06.2025,P050042,OMP1024_01,Orange Punch Mimosa,III,iCoA-PP-2025-0007,7,,Foreign Matter,Страни материи,Ph. Eur. 2.8.2 · In-house · интерна,"≤ 2.0% / 25–50 g · < 1 cm leaves | листови, no seeds | без семки",—,—,,,,to be performed — see route,Purely Plant laboratory — iCoA covering Foreign matter,
146,CoQ-PP-2025-0007,initial release,20.06.2025,P050042,OMP1024_01,Orange Punch Mimosa,III,iCoA-PP-2025-0007,8,,Loss on Drying,Губиток при сушење,"Ph. Eur. 2.2.32 (3028) · at 40 °C, 24 h, 15–25 mbar",≤ 12.0%,5.86,ППК25117,06.05.2025,UKIM Faculty of Pharmacy — Center for Natural Products,UKIM CNP potency,covered,,
147,CoQ-PP-2025-0007,initial release,20.06.2025,P050042,OMP1024_01,Orange Punch Mimosa,III,iCoA-PP-2025-0007,9.1,Microbiological Purity | Микробиолошка Чистота,TAMC,Вкупен аеробен микробен број,Ph. Eur. 2.6.12 cat. C,≤ 10⁵ CFU/g,<10,2156/2025 (microbiology sub-report lab-ref not distinctly captured in OCR text),07.05.2025,IPH — Institute of Public Health,other,covered,,
148,CoQ-PP-2025-0007,initial release,20.06.2025,P050042,OMP1024_01,Orange Punch Mimosa,III,iCoA-PP-2025-0007,9.2,Microbiological Purity | Микробиолошка Чистота,TYMC,Вкупен број квасци/мувли,Ph. Eur. 2.6.12 cat. C,≤ 10⁴ CFU/g,<10,2156/2025 (microbiology sub-report lab-ref not distinctly captured in OCR text),07.05.2025,IPH — Institute of Public Health,other,covered,,
149,CoQ-PP-2025-0007,initial release,20.06.2025,P050042,OMP1024_01,Orange Punch Mimosa,III,iCoA-PP-2025-0007,9.3,Microbiological Purity | Микробиолошка Чистота,Bile-tolerant gram-neg.,Жолчно-толерантни грам-нег.,Ph. Eur. 2.6.31 cat. C,≤ 10⁴ CFU/g,<10² and >10,2156/2025 (microbiology sub-report lab-ref not distinctly captured in OCR text),07.05.2025,IPH — Institute of Public Health,other,covered,,
150,CoQ-PP-2025-0007,initial release,20.06.2025,P050042,OMP1024_01,Orange Punch Mimosa,III,iCoA-PP-2025-0007,9.4,Microbiological Purity | Микробиолошка Чистота,Salmonella,Салмонела,Ph. Eur. 2.6.31 cat. C,Absence | Отсуство / 25 g,Absent,2156/2025 (microbiology sub-report lab-ref not distinctly captured in OCR text),07.05.2025,IPH — Institute of Public Health,other,covered,,
151,CoQ-PP-2025-0007,initial release,20.06.2025,P050042,OMP1024_01,Orange Punch Mimosa,III,iCoA-PP-2025-0007,9.5,Microbiological Purity | Микробиолошка Чистота,Escherichia coli,Ешерихија коли,Ph. Eur. 2.6.13 cat. C,Absence | Отсуство / 1 g,Absent,2156/2025 (microbiology sub-report lab-ref not distinctly captured in OCR text),07.05.2025,IPH — Institute of Public Health,other,covered,,
152,CoQ-PP-2025-0007,initial release,20.06.2025,P050042,OMP1024_01,Orange Punch Mimosa,III,iCoA-PP-2025-0007,9.6,Microbiological Purity | Микробиолошка Чистота,Pseudomonas aeruginosa,,Ph. Eur. 2.6.13 cat. C,Absence | Отсуство / 1 g,—,—,,,,upon request — not required for release,,
153,CoQ-PP-2025-0007,initial release,20.06.2025,P050042,OMP1024_01,Orange Punch Mimosa,III,iCoA-PP-2025-0007,9.7,Microbiological Purity | Микробиолошка Чистота,Staphylococcus aureus,,Ph. Eur. 2.6.13 cat. C,Absence | Отсуство / 1 g,—,—,,,,upon request — not required for release,,
154,CoQ-PP-2025-0007,initial release,20.06.2025,P050042,OMP1024_01,Orange Punch Mimosa,III,iCoA-PP-2025-0007,10.1,Mycotoxins | Микотоксини,Aflatoxin B₁,Афлатоксин B₁,Ph. Eur. 2.8.18 (HPLC-FLD),≤ 2 µg/kg,—,—,,,,not tested — no certificate covers it,,
155,CoQ-PP-2025-0007,initial release,20.06.2025,P050042,OMP1024_01,Orange Punch Mimosa,III,iCoA-PP-2025-0007,10.2,Mycotoxins | Микотоксини,Aflatoxins ∑,Афлатоксини ∑ (B₁+B₂+G₁+G₂),Ph. Eur. 2.8.18 (HPLC-FLD),≤ 4 µg/kg,<2,2156/2025,07.05.2025,IPH — Institute of Public Health,"IPH mycotoxins, metals, pesticides",covered,,
156,CoQ-PP-2025-0007,initial release,20.06.2025,P050042,OMP1024_01,Orange Punch Mimosa,III,iCoA-PP-2025-0007,10.3,Mycotoxins | Микотоксини,Ochratoxin A,Охратоксин A,Ph. Eur. 2.8.22 (HPLC-FLD),≤ 20 µg/kg,—,—,,,,not tested — no certificate covers it,,
157,CoQ-PP-2025-0007,initial release,20.06.2025,P050042,OMP1024_01,Orange Punch Mimosa,III,iCoA-PP-2025-0007,11.1,Heavy Metals | Тешки метали,Lead (Pb),Олово (Pb),Ph. Eur. 2.4.27 (ICP-MS),≤ 0.5 mg/kg,0.031,2156/2025,07.05.2025,IPH — Institute of Public Health,"IPH mycotoxins, metals, pesticides",covered,,
158,CoQ-PP-2025-0007,initial release,20.06.2025,P050042,OMP1024_01,Orange Punch Mimosa,III,iCoA-PP-2025-0007,11.2,Heavy Metals | Тешки метали,Cadmium (Cd),Кадмиум (Cd),Ph. Eur. 2.4.27 (ICP-MS),≤ 0.3 mg/kg,0.004,2156/2025,07.05.2025,IPH — Institute of Public Health,"IPH mycotoxins, metals, pesticides",covered,,
159,CoQ-PP-2025-0007,initial release,20.06.2025,P050042,OMP1024_01,Orange Punch Mimosa,III,iCoA-PP-2025-0007,11.3,Heavy Metals | Тешки метали,Arsenic (As),Арсен (As),Ph. Eur. 2.4.27 (ICP-MS),≤ 0.2 mg/kg,0.01,2156/2025,07.05.2025,IPH — Institute of Public Health,"IPH mycotoxins, metals, pesticides",covered,,
160,CoQ-PP-2025-0007,initial release,20.06.2025,P050042,OMP1024_01,Orange Punch Mimosa,III,iCoA-PP-2025-0007,11.4,Heavy Metals | Тешки метали,Mercury (Hg),Жива (Hg),Ph. Eur. 2.4.27 (ICP-MS),≤ 0.1 mg/kg,0.001,2156/2025,07.05.2025,IPH — Institute of Public Health,"IPH mycotoxins, metals, pesticides",covered,,
161,CoQ-PP-2025-0007,initial release,20.06.2025,P050042,OMP1024_01,Orange Punch Mimosa,III,iCoA-PP-2025-0007,12,,Pesticide Residues,Остатоци од пестициди,Ph. Eur. 2.8.13 (LC-MS/MS) · CUMCS Equivalency,≤ LOQ as per Ph. Eur. 2.8.13 · ≤ LOQ as per CUMCS Equivalency,N.D.,2156/2025,07.05.2025,IPH — Institute of Public Health,"IPH mycotoxins, metals, pesticides",covered,,
162,CoQ-PP-2025-0008,initial release,27.06.2025,P050052,HPA1024_01,High Pro Amnesia,I,iCoA-PP-2025-0008,1,,"Identification A, Appearance · Macroscopic","Идентиф. A, Изглед, Макроскопски",Ph. Eur. mon. 3028,Conforms to monograph | Соодветствува со монографијата,—,—,,,,to be performed — see route,Purely Plant laboratory — iCoA covering Ident A + B,
163,CoQ-PP-2025-0008,initial release,27.06.2025,P050052,HPA1024_01,High Pro Amnesia,I,iCoA-PP-2025-0008,2,,Identification B · Microscopic,Идентиф. Б · Микроскопски,Ph. Eur. 2.8.23 (microscopy),Conforms to monograph | Соодветствува со монографијата,—,—,,,,to be performed — see route,Purely Plant laboratory — iCoA covering Ident A + B,
164,CoQ-PP-2025-0008,initial release,27.06.2025,P050052,HPA1024_01,High Pro Amnesia,I,iCoA-PP-2025-0008,3,,Identification C · HPLC/HPTLC,Идентиф. Ц · HPLC/HPTLC,Ph. Eur. 2.2.29 (3028),Conforms to monograph | Соодветствува со монографијата,—,—,,,,to be performed — see route,"outside laboratory — Ident C (CNP Ident C only, or Farmahem with the retest)",
165,CoQ-PP-2025-0008,initial release,27.06.2025,P050052,HPA1024_01,High Pro Amnesia,I,iCoA-PP-2025-0008,4,,Assay — Total Δ⁹-THC,Анализа — вкупен Δ⁹-THC,Ph. Eur. 2.2.29 (HPLC),"19.80 – 24.19 %  (grade I, class THC 22, nominal 22.00 ± 2.20)",22.43,ППК25155,24.06.2025,UKIM Faculty of Pharmacy — Center for Natural Products,UKIM CNP potency,covered,,21.61 (197-14-К/26)
166,CoQ-PP-2025-0008,initial release,27.06.2025,P050052,HPA1024_01,High Pro Amnesia,I,iCoA-PP-2025-0008,5,,Assay — Total CBD,Анализа — вкупен CBD,Ph. Eur. 2.2.29 (HPLC) · CBD + CBDA x 0.877,"≤ 1.0%, w/w",0.1,ППК25155,24.06.2025,UKIM Faculty of Pharmacy — Center for Natural Products,UKIM CNP potency,covered — laboratory finding recorded,,<LOQ (197-14-К/26)
167,CoQ-PP-2025-0008,initial release,27.06.2025,P050052,HPA1024_01,High Pro Amnesia,I,iCoA-PP-2025-0008,6,,Total CBN,Вкупен CBN,Ph. Eur. 2.2.29 (HPLC) · CBN + CBNA x 0.876,"≤ 1.0%, w/w",—,—,,,,not tested — no certificate covers it,,<LOQ (197-14-К/26)
168,CoQ-PP-2025-0008,initial release,27.06.2025,P050052,HPA1024_01,High Pro Amnesia,I,iCoA-PP-2025-0008,7,,Foreign Matter,Страни материи,Ph. Eur. 2.8.2 · In-house · интерна,"≤ 2.0% / 25–50 g · < 1 cm leaves | листови, no seeds | без семки",—,—,,,,to be performed — see route,Purely Plant laboratory — iCoA covering Foreign matter,
169,CoQ-PP-2025-0008,initial release,27.06.2025,P050052,HPA1024_01,High Pro Amnesia,I,iCoA-PP-2025-0008,8,,Loss on Drying,Губиток при сушење,"Ph. Eur. 2.2.32 (3028) · at 40 °C, 24 h, 15–25 mbar",≤ 12.0%,6.36,ППК25155,24.06.2025,UKIM Faculty of Pharmacy — Center for Natural Products,UKIM CNP potency,covered,,
170,CoQ-PP-2025-0008,initial release,27.06.2025,P050052,HPA1024_01,High Pro Amnesia,I,iCoA-PP-2025-0008,9.1,Microbiological Purity | Микробиолошка Чистота,TAMC,Вкупен аеробен микробен број,Ph. Eur. 2.6.12 cat. C,≤ 10⁵ CFU/g,9.6×10³,587/1066/25,18.06.2025,IPH — Institute of Public Health,IPH microbiology,covered,,
171,CoQ-PP-2025-0008,initial release,27.06.2025,P050052,HPA1024_01,High Pro Amnesia,I,iCoA-PP-2025-0008,9.2,Microbiological Purity | Микробиолошка Чистота,TYMC,Вкупен број квасци/мувли,Ph. Eur. 2.6.12 cat. C,≤ 10⁴ CFU/g,1.5×10⁴,587/1066/25,18.06.2025,IPH — Institute of Public Health,IPH microbiology,UNDETERMINED — pending the QCSP 001 reading,,
172,CoQ-PP-2025-0008,initial release,27.06.2025,P050052,HPA1024_01,High Pro Amnesia,I,iCoA-PP-2025-0008,9.3,Microbiological Purity | Микробиолошка Чистота,Bile-tolerant gram-neg.,Жолчно-толерантни грам-нег.,Ph. Eur. 2.6.31 cat. C,≤ 10⁴ CFU/g,<10,587/1066/25,18.06.2025,IPH — Institute of Public Health,IPH microbiology,covered,,
173,CoQ-PP-2025-0008,initial release,27.06.2025,P050052,HPA1024_01,High Pro Amnesia,I,iCoA-PP-2025-0008,9.4,Microbiological Purity | Микробиолошка Чистота,Salmonella,Салмонела,Ph. Eur. 2.6.31 cat. C,Absence | Отсуство / 25 g,Одговара (absent),587/1066/25,18.06.2025,IPH — Institute of Public Health,IPH microbiology,covered,,
174,CoQ-PP-2025-0008,initial release,27.06.2025,P050052,HPA1024_01,High Pro Amnesia,I,iCoA-PP-2025-0008,9.5,Microbiological Purity | Микробиолошка Чистота,Escherichia coli,Ешерихија коли,Ph. Eur. 2.6.13 cat. C,Absence | Отсуство / 1 g,Одговара (absent),587/1066/25,18.06.2025,IPH — Institute of Public Health,IPH microbiology,covered,,
175,CoQ-PP-2025-0008,initial release,27.06.2025,P050052,HPA1024_01,High Pro Amnesia,I,iCoA-PP-2025-0008,9.6,Microbiological Purity | Микробиолошка Чистота,Pseudomonas aeruginosa,,Ph. Eur. 2.6.13 cat. C,Absence | Отсуство / 1 g,—,—,,,,upon request — not required for release,,
176,CoQ-PP-2025-0008,initial release,27.06.2025,P050052,HPA1024_01,High Pro Amnesia,I,iCoA-PP-2025-0008,9.7,Microbiological Purity | Микробиолошка Чистота,Staphylococcus aureus,,Ph. Eur. 2.6.13 cat. C,Absence | Отсуство / 1 g,—,—,,,,upon request — not required for release,,
177,CoQ-PP-2025-0008,initial release,27.06.2025,P050052,HPA1024_01,High Pro Amnesia,I,iCoA-PP-2025-0008,10.1,Mycotoxins | Микотоксини,Aflatoxin B₁,Афлатоксин B₁,Ph. Eur. 2.8.18 (HPLC-FLD),≤ 2 µg/kg,—,—,,,,not tested — no certificate covers it,,ND (197-14-М/26)
178,CoQ-PP-2025-0008,initial release,27.06.2025,P050052,HPA1024_01,High Pro Amnesia,I,iCoA-PP-2025-0008,10.2,Mycotoxins | Микотоксини,Aflatoxins ∑,Афлатоксини ∑ (B₁+B₂+G₁+G₂),Ph. Eur. 2.8.18 (HPLC-FLD),≤ 4 µg/kg,<2,2995/2025,19.06.2025,IPH — Institute of Public Health,"IPH mycotoxins, metals, pesticides",covered,,ND (197-14-М/26)
179,CoQ-PP-2025-0008,initial release,27.06.2025,P050052,HPA1024_01,High Pro Amnesia,I,iCoA-PP-2025-0008,10.3,Mycotoxins | Микотоксини,Ochratoxin A,Охратоксин A,Ph. Eur. 2.8.22 (HPLC-FLD),≤ 20 µg/kg,—,—,,,,not tested — no certificate covers it,,"2.06 — DETECTED, >LOQ (197-14-М/26)"
180,CoQ-PP-2025-0008,initial release,27.06.2025,P050052,HPA1024_01,High Pro Amnesia,I,iCoA-PP-2025-0008,11.1,Heavy Metals | Тешки метали,Lead (Pb),Олово (Pb),Ph. Eur. 2.4.27 (ICP-MS),≤ 0.5 mg/kg,0.059,2995/2025,19.06.2025,IPH — Institute of Public Health,"IPH mycotoxins, metals, pesticides",covered,,
181,CoQ-PP-2025-0008,initial release,27.06.2025,P050052,HPA1024_01,High Pro Amnesia,I,iCoA-PP-2025-0008,11.2,Heavy Metals | Тешки метали,Cadmium (Cd),Кадмиум (Cd),Ph. Eur. 2.4.27 (ICP-MS),≤ 0.3 mg/kg,0.014,2995/2025,19.06.2025,IPH — Institute of Public Health,"IPH mycotoxins, metals, pesticides",covered,,
182,CoQ-PP-2025-0008,initial release,27.06.2025,P050052,HPA1024_01,High Pro Amnesia,I,iCoA-PP-2025-0008,11.3,Heavy Metals | Тешки метали,Arsenic (As),Арсен (As),Ph. Eur. 2.4.27 (ICP-MS),≤ 0.2 mg/kg,0.037,2995/2025,19.06.2025,IPH — Institute of Public Health,"IPH mycotoxins, metals, pesticides",covered,,
183,CoQ-PP-2025-0008,initial release,27.06.2025,P050052,HPA1024_01,High Pro Amnesia,I,iCoA-PP-2025-0008,11.4,Heavy Metals | Тешки метали,Mercury (Hg),Жива (Hg),Ph. Eur. 2.4.27 (ICP-MS),≤ 0.1 mg/kg,0.008,2995/2025,19.06.2025,IPH — Institute of Public Health,"IPH mycotoxins, metals, pesticides",covered,,
184,CoQ-PP-2025-0008,initial release,27.06.2025,P050052,HPA1024_01,High Pro Amnesia,I,iCoA-PP-2025-0008,12,,Pesticide Residues,Остатоци од пестициди,Ph. Eur. 2.8.13 (LC-MS/MS) · CUMCS Equivalency,≤ LOQ as per Ph. Eur. 2.8.13 · ≤ LOQ as per CUMCS Equivalency,N.D.,2995/2025,19.06.2025,IPH — Institute of Public Health,"IPH mycotoxins, metals, pesticides",covered,,
185,CoQ-PP-2025-0009,initial release,04.07.2025,P050062,OPM1024_02,Orange Punch Mimosa,III,iCoA-PP-2025-0009,1,,"Identification A, Appearance · Macroscopic","Идентиф. A, Изглед, Макроскопски",Ph. Eur. mon. 3028,Conforms to monograph | Соодветствува со монографијата,—,—,,,,to be performed — see route,Purely Plant laboratory — iCoA covering Ident A + B,
186,CoQ-PP-2025-0009,initial release,04.07.2025,P050062,OPM1024_02,Orange Punch Mimosa,III,iCoA-PP-2025-0009,2,,Identification B · Microscopic,Идентиф. Б · Микроскопски,Ph. Eur. 2.8.23 (microscopy),Conforms to monograph | Соодветствува со монографијата,—,—,,,,to be performed — see route,Purely Plant laboratory — iCoA covering Ident A + B,
187,CoQ-PP-2025-0009,initial release,04.07.2025,P050062,OPM1024_02,Orange Punch Mimosa,III,iCoA-PP-2025-0009,3,,Identification C · HPLC/HPTLC,Идентиф. Ц · HPLC/HPTLC,Ph. Eur. 2.2.29 (3028),Conforms to monograph | Соодветствува со монографијата,—,—,,,,to be performed — see route,"outside laboratory — Ident C (CNP Ident C only, or Farmahem with the retest)",
188,CoQ-PP-2025-0009,initial release,04.07.2025,P050062,OPM1024_02,Orange Punch Mimosa,III,iCoA-PP-2025-0009,4,,Assay — Total Δ⁹-THC,Анализа — вкупен Δ⁹-THC,Ph. Eur. 2.2.29 (HPLC),"16.20 – 19.79 %  (grade III, class THC 18, nominal 18.00 ± 1.80)",18.27,ППК25154,24.06.2025,UKIM Faculty of Pharmacy — Center for Natural Products,UKIM CNP potency,covered — laboratory finding recorded,,18.04 (197-18-К/26)
189,CoQ-PP-2025-0009,initial release,04.07.2025,P050062,OPM1024_02,Orange Punch Mimosa,III,iCoA-PP-2025-0009,5,,Assay — Total CBD,Анализа — вкупен CBD,Ph. Eur. 2.2.29 (HPLC) · CBD + CBDA x 0.877,"≤ 1.0%, w/w",0.05,ППК25154,24.06.2025,UKIM Faculty of Pharmacy — Center for Natural Products,UKIM CNP potency,covered,,<LOQ (197-18-К/26)
190,CoQ-PP-2025-0009,initial release,04.07.2025,P050062,OPM1024_02,Orange Punch Mimosa,III,iCoA-PP-2025-0009,6,,Total CBN,Вкупен CBN,Ph. Eur. 2.2.29 (HPLC) · CBN + CBNA x 0.876,"≤ 1.0%, w/w",—,—,,,,not tested — no certificate covers it,,<LOQ (197-18-К/26)
191,CoQ-PP-2025-0009,initial release,04.07.2025,P050062,OPM1024_02,Orange Punch Mimosa,III,iCoA-PP-2025-0009,7,,Foreign Matter,Страни материи,Ph. Eur. 2.8.2 · In-house · интерна,"≤ 2.0% / 25–50 g · < 1 cm leaves | листови, no seeds | без семки",—,—,,,,to be performed — see route,Purely Plant laboratory — iCoA covering Foreign matter,
192,CoQ-PP-2025-0009,initial release,04.07.2025,P050062,OPM1024_02,Orange Punch Mimosa,III,iCoA-PP-2025-0009,8,,Loss on Drying,Губиток при сушење,"Ph. Eur. 2.2.32 (3028) · at 40 °C, 24 h, 15–25 mbar",≤ 12.0%,6.89,ППК25154,24.06.2025,UKIM Faculty of Pharmacy — Center for Natural Products,UKIM CNP potency,covered,,
193,CoQ-PP-2025-0009,initial release,04.07.2025,P050062,OPM1024_02,Orange Punch Mimosa,III,iCoA-PP-2025-0009,9.1,Microbiological Purity | Микробиолошка Чистота,TAMC,Вкупен аеробен микробен број,Ph. Eur. 2.6.12 cat. C,≤ 10⁵ CFU/g,3.4×10³,588/1067/25,18.06.2025,IPH — Institute of Public Health,IPH microbiology,covered,,
194,CoQ-PP-2025-0009,initial release,04.07.2025,P050062,OPM1024_02,Orange Punch Mimosa,III,iCoA-PP-2025-0009,9.2,Microbiological Purity | Микробиолошка Чистота,TYMC,Вкупен број квасци/мувли,Ph. Eur. 2.6.12 cat. C,≤ 10⁴ CFU/g,3.6×10³,588/1067/25,18.06.2025,IPH — Institute of Public Health,IPH microbiology,covered,,
195,CoQ-PP-2025-0009,initial release,04.07.2025,P050062,OPM1024_02,Orange Punch Mimosa,III,iCoA-PP-2025-0009,9.3,Microbiological Purity | Микробиолошка Чистота,Bile-tolerant gram-neg.,Жолчно-толерантни грам-нег.,Ph. Eur. 2.6.31 cat. C,≤ 10⁴ CFU/g,<10,588/1067/25,18.06.2025,IPH — Institute of Public Health,IPH microbiology,covered,,
196,CoQ-PP-2025-0009,initial release,04.07.2025,P050062,OPM1024_02,Orange Punch Mimosa,III,iCoA-PP-2025-0009,9.4,Microbiological Purity | Микробиолошка Чистота,Salmonella,Салмонела,Ph. Eur. 2.6.31 cat. C,Absence | Отсуство / 25 g,Одговара (absent),588/1067/25,18.06.2025,IPH — Institute of Public Health,IPH microbiology,covered,,
197,CoQ-PP-2025-0009,initial release,04.07.2025,P050062,OPM1024_02,Orange Punch Mimosa,III,iCoA-PP-2025-0009,9.5,Microbiological Purity | Микробиолошка Чистота,Escherichia coli,Ешерихија коли,Ph. Eur. 2.6.13 cat. C,Absence | Отсуство / 1 g,Одговара (absent),588/1067/25,18.06.2025,IPH — Institute of Public Health,IPH microbiology,covered,,
198,CoQ-PP-2025-0009,initial release,04.07.2025,P050062,OPM1024_02,Orange Punch Mimosa,III,iCoA-PP-2025-0009,9.6,Microbiological Purity | Микробиолошка Чистота,Pseudomonas aeruginosa,,Ph. Eur. 2.6.13 cat. C,Absence | Отсуство / 1 g,—,—,,,,upon request — not required for release,,
199,CoQ-PP-2025-0009,initial release,04.07.2025,P050062,OPM1024_02,Orange Punch Mimosa,III,iCoA-PP-2025-0009,9.7,Microbiological Purity | Микробиолошка Чистота,Staphylococcus aureus,,Ph. Eur. 2.6.13 cat. C,Absence | Отсуство / 1 g,—,—,,,,upon request — not required for release,,
200,CoQ-PP-2025-0009,initial release,04.07.2025,P050062,OPM1024_02,Orange Punch Mimosa,III,iCoA-PP-2025-0009,10.1,Mycotoxins | Микотоксини,Aflatoxin B₁,Афлатоксин B₁,Ph. Eur. 2.8.18 (HPLC-FLD),≤ 2 µg/kg,—,—,,,,not tested — no certificate covers it,,ND (197-18-М/26)
201,CoQ-PP-2025-0009,initial release,04.07.2025,P050062,OPM1024_02,Orange Punch Mimosa,III,iCoA-PP-2025-0009,10.2,Mycotoxins | Микотоксини,Aflatoxins ∑,Афлатоксини ∑ (B₁+B₂+G₁+G₂),Ph. Eur. 2.8.18 (HPLC-FLD),≤ 4 µg/kg,<2,2994/2025,19.06.2025,IPH — Institute of Public Health,"IPH mycotoxins, metals, pesticides",covered,,ND (197-18-М/26)
202,CoQ-PP-2025-0009,initial release,04.07.2025,P050062,OPM1024_02,Orange Punch Mimosa,III,iCoA-PP-2025-0009,10.3,Mycotoxins | Микотоксини,Ochratoxin A,Охратоксин A,Ph. Eur. 2.8.22 (HPLC-FLD),≤ 20 µg/kg,—,—,,,,not tested — no certificate covers it,,ND (197-18-М/26)
203,CoQ-PP-2025-0009,initial release,04.07.2025,P050062,OPM1024_02,Orange Punch Mimosa,III,iCoA-PP-2025-0009,11.1,Heavy Metals | Тешки метали,Lead (Pb),Олово (Pb),Ph. Eur. 2.4.27 (ICP-MS),≤ 0.5 mg/kg,0.052,2994/2025,19.06.2025,IPH — Institute of Public Health,"IPH mycotoxins, metals, pesticides",covered,,
204,CoQ-PP-2025-0009,initial release,04.07.2025,P050062,OPM1024_02,Orange Punch Mimosa,III,iCoA-PP-2025-0009,11.2,Heavy Metals | Тешки метали,Cadmium (Cd),Кадмиум (Cd),Ph. Eur. 2.4.27 (ICP-MS),≤ 0.3 mg/kg,0.011,2994/2025,19.06.2025,IPH — Institute of Public Health,"IPH mycotoxins, metals, pesticides",covered,,
205,CoQ-PP-2025-0009,initial release,04.07.2025,P050062,OPM1024_02,Orange Punch Mimosa,III,iCoA-PP-2025-0009,11.3,Heavy Metals | Тешки метали,Arsenic (As),Арсен (As),Ph. Eur. 2.4.27 (ICP-MS),≤ 0.2 mg/kg,0.028,2994/2025,19.06.2025,IPH — Institute of Public Health,"IPH mycotoxins, metals, pesticides",covered,,
206,CoQ-PP-2025-0009,initial release,04.07.2025,P050062,OPM1024_02,Orange Punch Mimosa,III,iCoA-PP-2025-0009,11.4,Heavy Metals | Тешки метали,Mercury (Hg),Жива (Hg),Ph. Eur. 2.4.27 (ICP-MS),≤ 0.1 mg/kg,0.061,2994/2025,19.06.2025,IPH — Institute of Public Health,"IPH mycotoxins, metals, pesticides",covered,,
207,CoQ-PP-2025-0009,initial release,04.07.2025,P050062,OPM1024_02,Orange Punch Mimosa,III,iCoA-PP-2025-0009,12,,Pesticide Residues,Остатоци од пестициди,Ph. Eur. 2.8.13 (LC-MS/MS) · CUMCS Equivalency,≤ LOQ as per Ph. Eur. 2.8.13 · ≤ LOQ as per CUMCS Equivalency,N.D.,2994/2025,19.06.2025,IPH — Institute of Public Health,"IPH mycotoxins, metals, pesticides",covered,,
208,CoQ-PP-2025-0010,initial release,14.07.2025,P050072,GP0824_03,Grape Pie,I,iCoA-PP-2025-0010,1,,"Identification A, Appearance · Macroscopic","Идентиф. A, Изглед, Макроскопски",Ph. Eur. mon. 3028,Conforms to monograph | Соодветствува со монографијата,—,—,,,,to be performed — see route,Purely Plant laboratory — iCoA covering Ident A + B,
209,CoQ-PP-2025-0010,initial release,14.07.2025,P050072,GP0824_03,Grape Pie,I,iCoA-PP-2025-0010,2,,Identification B · Microscopic,Идентиф. Б · Микроскопски,Ph. Eur. 2.8.23 (microscopy),Conforms to monograph | Соодветствува со монографијата,—,—,,,,to be performed — see route,Purely Plant laboratory — iCoA covering Ident A + B,
210,CoQ-PP-2025-0010,initial release,14.07.2025,P050072,GP0824_03,Grape Pie,I,iCoA-PP-2025-0010,3,,Identification C · HPLC/HPTLC,Идентиф. Ц · HPLC/HPTLC,Ph. Eur. 2.2.29 (3028),Conforms to monograph | Соодветствува со монографијата,—,—,,,,to be performed — see route,"outside laboratory — Ident C (CNP Ident C only, or Farmahem with the retest)",
211,CoQ-PP-2025-0010,initial release,14.07.2025,P050072,GP0824_03,Grape Pie,I,iCoA-PP-2025-0010,4,,Assay — Total Δ⁹-THC,Анализа — вкупен Δ⁹-THC,Ph. Eur. 2.2.29 (HPLC),"25.20 – 30.79 %  (grade I, class THC 28, nominal 28.00 ± 2.80)",25.45,ППК25175,10.07.2025,UKIM Faculty of Pharmacy — Center for Natural Products,UKIM CNP potency,covered,,24.62 (ППК26034); 14.99 (ППК26035); 25.98 (ППК26060)
212,CoQ-PP-2025-0010,initial release,14.07.2025,P050072,GP0824_03,Grape Pie,I,iCoA-PP-2025-0010,5,,Assay — Total CBD,Анализа — вкупен CBD,Ph. Eur. 2.2.29 (HPLC) · CBD + CBDA x 0.877,"≤ 1.0%, w/w",0.08,ППК25175,10.07.2025,UKIM Faculty of Pharmacy — Center for Natural Products,UKIM CNP potency,covered,,0.04 (ППК26034); 0.02 (ППК26035); 0.04 (ППК26060)
213,CoQ-PP-2025-0010,initial release,14.07.2025,P050072,GP0824_03,Grape Pie,I,iCoA-PP-2025-0010,6,,Total CBN,Вкупен CBN,Ph. Eur. 2.2.29 (HPLC) · CBN + CBNA x 0.876,"≤ 1.0%, w/w",—,—,,,,not tested — no certificate covers it,,0.05 (ППК26034); 2.15 (ППК26035); 0.04 (ППК26060)
214,CoQ-PP-2025-0010,initial release,14.07.2025,P050072,GP0824_03,Grape Pie,I,iCoA-PP-2025-0010,7,,Foreign Matter,Страни материи,Ph. Eur. 2.8.2 · In-house · интерна,"≤ 2.0% / 25–50 g · < 1 cm leaves | листови, no seeds | без семки",—,—,,,,to be performed — see route,Purely Plant laboratory — iCoA covering Foreign matter,
215,CoQ-PP-2025-0010,initial release,14.07.2025,P050072,GP0824_03,Grape Pie,I,iCoA-PP-2025-0010,8,,Loss on Drying,Губиток при сушење,"Ph. Eur. 2.2.32 (3028) · at 40 °C, 24 h, 15–25 mbar",≤ 12.0%,6.58,ППК25175,10.07.2025,UKIM Faculty of Pharmacy — Center for Natural Products,UKIM CNP potency,covered,,5.92 (ППК26034); 5.52 (ППК26035); 7.07 (ППК26060)
216,CoQ-PP-2025-0010,initial release,14.07.2025,P050072,GP0824_03,Grape Pie,I,iCoA-PP-2025-0010,9.1,Microbiological Purity | Микробиолошка Чистота,TAMC,Вкупен аеробен микробен број,Ph. Eur. 2.6.12 cat. C,≤ 10⁵ CFU/g,1.1×10⁴,628/1129/25,02.07.2025,IPH — Institute of Public Health,IPH microbiology,covered,,
217,CoQ-PP-2025-0010,initial release,14.07.2025,P050072,GP0824_03,Grape Pie,I,iCoA-PP-2025-0010,9.2,Microbiological Purity | Микробиолошка Чистота,TYMC,Вкупен број квасци/мувли,Ph. Eur. 2.6.12 cat. C,≤ 10⁴ CFU/g,1.2×10⁴,628/1129/25,02.07.2025,IPH — Institute of Public Health,IPH microbiology,UNDETERMINED — pending the QCSP 001 reading,,
218,CoQ-PP-2025-0010,initial release,14.07.2025,P050072,GP0824_03,Grape Pie,I,iCoA-PP-2025-0010,9.3,Microbiological Purity | Микробиолошка Чистота,Bile-tolerant gram-neg.,Жолчно-толерантни грам-нег.,Ph. Eur. 2.6.31 cat. C,≤ 10⁴ CFU/g,<10¹ and >10³,628/1129/25,02.07.2025,IPH — Institute of Public Health,IPH microbiology,covered,,
219,CoQ-PP-2025-0010,initial release,14.07.2025,P050072,GP0824_03,Grape Pie,I,iCoA-PP-2025-0010,9.4,Microbiological Purity | Микробиолошка Чистота,Salmonella,Салмонела,Ph. Eur. 2.6.31 cat. C,Absence | Отсуство / 25 g,Одговара (absent),628/1129/25,02.07.2025,IPH — Institute of Public Health,IPH microbiology,covered,,
220,CoQ-PP-2025-0010,initial release,14.07.2025,P050072,GP0824_03,Grape Pie,I,iCoA-PP-2025-0010,9.5,Microbiological Purity | Микробиолошка Чистота,Escherichia coli,Ешерихија коли,Ph. Eur. 2.6.13 cat. C,Absence | Отсуство / 1 g,Одговара (absent),628/1129/25,02.07.2025,IPH — Institute of Public Health,IPH microbiology,covered,,
221,CoQ-PP-2025-0010,initial release,14.07.2025,P050072,GP0824_03,Grape Pie,I,iCoA-PP-2025-0010,9.6,Microbiological Purity | Микробиолошка Чистота,Pseudomonas aeruginosa,,Ph. Eur. 2.6.13 cat. C,Absence | Отсуство / 1 g,—,—,,,,upon request — not required for release,,
222,CoQ-PP-2025-0010,initial release,14.07.2025,P050072,GP0824_03,Grape Pie,I,iCoA-PP-2025-0010,9.7,Microbiological Purity | Микробиолошка Чистота,Staphylococcus aureus,,Ph. Eur. 2.6.13 cat. C,Absence | Отсуство / 1 g,—,—,,,,upon request — not required for release,,
223,CoQ-PP-2025-0010,initial release,14.07.2025,P050072,GP0824_03,Grape Pie,I,iCoA-PP-2025-0010,10.1,Mycotoxins | Микотоксини,Aflatoxin B₁,Афлатоксин B₁,Ph. Eur. 2.8.18 (HPLC-FLD),≤ 2 µg/kg,—,—,,,,not tested — no certificate covers it,,
224,CoQ-PP-2025-0010,initial release,14.07.2025,P050072,GP0824_03,Grape Pie,I,iCoA-PP-2025-0010,10.2,Mycotoxins | Микотоксини,Aflatoxins ∑,Афлатоксини ∑ (B₁+B₂+G₁+G₂),Ph. Eur. 2.8.18 (HPLC-FLD),≤ 4 µg/kg,<2,3178/2025,26.06.2025,IPH — Institute of Public Health,"IPH mycotoxins, metals, pesticides",covered,,
225,CoQ-PP-2025-0010,initial release,14.07.2025,P050072,GP0824_03,Grape Pie,I,iCoA-PP-2025-0010,10.3,Mycotoxins | Микотоксини,Ochratoxin A,Охратоксин A,Ph. Eur. 2.8.22 (HPLC-FLD),≤ 20 µg/kg,—,—,,,,not tested — no certificate covers it,,
226,CoQ-PP-2025-0010,initial release,14.07.2025,P050072,GP0824_03,Grape Pie,I,iCoA-PP-2025-0010,11.1,Heavy Metals | Тешки метали,Lead (Pb),Олово (Pb),Ph. Eur. 2.4.27 (ICP-MS),≤ 0.5 mg/kg,N.D.,3178/2025,26.06.2025,IPH — Institute of Public Health,"IPH mycotoxins, metals, pesticides",covered,,
227,CoQ-PP-2025-0010,initial release,14.07.2025,P050072,GP0824_03,Grape Pie,I,iCoA-PP-2025-0010,11.2,Heavy Metals | Тешки метали,Cadmium (Cd),Кадмиум (Cd),Ph. Eur. 2.4.27 (ICP-MS),≤ 0.3 mg/kg,N.D.,3178/2025,26.06.2025,IPH — Institute of Public Health,"IPH mycotoxins, metals, pesticides",covered,,
228,CoQ-PP-2025-0010,initial release,14.07.2025,P050072,GP0824_03,Grape Pie,I,iCoA-PP-2025-0010,11.3,Heavy Metals | Тешки метали,Arsenic (As),Арсен (As),Ph. Eur. 2.4.27 (ICP-MS),≤ 0.2 mg/kg,0.119,3178/2025,26.06.2025,IPH — Institute of Public Health,"IPH mycotoxins, metals, pesticides",covered,,
229,CoQ-PP-2025-0010,initial release,14.07.2025,P050072,GP0824_03,Grape Pie,I,iCoA-PP-2025-0010,11.4,Heavy Metals | Тешки метали,Mercury (Hg),Жива (Hg),Ph. Eur. 2.4.27 (ICP-MS),≤ 0.1 mg/kg,N.D.,3178/2025,26.06.2025,IPH — Institute of Public Health,"IPH mycotoxins, metals, pesticides",covered,,
230,CoQ-PP-2025-0010,initial release,14.07.2025,P050072,GP0824_03,Grape Pie,I,iCoA-PP-2025-0010,12,,Pesticide Residues,Остатоци од пестициди,Ph. Eur. 2.8.13 (LC-MS/MS) · CUMCS Equivalency,≤ LOQ as per Ph. Eur. 2.8.13 · ≤ LOQ as per CUMCS Equivalency,N.D.,3178/2025,26.06.2025,IPH — Institute of Public Health,"IPH mycotoxins, metals, pesticides",covered,,
231,CoQ-PP-2025-0011,initial release,22.07.2025,P050082,OPM1024_03,Orange Punch Mimosa,II,iCoA-PP-2025-0011,1,,"Identification A, Appearance · Macroscopic","Идентиф. A, Изглед, Макроскопски",Ph. Eur. mon. 3028,Conforms to monograph | Соодветствува со монографијата,—,—,,,,to be performed — see route,Purely Plant laboratory — iCoA covering Ident A + B,
232,CoQ-PP-2025-0011,initial release,22.07.2025,P050082,OPM1024_03,Orange Punch Mimosa,II,iCoA-PP-2025-0011,2,,Identification B · Microscopic,Идентиф. Б · Микроскопски,Ph. Eur. 2.8.23 (microscopy),Conforms to monograph | Соодветствува со монографијата,—,—,,,,to be performed — see route,Purely Plant laboratory — iCoA covering Ident A + B,
233,CoQ-PP-2025-0011,initial release,22.07.2025,P050082,OPM1024_03,Orange Punch Mimosa,II,iCoA-PP-2025-0011,3,,Identification C · HPLC/HPTLC,Идентиф. Ц · HPLC/HPTLC,Ph. Eur. 2.2.29 (3028),Conforms to monograph | Соодветствува со монографијата,—,—,,,,to be performed — see route,"outside laboratory — Ident C (CNP Ident C only, or Farmahem with the retest)",
234,CoQ-PP-2025-0011,initial release,22.07.2025,P050082,OPM1024_03,Orange Punch Mimosa,II,iCoA-PP-2025-0011,4,,Assay — Total Δ⁹-THC,Анализа — вкупен Δ⁹-THC,Ph. Eur. 2.2.29 (HPLC),"18.00 – 21.99 %  (grade II, class THC 20, nominal 20.00 ± 2.00)",16.55,ППК25210,28.07.2025,UKIM Faculty of Pharmacy — Center for Natural Products,UKIM CNP potency,covered,,
235,CoQ-PP-2025-0011,initial release,22.07.2025,P050082,OPM1024_03,Orange Punch Mimosa,II,iCoA-PP-2025-0011,5,,Assay — Total CBD,Анализа — вкупен CBD,Ph. Eur. 2.2.29 (HPLC) · CBD + CBDA x 0.877,"≤ 1.0%, w/w",0.04,ППК25210,28.07.2025,UKIM Faculty of Pharmacy — Center for Natural Products,UKIM CNP potency,covered,,
236,CoQ-PP-2025-0011,initial release,22.07.2025,P050082,OPM1024_03,Orange Punch Mimosa,II,iCoA-PP-2025-0011,6,,Total CBN,Вкупен CBN,Ph. Eur. 2.2.29 (HPLC) · CBN + CBNA x 0.876,"≤ 1.0%, w/w",—,—,,,,not tested — no certificate covers it,,
237,CoQ-PP-2025-0011,initial release,22.07.2025,P050082,OPM1024_03,Orange Punch Mimosa,II,iCoA-PP-2025-0011,7,,Foreign Matter,Страни материи,Ph. Eur. 2.8.2 · In-house · интерна,"≤ 2.0% / 25–50 g · < 1 cm leaves | листови, no seeds | без семки",—,—,,,,to be performed — see route,Purely Plant laboratory — iCoA covering Foreign matter,
238,CoQ-PP-2025-0011,initial release,22.07.2025,P050082,OPM1024_03,Orange Punch Mimosa,II,iCoA-PP-2025-0011,8,,Loss on Drying,Губиток при сушење,"Ph. Eur. 2.2.32 (3028) · at 40 °C, 24 h, 15–25 mbar",≤ 12.0%,6.38,ППК25210,28.07.2025,UKIM Faculty of Pharmacy — Center for Natural Products,UKIM CNP potency,covered,,
239,CoQ-PP-2025-0011,initial release,22.07.2025,P050082,OPM1024_03,Orange Punch Mimosa,II,iCoA-PP-2025-0011,9.1,Microbiological Purity | Микробиолошка Чистота,TAMC,Вкупен аеробен микробен број,Ph. Eur. 2.6.12 cat. C,≤ 10⁵ CFU/g,2×10²,766/1375/25,29.07.2025,IPH — Institute of Public Health,IPH microbiology,covered,,
240,CoQ-PP-2025-0011,initial release,22.07.2025,P050082,OPM1024_03,Orange Punch Mimosa,II,iCoA-PP-2025-0011,9.2,Microbiological Purity | Микробиолошка Чистота,TYMC,Вкупен број квасци/мувли,Ph. Eur. 2.6.12 cat. C,≤ 10⁴ CFU/g,3×10²,766/1375/25,29.07.2025,IPH — Institute of Public Health,IPH microbiology,covered,,
241,CoQ-PP-2025-0011,initial release,22.07.2025,P050082,OPM1024_03,Orange Punch Mimosa,II,iCoA-PP-2025-0011,9.3,Microbiological Purity | Микробиолошка Чистота,Bile-tolerant gram-neg.,Жолчно-толерантни грам-нег.,Ph. Eur. 2.6.31 cat. C,≤ 10⁴ CFU/g,<10,766/1375/25,29.07.2025,IPH — Institute of Public Health,IPH microbiology,covered,,
242,CoQ-PP-2025-0011,initial release,22.07.2025,P050082,OPM1024_03,Orange Punch Mimosa,II,iCoA-PP-2025-0011,9.4,Microbiological Purity | Микробиолошка Чистота,Salmonella,Салмонела,Ph. Eur. 2.6.31 cat. C,Absence | Отсуство / 25 g,Одговара (absent),766/1375/25,29.07.2025,IPH — Institute of Public Health,IPH microbiology,covered,,
243,CoQ-PP-2025-0011,initial release,22.07.2025,P050082,OPM1024_03,Orange Punch Mimosa,II,iCoA-PP-2025-0011,9.5,Microbiological Purity | Микробиолошка Чистота,Escherichia coli,Ешерихија коли,Ph. Eur. 2.6.13 cat. C,Absence | Отсуство / 1 g,Одговара (absent),766/1375/25,29.07.2025,IPH — Institute of Public Health,IPH microbiology,covered,,
244,CoQ-PP-2025-0011,initial release,22.07.2025,P050082,OPM1024_03,Orange Punch Mimosa,II,iCoA-PP-2025-0011,9.6,Microbiological Purity | Микробиолошка Чистота,Pseudomonas aeruginosa,,Ph. Eur. 2.6.13 cat. C,Absence | Отсуство / 1 g,—,—,,,,upon request — not required for release,,
245,CoQ-PP-2025-0011,initial release,22.07.2025,P050082,OPM1024_03,Orange Punch Mimosa,II,iCoA-PP-2025-0011,9.7,Microbiological Purity | Микробиолошка Чистота,Staphylococcus aureus,,Ph. Eur. 2.6.13 cat. C,Absence | Отсуство / 1 g,—,—,,,,upon request — not required for release,,
246,CoQ-PP-2025-0011,initial release,22.07.2025,P050082,OPM1024_03,Orange Punch Mimosa,II,iCoA-PP-2025-0011,10.1,Mycotoxins | Микотоксини,Aflatoxin B₁,Афлатоксин B₁,Ph. Eur. 2.8.18 (HPLC-FLD),≤ 2 µg/kg,—,—,,,,not tested — no certificate covers it,,
247,CoQ-PP-2025-0011,initial release,22.07.2025,P050082,OPM1024_03,Orange Punch Mimosa,II,iCoA-PP-2025-0011,10.2,Mycotoxins | Микотоксини,Aflatoxins ∑,Афлатоксини ∑ (B₁+B₂+G₁+G₂),Ph. Eur. 2.8.18 (HPLC-FLD),≤ 4 µg/kg,2.1,3636/2025,28.07.2025,IPH — Institute of Public Health,"IPH mycotoxins, metals, pesticides",covered,,
248,CoQ-PP-2025-0011,initial release,22.07.2025,P050082,OPM1024_03,Orange Punch Mimosa,II,iCoA-PP-2025-0011,10.3,Mycotoxins | Микотоксини,Ochratoxin A,Охратоксин A,Ph. Eur. 2.8.22 (HPLC-FLD),≤ 20 µg/kg,—,—,,,,not tested — no certificate covers it,,
249,CoQ-PP-2025-0011,initial release,22.07.2025,P050082,OPM1024_03,Orange Punch Mimosa,II,iCoA-PP-2025-0011,11.1,Heavy Metals | Тешки метали,Lead (Pb),Олово (Pb),Ph. Eur. 2.4.27 (ICP-MS),≤ 0.5 mg/kg,N.D.,3636/2025,28.07.2025,IPH — Institute of Public Health,"IPH mycotoxins, metals, pesticides",covered,,
250,CoQ-PP-2025-0011,initial release,22.07.2025,P050082,OPM1024_03,Orange Punch Mimosa,II,iCoA-PP-2025-0011,11.2,Heavy Metals | Тешки метали,Cadmium (Cd),Кадмиум (Cd),Ph. Eur. 2.4.27 (ICP-MS),≤ 0.3 mg/kg,N.D.,3636/2025,28.07.2025,IPH — Institute of Public Health,"IPH mycotoxins, metals, pesticides",covered,,
251,CoQ-PP-2025-0011,initial release,22.07.2025,P050082,OPM1024_03,Orange Punch Mimosa,II,iCoA-PP-2025-0011,11.3,Heavy Metals | Тешки метали,Arsenic (As),Арсен (As),Ph. Eur. 2.4.27 (ICP-MS),≤ 0.2 mg/kg,0.135,3636/2025,28.07.2025,IPH — Institute of Public Health,"IPH mycotoxins, metals, pesticides",covered,,
252,CoQ-PP-2025-0011,initial release,22.07.2025,P050082,OPM1024_03,Orange Punch Mimosa,II,iCoA-PP-2025-0011,11.4,Heavy Metals | Тешки метали,Mercury (Hg),Жива (Hg),Ph. Eur. 2.4.27 (ICP-MS),≤ 0.1 mg/kg,0.03,3636/2025,28.07.2025,IPH — Institute of Public Health,"IPH mycotoxins, metals, pesticides",covered,,
253,CoQ-PP-2025-0011,initial release,22.07.2025,P050082,OPM1024_03,Orange Punch Mimosa,II,iCoA-PP-2025-0011,12,,Pesticide Residues,Остатоци од пестициди,Ph. Eur. 2.8.13 (LC-MS/MS) · CUMCS Equivalency,≤ LOQ as per Ph. Eur. 2.8.13 · ≤ LOQ as per CUMCS Equivalency,N.D.,3636/2025,28.07.2025,IPH — Institute of Public Health,"IPH mycotoxins, metals, pesticides",covered,,
254,CoQ-PP-2025-0012,initial release,31.07.2025,P050092,GG1024_01,Gorilla Glue,I,iCoA-PP-2025-0012,1,,"Identification A, Appearance · Macroscopic","Идентиф. A, Изглед, Макроскопски",Ph. Eur. mon. 3028,Conforms to monograph | Соодветствува со монографијата,—,—,,,,to be performed — see route,Purely Plant laboratory — iCoA covering Ident A + B,
255,CoQ-PP-2025-0012,initial release,31.07.2025,P050092,GG1024_01,Gorilla Glue,I,iCoA-PP-2025-0012,2,,Identification B · Microscopic,Идентиф. Б · Микроскопски,Ph. Eur. 2.8.23 (microscopy),Conforms to monograph | Соодветствува со монографијата,—,—,,,,to be performed — see route,Purely Plant laboratory — iCoA covering Ident A + B,
256,CoQ-PP-2025-0012,initial release,31.07.2025,P050092,GG1024_01,Gorilla Glue,I,iCoA-PP-2025-0012,3,,Identification C · HPLC/HPTLC,Идентиф. Ц · HPLC/HPTLC,Ph. Eur. 2.2.29 (3028),Conforms to monograph | Соодветствува со монографијата,—,—,,,,to be performed — see route,"outside laboratory — Ident C (CNP Ident C only, or Farmahem with the retest)",
257,CoQ-PP-2025-0012,initial release,31.07.2025,P050092,GG1024_01,Gorilla Glue,I,iCoA-PP-2025-0012,4,,Assay — Total Δ⁹-THC,Анализа — вкупен Δ⁹-THC,Ph. Eur. 2.2.29 (HPLC),"16.20 – 19.79 %  (grade I, class THC 18, nominal 18.00 ± 1.80)",17.22,ППК25104,17.04.2025,UKIM Faculty of Pharmacy — Center for Natural Products,UKIM CNP potency,covered,,18.67 (197-9-К/26)
258,CoQ-PP-2025-0012,initial release,31.07.2025,P050092,GG1024_01,Gorilla Glue,I,iCoA-PP-2025-0012,5,,Assay — Total CBD,Анализа — вкупен CBD,Ph. Eur. 2.2.29 (HPLC) · CBD + CBDA x 0.877,"≤ 1.0%, w/w",0.05,ППК25104,17.04.2025,UKIM Faculty of Pharmacy — Center for Natural Products,UKIM CNP potency,covered,,<LOQ (197-9-К/26)
259,CoQ-PP-2025-0012,initial release,31.07.2025,P050092,GG1024_01,Gorilla Glue,I,iCoA-PP-2025-0012,6,,Total CBN,Вкупен CBN,Ph. Eur. 2.2.29 (HPLC) · CBN + CBNA x 0.876,"≤ 1.0%, w/w",—,—,,,,not tested — no certificate covers it,,0.20 (197-9-К/26)
260,CoQ-PP-2025-0012,initial release,31.07.2025,P050092,GG1024_01,Gorilla Glue,I,iCoA-PP-2025-0012,7,,Foreign Matter,Страни материи,Ph. Eur. 2.8.2 · In-house · интерна,"≤ 2.0% / 25–50 g · < 1 cm leaves | листови, no seeds | без семки",—,—,,,,to be performed — see route,Purely Plant laboratory — iCoA covering Foreign matter,
261,CoQ-PP-2025-0012,initial release,31.07.2025,P050092,GG1024_01,Gorilla Glue,I,iCoA-PP-2025-0012,8,,Loss on Drying,Губиток при сушење,"Ph. Eur. 2.2.32 (3028) · at 40 °C, 24 h, 15–25 mbar",≤ 12.0%,7.54,ППК25104,17.04.2025,UKIM Faculty of Pharmacy — Center for Natural Products,UKIM CNP potency,covered,,
262,CoQ-PP-2025-0012,initial release,31.07.2025,P050092,GG1024_01,Gorilla Glue,I,iCoA-PP-2025-0012,9.1,Microbiological Purity | Микробиолошка Чистота,TAMC,Вкупен аеробен микробен број,Ph. Eur. 2.6.12 cat. C,≤ 10⁵ CFU/g,5.1×10⁴,320/0587/25,14.04.2025,IPH — Institute of Public Health,IPH microbiology,covered,,
263,CoQ-PP-2025-0012,initial release,31.07.2025,P050092,GG1024_01,Gorilla Glue,I,iCoA-PP-2025-0012,9.2,Microbiological Purity | Микробиолошка Чистота,TYMC,Вкупен број квасци/мувли,Ph. Eur. 2.6.12 cat. C,≤ 10⁴ CFU/g,4.2×10⁴,320/0587/25,14.04.2025,IPH — Institute of Public Health,IPH microbiology,OUT OF SPECIFICATION,,
264,CoQ-PP-2025-0012,initial release,31.07.2025,P050092,GG1024_01,Gorilla Glue,I,iCoA-PP-2025-0012,9.3,Microbiological Purity | Микробиолошка Чистота,Bile-tolerant gram-neg.,Жолчно-толерантни грам-нег.,Ph. Eur. 2.6.31 cat. C,≤ 10⁴ CFU/g,<10,320/0587/25,14.04.2025,IPH — Institute of Public Health,IPH microbiology,covered,,
265,CoQ-PP-2025-0012,initial release,31.07.2025,P050092,GG1024_01,Gorilla Glue,I,iCoA-PP-2025-0012,9.4,Microbiological Purity | Микробиолошка Чистота,Salmonella,Салмонела,Ph. Eur. 2.6.31 cat. C,Absence | Отсуство / 25 g,Одговара (absent),320/0587/25,14.04.2025,IPH — Institute of Public Health,IPH microbiology,covered,,
266,CoQ-PP-2025-0012,initial release,31.07.2025,P050092,GG1024_01,Gorilla Glue,I,iCoA-PP-2025-0012,9.5,Microbiological Purity | Микробиолошка Чистота,Escherichia coli,Ешерихија коли,Ph. Eur. 2.6.13 cat. C,Absence | Отсуство / 1 g,Одговара (absent),320/0587/25,14.04.2025,IPH — Institute of Public Health,IPH microbiology,covered,,
267,CoQ-PP-2025-0012,initial release,31.07.2025,P050092,GG1024_01,Gorilla Glue,I,iCoA-PP-2025-0012,9.6,Microbiological Purity | Микробиолошка Чистота,Pseudomonas aeruginosa,,Ph. Eur. 2.6.13 cat. C,Absence | Отсуство / 1 g,—,—,,,,upon request — not required for release,,
268,CoQ-PP-2025-0012,initial release,31.07.2025,P050092,GG1024_01,Gorilla Glue,I,iCoA-PP-2025-0012,9.7,Microbiological Purity | Микробиолошка Чистота,Staphylococcus aureus,,Ph. Eur. 2.6.13 cat. C,Absence | Отсуство / 1 g,—,—,,,,upon request — not required for release,,
269,CoQ-PP-2025-0012,initial release,31.07.2025,P050092,GG1024_01,Gorilla Glue,I,iCoA-PP-2025-0012,10.1,Mycotoxins | Микотоксини,Aflatoxin B₁,Афлатоксин B₁,Ph. Eur. 2.8.18 (HPLC-FLD),≤ 2 µg/kg,—,—,,,,not tested — no certificate covers it,,ND (197-9-М/26)
270,CoQ-PP-2025-0012,initial release,31.07.2025,P050092,GG1024_01,Gorilla Glue,I,iCoA-PP-2025-0012,10.2,Mycotoxins | Микотоксини,Aflatoxins ∑,Афлатоксини ∑ (B₁+B₂+G₁+G₂),Ph. Eur. 2.8.18 (HPLC-FLD),≤ 4 µg/kg,<2,1766/2025,11.04.2025,IPH — Institute of Public Health,"IPH mycotoxins, metals, pesticides",covered,,ND (197-9-М/26)
271,CoQ-PP-2025-0012,initial release,31.07.2025,P050092,GG1024_01,Gorilla Glue,I,iCoA-PP-2025-0012,10.3,Mycotoxins | Микотоксини,Ochratoxin A,Охратоксин A,Ph. Eur. 2.8.22 (HPLC-FLD),≤ 20 µg/kg,—,—,,,,not tested — no certificate covers it,,ND (197-9-М/26)
272,CoQ-PP-2025-0012,initial release,31.07.2025,P050092,GG1024_01,Gorilla Glue,I,iCoA-PP-2025-0012,11.1,Heavy Metals | Тешки метали,Lead (Pb),Олово (Pb),Ph. Eur. 2.4.27 (ICP-MS),≤ 0.5 mg/kg,0.02,1766/2025,11.04.2025,IPH — Institute of Public Health,"IPH mycotoxins, metals, pesticides",covered,,
273,CoQ-PP-2025-0012,initial release,31.07.2025,P050092,GG1024_01,Gorilla Glue,I,iCoA-PP-2025-0012,11.2,Heavy Metals | Тешки метали,Cadmium (Cd),Кадмиум (Cd),Ph. Eur. 2.4.27 (ICP-MS),≤ 0.3 mg/kg,0.007,1766/2025,11.04.2025,IPH — Institute of Public Health,"IPH mycotoxins, metals, pesticides",covered,,
274,CoQ-PP-2025-0012,initial release,31.07.2025,P050092,GG1024_01,Gorilla Glue,I,iCoA-PP-2025-0012,11.3,Heavy Metals | Тешки метали,Arsenic (As),Арсен (As),Ph. Eur. 2.4.27 (ICP-MS),≤ 0.2 mg/kg,0.015,1766/2025,11.04.2025,IPH — Institute of Public Health,"IPH mycotoxins, metals, pesticides",covered,,
275,CoQ-PP-2025-0012,initial release,31.07.2025,P050092,GG1024_01,Gorilla Glue,I,iCoA-PP-2025-0012,11.4,Heavy Metals | Тешки метали,Mercury (Hg),Жива (Hg),Ph. Eur. 2.4.27 (ICP-MS),≤ 0.1 mg/kg,0.005,1766/2025,11.04.2025,IPH — Institute of Public Health,"IPH mycotoxins, metals, pesticides",covered,,
276,CoQ-PP-2025-0012,initial release,31.07.2025,P050092,GG1024_01,Gorilla Glue,I,iCoA-PP-2025-0012,12,,Pesticide Residues,Остатоци од пестициди,Ph. Eur. 2.8.13 (LC-MS/MS) · CUMCS Equivalency,≤ LOQ as per Ph. Eur. 2.8.13 · ≤ LOQ as per CUMCS Equivalency,N.D.,1766/2025,11.04.2025,IPH — Institute of Public Health,"IPH mycotoxins, metals, pesticides",covered,,
277,CoQ-PP-2025-0013,initial release,25.08.2025,P050112,MB0824_05,Motor Breath,I,iCoA-PP-2025-0013,1,,"Identification A, Appearance · Macroscopic","Идентиф. A, Изглед, Макроскопски",Ph. Eur. mon. 3028,Conforms to monograph | Соодветствува со монографијата,—,—,,,,to be performed — see route,Purely Plant laboratory — iCoA covering Ident A + B,
278,CoQ-PP-2025-0013,initial release,25.08.2025,P050112,MB0824_05,Motor Breath,I,iCoA-PP-2025-0013,2,,Identification B · Microscopic,Идентиф. Б · Микроскопски,Ph. Eur. 2.8.23 (microscopy),Conforms to monograph | Соодветствува со монографијата,—,—,,,,to be performed — see route,Purely Plant laboratory — iCoA covering Ident A + B,
279,CoQ-PP-2025-0013,initial release,25.08.2025,P050112,MB0824_05,Motor Breath,I,iCoA-PP-2025-0013,3,,Identification C · HPLC/HPTLC,Идентиф. Ц · HPLC/HPTLC,Ph. Eur. 2.2.29 (3028),Conforms to monograph | Соодветствува со монографијата,—,—,,,,to be performed — see route,"outside laboratory — Ident C (CNP Ident C only, or Farmahem with the retest)",
280,CoQ-PP-2025-0013,initial release,25.08.2025,P050112,MB0824_05,Motor Breath,I,iCoA-PP-2025-0013,4,,Assay — Total Δ⁹-THC,Анализа — вкупен Δ⁹-THC,Ph. Eur. 2.2.29 (HPLC),"16.20 – 19.79 %  (grade I, class THC 18, nominal 18.00 ± 1.80)",16.82,ППК25211,28.07.2025,UKIM Faculty of Pharmacy — Center for Natural Products,UKIM CNP potency,covered,,
281,CoQ-PP-2025-0013,initial release,25.08.2025,P050112,MB0824_05,Motor Breath,I,iCoA-PP-2025-0013,5,,Assay — Total CBD,Анализа — вкупен CBD,Ph. Eur. 2.2.29 (HPLC) · CBD + CBDA x 0.877,"≤ 1.0%, w/w",0.06,ППК25211,28.07.2025,UKIM Faculty of Pharmacy — Center for Natural Products,UKIM CNP potency,covered,,
282,CoQ-PP-2025-0013,initial release,25.08.2025,P050112,MB0824_05,Motor Breath,I,iCoA-PP-2025-0013,6,,Total CBN,Вкупен CBN,Ph. Eur. 2.2.29 (HPLC) · CBN + CBNA x 0.876,"≤ 1.0%, w/w",—,—,,,,not tested — no certificate covers it,,
283,CoQ-PP-2025-0013,initial release,25.08.2025,P050112,MB0824_05,Motor Breath,I,iCoA-PP-2025-0013,7,,Foreign Matter,Страни материи,Ph. Eur. 2.8.2 · In-house · интерна,"≤ 2.0% / 25–50 g · < 1 cm leaves | листови, no seeds | без семки",—,—,,,,to be performed — see route,Purely Plant laboratory — iCoA covering Foreign matter,
284,CoQ-PP-2025-0013,initial release,25.08.2025,P050112,MB0824_05,Motor Breath,I,iCoA-PP-2025-0013,8,,Loss on Drying,Губиток при сушење,"Ph. Eur. 2.2.32 (3028) · at 40 °C, 24 h, 15–25 mbar",≤ 12.0%,6.56,ППК25211,28.07.2025,UKIM Faculty of Pharmacy — Center for Natural Products,UKIM CNP potency,covered,,
285,CoQ-PP-2025-0013,initial release,25.08.2025,P050112,MB0824_05,Motor Breath,I,iCoA-PP-2025-0013,9.1,Microbiological Purity | Микробиолошка Чистота,TAMC,Вкупен аеробен микробен број,Ph. Eur. 2.6.12 cat. C,≤ 10⁵ CFU/g,3.5×10³,767/1376/25,29.07.2025,IPH — Institute of Public Health,IPH microbiology,covered,,
286,CoQ-PP-2025-0013,initial release,25.08.2025,P050112,MB0824_05,Motor Breath,I,iCoA-PP-2025-0013,9.2,Microbiological Purity | Микробиолошка Чистота,TYMC,Вкупен број квасци/мувли,Ph. Eur. 2.6.12 cat. C,≤ 10⁴ CFU/g,1×10³,767/1376/25,29.07.2025,IPH — Institute of Public Health,IPH microbiology,covered,,
287,CoQ-PP-2025-0013,initial release,25.08.2025,P050112,MB0824_05,Motor Breath,I,iCoA-PP-2025-0013,9.3,Microbiological Purity | Микробиолошка Чистота,Bile-tolerant gram-neg.,Жолчно-толерантни грам-нег.,Ph. Eur. 2.6.31 cat. C,≤ 10⁴ CFU/g,<10,767/1376/25,29.07.2025,IPH — Institute of Public Health,IPH microbiology,covered,,
288,CoQ-PP-2025-0013,initial release,25.08.2025,P050112,MB0824_05,Motor Breath,I,iCoA-PP-2025-0013,9.4,Microbiological Purity | Микробиолошка Чистота,Salmonella,Салмонела,Ph. Eur. 2.6.31 cat. C,Absence | Отсуство / 25 g,Одговара (absent),767/1376/25,29.07.2025,IPH — Institute of Public Health,IPH microbiology,covered,,
289,CoQ-PP-2025-0013,initial release,25.08.2025,P050112,MB0824_05,Motor Breath,I,iCoA-PP-2025-0013,9.5,Microbiological Purity | Микробиолошка Чистота,Escherichia coli,Ешерихија коли,Ph. Eur. 2.6.13 cat. C,Absence | Отсуство / 1 g,Одговара (absent),767/1376/25,29.07.2025,IPH — Institute of Public Health,IPH microbiology,covered,,
290,CoQ-PP-2025-0013,initial release,25.08.2025,P050112,MB0824_05,Motor Breath,I,iCoA-PP-2025-0013,9.6,Microbiological Purity | Микробиолошка Чистота,Pseudomonas aeruginosa,,Ph. Eur. 2.6.13 cat. C,Absence | Отсуство / 1 g,—,—,,,,upon request — not required for release,,
291,CoQ-PP-2025-0013,initial release,25.08.2025,P050112,MB0824_05,Motor Breath,I,iCoA-PP-2025-0013,9.7,Microbiological Purity | Микробиолошка Чистота,Staphylococcus aureus,,Ph. Eur. 2.6.13 cat. C,Absence | Отсуство / 1 g,—,—,,,,upon request — not required for release,,
292,CoQ-PP-2025-0013,initial release,25.08.2025,P050112,MB0824_05,Motor Breath,I,iCoA-PP-2025-0013,10.1,Mycotoxins | Микотоксини,Aflatoxin B₁,Афлатоксин B₁,Ph. Eur. 2.8.18 (HPLC-FLD),≤ 2 µg/kg,—,—,,,,not tested — no certificate covers it,,
293,CoQ-PP-2025-0013,initial release,25.08.2025,P050112,MB0824_05,Motor Breath,I,iCoA-PP-2025-0013,10.2,Mycotoxins | Микотоксини,Aflatoxins ∑,Афлатоксини ∑ (B₁+B₂+G₁+G₂),Ph. Eur. 2.8.18 (HPLC-FLD),≤ 4 µg/kg,2,3638/2025,28.07.2025,IPH — Institute of Public Health,"IPH mycotoxins, metals, pesticides",covered,,
294,CoQ-PP-2025-0013,initial release,25.08.2025,P050112,MB0824_05,Motor Breath,I,iCoA-PP-2025-0013,10.3,Mycotoxins | Микотоксини,Ochratoxin A,Охратоксин A,Ph. Eur. 2.8.22 (HPLC-FLD),≤ 20 µg/kg,—,—,,,,not tested — no certificate covers it,,
295,CoQ-PP-2025-0013,initial release,25.08.2025,P050112,MB0824_05,Motor Breath,I,iCoA-PP-2025-0013,11.1,Heavy Metals | Тешки метали,Lead (Pb),Олово (Pb),Ph. Eur. 2.4.27 (ICP-MS),≤ 0.5 mg/kg,N.D.,3638/2025,28.07.2025,IPH — Institute of Public Health,"IPH mycotoxins, metals, pesticides",covered,,
296,CoQ-PP-2025-0013,initial release,25.08.2025,P050112,MB0824_05,Motor Breath,I,iCoA-PP-2025-0013,11.2,Heavy Metals | Тешки метали,Cadmium (Cd),Кадмиум (Cd),Ph. Eur. 2.4.27 (ICP-MS),≤ 0.3 mg/kg,N.D.,3638/2025,28.07.2025,IPH — Institute of Public Health,"IPH mycotoxins, metals, pesticides",covered,,
297,CoQ-PP-2025-0013,initial release,25.08.2025,P050112,MB0824_05,Motor Breath,I,iCoA-PP-2025-0013,11.3,Heavy Metals | Тешки метали,Arsenic (As),Арсен (As),Ph. Eur. 2.4.27 (ICP-MS),≤ 0.2 mg/kg,0.086,3638/2025,28.07.2025,IPH — Institute of Public Health,"IPH mycotoxins, metals, pesticides",covered,,
298,CoQ-PP-2025-0013,initial release,25.08.2025,P050112,MB0824_05,Motor Breath,I,iCoA-PP-2025-0013,11.4,Heavy Metals | Тешки метали,Mercury (Hg),Жива (Hg),Ph. Eur. 2.4.27 (ICP-MS),≤ 0.1 mg/kg,0.006,3638/2025,28.07.2025,IPH — Institute of Public Health,"IPH mycotoxins, metals, pesticides",covered,,
299,CoQ-PP-2025-0013,initial release,25.08.2025,P050112,MB0824_05,Motor Breath,I,iCoA-PP-2025-0013,12,,Pesticide Residues,Остатоци од пестициди,Ph. Eur. 2.8.13 (LC-MS/MS) · CUMCS Equivalency,≤ LOQ as per Ph. Eur. 2.8.13 · ≤ LOQ as per CUMCS Equivalency,N.D.,3638/2025,28.07.2025,IPH — Institute of Public Health,"IPH mycotoxins, metals, pesticides",covered,,
300,CoQ-PP-2025-0014,initial release,25.09.2025,P050152,GP052501,Grape Pie,IV,iCoA-PP-2025-0014,1,,"Identification A, Appearance · Macroscopic","Идентиф. A, Изглед, Макроскопски",Ph. Eur. mon. 3028,Conforms to monograph | Соодветствува со монографијата,—,—,,,,to be performed — see route,Purely Plant laboratory — iCoA covering Ident A + B,
301,CoQ-PP-2025-0014,initial release,25.09.2025,P050152,GP052501,Grape Pie,IV,iCoA-PP-2025-0014,2,,Identification B · Microscopic,Идентиф. Б · Микроскопски,Ph. Eur. 2.8.23 (microscopy),Conforms to monograph | Соодветствува со монографијата,—,—,,,,to be performed — see route,Purely Plant laboratory — iCoA covering Ident A + B,
302,CoQ-PP-2025-0014,initial release,25.09.2025,P050152,GP052501,Grape Pie,IV,iCoA-PP-2025-0014,3,,Identification C · HPLC/HPTLC,Идентиф. Ц · HPLC/HPTLC,Ph. Eur. 2.2.29 (3028),Conforms to monograph | Соодветствува со монографијата,—,—,,,,to be performed — see route,"outside laboratory — Ident C (CNP Ident C only, or Farmahem with the retest)",
303,CoQ-PP-2025-0014,initial release,25.09.2025,P050152,GP052501,Grape Pie,IV,iCoA-PP-2025-0014,4,,Assay — Total Δ⁹-THC,Анализа — вкупен Δ⁹-THC,Ph. Eur. 2.2.29 (HPLC),"16.20 – 19.79 %  (grade IV, class THC 18, nominal 18.00 ± 1.80)",18.98,ППК25279,19.09.2025,UKIM Faculty of Pharmacy — Center for Natural Products,UKIM CNP potency,covered,,18.52 (197-10-К/26)
304,CoQ-PP-2025-0014,initial release,25.09.2025,P050152,GP052501,Grape Pie,IV,iCoA-PP-2025-0014,5,,Assay — Total CBD,Анализа — вкупен CBD,Ph. Eur. 2.2.29 (HPLC) · CBD + CBDA x 0.877,"≤ 1.0%, w/w",0.08,ППК25279,19.09.2025,UKIM Faculty of Pharmacy — Center for Natural Products,UKIM CNP potency,covered,,<LOQ (197-10-К/26)
305,CoQ-PP-2025-0014,initial release,25.09.2025,P050152,GP052501,Grape Pie,IV,iCoA-PP-2025-0014,6,,Total CBN,Вкупен CBN,Ph. Eur. 2.2.29 (HPLC) · CBN + CBNA x 0.876,"≤ 1.0%, w/w",—,—,,,,not tested — no certificate covers it,,<LOQ (197-10-К/26)
306,CoQ-PP-2025-0014,initial release,25.09.2025,P050152,GP052501,Grape Pie,IV,iCoA-PP-2025-0014,7,,Foreign Matter,Страни материи,Ph. Eur. 2.8.2 · In-house · интерна,"≤ 2.0% / 25–50 g · < 1 cm leaves | листови, no seeds | без семки",—,—,,,,to be performed — see route,Purely Plant laboratory — iCoA covering Foreign matter,
307,CoQ-PP-2025-0014,initial release,25.09.2025,P050152,GP052501,Grape Pie,IV,iCoA-PP-2025-0014,8,,Loss on Drying,Губиток при сушење,"Ph. Eur. 2.2.32 (3028) · at 40 °C, 24 h, 15–25 mbar",≤ 12.0%,7.30,ППК25279,19.09.2025,UKIM Faculty of Pharmacy — Center for Natural Products,UKIM CNP potency,covered,,
308,CoQ-PP-2025-0014,initial release,25.09.2025,P050152,GP052501,Grape Pie,IV,iCoA-PP-2025-0014,9.1,Microbiological Purity | Микробиолошка Чистота,TAMC,Вкупен аеробен микробен број,Ph. Eur. 2.6.12 cat. C,≤ 10⁵ CFU/g,2.1×10⁴,946/1684/25,17.09.2025,IPH — Institute of Public Health,IPH microbiology,covered,,
309,CoQ-PP-2025-0014,initial release,25.09.2025,P050152,GP052501,Grape Pie,IV,iCoA-PP-2025-0014,9.2,Microbiological Purity | Микробиолошка Чистота,TYMC,Вкупен број квасци/мувли,Ph. Eur. 2.6.12 cat. C,≤ 10⁴ CFU/g,3.6×10⁴,946/1684/25,17.09.2025,IPH — Institute of Public Health,IPH microbiology,OUT OF SPECIFICATION,,
310,CoQ-PP-2025-0014,initial release,25.09.2025,P050152,GP052501,Grape Pie,IV,iCoA-PP-2025-0014,9.3,Microbiological Purity | Микробиолошка Чистота,Bile-tolerant gram-neg.,Жолчно-толерантни грам-нег.,Ph. Eur. 2.6.31 cat. C,≤ 10⁴ CFU/g,<10² and >10¹,946/1684/25,17.09.2025,IPH — Institute of Public Health,IPH microbiology,covered,,
311,CoQ-PP-2025-0014,initial release,25.09.2025,P050152,GP052501,Grape Pie,IV,iCoA-PP-2025-0014,9.4,Microbiological Purity | Микробиолошка Чистота,Salmonella,Салмонела,Ph. Eur. 2.6.31 cat. C,Absence | Отсуство / 25 g,Одговара (absent),946/1684/25,17.09.2025,IPH — Institute of Public Health,IPH microbiology,covered,,
312,CoQ-PP-2025-0014,initial release,25.09.2025,P050152,GP052501,Grape Pie,IV,iCoA-PP-2025-0014,9.5,Microbiological Purity | Микробиолошка Чистота,Escherichia coli,Ешерихија коли,Ph. Eur. 2.6.13 cat. C,Absence | Отсуство / 1 g,Одговара (absent),946/1684/25,17.09.2025,IPH — Institute of Public Health,IPH microbiology,covered,,
313,CoQ-PP-2025-0014,initial release,25.09.2025,P050152,GP052501,Grape Pie,IV,iCoA-PP-2025-0014,9.6,Microbiological Purity | Микробиолошка Чистота,Pseudomonas aeruginosa,,Ph. Eur. 2.6.13 cat. C,Absence | Отсуство / 1 g,—,—,,,,upon request — not required for release,,
314,CoQ-PP-2025-0014,initial release,25.09.2025,P050152,GP052501,Grape Pie,IV,iCoA-PP-2025-0014,9.7,Microbiological Purity | Микробиолошка Чистота,Staphylococcus aureus,,Ph. Eur. 2.6.13 cat. C,Absence | Отсуство / 1 g,—,—,,,,upon request — not required for release,,
315,CoQ-PP-2025-0014,initial release,25.09.2025,P050152,GP052501,Grape Pie,IV,iCoA-PP-2025-0014,10.1,Mycotoxins | Микотоксини,Aflatoxin B₁,Афлатоксин B₁,Ph. Eur. 2.8.18 (HPLC-FLD),≤ 2 µg/kg,—,—,,,,not tested — no certificate covers it,,ND (197-10-М/26)
316,CoQ-PP-2025-0014,initial release,25.09.2025,P050152,GP052501,Grape Pie,IV,iCoA-PP-2025-0014,10.2,Mycotoxins | Микотоксини,Aflatoxins ∑,Афлатоксини ∑ (B₁+B₂+G₁+G₂),Ph. Eur. 2.8.18 (HPLC-FLD),≤ 4 µg/kg,<2,4348/2025,15.09.2025,IPH — Institute of Public Health,"IPH mycotoxins, metals, pesticides",covered,,ND (197-10-М/26)
317,CoQ-PP-2025-0014,initial release,25.09.2025,P050152,GP052501,Grape Pie,IV,iCoA-PP-2025-0014,10.3,Mycotoxins | Микотоксини,Ochratoxin A,Охратоксин A,Ph. Eur. 2.8.22 (HPLC-FLD),≤ 20 µg/kg,—,—,,,,not tested — no certificate covers it,,ND (197-10-М/26)
318,CoQ-PP-2025-0014,initial release,25.09.2025,P050152,GP052501,Grape Pie,IV,iCoA-PP-2025-0014,11.1,Heavy Metals | Тешки метали,Lead (Pb),Олово (Pb),Ph. Eur. 2.4.27 (ICP-MS),≤ 0.5 mg/kg,0.06,4348/2025,15.09.2025,IPH — Institute of Public Health,"IPH mycotoxins, metals, pesticides",covered,,
319,CoQ-PP-2025-0014,initial release,25.09.2025,P050152,GP052501,Grape Pie,IV,iCoA-PP-2025-0014,11.2,Heavy Metals | Тешки метали,Cadmium (Cd),Кадмиум (Cd),Ph. Eur. 2.4.27 (ICP-MS),≤ 0.3 mg/kg,N.D.,4348/2025,15.09.2025,IPH — Institute of Public Health,"IPH mycotoxins, metals, pesticides",covered,,
320,CoQ-PP-2025-0014,initial release,25.09.2025,P050152,GP052501,Grape Pie,IV,iCoA-PP-2025-0014,11.3,Heavy Metals | Тешки метали,Arsenic (As),Арсен (As),Ph. Eur. 2.4.27 (ICP-MS),≤ 0.2 mg/kg,N.D.,4348/2025,15.09.2025,IPH — Institute of Public Health,"IPH mycotoxins, metals, pesticides",covered,,
321,CoQ-PP-2025-0014,initial release,25.09.2025,P050152,GP052501,Grape Pie,IV,iCoA-PP-2025-0014,11.4,Heavy Metals | Тешки метали,Mercury (Hg),Жива (Hg),Ph. Eur. 2.4.27 (ICP-MS),≤ 0.1 mg/kg,N.D.,4348/2025,15.09.2025,IPH — Institute of Public Health,"IPH mycotoxins, metals, pesticides",covered,,
322,CoQ-PP-2025-0014,initial release,25.09.2025,P050152,GP052501,Grape Pie,IV,iCoA-PP-2025-0014,12,,Pesticide Residues,Остатоци од пестициди,Ph. Eur. 2.8.13 (LC-MS/MS) · CUMCS Equivalency,≤ LOQ as per Ph. Eur. 2.8.13 · ≤ LOQ as per CUMCS Equivalency,N.D.,4348/2025,15.09.2025,IPH — Institute of Public Health,"IPH mycotoxins, metals, pesticides",covered,,
323,CoQ-PP-2025-0015,initial release,30.09.2025,P050162,CJ052501/01,Cap Junky,III,iCoA-PP-2025-0015,1,,"Identification A, Appearance · Macroscopic","Идентиф. A, Изглед, Макроскопски",Ph. Eur. mon. 3028,Conforms to monograph | Соодветствува со монографијата,—,—,,,,to be performed — see route,Purely Plant laboratory — iCoA covering Ident A + B,
324,CoQ-PP-2025-0015,initial release,30.09.2025,P050162,CJ052501/01,Cap Junky,III,iCoA-PP-2025-0015,2,,Identification B · Microscopic,Идентиф. Б · Микроскопски,Ph. Eur. 2.8.23 (microscopy),Conforms to monograph | Соодветствува со монографијата,—,—,,,,to be performed — see route,Purely Plant laboratory — iCoA covering Ident A + B,
325,CoQ-PP-2025-0015,initial release,30.09.2025,P050162,CJ052501/01,Cap Junky,III,iCoA-PP-2025-0015,3,,Identification C · HPLC/HPTLC,Идентиф. Ц · HPLC/HPTLC,Ph. Eur. 2.2.29 (3028),Conforms to monograph | Соодветствува со монографијата,—,—,,,,to be performed — see route,"outside laboratory — Ident C (CNP Ident C only, or Farmahem with the retest)",
326,CoQ-PP-2025-0015,initial release,30.09.2025,P050162,CJ052501/01,Cap Junky,III,iCoA-PP-2025-0015,4,,Assay — Total Δ⁹-THC,Анализа — вкупен Δ⁹-THC,Ph. Eur. 2.2.29 (HPLC),"21.60 – 26.39 %  (grade III, class THC 24, nominal 24.00 ± 2.40)",20.29,ППК25280,17.09.2025,UKIM Faculty of Pharmacy — Center for Natural Products,UKIM CNP potency,covered,,24.05 (197-3-К/26)
327,CoQ-PP-2025-0015,initial release,30.09.2025,P050162,CJ052501/01,Cap Junky,III,iCoA-PP-2025-0015,5,,Assay — Total CBD,Анализа — вкупен CBD,Ph. Eur. 2.2.29 (HPLC) · CBD + CBDA x 0.877,"≤ 1.0%, w/w",0.07,ППК25280,17.09.2025,UKIM Faculty of Pharmacy — Center for Natural Products,UKIM CNP potency,covered,,<LOQ (197-3-К/26)
328,CoQ-PP-2025-0015,initial release,30.09.2025,P050162,CJ052501/01,Cap Junky,III,iCoA-PP-2025-0015,6,,Total CBN,Вкупен CBN,Ph. Eur. 2.2.29 (HPLC) · CBN + CBNA x 0.876,"≤ 1.0%, w/w",—,—,,,,not tested — no certificate covers it,,<LOQ (197-3-К/26)
329,CoQ-PP-2025-0015,initial release,30.09.2025,P050162,CJ052501/01,Cap Junky,III,iCoA-PP-2025-0015,7,,Foreign Matter,Страни материи,Ph. Eur. 2.8.2 · In-house · интерна,"≤ 2.0% / 25–50 g · < 1 cm leaves | листови, no seeds | без семки",—,—,,,,to be performed — see route,Purely Plant laboratory — iCoA covering Foreign matter,
330,CoQ-PP-2025-0015,initial release,30.09.2025,P050162,CJ052501/01,Cap Junky,III,iCoA-PP-2025-0015,8,,Loss on Drying,Губиток при сушење,"Ph. Eur. 2.2.32 (3028) · at 40 °C, 24 h, 15–25 mbar",≤ 12.0%,7.93,ППК25280,17.09.2025,UKIM Faculty of Pharmacy — Center for Natural Products,UKIM CNP potency,covered,,
331,CoQ-PP-2025-0015,initial release,30.09.2025,P050162,CJ052501/01,Cap Junky,III,iCoA-PP-2025-0015,9.1,Microbiological Purity | Микробиолошка Чистота,TAMC,Вкупен аеробен микробен број,Ph. Eur. 2.6.12 cat. C,≤ 10⁵ CFU/g,2.8×10⁴,949/1687/25,17.09.2025,IPH — Institute of Public Health,IPH microbiology,covered,,
332,CoQ-PP-2025-0015,initial release,30.09.2025,P050162,CJ052501/01,Cap Junky,III,iCoA-PP-2025-0015,9.2,Microbiological Purity | Микробиолошка Чистота,TYMC,Вкупен број квасци/мувли,Ph. Eur. 2.6.12 cat. C,≤ 10⁴ CFU/g,1.7×10⁴,949/1687/25,17.09.2025,IPH — Institute of Public Health,IPH microbiology,UNDETERMINED — pending the QCSP 001 reading,,
333,CoQ-PP-2025-0015,initial release,30.09.2025,P050162,CJ052501/01,Cap Junky,III,iCoA-PP-2025-0015,9.3,Microbiological Purity | Микробиолошка Чистота,Bile-tolerant gram-neg.,Жолчно-толерантни грам-нег.,Ph. Eur. 2.6.31 cat. C,≤ 10⁴ CFU/g,<10³ and >10²,949/1687/25,17.09.2025,IPH — Institute of Public Health,IPH microbiology,covered,,
334,CoQ-PP-2025-0015,initial release,30.09.2025,P050162,CJ052501/01,Cap Junky,III,iCoA-PP-2025-0015,9.4,Microbiological Purity | Микробиолошка Чистота,Salmonella,Салмонела,Ph. Eur. 2.6.31 cat. C,Absence | Отсуство / 25 g,Одговара (absent),949/1687/25,17.09.2025,IPH — Institute of Public Health,IPH microbiology,covered,,
335,CoQ-PP-2025-0015,initial release,30.09.2025,P050162,CJ052501/01,Cap Junky,III,iCoA-PP-2025-0015,9.5,Microbiological Purity | Микробиолошка Чистота,Escherichia coli,Ешерихија коли,Ph. Eur. 2.6.13 cat. C,Absence | Отсуство / 1 g,Одговара (absent),949/1687/25,17.09.2025,IPH — Institute of Public Health,IPH microbiology,covered,,
336,CoQ-PP-2025-0015,initial release,30.09.2025,P050162,CJ052501/01,Cap Junky,III,iCoA-PP-2025-0015,9.6,Microbiological Purity | Микробиолошка Чистота,Pseudomonas aeruginosa,,Ph. Eur. 2.6.13 cat. C,Absence | Отсуство / 1 g,—,—,,,,upon request — not required for release,,
337,CoQ-PP-2025-0015,initial release,30.09.2025,P050162,CJ052501/01,Cap Junky,III,iCoA-PP-2025-0015,9.7,Microbiological Purity | Микробиолошка Чистота,Staphylococcus aureus,,Ph. Eur. 2.6.13 cat. C,Absence | Отсуство / 1 g,—,—,,,,upon request — not required for release,,
338,CoQ-PP-2025-0015,initial release,30.09.2025,P050162,CJ052501/01,Cap Junky,III,iCoA-PP-2025-0015,10.1,Mycotoxins | Микотоксини,Aflatoxin B₁,Афлатоксин B₁,Ph. Eur. 2.8.18 (HPLC-FLD),≤ 2 µg/kg,—,—,,,,not tested — no certificate covers it,,ND (197-3-М/26)
339,CoQ-PP-2025-0015,initial release,30.09.2025,P050162,CJ052501/01,Cap Junky,III,iCoA-PP-2025-0015,10.2,Mycotoxins | Микотоксини,Aflatoxins ∑,Афлатоксини ∑ (B₁+B₂+G₁+G₂),Ph. Eur. 2.8.18 (HPLC-FLD),≤ 4 µg/kg,<2,4350/2025,15.09.2025,IPH — Institute of Public Health,"IPH mycotoxins, metals, pesticides",covered,,ND (197-3-М/26)
340,CoQ-PP-2025-0015,initial release,30.09.2025,P050162,CJ052501/01,Cap Junky,III,iCoA-PP-2025-0015,10.3,Mycotoxins | Микотоксини,Ochratoxin A,Охратоксин A,Ph. Eur. 2.8.22 (HPLC-FLD),≤ 20 µg/kg,—,—,,,,not tested — no certificate covers it,,ND (197-3-М/26)
341,CoQ-PP-2025-0015,initial release,30.09.2025,P050162,CJ052501/01,Cap Junky,III,iCoA-PP-2025-0015,11.1,Heavy Metals | Тешки метали,Lead (Pb),Олово (Pb),Ph. Eur. 2.4.27 (ICP-MS),≤ 0.5 mg/kg,0.085,4350/2025,15.09.2025,IPH — Institute of Public Health,"IPH mycotoxins, metals, pesticides",covered,,
342,CoQ-PP-2025-0015,initial release,30.09.2025,P050162,CJ052501/01,Cap Junky,III,iCoA-PP-2025-0015,11.2,Heavy Metals | Тешки метали,Cadmium (Cd),Кадмиум (Cd),Ph. Eur. 2.4.27 (ICP-MS),≤ 0.3 mg/kg,N.D.,4350/2025,15.09.2025,IPH — Institute of Public Health,"IPH mycotoxins, metals, pesticides",covered,,
343,CoQ-PP-2025-0015,initial release,30.09.2025,P050162,CJ052501/01,Cap Junky,III,iCoA-PP-2025-0015,11.3,Heavy Metals | Тешки метали,Arsenic (As),Арсен (As),Ph. Eur. 2.4.27 (ICP-MS),≤ 0.2 mg/kg,N.D.,4350/2025,15.09.2025,IPH — Institute of Public Health,"IPH mycotoxins, metals, pesticides",covered,,
344,CoQ-PP-2025-0015,initial release,30.09.2025,P050162,CJ052501/01,Cap Junky,III,iCoA-PP-2025-0015,11.4,Heavy Metals | Тешки метали,Mercury (Hg),Жива (Hg),Ph. Eur. 2.4.27 (ICP-MS),≤ 0.1 mg/kg,N.D.,4350/2025,15.09.2025,IPH — Institute of Public Health,"IPH mycotoxins, metals, pesticides",covered,,
345,CoQ-PP-2025-0015,initial release,30.09.2025,P050162,CJ052501/01,Cap Junky,III,iCoA-PP-2025-0015,12,,Pesticide Residues,Остатоци од пестициди,Ph. Eur. 2.8.13 (LC-MS/MS) · CUMCS Equivalency,≤ LOQ as per Ph. Eur. 2.8.13 · ≤ LOQ as per CUMCS Equivalency,N.D.,4350/2025,15.09.2025,IPH — Institute of Public Health,"IPH mycotoxins, metals, pesticides",covered,,
346,CoQ-PP-2025-0016,initial release,03.10.2025,P050182,HPA052501,High Pro Amnesia,II,iCoA-PP-2025-0016,1,,"Identification A, Appearance · Macroscopic","Идентиф. A, Изглед, Макроскопски",Ph. Eur. mon. 3028,Conforms to monograph | Соодветствува со монографијата,—,—,,,,to be performed — see route,Purely Plant laboratory — iCoA covering Ident A + B,
347,CoQ-PP-2025-0016,initial release,03.10.2025,P050182,HPA052501,High Pro Amnesia,II,iCoA-PP-2025-0016,2,,Identification B · Microscopic,Идентиф. Б · Микроскопски,Ph. Eur. 2.8.23 (microscopy),Conforms to monograph | Соодветствува со монографијата,—,—,,,,to be performed — see route,Purely Plant laboratory — iCoA covering Ident A + B,
348,CoQ-PP-2025-0016,initial release,03.10.2025,P050182,HPA052501,High Pro Amnesia,II,iCoA-PP-2025-0016,3,,Identification C · HPLC/HPTLC,Идентиф. Ц · HPLC/HPTLC,Ph. Eur. 2.2.29 (3028),Conforms to monograph | Соодветствува со монографијата,—,—,,,,to be performed — see route,"outside laboratory — Ident C (CNP Ident C only, or Farmahem with the retest)",
349,CoQ-PP-2025-0016,initial release,03.10.2025,P050182,HPA052501,High Pro Amnesia,II,iCoA-PP-2025-0016,4,,Assay — Total Δ⁹-THC,Анализа — вкупен Δ⁹-THC,Ph. Eur. 2.2.29 (HPLC),"18.00 – 21.99 %  (grade II, class THC 20, nominal 20.00 ± 2.00)",20.39,ППК25278,19.09.2025,UKIM Faculty of Pharmacy — Center for Natural Products,UKIM CNP potency,covered,,
350,CoQ-PP-2025-0016,initial release,03.10.2025,P050182,HPA052501,High Pro Amnesia,II,iCoA-PP-2025-0016,5,,Assay — Total CBD,Анализа — вкупен CBD,Ph. Eur. 2.2.29 (HPLC) · CBD + CBDA x 0.877,"≤ 1.0%, w/w",0.09,ППК25278,19.09.2025,UKIM Faculty of Pharmacy — Center for Natural Products,UKIM CNP potency,covered,,
351,CoQ-PP-2025-0016,initial release,03.10.2025,P050182,HPA052501,High Pro Amnesia,II,iCoA-PP-2025-0016,6,,Total CBN,Вкупен CBN,Ph. Eur. 2.2.29 (HPLC) · CBN + CBNA x 0.876,"≤ 1.0%, w/w",—,—,,,,not tested — no certificate covers it,,
352,CoQ-PP-2025-0016,initial release,03.10.2025,P050182,HPA052501,High Pro Amnesia,II,iCoA-PP-2025-0016,7,,Foreign Matter,Страни материи,Ph. Eur. 2.8.2 · In-house · интерна,"≤ 2.0% / 25–50 g · < 1 cm leaves | листови, no seeds | без семки",—,—,,,,to be performed — see route,Purely Plant laboratory — iCoA covering Foreign matter,
353,CoQ-PP-2025-0016,initial release,03.10.2025,P050182,HPA052501,High Pro Amnesia,II,iCoA-PP-2025-0016,8,,Loss on Drying,Губиток при сушење,"Ph. Eur. 2.2.32 (3028) · at 40 °C, 24 h, 15–25 mbar",≤ 12.0%,7.29,ППК25278,19.09.2025,UKIM Faculty of Pharmacy — Center for Natural Products,UKIM CNP potency,covered,,
354,CoQ-PP-2025-0016,initial release,03.10.2025,P050182,HPA052501,High Pro Amnesia,II,iCoA-PP-2025-0016,9.1,Microbiological Purity | Микробиолошка Чистота,TAMC,Вкупен аеробен микробен број,Ph. Eur. 2.6.12 cat. C,≤ 10⁵ CFU/g,2.7×10⁴,948/1686/25,17.09.2025,IPH — Institute of Public Health,IPH microbiology,covered,,
355,CoQ-PP-2025-0016,initial release,03.10.2025,P050182,HPA052501,High Pro Amnesia,II,iCoA-PP-2025-0016,9.2,Microbiological Purity | Микробиолошка Чистота,TYMC,Вкупен број квасци/мувли,Ph. Eur. 2.6.12 cat. C,≤ 10⁴ CFU/g,2.6×10⁴,948/1686/25,17.09.2025,IPH — Institute of Public Health,IPH microbiology,OUT OF SPECIFICATION,,
356,CoQ-PP-2025-0016,initial release,03.10.2025,P050182,HPA052501,High Pro Amnesia,II,iCoA-PP-2025-0016,9.3,Microbiological Purity | Микробиолошка Чистота,Bile-tolerant gram-neg.,Жолчно-толерантни грам-нег.,Ph. Eur. 2.6.31 cat. C,≤ 10⁴ CFU/g,< 10,948/1686/25,17.09.2025,IPH — Institute of Public Health,IPH microbiology,covered,,
357,CoQ-PP-2025-0016,initial release,03.10.2025,P050182,HPA052501,High Pro Amnesia,II,iCoA-PP-2025-0016,9.4,Microbiological Purity | Микробиолошка Чистота,Salmonella,Салмонела,Ph. Eur. 2.6.31 cat. C,Absence | Отсуство / 25 g,Одговара (absent),948/1686/25,17.09.2025,IPH — Institute of Public Health,IPH microbiology,covered,,
358,CoQ-PP-2025-0016,initial release,03.10.2025,P050182,HPA052501,High Pro Amnesia,II,iCoA-PP-2025-0016,9.5,Microbiological Purity | Микробиолошка Чистота,Escherichia coli,Ешерихија коли,Ph. Eur. 2.6.13 cat. C,Absence | Отсуство / 1 g,Одговара (absent),948/1686/25,17.09.2025,IPH — Institute of Public Health,IPH microbiology,covered,,
359,CoQ-PP-2025-0016,initial release,03.10.2025,P050182,HPA052501,High Pro Amnesia,II,iCoA-PP-2025-0016,9.6,Microbiological Purity | Микробиолошка Чистота,Pseudomonas aeruginosa,,Ph. Eur. 2.6.13 cat. C,Absence | Отсуство / 1 g,—,—,,,,upon request — not required for release,,
360,CoQ-PP-2025-0016,initial release,03.10.2025,P050182,HPA052501,High Pro Amnesia,II,iCoA-PP-2025-0016,9.7,Microbiological Purity | Микробиолошка Чистота,Staphylococcus aureus,,Ph. Eur. 2.6.13 cat. C,Absence | Отсуство / 1 g,—,—,,,,upon request — not required for release,,
361,CoQ-PP-2025-0016,initial release,03.10.2025,P050182,HPA052501,High Pro Amnesia,II,iCoA-PP-2025-0016,10.1,Mycotoxins | Микотоксини,Aflatoxin B₁,Афлатоксин B₁,Ph. Eur. 2.8.18 (HPLC-FLD),≤ 2 µg/kg,—,—,,,,not tested — no certificate covers it,,
362,CoQ-PP-2025-0016,initial release,03.10.2025,P050182,HPA052501,High Pro Amnesia,II,iCoA-PP-2025-0016,10.2,Mycotoxins | Микотоксини,Aflatoxins ∑,Афлатоксини ∑ (B₁+B₂+G₁+G₂),Ph. Eur. 2.8.18 (HPLC-FLD),≤ 4 µg/kg,<2,4352/2025,15.09.2025,IPH — Institute of Public Health,"IPH mycotoxins, metals, pesticides",covered,,
363,CoQ-PP-2025-0016,initial release,03.10.2025,P050182,HPA052501,High Pro Amnesia,II,iCoA-PP-2025-0016,10.3,Mycotoxins | Микотоксини,Ochratoxin A,Охратоксин A,Ph. Eur. 2.8.22 (HPLC-FLD),≤ 20 µg/kg,—,—,,,,not tested — no certificate covers it,,
364,CoQ-PP-2025-0016,initial release,03.10.2025,P050182,HPA052501,High Pro Amnesia,II,iCoA-PP-2025-0016,11.1,Heavy Metals | Тешки метали,Lead (Pb),Олово (Pb),Ph. Eur. 2.4.27 (ICP-MS),≤ 0.5 mg/kg,0.034,4352/2025,15.09.2025,IPH — Institute of Public Health,"IPH mycotoxins, metals, pesticides",covered,,
365,CoQ-PP-2025-0016,initial release,03.10.2025,P050182,HPA052501,High Pro Amnesia,II,iCoA-PP-2025-0016,11.2,Heavy Metals | Тешки метали,Cadmium (Cd),Кадмиум (Cd),Ph. Eur. 2.4.27 (ICP-MS),≤ 0.3 mg/kg,N.D.,4352/2025,15.09.2025,IPH — Institute of Public Health,"IPH mycotoxins, metals, pesticides",covered,,
366,CoQ-PP-2025-0016,initial release,03.10.2025,P050182,HPA052501,High Pro Amnesia,II,iCoA-PP-2025-0016,11.3,Heavy Metals | Тешки метали,Arsenic (As),Арсен (As),Ph. Eur. 2.4.27 (ICP-MS),≤ 0.2 mg/kg,N.D.,4352/2025,15.09.2025,IPH — Institute of Public Health,"IPH mycotoxins, metals, pesticides",covered,,
367,CoQ-PP-2025-0016,initial release,03.10.2025,P050182,HPA052501,High Pro Amnesia,II,iCoA-PP-2025-0016,11.4,Heavy Metals | Тешки метали,Mercury (Hg),Жива (Hg),Ph. Eur. 2.4.27 (ICP-MS),≤ 0.1 mg/kg,N.D.,4352/2025,15.09.2025,IPH — Institute of Public Health,"IPH mycotoxins, metals, pesticides",covered,,
368,CoQ-PP-2025-0016,initial release,03.10.2025,P050182,HPA052501,High Pro Amnesia,II,iCoA-PP-2025-0016,12,,Pesticide Residues,Остатоци од пестициди,Ph. Eur. 2.8.13 (LC-MS/MS) · CUMCS Equivalency,≤ LOQ as per Ph. Eur. 2.8.13 · ≤ LOQ as per CUMCS Equivalency,N.D.,4352/2025,15.09.2025,IPH — Institute of Public Health,"IPH mycotoxins, metals, pesticides",covered,,
369,CoQ-PP-2025-0017,initial release,10.10.2025,P050192,BSS052501,Blue Sunset Sherbet,II,iCoA-PP-2025-0017,1,,"Identification A, Appearance · Macroscopic","Идентиф. A, Изглед, Макроскопски",Ph. Eur. mon. 3028,Conforms to monograph | Соодветствува со монографијата,—,—,,,,to be performed — see route,Purely Plant laboratory — iCoA covering Ident A + B,
370,CoQ-PP-2025-0017,initial release,10.10.2025,P050192,BSS052501,Blue Sunset Sherbet,II,iCoA-PP-2025-0017,2,,Identification B · Microscopic,Идентиф. Б · Микроскопски,Ph. Eur. 2.8.23 (microscopy),Conforms to monograph | Соодветствува со монографијата,—,—,,,,to be performed — see route,Purely Plant laboratory — iCoA covering Ident A + B,
371,CoQ-PP-2025-0017,initial release,10.10.2025,P050192,BSS052501,Blue Sunset Sherbet,II,iCoA-PP-2025-0017,3,,Identification C · HPLC/HPTLC,Идентиф. Ц · HPLC/HPTLC,Ph. Eur. 2.2.29 (3028),Conforms to monograph | Соодветствува со монографијата,—,—,,,,to be performed — see route,"outside laboratory — Ident C (CNP Ident C only, or Farmahem with the retest)",
372,CoQ-PP-2025-0017,initial release,10.10.2025,P050192,BSS052501,Blue Sunset Sherbet,II,iCoA-PP-2025-0017,4,,Assay — Total Δ⁹-THC,Анализа — вкупен Δ⁹-THC,Ph. Eur. 2.2.29 (HPLC),"18.00 – 21.99 %  (grade II, class THC 20, nominal 20.00 ± 2.00)",20.39,In-house GC cross-check NGP/QCG/SOP-024,28.11.2025,Purely Plant GmbH (in-house),Purely Plant in-house,covered,,
373,CoQ-PP-2025-0017,initial release,10.10.2025,P050192,BSS052501,Blue Sunset Sherbet,II,iCoA-PP-2025-0017,5,,Assay — Total CBD,Анализа — вкупен CBD,Ph. Eur. 2.2.29 (HPLC) · CBD + CBDA x 0.877,"≤ 1.0%, w/w",0.11,In-house GC cross-check NGP/QCG/SOP-024,28.11.2025,Purely Plant GmbH (in-house),Purely Plant in-house,covered,,
374,CoQ-PP-2025-0017,initial release,10.10.2025,P050192,BSS052501,Blue Sunset Sherbet,II,iCoA-PP-2025-0017,6,,Total CBN,Вкупен CBN,Ph. Eur. 2.2.29 (HPLC) · CBN + CBNA x 0.876,"≤ 1.0%, w/w",—,—,,,,not tested — no certificate covers it,,
375,CoQ-PP-2025-0017,initial release,10.10.2025,P050192,BSS052501,Blue Sunset Sherbet,II,iCoA-PP-2025-0017,7,,Foreign Matter,Страни материи,Ph. Eur. 2.8.2 · In-house · интерна,"≤ 2.0% / 25–50 g · < 1 cm leaves | листови, no seeds | без семки",—,—,,,,to be performed — see route,Purely Plant laboratory — iCoA covering Foreign matter,
376,CoQ-PP-2025-0017,initial release,10.10.2025,P050192,BSS052501,Blue Sunset Sherbet,II,iCoA-PP-2025-0017,8,,Loss on Drying,Губиток при сушење,"Ph. Eur. 2.2.32 (3028) · at 40 °C, 24 h, 15–25 mbar",≤ 12.0%,8.60,In-house GC cross-check NGP/QCG/SOP-024,28.11.2025,Purely Plant GmbH (in-house),Purely Plant in-house,covered,,
377,CoQ-PP-2025-0017,initial release,10.10.2025,P050192,BSS052501,Blue Sunset Sherbet,II,iCoA-PP-2025-0017,9.1,Microbiological Purity | Микробиолошка Чистота,TAMC,Вкупен аеробен микробен број,Ph. Eur. 2.6.12 cat. C,≤ 10⁵ CFU/g,200,1157/2058/25,24.11.2025,IPH — Institute of Public Health,IPH microbiology,covered,,
378,CoQ-PP-2025-0017,initial release,10.10.2025,P050192,BSS052501,Blue Sunset Sherbet,II,iCoA-PP-2025-0017,9.2,Microbiological Purity | Микробиолошка Чистота,TYMC,Вкупен број квасци/мувли,Ph. Eur. 2.6.12 cat. C,≤ 10⁴ CFU/g,200,1157/2058/25,24.11.2025,IPH — Institute of Public Health,IPH microbiology,covered,,
379,CoQ-PP-2025-0017,initial release,10.10.2025,P050192,BSS052501,Blue Sunset Sherbet,II,iCoA-PP-2025-0017,9.3,Microbiological Purity | Микробиолошка Чистота,Bile-tolerant gram-neg.,Жолчно-толерантни грам-нег.,Ph. Eur. 2.6.31 cat. C,≤ 10⁴ CFU/g,< 10^2 and > 10,1157/2058/25,24.11.2025,IPH — Institute of Public Health,IPH microbiology,covered,,
380,CoQ-PP-2025-0017,initial release,10.10.2025,P050192,BSS052501,Blue Sunset Sherbet,II,iCoA-PP-2025-0017,9.4,Microbiological Purity | Микробиолошка Чистота,Salmonella,Салмонела,Ph. Eur. 2.6.31 cat. C,Absence | Отсуство / 25 g,Odgovara (Absent),1157/2058/25,24.11.2025,IPH — Institute of Public Health,IPH microbiology,covered,,
381,CoQ-PP-2025-0017,initial release,10.10.2025,P050192,BSS052501,Blue Sunset Sherbet,II,iCoA-PP-2025-0017,9.5,Microbiological Purity | Микробиолошка Чистота,Escherichia coli,Ешерихија коли,Ph. Eur. 2.6.13 cat. C,Absence | Отсуство / 1 g,Odgovara (Absent),1157/2058/25,24.11.2025,IPH — Institute of Public Health,IPH microbiology,covered,,
382,CoQ-PP-2025-0017,initial release,10.10.2025,P050192,BSS052501,Blue Sunset Sherbet,II,iCoA-PP-2025-0017,9.6,Microbiological Purity | Микробиолошка Чистота,Pseudomonas aeruginosa,,Ph. Eur. 2.6.13 cat. C,Absence | Отсуство / 1 g,—,—,,,,upon request — not required for release,,
383,CoQ-PP-2025-0017,initial release,10.10.2025,P050192,BSS052501,Blue Sunset Sherbet,II,iCoA-PP-2025-0017,9.7,Microbiological Purity | Микробиолошка Чистота,Staphylococcus aureus,,Ph. Eur. 2.6.13 cat. C,Absence | Отсуство / 1 g,—,—,,,,upon request — not required for release,,
384,CoQ-PP-2025-0017,initial release,10.10.2025,P050192,BSS052501,Blue Sunset Sherbet,II,iCoA-PP-2025-0017,10.1,Mycotoxins | Микотоксини,Aflatoxin B₁,Афлатоксин B₁,Ph. Eur. 2.8.18 (HPLC-FLD),≤ 2 µg/kg,ND,276-31-М/25,04.12.2025,Farmahem,Farmahem — mycotoxins,covered,,
385,CoQ-PP-2025-0017,initial release,10.10.2025,P050192,BSS052501,Blue Sunset Sherbet,II,iCoA-PP-2025-0017,10.2,Mycotoxins | Микотоксини,Aflatoxins ∑,Афлатоксини ∑ (B₁+B₂+G₁+G₂),Ph. Eur. 2.8.18 (HPLC-FLD),≤ 4 µg/kg,—,—,,,,not tested — no certificate covers it,,
386,CoQ-PP-2025-0017,initial release,10.10.2025,P050192,BSS052501,Blue Sunset Sherbet,II,iCoA-PP-2025-0017,10.3,Mycotoxins | Микотоксини,Ochratoxin A,Охратоксин A,Ph. Eur. 2.8.22 (HPLC-FLD),≤ 20 µg/kg,<LOQ,276-31-М/25,04.12.2025,Farmahem,Farmahem — mycotoxins,covered,,
387,CoQ-PP-2025-0017,initial release,10.10.2025,P050192,BSS052501,Blue Sunset Sherbet,II,iCoA-PP-2025-0017,11.1,Heavy Metals | Тешки метали,Lead (Pb),Олово (Pb),Ph. Eur. 2.4.27 (ICP-MS),≤ 0.5 mg/kg,0.024,5661/2025,01.12.2025,IPH — Institute of Public Health,"IPH mycotoxins, metals, pesticides",covered,,
388,CoQ-PP-2025-0017,initial release,10.10.2025,P050192,BSS052501,Blue Sunset Sherbet,II,iCoA-PP-2025-0017,11.2,Heavy Metals | Тешки метали,Cadmium (Cd),Кадмиум (Cd),Ph. Eur. 2.4.27 (ICP-MS),≤ 0.3 mg/kg,0.004,5661/2025,01.12.2025,IPH — Institute of Public Health,"IPH mycotoxins, metals, pesticides",covered,,
389,CoQ-PP-2025-0017,initial release,10.10.2025,P050192,BSS052501,Blue Sunset Sherbet,II,iCoA-PP-2025-0017,11.3,Heavy Metals | Тешки метали,Arsenic (As),Арсен (As),Ph. Eur. 2.4.27 (ICP-MS),≤ 0.2 mg/kg,0.025,5661/2025,01.12.2025,IPH — Institute of Public Health,"IPH mycotoxins, metals, pesticides",covered,,
390,CoQ-PP-2025-0017,initial release,10.10.2025,P050192,BSS052501,Blue Sunset Sherbet,II,iCoA-PP-2025-0017,11.4,Heavy Metals | Тешки метали,Mercury (Hg),Жива (Hg),Ph. Eur. 2.4.27 (ICP-MS),≤ 0.1 mg/kg,0.0036,5661/2025,01.12.2025,IPH — Institute of Public Health,"IPH mycotoxins, metals, pesticides",covered,,
391,CoQ-PP-2025-0017,initial release,10.10.2025,P050192,BSS052501,Blue Sunset Sherbet,II,iCoA-PP-2025-0017,12,,Pesticide Residues,Остатоци од пестициди,Ph. Eur. 2.8.13 (LC-MS/MS) · CUMCS Equivalency,≤ LOQ as per Ph. Eur. 2.8.13 · ≤ LOQ as per CUMCS Equivalency,Not found any pesticide above LOQ (≤LOQ) — COMPLIES with Ph. Eur.,10802_2845/2,17.11.2025,State Phytosanitary Laboratory,other,covered,,
392,CoQ-PP-2025-0018,initial release,24.11.2025,P050222,CJ062501/1,Cap Junky,III,iCoA-PP-2025-0018,1,,"Identification A, Appearance · Macroscopic","Идентиф. A, Изглед, Макроскопски",Ph. Eur. mon. 3028,Conforms to monograph | Соодветствува со монографијата,—,—,,,,to be performed — see route,Purely Plant laboratory — iCoA covering Ident A + B,
393,CoQ-PP-2025-0018,initial release,24.11.2025,P050222,CJ062501/1,Cap Junky,III,iCoA-PP-2025-0018,2,,Identification B · Microscopic,Идентиф. Б · Микроскопски,Ph. Eur. 2.8.23 (microscopy),Conforms to monograph | Соодветствува со монографијата,—,—,,,,to be performed — see route,Purely Plant laboratory — iCoA covering Ident A + B,
394,CoQ-PP-2025-0018,initial release,24.11.2025,P050222,CJ062501/1,Cap Junky,III,iCoA-PP-2025-0018,3,,Identification C · HPLC/HPTLC,Идентиф. Ц · HPLC/HPTLC,Ph. Eur. 2.2.29 (3028),Conforms to monograph | Соодветствува со монографијата,—,—,,,,to be performed — see route,"outside laboratory — Ident C (CNP Ident C only, or Farmahem with the retest)",
395,CoQ-PP-2025-0018,initial release,24.11.2025,P050222,CJ062501/1,Cap Junky,III,iCoA-PP-2025-0018,4,,Assay — Total Δ⁹-THC,Анализа — вкупен Δ⁹-THC,Ph. Eur. 2.2.29 (HPLC),"21.60 – 26.39 %  (grade III, class THC 24, nominal 24.00 ± 2.40)",21.51,ППК25321,23.10.2025,UKIM Faculty of Pharmacy — Center for Natural Products,UKIM CNP potency,covered,,
396,CoQ-PP-2025-0018,initial release,24.11.2025,P050222,CJ062501/1,Cap Junky,III,iCoA-PP-2025-0018,5,,Assay — Total CBD,Анализа — вкупен CBD,Ph. Eur. 2.2.29 (HPLC) · CBD + CBDA x 0.877,"≤ 1.0%, w/w",0.07,ППК25321,23.10.2025,UKIM Faculty of Pharmacy — Center for Natural Products,UKIM CNP potency,covered,,
397,CoQ-PP-2025-0018,initial release,24.11.2025,P050222,CJ062501/1,Cap Junky,III,iCoA-PP-2025-0018,6,,Total CBN,Вкупен CBN,Ph. Eur. 2.2.29 (HPLC) · CBN + CBNA x 0.876,"≤ 1.0%, w/w",—,—,,,,not tested — no certificate covers it,,
398,CoQ-PP-2025-0018,initial release,24.11.2025,P050222,CJ062501/1,Cap Junky,III,iCoA-PP-2025-0018,7,,Foreign Matter,Страни материи,Ph. Eur. 2.8.2 · In-house · интерна,"≤ 2.0% / 25–50 g · < 1 cm leaves | листови, no seeds | без семки",—,—,,,,to be performed — see route,Purely Plant laboratory — iCoA covering Foreign matter,
399,CoQ-PP-2025-0018,initial release,24.11.2025,P050222,CJ062501/1,Cap Junky,III,iCoA-PP-2025-0018,8,,Loss on Drying,Губиток при сушење,"Ph. Eur. 2.2.32 (3028) · at 40 °C, 24 h, 15–25 mbar",≤ 12.0%,7.77,ППК25321,23.10.2025,UKIM Faculty of Pharmacy — Center for Natural Products,UKIM CNP potency,covered,,
400,CoQ-PP-2025-0018,initial release,24.11.2025,P050222,CJ062501/1,Cap Junky,III,iCoA-PP-2025-0018,9.1,Microbiological Purity | Микробиолошка Чистота,TAMC,Вкупен аеробен микробен број,Ph. Eur. 2.6.12 cat. C,≤ 10⁵ CFU/g,< 10,1217/2168/25,01.12.2025,IPH — Institute of Public Health,IPH microbiology,covered,,
401,CoQ-PP-2025-0018,initial release,24.11.2025,P050222,CJ062501/1,Cap Junky,III,iCoA-PP-2025-0018,9.2,Microbiological Purity | Микробиолошка Чистота,TYMC,Вкупен број квасци/мувли,Ph. Eur. 2.6.12 cat. C,≤ 10⁴ CFU/g,20,1217/2168/25,01.12.2025,IPH — Institute of Public Health,IPH microbiology,covered,,
402,CoQ-PP-2025-0018,initial release,24.11.2025,P050222,CJ062501/1,Cap Junky,III,iCoA-PP-2025-0018,9.3,Microbiological Purity | Микробиолошка Чистота,Bile-tolerant gram-neg.,Жолчно-толерантни грам-нег.,Ph. Eur. 2.6.31 cat. C,≤ 10⁴ CFU/g,< 10,1217/2168/25,01.12.2025,IPH — Institute of Public Health,IPH microbiology,covered,,
403,CoQ-PP-2025-0018,initial release,24.11.2025,P050222,CJ062501/1,Cap Junky,III,iCoA-PP-2025-0018,9.4,Microbiological Purity | Микробиолошка Чистота,Salmonella,Салмонела,Ph. Eur. 2.6.31 cat. C,Absence | Отсуство / 25 g,Odgovara (Absent),1217/2168/25,01.12.2025,IPH — Institute of Public Health,IPH microbiology,covered,,
404,CoQ-PP-2025-0018,initial release,24.11.2025,P050222,CJ062501/1,Cap Junky,III,iCoA-PP-2025-0018,9.5,Microbiological Purity | Микробиолошка Чистота,Escherichia coli,Ешерихија коли,Ph. Eur. 2.6.13 cat. C,Absence | Отсуство / 1 g,Odgovara (Absent),1217/2168/25,01.12.2025,IPH — Institute of Public Health,IPH microbiology,covered,,
405,CoQ-PP-2025-0018,initial release,24.11.2025,P050222,CJ062501/1,Cap Junky,III,iCoA-PP-2025-0018,9.6,Microbiological Purity | Микробиолошка Чистота,Pseudomonas aeruginosa,,Ph. Eur. 2.6.13 cat. C,Absence | Отсуство / 1 g,—,—,,,,upon request — not required for release,,
406,CoQ-PP-2025-0018,initial release,24.11.2025,P050222,CJ062501/1,Cap Junky,III,iCoA-PP-2025-0018,9.7,Microbiological Purity | Микробиолошка Чистота,Staphylococcus aureus,,Ph. Eur. 2.6.13 cat. C,Absence | Отсуство / 1 g,—,—,,,,upon request — not required for release,,
407,CoQ-PP-2025-0018,initial release,24.11.2025,P050222,CJ062501/1,Cap Junky,III,iCoA-PP-2025-0018,10.1,Mycotoxins | Микотоксини,Aflatoxin B₁,Афлатоксин B₁,Ph. Eur. 2.8.18 (HPLC-FLD),≤ 2 µg/kg,—,—,,,,not tested — no certificate covers it,,
408,CoQ-PP-2025-0018,initial release,24.11.2025,P050222,CJ062501/1,Cap Junky,III,iCoA-PP-2025-0018,10.2,Mycotoxins | Микотоксини,Aflatoxins ∑,Афлатоксини ∑ (B₁+B₂+G₁+G₂),Ph. Eur. 2.8.18 (HPLC-FLD),≤ 4 µg/kg,< 2,4907/2025,24.10.2025,IPH — Institute of Public Health,"IPH mycotoxins, metals, pesticides",covered,,
409,CoQ-PP-2025-0018,initial release,24.11.2025,P050222,CJ062501/1,Cap Junky,III,iCoA-PP-2025-0018,10.3,Mycotoxins | Микотоксини,Ochratoxin A,Охратоксин A,Ph. Eur. 2.8.22 (HPLC-FLD),≤ 20 µg/kg,—,—,,,,not tested — no certificate covers it,,
410,CoQ-PP-2025-0018,initial release,24.11.2025,P050222,CJ062501/1,Cap Junky,III,iCoA-PP-2025-0018,11.1,Heavy Metals | Тешки метали,Lead (Pb),Олово (Pb),Ph. Eur. 2.4.27 (ICP-MS),≤ 0.5 mg/kg,0.037,4907/2025,24.10.2025,IPH — Institute of Public Health,"IPH mycotoxins, metals, pesticides",covered,,
411,CoQ-PP-2025-0018,initial release,24.11.2025,P050222,CJ062501/1,Cap Junky,III,iCoA-PP-2025-0018,11.2,Heavy Metals | Тешки метали,Cadmium (Cd),Кадмиум (Cd),Ph. Eur. 2.4.27 (ICP-MS),≤ 0.3 mg/kg,0.002,4907/2025,24.10.2025,IPH — Institute of Public Health,"IPH mycotoxins, metals, pesticides",covered,,
412,CoQ-PP-2025-0018,initial release,24.11.2025,P050222,CJ062501/1,Cap Junky,III,iCoA-PP-2025-0018,11.3,Heavy Metals | Тешки метали,Arsenic (As),Арсен (As),Ph. Eur. 2.4.27 (ICP-MS),≤ 0.2 mg/kg,0.027,4907/2025,24.10.2025,IPH — Institute of Public Health,"IPH mycotoxins, metals, pesticides",covered,,
413,CoQ-PP-2025-0018,initial release,24.11.2025,P050222,CJ062501/1,Cap Junky,III,iCoA-PP-2025-0018,11.4,Heavy Metals | Тешки метали,Mercury (Hg),Жива (Hg),Ph. Eur. 2.4.27 (ICP-MS),≤ 0.1 mg/kg,0.017,4907/2025,24.10.2025,IPH — Institute of Public Health,"IPH mycotoxins, metals, pesticides",covered,,
414,CoQ-PP-2025-0018,initial release,24.11.2025,P050222,CJ062501/1,Cap Junky,III,iCoA-PP-2025-0018,12,,Pesticide Residues,Остатоци од пестициди,Ph. Eur. 2.8.13 (LC-MS/MS) · CUMCS Equivalency,≤ LOQ as per Ph. Eur. 2.8.13 · ≤ LOQ as per CUMCS Equivalency,Н.д. (not detected),4907/2025,24.10.2025,IPH — Institute of Public Health,"IPH mycotoxins, metals, pesticides",covered,,
415,CoQ-PP-2025-0019,initial release,03.12.2025,P050282,CLE072501,Clemosa A Bud,I,iCoA-PP-2025-0019,1,,"Identification A, Appearance · Macroscopic","Идентиф. A, Изглед, Макроскопски",Ph. Eur. mon. 3028,Conforms to monograph | Соодветствува со монографијата,—,—,,,,to be performed — see route,Purely Plant laboratory — iCoA covering Ident A + B,
416,CoQ-PP-2025-0019,initial release,03.12.2025,P050282,CLE072501,Clemosa A Bud,I,iCoA-PP-2025-0019,2,,Identification B · Microscopic,Идентиф. Б · Микроскопски,Ph. Eur. 2.8.23 (microscopy),Conforms to monograph | Соодветствува со монографијата,—,—,,,,to be performed — see route,Purely Plant laboratory — iCoA covering Ident A + B,
417,CoQ-PP-2025-0019,initial release,03.12.2025,P050282,CLE072501,Clemosa A Bud,I,iCoA-PP-2025-0019,3,,Identification C · HPLC/HPTLC,Идентиф. Ц · HPLC/HPTLC,Ph. Eur. 2.2.29 (3028),Conforms to monograph | Соодветствува со монографијата,—,—,,,,to be performed — see route,"outside laboratory — Ident C (CNP Ident C only, or Farmahem with the retest)",
418,CoQ-PP-2025-0019,initial release,03.12.2025,P050282,CLE072501,Clemosa A Bud,I,iCoA-PP-2025-0019,4,,Assay — Total Δ⁹-THC,Анализа — вкупен Δ⁹-THC,Ph. Eur. 2.2.29 (HPLC),"7.20 – 8.79 %  (grade I, class THC 8, nominal 8.00 ± 0.80)",8.02,PP CoA #027 / ППК25370,21.01.2026,UKIM Faculty of Pharmacy — Center for Natural Products,UKIM CNP potency,covered,,
419,CoQ-PP-2025-0019,initial release,03.12.2025,P050282,CLE072501,Clemosa A Bud,I,iCoA-PP-2025-0019,5,,Assay — Total CBD,Анализа — вкупен CBD,Ph. Eur. 2.2.29 (HPLC) · CBD + CBDA x 0.877,"≤ 1.0%, w/w",0.04,PP CoA #027 / ППК25370,21.01.2026,UKIM Faculty of Pharmacy — Center for Natural Products,UKIM CNP potency,covered,,
420,CoQ-PP-2025-0019,initial release,03.12.2025,P050282,CLE072501,Clemosa A Bud,I,iCoA-PP-2025-0019,6,,Total CBN,Вкупен CBN,Ph. Eur. 2.2.29 (HPLC) · CBN + CBNA x 0.876,"≤ 1.0%, w/w",—,—,,,,not tested — no certificate covers it,,
421,CoQ-PP-2025-0019,initial release,03.12.2025,P050282,CLE072501,Clemosa A Bud,I,iCoA-PP-2025-0019,7,,Foreign Matter,Страни материи,Ph. Eur. 2.8.2 · In-house · интерна,"≤ 2.0% / 25–50 g · < 1 cm leaves | листови, no seeds | без семки",—,—,,,,to be performed — see route,Purely Plant laboratory — iCoA covering Foreign matter,
422,CoQ-PP-2025-0019,initial release,03.12.2025,P050282,CLE072501,Clemosa A Bud,I,iCoA-PP-2025-0019,8,,Loss on Drying,Губиток при сушење,"Ph. Eur. 2.2.32 (3028) · at 40 °C, 24 h, 15–25 mbar",≤ 12.0%,9.68,PP CoA #027 / ППК25370,21.01.2026,UKIM Faculty of Pharmacy — Center for Natural Products,UKIM CNP potency,covered,,
423,CoQ-PP-2025-0019,initial release,03.12.2025,P050282,CLE072501,Clemosa A Bud,I,iCoA-PP-2025-0019,9.1,Microbiological Purity | Микробиолошка Чистота,TAMC,Вкупен аеробен микробен број,Ph. Eur. 2.6.12 cat. C,≤ 10⁵ CFU/g,< 10,1219/2170/25,01.12.2025,IPH — Institute of Public Health,IPH microbiology,covered,,
424,CoQ-PP-2025-0019,initial release,03.12.2025,P050282,CLE072501,Clemosa A Bud,I,iCoA-PP-2025-0019,9.2,Microbiological Purity | Микробиолошка Чистота,TYMC,Вкупен број квасци/мувли,Ph. Eur. 2.6.12 cat. C,≤ 10⁴ CFU/g,< 10,1219/2170/25,01.12.2025,IPH — Institute of Public Health,IPH microbiology,covered,,
425,CoQ-PP-2025-0019,initial release,03.12.2025,P050282,CLE072501,Clemosa A Bud,I,iCoA-PP-2025-0019,9.3,Microbiological Purity | Микробиолошка Чистота,Bile-tolerant gram-neg.,Жолчно-толерантни грам-нег.,Ph. Eur. 2.6.31 cat. C,≤ 10⁴ CFU/g,< 10,1219/2170/25,01.12.2025,IPH — Institute of Public Health,IPH microbiology,covered,,
426,CoQ-PP-2025-0019,initial release,03.12.2025,P050282,CLE072501,Clemosa A Bud,I,iCoA-PP-2025-0019,9.4,Microbiological Purity | Микробиолошка Чистота,Salmonella,Салмонела,Ph. Eur. 2.6.31 cat. C,Absence | Отсуство / 25 g,Odgovara (Absent),1219/2170/25,01.12.2025,IPH — Institute of Public Health,IPH microbiology,covered,,
427,CoQ-PP-2025-0019,initial release,03.12.2025,P050282,CLE072501,Clemosa A Bud,I,iCoA-PP-2025-0019,9.5,Microbiological Purity | Микробиолошка Чистота,Escherichia coli,Ешерихија коли,Ph. Eur. 2.6.13 cat. C,Absence | Отсуство / 1 g,Odgovara (Absent),1219/2170/25,01.12.2025,IPH — Institute of Public Health,IPH microbiology,covered,,
428,CoQ-PP-2025-0019,initial release,03.12.2025,P050282,CLE072501,Clemosa A Bud,I,iCoA-PP-2025-0019,9.6,Microbiological Purity | Микробиолошка Чистота,Pseudomonas aeruginosa,,Ph. Eur. 2.6.13 cat. C,Absence | Отсуство / 1 g,—,—,,,,upon request — not required for release,,
429,CoQ-PP-2025-0019,initial release,03.12.2025,P050282,CLE072501,Clemosa A Bud,I,iCoA-PP-2025-0019,9.7,Microbiological Purity | Микробиолошка Чистота,Staphylococcus aureus,,Ph. Eur. 2.6.13 cat. C,Absence | Отсуство / 1 g,—,—,,,,upon request — not required for release,,
430,CoQ-PP-2025-0019,initial release,03.12.2025,P050282,CLE072501,Clemosa A Bud,I,iCoA-PP-2025-0019,10.1,Mycotoxins | Микотоксини,Aflatoxin B₁,Афлатоксин B₁,Ph. Eur. 2.8.18 (HPLC-FLD),≤ 2 µg/kg,—,—,,,,not tested — no certificate covers it,,
431,CoQ-PP-2025-0019,initial release,03.12.2025,P050282,CLE072501,Clemosa A Bud,I,iCoA-PP-2025-0019,10.2,Mycotoxins | Микотоксини,Aflatoxins ∑,Афлатоксини ∑ (B₁+B₂+G₁+G₂),Ph. Eur. 2.8.18 (HPLC-FLD),≤ 4 µg/kg,2.2,5700/2025,02.12.2025,IPH — Institute of Public Health,"IPH mycotoxins, metals, pesticides",covered,,
432,CoQ-PP-2025-0019,initial release,03.12.2025,P050282,CLE072501,Clemosa A Bud,I,iCoA-PP-2025-0019,10.3,Mycotoxins | Микотоксини,Ochratoxin A,Охратоксин A,Ph. Eur. 2.8.22 (HPLC-FLD),≤ 20 µg/kg,—,—,,,,not tested — no certificate covers it,,
433,CoQ-PP-2025-0019,initial release,03.12.2025,P050282,CLE072501,Clemosa A Bud,I,iCoA-PP-2025-0019,11.1,Heavy Metals | Тешки метали,Lead (Pb),Олово (Pb),Ph. Eur. 2.4.27 (ICP-MS),≤ 0.5 mg/kg,0.032,5700/2025,02.12.2025,IPH — Institute of Public Health,"IPH mycotoxins, metals, pesticides",covered,,
434,CoQ-PP-2025-0019,initial release,03.12.2025,P050282,CLE072501,Clemosa A Bud,I,iCoA-PP-2025-0019,11.2,Heavy Metals | Тешки метали,Cadmium (Cd),Кадмиум (Cd),Ph. Eur. 2.4.27 (ICP-MS),≤ 0.3 mg/kg,0.002,5700/2025,02.12.2025,IPH — Institute of Public Health,"IPH mycotoxins, metals, pesticides",covered,,
435,CoQ-PP-2025-0019,initial release,03.12.2025,P050282,CLE072501,Clemosa A Bud,I,iCoA-PP-2025-0019,11.3,Heavy Metals | Тешки метали,Arsenic (As),Арсен (As),Ph. Eur. 2.4.27 (ICP-MS),≤ 0.2 mg/kg,0.013,5700/2025,02.12.2025,IPH — Institute of Public Health,"IPH mycotoxins, metals, pesticides",covered,,
436,CoQ-PP-2025-0019,initial release,03.12.2025,P050282,CLE072501,Clemosa A Bud,I,iCoA-PP-2025-0019,11.4,Heavy Metals | Тешки метали,Mercury (Hg),Жива (Hg),Ph. Eur. 2.4.27 (ICP-MS),≤ 0.1 mg/kg,0.021,5700/2025,02.12.2025,IPH — Institute of Public Health,"IPH mycotoxins, metals, pesticides",covered,,
437,CoQ-PP-2025-0019,initial release,03.12.2025,P050282,CLE072501,Clemosa A Bud,I,iCoA-PP-2025-0019,12,,Pesticide Residues,Остатоци од пестициди,Ph. Eur. 2.8.13 (LC-MS/MS) · CUMCS Equivalency,≤ LOQ as per Ph. Eur. 2.8.13 · ≤ LOQ as per CUMCS Equivalency,Н.д. (not detected),5700/2025,02.12.2025,IPH — Institute of Public Health,"IPH mycotoxins, metals, pesticides",covered,,
438,CoQ-PP-2025-0020,initial release,22.12.2025,P050302,GP072501/2,Grape Pie,IV,iCoA-PP-2025-0020,1,,"Identification A, Appearance · Macroscopic","Идентиф. A, Изглед, Макроскопски",Ph. Eur. mon. 3028,Conforms to monograph | Соодветствува со монографијата,—,—,,,,to be performed — see route,Purely Plant laboratory — iCoA covering Ident A + B,
439,CoQ-PP-2025-0020,initial release,22.12.2025,P050302,GP072501/2,Grape Pie,IV,iCoA-PP-2025-0020,2,,Identification B · Microscopic,Идентиф. Б · Микроскопски,Ph. Eur. 2.8.23 (microscopy),Conforms to monograph | Соодветствува со монографијата,—,—,,,,to be performed — see route,Purely Plant laboratory — iCoA covering Ident A + B,
440,CoQ-PP-2025-0020,initial release,22.12.2025,P050302,GP072501/2,Grape Pie,IV,iCoA-PP-2025-0020,3,,Identification C · HPLC/HPTLC,Идентиф. Ц · HPLC/HPTLC,Ph. Eur. 2.2.29 (3028),Conforms to monograph | Соодветствува со монографијата,—,—,,,,to be performed — see route,"outside laboratory — Ident C (CNP Ident C only, or Farmahem with the retest)",
441,CoQ-PP-2025-0020,initial release,22.12.2025,P050302,GP072501/2,Grape Pie,IV,iCoA-PP-2025-0020,4,,Assay — Total Δ⁹-THC,Анализа — вкупен Δ⁹-THC,Ph. Eur. 2.2.29 (HPLC),"16.20 – 19.79 %  (grade IV, class THC 18, nominal 18.00 ± 1.80)",19.81,PP CoA #019 / ППК25379,21.01.2026,UKIM Faculty of Pharmacy — Center for Natural Products,UKIM CNP potency,covered,,
442,CoQ-PP-2025-0020,initial release,22.12.2025,P050302,GP072501/2,Grape Pie,IV,iCoA-PP-2025-0020,5,,Assay — Total CBD,Анализа — вкупен CBD,Ph. Eur. 2.2.29 (HPLC) · CBD + CBDA x 0.877,"≤ 1.0%, w/w",0.10,PP CoA #019 / ППК25379,21.01.2026,UKIM Faculty of Pharmacy — Center for Natural Products,UKIM CNP potency,covered,,
443,CoQ-PP-2025-0020,initial release,22.12.2025,P050302,GP072501/2,Grape Pie,IV,iCoA-PP-2025-0020,6,,Total CBN,Вкупен CBN,Ph. Eur. 2.2.29 (HPLC) · CBN + CBNA x 0.876,"≤ 1.0%, w/w",—,—,,,,not tested — no certificate covers it,,
444,CoQ-PP-2025-0020,initial release,22.12.2025,P050302,GP072501/2,Grape Pie,IV,iCoA-PP-2025-0020,7,,Foreign Matter,Страни материи,Ph. Eur. 2.8.2 · In-house · интерна,"≤ 2.0% / 25–50 g · < 1 cm leaves | листови, no seeds | без семки",—,—,,,,to be performed — see route,Purely Plant laboratory — iCoA covering Foreign matter,
445,CoQ-PP-2025-0020,initial release,22.12.2025,P050302,GP072501/2,Grape Pie,IV,iCoA-PP-2025-0020,8,,Loss on Drying,Губиток при сушење,"Ph. Eur. 2.2.32 (3028) · at 40 °C, 24 h, 15–25 mbar",≤ 12.0%,7.41,PP CoA #019 / ППК25379,21.01.2026,UKIM Faculty of Pharmacy — Center for Natural Products,UKIM CNP potency,covered,,
446,CoQ-PP-2025-0020,initial release,22.12.2025,P050302,GP072501/2,Grape Pie,IV,iCoA-PP-2025-0020,9.1,Microbiological Purity | Микробиолошка Чистота,TAMC,Вкупен аеробен микробен број,Ph. Eur. 2.6.12 cat. C,≤ 10⁵ CFU/g,2×10^2,1229/2195/25,05.12.2025,IPH — Institute of Public Health,IPH microbiology,covered,,
447,CoQ-PP-2025-0020,initial release,22.12.2025,P050302,GP072501/2,Grape Pie,IV,iCoA-PP-2025-0020,9.2,Microbiological Purity | Микробиолошка Чистота,TYMC,Вкупен број квасци/мувли,Ph. Eur. 2.6.12 cat. C,≤ 10⁴ CFU/g,3×10^2,1229/2195/25,05.12.2025,IPH — Institute of Public Health,IPH microbiology,covered,,
448,CoQ-PP-2025-0020,initial release,22.12.2025,P050302,GP072501/2,Grape Pie,IV,iCoA-PP-2025-0020,9.3,Microbiological Purity | Микробиолошка Чистота,Bile-tolerant gram-neg.,Жолчно-толерантни грам-нег.,Ph. Eur. 2.6.31 cat. C,≤ 10⁴ CFU/g,< 10,1229/2195/25,05.12.2025,IPH — Institute of Public Health,IPH microbiology,covered,,
449,CoQ-PP-2025-0020,initial release,22.12.2025,P050302,GP072501/2,Grape Pie,IV,iCoA-PP-2025-0020,9.4,Microbiological Purity | Микробиолошка Чистота,Salmonella,Салмонела,Ph. Eur. 2.6.31 cat. C,Absence | Отсуство / 25 g,Odgovara (Absent),1229/2195/25,05.12.2025,IPH — Institute of Public Health,IPH microbiology,covered,,
450,CoQ-PP-2025-0020,initial release,22.12.2025,P050302,GP072501/2,Grape Pie,IV,iCoA-PP-2025-0020,9.5,Microbiological Purity | Микробиолошка Чистота,Escherichia coli,Ешерихија коли,Ph. Eur. 2.6.13 cat. C,Absence | Отсуство / 1 g,Odgovara (Absent),1229/2195/25,05.12.2025,IPH — Institute of Public Health,IPH microbiology,covered,,
451,CoQ-PP-2025-0020,initial release,22.12.2025,P050302,GP072501/2,Grape Pie,IV,iCoA-PP-2025-0020,9.6,Microbiological Purity | Микробиолошка Чистота,Pseudomonas aeruginosa,,Ph. Eur. 2.6.13 cat. C,Absence | Отсуство / 1 g,—,—,,,,upon request — not required for release,,
452,CoQ-PP-2025-0020,initial release,22.12.2025,P050302,GP072501/2,Grape Pie,IV,iCoA-PP-2025-0020,9.7,Microbiological Purity | Микробиолошка Чистота,Staphylococcus aureus,,Ph. Eur. 2.6.13 cat. C,Absence | Отсуство / 1 g,—,—,,,,upon request — not required for release,,
453,CoQ-PP-2025-0020,initial release,22.12.2025,P050302,GP072501/2,Grape Pie,IV,iCoA-PP-2025-0020,10.1,Mycotoxins | Микотоксини,Aflatoxin B₁,Афлатоксин B₁,Ph. Eur. 2.8.18 (HPLC-FLD),≤ 2 µg/kg,—,—,,,,not tested — no certificate covers it,,
454,CoQ-PP-2025-0020,initial release,22.12.2025,P050302,GP072501/2,Grape Pie,IV,iCoA-PP-2025-0020,10.2,Mycotoxins | Микотоксини,Aflatoxins ∑,Афлатоксини ∑ (B₁+B₂+G₁+G₂),Ph. Eur. 2.8.18 (HPLC-FLD),≤ 4 µg/kg,< 2,5887/2025,12.12.2025,IPH — Institute of Public Health,"IPH mycotoxins, metals, pesticides",covered,,
455,CoQ-PP-2025-0020,initial release,22.12.2025,P050302,GP072501/2,Grape Pie,IV,iCoA-PP-2025-0020,10.3,Mycotoxins | Микотоксини,Ochratoxin A,Охратоксин A,Ph. Eur. 2.8.22 (HPLC-FLD),≤ 20 µg/kg,—,—,,,,not tested — no certificate covers it,,
456,CoQ-PP-2025-0020,initial release,22.12.2025,P050302,GP072501/2,Grape Pie,IV,iCoA-PP-2025-0020,11.1,Heavy Metals | Тешки метали,Lead (Pb),Олово (Pb),Ph. Eur. 2.4.27 (ICP-MS),≤ 0.5 mg/kg,0.017,5887/2025,12.12.2025,IPH — Institute of Public Health,"IPH mycotoxins, metals, pesticides",covered,,
457,CoQ-PP-2025-0020,initial release,22.12.2025,P050302,GP072501/2,Grape Pie,IV,iCoA-PP-2025-0020,11.2,Heavy Metals | Тешки метали,Cadmium (Cd),Кадмиум (Cd),Ph. Eur. 2.4.27 (ICP-MS),≤ 0.3 mg/kg,0.0028,5887/2025,12.12.2025,IPH — Institute of Public Health,"IPH mycotoxins, metals, pesticides",covered,,
458,CoQ-PP-2025-0020,initial release,22.12.2025,P050302,GP072501/2,Grape Pie,IV,iCoA-PP-2025-0020,11.3,Heavy Metals | Тешки метали,Arsenic (As),Арсен (As),Ph. Eur. 2.4.27 (ICP-MS),≤ 0.2 mg/kg,0.02,5887/2025,12.12.2025,IPH — Institute of Public Health,"IPH mycotoxins, metals, pesticides",covered,,
459,CoQ-PP-2025-0020,initial release,22.12.2025,P050302,GP072501/2,Grape Pie,IV,iCoA-PP-2025-0020,11.4,Heavy Metals | Тешки метали,Mercury (Hg),Жива (Hg),Ph. Eur. 2.4.27 (ICP-MS),≤ 0.1 mg/kg,0.019,5887/2025,12.12.2025,IPH — Institute of Public Health,"IPH mycotoxins, metals, pesticides",covered,,
460,CoQ-PP-2025-0020,initial release,22.12.2025,P050302,GP072501/2,Grape Pie,IV,iCoA-PP-2025-0020,12,,Pesticide Residues,Остатоци од пестициди,Ph. Eur. 2.8.13 (LC-MS/MS) · CUMCS Equivalency,≤ LOQ as per Ph. Eur. 2.8.13 · ≤ LOQ as per CUMCS Equivalency,Н.д. (not detected),5887/2025,12.12.2025,IPH — Institute of Public Health,"IPH mycotoxins, metals, pesticides",covered,,
461,CoQ-PP-2025-0021,initial release,23.12.2025,P050312,GP082501/1,Grape Pie,II,iCoA-PP-2025-0021,1,,"Identification A, Appearance · Macroscopic","Идентиф. A, Изглед, Макроскопски",Ph. Eur. mon. 3028,Conforms to monograph | Соодветствува со монографијата,—,—,,,,to be performed — see route,Purely Plant laboratory — iCoA covering Ident A + B,
462,CoQ-PP-2025-0021,initial release,23.12.2025,P050312,GP082501/1,Grape Pie,II,iCoA-PP-2025-0021,2,,Identification B · Microscopic,Идентиф. Б · Микроскопски,Ph. Eur. 2.8.23 (microscopy),Conforms to monograph | Соодветствува со монографијата,—,—,,,,to be performed — see route,Purely Plant laboratory — iCoA covering Ident A + B,
463,CoQ-PP-2025-0021,initial release,23.12.2025,P050312,GP082501/1,Grape Pie,II,iCoA-PP-2025-0021,3,,Identification C · HPLC/HPTLC,Идентиф. Ц · HPLC/HPTLC,Ph. Eur. 2.2.29 (3028),Conforms to monograph | Соодветствува со монографијата,—,—,,,,to be performed — see route,"outside laboratory — Ident C (CNP Ident C only, or Farmahem with the retest)",
464,CoQ-PP-2025-0021,initial release,23.12.2025,P050312,GP082501/1,Grape Pie,II,iCoA-PP-2025-0021,4,,Assay — Total Δ⁹-THC,Анализа — вкупен Δ⁹-THC,Ph. Eur. 2.2.29 (HPLC),"23.40 – 28.59 %  (grade II, class THC 26, nominal 26.00 ± 2.60)",21.29,PP CoA #020 / ППК25380,21.01.2026,UKIM Faculty of Pharmacy — Center for Natural Products,UKIM CNP potency,covered,,
465,CoQ-PP-2025-0021,initial release,23.12.2025,P050312,GP082501/1,Grape Pie,II,iCoA-PP-2025-0021,5,,Assay — Total CBD,Анализа — вкупен CBD,Ph. Eur. 2.2.29 (HPLC) · CBD + CBDA x 0.877,"≤ 1.0%, w/w",0.08,PP CoA #020 / ППК25380,21.01.2026,UKIM Faculty of Pharmacy — Center for Natural Products,UKIM CNP potency,covered,,
466,CoQ-PP-2025-0021,initial release,23.12.2025,P050312,GP082501/1,Grape Pie,II,iCoA-PP-2025-0021,6,,Total CBN,Вкупен CBN,Ph. Eur. 2.2.29 (HPLC) · CBN + CBNA x 0.876,"≤ 1.0%, w/w",—,—,,,,not tested — no certificate covers it,,
467,CoQ-PP-2025-0021,initial release,23.12.2025,P050312,GP082501/1,Grape Pie,II,iCoA-PP-2025-0021,7,,Foreign Matter,Страни материи,Ph. Eur. 2.8.2 · In-house · интерна,"≤ 2.0% / 25–50 g · < 1 cm leaves | листови, no seeds | без семки",—,—,,,,to be performed — see route,Purely Plant laboratory — iCoA covering Foreign matter,
468,CoQ-PP-2025-0021,initial release,23.12.2025,P050312,GP082501/1,Grape Pie,II,iCoA-PP-2025-0021,8,,Loss on Drying,Губиток при сушење,"Ph. Eur. 2.2.32 (3028) · at 40 °C, 24 h, 15–25 mbar",≤ 12.0%,6.29,PP CoA #020 / ППК25380,21.01.2026,UKIM Faculty of Pharmacy — Center for Natural Products,UKIM CNP potency,covered,,
469,CoQ-PP-2025-0021,initial release,23.12.2025,P050312,GP082501/1,Grape Pie,II,iCoA-PP-2025-0021,9.1,Microbiological Purity | Микробиолошка Чистота,TAMC,Вкупен аеробен микробен број,Ph. Eur. 2.6.12 cat. C,≤ 10⁵ CFU/g,4.3×10^2,1226/2192/25,05.12.2025,IPH — Institute of Public Health,IPH microbiology,covered,,
470,CoQ-PP-2025-0021,initial release,23.12.2025,P050312,GP082501/1,Grape Pie,II,iCoA-PP-2025-0021,9.2,Microbiological Purity | Микробиолошка Чистота,TYMC,Вкупен број квасци/мувли,Ph. Eur. 2.6.12 cat. C,≤ 10⁴ CFU/g,1×10^3,1226/2192/25,05.12.2025,IPH — Institute of Public Health,IPH microbiology,covered,,
471,CoQ-PP-2025-0021,initial release,23.12.2025,P050312,GP082501/1,Grape Pie,II,iCoA-PP-2025-0021,9.3,Microbiological Purity | Микробиолошка Чистота,Bile-tolerant gram-neg.,Жолчно-толерантни грам-нег.,Ph. Eur. 2.6.31 cat. C,≤ 10⁴ CFU/g,< 10^3 and > 10^2,1226/2192/25,05.12.2025,IPH — Institute of Public Health,IPH microbiology,covered,,
472,CoQ-PP-2025-0021,initial release,23.12.2025,P050312,GP082501/1,Grape Pie,II,iCoA-PP-2025-0021,9.4,Microbiological Purity | Микробиолошка Чистота,Salmonella,Салмонела,Ph. Eur. 2.6.31 cat. C,Absence | Отсуство / 25 g,Odgovara (Absent),1226/2192/25,05.12.2025,IPH — Institute of Public Health,IPH microbiology,covered,,
473,CoQ-PP-2025-0021,initial release,23.12.2025,P050312,GP082501/1,Grape Pie,II,iCoA-PP-2025-0021,9.5,Microbiological Purity | Микробиолошка Чистота,Escherichia coli,Ешерихија коли,Ph. Eur. 2.6.13 cat. C,Absence | Отсуство / 1 g,Odgovara (Absent),1226/2192/25,05.12.2025,IPH — Institute of Public Health,IPH microbiology,covered,,
474,CoQ-PP-2025-0021,initial release,23.12.2025,P050312,GP082501/1,Grape Pie,II,iCoA-PP-2025-0021,9.6,Microbiological Purity | Микробиолошка Чистота,Pseudomonas aeruginosa,,Ph. Eur. 2.6.13 cat. C,Absence | Отсуство / 1 g,—,—,,,,upon request — not required for release,,
475,CoQ-PP-2025-0021,initial release,23.12.2025,P050312,GP082501/1,Grape Pie,II,iCoA-PP-2025-0021,9.7,Microbiological Purity | Микробиолошка Чистота,Staphylococcus aureus,,Ph. Eur. 2.6.13 cat. C,Absence | Отсуство / 1 g,—,—,,,,upon request — not required for release,,
476,CoQ-PP-2025-0021,initial release,23.12.2025,P050312,GP082501/1,Grape Pie,II,iCoA-PP-2025-0021,10.1,Mycotoxins | Микотоксини,Aflatoxin B₁,Афлатоксин B₁,Ph. Eur. 2.8.18 (HPLC-FLD),≤ 2 µg/kg,—,—,,,,not tested — no certificate covers it,,
477,CoQ-PP-2025-0021,initial release,23.12.2025,P050312,GP082501/1,Grape Pie,II,iCoA-PP-2025-0021,10.2,Mycotoxins | Микотоксини,Aflatoxins ∑,Афлатоксини ∑ (B₁+B₂+G₁+G₂),Ph. Eur. 2.8.18 (HPLC-FLD),≤ 4 µg/kg,< 2,5888/2025,12.12.2025,IPH — Institute of Public Health,"IPH mycotoxins, metals, pesticides",covered,,
478,CoQ-PP-2025-0021,initial release,23.12.2025,P050312,GP082501/1,Grape Pie,II,iCoA-PP-2025-0021,10.3,Mycotoxins | Микотоксини,Ochratoxin A,Охратоксин A,Ph. Eur. 2.8.22 (HPLC-FLD),≤ 20 µg/kg,—,—,,,,not tested — no certificate covers it,,
479,CoQ-PP-2025-0021,initial release,23.12.2025,P050312,GP082501/1,Grape Pie,II,iCoA-PP-2025-0021,11.1,Heavy Metals | Тешки метали,Lead (Pb),Олово (Pb),Ph. Eur. 2.4.27 (ICP-MS),≤ 0.5 mg/kg,0.014,5888/2025,12.12.2025,IPH — Institute of Public Health,"IPH mycotoxins, metals, pesticides",covered,,
480,CoQ-PP-2025-0021,initial release,23.12.2025,P050312,GP082501/1,Grape Pie,II,iCoA-PP-2025-0021,11.2,Heavy Metals | Тешки метали,Cadmium (Cd),Кадмиум (Cd),Ph. Eur. 2.4.27 (ICP-MS),≤ 0.3 mg/kg,0.003,5888/2025,12.12.2025,IPH — Institute of Public Health,"IPH mycotoxins, metals, pesticides",covered,,
481,CoQ-PP-2025-0021,initial release,23.12.2025,P050312,GP082501/1,Grape Pie,II,iCoA-PP-2025-0021,11.3,Heavy Metals | Тешки метали,Arsenic (As),Арсен (As),Ph. Eur. 2.4.27 (ICP-MS),≤ 0.2 mg/kg,0.02,5888/2025,12.12.2025,IPH — Institute of Public Health,"IPH mycotoxins, metals, pesticides",covered,,
482,CoQ-PP-2025-0021,initial release,23.12.2025,P050312,GP082501/1,Grape Pie,II,iCoA-PP-2025-0021,11.4,Heavy Metals | Тешки метали,Mercury (Hg),Жива (Hg),Ph. Eur. 2.4.27 (ICP-MS),≤ 0.1 mg/kg,0.017,5888/2025,12.12.2025,IPH — Institute of Public Health,"IPH mycotoxins, metals, pesticides",covered,,
483,CoQ-PP-2025-0021,initial release,23.12.2025,P050312,GP082501/1,Grape Pie,II,iCoA-PP-2025-0021,12,,Pesticide Residues,Остатоци од пестициди,Ph. Eur. 2.8.13 (LC-MS/MS) · CUMCS Equivalency,≤ LOQ as per Ph. Eur. 2.8.13 · ≤ LOQ as per CUMCS Equivalency,Н.д. (not detected),5888/2025,12.12.2025,IPH — Institute of Public Health,"IPH mycotoxins, metals, pesticides",covered,,
484,CoQ-PP-2025-0022,initial release,26.12.2025,P050322,GP082501/2,Grape Pie,V,iCoA-PP-2025-0022,1,,"Identification A, Appearance · Macroscopic","Идентиф. A, Изглед, Макроскопски",Ph. Eur. mon. 3028,Conforms to monograph | Соодветствува со монографијата,—,—,,,,to be performed — see route,Purely Plant laboratory — iCoA covering Ident A + B,
485,CoQ-PP-2025-0022,initial release,26.12.2025,P050322,GP082501/2,Grape Pie,V,iCoA-PP-2025-0022,2,,Identification B · Microscopic,Идентиф. Б · Микроскопски,Ph. Eur. 2.8.23 (microscopy),Conforms to monograph | Соодветствува со монографијата,—,—,,,,to be performed — see route,Purely Plant laboratory — iCoA covering Ident A + B,
486,CoQ-PP-2025-0022,initial release,26.12.2025,P050322,GP082501/2,Grape Pie,V,iCoA-PP-2025-0022,3,,Identification C · HPLC/HPTLC,Идентиф. Ц · HPLC/HPTLC,Ph. Eur. 2.2.29 (3028),Conforms to monograph | Соодветствува со монографијата,—,—,,,,to be performed — see route,"outside laboratory — Ident C (CNP Ident C only, or Farmahem with the retest)",
487,CoQ-PP-2025-0022,initial release,26.12.2025,P050322,GP082501/2,Grape Pie,V,iCoA-PP-2025-0022,4,,Assay — Total Δ⁹-THC,Анализа — вкупен Δ⁹-THC,Ph. Eur. 2.2.29 (HPLC),"14.40 – 17.59 %  (grade V, class THC 16, nominal 16.00 ± 1.60)",14.83,PP CoA #021 / ППК25381,21.01.2026,UKIM Faculty of Pharmacy — Center for Natural Products,UKIM CNP potency,covered,,15.70 (197-12-К/26)
488,CoQ-PP-2025-0022,initial release,26.12.2025,P050322,GP082501/2,Grape Pie,V,iCoA-PP-2025-0022,5,,Assay — Total CBD,Анализа — вкупен CBD,Ph. Eur. 2.2.29 (HPLC) · CBD + CBDA x 0.877,"≤ 1.0%, w/w",0.11,PP CoA #021 / ППК25381,21.01.2026,UKIM Faculty of Pharmacy — Center for Natural Products,UKIM CNP potency,covered,,<LOQ (197-12-К/26)
489,CoQ-PP-2025-0022,initial release,26.12.2025,P050322,GP082501/2,Grape Pie,V,iCoA-PP-2025-0022,6,,Total CBN,Вкупен CBN,Ph. Eur. 2.2.29 (HPLC) · CBN + CBNA x 0.876,"≤ 1.0%, w/w",—,—,,,,not tested — no certificate covers it,,<LOQ (197-12-К/26)
490,CoQ-PP-2025-0022,initial release,26.12.2025,P050322,GP082501/2,Grape Pie,V,iCoA-PP-2025-0022,7,,Foreign Matter,Страни материи,Ph. Eur. 2.8.2 · In-house · интерна,"≤ 2.0% / 25–50 g · < 1 cm leaves | листови, no seeds | без семки",—,—,,,,to be performed — see route,Purely Plant laboratory — iCoA covering Foreign matter,
491,CoQ-PP-2025-0022,initial release,26.12.2025,P050322,GP082501/2,Grape Pie,V,iCoA-PP-2025-0022,8,,Loss on Drying,Губиток при сушење,"Ph. Eur. 2.2.32 (3028) · at 40 °C, 24 h, 15–25 mbar",≤ 12.0%,6.88,PP CoA #021 / ППК25381,21.01.2026,UKIM Faculty of Pharmacy — Center for Natural Products,UKIM CNP potency,covered,,
492,CoQ-PP-2025-0022,initial release,26.12.2025,P050322,GP082501/2,Grape Pie,V,iCoA-PP-2025-0022,9.1,Microbiological Purity | Микробиолошка Чистота,TAMC,Вкупен аеробен микробен број,Ph. Eur. 2.6.12 cat. C,≤ 10⁵ CFU/g,3.2×10^3,1227/2193/25,05.12.2025,IPH — Institute of Public Health,IPH microbiology,covered,,
493,CoQ-PP-2025-0022,initial release,26.12.2025,P050322,GP082501/2,Grape Pie,V,iCoA-PP-2025-0022,9.2,Microbiological Purity | Микробиолошка Чистота,TYMC,Вкупен број квасци/мувли,Ph. Eur. 2.6.12 cat. C,≤ 10⁴ CFU/g,5.8×10^3,1227/2193/25,05.12.2025,IPH — Institute of Public Health,IPH microbiology,covered,,
494,CoQ-PP-2025-0022,initial release,26.12.2025,P050322,GP082501/2,Grape Pie,V,iCoA-PP-2025-0022,9.3,Microbiological Purity | Микробиолошка Чистота,Bile-tolerant gram-neg.,Жолчно-толерантни грам-нег.,Ph. Eur. 2.6.31 cat. C,≤ 10⁴ CFU/g,< 10^4 and > 10^3,1227/2193/25,05.12.2025,IPH — Institute of Public Health,IPH microbiology,covered,,
495,CoQ-PP-2025-0022,initial release,26.12.2025,P050322,GP082501/2,Grape Pie,V,iCoA-PP-2025-0022,9.4,Microbiological Purity | Микробиолошка Чистота,Salmonella,Салмонела,Ph. Eur. 2.6.31 cat. C,Absence | Отсуство / 25 g,Odgovara (Absent),1227/2193/25,05.12.2025,IPH — Institute of Public Health,IPH microbiology,covered,,
496,CoQ-PP-2025-0022,initial release,26.12.2025,P050322,GP082501/2,Grape Pie,V,iCoA-PP-2025-0022,9.5,Microbiological Purity | Микробиолошка Чистота,Escherichia coli,Ешерихија коли,Ph. Eur. 2.6.13 cat. C,Absence | Отсуство / 1 g,Odgovara (Absent),1227/2193/25,05.12.2025,IPH — Institute of Public Health,IPH microbiology,covered,,
497,CoQ-PP-2025-0022,initial release,26.12.2025,P050322,GP082501/2,Grape Pie,V,iCoA-PP-2025-0022,9.6,Microbiological Purity | Микробиолошка Чистота,Pseudomonas aeruginosa,,Ph. Eur. 2.6.13 cat. C,Absence | Отсуство / 1 g,—,—,,,,upon request — not required for release,,
498,CoQ-PP-2025-0022,initial release,26.12.2025,P050322,GP082501/2,Grape Pie,V,iCoA-PP-2025-0022,9.7,Microbiological Purity | Микробиолошка Чистота,Staphylococcus aureus,,Ph. Eur. 2.6.13 cat. C,Absence | Отсуство / 1 g,—,—,,,,upon request — not required for release,,
499,CoQ-PP-2025-0022,initial release,26.12.2025,P050322,GP082501/2,Grape Pie,V,iCoA-PP-2025-0022,10.1,Mycotoxins | Микотоксини,Aflatoxin B₁,Афлатоксин B₁,Ph. Eur. 2.8.18 (HPLC-FLD),≤ 2 µg/kg,—,—,,,,not tested — no certificate covers it,,ND (197-12-М/26)
500,CoQ-PP-2025-0022,initial release,26.12.2025,P050322,GP082501/2,Grape Pie,V,iCoA-PP-2025-0022,10.2,Mycotoxins | Микотоксини,Aflatoxins ∑,Афлатоксини ∑ (B₁+B₂+G₁+G₂),Ph. Eur. 2.8.18 (HPLC-FLD),≤ 4 µg/kg,< 2,5889/2025,12.12.2025,IPH — Institute of Public Health,"IPH mycotoxins, metals, pesticides",covered,,ND (197-12-М/26)
501,CoQ-PP-2025-0022,initial release,26.12.2025,P050322,GP082501/2,Grape Pie,V,iCoA-PP-2025-0022,10.3,Mycotoxins | Микотоксини,Ochratoxin A,Охратоксин A,Ph. Eur. 2.8.22 (HPLC-FLD),≤ 20 µg/kg,—,—,,,,not tested — no certificate covers it,,ND (197-12-М/26)
502,CoQ-PP-2025-0022,initial release,26.12.2025,P050322,GP082501/2,Grape Pie,V,iCoA-PP-2025-0022,11.1,Heavy Metals | Тешки метали,Lead (Pb),Олово (Pb),Ph. Eur. 2.4.27 (ICP-MS),≤ 0.5 mg/kg,0.013,5889/2025,12.12.2025,IPH — Institute of Public Health,"IPH mycotoxins, metals, pesticides",covered,,
503,CoQ-PP-2025-0022,initial release,26.12.2025,P050322,GP082501/2,Grape Pie,V,iCoA-PP-2025-0022,11.2,Heavy Metals | Тешки метали,Cadmium (Cd),Кадмиум (Cd),Ph. Eur. 2.4.27 (ICP-MS),≤ 0.3 mg/kg,0.003,5889/2025,12.12.2025,IPH — Institute of Public Health,"IPH mycotoxins, metals, pesticides",covered,,
504,CoQ-PP-2025-0022,initial release,26.12.2025,P050322,GP082501/2,Grape Pie,V,iCoA-PP-2025-0022,11.3,Heavy Metals | Тешки метали,Arsenic (As),Арсен (As),Ph. Eur. 2.4.27 (ICP-MS),≤ 0.2 mg/kg,0.02,5889/2025,12.12.2025,IPH — Institute of Public Health,"IPH mycotoxins, metals, pesticides",covered,,
505,CoQ-PP-2025-0022,initial release,26.12.2025,P050322,GP082501/2,Grape Pie,V,iCoA-PP-2025-0022,11.4,Heavy Metals | Тешки метали,Mercury (Hg),Жива (Hg),Ph. Eur. 2.4.27 (ICP-MS),≤ 0.1 mg/kg,0.016,5889/2025,12.12.2025,IPH — Institute of Public Health,"IPH mycotoxins, metals, pesticides",covered,,
506,CoQ-PP-2025-0022,initial release,26.12.2025,P050322,GP082501/2,Grape Pie,V,iCoA-PP-2025-0022,12,,Pesticide Residues,Остатоци од пестициди,Ph. Eur. 2.8.13 (LC-MS/MS) · CUMCS Equivalency,≤ LOQ as per Ph. Eur. 2.8.13 · ≤ LOQ as per CUMCS Equivalency,Н.д. (not detected),5889/2025,12.12.2025,IPH — Institute of Public Health,"IPH mycotoxins, metals, pesticides",covered,,
507,CoQ-PP-2026-0001,initial release,13.01.2026,P060012,WC082501,Wedding Crusher,I,iCoA-PP-2026-0001,1,,"Identification A, Appearance · Macroscopic","Идентиф. A, Изглед, Макроскопски",Ph. Eur. mon. 3028,Conforms to monograph | Соодветствува со монографијата,—,—,,,,to be performed — see route,Purely Plant laboratory — iCoA covering Ident A + B,
508,CoQ-PP-2026-0001,initial release,13.01.2026,P060012,WC082501,Wedding Crusher,I,iCoA-PP-2026-0001,2,,Identification B · Microscopic,Идентиф. Б · Микроскопски,Ph. Eur. 2.8.23 (microscopy),Conforms to monograph | Соодветствува со монографијата,—,—,,,,to be performed — see route,Purely Plant laboratory — iCoA covering Ident A + B,
509,CoQ-PP-2026-0001,initial release,13.01.2026,P060012,WC082501,Wedding Crusher,I,iCoA-PP-2026-0001,3,,Identification C · HPLC/HPTLC,Идентиф. Ц · HPLC/HPTLC,Ph. Eur. 2.2.29 (3028),Conforms to monograph | Соодветствува со монографијата,—,—,,,,to be performed — see route,"outside laboratory — Ident C (CNP Ident C only, or Farmahem with the retest)",
510,CoQ-PP-2026-0001,initial release,13.01.2026,P060012,WC082501,Wedding Crusher,I,iCoA-PP-2026-0001,4,,Assay — Total Δ⁹-THC,Анализа — вкупен Δ⁹-THC,Ph. Eur. 2.2.29 (HPLC),"21.60 – 26.39 %  (grade I, class THC 24, nominal 24.00 ± 2.40)",21.67,ППК26001,21.01.2026,UKIM Faculty of Pharmacy — Center for Natural Products,UKIM CNP potency,covered,,
511,CoQ-PP-2026-0001,initial release,13.01.2026,P060012,WC082501,Wedding Crusher,I,iCoA-PP-2026-0001,5,,Assay — Total CBD,Анализа — вкупен CBD,Ph. Eur. 2.2.29 (HPLC) · CBD + CBDA x 0.877,"≤ 1.0%, w/w",0.08,ППК26001,21.01.2026,UKIM Faculty of Pharmacy — Center for Natural Products,UKIM CNP potency,covered,,
512,CoQ-PP-2026-0001,initial release,13.01.2026,P060012,WC082501,Wedding Crusher,I,iCoA-PP-2026-0001,6,,Total CBN,Вкупен CBN,Ph. Eur. 2.2.29 (HPLC) · CBN + CBNA x 0.876,"≤ 1.0%, w/w",—,—,,,,not tested — no certificate covers it,,
513,CoQ-PP-2026-0001,initial release,13.01.2026,P060012,WC082501,Wedding Crusher,I,iCoA-PP-2026-0001,7,,Foreign Matter,Страни материи,Ph. Eur. 2.8.2 · In-house · интерна,"≤ 2.0% / 25–50 g · < 1 cm leaves | листови, no seeds | без семки",—,—,,,,to be performed — see route,Purely Plant laboratory — iCoA covering Foreign matter,
514,CoQ-PP-2026-0001,initial release,13.01.2026,P060012,WC082501,Wedding Crusher,I,iCoA-PP-2026-0001,8,,Loss on Drying,Губиток при сушење,"Ph. Eur. 2.2.32 (3028) · at 40 °C, 24 h, 15–25 mbar",≤ 12.0%,7.50,ППК26001,21.01.2026,UKIM Faculty of Pharmacy — Center for Natural Products,UKIM CNP potency,covered,,
515,CoQ-PP-2026-0001,initial release,13.01.2026,P060012,WC082501,Wedding Crusher,I,iCoA-PP-2026-0001,9.1,Microbiological Purity | Микробиолошка Чистота,TAMC,Вкупен аеробен микробен број,Ph. Eur. 2.6.12 cat. C,≤ 10⁵ CFU/g,10,3/0006/26,20.01.2026,IPH — Institute of Public Health,IPH microbiology,covered,,
516,CoQ-PP-2026-0001,initial release,13.01.2026,P060012,WC082501,Wedding Crusher,I,iCoA-PP-2026-0001,9.2,Microbiological Purity | Микробиолошка Чистота,TYMC,Вкупен број квасци/мувли,Ph. Eur. 2.6.12 cat. C,≤ 10⁴ CFU/g,30,3/0006/26,20.01.2026,IPH — Institute of Public Health,IPH microbiology,covered,,
517,CoQ-PP-2026-0001,initial release,13.01.2026,P060012,WC082501,Wedding Crusher,I,iCoA-PP-2026-0001,9.3,Microbiological Purity | Микробиолошка Чистота,Bile-tolerant gram-neg.,Жолчно-толерантни грам-нег.,Ph. Eur. 2.6.31 cat. C,≤ 10⁴ CFU/g,< 10,3/0006/26,20.01.2026,IPH — Institute of Public Health,IPH microbiology,covered,,
518,CoQ-PP-2026-0001,initial release,13.01.2026,P060012,WC082501,Wedding Crusher,I,iCoA-PP-2026-0001,9.4,Microbiological Purity | Микробиолошка Чистота,Salmonella,Салмонела,Ph. Eur. 2.6.31 cat. C,Absence | Отсуство / 25 g,Odgovara (Absent),3/0006/26,20.01.2026,IPH — Institute of Public Health,IPH microbiology,covered,,
519,CoQ-PP-2026-0001,initial release,13.01.2026,P060012,WC082501,Wedding Crusher,I,iCoA-PP-2026-0001,9.5,Microbiological Purity | Микробиолошка Чистота,Escherichia coli,Ешерихија коли,Ph. Eur. 2.6.13 cat. C,Absence | Отсуство / 1 g,Odgovara (Absent),3/0006/26,20.01.2026,IPH — Institute of Public Health,IPH microbiology,covered,,
520,CoQ-PP-2026-0001,initial release,13.01.2026,P060012,WC082501,Wedding Crusher,I,iCoA-PP-2026-0001,9.6,Microbiological Purity | Микробиолошка Чистота,Pseudomonas aeruginosa,,Ph. Eur. 2.6.13 cat. C,Absence | Отсуство / 1 g,—,—,,,,upon request — not required for release,,
521,CoQ-PP-2026-0001,initial release,13.01.2026,P060012,WC082501,Wedding Crusher,I,iCoA-PP-2026-0001,9.7,Microbiological Purity | Микробиолошка Чистота,Staphylococcus aureus,,Ph. Eur. 2.6.13 cat. C,Absence | Отсуство / 1 g,—,—,,,,upon request — not required for release,,
522,CoQ-PP-2026-0001,initial release,13.01.2026,P060012,WC082501,Wedding Crusher,I,iCoA-PP-2026-0001,10.1,Mycotoxins | Микотоксини,Aflatoxin B₁,Афлатоксин B₁,Ph. Eur. 2.8.18 (HPLC-FLD),≤ 2 µg/kg,—,—,,,,not tested — no certificate covers it,,
523,CoQ-PP-2026-0001,initial release,13.01.2026,P060012,WC082501,Wedding Crusher,I,iCoA-PP-2026-0001,10.2,Mycotoxins | Микотоксини,Aflatoxins ∑,Афлатоксини ∑ (B₁+B₂+G₁+G₂),Ph. Eur. 2.8.18 (HPLC-FLD),≤ 4 µg/kg,< 2,80/2026,02.02.2026,IPH — Institute of Public Health,"IPH mycotoxins, metals, pesticides",covered,,
524,CoQ-PP-2026-0001,initial release,13.01.2026,P060012,WC082501,Wedding Crusher,I,iCoA-PP-2026-0001,10.3,Mycotoxins | Микотоксини,Ochratoxin A,Охратоксин A,Ph. Eur. 2.8.22 (HPLC-FLD),≤ 20 µg/kg,—,—,,,,not tested — no certificate covers it,,
525,CoQ-PP-2026-0001,initial release,13.01.2026,P060012,WC082501,Wedding Crusher,I,iCoA-PP-2026-0001,11.1,Heavy Metals | Тешки метали,Lead (Pb),Олово (Pb),Ph. Eur. 2.4.27 (ICP-MS),≤ 0.5 mg/kg,Н.д.,80/2026,02.02.2026,IPH — Institute of Public Health,"IPH mycotoxins, metals, pesticides",covered,,
526,CoQ-PP-2026-0001,initial release,13.01.2026,P060012,WC082501,Wedding Crusher,I,iCoA-PP-2026-0001,11.2,Heavy Metals | Тешки метали,Cadmium (Cd),Кадмиум (Cd),Ph. Eur. 2.4.27 (ICP-MS),≤ 0.3 mg/kg,Н.д.,80/2026,02.02.2026,IPH — Institute of Public Health,"IPH mycotoxins, metals, pesticides",covered,,
527,CoQ-PP-2026-0001,initial release,13.01.2026,P060012,WC082501,Wedding Crusher,I,iCoA-PP-2026-0001,11.3,Heavy Metals | Тешки метали,Arsenic (As),Арсен (As),Ph. Eur. 2.4.27 (ICP-MS),≤ 0.2 mg/kg,Н.д.,80/2026,02.02.2026,IPH — Institute of Public Health,"IPH mycotoxins, metals, pesticides",covered,,
528,CoQ-PP-2026-0001,initial release,13.01.2026,P060012,WC082501,Wedding Crusher,I,iCoA-PP-2026-0001,11.4,Heavy Metals | Тешки метали,Mercury (Hg),Жива (Hg),Ph. Eur. 2.4.27 (ICP-MS),≤ 0.1 mg/kg,Н.д.,80/2026,02.02.2026,IPH — Institute of Public Health,"IPH mycotoxins, metals, pesticides",covered,,
529,CoQ-PP-2026-0001,initial release,13.01.2026,P060012,WC082501,Wedding Crusher,I,iCoA-PP-2026-0001,12,,Pesticide Residues,Остатоци од пестициди,Ph. Eur. 2.8.13 (LC-MS/MS) · CUMCS Equivalency,≤ LOQ as per Ph. Eur. 2.8.13 · ≤ LOQ as per CUMCS Equivalency,Н.д. (not detected),80/2026,02.02.2026,IPH — Institute of Public Health,"IPH mycotoxins, metals, pesticides",covered,,
530,CoQ-PP-2026-0002,initial release,16.01.2026,P060022,CJ082501/1,Cap Junky,I,iCoA-PP-2026-0002,1,,"Identification A, Appearance · Macroscopic","Идентиф. A, Изглед, Макроскопски",Ph. Eur. mon. 3028,Conforms to monograph | Соодветствува со монографијата,—,—,,,,to be performed — see route,Purely Plant laboratory — iCoA covering Ident A + B,
531,CoQ-PP-2026-0002,initial release,16.01.2026,P060022,CJ082501/1,Cap Junky,I,iCoA-PP-2026-0002,2,,Identification B · Microscopic,Идентиф. Б · Микроскопски,Ph. Eur. 2.8.23 (microscopy),Conforms to monograph | Соодветствува со монографијата,—,—,,,,to be performed — see route,Purely Plant laboratory — iCoA covering Ident A + B,
532,CoQ-PP-2026-0002,initial release,16.01.2026,P060022,CJ082501/1,Cap Junky,I,iCoA-PP-2026-0002,3,,Identification C · HPLC/HPTLC,Идентиф. Ц · HPLC/HPTLC,Ph. Eur. 2.2.29 (3028),Conforms to monograph | Соодветствува со монографијата,—,—,,,,to be performed — see route,"outside laboratory — Ident C (CNP Ident C only, or Farmahem with the retest)",
533,CoQ-PP-2026-0002,initial release,16.01.2026,P060022,CJ082501/1,Cap Junky,I,iCoA-PP-2026-0002,4,,Assay — Total Δ⁹-THC,Анализа — вкупен Δ⁹-THC,Ph. Eur. 2.2.29 (HPLC),"25.20 – 30.79 %  (grade I, class THC 28, nominal 28.00 ± 2.80)",24.96,ППК26002,21.01.2026,UKIM Faculty of Pharmacy — Center for Natural Products,UKIM CNP potency,covered,,
534,CoQ-PP-2026-0002,initial release,16.01.2026,P060022,CJ082501/1,Cap Junky,I,iCoA-PP-2026-0002,5,,Assay — Total CBD,Анализа — вкупен CBD,Ph. Eur. 2.2.29 (HPLC) · CBD + CBDA x 0.877,"≤ 1.0%, w/w",0.09,ППК26002,21.01.2026,UKIM Faculty of Pharmacy — Center for Natural Products,UKIM CNP potency,covered,,
535,CoQ-PP-2026-0002,initial release,16.01.2026,P060022,CJ082501/1,Cap Junky,I,iCoA-PP-2026-0002,6,,Total CBN,Вкупен CBN,Ph. Eur. 2.2.29 (HPLC) · CBN + CBNA x 0.876,"≤ 1.0%, w/w",—,—,,,,not tested — no certificate covers it,,
536,CoQ-PP-2026-0002,initial release,16.01.2026,P060022,CJ082501/1,Cap Junky,I,iCoA-PP-2026-0002,7,,Foreign Matter,Страни материи,Ph. Eur. 2.8.2 · In-house · интерна,"≤ 2.0% / 25–50 g · < 1 cm leaves | листови, no seeds | без семки",—,—,,,,to be performed — see route,Purely Plant laboratory — iCoA covering Foreign matter,
537,CoQ-PP-2026-0002,initial release,16.01.2026,P060022,CJ082501/1,Cap Junky,I,iCoA-PP-2026-0002,8,,Loss on Drying,Губиток при сушење,"Ph. Eur. 2.2.32 (3028) · at 40 °C, 24 h, 15–25 mbar",≤ 12.0%,7.21,ППК26002,21.01.2026,UKIM Faculty of Pharmacy — Center for Natural Products,UKIM CNP potency,covered,,
538,CoQ-PP-2026-0002,initial release,16.01.2026,P060022,CJ082501/1,Cap Junky,I,iCoA-PP-2026-0002,9.1,Microbiological Purity | Микробиолошка Чистота,TAMC,Вкупен аеробен микробен број,Ph. Eur. 2.6.12 cat. C,≤ 10⁵ CFU/g,1.5×10^2,8/0011/26,20.01.2026,IPH — Institute of Public Health,IPH microbiology,covered,,
539,CoQ-PP-2026-0002,initial release,16.01.2026,P060022,CJ082501/1,Cap Junky,I,iCoA-PP-2026-0002,9.2,Microbiological Purity | Микробиолошка Чистота,TYMC,Вкупен број квасци/мувли,Ph. Eur. 2.6.12 cat. C,≤ 10⁴ CFU/g,1.3×10^2,8/0011/26,20.01.2026,IPH — Institute of Public Health,IPH microbiology,covered,,
540,CoQ-PP-2026-0002,initial release,16.01.2026,P060022,CJ082501/1,Cap Junky,I,iCoA-PP-2026-0002,9.3,Microbiological Purity | Микробиолошка Чистота,Bile-tolerant gram-neg.,Жолчно-толерантни грам-нег.,Ph. Eur. 2.6.31 cat. C,≤ 10⁴ CFU/g,< 10,8/0011/26,20.01.2026,IPH — Institute of Public Health,IPH microbiology,covered,,
541,CoQ-PP-2026-0002,initial release,16.01.2026,P060022,CJ082501/1,Cap Junky,I,iCoA-PP-2026-0002,9.4,Microbiological Purity | Микробиолошка Чистота,Salmonella,Салмонела,Ph. Eur. 2.6.31 cat. C,Absence | Отсуство / 25 g,Odgovara (Absent),8/0011/26,20.01.2026,IPH — Institute of Public Health,IPH microbiology,covered,,
542,CoQ-PP-2026-0002,initial release,16.01.2026,P060022,CJ082501/1,Cap Junky,I,iCoA-PP-2026-0002,9.5,Microbiological Purity | Микробиолошка Чистота,Escherichia coli,Ешерихија коли,Ph. Eur. 2.6.13 cat. C,Absence | Отсуство / 1 g,Odgovara (Absent),8/0011/26,20.01.2026,IPH — Institute of Public Health,IPH microbiology,covered,,
543,CoQ-PP-2026-0002,initial release,16.01.2026,P060022,CJ082501/1,Cap Junky,I,iCoA-PP-2026-0002,9.6,Microbiological Purity | Микробиолошка Чистота,Pseudomonas aeruginosa,,Ph. Eur. 2.6.13 cat. C,Absence | Отсуство / 1 g,—,—,,,,upon request — not required for release,,
544,CoQ-PP-2026-0002,initial release,16.01.2026,P060022,CJ082501/1,Cap Junky,I,iCoA-PP-2026-0002,9.7,Microbiological Purity | Микробиолошка Чистота,Staphylococcus aureus,,Ph. Eur. 2.6.13 cat. C,Absence | Отсуство / 1 g,—,—,,,,upon request — not required for release,,
545,CoQ-PP-2026-0002,initial release,16.01.2026,P060022,CJ082501/1,Cap Junky,I,iCoA-PP-2026-0002,10.1,Mycotoxins | Микотоксини,Aflatoxin B₁,Афлатоксин B₁,Ph. Eur. 2.8.18 (HPLC-FLD),≤ 2 µg/kg,—,—,,,,not tested — no certificate covers it,,
546,CoQ-PP-2026-0002,initial release,16.01.2026,P060022,CJ082501/1,Cap Junky,I,iCoA-PP-2026-0002,10.2,Mycotoxins | Микотоксини,Aflatoxins ∑,Афлатоксини ∑ (B₁+B₂+G₁+G₂),Ph. Eur. 2.8.18 (HPLC-FLD),≤ 4 µg/kg,< 2,81/2026,02.02.2026,IPH — Institute of Public Health,"IPH mycotoxins, metals, pesticides",covered,,
547,CoQ-PP-2026-0002,initial release,16.01.2026,P060022,CJ082501/1,Cap Junky,I,iCoA-PP-2026-0002,10.3,Mycotoxins | Микотоксини,Ochratoxin A,Охратоксин A,Ph. Eur. 2.8.22 (HPLC-FLD),≤ 20 µg/kg,—,—,,,,not tested — no certificate covers it,,
548,CoQ-PP-2026-0002,initial release,16.01.2026,P060022,CJ082501/1,Cap Junky,I,iCoA-PP-2026-0002,11.1,Heavy Metals | Тешки метали,Lead (Pb),Олово (Pb),Ph. Eur. 2.4.27 (ICP-MS),≤ 0.5 mg/kg,0.075,81/2026,02.02.2026,IPH — Institute of Public Health,"IPH mycotoxins, metals, pesticides",covered,,
549,CoQ-PP-2026-0002,initial release,16.01.2026,P060022,CJ082501/1,Cap Junky,I,iCoA-PP-2026-0002,11.2,Heavy Metals | Тешки метали,Cadmium (Cd),Кадмиум (Cd),Ph. Eur. 2.4.27 (ICP-MS),≤ 0.3 mg/kg,Н.д.,81/2026,02.02.2026,IPH — Institute of Public Health,"IPH mycotoxins, metals, pesticides",covered,,
550,CoQ-PP-2026-0002,initial release,16.01.2026,P060022,CJ082501/1,Cap Junky,I,iCoA-PP-2026-0002,11.3,Heavy Metals | Тешки метали,Arsenic (As),Арсен (As),Ph. Eur. 2.4.27 (ICP-MS),≤ 0.2 mg/kg,Н.д.,81/2026,02.02.2026,IPH — Institute of Public Health,"IPH mycotoxins, metals, pesticides",covered,,
551,CoQ-PP-2026-0002,initial release,16.01.2026,P060022,CJ082501/1,Cap Junky,I,iCoA-PP-2026-0002,11.4,Heavy Metals | Тешки метали,Mercury (Hg),Жива (Hg),Ph. Eur. 2.4.27 (ICP-MS),≤ 0.1 mg/kg,Н.д.,81/2026,02.02.2026,IPH — Institute of Public Health,"IPH mycotoxins, metals, pesticides",covered,,
552,CoQ-PP-2026-0002,initial release,16.01.2026,P060022,CJ082501/1,Cap Junky,I,iCoA-PP-2026-0002,12,,Pesticide Residues,Остатоци од пестициди,Ph. Eur. 2.8.13 (LC-MS/MS) · CUMCS Equivalency,≤ LOQ as per Ph. Eur. 2.8.13 · ≤ LOQ as per CUMCS Equivalency,Н.д. (not detected),81/2026,02.02.2026,IPH — Institute of Public Health,"IPH mycotoxins, metals, pesticides",covered,,
553,CoQ-PP-2026-0003,initial release,29.01.2026,P060032,CJ082501/2,Cap Junky,IV,iCoA-PP-2026-0003,1,,"Identification A, Appearance · Macroscopic","Идентиф. A, Изглед, Макроскопски",Ph. Eur. mon. 3028,Conforms to monograph | Соодветствува со монографијата,—,—,,,,to be performed — see route,Purely Plant laboratory — iCoA covering Ident A + B,
554,CoQ-PP-2026-0003,initial release,29.01.2026,P060032,CJ082501/2,Cap Junky,IV,iCoA-PP-2026-0003,2,,Identification B · Microscopic,Идентиф. Б · Микроскопски,Ph. Eur. 2.8.23 (microscopy),Conforms to monograph | Соодветствува со монографијата,—,—,,,,to be performed — see route,Purely Plant laboratory — iCoA covering Ident A + B,
555,CoQ-PP-2026-0003,initial release,29.01.2026,P060032,CJ082501/2,Cap Junky,IV,iCoA-PP-2026-0003,3,,Identification C · HPLC/HPTLC,Идентиф. Ц · HPLC/HPTLC,Ph. Eur. 2.2.29 (3028),Conforms to monograph | Соодветствува со монографијата,—,—,,,,to be performed — see route,"outside laboratory — Ident C (CNP Ident C only, or Farmahem with the retest)",
556,CoQ-PP-2026-0003,initial release,29.01.2026,P060032,CJ082501/2,Cap Junky,IV,iCoA-PP-2026-0003,4,,Assay — Total Δ⁹-THC,Анализа — вкупен Δ⁹-THC,Ph. Eur. 2.2.29 (HPLC),"18.00 – 21.99 %  (grade IV, class THC 20, nominal 20.00 ± 2.00)",20.84,ППК26003,21.01.2026,UKIM Faculty of Pharmacy — Center for Natural Products,UKIM CNP potency,covered,,18.29 (197-5-К/26)
557,CoQ-PP-2026-0003,initial release,29.01.2026,P060032,CJ082501/2,Cap Junky,IV,iCoA-PP-2026-0003,5,,Assay — Total CBD,Анализа — вкупен CBD,Ph. Eur. 2.2.29 (HPLC) · CBD + CBDA x 0.877,"≤ 1.0%, w/w",0.08,ППК26003,21.01.2026,UKIM Faculty of Pharmacy — Center for Natural Products,UKIM CNP potency,covered,,<LOQ (197-5-К/26)
558,CoQ-PP-2026-0003,initial release,29.01.2026,P060032,CJ082501/2,Cap Junky,IV,iCoA-PP-2026-0003,6,,Total CBN,Вкупен CBN,Ph. Eur. 2.2.29 (HPLC) · CBN + CBNA x 0.876,"≤ 1.0%, w/w",—,—,,,,not tested — no certificate covers it,,<LOQ (197-5-К/26)
559,CoQ-PP-2026-0003,initial release,29.01.2026,P060032,CJ082501/2,Cap Junky,IV,iCoA-PP-2026-0003,7,,Foreign Matter,Страни материи,Ph. Eur. 2.8.2 · In-house · интерна,"≤ 2.0% / 25–50 g · < 1 cm leaves | листови, no seeds | без семки",—,—,,,,to be performed — see route,Purely Plant laboratory — iCoA covering Foreign matter,
560,CoQ-PP-2026-0003,initial release,29.01.2026,P060032,CJ082501/2,Cap Junky,IV,iCoA-PP-2026-0003,8,,Loss on Drying,Губиток при сушење,"Ph. Eur. 2.2.32 (3028) · at 40 °C, 24 h, 15–25 mbar",≤ 12.0%,7.37,ППК26003,21.01.2026,UKIM Faculty of Pharmacy — Center for Natural Products,UKIM CNP potency,covered,,
561,CoQ-PP-2026-0003,initial release,29.01.2026,P060032,CJ082501/2,Cap Junky,IV,iCoA-PP-2026-0003,9.1,Microbiological Purity | Микробиолошка Чистота,TAMC,Вкупен аеробен микробен број,Ph. Eur. 2.6.12 cat. C,≤ 10⁵ CFU/g,9.5×10^2,4/0007/26,20.01.2026,IPH — Institute of Public Health,IPH microbiology,covered,,
562,CoQ-PP-2026-0003,initial release,29.01.2026,P060032,CJ082501/2,Cap Junky,IV,iCoA-PP-2026-0003,9.2,Microbiological Purity | Микробиолошка Чистота,TYMC,Вкупен број квасци/мувли,Ph. Eur. 2.6.12 cat. C,≤ 10⁴ CFU/g,1.2×10^3,4/0007/26,20.01.2026,IPH — Institute of Public Health,IPH microbiology,covered,,
563,CoQ-PP-2026-0003,initial release,29.01.2026,P060032,CJ082501/2,Cap Junky,IV,iCoA-PP-2026-0003,9.3,Microbiological Purity | Микробиолошка Чистота,Bile-tolerant gram-neg.,Жолчно-толерантни грам-нег.,Ph. Eur. 2.6.31 cat. C,≤ 10⁴ CFU/g,< 10,4/0007/26,20.01.2026,IPH — Institute of Public Health,IPH microbiology,covered,,
564,CoQ-PP-2026-0003,initial release,29.01.2026,P060032,CJ082501/2,Cap Junky,IV,iCoA-PP-2026-0003,9.4,Microbiological Purity | Микробиолошка Чистота,Salmonella,Салмонела,Ph. Eur. 2.6.31 cat. C,Absence | Отсуство / 25 g,Odgovara (Absent),4/0007/26,20.01.2026,IPH — Institute of Public Health,IPH microbiology,covered,,
565,CoQ-PP-2026-0003,initial release,29.01.2026,P060032,CJ082501/2,Cap Junky,IV,iCoA-PP-2026-0003,9.5,Microbiological Purity | Микробиолошка Чистота,Escherichia coli,Ешерихија коли,Ph. Eur. 2.6.13 cat. C,Absence | Отсуство / 1 g,Odgovara (Absent),4/0007/26,20.01.2026,IPH — Institute of Public Health,IPH microbiology,covered,,
566,CoQ-PP-2026-0003,initial release,29.01.2026,P060032,CJ082501/2,Cap Junky,IV,iCoA-PP-2026-0003,9.6,Microbiological Purity | Микробиолошка Чистота,Pseudomonas aeruginosa,,Ph. Eur. 2.6.13 cat. C,Absence | Отсуство / 1 g,—,—,,,,upon request — not required for release,,
567,CoQ-PP-2026-0003,initial release,29.01.2026,P060032,CJ082501/2,Cap Junky,IV,iCoA-PP-2026-0003,9.7,Microbiological Purity | Микробиолошка Чистота,Staphylococcus aureus,,Ph. Eur. 2.6.13 cat. C,Absence | Отсуство / 1 g,—,—,,,,upon request — not required for release,,
568,CoQ-PP-2026-0003,initial release,29.01.2026,P060032,CJ082501/2,Cap Junky,IV,iCoA-PP-2026-0003,10.1,Mycotoxins | Микотоксини,Aflatoxin B₁,Афлатоксин B₁,Ph. Eur. 2.8.18 (HPLC-FLD),≤ 2 µg/kg,—,—,,,,not tested — no certificate covers it,,ND (197-5-М/26)
569,CoQ-PP-2026-0003,initial release,29.01.2026,P060032,CJ082501/2,Cap Junky,IV,iCoA-PP-2026-0003,10.2,Mycotoxins | Микотоксини,Aflatoxins ∑,Афлатоксини ∑ (B₁+B₂+G₁+G₂),Ph. Eur. 2.8.18 (HPLC-FLD),≤ 4 µg/kg,< 2,82/2026,02.02.2026,IPH — Institute of Public Health,"IPH mycotoxins, metals, pesticides",covered,,ND (197-5-М/26)
570,CoQ-PP-2026-0003,initial release,29.01.2026,P060032,CJ082501/2,Cap Junky,IV,iCoA-PP-2026-0003,10.3,Mycotoxins | Микотоксини,Ochratoxin A,Охратоксин A,Ph. Eur. 2.8.22 (HPLC-FLD),≤ 20 µg/kg,—,—,,,,not tested — no certificate covers it,,ND (197-5-М/26)
571,CoQ-PP-2026-0003,initial release,29.01.2026,P060032,CJ082501/2,Cap Junky,IV,iCoA-PP-2026-0003,11.1,Heavy Metals | Тешки метали,Lead (Pb),Олово (Pb),Ph. Eur. 2.4.27 (ICP-MS),≤ 0.5 mg/kg,0.073,82/2026,02.02.2026,IPH — Institute of Public Health,"IPH mycotoxins, metals, pesticides",covered,,
572,CoQ-PP-2026-0003,initial release,29.01.2026,P060032,CJ082501/2,Cap Junky,IV,iCoA-PP-2026-0003,11.2,Heavy Metals | Тешки метали,Cadmium (Cd),Кадмиум (Cd),Ph. Eur. 2.4.27 (ICP-MS),≤ 0.3 mg/kg,Н.д.,82/2026,02.02.2026,IPH — Institute of Public Health,"IPH mycotoxins, metals, pesticides",covered,,
573,CoQ-PP-2026-0003,initial release,29.01.2026,P060032,CJ082501/2,Cap Junky,IV,iCoA-PP-2026-0003,11.3,Heavy Metals | Тешки метали,Arsenic (As),Арсен (As),Ph. Eur. 2.4.27 (ICP-MS),≤ 0.2 mg/kg,Н.д.,82/2026,02.02.2026,IPH — Institute of Public Health,"IPH mycotoxins, metals, pesticides",covered,,
574,CoQ-PP-2026-0003,initial release,29.01.2026,P060032,CJ082501/2,Cap Junky,IV,iCoA-PP-2026-0003,11.4,Heavy Metals | Тешки метали,Mercury (Hg),Жива (Hg),Ph. Eur. 2.4.27 (ICP-MS),≤ 0.1 mg/kg,Н.д.,82/2026,02.02.2026,IPH — Institute of Public Health,"IPH mycotoxins, metals, pesticides",covered,,
575,CoQ-PP-2026-0003,initial release,29.01.2026,P060032,CJ082501/2,Cap Junky,IV,iCoA-PP-2026-0003,12,,Pesticide Residues,Остатоци од пестициди,Ph. Eur. 2.8.13 (LC-MS/MS) · CUMCS Equivalency,≤ LOQ as per Ph. Eur. 2.8.13 · ≤ LOQ as per CUMCS Equivalency,Н.д. (not detected),82/2026,02.02.2026,IPH — Institute of Public Health,"IPH mycotoxins, metals, pesticides",covered,,
576,CoQ-PP-2026-0004,initial release,29.01.2026,P060042,OPM092501,Orange Punch Mimosa,IV,iCoA-PP-2026-0004,1,,"Identification A, Appearance · Macroscopic","Идентиф. A, Изглед, Макроскопски",Ph. Eur. mon. 3028,Conforms to monograph | Соодветствува со монографијата,—,—,,,,to be performed — see route,Purely Plant laboratory — iCoA covering Ident A + B,
577,CoQ-PP-2026-0004,initial release,29.01.2026,P060042,OPM092501,Orange Punch Mimosa,IV,iCoA-PP-2026-0004,2,,Identification B · Microscopic,Идентиф. Б · Микроскопски,Ph. Eur. 2.8.23 (microscopy),Conforms to monograph | Соодветствува со монографијата,—,—,,,,to be performed — see route,Purely Plant laboratory — iCoA covering Ident A + B,
578,CoQ-PP-2026-0004,initial release,29.01.2026,P060042,OPM092501,Orange Punch Mimosa,IV,iCoA-PP-2026-0004,3,,Identification C · HPLC/HPTLC,Идентиф. Ц · HPLC/HPTLC,Ph. Eur. 2.2.29 (3028),Conforms to monograph | Соодветствува со монографијата,—,—,,,,to be performed — see route,"outside laboratory — Ident C (CNP Ident C only, or Farmahem with the retest)",
579,CoQ-PP-2026-0004,initial release,29.01.2026,P060042,OPM092501,Orange Punch Mimosa,IV,iCoA-PP-2026-0004,4,,Assay — Total Δ⁹-THC,Анализа — вкупен Δ⁹-THC,Ph. Eur. 2.2.29 (HPLC),"9.00 – 10.99 %  (grade IV, class THC 10, nominal 10.00 ± 1.00)",9.43,ППК26008,21.01.2026,UKIM Faculty of Pharmacy — Center for Natural Products,UKIM CNP potency,covered,,
580,CoQ-PP-2026-0004,initial release,29.01.2026,P060042,OPM092501,Orange Punch Mimosa,IV,iCoA-PP-2026-0004,5,,Assay — Total CBD,Анализа — вкупен CBD,Ph. Eur. 2.2.29 (HPLC) · CBD + CBDA x 0.877,"≤ 1.0%, w/w",0.04,ППК26008,21.01.2026,UKIM Faculty of Pharmacy — Center for Natural Products,UKIM CNP potency,covered,,
581,CoQ-PP-2026-0004,initial release,29.01.2026,P060042,OPM092501,Orange Punch Mimosa,IV,iCoA-PP-2026-0004,6,,Total CBN,Вкупен CBN,Ph. Eur. 2.2.29 (HPLC) · CBN + CBNA x 0.876,"≤ 1.0%, w/w",—,—,,,,not tested — no certificate covers it,,
582,CoQ-PP-2026-0004,initial release,29.01.2026,P060042,OPM092501,Orange Punch Mimosa,IV,iCoA-PP-2026-0004,7,,Foreign Matter,Страни материи,Ph. Eur. 2.8.2 · In-house · интерна,"≤ 2.0% / 25–50 g · < 1 cm leaves | листови, no seeds | без семки",—,—,,,,to be performed — see route,Purely Plant laboratory — iCoA covering Foreign matter,
583,CoQ-PP-2026-0004,initial release,29.01.2026,P060042,OPM092501,Orange Punch Mimosa,IV,iCoA-PP-2026-0004,8,,Loss on Drying,Губиток при сушење,"Ph. Eur. 2.2.32 (3028) · at 40 °C, 24 h, 15–25 mbar",≤ 12.0%,7.85,ППК26008,21.01.2026,UKIM Faculty of Pharmacy — Center for Natural Products,UKIM CNP potency,covered,,
584,CoQ-PP-2026-0004,initial release,29.01.2026,P060042,OPM092501,Orange Punch Mimosa,IV,iCoA-PP-2026-0004,9.1,Microbiological Purity | Микробиолошка Чистота,TAMC,Вкупен аеробен микробен број,Ph. Eur. 2.6.12 cat. C,≤ 10⁵ CFU/g,10,2/0005/26,20.01.2026,IPH — Institute of Public Health,IPH microbiology,covered,,
585,CoQ-PP-2026-0004,initial release,29.01.2026,P060042,OPM092501,Orange Punch Mimosa,IV,iCoA-PP-2026-0004,9.2,Microbiological Purity | Микробиолошка Чистота,TYMC,Вкупен број квасци/мувли,Ph. Eur. 2.6.12 cat. C,≤ 10⁴ CFU/g,10,2/0005/26,20.01.2026,IPH — Institute of Public Health,IPH microbiology,covered,,
586,CoQ-PP-2026-0004,initial release,29.01.2026,P060042,OPM092501,Orange Punch Mimosa,IV,iCoA-PP-2026-0004,9.3,Microbiological Purity | Микробиолошка Чистота,Bile-tolerant gram-neg.,Жолчно-толерантни грам-нег.,Ph. Eur. 2.6.31 cat. C,≤ 10⁴ CFU/g,< 10^2 and > 10,2/0005/26,20.01.2026,IPH — Institute of Public Health,IPH microbiology,covered,,
587,CoQ-PP-2026-0004,initial release,29.01.2026,P060042,OPM092501,Orange Punch Mimosa,IV,iCoA-PP-2026-0004,9.4,Microbiological Purity | Микробиолошка Чистота,Salmonella,Салмонела,Ph. Eur. 2.6.31 cat. C,Absence | Отсуство / 25 g,Odgovara (Absent),2/0005/26,20.01.2026,IPH — Institute of Public Health,IPH microbiology,covered,,
588,CoQ-PP-2026-0004,initial release,29.01.2026,P060042,OPM092501,Orange Punch Mimosa,IV,iCoA-PP-2026-0004,9.5,Microbiological Purity | Микробиолошка Чистота,Escherichia coli,Ешерихија коли,Ph. Eur. 2.6.13 cat. C,Absence | Отсуство / 1 g,Odgovara (Absent),2/0005/26,20.01.2026,IPH — Institute of Public Health,IPH microbiology,covered,,
589,CoQ-PP-2026-0004,initial release,29.01.2026,P060042,OPM092501,Orange Punch Mimosa,IV,iCoA-PP-2026-0004,9.6,Microbiological Purity | Микробиолошка Чистота,Pseudomonas aeruginosa,,Ph. Eur. 2.6.13 cat. C,Absence | Отсуство / 1 g,—,—,,,,upon request — not required for release,,
590,CoQ-PP-2026-0004,initial release,29.01.2026,P060042,OPM092501,Orange Punch Mimosa,IV,iCoA-PP-2026-0004,9.7,Microbiological Purity | Микробиолошка Чистота,Staphylococcus aureus,,Ph. Eur. 2.6.13 cat. C,Absence | Отсуство / 1 g,—,—,,,,upon request — not required for release,,
591,CoQ-PP-2026-0004,initial release,29.01.2026,P060042,OPM092501,Orange Punch Mimosa,IV,iCoA-PP-2026-0004,10.1,Mycotoxins | Микотоксини,Aflatoxin B₁,Афлатоксин B₁,Ph. Eur. 2.8.18 (HPLC-FLD),≤ 2 µg/kg,—,—,,,,not tested — no certificate covers it,,
592,CoQ-PP-2026-0004,initial release,29.01.2026,P060042,OPM092501,Orange Punch Mimosa,IV,iCoA-PP-2026-0004,10.2,Mycotoxins | Микотоксини,Aflatoxins ∑,Афлатоксини ∑ (B₁+B₂+G₁+G₂),Ph. Eur. 2.8.18 (HPLC-FLD),≤ 4 µg/kg,2.2,87/2026,03.02.2026,IPH — Institute of Public Health,"IPH mycotoxins, metals, pesticides",covered,,
593,CoQ-PP-2026-0004,initial release,29.01.2026,P060042,OPM092501,Orange Punch Mimosa,IV,iCoA-PP-2026-0004,10.3,Mycotoxins | Микотоксини,Ochratoxin A,Охратоксин A,Ph. Eur. 2.8.22 (HPLC-FLD),≤ 20 µg/kg,—,—,,,,not tested — no certificate covers it,,
594,CoQ-PP-2026-0004,initial release,29.01.2026,P060042,OPM092501,Orange Punch Mimosa,IV,iCoA-PP-2026-0004,11.1,Heavy Metals | Тешки метали,Lead (Pb),Олово (Pb),Ph. Eur. 2.4.27 (ICP-MS),≤ 0.5 mg/kg,0.022,87/2026,03.02.2026,IPH — Institute of Public Health,"IPH mycotoxins, metals, pesticides",covered,,
595,CoQ-PP-2026-0004,initial release,29.01.2026,P060042,OPM092501,Orange Punch Mimosa,IV,iCoA-PP-2026-0004,11.2,Heavy Metals | Тешки метали,Cadmium (Cd),Кадмиум (Cd),Ph. Eur. 2.4.27 (ICP-MS),≤ 0.3 mg/kg,Н.д.,87/2026,03.02.2026,IPH — Institute of Public Health,"IPH mycotoxins, metals, pesticides",covered,,
596,CoQ-PP-2026-0004,initial release,29.01.2026,P060042,OPM092501,Orange Punch Mimosa,IV,iCoA-PP-2026-0004,11.3,Heavy Metals | Тешки метали,Arsenic (As),Арсен (As),Ph. Eur. 2.4.27 (ICP-MS),≤ 0.2 mg/kg,Н.д.,87/2026,03.02.2026,IPH — Institute of Public Health,"IPH mycotoxins, metals, pesticides",covered,,
597,CoQ-PP-2026-0004,initial release,29.01.2026,P060042,OPM092501,Orange Punch Mimosa,IV,iCoA-PP-2026-0004,11.4,Heavy Metals | Тешки метали,Mercury (Hg),Жива (Hg),Ph. Eur. 2.4.27 (ICP-MS),≤ 0.1 mg/kg,Н.д.,87/2026,03.02.2026,IPH — Institute of Public Health,"IPH mycotoxins, metals, pesticides",covered,,
598,CoQ-PP-2026-0004,initial release,29.01.2026,P060042,OPM092501,Orange Punch Mimosa,IV,iCoA-PP-2026-0004,12,,Pesticide Residues,Остатоци од пестициди,Ph. Eur. 2.8.13 (LC-MS/MS) · CUMCS Equivalency,≤ LOQ as per Ph. Eur. 2.8.13 · ≤ LOQ as per CUMCS Equivalency,Н.д. (not detected),87/2026,03.02.2026,IPH — Institute of Public Health,"IPH mycotoxins, metals, pesticides",covered,,
599,CoQ-PP-2026-0005,initial release,30.01.2026,P060062,PM092501,Permanent Marker,I,iCoA-PP-2026-0005,1,,"Identification A, Appearance · Macroscopic","Идентиф. A, Изглед, Макроскопски",Ph. Eur. mon. 3028,Conforms to monograph | Соодветствува со монографијата,—,—,,,,to be performed — see route,Purely Plant laboratory — iCoA covering Ident A + B,
600,CoQ-PP-2026-0005,initial release,30.01.2026,P060062,PM092501,Permanent Marker,I,iCoA-PP-2026-0005,2,,Identification B · Microscopic,Идентиф. Б · Микроскопски,Ph. Eur. 2.8.23 (microscopy),Conforms to monograph | Соодветствува со монографијата,—,—,,,,to be performed — see route,Purely Plant laboratory — iCoA covering Ident A + B,
601,CoQ-PP-2026-0005,initial release,30.01.2026,P060062,PM092501,Permanent Marker,I,iCoA-PP-2026-0005,3,,Identification C · HPLC/HPTLC,Идентиф. Ц · HPLC/HPTLC,Ph. Eur. 2.2.29 (3028),Conforms to monograph | Соодветствува со монографијата,—,—,,,,to be performed — see route,"outside laboratory — Ident C (CNP Ident C only, or Farmahem with the retest)",
602,CoQ-PP-2026-0005,initial release,30.01.2026,P060062,PM092501,Permanent Marker,I,iCoA-PP-2026-0005,4,,Assay — Total Δ⁹-THC,Анализа — вкупен Δ⁹-THC,Ph. Eur. 2.2.29 (HPLC),"10.80 – 13.19 %  (grade I, class THC 12, nominal 12.00 ± 1.20)",14.06,ППК26004,21.01.2026,UKIM Faculty of Pharmacy — Center for Natural Products,UKIM CNP potency,covered,,12.25 (197-20-К/26)
603,CoQ-PP-2026-0005,initial release,30.01.2026,P060062,PM092501,Permanent Marker,I,iCoA-PP-2026-0005,5,,Assay — Total CBD,Анализа — вкупен CBD,Ph. Eur. 2.2.29 (HPLC) · CBD + CBDA x 0.877,"≤ 1.0%, w/w",0.05,ППК26004,21.01.2026,UKIM Faculty of Pharmacy — Center for Natural Products,UKIM CNP potency,covered,,<LOQ (197-20-К/26)
604,CoQ-PP-2026-0005,initial release,30.01.2026,P060062,PM092501,Permanent Marker,I,iCoA-PP-2026-0005,6,,Total CBN,Вкупен CBN,Ph. Eur. 2.2.29 (HPLC) · CBN + CBNA x 0.876,"≤ 1.0%, w/w",—,—,,,,not tested — no certificate covers it,,<LOQ (197-20-К/26)
605,CoQ-PP-2026-0005,initial release,30.01.2026,P060062,PM092501,Permanent Marker,I,iCoA-PP-2026-0005,7,,Foreign Matter,Страни материи,Ph. Eur. 2.8.2 · In-house · интерна,"≤ 2.0% / 25–50 g · < 1 cm leaves | листови, no seeds | без семки",—,—,,,,to be performed — see route,Purely Plant laboratory — iCoA covering Foreign matter,
606,CoQ-PP-2026-0005,initial release,30.01.2026,P060062,PM092501,Permanent Marker,I,iCoA-PP-2026-0005,8,,Loss on Drying,Губиток при сушење,"Ph. Eur. 2.2.32 (3028) · at 40 °C, 24 h, 15–25 mbar",≤ 12.0%,7.97,ППК26004,21.01.2026,UKIM Faculty of Pharmacy — Center for Natural Products,UKIM CNP potency,covered,,
607,CoQ-PP-2026-0005,initial release,30.01.2026,P060062,PM092501,Permanent Marker,I,iCoA-PP-2026-0005,9.1,Microbiological Purity | Микробиолошка Чистота,TAMC,Вкупен аеробен микробен број,Ph. Eur. 2.6.12 cat. C,≤ 10⁵ CFU/g,2×10^3,6/0009/26,20.01.2026,IPH — Institute of Public Health,IPH microbiology,covered,,
608,CoQ-PP-2026-0005,initial release,30.01.2026,P060062,PM092501,Permanent Marker,I,iCoA-PP-2026-0005,9.2,Microbiological Purity | Микробиолошка Чистота,TYMC,Вкупен број квасци/мувли,Ph. Eur. 2.6.12 cat. C,≤ 10⁴ CFU/g,2.2×10^3,6/0009/26,20.01.2026,IPH — Institute of Public Health,IPH microbiology,covered,,
609,CoQ-PP-2026-0005,initial release,30.01.2026,P060062,PM092501,Permanent Marker,I,iCoA-PP-2026-0005,9.3,Microbiological Purity | Микробиолошка Чистота,Bile-tolerant gram-neg.,Жолчно-толерантни грам-нег.,Ph. Eur. 2.6.31 cat. C,≤ 10⁴ CFU/g,< 10,6/0009/26,20.01.2026,IPH — Institute of Public Health,IPH microbiology,covered,,
610,CoQ-PP-2026-0005,initial release,30.01.2026,P060062,PM092501,Permanent Marker,I,iCoA-PP-2026-0005,9.4,Microbiological Purity | Микробиолошка Чистота,Salmonella,Салмонела,Ph. Eur. 2.6.31 cat. C,Absence | Отсуство / 25 g,Odgovara (Absent),6/0009/26,20.01.2026,IPH — Institute of Public Health,IPH microbiology,covered,,
611,CoQ-PP-2026-0005,initial release,30.01.2026,P060062,PM092501,Permanent Marker,I,iCoA-PP-2026-0005,9.5,Microbiological Purity | Микробиолошка Чистота,Escherichia coli,Ешерихија коли,Ph. Eur. 2.6.13 cat. C,Absence | Отсуство / 1 g,Odgovara (Absent),6/0009/26,20.01.2026,IPH — Institute of Public Health,IPH microbiology,covered,,
612,CoQ-PP-2026-0005,initial release,30.01.2026,P060062,PM092501,Permanent Marker,I,iCoA-PP-2026-0005,9.6,Microbiological Purity | Микробиолошка Чистота,Pseudomonas aeruginosa,,Ph. Eur. 2.6.13 cat. C,Absence | Отсуство / 1 g,—,—,,,,upon request — not required for release,,
613,CoQ-PP-2026-0005,initial release,30.01.2026,P060062,PM092501,Permanent Marker,I,iCoA-PP-2026-0005,9.7,Microbiological Purity | Микробиолошка Чистота,Staphylococcus aureus,,Ph. Eur. 2.6.13 cat. C,Absence | Отсуство / 1 g,—,—,,,,upon request — not required for release,,
614,CoQ-PP-2026-0005,initial release,30.01.2026,P060062,PM092501,Permanent Marker,I,iCoA-PP-2026-0005,10.1,Mycotoxins | Микотоксини,Aflatoxin B₁,Афлатоксин B₁,Ph. Eur. 2.8.18 (HPLC-FLD),≤ 2 µg/kg,—,—,,,,not tested — no certificate covers it,,ND (197-20-М/26)
615,CoQ-PP-2026-0005,initial release,30.01.2026,P060062,PM092501,Permanent Marker,I,iCoA-PP-2026-0005,10.2,Mycotoxins | Микотоксини,Aflatoxins ∑,Афлатоксини ∑ (B₁+B₂+G₁+G₂),Ph. Eur. 2.8.18 (HPLC-FLD),≤ 4 µg/kg,< 2,83/2026,02.02.2026,IPH — Institute of Public Health,"IPH mycotoxins, metals, pesticides",covered,,ND (197-20-М/26)
616,CoQ-PP-2026-0005,initial release,30.01.2026,P060062,PM092501,Permanent Marker,I,iCoA-PP-2026-0005,10.3,Mycotoxins | Микотоксини,Ochratoxin A,Охратоксин A,Ph. Eur. 2.8.22 (HPLC-FLD),≤ 20 µg/kg,—,—,,,,not tested — no certificate covers it,,ND (197-20-М/26)
617,CoQ-PP-2026-0005,initial release,30.01.2026,P060062,PM092501,Permanent Marker,I,iCoA-PP-2026-0005,11.1,Heavy Metals | Тешки метали,Lead (Pb),Олово (Pb),Ph. Eur. 2.4.27 (ICP-MS),≤ 0.5 mg/kg,0.03,83/2026,02.02.2026,IPH — Institute of Public Health,"IPH mycotoxins, metals, pesticides",covered,,
618,CoQ-PP-2026-0005,initial release,30.01.2026,P060062,PM092501,Permanent Marker,I,iCoA-PP-2026-0005,11.2,Heavy Metals | Тешки метали,Cadmium (Cd),Кадмиум (Cd),Ph. Eur. 2.4.27 (ICP-MS),≤ 0.3 mg/kg,Н.д.,83/2026,02.02.2026,IPH — Institute of Public Health,"IPH mycotoxins, metals, pesticides",covered,,
619,CoQ-PP-2026-0005,initial release,30.01.2026,P060062,PM092501,Permanent Marker,I,iCoA-PP-2026-0005,11.3,Heavy Metals | Тешки метали,Arsenic (As),Арсен (As),Ph. Eur. 2.4.27 (ICP-MS),≤ 0.2 mg/kg,Н.д.,83/2026,02.02.2026,IPH — Institute of Public Health,"IPH mycotoxins, metals, pesticides",covered,,
620,CoQ-PP-2026-0005,initial release,30.01.2026,P060062,PM092501,Permanent Marker,I,iCoA-PP-2026-0005,11.4,Heavy Metals | Тешки метали,Mercury (Hg),Жива (Hg),Ph. Eur. 2.4.27 (ICP-MS),≤ 0.1 mg/kg,Н.д.,83/2026,02.02.2026,IPH — Institute of Public Health,"IPH mycotoxins, metals, pesticides",covered,,
621,CoQ-PP-2026-0005,initial release,30.01.2026,P060062,PM092501,Permanent Marker,I,iCoA-PP-2026-0005,12,,Pesticide Residues,Остатоци од пестициди,Ph. Eur. 2.8.13 (LC-MS/MS) · CUMCS Equivalency,≤ LOQ as per Ph. Eur. 2.8.13 · ≤ LOQ as per CUMCS Equivalency,Н.д. (not detected),83/2026,02.02.2026,IPH — Institute of Public Health,"IPH mycotoxins, metals, pesticides",covered,,
622,CoQ-PP-2026-0006,initial release,02.02.2026,P060072,CJ092501,Cap Junky,II,iCoA-PP-2026-0006,1,,"Identification A, Appearance · Macroscopic","Идентиф. A, Изглед, Макроскопски",Ph. Eur. mon. 3028,Conforms to monograph | Соодветствува со монографијата,—,—,,,,to be performed — see route,Purely Plant laboratory — iCoA covering Ident A + B,
623,CoQ-PP-2026-0006,initial release,02.02.2026,P060072,CJ092501,Cap Junky,II,iCoA-PP-2026-0006,2,,Identification B · Microscopic,Идентиф. Б · Микроскопски,Ph. Eur. 2.8.23 (microscopy),Conforms to monograph | Соодветствува со монографијата,—,—,,,,to be performed — see route,Purely Plant laboratory — iCoA covering Ident A + B,
624,CoQ-PP-2026-0006,initial release,02.02.2026,P060072,CJ092501,Cap Junky,II,iCoA-PP-2026-0006,3,,Identification C · HPLC/HPTLC,Идентиф. Ц · HPLC/HPTLC,Ph. Eur. 2.2.29 (3028),Conforms to monograph | Соодветствува со монографијата,—,—,,,,to be performed — see route,"outside laboratory — Ident C (CNP Ident C only, or Farmahem with the retest)",
625,CoQ-PP-2026-0006,initial release,02.02.2026,P060072,CJ092501,Cap Junky,II,iCoA-PP-2026-0006,4,,Assay — Total Δ⁹-THC,Анализа — вкупен Δ⁹-THC,Ph. Eur. 2.2.29 (HPLC),"23.40 – 28.59 %  (grade II, class THC 26, nominal 26.00 ± 2.60)",22.30,ППК26007,21.01.2026,UKIM Faculty of Pharmacy — Center for Natural Products,UKIM CNP potency,covered,,
626,CoQ-PP-2026-0006,initial release,02.02.2026,P060072,CJ092501,Cap Junky,II,iCoA-PP-2026-0006,5,,Assay — Total CBD,Анализа — вкупен CBD,Ph. Eur. 2.2.29 (HPLC) · CBD + CBDA x 0.877,"≤ 1.0%, w/w",0.10,ППК26007,21.01.2026,UKIM Faculty of Pharmacy — Center for Natural Products,UKIM CNP potency,covered,,
627,CoQ-PP-2026-0006,initial release,02.02.2026,P060072,CJ092501,Cap Junky,II,iCoA-PP-2026-0006,6,,Total CBN,Вкупен CBN,Ph. Eur. 2.2.29 (HPLC) · CBN + CBNA x 0.876,"≤ 1.0%, w/w",—,—,,,,not tested — no certificate covers it,,
628,CoQ-PP-2026-0006,initial release,02.02.2026,P060072,CJ092501,Cap Junky,II,iCoA-PP-2026-0006,7,,Foreign Matter,Страни материи,Ph. Eur. 2.8.2 · In-house · интерна,"≤ 2.0% / 25–50 g · < 1 cm leaves | листови, no seeds | без семки",—,—,,,,to be performed — see route,Purely Plant laboratory — iCoA covering Foreign matter,
629,CoQ-PP-2026-0006,initial release,02.02.2026,P060072,CJ092501,Cap Junky,II,iCoA-PP-2026-0006,8,,Loss on Drying,Губиток при сушење,"Ph. Eur. 2.2.32 (3028) · at 40 °C, 24 h, 15–25 mbar",≤ 12.0%,7.64,ППК26007,21.01.2026,UKIM Faculty of Pharmacy — Center for Natural Products,UKIM CNP potency,covered,,
630,CoQ-PP-2026-0006,initial release,02.02.2026,P060072,CJ092501,Cap Junky,II,iCoA-PP-2026-0006,9.1,Microbiological Purity | Микробиолошка Чистота,TAMC,Вкупен аеробен микробен број,Ph. Eur. 2.6.12 cat. C,≤ 10⁵ CFU/g,< 10,10/0013/26,20.01.2026,IPH — Institute of Public Health,IPH microbiology,covered,,
631,CoQ-PP-2026-0006,initial release,02.02.2026,P060072,CJ092501,Cap Junky,II,iCoA-PP-2026-0006,9.2,Microbiological Purity | Микробиолошка Чистота,TYMC,Вкупен број квасци/мувли,Ph. Eur. 2.6.12 cat. C,≤ 10⁴ CFU/g,< 10,10/0013/26,20.01.2026,IPH — Institute of Public Health,IPH microbiology,covered,,
632,CoQ-PP-2026-0006,initial release,02.02.2026,P060072,CJ092501,Cap Junky,II,iCoA-PP-2026-0006,9.3,Microbiological Purity | Микробиолошка Чистота,Bile-tolerant gram-neg.,Жолчно-толерантни грам-нег.,Ph. Eur. 2.6.31 cat. C,≤ 10⁴ CFU/g,< 10,10/0013/26,20.01.2026,IPH — Institute of Public Health,IPH microbiology,covered,,
633,CoQ-PP-2026-0006,initial release,02.02.2026,P060072,CJ092501,Cap Junky,II,iCoA-PP-2026-0006,9.4,Microbiological Purity | Микробиолошка Чистота,Salmonella,Салмонела,Ph. Eur. 2.6.31 cat. C,Absence | Отсуство / 25 g,Odgovara (Absent),10/0013/26,20.01.2026,IPH — Institute of Public Health,IPH microbiology,covered,,
634,CoQ-PP-2026-0006,initial release,02.02.2026,P060072,CJ092501,Cap Junky,II,iCoA-PP-2026-0006,9.5,Microbiological Purity | Микробиолошка Чистота,Escherichia coli,Ешерихија коли,Ph. Eur. 2.6.13 cat. C,Absence | Отсуство / 1 g,Odgovara (Absent),10/0013/26,20.01.2026,IPH — Institute of Public Health,IPH microbiology,covered,,
635,CoQ-PP-2026-0006,initial release,02.02.2026,P060072,CJ092501,Cap Junky,II,iCoA-PP-2026-0006,9.6,Microbiological Purity | Микробиолошка Чистота,Pseudomonas aeruginosa,,Ph. Eur. 2.6.13 cat. C,Absence | Отсуство / 1 g,—,—,,,,upon request — not required for release,,
636,CoQ-PP-2026-0006,initial release,02.02.2026,P060072,CJ092501,Cap Junky,II,iCoA-PP-2026-0006,9.7,Microbiological Purity | Микробиолошка Чистота,Staphylococcus aureus,,Ph. Eur. 2.6.13 cat. C,Absence | Отсуство / 1 g,—,—,,,,upon request — not required for release,,
637,CoQ-PP-2026-0006,initial release,02.02.2026,P060072,CJ092501,Cap Junky,II,iCoA-PP-2026-0006,10.1,Mycotoxins | Микотоксини,Aflatoxin B₁,Афлатоксин B₁,Ph. Eur. 2.8.18 (HPLC-FLD),≤ 2 µg/kg,—,—,,,,not tested — no certificate covers it,,
638,CoQ-PP-2026-0006,initial release,02.02.2026,P060072,CJ092501,Cap Junky,II,iCoA-PP-2026-0006,10.2,Mycotoxins | Микотоксини,Aflatoxins ∑,Афлатоксини ∑ (B₁+B₂+G₁+G₂),Ph. Eur. 2.8.18 (HPLC-FLD),≤ 4 µg/kg,< 2,86/2026,02.02.2026,IPH — Institute of Public Health,"IPH mycotoxins, metals, pesticides",covered,,
639,CoQ-PP-2026-0006,initial release,02.02.2026,P060072,CJ092501,Cap Junky,II,iCoA-PP-2026-0006,10.3,Mycotoxins | Микотоксини,Ochratoxin A,Охратоксин A,Ph. Eur. 2.8.22 (HPLC-FLD),≤ 20 µg/kg,—,—,,,,not tested — no certificate covers it,,
640,CoQ-PP-2026-0006,initial release,02.02.2026,P060072,CJ092501,Cap Junky,II,iCoA-PP-2026-0006,11.1,Heavy Metals | Тешки метали,Lead (Pb),Олово (Pb),Ph. Eur. 2.4.27 (ICP-MS),≤ 0.5 mg/kg,0.04,86/2026,02.02.2026,IPH — Institute of Public Health,"IPH mycotoxins, metals, pesticides",covered,,
641,CoQ-PP-2026-0006,initial release,02.02.2026,P060072,CJ092501,Cap Junky,II,iCoA-PP-2026-0006,11.2,Heavy Metals | Тешки метали,Cadmium (Cd),Кадмиум (Cd),Ph. Eur. 2.4.27 (ICP-MS),≤ 0.3 mg/kg,Н.д.,86/2026,02.02.2026,IPH — Institute of Public Health,"IPH mycotoxins, metals, pesticides",covered,,
642,CoQ-PP-2026-0006,initial release,02.02.2026,P060072,CJ092501,Cap Junky,II,iCoA-PP-2026-0006,11.3,Heavy Metals | Тешки метали,Arsenic (As),Арсен (As),Ph. Eur. 2.4.27 (ICP-MS),≤ 0.2 mg/kg,Н.д.,86/2026,02.02.2026,IPH — Institute of Public Health,"IPH mycotoxins, metals, pesticides",covered,,
643,CoQ-PP-2026-0006,initial release,02.02.2026,P060072,CJ092501,Cap Junky,II,iCoA-PP-2026-0006,11.4,Heavy Metals | Тешки метали,Mercury (Hg),Жива (Hg),Ph. Eur. 2.4.27 (ICP-MS),≤ 0.1 mg/kg,0.004,86/2026,02.02.2026,IPH — Institute of Public Health,"IPH mycotoxins, metals, pesticides",covered,,
644,CoQ-PP-2026-0006,initial release,02.02.2026,P060072,CJ092501,Cap Junky,II,iCoA-PP-2026-0006,12,,Pesticide Residues,Остатоци од пестициди,Ph. Eur. 2.8.13 (LC-MS/MS) · CUMCS Equivalency,≤ LOQ as per Ph. Eur. 2.8.13 · ≤ LOQ as per CUMCS Equivalency,Н.д. (not detected),86/2026,02.02.2026,IPH — Institute of Public Health,"IPH mycotoxins, metals, pesticides",covered,,
645,CoQ-PP-2026-0007,initial release,02.02.2026,P060082,SJ092501,Sleepy Joe,I,iCoA-PP-2026-0007,1,,"Identification A, Appearance · Macroscopic","Идентиф. A, Изглед, Макроскопски",Ph. Eur. mon. 3028,Conforms to monograph | Соодветствува со монографијата,—,—,,,,to be performed — see route,Purely Plant laboratory — iCoA covering Ident A + B,
646,CoQ-PP-2026-0007,initial release,02.02.2026,P060082,SJ092501,Sleepy Joe,I,iCoA-PP-2026-0007,2,,Identification B · Microscopic,Идентиф. Б · Микроскопски,Ph. Eur. 2.8.23 (microscopy),Conforms to monograph | Соодветствува со монографијата,—,—,,,,to be performed — see route,Purely Plant laboratory — iCoA covering Ident A + B,
647,CoQ-PP-2026-0007,initial release,02.02.2026,P060082,SJ092501,Sleepy Joe,I,iCoA-PP-2026-0007,3,,Identification C · HPLC/HPTLC,Идентиф. Ц · HPLC/HPTLC,Ph. Eur. 2.2.29 (3028),Conforms to monograph | Соодветствува со монографијата,—,—,,,,to be performed — see route,"outside laboratory — Ident C (CNP Ident C only, or Farmahem with the retest)",
648,CoQ-PP-2026-0007,initial release,02.02.2026,P060082,SJ092501,Sleepy Joe,I,iCoA-PP-2026-0007,4,,Assay — Total Δ⁹-THC,Анализа — вкупен Δ⁹-THC,Ph. Eur. 2.2.29 (HPLC),"9.00 – 10.99 %  (grade I, class THC 10, nominal 10.00 ± 1.00)",10.96,ППК26006,21.01.2026,UKIM Faculty of Pharmacy — Center for Natural Products,UKIM CNP potency,covered,,
649,CoQ-PP-2026-0007,initial release,02.02.2026,P060082,SJ092501,Sleepy Joe,I,iCoA-PP-2026-0007,5,,Assay — Total CBD,Анализа — вкупен CBD,Ph. Eur. 2.2.29 (HPLC) · CBD + CBDA x 0.877,"≤ 1.0%, w/w",0.07,ППК26006,21.01.2026,UKIM Faculty of Pharmacy — Center for Natural Products,UKIM CNP potency,covered,,
650,CoQ-PP-2026-0007,initial release,02.02.2026,P060082,SJ092501,Sleepy Joe,I,iCoA-PP-2026-0007,6,,Total CBN,Вкупен CBN,Ph. Eur. 2.2.29 (HPLC) · CBN + CBNA x 0.876,"≤ 1.0%, w/w",—,—,,,,not tested — no certificate covers it,,
651,CoQ-PP-2026-0007,initial release,02.02.2026,P060082,SJ092501,Sleepy Joe,I,iCoA-PP-2026-0007,7,,Foreign Matter,Страни материи,Ph. Eur. 2.8.2 · In-house · интерна,"≤ 2.0% / 25–50 g · < 1 cm leaves | листови, no seeds | без семки",—,—,,,,to be performed — see route,Purely Plant laboratory — iCoA covering Foreign matter,
652,CoQ-PP-2026-0007,initial release,02.02.2026,P060082,SJ092501,Sleepy Joe,I,iCoA-PP-2026-0007,8,,Loss on Drying,Губиток при сушење,"Ph. Eur. 2.2.32 (3028) · at 40 °C, 24 h, 15–25 mbar",≤ 12.0%,8.68,ППК26006,21.01.2026,UKIM Faculty of Pharmacy — Center for Natural Products,UKIM CNP potency,covered,,
653,CoQ-PP-2026-0007,initial release,02.02.2026,P060082,SJ092501,Sleepy Joe,I,iCoA-PP-2026-0007,9.1,Microbiological Purity | Микробиолошка Чистота,TAMC,Вкупен аеробен микробен број,Ph. Eur. 2.6.12 cat. C,≤ 10⁵ CFU/g,< 10,9/0012/26,20.01.2026,IPH — Institute of Public Health,IPH microbiology,covered,,
654,CoQ-PP-2026-0007,initial release,02.02.2026,P060082,SJ092501,Sleepy Joe,I,iCoA-PP-2026-0007,9.2,Microbiological Purity | Микробиолошка Чистота,TYMC,Вкупен број квасци/мувли,Ph. Eur. 2.6.12 cat. C,≤ 10⁴ CFU/g,< 10,9/0012/26,20.01.2026,IPH — Institute of Public Health,IPH microbiology,covered,,
655,CoQ-PP-2026-0007,initial release,02.02.2026,P060082,SJ092501,Sleepy Joe,I,iCoA-PP-2026-0007,9.3,Microbiological Purity | Микробиолошка Чистота,Bile-tolerant gram-neg.,Жолчно-толерантни грам-нег.,Ph. Eur. 2.6.31 cat. C,≤ 10⁴ CFU/g,< 10,9/0012/26,20.01.2026,IPH — Institute of Public Health,IPH microbiology,covered,,
656,CoQ-PP-2026-0007,initial release,02.02.2026,P060082,SJ092501,Sleepy Joe,I,iCoA-PP-2026-0007,9.4,Microbiological Purity | Микробиолошка Чистота,Salmonella,Салмонела,Ph. Eur. 2.6.31 cat. C,Absence | Отсуство / 25 g,Odgovara (Absent),9/0012/26,20.01.2026,IPH — Institute of Public Health,IPH microbiology,covered,,
657,CoQ-PP-2026-0007,initial release,02.02.2026,P060082,SJ092501,Sleepy Joe,I,iCoA-PP-2026-0007,9.5,Microbiological Purity | Микробиолошка Чистота,Escherichia coli,Ешерихија коли,Ph. Eur. 2.6.13 cat. C,Absence | Отсуство / 1 g,Odgovara (Absent),9/0012/26,20.01.2026,IPH — Institute of Public Health,IPH microbiology,covered,,
658,CoQ-PP-2026-0007,initial release,02.02.2026,P060082,SJ092501,Sleepy Joe,I,iCoA-PP-2026-0007,9.6,Microbiological Purity | Микробиолошка Чистота,Pseudomonas aeruginosa,,Ph. Eur. 2.6.13 cat. C,Absence | Отсуство / 1 g,—,—,,,,upon request — not required for release,,
659,CoQ-PP-2026-0007,initial release,02.02.2026,P060082,SJ092501,Sleepy Joe,I,iCoA-PP-2026-0007,9.7,Microbiological Purity | Микробиолошка Чистота,Staphylococcus aureus,,Ph. Eur. 2.6.13 cat. C,Absence | Отсуство / 1 g,—,—,,,,upon request — not required for release,,
660,CoQ-PP-2026-0007,initial release,02.02.2026,P060082,SJ092501,Sleepy Joe,I,iCoA-PP-2026-0007,10.1,Mycotoxins | Микотоксини,Aflatoxin B₁,Афлатоксин B₁,Ph. Eur. 2.8.18 (HPLC-FLD),≤ 2 µg/kg,—,—,,,,not tested — no certificate covers it,,
661,CoQ-PP-2026-0007,initial release,02.02.2026,P060082,SJ092501,Sleepy Joe,I,iCoA-PP-2026-0007,10.2,Mycotoxins | Микотоксини,Aflatoxins ∑,Афлатоксини ∑ (B₁+B₂+G₁+G₂),Ph. Eur. 2.8.18 (HPLC-FLD),≤ 4 µg/kg,2,85/2026,02.02.2026,IPH — Institute of Public Health,"IPH mycotoxins, metals, pesticides",covered,,
662,CoQ-PP-2026-0007,initial release,02.02.2026,P060082,SJ092501,Sleepy Joe,I,iCoA-PP-2026-0007,10.3,Mycotoxins | Микотоксини,Ochratoxin A,Охратоксин A,Ph. Eur. 2.8.22 (HPLC-FLD),≤ 20 µg/kg,—,—,,,,not tested — no certificate covers it,,
663,CoQ-PP-2026-0007,initial release,02.02.2026,P060082,SJ092501,Sleepy Joe,I,iCoA-PP-2026-0007,11.1,Heavy Metals | Тешки метали,Lead (Pb),Олово (Pb),Ph. Eur. 2.4.27 (ICP-MS),≤ 0.5 mg/kg,0.08,85/2026,02.02.2026,IPH — Institute of Public Health,"IPH mycotoxins, metals, pesticides",covered,,
664,CoQ-PP-2026-0007,initial release,02.02.2026,P060082,SJ092501,Sleepy Joe,I,iCoA-PP-2026-0007,11.2,Heavy Metals | Тешки метали,Cadmium (Cd),Кадмиум (Cd),Ph. Eur. 2.4.27 (ICP-MS),≤ 0.3 mg/kg,Н.д.,85/2026,02.02.2026,IPH — Institute of Public Health,"IPH mycotoxins, metals, pesticides",covered,,
665,CoQ-PP-2026-0007,initial release,02.02.2026,P060082,SJ092501,Sleepy Joe,I,iCoA-PP-2026-0007,11.3,Heavy Metals | Тешки метали,Arsenic (As),Арсен (As),Ph. Eur. 2.4.27 (ICP-MS),≤ 0.2 mg/kg,Н.д.,85/2026,02.02.2026,IPH — Institute of Public Health,"IPH mycotoxins, metals, pesticides",covered,,
666,CoQ-PP-2026-0007,initial release,02.02.2026,P060082,SJ092501,Sleepy Joe,I,iCoA-PP-2026-0007,11.4,Heavy Metals | Тешки метали,Mercury (Hg),Жива (Hg),Ph. Eur. 2.4.27 (ICP-MS),≤ 0.1 mg/kg,0.003,85/2026,02.02.2026,IPH — Institute of Public Health,"IPH mycotoxins, metals, pesticides",covered,,
667,CoQ-PP-2026-0007,initial release,02.02.2026,P060082,SJ092501,Sleepy Joe,I,iCoA-PP-2026-0007,12,,Pesticide Residues,Остатоци од пестициди,Ph. Eur. 2.8.13 (LC-MS/MS) · CUMCS Equivalency,≤ LOQ as per Ph. Eur. 2.8.13 · ≤ LOQ as per CUMCS Equivalency,Н.д. (not detected),85/2026,02.02.2026,IPH — Institute of Public Health,"IPH mycotoxins, metals, pesticides",covered,,
668,CoQ-PP-2026-0008,initial release,03.02.2026,P060092,GP092501,Grape Pie,II,iCoA-PP-2026-0008,1,,"Identification A, Appearance · Macroscopic","Идентиф. A, Изглед, Макроскопски",Ph. Eur. mon. 3028,Conforms to monograph | Соодветствува со монографијата,—,—,,,,to be performed — see route,Purely Plant laboratory — iCoA covering Ident A + B,
669,CoQ-PP-2026-0008,initial release,03.02.2026,P060092,GP092501,Grape Pie,II,iCoA-PP-2026-0008,2,,Identification B · Microscopic,Идентиф. Б · Микроскопски,Ph. Eur. 2.8.23 (microscopy),Conforms to monograph | Соодветствува со монографијата,—,—,,,,to be performed — see route,Purely Plant laboratory — iCoA covering Ident A + B,
670,CoQ-PP-2026-0008,initial release,03.02.2026,P060092,GP092501,Grape Pie,II,iCoA-PP-2026-0008,3,,Identification C · HPLC/HPTLC,Идентиф. Ц · HPLC/HPTLC,Ph. Eur. 2.2.29 (3028),Conforms to monograph | Соодветствува со монографијата,—,—,,,,to be performed — see route,"outside laboratory — Ident C (CNP Ident C only, or Farmahem with the retest)",
671,CoQ-PP-2026-0008,initial release,03.02.2026,P060092,GP092501,Grape Pie,II,iCoA-PP-2026-0008,4,,Assay — Total Δ⁹-THC,Анализа — вкупен Δ⁹-THC,Ph. Eur. 2.2.29 (HPLC),"23.40 – 28.59 %  (grade II, class THC 26, nominal 26.00 ± 2.60)",25.73,ППК26009,21.01.2026,UKIM Faculty of Pharmacy — Center for Natural Products,UKIM CNP potency,covered,,
672,CoQ-PP-2026-0008,initial release,03.02.2026,P060092,GP092501,Grape Pie,II,iCoA-PP-2026-0008,5,,Assay — Total CBD,Анализа — вкупен CBD,Ph. Eur. 2.2.29 (HPLC) · CBD + CBDA x 0.877,"≤ 1.0%, w/w",0.11,ППК26009,21.01.2026,UKIM Faculty of Pharmacy — Center for Natural Products,UKIM CNP potency,covered,,
673,CoQ-PP-2026-0008,initial release,03.02.2026,P060092,GP092501,Grape Pie,II,iCoA-PP-2026-0008,6,,Total CBN,Вкупен CBN,Ph. Eur. 2.2.29 (HPLC) · CBN + CBNA x 0.876,"≤ 1.0%, w/w",—,—,,,,not tested — no certificate covers it,,
674,CoQ-PP-2026-0008,initial release,03.02.2026,P060092,GP092501,Grape Pie,II,iCoA-PP-2026-0008,7,,Foreign Matter,Страни материи,Ph. Eur. 2.8.2 · In-house · интерна,"≤ 2.0% / 25–50 g · < 1 cm leaves | листови, no seeds | без семки",—,—,,,,to be performed — see route,Purely Plant laboratory — iCoA covering Foreign matter,
675,CoQ-PP-2026-0008,initial release,03.02.2026,P060092,GP092501,Grape Pie,II,iCoA-PP-2026-0008,8,,Loss on Drying,Губиток при сушење,"Ph. Eur. 2.2.32 (3028) · at 40 °C, 24 h, 15–25 mbar",≤ 12.0%,6.91,ППК26009,21.01.2026,UKIM Faculty of Pharmacy — Center for Natural Products,UKIM CNP potency,covered,,
676,CoQ-PP-2026-0008,initial release,03.02.2026,P060092,GP092501,Grape Pie,II,iCoA-PP-2026-0008,9.1,Microbiological Purity | Микробиолошка Чистота,TAMC,Вкупен аеробен микробен број,Ph. Eur. 2.6.12 cat. C,≤ 10⁵ CFU/g,1 x 10^2,5/0008/26,20.01.2026,IPH — Institute of Public Health,IPH microbiology,covered,,
677,CoQ-PP-2026-0008,initial release,03.02.2026,P060092,GP092501,Grape Pie,II,iCoA-PP-2026-0008,9.2,Microbiological Purity | Микробиолошка Чистота,TYMC,Вкупен број квасци/мувли,Ph. Eur. 2.6.12 cat. C,≤ 10⁴ CFU/g,< 10,5/0008/26,20.01.2026,IPH — Institute of Public Health,IPH microbiology,covered,,
678,CoQ-PP-2026-0008,initial release,03.02.2026,P060092,GP092501,Grape Pie,II,iCoA-PP-2026-0008,9.3,Microbiological Purity | Микробиолошка Чистота,Bile-tolerant gram-neg.,Жолчно-толерантни грам-нег.,Ph. Eur. 2.6.31 cat. C,≤ 10⁴ CFU/g,< 10^2 and > 10,5/0008/26,20.01.2026,IPH — Institute of Public Health,IPH microbiology,covered,,
679,CoQ-PP-2026-0008,initial release,03.02.2026,P060092,GP092501,Grape Pie,II,iCoA-PP-2026-0008,9.4,Microbiological Purity | Микробиолошка Чистота,Salmonella,Салмонела,Ph. Eur. 2.6.31 cat. C,Absence | Отсуство / 25 g,Одговара (Complies/Absent),5/0008/26,20.01.2026,IPH — Institute of Public Health,IPH microbiology,covered,,
680,CoQ-PP-2026-0008,initial release,03.02.2026,P060092,GP092501,Grape Pie,II,iCoA-PP-2026-0008,9.5,Microbiological Purity | Микробиолошка Чистота,Escherichia coli,Ешерихија коли,Ph. Eur. 2.6.13 cat. C,Absence | Отсуство / 1 g,Одговара (Complies/Absent),5/0008/26,20.01.2026,IPH — Institute of Public Health,IPH microbiology,covered,,
681,CoQ-PP-2026-0008,initial release,03.02.2026,P060092,GP092501,Grape Pie,II,iCoA-PP-2026-0008,9.6,Microbiological Purity | Микробиолошка Чистота,Pseudomonas aeruginosa,,Ph. Eur. 2.6.13 cat. C,Absence | Отсуство / 1 g,—,—,,,,upon request — not required for release,,
682,CoQ-PP-2026-0008,initial release,03.02.2026,P060092,GP092501,Grape Pie,II,iCoA-PP-2026-0008,9.7,Microbiological Purity | Микробиолошка Чистота,Staphylococcus aureus,,Ph. Eur. 2.6.13 cat. C,Absence | Отсуство / 1 g,—,—,,,,upon request — not required for release,,
683,CoQ-PP-2026-0008,initial release,03.02.2026,P060092,GP092501,Grape Pie,II,iCoA-PP-2026-0008,10.1,Mycotoxins | Микотоксини,Aflatoxin B₁,Афлатоксин B₁,Ph. Eur. 2.8.18 (HPLC-FLD),≤ 2 µg/kg,—,—,,,,not tested — no certificate covers it,,
684,CoQ-PP-2026-0008,initial release,03.02.2026,P060092,GP092501,Grape Pie,II,iCoA-PP-2026-0008,10.2,Mycotoxins | Микотоксини,Aflatoxins ∑,Афлатоксини ∑ (B₁+B₂+G₁+G₂),Ph. Eur. 2.8.18 (HPLC-FLD),≤ 4 µg/kg,< 2,88/2026,03.02.2026,IPH — Institute of Public Health,"IPH mycotoxins, metals, pesticides",covered,,
685,CoQ-PP-2026-0008,initial release,03.02.2026,P060092,GP092501,Grape Pie,II,iCoA-PP-2026-0008,10.3,Mycotoxins | Микотоксини,Ochratoxin A,Охратоксин A,Ph. Eur. 2.8.22 (HPLC-FLD),≤ 20 µg/kg,—,—,,,,not tested — no certificate covers it,,
686,CoQ-PP-2026-0008,initial release,03.02.2026,P060092,GP092501,Grape Pie,II,iCoA-PP-2026-0008,11.1,Heavy Metals | Тешки метали,Lead (Pb),Олово (Pb),Ph. Eur. 2.4.27 (ICP-MS),≤ 0.5 mg/kg,0.022,88/2026,03.02.2026,IPH — Institute of Public Health,"IPH mycotoxins, metals, pesticides",covered,,
687,CoQ-PP-2026-0008,initial release,03.02.2026,P060092,GP092501,Grape Pie,II,iCoA-PP-2026-0008,11.2,Heavy Metals | Тешки метали,Cadmium (Cd),Кадмиум (Cd),Ph. Eur. 2.4.27 (ICP-MS),≤ 0.3 mg/kg,н.д.,88/2026,03.02.2026,IPH — Institute of Public Health,"IPH mycotoxins, metals, pesticides",covered,,
688,CoQ-PP-2026-0008,initial release,03.02.2026,P060092,GP092501,Grape Pie,II,iCoA-PP-2026-0008,11.3,Heavy Metals | Тешки метали,Arsenic (As),Арсен (As),Ph. Eur. 2.4.27 (ICP-MS),≤ 0.2 mg/kg,н.д.,88/2026,03.02.2026,IPH — Institute of Public Health,"IPH mycotoxins, metals, pesticides",covered,,
689,CoQ-PP-2026-0008,initial release,03.02.2026,P060092,GP092501,Grape Pie,II,iCoA-PP-2026-0008,11.4,Heavy Metals | Тешки метали,Mercury (Hg),Жива (Hg),Ph. Eur. 2.4.27 (ICP-MS),≤ 0.1 mg/kg,0.007,88/2026,03.02.2026,IPH — Institute of Public Health,"IPH mycotoxins, metals, pesticides",covered,,
690,CoQ-PP-2026-0008,initial release,03.02.2026,P060092,GP092501,Grape Pie,II,iCoA-PP-2026-0008,12,,Pesticide Residues,Остатоци од пестициди,Ph. Eur. 2.8.13 (LC-MS/MS) · CUMCS Equivalency,≤ LOQ as per Ph. Eur. 2.8.13 · ≤ LOQ as per CUMCS Equivalency,н.д.,88/2026,03.02.2026,IPH — Institute of Public Health,"IPH mycotoxins, metals, pesticides",covered,,
691,CoQ-PP-2026-0009,initial release,17.02.2026,P060112,PUM102501,Pure Michigen,I,iCoA-PP-2026-0009,1,,"Identification A, Appearance · Macroscopic","Идентиф. A, Изглед, Макроскопски",Ph. Eur. mon. 3028,Conforms to monograph | Соодветствува со монографијата,—,—,,,,to be performed — see route,Purely Plant laboratory — iCoA covering Ident A + B,
692,CoQ-PP-2026-0009,initial release,17.02.2026,P060112,PUM102501,Pure Michigen,I,iCoA-PP-2026-0009,2,,Identification B · Microscopic,Идентиф. Б · Микроскопски,Ph. Eur. 2.8.23 (microscopy),Conforms to monograph | Соодветствува со монографијата,—,—,,,,to be performed — see route,Purely Plant laboratory — iCoA covering Ident A + B,
693,CoQ-PP-2026-0009,initial release,17.02.2026,P060112,PUM102501,Pure Michigen,I,iCoA-PP-2026-0009,3,,Identification C · HPLC/HPTLC,Идентиф. Ц · HPLC/HPTLC,Ph. Eur. 2.2.29 (3028),Conforms to monograph | Соодветствува со монографијата,—,—,,,,to be performed — see route,"outside laboratory — Ident C (CNP Ident C only, or Farmahem with the retest)",
694,CoQ-PP-2026-0009,initial release,17.02.2026,P060112,PUM102501,Pure Michigen,I,iCoA-PP-2026-0009,4,,Assay — Total Δ⁹-THC,Анализа — вкупен Δ⁹-THC,Ph. Eur. 2.2.29 (HPLC),"12.60 – 15.39 %  (grade I, class THC 14, nominal 14.00 ± 1.40)",—,—,,,,not tested — no certificate covers it,,
695,CoQ-PP-2026-0009,initial release,17.02.2026,P060112,PUM102501,Pure Michigen,I,iCoA-PP-2026-0009,5,,Assay — Total CBD,Анализа — вкупен CBD,Ph. Eur. 2.2.29 (HPLC) · CBD + CBDA x 0.877,"≤ 1.0%, w/w",—,—,,,,not tested — no certificate covers it,,
696,CoQ-PP-2026-0009,initial release,17.02.2026,P060112,PUM102501,Pure Michigen,I,iCoA-PP-2026-0009,6,,Total CBN,Вкупен CBN,Ph. Eur. 2.2.29 (HPLC) · CBN + CBNA x 0.876,"≤ 1.0%, w/w",—,—,,,,not tested — no certificate covers it,,
697,CoQ-PP-2026-0009,initial release,17.02.2026,P060112,PUM102501,Pure Michigen,I,iCoA-PP-2026-0009,7,,Foreign Matter,Страни материи,Ph. Eur. 2.8.2 · In-house · интерна,"≤ 2.0% / 25–50 g · < 1 cm leaves | листови, no seeds | без семки",—,—,,,,to be performed — see route,Purely Plant laboratory — iCoA covering Foreign matter,
698,CoQ-PP-2026-0009,initial release,17.02.2026,P060112,PUM102501,Pure Michigen,I,iCoA-PP-2026-0009,8,,Loss on Drying,Губиток при сушење,"Ph. Eur. 2.2.32 (3028) · at 40 °C, 24 h, 15–25 mbar",≤ 12.0%,—,—,,,,not tested — no certificate covers it,,
699,CoQ-PP-2026-0009,initial release,17.02.2026,P060112,PUM102501,Pure Michigen,I,iCoA-PP-2026-0009,9.1,Microbiological Purity | Микробиолошка Чистота,TAMC,Вкупен аеробен микробен број,Ph. Eur. 2.6.12 cat. C,≤ 10⁵ CFU/g,—,—,,,,not tested — no certificate covers it,,
700,CoQ-PP-2026-0009,initial release,17.02.2026,P060112,PUM102501,Pure Michigen,I,iCoA-PP-2026-0009,9.2,Microbiological Purity | Микробиолошка Чистота,TYMC,Вкупен број квасци/мувли,Ph. Eur. 2.6.12 cat. C,≤ 10⁴ CFU/g,—,—,,,,not tested — no certificate covers it,,
701,CoQ-PP-2026-0009,initial release,17.02.2026,P060112,PUM102501,Pure Michigen,I,iCoA-PP-2026-0009,9.3,Microbiological Purity | Микробиолошка Чистота,Bile-tolerant gram-neg.,Жолчно-толерантни грам-нег.,Ph. Eur. 2.6.31 cat. C,≤ 10⁴ CFU/g,—,—,,,,not tested — no certificate covers it,,
702,CoQ-PP-2026-0009,initial release,17.02.2026,P060112,PUM102501,Pure Michigen,I,iCoA-PP-2026-0009,9.4,Microbiological Purity | Микробиолошка Чистота,Salmonella,Салмонела,Ph. Eur. 2.6.31 cat. C,Absence | Отсуство / 25 g,—,—,,,,not tested — no certificate covers it,,
703,CoQ-PP-2026-0009,initial release,17.02.2026,P060112,PUM102501,Pure Michigen,I,iCoA-PP-2026-0009,9.5,Microbiological Purity | Микробиолошка Чистота,Escherichia coli,Ешерихија коли,Ph. Eur. 2.6.13 cat. C,Absence | Отсуство / 1 g,—,—,,,,not tested — no certificate covers it,,
704,CoQ-PP-2026-0009,initial release,17.02.2026,P060112,PUM102501,Pure Michigen,I,iCoA-PP-2026-0009,9.6,Microbiological Purity | Микробиолошка Чистота,Pseudomonas aeruginosa,,Ph. Eur. 2.6.13 cat. C,Absence | Отсуство / 1 g,—,—,,,,upon request — not required for release,,
705,CoQ-PP-2026-0009,initial release,17.02.2026,P060112,PUM102501,Pure Michigen,I,iCoA-PP-2026-0009,9.7,Microbiological Purity | Микробиолошка Чистота,Staphylococcus aureus,,Ph. Eur. 2.6.13 cat. C,Absence | Отсуство / 1 g,—,—,,,,upon request — not required for release,,
706,CoQ-PP-2026-0009,initial release,17.02.2026,P060112,PUM102501,Pure Michigen,I,iCoA-PP-2026-0009,10.1,Mycotoxins | Микотоксини,Aflatoxin B₁,Афлатоксин B₁,Ph. Eur. 2.8.18 (HPLC-FLD),≤ 2 µg/kg,—,—,,,,not tested — no certificate covers it,,
707,CoQ-PP-2026-0009,initial release,17.02.2026,P060112,PUM102501,Pure Michigen,I,iCoA-PP-2026-0009,10.2,Mycotoxins | Микотоксини,Aflatoxins ∑,Афлатоксини ∑ (B₁+B₂+G₁+G₂),Ph. Eur. 2.8.18 (HPLC-FLD),≤ 4 µg/kg,—,—,,,,not tested — no certificate covers it,,
708,CoQ-PP-2026-0009,initial release,17.02.2026,P060112,PUM102501,Pure Michigen,I,iCoA-PP-2026-0009,10.3,Mycotoxins | Микотоксини,Ochratoxin A,Охратоксин A,Ph. Eur. 2.8.22 (HPLC-FLD),≤ 20 µg/kg,—,—,,,,not tested — no certificate covers it,,
709,CoQ-PP-2026-0009,initial release,17.02.2026,P060112,PUM102501,Pure Michigen,I,iCoA-PP-2026-0009,11.1,Heavy Metals | Тешки метали,Lead (Pb),Олово (Pb),Ph. Eur. 2.4.27 (ICP-MS),≤ 0.5 mg/kg,—,—,,,,not tested — no certificate covers it,,
710,CoQ-PP-2026-0009,initial release,17.02.2026,P060112,PUM102501,Pure Michigen,I,iCoA-PP-2026-0009,11.2,Heavy Metals | Тешки метали,Cadmium (Cd),Кадмиум (Cd),Ph. Eur. 2.4.27 (ICP-MS),≤ 0.3 mg/kg,—,—,,,,not tested — no certificate covers it,,
711,CoQ-PP-2026-0009,initial release,17.02.2026,P060112,PUM102501,Pure Michigen,I,iCoA-PP-2026-0009,11.3,Heavy Metals | Тешки метали,Arsenic (As),Арсен (As),Ph. Eur. 2.4.27 (ICP-MS),≤ 0.2 mg/kg,—,—,,,,not tested — no certificate covers it,,
712,CoQ-PP-2026-0009,initial release,17.02.2026,P060112,PUM102501,Pure Michigen,I,iCoA-PP-2026-0009,11.4,Heavy Metals | Тешки метали,Mercury (Hg),Жива (Hg),Ph. Eur. 2.4.27 (ICP-MS),≤ 0.1 mg/kg,—,—,,,,not tested — no certificate covers it,,
713,CoQ-PP-2026-0009,initial release,17.02.2026,P060112,PUM102501,Pure Michigen,I,iCoA-PP-2026-0009,12,,Pesticide Residues,Остатоци од пестициди,Ph. Eur. 2.8.13 (LC-MS/MS) · CUMCS Equivalency,≤ LOQ as per Ph. Eur. 2.8.13 · ≤ LOQ as per CUMCS Equivalency,—,—,,,,not tested — no certificate covers it,,
714,CoQ-PP-2026-0010,initial release,18.02.2026,P060122,ACC102501,Amnesia Core Cut,I,iCoA-PP-2026-0010,1,,"Identification A, Appearance · Macroscopic","Идентиф. A, Изглед, Макроскопски",Ph. Eur. mon. 3028,Conforms to monograph | Соодветствува со монографијата,—,—,,,,to be performed — see route,Purely Plant laboratory — iCoA covering Ident A + B,
715,CoQ-PP-2026-0010,initial release,18.02.2026,P060122,ACC102501,Amnesia Core Cut,I,iCoA-PP-2026-0010,2,,Identification B · Microscopic,Идентиф. Б · Микроскопски,Ph. Eur. 2.8.23 (microscopy),Conforms to monograph | Соодветствува со монографијата,—,—,,,,to be performed — see route,Purely Plant laboratory — iCoA covering Ident A + B,
716,CoQ-PP-2026-0010,initial release,18.02.2026,P060122,ACC102501,Amnesia Core Cut,I,iCoA-PP-2026-0010,3,,Identification C · HPLC/HPTLC,Идентиф. Ц · HPLC/HPTLC,Ph. Eur. 2.2.29 (3028),Conforms to monograph | Соодветствува со монографијата,—,—,,,,to be performed — see route,"outside laboratory — Ident C (CNP Ident C only, or Farmahem with the retest)",
717,CoQ-PP-2026-0010,initial release,18.02.2026,P060122,ACC102501,Amnesia Core Cut,I,iCoA-PP-2026-0010,4,,Assay — Total Δ⁹-THC,Анализа — вкупен Δ⁹-THC,Ph. Eur. 2.2.29 (HPLC),"10.80 – 13.19 %  (grade I, class THC 12, nominal 12.00 ± 1.20)",—,—,,,,not tested — no certificate covers it,,
718,CoQ-PP-2026-0010,initial release,18.02.2026,P060122,ACC102501,Amnesia Core Cut,I,iCoA-PP-2026-0010,5,,Assay — Total CBD,Анализа — вкупен CBD,Ph. Eur. 2.2.29 (HPLC) · CBD + CBDA x 0.877,"≤ 1.0%, w/w",—,—,,,,not tested — no certificate covers it,,
719,CoQ-PP-2026-0010,initial release,18.02.2026,P060122,ACC102501,Amnesia Core Cut,I,iCoA-PP-2026-0010,6,,Total CBN,Вкупен CBN,Ph. Eur. 2.2.29 (HPLC) · CBN + CBNA x 0.876,"≤ 1.0%, w/w",—,—,,,,not tested — no certificate covers it,,
720,CoQ-PP-2026-0010,initial release,18.02.2026,P060122,ACC102501,Amnesia Core Cut,I,iCoA-PP-2026-0010,7,,Foreign Matter,Страни материи,Ph. Eur. 2.8.2 · In-house · интерна,"≤ 2.0% / 25–50 g · < 1 cm leaves | листови, no seeds | без семки",—,—,,,,to be performed — see route,Purely Plant laboratory — iCoA covering Foreign matter,
721,CoQ-PP-2026-0010,initial release,18.02.2026,P060122,ACC102501,Amnesia Core Cut,I,iCoA-PP-2026-0010,8,,Loss on Drying,Губиток при сушење,"Ph. Eur. 2.2.32 (3028) · at 40 °C, 24 h, 15–25 mbar",≤ 12.0%,—,—,,,,not tested — no certificate covers it,,
722,CoQ-PP-2026-0010,initial release,18.02.2026,P060122,ACC102501,Amnesia Core Cut,I,iCoA-PP-2026-0010,9.1,Microbiological Purity | Микробиолошка Чистота,TAMC,Вкупен аеробен микробен број,Ph. Eur. 2.6.12 cat. C,≤ 10⁵ CFU/g,—,—,,,,not tested — no certificate covers it,,
723,CoQ-PP-2026-0010,initial release,18.02.2026,P060122,ACC102501,Amnesia Core Cut,I,iCoA-PP-2026-0010,9.2,Microbiological Purity | Микробиолошка Чистота,TYMC,Вкупен број квасци/мувли,Ph. Eur. 2.6.12 cat. C,≤ 10⁴ CFU/g,—,—,,,,not tested — no certificate covers it,,
724,CoQ-PP-2026-0010,initial release,18.02.2026,P060122,ACC102501,Amnesia Core Cut,I,iCoA-PP-2026-0010,9.3,Microbiological Purity | Микробиолошка Чистота,Bile-tolerant gram-neg.,Жолчно-толерантни грам-нег.,Ph. Eur. 2.6.31 cat. C,≤ 10⁴ CFU/g,—,—,,,,not tested — no certificate covers it,,
725,CoQ-PP-2026-0010,initial release,18.02.2026,P060122,ACC102501,Amnesia Core Cut,I,iCoA-PP-2026-0010,9.4,Microbiological Purity | Микробиолошка Чистота,Salmonella,Салмонела,Ph. Eur. 2.6.31 cat. C,Absence | Отсуство / 25 g,—,—,,,,not tested — no certificate covers it,,
726,CoQ-PP-2026-0010,initial release,18.02.2026,P060122,ACC102501,Amnesia Core Cut,I,iCoA-PP-2026-0010,9.5,Microbiological Purity | Микробиолошка Чистота,Escherichia coli,Ешерихија коли,Ph. Eur. 2.6.13 cat. C,Absence | Отсуство / 1 g,—,—,,,,not tested — no certificate covers it,,
727,CoQ-PP-2026-0010,initial release,18.02.2026,P060122,ACC102501,Amnesia Core Cut,I,iCoA-PP-2026-0010,9.6,Microbiological Purity | Микробиолошка Чистота,Pseudomonas aeruginosa,,Ph. Eur. 2.6.13 cat. C,Absence | Отсуство / 1 g,—,—,,,,upon request — not required for release,,
728,CoQ-PP-2026-0010,initial release,18.02.2026,P060122,ACC102501,Amnesia Core Cut,I,iCoA-PP-2026-0010,9.7,Microbiological Purity | Микробиолошка Чистота,Staphylococcus aureus,,Ph. Eur. 2.6.13 cat. C,Absence | Отсуство / 1 g,—,—,,,,upon request — not required for release,,
729,CoQ-PP-2026-0010,initial release,18.02.2026,P060122,ACC102501,Amnesia Core Cut,I,iCoA-PP-2026-0010,10.1,Mycotoxins | Микотоксини,Aflatoxin B₁,Афлатоксин B₁,Ph. Eur. 2.8.18 (HPLC-FLD),≤ 2 µg/kg,—,—,,,,not tested — no certificate covers it,,
730,CoQ-PP-2026-0010,initial release,18.02.2026,P060122,ACC102501,Amnesia Core Cut,I,iCoA-PP-2026-0010,10.2,Mycotoxins | Микотоксини,Aflatoxins ∑,Афлатоксини ∑ (B₁+B₂+G₁+G₂),Ph. Eur. 2.8.18 (HPLC-FLD),≤ 4 µg/kg,—,—,,,,not tested — no certificate covers it,,
731,CoQ-PP-2026-0010,initial release,18.02.2026,P060122,ACC102501,Amnesia Core Cut,I,iCoA-PP-2026-0010,10.3,Mycotoxins | Микотоксини,Ochratoxin A,Охратоксин A,Ph. Eur. 2.8.22 (HPLC-FLD),≤ 20 µg/kg,—,—,,,,not tested — no certificate covers it,,
732,CoQ-PP-2026-0010,initial release,18.02.2026,P060122,ACC102501,Amnesia Core Cut,I,iCoA-PP-2026-0010,11.1,Heavy Metals | Тешки метали,Lead (Pb),Олово (Pb),Ph. Eur. 2.4.27 (ICP-MS),≤ 0.5 mg/kg,—,—,,,,not tested — no certificate covers it,,
733,CoQ-PP-2026-0010,initial release,18.02.2026,P060122,ACC102501,Amnesia Core Cut,I,iCoA-PP-2026-0010,11.2,Heavy Metals | Тешки метали,Cadmium (Cd),Кадмиум (Cd),Ph. Eur. 2.4.27 (ICP-MS),≤ 0.3 mg/kg,—,—,,,,not tested — no certificate covers it,,
734,CoQ-PP-2026-0010,initial release,18.02.2026,P060122,ACC102501,Amnesia Core Cut,I,iCoA-PP-2026-0010,11.3,Heavy Metals | Тешки метали,Arsenic (As),Арсен (As),Ph. Eur. 2.4.27 (ICP-MS),≤ 0.2 mg/kg,—,—,,,,not tested — no certificate covers it,,
735,CoQ-PP-2026-0010,initial release,18.02.2026,P060122,ACC102501,Amnesia Core Cut,I,iCoA-PP-2026-0010,11.4,Heavy Metals | Тешки метали,Mercury (Hg),Жива (Hg),Ph. Eur. 2.4.27 (ICP-MS),≤ 0.1 mg/kg,—,—,,,,not tested — no certificate covers it,,
736,CoQ-PP-2026-0010,initial release,18.02.2026,P060122,ACC102501,Amnesia Core Cut,I,iCoA-PP-2026-0010,12,,Pesticide Residues,Остатоци од пестициди,Ph. Eur. 2.8.13 (LC-MS/MS) · CUMCS Equivalency,≤ LOQ as per Ph. Eur. 2.8.13 · ≤ LOQ as per CUMCS Equivalency,—,—,,,,not tested — no certificate covers it,,
737,CoQ-PP-2026-0011,initial release,19.02.2026,P060132,CF102501,Chem Flyer,I,iCoA-PP-2026-0011,1,,"Identification A, Appearance · Macroscopic","Идентиф. A, Изглед, Макроскопски",Ph. Eur. mon. 3028,Conforms to monograph | Соодветствува со монографијата,—,—,,,,to be performed — see route,Purely Plant laboratory — iCoA covering Ident A + B,
738,CoQ-PP-2026-0011,initial release,19.02.2026,P060132,CF102501,Chem Flyer,I,iCoA-PP-2026-0011,2,,Identification B · Microscopic,Идентиф. Б · Микроскопски,Ph. Eur. 2.8.23 (microscopy),Conforms to monograph | Соодветствува со монографијата,—,—,,,,to be performed — see route,Purely Plant laboratory — iCoA covering Ident A + B,
739,CoQ-PP-2026-0011,initial release,19.02.2026,P060132,CF102501,Chem Flyer,I,iCoA-PP-2026-0011,3,,Identification C · HPLC/HPTLC,Идентиф. Ц · HPLC/HPTLC,Ph. Eur. 2.2.29 (3028),Conforms to monograph | Соодветствува со монографијата,—,—,,,,to be performed — see route,"outside laboratory — Ident C (CNP Ident C only, or Farmahem with the retest)",
740,CoQ-PP-2026-0011,initial release,19.02.2026,P060132,CF102501,Chem Flyer,I,iCoA-PP-2026-0011,4,,Assay — Total Δ⁹-THC,Анализа — вкупен Δ⁹-THC,Ph. Eur. 2.2.29 (HPLC),"9.00 – 10.99 %  (grade I, class THC 10, nominal 10.00 ± 1.00)",—,—,,,,not tested — no certificate covers it,,
741,CoQ-PP-2026-0011,initial release,19.02.2026,P060132,CF102501,Chem Flyer,I,iCoA-PP-2026-0011,5,,Assay — Total CBD,Анализа — вкупен CBD,Ph. Eur. 2.2.29 (HPLC) · CBD + CBDA x 0.877,"≤ 1.0%, w/w",—,—,,,,not tested — no certificate covers it,,
742,CoQ-PP-2026-0011,initial release,19.02.2026,P060132,CF102501,Chem Flyer,I,iCoA-PP-2026-0011,6,,Total CBN,Вкупен CBN,Ph. Eur. 2.2.29 (HPLC) · CBN + CBNA x 0.876,"≤ 1.0%, w/w",—,—,,,,not tested — no certificate covers it,,
743,CoQ-PP-2026-0011,initial release,19.02.2026,P060132,CF102501,Chem Flyer,I,iCoA-PP-2026-0011,7,,Foreign Matter,Страни материи,Ph. Eur. 2.8.2 · In-house · интерна,"≤ 2.0% / 25–50 g · < 1 cm leaves | листови, no seeds | без семки",—,—,,,,to be performed — see route,Purely Plant laboratory — iCoA covering Foreign matter,
744,CoQ-PP-2026-0011,initial release,19.02.2026,P060132,CF102501,Chem Flyer,I,iCoA-PP-2026-0011,8,,Loss on Drying,Губиток при сушење,"Ph. Eur. 2.2.32 (3028) · at 40 °C, 24 h, 15–25 mbar",≤ 12.0%,—,—,,,,not tested — no certificate covers it,,
745,CoQ-PP-2026-0011,initial release,19.02.2026,P060132,CF102501,Chem Flyer,I,iCoA-PP-2026-0011,9.1,Microbiological Purity | Микробиолошка Чистота,TAMC,Вкупен аеробен микробен број,Ph. Eur. 2.6.12 cat. C,≤ 10⁵ CFU/g,—,—,,,,not tested — no certificate covers it,,
746,CoQ-PP-2026-0011,initial release,19.02.2026,P060132,CF102501,Chem Flyer,I,iCoA-PP-2026-0011,9.2,Microbiological Purity | Микробиолошка Чистота,TYMC,Вкупен број квасци/мувли,Ph. Eur. 2.6.12 cat. C,≤ 10⁴ CFU/g,—,—,,,,not tested — no certificate covers it,,
747,CoQ-PP-2026-0011,initial release,19.02.2026,P060132,CF102501,Chem Flyer,I,iCoA-PP-2026-0011,9.3,Microbiological Purity | Микробиолошка Чистота,Bile-tolerant gram-neg.,Жолчно-толерантни грам-нег.,Ph. Eur. 2.6.31 cat. C,≤ 10⁴ CFU/g,—,—,,,,not tested — no certificate covers it,,
748,CoQ-PP-2026-0011,initial release,19.02.2026,P060132,CF102501,Chem Flyer,I,iCoA-PP-2026-0011,9.4,Microbiological Purity | Микробиолошка Чистота,Salmonella,Салмонела,Ph. Eur. 2.6.31 cat. C,Absence | Отсуство / 25 g,—,—,,,,not tested — no certificate covers it,,
749,CoQ-PP-2026-0011,initial release,19.02.2026,P060132,CF102501,Chem Flyer,I,iCoA-PP-2026-0011,9.5,Microbiological Purity | Микробиолошка Чистота,Escherichia coli,Ешерихија коли,Ph. Eur. 2.6.13 cat. C,Absence | Отсуство / 1 g,—,—,,,,not tested — no certificate covers it,,
750,CoQ-PP-2026-0011,initial release,19.02.2026,P060132,CF102501,Chem Flyer,I,iCoA-PP-2026-0011,9.6,Microbiological Purity | Микробиолошка Чистота,Pseudomonas aeruginosa,,Ph. Eur. 2.6.13 cat. C,Absence | Отсуство / 1 g,—,—,,,,upon request — not required for release,,
751,CoQ-PP-2026-0011,initial release,19.02.2026,P060132,CF102501,Chem Flyer,I,iCoA-PP-2026-0011,9.7,Microbiological Purity | Микробиолошка Чистота,Staphylococcus aureus,,Ph. Eur. 2.6.13 cat. C,Absence | Отсуство / 1 g,—,—,,,,upon request — not required for release,,
752,CoQ-PP-2026-0011,initial release,19.02.2026,P060132,CF102501,Chem Flyer,I,iCoA-PP-2026-0011,10.1,Mycotoxins | Микотоксини,Aflatoxin B₁,Афлатоксин B₁,Ph. Eur. 2.8.18 (HPLC-FLD),≤ 2 µg/kg,—,—,,,,not tested — no certificate covers it,,
753,CoQ-PP-2026-0011,initial release,19.02.2026,P060132,CF102501,Chem Flyer,I,iCoA-PP-2026-0011,10.2,Mycotoxins | Микотоксини,Aflatoxins ∑,Афлатоксини ∑ (B₁+B₂+G₁+G₂),Ph. Eur. 2.8.18 (HPLC-FLD),≤ 4 µg/kg,—,—,,,,not tested — no certificate covers it,,
754,CoQ-PP-2026-0011,initial release,19.02.2026,P060132,CF102501,Chem Flyer,I,iCoA-PP-2026-0011,10.3,Mycotoxins | Микотоксини,Ochratoxin A,Охратоксин A,Ph. Eur. 2.8.22 (HPLC-FLD),≤ 20 µg/kg,—,—,,,,not tested — no certificate covers it,,
755,CoQ-PP-2026-0011,initial release,19.02.2026,P060132,CF102501,Chem Flyer,I,iCoA-PP-2026-0011,11.1,Heavy Metals | Тешки метали,Lead (Pb),Олово (Pb),Ph. Eur. 2.4.27 (ICP-MS),≤ 0.5 mg/kg,—,—,,,,not tested — no certificate covers it,,
756,CoQ-PP-2026-0011,initial release,19.02.2026,P060132,CF102501,Chem Flyer,I,iCoA-PP-2026-0011,11.2,Heavy Metals | Тешки метали,Cadmium (Cd),Кадмиум (Cd),Ph. Eur. 2.4.27 (ICP-MS),≤ 0.3 mg/kg,—,—,,,,not tested — no certificate covers it,,
757,CoQ-PP-2026-0011,initial release,19.02.2026,P060132,CF102501,Chem Flyer,I,iCoA-PP-2026-0011,11.3,Heavy Metals | Тешки метали,Arsenic (As),Арсен (As),Ph. Eur. 2.4.27 (ICP-MS),≤ 0.2 mg/kg,—,—,,,,not tested — no certificate covers it,,
758,CoQ-PP-2026-0011,initial release,19.02.2026,P060132,CF102501,Chem Flyer,I,iCoA-PP-2026-0011,11.4,Heavy Metals | Тешки метали,Mercury (Hg),Жива (Hg),Ph. Eur. 2.4.27 (ICP-MS),≤ 0.1 mg/kg,—,—,,,,not tested — no certificate covers it,,
759,CoQ-PP-2026-0011,initial release,19.02.2026,P060132,CF102501,Chem Flyer,I,iCoA-PP-2026-0011,12,,Pesticide Residues,Остатоци од пестициди,Ph. Eur. 2.8.13 (LC-MS/MS) · CUMCS Equivalency,≤ LOQ as per Ph. Eur. 2.8.13 · ≤ LOQ as per CUMCS Equivalency,—,—,,,,not tested — no certificate covers it,,
760,CoQ-PP-2026-0012,initial release,05.03.2026,P060152,J31102501,Jokerz 31,I,iCoA-PP-2026-0012,1,,"Identification A, Appearance · Macroscopic","Идентиф. A, Изглед, Макроскопски",Ph. Eur. mon. 3028,Conforms to monograph | Соодветствува со монографијата,—,—,,,,to be performed — see route,Purely Plant laboratory — iCoA covering Ident A + B,
761,CoQ-PP-2026-0012,initial release,05.03.2026,P060152,J31102501,Jokerz 31,I,iCoA-PP-2026-0012,2,,Identification B · Microscopic,Идентиф. Б · Микроскопски,Ph. Eur. 2.8.23 (microscopy),Conforms to monograph | Соодветствува со монографијата,—,—,,,,to be performed — see route,Purely Plant laboratory — iCoA covering Ident A + B,
762,CoQ-PP-2026-0012,initial release,05.03.2026,P060152,J31102501,Jokerz 31,I,iCoA-PP-2026-0012,3,,Identification C · HPLC/HPTLC,Идентиф. Ц · HPLC/HPTLC,Ph. Eur. 2.2.29 (3028),Conforms to monograph | Соодветствува со монографијата,—,—,,,,to be performed — see route,"outside laboratory — Ident C (CNP Ident C only, or Farmahem with the retest)",
763,CoQ-PP-2026-0012,initial release,05.03.2026,P060152,J31102501,Jokerz 31,I,iCoA-PP-2026-0012,4,,Assay — Total Δ⁹-THC,Анализа — вкупен Δ⁹-THC,Ph. Eur. 2.2.29 (HPLC),"16.20 – 19.79 %  (grade I, class THC 18, nominal 18.00 ± 1.80)",19.14,051-1-K/26,04.03.2026,Farmahem,Farmahem — cannabinoids,covered,,
764,CoQ-PP-2026-0012,initial release,05.03.2026,P060152,J31102501,Jokerz 31,I,iCoA-PP-2026-0012,5,,Assay — Total CBD,Анализа — вкупен CBD,Ph. Eur. 2.2.29 (HPLC) · CBD + CBDA x 0.877,"≤ 1.0%, w/w",< LOQ (<0.20),051-1-K/26,04.03.2026,Farmahem,Farmahem — cannabinoids,covered,,
765,CoQ-PP-2026-0012,initial release,05.03.2026,P060152,J31102501,Jokerz 31,I,iCoA-PP-2026-0012,6,,Total CBN,Вкупен CBN,Ph. Eur. 2.2.29 (HPLC) · CBN + CBNA x 0.876,"≤ 1.0%, w/w",< LOQ,051-1-K/26,04.03.2026,Farmahem,Farmahem — cannabinoids,covered,,
766,CoQ-PP-2026-0012,initial release,05.03.2026,P060152,J31102501,Jokerz 31,I,iCoA-PP-2026-0012,7,,Foreign Matter,Страни материи,Ph. Eur. 2.8.2 · In-house · интерна,"≤ 2.0% / 25–50 g · < 1 cm leaves | листови, no seeds | без семки",—,—,,,,to be performed — see route,Purely Plant laboratory — iCoA covering Foreign matter,
767,CoQ-PP-2026-0012,initial release,05.03.2026,P060152,J31102501,Jokerz 31,I,iCoA-PP-2026-0012,8,,Loss on Drying,Губиток при сушење,"Ph. Eur. 2.2.32 (3028) · at 40 °C, 24 h, 15–25 mbar",≤ 12.0%,6.3,051-1-GS/26,02.03.2026,Farmahem,Farmahem — loss on drying,covered,,
768,CoQ-PP-2026-0012,initial release,05.03.2026,P060152,J31102501,Jokerz 31,I,iCoA-PP-2026-0012,9.1,Microbiological Purity | Микробиолошка Чистота,TAMC,Вкупен аеробен микробен број,Ph. Eur. 2.6.12 cat. C,≤ 10⁵ CFU/g,—,—,,,,not tested — no certificate covers it,,
769,CoQ-PP-2026-0012,initial release,05.03.2026,P060152,J31102501,Jokerz 31,I,iCoA-PP-2026-0012,9.2,Microbiological Purity | Микробиолошка Чистота,TYMC,Вкупен број квасци/мувли,Ph. Eur. 2.6.12 cat. C,≤ 10⁴ CFU/g,—,—,,,,not tested — no certificate covers it,,
770,CoQ-PP-2026-0012,initial release,05.03.2026,P060152,J31102501,Jokerz 31,I,iCoA-PP-2026-0012,9.3,Microbiological Purity | Микробиолошка Чистота,Bile-tolerant gram-neg.,Жолчно-толерантни грам-нег.,Ph. Eur. 2.6.31 cat. C,≤ 10⁴ CFU/g,—,—,,,,not tested — no certificate covers it,,
771,CoQ-PP-2026-0012,initial release,05.03.2026,P060152,J31102501,Jokerz 31,I,iCoA-PP-2026-0012,9.4,Microbiological Purity | Микробиолошка Чистота,Salmonella,Салмонела,Ph. Eur. 2.6.31 cat. C,Absence | Отсуство / 25 g,—,—,,,,not tested — no certificate covers it,,
772,CoQ-PP-2026-0012,initial release,05.03.2026,P060152,J31102501,Jokerz 31,I,iCoA-PP-2026-0012,9.5,Microbiological Purity | Микробиолошка Чистота,Escherichia coli,Ешерихија коли,Ph. Eur. 2.6.13 cat. C,Absence | Отсуство / 1 g,—,—,,,,not tested — no certificate covers it,,
773,CoQ-PP-2026-0012,initial release,05.03.2026,P060152,J31102501,Jokerz 31,I,iCoA-PP-2026-0012,9.6,Microbiological Purity | Микробиолошка Чистота,Pseudomonas aeruginosa,,Ph. Eur. 2.6.13 cat. C,Absence | Отсуство / 1 g,—,—,,,,upon request — not required for release,,
774,CoQ-PP-2026-0012,initial release,05.03.2026,P060152,J31102501,Jokerz 31,I,iCoA-PP-2026-0012,9.7,Microbiological Purity | Микробиолошка Чистота,Staphylococcus aureus,,Ph. Eur. 2.6.13 cat. C,Absence | Отсуство / 1 g,—,—,,,,upon request — not required for release,,
775,CoQ-PP-2026-0012,initial release,05.03.2026,P060152,J31102501,Jokerz 31,I,iCoA-PP-2026-0012,10.1,Mycotoxins | Микотоксини,Aflatoxin B₁,Афлатоксин B₁,Ph. Eur. 2.8.18 (HPLC-FLD),≤ 2 µg/kg,—,—,,,,not tested — no certificate covers it,,
776,CoQ-PP-2026-0012,initial release,05.03.2026,P060152,J31102501,Jokerz 31,I,iCoA-PP-2026-0012,10.2,Mycotoxins | Микотоксини,Aflatoxins ∑,Афлатоксини ∑ (B₁+B₂+G₁+G₂),Ph. Eur. 2.8.18 (HPLC-FLD),≤ 4 µg/kg,—,—,,,,not tested — no certificate covers it,,
777,CoQ-PP-2026-0012,initial release,05.03.2026,P060152,J31102501,Jokerz 31,I,iCoA-PP-2026-0012,10.3,Mycotoxins | Микотоксини,Ochratoxin A,Охратоксин A,Ph. Eur. 2.8.22 (HPLC-FLD),≤ 20 µg/kg,—,—,,,,not tested — no certificate covers it,,
778,CoQ-PP-2026-0012,initial release,05.03.2026,P060152,J31102501,Jokerz 31,I,iCoA-PP-2026-0012,11.1,Heavy Metals | Тешки метали,Lead (Pb),Олово (Pb),Ph. Eur. 2.4.27 (ICP-MS),≤ 0.5 mg/kg,—,—,,,,not tested — no certificate covers it,,
779,CoQ-PP-2026-0012,initial release,05.03.2026,P060152,J31102501,Jokerz 31,I,iCoA-PP-2026-0012,11.2,Heavy Metals | Тешки метали,Cadmium (Cd),Кадмиум (Cd),Ph. Eur. 2.4.27 (ICP-MS),≤ 0.3 mg/kg,—,—,,,,not tested — no certificate covers it,,
780,CoQ-PP-2026-0012,initial release,05.03.2026,P060152,J31102501,Jokerz 31,I,iCoA-PP-2026-0012,11.3,Heavy Metals | Тешки метали,Arsenic (As),Арсен (As),Ph. Eur. 2.4.27 (ICP-MS),≤ 0.2 mg/kg,—,—,,,,not tested — no certificate covers it,,
781,CoQ-PP-2026-0012,initial release,05.03.2026,P060152,J31102501,Jokerz 31,I,iCoA-PP-2026-0012,11.4,Heavy Metals | Тешки метали,Mercury (Hg),Жива (Hg),Ph. Eur. 2.4.27 (ICP-MS),≤ 0.1 mg/kg,—,—,,,,not tested — no certificate covers it,,
782,CoQ-PP-2026-0012,initial release,05.03.2026,P060152,J31102501,Jokerz 31,I,iCoA-PP-2026-0012,12,,Pesticide Residues,Остатоци од пестициди,Ph. Eur. 2.8.13 (LC-MS/MS) · CUMCS Equivalency,≤ LOQ as per Ph. Eur. 2.8.13 · ≤ LOQ as per CUMCS Equivalency,—,—,,,,not tested — no certificate covers it,,
783,CoQ-PP-2026-0013,initial release,12.03.2026,P060172,KC102501,Kush Crasher,I,iCoA-PP-2026-0013,1,,"Identification A, Appearance · Macroscopic","Идентиф. A, Изглед, Макроскопски",Ph. Eur. mon. 3028,Conforms to monograph | Соодветствува со монографијата,—,—,,,,to be performed — see route,Purely Plant laboratory — iCoA covering Ident A + B,
784,CoQ-PP-2026-0013,initial release,12.03.2026,P060172,KC102501,Kush Crasher,I,iCoA-PP-2026-0013,2,,Identification B · Microscopic,Идентиф. Б · Микроскопски,Ph. Eur. 2.8.23 (microscopy),Conforms to monograph | Соодветствува со монографијата,—,—,,,,to be performed — see route,Purely Plant laboratory — iCoA covering Ident A + B,
785,CoQ-PP-2026-0013,initial release,12.03.2026,P060172,KC102501,Kush Crasher,I,iCoA-PP-2026-0013,3,,Identification C · HPLC/HPTLC,Идентиф. Ц · HPLC/HPTLC,Ph. Eur. 2.2.29 (3028),Conforms to monograph | Соодветствува со монографијата,—,—,,,,to be performed — see route,"outside laboratory — Ident C (CNP Ident C only, or Farmahem with the retest)",
786,CoQ-PP-2026-0013,initial release,12.03.2026,P060172,KC102501,Kush Crasher,I,iCoA-PP-2026-0013,4,,Assay — Total Δ⁹-THC,Анализа — вкупен Δ⁹-THC,Ph. Eur. 2.2.29 (HPLC),"14.40 – 17.59 %  (grade I, class THC 16, nominal 16.00 ± 1.60)",17.04,051-4-K/26,04.03.2026,Farmahem,Farmahem — cannabinoids,covered,,
787,CoQ-PP-2026-0013,initial release,12.03.2026,P060172,KC102501,Kush Crasher,I,iCoA-PP-2026-0013,5,,Assay — Total CBD,Анализа — вкупен CBD,Ph. Eur. 2.2.29 (HPLC) · CBD + CBDA x 0.877,"≤ 1.0%, w/w",< LOQ (<0.20),051-4-K/26,04.03.2026,Farmahem,Farmahem — cannabinoids,covered,,
788,CoQ-PP-2026-0013,initial release,12.03.2026,P060172,KC102501,Kush Crasher,I,iCoA-PP-2026-0013,6,,Total CBN,Вкупен CBN,Ph. Eur. 2.2.29 (HPLC) · CBN + CBNA x 0.876,"≤ 1.0%, w/w",< LOQ,051-4-K/26,04.03.2026,Farmahem,Farmahem — cannabinoids,covered,,
789,CoQ-PP-2026-0013,initial release,12.03.2026,P060172,KC102501,Kush Crasher,I,iCoA-PP-2026-0013,7,,Foreign Matter,Страни материи,Ph. Eur. 2.8.2 · In-house · интерна,"≤ 2.0% / 25–50 g · < 1 cm leaves | листови, no seeds | без семки",—,—,,,,to be performed — see route,Purely Plant laboratory — iCoA covering Foreign matter,
790,CoQ-PP-2026-0013,initial release,12.03.2026,P060172,KC102501,Kush Crasher,I,iCoA-PP-2026-0013,8,,Loss on Drying,Губиток при сушење,"Ph. Eur. 2.2.32 (3028) · at 40 °C, 24 h, 15–25 mbar",≤ 12.0%,8.6,051-4-GS/26,02.03.2026,Farmahem,Farmahem — loss on drying,covered,,
791,CoQ-PP-2026-0013,initial release,12.03.2026,P060172,KC102501,Kush Crasher,I,iCoA-PP-2026-0013,9.1,Microbiological Purity | Микробиолошка Чистота,TAMC,Вкупен аеробен микробен број,Ph. Eur. 2.6.12 cat. C,≤ 10⁵ CFU/g,—,—,,,,not tested — no certificate covers it,,
792,CoQ-PP-2026-0013,initial release,12.03.2026,P060172,KC102501,Kush Crasher,I,iCoA-PP-2026-0013,9.2,Microbiological Purity | Микробиолошка Чистота,TYMC,Вкупен број квасци/мувли,Ph. Eur. 2.6.12 cat. C,≤ 10⁴ CFU/g,—,—,,,,not tested — no certificate covers it,,
793,CoQ-PP-2026-0013,initial release,12.03.2026,P060172,KC102501,Kush Crasher,I,iCoA-PP-2026-0013,9.3,Microbiological Purity | Микробиолошка Чистота,Bile-tolerant gram-neg.,Жолчно-толерантни грам-нег.,Ph. Eur. 2.6.31 cat. C,≤ 10⁴ CFU/g,—,—,,,,not tested — no certificate covers it,,
794,CoQ-PP-2026-0013,initial release,12.03.2026,P060172,KC102501,Kush Crasher,I,iCoA-PP-2026-0013,9.4,Microbiological Purity | Микробиолошка Чистота,Salmonella,Салмонела,Ph. Eur. 2.6.31 cat. C,Absence | Отсуство / 25 g,—,—,,,,not tested — no certificate covers it,,
795,CoQ-PP-2026-0013,initial release,12.03.2026,P060172,KC102501,Kush Crasher,I,iCoA-PP-2026-0013,9.5,Microbiological Purity | Микробиолошка Чистота,Escherichia coli,Ешерихија коли,Ph. Eur. 2.6.13 cat. C,Absence | Отсуство / 1 g,—,—,,,,not tested — no certificate covers it,,
796,CoQ-PP-2026-0013,initial release,12.03.2026,P060172,KC102501,Kush Crasher,I,iCoA-PP-2026-0013,9.6,Microbiological Purity | Микробиолошка Чистота,Pseudomonas aeruginosa,,Ph. Eur. 2.6.13 cat. C,Absence | Отсуство / 1 g,—,—,,,,upon request — not required for release,,
797,CoQ-PP-2026-0013,initial release,12.03.2026,P060172,KC102501,Kush Crasher,I,iCoA-PP-2026-0013,9.7,Microbiological Purity | Микробиолошка Чистота,Staphylococcus aureus,,Ph. Eur. 2.6.13 cat. C,Absence | Отсуство / 1 g,—,—,,,,upon request — not required for release,,
798,CoQ-PP-2026-0013,initial release,12.03.2026,P060172,KC102501,Kush Crasher,I,iCoA-PP-2026-0013,10.1,Mycotoxins | Микотоксини,Aflatoxin B₁,Афлатоксин B₁,Ph. Eur. 2.8.18 (HPLC-FLD),≤ 2 µg/kg,—,—,,,,not tested — no certificate covers it,,
799,CoQ-PP-2026-0013,initial release,12.03.2026,P060172,KC102501,Kush Crasher,I,iCoA-PP-2026-0013,10.2,Mycotoxins | Микотоксини,Aflatoxins ∑,Афлатоксини ∑ (B₁+B₂+G₁+G₂),Ph. Eur. 2.8.18 (HPLC-FLD),≤ 4 µg/kg,—,—,,,,not tested — no certificate covers it,,
800,CoQ-PP-2026-0013,initial release,12.03.2026,P060172,KC102501,Kush Crasher,I,iCoA-PP-2026-0013,10.3,Mycotoxins | Микотоксини,Ochratoxin A,Охратоксин A,Ph. Eur. 2.8.22 (HPLC-FLD),≤ 20 µg/kg,—,—,,,,not tested — no certificate covers it,,
801,CoQ-PP-2026-0013,initial release,12.03.2026,P060172,KC102501,Kush Crasher,I,iCoA-PP-2026-0013,11.1,Heavy Metals | Тешки метали,Lead (Pb),Олово (Pb),Ph. Eur. 2.4.27 (ICP-MS),≤ 0.5 mg/kg,—,—,,,,not tested — no certificate covers it,,
802,CoQ-PP-2026-0013,initial release,12.03.2026,P060172,KC102501,Kush Crasher,I,iCoA-PP-2026-0013,11.2,Heavy Metals | Тешки метали,Cadmium (Cd),Кадмиум (Cd),Ph. Eur. 2.4.27 (ICP-MS),≤ 0.3 mg/kg,—,—,,,,not tested — no certificate covers it,,
803,CoQ-PP-2026-0013,initial release,12.03.2026,P060172,KC102501,Kush Crasher,I,iCoA-PP-2026-0013,11.3,Heavy Metals | Тешки метали,Arsenic (As),Арсен (As),Ph. Eur. 2.4.27 (ICP-MS),≤ 0.2 mg/kg,—,—,,,,not tested — no certificate covers it,,
804,CoQ-PP-2026-0013,initial release,12.03.2026,P060172,KC102501,Kush Crasher,I,iCoA-PP-2026-0013,11.4,Heavy Metals | Тешки метали,Mercury (Hg),Жива (Hg),Ph. Eur. 2.4.27 (ICP-MS),≤ 0.1 mg/kg,—,—,,,,not tested — no certificate covers it,,
805,CoQ-PP-2026-0013,initial release,12.03.2026,P060172,KC102501,Kush Crasher,I,iCoA-PP-2026-0013,12,,Pesticide Residues,Остатоци од пестициди,Ph. Eur. 2.8.13 (LC-MS/MS) · CUMCS Equivalency,≤ LOQ as per Ph. Eur. 2.8.13 · ≤ LOQ as per CUMCS Equivalency,—,—,,,,not tested — no certificate covers it,,
806,CoQ-PP-2026-0014,initial release,14.03.2026,P060182,GRC102501/2,Grapes and Cream,I,iCoA-PP-2026-0014,1,,"Identification A, Appearance · Macroscopic","Идентиф. A, Изглед, Макроскопски",Ph. Eur. mon. 3028,Conforms to monograph | Соодветствува со монографијата,—,—,,,,to be performed — see route,Purely Plant laboratory — iCoA covering Ident A + B,
807,CoQ-PP-2026-0014,initial release,14.03.2026,P060182,GRC102501/2,Grapes and Cream,I,iCoA-PP-2026-0014,2,,Identification B · Microscopic,Идентиф. Б · Микроскопски,Ph. Eur. 2.8.23 (microscopy),Conforms to monograph | Соодветствува со монографијата,—,—,,,,to be performed — see route,Purely Plant laboratory — iCoA covering Ident A + B,
808,CoQ-PP-2026-0014,initial release,14.03.2026,P060182,GRC102501/2,Grapes and Cream,I,iCoA-PP-2026-0014,3,,Identification C · HPLC/HPTLC,Идентиф. Ц · HPLC/HPTLC,Ph. Eur. 2.2.29 (3028),Conforms to monograph | Соодветствува со монографијата,—,—,,,,to be performed — see route,"outside laboratory — Ident C (CNP Ident C only, or Farmahem with the retest)",
809,CoQ-PP-2026-0014,initial release,14.03.2026,P060182,GRC102501/2,Grapes and Cream,I,iCoA-PP-2026-0014,4,,Assay — Total Δ⁹-THC,Анализа — вкупен Δ⁹-THC,Ph. Eur. 2.2.29 (HPLC),"9.00 – 10.99 %  (grade I, class THC 10, nominal 10.00 ± 1.00)",11.53,051-6-K/26,04.03.2026,Farmahem,Farmahem — cannabinoids,covered,,
810,CoQ-PP-2026-0014,initial release,14.03.2026,P060182,GRC102501/2,Grapes and Cream,I,iCoA-PP-2026-0014,5,,Assay — Total CBD,Анализа — вкупен CBD,Ph. Eur. 2.2.29 (HPLC) · CBD + CBDA x 0.877,"≤ 1.0%, w/w",< LOQ (<0.20),051-6-K/26,04.03.2026,Farmahem,Farmahem — cannabinoids,covered,,
811,CoQ-PP-2026-0014,initial release,14.03.2026,P060182,GRC102501/2,Grapes and Cream,I,iCoA-PP-2026-0014,6,,Total CBN,Вкупен CBN,Ph. Eur. 2.2.29 (HPLC) · CBN + CBNA x 0.876,"≤ 1.0%, w/w",< LOQ,051-6-K/26,04.03.2026,Farmahem,Farmahem — cannabinoids,covered,,
812,CoQ-PP-2026-0014,initial release,14.03.2026,P060182,GRC102501/2,Grapes and Cream,I,iCoA-PP-2026-0014,7,,Foreign Matter,Страни материи,Ph. Eur. 2.8.2 · In-house · интерна,"≤ 2.0% / 25–50 g · < 1 cm leaves | листови, no seeds | без семки",—,—,,,,to be performed — see route,Purely Plant laboratory — iCoA covering Foreign matter,
813,CoQ-PP-2026-0014,initial release,14.03.2026,P060182,GRC102501/2,Grapes and Cream,I,iCoA-PP-2026-0014,8,,Loss on Drying,Губиток при сушење,"Ph. Eur. 2.2.32 (3028) · at 40 °C, 24 h, 15–25 mbar",≤ 12.0%,7.7,051-6-GS/26,02.03.2026,Farmahem,Farmahem — loss on drying,covered,,
814,CoQ-PP-2026-0014,initial release,14.03.2026,P060182,GRC102501/2,Grapes and Cream,I,iCoA-PP-2026-0014,9.1,Microbiological Purity | Микробиолошка Чистота,TAMC,Вкупен аеробен микробен број,Ph. Eur. 2.6.12 cat. C,≤ 10⁵ CFU/g,—,—,,,,not tested — no certificate covers it,,
815,CoQ-PP-2026-0014,initial release,14.03.2026,P060182,GRC102501/2,Grapes and Cream,I,iCoA-PP-2026-0014,9.2,Microbiological Purity | Микробиолошка Чистота,TYMC,Вкупен број квасци/мувли,Ph. Eur. 2.6.12 cat. C,≤ 10⁴ CFU/g,—,—,,,,not tested — no certificate covers it,,
816,CoQ-PP-2026-0014,initial release,14.03.2026,P060182,GRC102501/2,Grapes and Cream,I,iCoA-PP-2026-0014,9.3,Microbiological Purity | Микробиолошка Чистота,Bile-tolerant gram-neg.,Жолчно-толерантни грам-нег.,Ph. Eur. 2.6.31 cat. C,≤ 10⁴ CFU/g,—,—,,,,not tested — no certificate covers it,,
817,CoQ-PP-2026-0014,initial release,14.03.2026,P060182,GRC102501/2,Grapes and Cream,I,iCoA-PP-2026-0014,9.4,Microbiological Purity | Микробиолошка Чистота,Salmonella,Салмонела,Ph. Eur. 2.6.31 cat. C,Absence | Отсуство / 25 g,—,—,,,,not tested — no certificate covers it,,
818,CoQ-PP-2026-0014,initial release,14.03.2026,P060182,GRC102501/2,Grapes and Cream,I,iCoA-PP-2026-0014,9.5,Microbiological Purity | Микробиолошка Чистота,Escherichia coli,Ешерихија коли,Ph. Eur. 2.6.13 cat. C,Absence | Отсуство / 1 g,—,—,,,,not tested — no certificate covers it,,
819,CoQ-PP-2026-0014,initial release,14.03.2026,P060182,GRC102501/2,Grapes and Cream,I,iCoA-PP-2026-0014,9.6,Microbiological Purity | Микробиолошка Чистота,Pseudomonas aeruginosa,,Ph. Eur. 2.6.13 cat. C,Absence | Отсуство / 1 g,—,—,,,,upon request — not required for release,,
820,CoQ-PP-2026-0014,initial release,14.03.2026,P060182,GRC102501/2,Grapes and Cream,I,iCoA-PP-2026-0014,9.7,Microbiological Purity | Микробиолошка Чистота,Staphylococcus aureus,,Ph. Eur. 2.6.13 cat. C,Absence | Отсуство / 1 g,—,—,,,,upon request — not required for release,,
821,CoQ-PP-2026-0014,initial release,14.03.2026,P060182,GRC102501/2,Grapes and Cream,I,iCoA-PP-2026-0014,10.1,Mycotoxins | Микотоксини,Aflatoxin B₁,Афлатоксин B₁,Ph. Eur. 2.8.18 (HPLC-FLD),≤ 2 µg/kg,—,—,,,,not tested — no certificate covers it,,
822,CoQ-PP-2026-0014,initial release,14.03.2026,P060182,GRC102501/2,Grapes and Cream,I,iCoA-PP-2026-0014,10.2,Mycotoxins | Микотоксини,Aflatoxins ∑,Афлатоксини ∑ (B₁+B₂+G₁+G₂),Ph. Eur. 2.8.18 (HPLC-FLD),≤ 4 µg/kg,—,—,,,,not tested — no certificate covers it,,
823,CoQ-PP-2026-0014,initial release,14.03.2026,P060182,GRC102501/2,Grapes and Cream,I,iCoA-PP-2026-0014,10.3,Mycotoxins | Микотоксини,Ochratoxin A,Охратоксин A,Ph. Eur. 2.8.22 (HPLC-FLD),≤ 20 µg/kg,—,—,,,,not tested — no certificate covers it,,
824,CoQ-PP-2026-0014,initial release,14.03.2026,P060182,GRC102501/2,Grapes and Cream,I,iCoA-PP-2026-0014,11.1,Heavy Metals | Тешки метали,Lead (Pb),Олово (Pb),Ph. Eur. 2.4.27 (ICP-MS),≤ 0.5 mg/kg,—,—,,,,not tested — no certificate covers it,,
825,CoQ-PP-2026-0014,initial release,14.03.2026,P060182,GRC102501/2,Grapes and Cream,I,iCoA-PP-2026-0014,11.2,Heavy Metals | Тешки метали,Cadmium (Cd),Кадмиум (Cd),Ph. Eur. 2.4.27 (ICP-MS),≤ 0.3 mg/kg,—,—,,,,not tested — no certificate covers it,,
826,CoQ-PP-2026-0014,initial release,14.03.2026,P060182,GRC102501/2,Grapes and Cream,I,iCoA-PP-2026-0014,11.3,Heavy Metals | Тешки метали,Arsenic (As),Арсен (As),Ph. Eur. 2.4.27 (ICP-MS),≤ 0.2 mg/kg,—,—,,,,not tested — no certificate covers it,,
827,CoQ-PP-2026-0014,initial release,14.03.2026,P060182,GRC102501/2,Grapes and Cream,I,iCoA-PP-2026-0014,11.4,Heavy Metals | Тешки метали,Mercury (Hg),Жива (Hg),Ph. Eur. 2.4.27 (ICP-MS),≤ 0.1 mg/kg,—,—,,,,not tested — no certificate covers it,,
828,CoQ-PP-2026-0014,initial release,14.03.2026,P060182,GRC102501/2,Grapes and Cream,I,iCoA-PP-2026-0014,12,,Pesticide Residues,Остатоци од пестициди,Ph. Eur. 2.8.13 (LC-MS/MS) · CUMCS Equivalency,≤ LOQ as per Ph. Eur. 2.8.13 · ≤ LOQ as per CUMCS Equivalency,—,—,,,,not tested — no certificate covers it,,
829,CoQ-PP-2026-0015,initial release,21.04.2026,P060212,JD112501,Jelly Donuts,II,iCoA-PP-2026-0015,1,,"Identification A, Appearance · Macroscopic","Идентиф. A, Изглед, Макроскопски",Ph. Eur. mon. 3028,Conforms to monograph | Соодветствува со монографијата,—,—,,,,to be performed — see route,Purely Plant laboratory — iCoA covering Ident A + B,
830,CoQ-PP-2026-0015,initial release,21.04.2026,P060212,JD112501,Jelly Donuts,II,iCoA-PP-2026-0015,2,,Identification B · Microscopic,Идентиф. Б · Микроскопски,Ph. Eur. 2.8.23 (microscopy),Conforms to monograph | Соодветствува со монографијата,—,—,,,,to be performed — see route,Purely Plant laboratory — iCoA covering Ident A + B,
831,CoQ-PP-2026-0015,initial release,21.04.2026,P060212,JD112501,Jelly Donuts,II,iCoA-PP-2026-0015,3,,Identification C · HPLC/HPTLC,Идентиф. Ц · HPLC/HPTLC,Ph. Eur. 2.2.29 (3028),Conforms to monograph | Соодветствува со монографијата,—,—,,,,to be performed — see route,"outside laboratory — Ident C (CNP Ident C only, or Farmahem with the retest)",
832,CoQ-PP-2026-0015,initial release,21.04.2026,P060212,JD112501,Jelly Donuts,II,iCoA-PP-2026-0015,4,,Assay — Total Δ⁹-THC,Анализа — вкупен Δ⁹-THC,Ph. Eur. 2.2.29 (HPLC),"18.00 – 21.99 %  (grade II, class THC 20, nominal 20.00 ± 2.00)",19.64,ППК26063,11.05.2026,UKIM Faculty of Pharmacy — Center for Natural Products,UKIM CNP potency,covered,,13.93 (ППК26065)
833,CoQ-PP-2026-0015,initial release,21.04.2026,P060212,JD112501,Jelly Donuts,II,iCoA-PP-2026-0015,5,,Assay — Total CBD,Анализа — вкупен CBD,Ph. Eur. 2.2.29 (HPLC) · CBD + CBDA x 0.877,"≤ 1.0%, w/w",0.06,ППК26063,11.05.2026,UKIM Faculty of Pharmacy — Center for Natural Products,UKIM CNP potency,covered,,0.04 (ППК26065)
834,CoQ-PP-2026-0015,initial release,21.04.2026,P060212,JD112501,Jelly Donuts,II,iCoA-PP-2026-0015,6,,Total CBN,Вкупен CBN,Ph. Eur. 2.2.29 (HPLC) · CBN + CBNA x 0.876,"≤ 1.0%, w/w",—,—,,,,not tested — no certificate covers it,,
835,CoQ-PP-2026-0015,initial release,21.04.2026,P060212,JD112501,Jelly Donuts,II,iCoA-PP-2026-0015,7,,Foreign Matter,Страни материи,Ph. Eur. 2.8.2 · In-house · интерна,"≤ 2.0% / 25–50 g · < 1 cm leaves | листови, no seeds | без семки",—,—,,,,to be performed — see route,Purely Plant laboratory — iCoA covering Foreign matter,
836,CoQ-PP-2026-0015,initial release,21.04.2026,P060212,JD112501,Jelly Donuts,II,iCoA-PP-2026-0015,8,,Loss on Drying,Губиток при сушење,"Ph. Eur. 2.2.32 (3028) · at 40 °C, 24 h, 15–25 mbar",≤ 12.0%,6.69,ППК26063,11.05.2026,UKIM Faculty of Pharmacy — Center for Natural Products,UKIM CNP potency,covered,,6.38 (ППК26065)
837,CoQ-PP-2026-0015,initial release,21.04.2026,P060212,JD112501,Jelly Donuts,II,iCoA-PP-2026-0015,9.1,Microbiological Purity | Микробиолошка Чистота,TAMC,Вкупен аеробен микробен број,Ph. Eur. 2.6.12 cat. C,≤ 10⁵ CFU/g,—,—,,,,not tested — no certificate covers it,,
838,CoQ-PP-2026-0015,initial release,21.04.2026,P060212,JD112501,Jelly Donuts,II,iCoA-PP-2026-0015,9.2,Microbiological Purity | Микробиолошка Чистота,TYMC,Вкупен број квасци/мувли,Ph. Eur. 2.6.12 cat. C,≤ 10⁴ CFU/g,—,—,,,,not tested — no certificate covers it,,
839,CoQ-PP-2026-0015,initial release,21.04.2026,P060212,JD112501,Jelly Donuts,II,iCoA-PP-2026-0015,9.3,Microbiological Purity | Микробиолошка Чистота,Bile-tolerant gram-neg.,Жолчно-толерантни грам-нег.,Ph. Eur. 2.6.31 cat. C,≤ 10⁴ CFU/g,—,—,,,,not tested — no certificate covers it,,
840,CoQ-PP-2026-0015,initial release,21.04.2026,P060212,JD112501,Jelly Donuts,II,iCoA-PP-2026-0015,9.4,Microbiological Purity | Микробиолошка Чистота,Salmonella,Салмонела,Ph. Eur. 2.6.31 cat. C,Absence | Отсуство / 25 g,—,—,,,,not tested — no certificate covers it,,
841,CoQ-PP-2026-0015,initial release,21.04.2026,P060212,JD112501,Jelly Donuts,II,iCoA-PP-2026-0015,9.5,Microbiological Purity | Микробиолошка Чистота,Escherichia coli,Ешерихија коли,Ph. Eur. 2.6.13 cat. C,Absence | Отсуство / 1 g,—,—,,,,not tested — no certificate covers it,,
842,CoQ-PP-2026-0015,initial release,21.04.2026,P060212,JD112501,Jelly Donuts,II,iCoA-PP-2026-0015,9.6,Microbiological Purity | Микробиолошка Чистота,Pseudomonas aeruginosa,,Ph. Eur. 2.6.13 cat. C,Absence | Отсуство / 1 g,—,—,,,,upon request — not required for release,,
843,CoQ-PP-2026-0015,initial release,21.04.2026,P060212,JD112501,Jelly Donuts,II,iCoA-PP-2026-0015,9.7,Microbiological Purity | Микробиолошка Чистота,Staphylococcus aureus,,Ph. Eur. 2.6.13 cat. C,Absence | Отсуство / 1 g,—,—,,,,upon request — not required for release,,
844,CoQ-PP-2026-0015,initial release,21.04.2026,P060212,JD112501,Jelly Donuts,II,iCoA-PP-2026-0015,10.1,Mycotoxins | Микотоксини,Aflatoxin B₁,Афлатоксин B₁,Ph. Eur. 2.8.18 (HPLC-FLD),≤ 2 µg/kg,—,—,,,,not tested — no certificate covers it,,
845,CoQ-PP-2026-0015,initial release,21.04.2026,P060212,JD112501,Jelly Donuts,II,iCoA-PP-2026-0015,10.2,Mycotoxins | Микотоксини,Aflatoxins ∑,Афлатоксини ∑ (B₁+B₂+G₁+G₂),Ph. Eur. 2.8.18 (HPLC-FLD),≤ 4 µg/kg,—,—,,,,not tested — no certificate covers it,,
846,CoQ-PP-2026-0015,initial release,21.04.2026,P060212,JD112501,Jelly Donuts,II,iCoA-PP-2026-0015,10.3,Mycotoxins | Микотоксини,Ochratoxin A,Охратоксин A,Ph. Eur. 2.8.22 (HPLC-FLD),≤ 20 µg/kg,—,—,,,,not tested — no certificate covers it,,
847,CoQ-PP-2026-0015,initial release,21.04.2026,P060212,JD112501,Jelly Donuts,II,iCoA-PP-2026-0015,11.1,Heavy Metals | Тешки метали,Lead (Pb),Олово (Pb),Ph. Eur. 2.4.27 (ICP-MS),≤ 0.5 mg/kg,—,—,,,,not tested — no certificate covers it,,
848,CoQ-PP-2026-0015,initial release,21.04.2026,P060212,JD112501,Jelly Donuts,II,iCoA-PP-2026-0015,11.2,Heavy Metals | Тешки метали,Cadmium (Cd),Кадмиум (Cd),Ph. Eur. 2.4.27 (ICP-MS),≤ 0.3 mg/kg,—,—,,,,not tested — no certificate covers it,,
849,CoQ-PP-2026-0015,initial release,21.04.2026,P060212,JD112501,Jelly Donuts,II,iCoA-PP-2026-0015,11.3,Heavy Metals | Тешки метали,Arsenic (As),Арсен (As),Ph. Eur. 2.4.27 (ICP-MS),≤ 0.2 mg/kg,—,—,,,,not tested — no certificate covers it,,
850,CoQ-PP-2026-0015,initial release,21.04.2026,P060212,JD112501,Jelly Donuts,II,iCoA-PP-2026-0015,11.4,Heavy Metals | Тешки метали,Mercury (Hg),Жива (Hg),Ph. Eur. 2.4.27 (ICP-MS),≤ 0.1 mg/kg,—,—,,,,not tested — no certificate covers it,,
851,CoQ-PP-2026-0015,initial release,21.04.2026,P060212,JD112501,Jelly Donuts,II,iCoA-PP-2026-0015,12,,Pesticide Residues,Остатоци од пестициди,Ph. Eur. 2.8.13 (LC-MS/MS) · CUMCS Equivalency,≤ LOQ as per Ph. Eur. 2.8.13 · ≤ LOQ as per CUMCS Equivalency,—,—,,,,not tested — no certificate covers it,,
852,CoQ-PP-2026-0016,initial release,27.04.2026,P060232,PM112501,Permanent Marker,II,iCoA-PP-2026-0016,1,,"Identification A, Appearance · Macroscopic","Идентиф. A, Изглед, Макроскопски",Ph. Eur. mon. 3028,Conforms to monograph | Соодветствува со монографијата,—,—,,,,to be performed — see route,Purely Plant laboratory — iCoA covering Ident A + B,
853,CoQ-PP-2026-0016,initial release,27.04.2026,P060232,PM112501,Permanent Marker,II,iCoA-PP-2026-0016,2,,Identification B · Microscopic,Идентиф. Б · Микроскопски,Ph. Eur. 2.8.23 (microscopy),Conforms to monograph | Соодветствува со монографијата,—,—,,,,to be performed — see route,Purely Plant laboratory — iCoA covering Ident A + B,
854,CoQ-PP-2026-0016,initial release,27.04.2026,P060232,PM112501,Permanent Marker,II,iCoA-PP-2026-0016,3,,Identification C · HPLC/HPTLC,Идентиф. Ц · HPLC/HPTLC,Ph. Eur. 2.2.29 (3028),Conforms to monograph | Соодветствува со монографијата,—,—,,,,to be performed — see route,"outside laboratory — Ident C (CNP Ident C only, or Farmahem with the retest)",
855,CoQ-PP-2026-0016,initial release,27.04.2026,P060232,PM112501,Permanent Marker,II,iCoA-PP-2026-0016,4,,Assay — Total Δ⁹-THC,Анализа — вкупен Δ⁹-THC,Ph. Eur. 2.2.29 (HPLC),"9.00 – 10.99 %  (grade II, class THC 10, nominal 10.00 ± 1.00)",13.33,ППК26030,05.03.2026,UKIM Faculty of Pharmacy — Center for Natural Products,UKIM CNP potency,covered,,
856,CoQ-PP-2026-0016,initial release,27.04.2026,P060232,PM112501,Permanent Marker,II,iCoA-PP-2026-0016,5,,Assay — Total CBD,Анализа — вкупен CBD,Ph. Eur. 2.2.29 (HPLC) · CBD + CBDA x 0.877,"≤ 1.0%, w/w",0.03,ППК26030,05.03.2026,UKIM Faculty of Pharmacy — Center for Natural Products,UKIM CNP potency,covered,,
857,CoQ-PP-2026-0016,initial release,27.04.2026,P060232,PM112501,Permanent Marker,II,iCoA-PP-2026-0016,6,,Total CBN,Вкупен CBN,Ph. Eur. 2.2.29 (HPLC) · CBN + CBNA x 0.876,"≤ 1.0%, w/w",—,—,,,,not tested — no certificate covers it,,
858,CoQ-PP-2026-0016,initial release,27.04.2026,P060232,PM112501,Permanent Marker,II,iCoA-PP-2026-0016,7,,Foreign Matter,Страни материи,Ph. Eur. 2.8.2 · In-house · интерна,"≤ 2.0% / 25–50 g · < 1 cm leaves | листови, no seeds | без семки",—,—,,,,to be performed — see route,Purely Plant laboratory — iCoA covering Foreign matter,
859,CoQ-PP-2026-0016,initial release,27.04.2026,P060232,PM112501,Permanent Marker,II,iCoA-PP-2026-0016,8,,Loss on Drying,Губиток при сушење,"Ph. Eur. 2.2.32 (3028) · at 40 °C, 24 h, 15–25 mbar",≤ 12.0%,8.61,ППК26030,05.03.2026,UKIM Faculty of Pharmacy — Center for Natural Products,UKIM CNP potency,covered,,
860,CoQ-PP-2026-0016,initial release,27.04.2026,P060232,PM112501,Permanent Marker,II,iCoA-PP-2026-0016,9.1,Microbiological Purity | Микробиолошка Чистота,TAMC,Вкупен аеробен микробен број,Ph. Eur. 2.6.12 cat. C,≤ 10⁵ CFU/g,—,—,,,,not tested — no certificate covers it,,
861,CoQ-PP-2026-0016,initial release,27.04.2026,P060232,PM112501,Permanent Marker,II,iCoA-PP-2026-0016,9.2,Microbiological Purity | Микробиолошка Чистота,TYMC,Вкупен број квасци/мувли,Ph. Eur. 2.6.12 cat. C,≤ 10⁴ CFU/g,—,—,,,,not tested — no certificate covers it,,
862,CoQ-PP-2026-0016,initial release,27.04.2026,P060232,PM112501,Permanent Marker,II,iCoA-PP-2026-0016,9.3,Microbiological Purity | Микробиолошка Чистота,Bile-tolerant gram-neg.,Жолчно-толерантни грам-нег.,Ph. Eur. 2.6.31 cat. C,≤ 10⁴ CFU/g,—,—,,,,not tested — no certificate covers it,,
863,CoQ-PP-2026-0016,initial release,27.04.2026,P060232,PM112501,Permanent Marker,II,iCoA-PP-2026-0016,9.4,Microbiological Purity | Микробиолошка Чистота,Salmonella,Салмонела,Ph. Eur. 2.6.31 cat. C,Absence | Отсуство / 25 g,—,—,,,,not tested — no certificate covers it,,
864,CoQ-PP-2026-0016,initial release,27.04.2026,P060232,PM112501,Permanent Marker,II,iCoA-PP-2026-0016,9.5,Microbiological Purity | Микробиолошка Чистота,Escherichia coli,Ешерихија коли,Ph. Eur. 2.6.13 cat. C,Absence | Отсуство / 1 g,—,—,,,,not tested — no certificate covers it,,
865,CoQ-PP-2026-0016,initial release,27.04.2026,P060232,PM112501,Permanent Marker,II,iCoA-PP-2026-0016,9.6,Microbiological Purity | Микробиолошка Чистота,Pseudomonas aeruginosa,,Ph. Eur. 2.6.13 cat. C,Absence | Отсуство / 1 g,—,—,,,,upon request — not required for release,,
866,CoQ-PP-2026-0016,initial release,27.04.2026,P060232,PM112501,Permanent Marker,II,iCoA-PP-2026-0016,9.7,Microbiological Purity | Микробиолошка Чистота,Staphylococcus aureus,,Ph. Eur. 2.6.13 cat. C,Absence | Отсуство / 1 g,—,—,,,,upon request — not required for release,,
867,CoQ-PP-2026-0016,initial release,27.04.2026,P060232,PM112501,Permanent Marker,II,iCoA-PP-2026-0016,10.1,Mycotoxins | Микотоксини,Aflatoxin B₁,Афлатоксин B₁,Ph. Eur. 2.8.18 (HPLC-FLD),≤ 2 µg/kg,—,—,,,,not tested — no certificate covers it,,
868,CoQ-PP-2026-0016,initial release,27.04.2026,P060232,PM112501,Permanent Marker,II,iCoA-PP-2026-0016,10.2,Mycotoxins | Микотоксини,Aflatoxins ∑,Афлатоксини ∑ (B₁+B₂+G₁+G₂),Ph. Eur. 2.8.18 (HPLC-FLD),≤ 4 µg/kg,—,—,,,,not tested — no certificate covers it,,
869,CoQ-PP-2026-0016,initial release,27.04.2026,P060232,PM112501,Permanent Marker,II,iCoA-PP-2026-0016,10.3,Mycotoxins | Микотоксини,Ochratoxin A,Охратоксин A,Ph. Eur. 2.8.22 (HPLC-FLD),≤ 20 µg/kg,—,—,,,,not tested — no certificate covers it,,
870,CoQ-PP-2026-0016,initial release,27.04.2026,P060232,PM112501,Permanent Marker,II,iCoA-PP-2026-0016,11.1,Heavy Metals | Тешки метали,Lead (Pb),Олово (Pb),Ph. Eur. 2.4.27 (ICP-MS),≤ 0.5 mg/kg,—,—,,,,not tested — no certificate covers it,,
871,CoQ-PP-2026-0016,initial release,27.04.2026,P060232,PM112501,Permanent Marker,II,iCoA-PP-2026-0016,11.2,Heavy Metals | Тешки метали,Cadmium (Cd),Кадмиум (Cd),Ph. Eur. 2.4.27 (ICP-MS),≤ 0.3 mg/kg,—,—,,,,not tested — no certificate covers it,,
872,CoQ-PP-2026-0016,initial release,27.04.2026,P060232,PM112501,Permanent Marker,II,iCoA-PP-2026-0016,11.3,Heavy Metals | Тешки метали,Arsenic (As),Арсен (As),Ph. Eur. 2.4.27 (ICP-MS),≤ 0.2 mg/kg,—,—,,,,not tested — no certificate covers it,,
873,CoQ-PP-2026-0016,initial release,27.04.2026,P060232,PM112501,Permanent Marker,II,iCoA-PP-2026-0016,11.4,Heavy Metals | Тешки метали,Mercury (Hg),Жива (Hg),Ph. Eur. 2.4.27 (ICP-MS),≤ 0.1 mg/kg,—,—,,,,not tested — no certificate covers it,,
874,CoQ-PP-2026-0016,initial release,27.04.2026,P060232,PM112501,Permanent Marker,II,iCoA-PP-2026-0016,12,,Pesticide Residues,Остатоци од пестициди,Ph. Eur. 2.8.13 (LC-MS/MS) · CUMCS Equivalency,≤ LOQ as per Ph. Eur. 2.8.13 · ≤ LOQ as per CUMCS Equivalency,—,—,,,,not tested — no certificate covers it,,
875,CoQ-PP-2026-0017,initial release,28.04.2026,P060242,OPM122501,Orange Punch Mimosa,V,iCoA-PP-2026-0017,1,,"Identification A, Appearance · Macroscopic","Идентиф. A, Изглед, Макроскопски",Ph. Eur. mon. 3028,Conforms to monograph | Соодветствува со монографијата,—,—,,,,to be performed — see route,Purely Plant laboratory — iCoA covering Ident A + B,
876,CoQ-PP-2026-0017,initial release,28.04.2026,P060242,OPM122501,Orange Punch Mimosa,V,iCoA-PP-2026-0017,2,,Identification B · Microscopic,Идентиф. Б · Микроскопски,Ph. Eur. 2.8.23 (microscopy),Conforms to monograph | Соодветствува со монографијата,—,—,,,,to be performed — see route,Purely Plant laboratory — iCoA covering Ident A + B,
877,CoQ-PP-2026-0017,initial release,28.04.2026,P060242,OPM122501,Orange Punch Mimosa,V,iCoA-PP-2026-0017,3,,Identification C · HPLC/HPTLC,Идентиф. Ц · HPLC/HPTLC,Ph. Eur. 2.2.29 (3028),Conforms to monograph | Соодветствува со монографијата,—,—,,,,to be performed — see route,"outside laboratory — Ident C (CNP Ident C only, or Farmahem with the retest)",
878,CoQ-PP-2026-0017,initial release,28.04.2026,P060242,OPM122501,Orange Punch Mimosa,V,iCoA-PP-2026-0017,4,,Assay — Total Δ⁹-THC,Анализа — вкупен Δ⁹-THC,Ph. Eur. 2.2.29 (HPLC),"7.20 – 8.79 %  (grade V, class THC 8, nominal 8.00 ± 0.80)",8.09,100-4-К/26,09.04.2026,Farmahem,Farmahem — cannabinoids,covered,,
879,CoQ-PP-2026-0017,initial release,28.04.2026,P060242,OPM122501,Orange Punch Mimosa,V,iCoA-PP-2026-0017,5,,Assay — Total CBD,Анализа — вкупен CBD,Ph. Eur. 2.2.29 (HPLC) · CBD + CBDA x 0.877,"≤ 1.0%, w/w",< LOQ (<0.20),100-4-К/26,09.04.2026,Farmahem,Farmahem — cannabinoids,covered,,
880,CoQ-PP-2026-0017,initial release,28.04.2026,P060242,OPM122501,Orange Punch Mimosa,V,iCoA-PP-2026-0017,6,,Total CBN,Вкупен CBN,Ph. Eur. 2.2.29 (HPLC) · CBN + CBNA x 0.876,"≤ 1.0%, w/w",< LOQ,100-4-К/26,09.04.2026,Farmahem,Farmahem — cannabinoids,covered,,
881,CoQ-PP-2026-0017,initial release,28.04.2026,P060242,OPM122501,Orange Punch Mimosa,V,iCoA-PP-2026-0017,7,,Foreign Matter,Страни материи,Ph. Eur. 2.8.2 · In-house · интерна,"≤ 2.0% / 25–50 g · < 1 cm leaves | листови, no seeds | без семки",—,—,,,,to be performed — see route,Purely Plant laboratory — iCoA covering Foreign matter,
882,CoQ-PP-2026-0017,initial release,28.04.2026,P060242,OPM122501,Orange Punch Mimosa,V,iCoA-PP-2026-0017,8,,Loss on Drying,Губиток при сушење,"Ph. Eur. 2.2.32 (3028) · at 40 °C, 24 h, 15–25 mbar",≤ 12.0%,6.6,100-4-ГС/26,09.04.2026,Farmahem,Farmahem — loss on drying,covered,,
883,CoQ-PP-2026-0017,initial release,28.04.2026,P060242,OPM122501,Orange Punch Mimosa,V,iCoA-PP-2026-0017,9.1,Microbiological Purity | Микробиолошка Чистота,TAMC,Вкупен аеробен микробен број,Ph. Eur. 2.6.12 cat. C,≤ 10⁵ CFU/g,120,229/0392/26,07.04.2026,IPH — Institute of Public Health,IPH microbiology,covered,,
884,CoQ-PP-2026-0017,initial release,28.04.2026,P060242,OPM122501,Orange Punch Mimosa,V,iCoA-PP-2026-0017,9.2,Microbiological Purity | Микробиолошка Чистота,TYMC,Вкупен број квасци/мувли,Ph. Eur. 2.6.12 cat. C,≤ 10⁴ CFU/g,100,229/0392/26,07.04.2026,IPH — Institute of Public Health,IPH microbiology,covered,,
885,CoQ-PP-2026-0017,initial release,28.04.2026,P060242,OPM122501,Orange Punch Mimosa,V,iCoA-PP-2026-0017,9.3,Microbiological Purity | Микробиолошка Чистота,Bile-tolerant gram-neg.,Жолчно-толерантни грам-нег.,Ph. Eur. 2.6.31 cat. C,≤ 10⁴ CFU/g,< 10,229/0392/26,07.04.2026,IPH — Institute of Public Health,IPH microbiology,covered,,
886,CoQ-PP-2026-0017,initial release,28.04.2026,P060242,OPM122501,Orange Punch Mimosa,V,iCoA-PP-2026-0017,9.4,Microbiological Purity | Микробиолошка Чистота,Salmonella,Салмонела,Ph. Eur. 2.6.31 cat. C,Absence | Отсуство / 25 g,Одговара (Complies/Absent),229/0392/26,07.04.2026,IPH — Institute of Public Health,IPH microbiology,covered,,
887,CoQ-PP-2026-0017,initial release,28.04.2026,P060242,OPM122501,Orange Punch Mimosa,V,iCoA-PP-2026-0017,9.5,Microbiological Purity | Микробиолошка Чистота,Escherichia coli,Ешерихија коли,Ph. Eur. 2.6.13 cat. C,Absence | Отсуство / 1 g,Одговара (Complies/Absent),229/0392/26,07.04.2026,IPH — Institute of Public Health,IPH microbiology,covered,,
888,CoQ-PP-2026-0017,initial release,28.04.2026,P060242,OPM122501,Orange Punch Mimosa,V,iCoA-PP-2026-0017,9.6,Microbiological Purity | Микробиолошка Чистота,Pseudomonas aeruginosa,,Ph. Eur. 2.6.13 cat. C,Absence | Отсуство / 1 g,—,—,,,,upon request — not required for release,,
889,CoQ-PP-2026-0017,initial release,28.04.2026,P060242,OPM122501,Orange Punch Mimosa,V,iCoA-PP-2026-0017,9.7,Microbiological Purity | Микробиолошка Чистота,Staphylococcus aureus,,Ph. Eur. 2.6.13 cat. C,Absence | Отсуство / 1 g,—,—,,,,upon request — not required for release,,
890,CoQ-PP-2026-0017,initial release,28.04.2026,P060242,OPM122501,Orange Punch Mimosa,V,iCoA-PP-2026-0017,10.1,Mycotoxins | Микотоксини,Aflatoxin B₁,Афлатоксин B₁,Ph. Eur. 2.8.18 (HPLC-FLD),≤ 2 µg/kg,—,—,,,,not tested — no certificate covers it,,
891,CoQ-PP-2026-0017,initial release,28.04.2026,P060242,OPM122501,Orange Punch Mimosa,V,iCoA-PP-2026-0017,10.2,Mycotoxins | Микотоксини,Aflatoxins ∑,Афлатоксини ∑ (B₁+B₂+G₁+G₂),Ph. Eur. 2.8.18 (HPLC-FLD),≤ 4 µg/kg,2.2,1627/2026,23.04.2026,IPH — Institute of Public Health,"IPH mycotoxins, metals, pesticides",covered,,
892,CoQ-PP-2026-0017,initial release,28.04.2026,P060242,OPM122501,Orange Punch Mimosa,V,iCoA-PP-2026-0017,10.3,Mycotoxins | Микотоксини,Ochratoxin A,Охратоксин A,Ph. Eur. 2.8.22 (HPLC-FLD),≤ 20 µg/kg,—,—,,,,not tested — no certificate covers it,,
893,CoQ-PP-2026-0017,initial release,28.04.2026,P060242,OPM122501,Orange Punch Mimosa,V,iCoA-PP-2026-0017,11.1,Heavy Metals | Тешки метали,Lead (Pb),Олово (Pb),Ph. Eur. 2.4.27 (ICP-MS),≤ 0.5 mg/kg,0.049,1627/2026,23.04.2026,IPH — Institute of Public Health,"IPH mycotoxins, metals, pesticides",covered,,
894,CoQ-PP-2026-0017,initial release,28.04.2026,P060242,OPM122501,Orange Punch Mimosa,V,iCoA-PP-2026-0017,11.2,Heavy Metals | Тешки метали,Cadmium (Cd),Кадмиум (Cd),Ph. Eur. 2.4.27 (ICP-MS),≤ 0.3 mg/kg,0.165,1627/2026,23.04.2026,IPH — Institute of Public Health,"IPH mycotoxins, metals, pesticides",covered,,
895,CoQ-PP-2026-0017,initial release,28.04.2026,P060242,OPM122501,Orange Punch Mimosa,V,iCoA-PP-2026-0017,11.3,Heavy Metals | Тешки метали,Arsenic (As),Арсен (As),Ph. Eur. 2.4.27 (ICP-MS),≤ 0.2 mg/kg,н.д.,1627/2026,23.04.2026,IPH — Institute of Public Health,"IPH mycotoxins, metals, pesticides",covered,,
896,CoQ-PP-2026-0017,initial release,28.04.2026,P060242,OPM122501,Orange Punch Mimosa,V,iCoA-PP-2026-0017,11.4,Heavy Metals | Тешки метали,Mercury (Hg),Жива (Hg),Ph. Eur. 2.4.27 (ICP-MS),≤ 0.1 mg/kg,н.д.,1627/2026,23.04.2026,IPH — Institute of Public Health,"IPH mycotoxins, metals, pesticides",covered,,
897,CoQ-PP-2026-0017,initial release,28.04.2026,P060242,OPM122501,Orange Punch Mimosa,V,iCoA-PP-2026-0017,12,,Pesticide Residues,Остатоци од пестициди,Ph. Eur. 2.8.13 (LC-MS/MS) · CUMCS Equivalency,≤ LOQ as per Ph. Eur. 2.8.13 · ≤ LOQ as per CUMCS Equivalency,н.д.,1627/2026,23.04.2026,IPH — Institute of Public Health,"IPH mycotoxins, metals, pesticides",covered,,
898,CoQ-PP-2026-0018,initial release,18.05.2026,P060282,SCR112501,Scrambler,I,iCoA-PP-2026-0018,1,,"Identification A, Appearance · Macroscopic","Идентиф. A, Изглед, Макроскопски",Ph. Eur. mon. 3028,Conforms to monograph | Соодветствува со монографијата,—,—,,,,to be performed — see route,Purely Plant laboratory — iCoA covering Ident A + B,
899,CoQ-PP-2026-0018,initial release,18.05.2026,P060282,SCR112501,Scrambler,I,iCoA-PP-2026-0018,2,,Identification B · Microscopic,Идентиф. Б · Микроскопски,Ph. Eur. 2.8.23 (microscopy),Conforms to monograph | Соодветствува со монографијата,—,—,,,,to be performed — see route,Purely Plant laboratory — iCoA covering Ident A + B,
900,CoQ-PP-2026-0018,initial release,18.05.2026,P060282,SCR112501,Scrambler,I,iCoA-PP-2026-0018,3,,Identification C · HPLC/HPTLC,Идентиф. Ц · HPLC/HPTLC,Ph. Eur. 2.2.29 (3028),Conforms to monograph | Соодветствува со монографијата,—,—,,,,to be performed — see route,"outside laboratory — Ident C (CNP Ident C only, or Farmahem with the retest)",
901,CoQ-PP-2026-0018,initial release,18.05.2026,P060282,SCR112501,Scrambler,I,iCoA-PP-2026-0018,4,,Assay — Total Δ⁹-THC,Анализа — вкупен Δ⁹-THC,Ph. Eur. 2.2.29 (HPLC),"18.00 – 21.99 %  (grade I, class THC 20, nominal 20.00 ± 2.00)",17.13,ППК26069,11.05.2026,UKIM Faculty of Pharmacy — Center for Natural Products,UKIM CNP potency,covered,,
902,CoQ-PP-2026-0018,initial release,18.05.2026,P060282,SCR112501,Scrambler,I,iCoA-PP-2026-0018,5,,Assay — Total CBD,Анализа — вкупен CBD,Ph. Eur. 2.2.29 (HPLC) · CBD + CBDA x 0.877,"≤ 1.0%, w/w",0.04,ППК26069,11.05.2026,UKIM Faculty of Pharmacy — Center for Natural Products,UKIM CNP potency,covered,,
903,CoQ-PP-2026-0018,initial release,18.05.2026,P060282,SCR112501,Scrambler,I,iCoA-PP-2026-0018,6,,Total CBN,Вкупен CBN,Ph. Eur. 2.2.29 (HPLC) · CBN + CBNA x 0.876,"≤ 1.0%, w/w",—,—,,,,not tested — no certificate covers it,,
904,CoQ-PP-2026-0018,initial release,18.05.2026,P060282,SCR112501,Scrambler,I,iCoA-PP-2026-0018,7,,Foreign Matter,Страни материи,Ph. Eur. 2.8.2 · In-house · интерна,"≤ 2.0% / 25–50 g · < 1 cm leaves | листови, no seeds | без семки",—,—,,,,to be performed — see route,Purely Plant laboratory — iCoA covering Foreign matter,
905,CoQ-PP-2026-0018,initial release,18.05.2026,P060282,SCR112501,Scrambler,I,iCoA-PP-2026-0018,8,,Loss on Drying,Губиток при сушење,"Ph. Eur. 2.2.32 (3028) · at 40 °C, 24 h, 15–25 mbar",≤ 12.0%,6.84,ППК26069,11.05.2026,UKIM Faculty of Pharmacy — Center for Natural Products,UKIM CNP potency,covered,,
906,CoQ-PP-2026-0018,initial release,18.05.2026,P060282,SCR112501,Scrambler,I,iCoA-PP-2026-0018,9.1,Microbiological Purity | Микробиолошка Чистота,TAMC,Вкупен аеробен микробен број,Ph. Eur. 2.6.12 cat. C,≤ 10⁵ CFU/g,—,—,,,,not tested — no certificate covers it,,
907,CoQ-PP-2026-0018,initial release,18.05.2026,P060282,SCR112501,Scrambler,I,iCoA-PP-2026-0018,9.2,Microbiological Purity | Микробиолошка Чистота,TYMC,Вкупен број квасци/мувли,Ph. Eur. 2.6.12 cat. C,≤ 10⁴ CFU/g,—,—,,,,not tested — no certificate covers it,,
908,CoQ-PP-2026-0018,initial release,18.05.2026,P060282,SCR112501,Scrambler,I,iCoA-PP-2026-0018,9.3,Microbiological Purity | Микробиолошка Чистота,Bile-tolerant gram-neg.,Жолчно-толерантни грам-нег.,Ph. Eur. 2.6.31 cat. C,≤ 10⁴ CFU/g,—,—,,,,not tested — no certificate covers it,,
909,CoQ-PP-2026-0018,initial release,18.05.2026,P060282,SCR112501,Scrambler,I,iCoA-PP-2026-0018,9.4,Microbiological Purity | Микробиолошка Чистота,Salmonella,Салмонела,Ph. Eur. 2.6.31 cat. C,Absence | Отсуство / 25 g,—,—,,,,not tested — no certificate covers it,,
910,CoQ-PP-2026-0018,initial release,18.05.2026,P060282,SCR112501,Scrambler,I,iCoA-PP-2026-0018,9.5,Microbiological Purity | Микробиолошка Чистота,Escherichia coli,Ешерихија коли,Ph. Eur. 2.6.13 cat. C,Absence | Отсуство / 1 g,—,—,,,,not tested — no certificate covers it,,
911,CoQ-PP-2026-0018,initial release,18.05.2026,P060282,SCR112501,Scrambler,I,iCoA-PP-2026-0018,9.6,Microbiological Purity | Микробиолошка Чистота,Pseudomonas aeruginosa,,Ph. Eur. 2.6.13 cat. C,Absence | Отсуство / 1 g,—,—,,,,upon request — not required for release,,
912,CoQ-PP-2026-0018,initial release,18.05.2026,P060282,SCR112501,Scrambler,I,iCoA-PP-2026-0018,9.7,Microbiological Purity | Микробиолошка Чистота,Staphylococcus aureus,,Ph. Eur. 2.6.13 cat. C,Absence | Отсуство / 1 g,—,—,,,,upon request — not required for release,,
913,CoQ-PP-2026-0018,initial release,18.05.2026,P060282,SCR112501,Scrambler,I,iCoA-PP-2026-0018,10.1,Mycotoxins | Микотоксини,Aflatoxin B₁,Афлатоксин B₁,Ph. Eur. 2.8.18 (HPLC-FLD),≤ 2 µg/kg,—,—,,,,not tested — no certificate covers it,,
914,CoQ-PP-2026-0018,initial release,18.05.2026,P060282,SCR112501,Scrambler,I,iCoA-PP-2026-0018,10.2,Mycotoxins | Микотоксини,Aflatoxins ∑,Афлатоксини ∑ (B₁+B₂+G₁+G₂),Ph. Eur. 2.8.18 (HPLC-FLD),≤ 4 µg/kg,—,—,,,,not tested — no certificate covers it,,
915,CoQ-PP-2026-0018,initial release,18.05.2026,P060282,SCR112501,Scrambler,I,iCoA-PP-2026-0018,10.3,Mycotoxins | Микотоксини,Ochratoxin A,Охратоксин A,Ph. Eur. 2.8.22 (HPLC-FLD),≤ 20 µg/kg,—,—,,,,not tested — no certificate covers it,,
916,CoQ-PP-2026-0018,initial release,18.05.2026,P060282,SCR112501,Scrambler,I,iCoA-PP-2026-0018,11.1,Heavy Metals | Тешки метали,Lead (Pb),Олово (Pb),Ph. Eur. 2.4.27 (ICP-MS),≤ 0.5 mg/kg,—,—,,,,not tested — no certificate covers it,,
917,CoQ-PP-2026-0018,initial release,18.05.2026,P060282,SCR112501,Scrambler,I,iCoA-PP-2026-0018,11.2,Heavy Metals | Тешки метали,Cadmium (Cd),Кадмиум (Cd),Ph. Eur. 2.4.27 (ICP-MS),≤ 0.3 mg/kg,—,—,,,,not tested — no certificate covers it,,
918,CoQ-PP-2026-0018,initial release,18.05.2026,P060282,SCR112501,Scrambler,I,iCoA-PP-2026-0018,11.3,Heavy Metals | Тешки метали,Arsenic (As),Арсен (As),Ph. Eur. 2.4.27 (ICP-MS),≤ 0.2 mg/kg,—,—,,,,not tested — no certificate covers it,,
919,CoQ-PP-2026-0018,initial release,18.05.2026,P060282,SCR112501,Scrambler,I,iCoA-PP-2026-0018,11.4,Heavy Metals | Тешки метали,Mercury (Hg),Жива (Hg),Ph. Eur. 2.4.27 (ICP-MS),≤ 0.1 mg/kg,—,—,,,,not tested — no certificate covers it,,
920,CoQ-PP-2026-0018,initial release,18.05.2026,P060282,SCR112501,Scrambler,I,iCoA-PP-2026-0018,12,,Pesticide Residues,Остатоци од пестициди,Ph. Eur. 2.8.13 (LC-MS/MS) · CUMCS Equivalency,≤ LOQ as per Ph. Eur. 2.8.13 · ≤ LOQ as per CUMCS Equivalency,—,—,,,,not tested — no certificate covers it,,
921,CoQ-PP-2026-0019,initial release,22.05.2026,P060322,FB012601/1,Fat Bastard,I,iCoA-PP-2026-0019,1,,"Identification A, Appearance · Macroscopic","Идентиф. A, Изглед, Макроскопски",Ph. Eur. mon. 3028,Conforms to monograph | Соодветствува со монографијата,—,—,,,,to be performed — see route,Purely Plant laboratory — iCoA covering Ident A + B,
922,CoQ-PP-2026-0019,initial release,22.05.2026,P060322,FB012601/1,Fat Bastard,I,iCoA-PP-2026-0019,2,,Identification B · Microscopic,Идентиф. Б · Микроскопски,Ph. Eur. 2.8.23 (microscopy),Conforms to monograph | Соодветствува со монографијата,—,—,,,,to be performed — see route,Purely Plant laboratory — iCoA covering Ident A + B,
923,CoQ-PP-2026-0019,initial release,22.05.2026,P060322,FB012601/1,Fat Bastard,I,iCoA-PP-2026-0019,3,,Identification C · HPLC/HPTLC,Идентиф. Ц · HPLC/HPTLC,Ph. Eur. 2.2.29 (3028),Conforms to monograph | Соодветствува со монографијата,—,—,,,,to be performed — see route,"outside laboratory — Ident C (CNP Ident C only, or Farmahem with the retest)",
924,CoQ-PP-2026-0019,initial release,22.05.2026,P060322,FB012601/1,Fat Bastard,I,iCoA-PP-2026-0019,4,,Assay — Total Δ⁹-THC,Анализа — вкупен Δ⁹-THC,Ph. Eur. 2.2.29 (HPLC),"16.20 – 19.79 %  (grade I, class THC 18, nominal 18.00 ± 1.80)",—,—,,,,not tested — no certificate covers it,,
925,CoQ-PP-2026-0019,initial release,22.05.2026,P060322,FB012601/1,Fat Bastard,I,iCoA-PP-2026-0019,5,,Assay — Total CBD,Анализа — вкупен CBD,Ph. Eur. 2.2.29 (HPLC) · CBD + CBDA x 0.877,"≤ 1.0%, w/w",—,—,,,,not tested — no certificate covers it,,
926,CoQ-PP-2026-0019,initial release,22.05.2026,P060322,FB012601/1,Fat Bastard,I,iCoA-PP-2026-0019,6,,Total CBN,Вкупен CBN,Ph. Eur. 2.2.29 (HPLC) · CBN + CBNA x 0.876,"≤ 1.0%, w/w",—,—,,,,not tested — no certificate covers it,,
927,CoQ-PP-2026-0019,initial release,22.05.2026,P060322,FB012601/1,Fat Bastard,I,iCoA-PP-2026-0019,7,,Foreign Matter,Страни материи,Ph. Eur. 2.8.2 · In-house · интерна,"≤ 2.0% / 25–50 g · < 1 cm leaves | листови, no seeds | без семки",—,—,,,,to be performed — see route,Purely Plant laboratory — iCoA covering Foreign matter,
928,CoQ-PP-2026-0019,initial release,22.05.2026,P060322,FB012601/1,Fat Bastard,I,iCoA-PP-2026-0019,8,,Loss on Drying,Губиток при сушење,"Ph. Eur. 2.2.32 (3028) · at 40 °C, 24 h, 15–25 mbar",≤ 12.0%,7.67%,ППК26067,Issued 11.05.2026 (test completed 08.05.2026),UKIM Faculty of Pharmacy — Center for Natural Products,Purely Plant in-house,"in-house CoA only — underlying eCoA NOT on file: locate the physical certificate, scan and upload",,
929,CoQ-PP-2026-0019,initial release,22.05.2026,P060322,FB012601/1,Fat Bastard,I,iCoA-PP-2026-0019,9.1,Microbiological Purity | Микробиолошка Чистота,TAMC,Вкупен аеробен микробен број,Ph. Eur. 2.6.12 cat. C,≤ 10⁵ CFU/g,—,—,,,,not tested — no certificate covers it,,
930,CoQ-PP-2026-0019,initial release,22.05.2026,P060322,FB012601/1,Fat Bastard,I,iCoA-PP-2026-0019,9.2,Microbiological Purity | Микробиолошка Чистота,TYMC,Вкупен број квасци/мувли,Ph. Eur. 2.6.12 cat. C,≤ 10⁴ CFU/g,—,—,,,,not tested — no certificate covers it,,
931,CoQ-PP-2026-0019,initial release,22.05.2026,P060322,FB012601/1,Fat Bastard,I,iCoA-PP-2026-0019,9.3,Microbiological Purity | Микробиолошка Чистота,Bile-tolerant gram-neg.,Жолчно-толерантни грам-нег.,Ph. Eur. 2.6.31 cat. C,≤ 10⁴ CFU/g,—,—,,,,not tested — no certificate covers it,,
932,CoQ-PP-2026-0019,initial release,22.05.2026,P060322,FB012601/1,Fat Bastard,I,iCoA-PP-2026-0019,9.4,Microbiological Purity | Микробиолошка Чистота,Salmonella,Салмонела,Ph. Eur. 2.6.31 cat. C,Absence | Отсуство / 25 g,—,—,,,,not tested — no certificate covers it,,
933,CoQ-PP-2026-0019,initial release,22.05.2026,P060322,FB012601/1,Fat Bastard,I,iCoA-PP-2026-0019,9.5,Microbiological Purity | Микробиолошка Чистота,Escherichia coli,Ешерихија коли,Ph. Eur. 2.6.13 cat. C,Absence | Отсуство / 1 g,—,—,,,,not tested — no certificate covers it,,
934,CoQ-PP-2026-0019,initial release,22.05.2026,P060322,FB012601/1,Fat Bastard,I,iCoA-PP-2026-0019,9.6,Microbiological Purity | Микробиолошка Чистота,Pseudomonas aeruginosa,,Ph. Eur. 2.6.13 cat. C,Absence | Отсуство / 1 g,—,—,,,,upon request — not required for release,,
935,CoQ-PP-2026-0019,initial release,22.05.2026,P060322,FB012601/1,Fat Bastard,I,iCoA-PP-2026-0019,9.7,Microbiological Purity | Микробиолошка Чистота,Staphylococcus aureus,,Ph. Eur. 2.6.13 cat. C,Absence | Отсуство / 1 g,—,—,,,,upon request — not required for release,,
936,CoQ-PP-2026-0019,initial release,22.05.2026,P060322,FB012601/1,Fat Bastard,I,iCoA-PP-2026-0019,10.1,Mycotoxins | Микотоксини,Aflatoxin B₁,Афлатоксин B₁,Ph. Eur. 2.8.18 (HPLC-FLD),≤ 2 µg/kg,—,—,,,,not tested — no certificate covers it,,
937,CoQ-PP-2026-0019,initial release,22.05.2026,P060322,FB012601/1,Fat Bastard,I,iCoA-PP-2026-0019,10.2,Mycotoxins | Микотоксини,Aflatoxins ∑,Афлатоксини ∑ (B₁+B₂+G₁+G₂),Ph. Eur. 2.8.18 (HPLC-FLD),≤ 4 µg/kg,—,—,,,,not tested — no certificate covers it,,
938,CoQ-PP-2026-0019,initial release,22.05.2026,P060322,FB012601/1,Fat Bastard,I,iCoA-PP-2026-0019,10.3,Mycotoxins | Микотоксини,Ochratoxin A,Охратоксин A,Ph. Eur. 2.8.22 (HPLC-FLD),≤ 20 µg/kg,—,—,,,,not tested — no certificate covers it,,
939,CoQ-PP-2026-0019,initial release,22.05.2026,P060322,FB012601/1,Fat Bastard,I,iCoA-PP-2026-0019,11.1,Heavy Metals | Тешки метали,Lead (Pb),Олово (Pb),Ph. Eur. 2.4.27 (ICP-MS),≤ 0.5 mg/kg,—,—,,,,not tested — no certificate covers it,,
940,CoQ-PP-2026-0019,initial release,22.05.2026,P060322,FB012601/1,Fat Bastard,I,iCoA-PP-2026-0019,11.2,Heavy Metals | Тешки метали,Cadmium (Cd),Кадмиум (Cd),Ph. Eur. 2.4.27 (ICP-MS),≤ 0.3 mg/kg,—,—,,,,not tested — no certificate covers it,,
941,CoQ-PP-2026-0019,initial release,22.05.2026,P060322,FB012601/1,Fat Bastard,I,iCoA-PP-2026-0019,11.3,Heavy Metals | Тешки метали,Arsenic (As),Арсен (As),Ph. Eur. 2.4.27 (ICP-MS),≤ 0.2 mg/kg,—,—,,,,not tested — no certificate covers it,,
942,CoQ-PP-2026-0019,initial release,22.05.2026,P060322,FB012601/1,Fat Bastard,I,iCoA-PP-2026-0019,11.4,Heavy Metals | Тешки метали,Mercury (Hg),Жива (Hg),Ph. Eur. 2.4.27 (ICP-MS),≤ 0.1 mg/kg,—,—,,,,not tested — no certificate covers it,,
943,CoQ-PP-2026-0019,initial release,22.05.2026,P060322,FB012601/1,Fat Bastard,I,iCoA-PP-2026-0019,12,,Pesticide Residues,Остатоци од пестициди,Ph. Eur. 2.8.13 (LC-MS/MS) · CUMCS Equivalency,≤ LOQ as per Ph. Eur. 2.8.13 · ≤ LOQ as per CUMCS Equivalency,—,—,,,,not tested — no certificate covers it,,
944,CoQ-PP-2026-0020,initial release,23.05.2026,P060362,JD012603/01,Jelly Donuts,I,iCoA-PP-2026-0020,1,,"Identification A, Appearance · Macroscopic","Идентиф. A, Изглед, Макроскопски",Ph. Eur. mon. 3028,Conforms to monograph | Соодветствува со монографијата,—,—,,,,to be performed — see route,Purely Plant laboratory — iCoA covering Ident A + B,
945,CoQ-PP-2026-0020,initial release,23.05.2026,P060362,JD012603/01,Jelly Donuts,I,iCoA-PP-2026-0020,2,,Identification B · Microscopic,Идентиф. Б · Микроскопски,Ph. Eur. 2.8.23 (microscopy),Conforms to monograph | Соодветствува со монографијата,—,—,,,,to be performed — see route,Purely Plant laboratory — iCoA covering Ident A + B,
946,CoQ-PP-2026-0020,initial release,23.05.2026,P060362,JD012603/01,Jelly Donuts,I,iCoA-PP-2026-0020,3,,Identification C · HPLC/HPTLC,Идентиф. Ц · HPLC/HPTLC,Ph. Eur. 2.2.29 (3028),Conforms to monograph | Соодветствува со монографијата,—,—,,,,to be performed — see route,"outside laboratory — Ident C (CNP Ident C only, or Farmahem with the retest)",
947,CoQ-PP-2026-0020,initial release,23.05.2026,P060362,JD012603/01,Jelly Donuts,I,iCoA-PP-2026-0020,4,,Assay — Total Δ⁹-THC,Анализа — вкупен Δ⁹-THC,Ph. Eur. 2.2.29 (HPLC),"19.80 – 24.19 %  (grade I, class THC 22, nominal 22.00 ± 2.20)",—,—,,,,not tested — no certificate covers it,,
948,CoQ-PP-2026-0020,initial release,23.05.2026,P060362,JD012603/01,Jelly Donuts,I,iCoA-PP-2026-0020,5,,Assay — Total CBD,Анализа — вкупен CBD,Ph. Eur. 2.2.29 (HPLC) · CBD + CBDA x 0.877,"≤ 1.0%, w/w",—,—,,,,not tested — no certificate covers it,,
949,CoQ-PP-2026-0020,initial release,23.05.2026,P060362,JD012603/01,Jelly Donuts,I,iCoA-PP-2026-0020,6,,Total CBN,Вкупен CBN,Ph. Eur. 2.2.29 (HPLC) · CBN + CBNA x 0.876,"≤ 1.0%, w/w",—,—,,,,not tested — no certificate covers it,,
950,CoQ-PP-2026-0020,initial release,23.05.2026,P060362,JD012603/01,Jelly Donuts,I,iCoA-PP-2026-0020,7,,Foreign Matter,Страни материи,Ph. Eur. 2.8.2 · In-house · интерна,"≤ 2.0% / 25–50 g · < 1 cm leaves | листови, no seeds | без семки",—,—,,,,to be performed — see route,Purely Plant laboratory — iCoA covering Foreign matter,
951,CoQ-PP-2026-0020,initial release,23.05.2026,P060362,JD012603/01,Jelly Donuts,I,iCoA-PP-2026-0020,8,,Loss on Drying,Губиток при сушење,"Ph. Eur. 2.2.32 (3028) · at 40 °C, 24 h, 15–25 mbar",≤ 12.0%,—,—,,,,not tested — no certificate covers it,,
952,CoQ-PP-2026-0020,initial release,23.05.2026,P060362,JD012603/01,Jelly Donuts,I,iCoA-PP-2026-0020,9.1,Microbiological Purity | Микробиолошка Чистота,TAMC,Вкупен аеробен микробен број,Ph. Eur. 2.6.12 cat. C,≤ 10⁵ CFU/g,—,—,,,,not tested — no certificate covers it,,
953,CoQ-PP-2026-0020,initial release,23.05.2026,P060362,JD012603/01,Jelly Donuts,I,iCoA-PP-2026-0020,9.2,Microbiological Purity | Микробиолошка Чистота,TYMC,Вкупен број квасци/мувли,Ph. Eur. 2.6.12 cat. C,≤ 10⁴ CFU/g,—,—,,,,not tested — no certificate covers it,,
954,CoQ-PP-2026-0020,initial release,23.05.2026,P060362,JD012603/01,Jelly Donuts,I,iCoA-PP-2026-0020,9.3,Microbiological Purity | Микробиолошка Чистота,Bile-tolerant gram-neg.,Жолчно-толерантни грам-нег.,Ph. Eur. 2.6.31 cat. C,≤ 10⁴ CFU/g,—,—,,,,not tested — no certificate covers it,,
955,CoQ-PP-2026-0020,initial release,23.05.2026,P060362,JD012603/01,Jelly Donuts,I,iCoA-PP-2026-0020,9.4,Microbiological Purity | Микробиолошка Чистота,Salmonella,Салмонела,Ph. Eur. 2.6.31 cat. C,Absence | Отсуство / 25 g,—,—,,,,not tested — no certificate covers it,,
956,CoQ-PP-2026-0020,initial release,23.05.2026,P060362,JD012603/01,Jelly Donuts,I,iCoA-PP-2026-0020,9.5,Microbiological Purity | Микробиолошка Чистота,Escherichia coli,Ешерихија коли,Ph. Eur. 2.6.13 cat. C,Absence | Отсуство / 1 g,—,—,,,,not tested — no certificate covers it,,
957,CoQ-PP-2026-0020,initial release,23.05.2026,P060362,JD012603/01,Jelly Donuts,I,iCoA-PP-2026-0020,9.6,Microbiological Purity | Микробиолошка Чистота,Pseudomonas aeruginosa,,Ph. Eur. 2.6.13 cat. C,Absence | Отсуство / 1 g,—,—,,,,upon request — not required for release,,
958,CoQ-PP-2026-0020,initial release,23.05.2026,P060362,JD012603/01,Jelly Donuts,I,iCoA-PP-2026-0020,9.7,Microbiological Purity | Микробиолошка Чистота,Staphylococcus aureus,,Ph. Eur. 2.6.13 cat. C,Absence | Отсуство / 1 g,—,—,,,,upon request — not required for release,,
959,CoQ-PP-2026-0020,initial release,23.05.2026,P060362,JD012603/01,Jelly Donuts,I,iCoA-PP-2026-0020,10.1,Mycotoxins | Микотоксини,Aflatoxin B₁,Афлатоксин B₁,Ph. Eur. 2.8.18 (HPLC-FLD),≤ 2 µg/kg,—,—,,,,not tested — no certificate covers it,,
960,CoQ-PP-2026-0020,initial release,23.05.2026,P060362,JD012603/01,Jelly Donuts,I,iCoA-PP-2026-0020,10.2,Mycotoxins | Микотоксини,Aflatoxins ∑,Афлатоксини ∑ (B₁+B₂+G₁+G₂),Ph. Eur. 2.8.18 (HPLC-FLD),≤ 4 µg/kg,—,—,,,,not tested — no certificate covers it,,
961,CoQ-PP-2026-0020,initial release,23.05.2026,P060362,JD012603/01,Jelly Donuts,I,iCoA-PP-2026-0020,10.3,Mycotoxins | Микотоксини,Ochratoxin A,Охратоксин A,Ph. Eur. 2.8.22 (HPLC-FLD),≤ 20 µg/kg,—,—,,,,not tested — no certificate covers it,,
962,CoQ-PP-2026-0020,initial release,23.05.2026,P060362,JD012603/01,Jelly Donuts,I,iCoA-PP-2026-0020,11.1,Heavy Metals | Тешки метали,Lead (Pb),Олово (Pb),Ph. Eur. 2.4.27 (ICP-MS),≤ 0.5 mg/kg,—,—,,,,not tested — no certificate covers it,,
963,CoQ-PP-2026-0020,initial release,23.05.2026,P060362,JD012603/01,Jelly Donuts,I,iCoA-PP-2026-0020,11.2,Heavy Metals | Тешки метали,Cadmium (Cd),Кадмиум (Cd),Ph. Eur. 2.4.27 (ICP-MS),≤ 0.3 mg/kg,—,—,,,,not tested — no certificate covers it,,
964,CoQ-PP-2026-0020,initial release,23.05.2026,P060362,JD012603/01,Jelly Donuts,I,iCoA-PP-2026-0020,11.3,Heavy Metals | Тешки метали,Arsenic (As),Арсен (As),Ph. Eur. 2.4.27 (ICP-MS),≤ 0.2 mg/kg,—,—,,,,not tested — no certificate covers it,,
965,CoQ-PP-2026-0020,initial release,23.05.2026,P060362,JD012603/01,Jelly Donuts,I,iCoA-PP-2026-0020,11.4,Heavy Metals | Тешки метали,Mercury (Hg),Жива (Hg),Ph. Eur. 2.4.27 (ICP-MS),≤ 0.1 mg/kg,—,—,,,,not tested — no certificate covers it,,
966,CoQ-PP-2026-0020,initial release,23.05.2026,P060362,JD012603/01,Jelly Donuts,I,iCoA-PP-2026-0020,12,,Pesticide Residues,Остатоци од пестициди,Ph. Eur. 2.8.13 (LC-MS/MS) · CUMCS Equivalency,≤ LOQ as per Ph. Eur. 2.8.13 · ≤ LOQ as per CUMCS Equivalency,—,—,,,,not tested — no certificate covers it,,
967,CoQ-PP-2026-0021,initial release,23.05.2026,P060352,FB012602,Fat Bastard,I,iCoA-PP-2026-0021,1,,"Identification A, Appearance · Macroscopic","Идентиф. A, Изглед, Макроскопски",Ph. Eur. mon. 3028,Conforms to monograph | Соодветствува со монографијата,—,—,,,,to be performed — see route,Purely Plant laboratory — iCoA covering Ident A + B,
968,CoQ-PP-2026-0021,initial release,23.05.2026,P060352,FB012602,Fat Bastard,I,iCoA-PP-2026-0021,2,,Identification B · Microscopic,Идентиф. Б · Микроскопски,Ph. Eur. 2.8.23 (microscopy),Conforms to monograph | Соодветствува со монографијата,—,—,,,,to be performed — see route,Purely Plant laboratory — iCoA covering Ident A + B,
969,CoQ-PP-2026-0021,initial release,23.05.2026,P060352,FB012602,Fat Bastard,I,iCoA-PP-2026-0021,3,,Identification C · HPLC/HPTLC,Идентиф. Ц · HPLC/HPTLC,Ph. Eur. 2.2.29 (3028),Conforms to monograph | Соодветствува со монографијата,—,—,,,,to be performed — see route,"outside laboratory — Ident C (CNP Ident C only, or Farmahem with the retest)",
970,CoQ-PP-2026-0021,initial release,23.05.2026,P060352,FB012602,Fat Bastard,I,iCoA-PP-2026-0021,4,,Assay — Total Δ⁹-THC,Анализа — вкупен Δ⁹-THC,Ph. Eur. 2.2.29 (HPLC),"16.20 – 19.79 %  (grade I, class THC 18, nominal 18.00 ± 1.80)",—,—,,,,not tested — no certificate covers it,,
971,CoQ-PP-2026-0021,initial release,23.05.2026,P060352,FB012602,Fat Bastard,I,iCoA-PP-2026-0021,5,,Assay — Total CBD,Анализа — вкупен CBD,Ph. Eur. 2.2.29 (HPLC) · CBD + CBDA x 0.877,"≤ 1.0%, w/w",—,—,,,,not tested — no certificate covers it,,
972,CoQ-PP-2026-0021,initial release,23.05.2026,P060352,FB012602,Fat Bastard,I,iCoA-PP-2026-0021,6,,Total CBN,Вкупен CBN,Ph. Eur. 2.2.29 (HPLC) · CBN + CBNA x 0.876,"≤ 1.0%, w/w",—,—,,,,not tested — no certificate covers it,,
973,CoQ-PP-2026-0021,initial release,23.05.2026,P060352,FB012602,Fat Bastard,I,iCoA-PP-2026-0021,7,,Foreign Matter,Страни материи,Ph. Eur. 2.8.2 · In-house · интерна,"≤ 2.0% / 25–50 g · < 1 cm leaves | листови, no seeds | без семки",—,—,,,,to be performed — see route,Purely Plant laboratory — iCoA covering Foreign matter,
974,CoQ-PP-2026-0021,initial release,23.05.2026,P060352,FB012602,Fat Bastard,I,iCoA-PP-2026-0021,8,,Loss on Drying,Губиток при сушење,"Ph. Eur. 2.2.32 (3028) · at 40 °C, 24 h, 15–25 mbar",≤ 12.0%,—,—,,,,not tested — no certificate covers it,,
975,CoQ-PP-2026-0021,initial release,23.05.2026,P060352,FB012602,Fat Bastard,I,iCoA-PP-2026-0021,9.1,Microbiological Purity | Микробиолошка Чистота,TAMC,Вкупен аеробен микробен број,Ph. Eur. 2.6.12 cat. C,≤ 10⁵ CFU/g,—,—,,,,not tested — no certificate covers it,,
976,CoQ-PP-2026-0021,initial release,23.05.2026,P060352,FB012602,Fat Bastard,I,iCoA-PP-2026-0021,9.2,Microbiological Purity | Микробиолошка Чистота,TYMC,Вкупен број квасци/мувли,Ph. Eur. 2.6.12 cat. C,≤ 10⁴ CFU/g,—,—,,,,not tested — no certificate covers it,,
977,CoQ-PP-2026-0021,initial release,23.05.2026,P060352,FB012602,Fat Bastard,I,iCoA-PP-2026-0021,9.3,Microbiological Purity | Микробиолошка Чистота,Bile-tolerant gram-neg.,Жолчно-толерантни грам-нег.,Ph. Eur. 2.6.31 cat. C,≤ 10⁴ CFU/g,—,—,,,,not tested — no certificate covers it,,
978,CoQ-PP-2026-0021,initial release,23.05.2026,P060352,FB012602,Fat Bastard,I,iCoA-PP-2026-0021,9.4,Microbiological Purity | Микробиолошка Чистота,Salmonella,Салмонела,Ph. Eur. 2.6.31 cat. C,Absence | Отсуство / 25 g,—,—,,,,not tested — no certificate covers it,,
979,CoQ-PP-2026-0021,initial release,23.05.2026,P060352,FB012602,Fat Bastard,I,iCoA-PP-2026-0021,9.5,Microbiological Purity | Микробиолошка Чистота,Escherichia coli,Ешерихија коли,Ph. Eur. 2.6.13 cat. C,Absence | Отсуство / 1 g,—,—,,,,not tested — no certificate covers it,,
980,CoQ-PP-2026-0021,initial release,23.05.2026,P060352,FB012602,Fat Bastard,I,iCoA-PP-2026-0021,9.6,Microbiological Purity | Микробиолошка Чистота,Pseudomonas aeruginosa,,Ph. Eur. 2.6.13 cat. C,Absence | Отсуство / 1 g,—,—,,,,upon request — not required for release,,
981,CoQ-PP-2026-0021,initial release,23.05.2026,P060352,FB012602,Fat Bastard,I,iCoA-PP-2026-0021,9.7,Microbiological Purity | Микробиолошка Чистота,Staphylococcus aureus,,Ph. Eur. 2.6.13 cat. C,Absence | Отсуство / 1 g,—,—,,,,upon request — not required for release,,
982,CoQ-PP-2026-0021,initial release,23.05.2026,P060352,FB012602,Fat Bastard,I,iCoA-PP-2026-0021,10.1,Mycotoxins | Микотоксини,Aflatoxin B₁,Афлатоксин B₁,Ph. Eur. 2.8.18 (HPLC-FLD),≤ 2 µg/kg,—,—,,,,not tested — no certificate covers it,,
983,CoQ-PP-2026-0021,initial release,23.05.2026,P060352,FB012602,Fat Bastard,I,iCoA-PP-2026-0021,10.2,Mycotoxins | Микотоксини,Aflatoxins ∑,Афлатоксини ∑ (B₁+B₂+G₁+G₂),Ph. Eur. 2.8.18 (HPLC-FLD),≤ 4 µg/kg,—,—,,,,not tested — no certificate covers it,,
984,CoQ-PP-2026-0021,initial release,23.05.2026,P060352,FB012602,Fat Bastard,I,iCoA-PP-2026-0021,10.3,Mycotoxins | Микотоксини,Ochratoxin A,Охратоксин A,Ph. Eur. 2.8.22 (HPLC-FLD),≤ 20 µg/kg,—,—,,,,not tested — no certificate covers it,,
985,CoQ-PP-2026-0021,initial release,23.05.2026,P060352,FB012602,Fat Bastard,I,iCoA-PP-2026-0021,11.1,Heavy Metals | Тешки метали,Lead (Pb),Олово (Pb),Ph. Eur. 2.4.27 (ICP-MS),≤ 0.5 mg/kg,—,—,,,,not tested — no certificate covers it,,
986,CoQ-PP-2026-0021,initial release,23.05.2026,P060352,FB012602,Fat Bastard,I,iCoA-PP-2026-0021,11.2,Heavy Metals | Тешки метали,Cadmium (Cd),Кадмиум (Cd),Ph. Eur. 2.4.27 (ICP-MS),≤ 0.3 mg/kg,—,—,,,,not tested — no certificate covers it,,
987,CoQ-PP-2026-0021,initial release,23.05.2026,P060352,FB012602,Fat Bastard,I,iCoA-PP-2026-0021,11.3,Heavy Metals | Тешки метали,Arsenic (As),Арсен (As),Ph. Eur. 2.4.27 (ICP-MS),≤ 0.2 mg/kg,—,—,,,,not tested — no certificate covers it,,
988,CoQ-PP-2026-0021,initial release,23.05.2026,P060352,FB012602,Fat Bastard,I,iCoA-PP-2026-0021,11.4,Heavy Metals | Тешки метали,Mercury (Hg),Жива (Hg),Ph. Eur. 2.4.27 (ICP-MS),≤ 0.1 mg/kg,—,—,,,,not tested — no certificate covers it,,
989,CoQ-PP-2026-0021,initial release,23.05.2026,P060352,FB012602,Fat Bastard,I,iCoA-PP-2026-0021,12,,Pesticide Residues,Остатоци од пестициди,Ph. Eur. 2.8.13 (LC-MS/MS) · CUMCS Equivalency,≤ LOQ as per Ph. Eur. 2.8.13 · ≤ LOQ as per CUMCS Equivalency,—,—,,,,not tested — no certificate covers it,,
990,CoQ-PP-2026-0022,initial release,23.05.2026,P060422,JD012603/02V,Jelly Donuts,III,iCoA-PP-2026-0022,1,,"Identification A, Appearance · Macroscopic","Идентиф. A, Изглед, Макроскопски",Ph. Eur. mon. 3028,Conforms to monograph | Соодветствува со монографијата,Conforms | Соодветствува,ППК26111,30.06.2026,UKIM Faculty of Pharmacy — Center for Natural Products,UKIM CNP potency,covered,,
991,CoQ-PP-2026-0022,initial release,23.05.2026,P060422,JD012603/02V,Jelly Donuts,III,iCoA-PP-2026-0022,2,,Identification B · Microscopic,Идентиф. Б · Микроскопски,Ph. Eur. 2.8.23 (microscopy),Conforms to monograph | Соодветствува со монографијата,Conforms | Соодветствува,ППК26111,30.06.2026,UKIM Faculty of Pharmacy — Center for Natural Products,UKIM CNP potency,covered,,
992,CoQ-PP-2026-0022,initial release,23.05.2026,P060422,JD012603/02V,Jelly Donuts,III,iCoA-PP-2026-0022,3,,Identification C · HPLC/HPTLC,Идентиф. Ц · HPLC/HPTLC,Ph. Eur. 2.2.29 (3028),Conforms to monograph | Соодветствува со монографијата,—,—,,,,to be performed — see route,"outside laboratory — Ident C (CNP Ident C only, or Farmahem with the retest)",
993,CoQ-PP-2026-0022,initial release,23.05.2026,P060422,JD012603/02V,Jelly Donuts,III,iCoA-PP-2026-0022,4,,Assay — Total Δ⁹-THC,Анализа — вкупен Δ⁹-THC,Ph. Eur. 2.2.29 (HPLC),"14.40 – 17.59 %  (grade III, class THC 16, nominal 16.00 ± 1.60)",15.16,ППК26111,30.06.2026,UKIM Faculty of Pharmacy — Center for Natural Products,UKIM CNP potency,covered,,
994,CoQ-PP-2026-0022,initial release,23.05.2026,P060422,JD012603/02V,Jelly Donuts,III,iCoA-PP-2026-0022,5,,Assay — Total CBD,Анализа — вкупен CBD,Ph. Eur. 2.2.29 (HPLC) · CBD + CBDA x 0.877,"≤ 1.0%, w/w",BLQ (below limit of quantification),ППК26111,30.06.2026,UKIM Faculty of Pharmacy — Center for Natural Products,UKIM CNP potency,covered,,
995,CoQ-PP-2026-0022,initial release,23.05.2026,P060422,JD012603/02V,Jelly Donuts,III,iCoA-PP-2026-0022,6,,Total CBN,Вкупен CBN,Ph. Eur. 2.2.29 (HPLC) · CBN + CBNA x 0.876,"≤ 1.0%, w/w",0.04,ППК26111,30.06.2026,UKIM Faculty of Pharmacy — Center for Natural Products,UKIM CNP potency,covered,,
996,CoQ-PP-2026-0022,initial release,23.05.2026,P060422,JD012603/02V,Jelly Donuts,III,iCoA-PP-2026-0022,7,,Foreign Matter,Страни материи,Ph. Eur. 2.8.2 · In-house · интерна,"≤ 2.0% / 25–50 g · < 1 cm leaves | листови, no seeds | без семки",Conforms | Соодветствува,ППК26111,30.06.2026,UKIM Faculty of Pharmacy — Center for Natural Products,UKIM CNP potency,covered,,
997,CoQ-PP-2026-0022,initial release,23.05.2026,P060422,JD012603/02V,Jelly Donuts,III,iCoA-PP-2026-0022,8,,Loss on Drying,Губиток при сушење,"Ph. Eur. 2.2.32 (3028) · at 40 °C, 24 h, 15–25 mbar",≤ 12.0%,7.04,ППК26111,30.06.2026,UKIM Faculty of Pharmacy — Center for Natural Products,UKIM CNP potency,covered,,
998,CoQ-PP-2026-0022,initial release,23.05.2026,P060422,JD012603/02V,Jelly Donuts,III,iCoA-PP-2026-0022,9.1,Microbiological Purity | Микробиолошка Чистота,TAMC,Вкупен аеробен микробен број,Ph. Eur. 2.6.12 cat. C,≤ 10⁵ CFU/g,—,—,,,,not tested — no certificate covers it,,
999,CoQ-PP-2026-0022,initial release,23.05.2026,P060422,JD012603/02V,Jelly Donuts,III,iCoA-PP-2026-0022,9.2,Microbiological Purity | Микробиолошка Чистота,TYMC,Вкупен број квасци/мувли,Ph. Eur. 2.6.12 cat. C,≤ 10⁴ CFU/g,—,—,,,,not tested — no certificate covers it,,
1000,CoQ-PP-2026-0022,initial release,23.05.2026,P060422,JD012603/02V,Jelly Donuts,III,iCoA-PP-2026-0022,9.3,Microbiological Purity | Микробиолошка Чистота,Bile-tolerant gram-neg.,Жолчно-толерантни грам-нег.,Ph. Eur. 2.6.31 cat. C,≤ 10⁴ CFU/g,—,—,,,,not tested — no certificate covers it,,
1001,CoQ-PP-2026-0022,initial release,23.05.2026,P060422,JD012603/02V,Jelly Donuts,III,iCoA-PP-2026-0022,9.4,Microbiological Purity | Микробиолошка Чистота,Salmonella,Салмонела,Ph. Eur. 2.6.31 cat. C,Absence | Отсуство / 25 g,—,—,,,,not tested — no certificate covers it,,
1002,CoQ-PP-2026-0022,initial release,23.05.2026,P060422,JD012603/02V,Jelly Donuts,III,iCoA-PP-2026-0022,9.5,Microbiological Purity | Микробиолошка Чистота,Escherichia coli,Ешерихија коли,Ph. Eur. 2.6.13 cat. C,Absence | Отсуство / 1 g,—,—,,,,not tested — no certificate covers it,,
1003,CoQ-PP-2026-0022,initial release,23.05.2026,P060422,JD012603/02V,Jelly Donuts,III,iCoA-PP-2026-0022,9.6,Microbiological Purity | Микробиолошка Чистота,Pseudomonas aeruginosa,,Ph. Eur. 2.6.13 cat. C,Absence | Отсуство / 1 g,—,—,,,,upon request — not required for release,,
1004,CoQ-PP-2026-0022,initial release,23.05.2026,P060422,JD012603/02V,Jelly Donuts,III,iCoA-PP-2026-0022,9.7,Microbiological Purity | Микробиолошка Чистота,Staphylococcus aureus,,Ph. Eur. 2.6.13 cat. C,Absence | Отсуство / 1 g,—,—,,,,upon request — not required for release,,
1005,CoQ-PP-2026-0022,initial release,23.05.2026,P060422,JD012603/02V,Jelly Donuts,III,iCoA-PP-2026-0022,10.1,Mycotoxins | Микотоксини,Aflatoxin B₁,Афлатоксин B₁,Ph. Eur. 2.8.18 (HPLC-FLD),≤ 2 µg/kg,—,—,,,,not tested — no certificate covers it,,
1006,CoQ-PP-2026-0022,initial release,23.05.2026,P060422,JD012603/02V,Jelly Donuts,III,iCoA-PP-2026-0022,10.2,Mycotoxins | Микотоксини,Aflatoxins ∑,Афлатоксини ∑ (B₁+B₂+G₁+G₂),Ph. Eur. 2.8.18 (HPLC-FLD),≤ 4 µg/kg,—,—,,,,not tested — no certificate covers it,,
1007,CoQ-PP-2026-0022,initial release,23.05.2026,P060422,JD012603/02V,Jelly Donuts,III,iCoA-PP-2026-0022,10.3,Mycotoxins | Микотоксини,Ochratoxin A,Охратоксин A,Ph. Eur. 2.8.22 (HPLC-FLD),≤ 20 µg/kg,—,—,,,,not tested — no certificate covers it,,
1008,CoQ-PP-2026-0022,initial release,23.05.2026,P060422,JD012603/02V,Jelly Donuts,III,iCoA-PP-2026-0022,11.1,Heavy Metals | Тешки метали,Lead (Pb),Олово (Pb),Ph. Eur. 2.4.27 (ICP-MS),≤ 0.5 mg/kg,—,—,,,,not tested — no certificate covers it,,
1009,CoQ-PP-2026-0022,initial release,23.05.2026,P060422,JD012603/02V,Jelly Donuts,III,iCoA-PP-2026-0022,11.2,Heavy Metals | Тешки метали,Cadmium (Cd),Кадмиум (Cd),Ph. Eur. 2.4.27 (ICP-MS),≤ 0.3 mg/kg,—,—,,,,not tested — no certificate covers it,,
1010,CoQ-PP-2026-0022,initial release,23.05.2026,P060422,JD012603/02V,Jelly Donuts,III,iCoA-PP-2026-0022,11.3,Heavy Metals | Тешки метали,Arsenic (As),Арсен (As),Ph. Eur. 2.4.27 (ICP-MS),≤ 0.2 mg/kg,—,—,,,,not tested — no certificate covers it,,
1011,CoQ-PP-2026-0022,initial release,23.05.2026,P060422,JD012603/02V,Jelly Donuts,III,iCoA-PP-2026-0022,11.4,Heavy Metals | Тешки метали,Mercury (Hg),Жива (Hg),Ph. Eur. 2.4.27 (ICP-MS),≤ 0.1 mg/kg,—,—,,,,not tested — no certificate covers it,,
1012,CoQ-PP-2026-0022,initial release,23.05.2026,P060422,JD012603/02V,Jelly Donuts,III,iCoA-PP-2026-0022,12,,Pesticide Residues,Остатоци од пестициди,Ph. Eur. 2.8.13 (LC-MS/MS) · CUMCS Equivalency,≤ LOQ as per Ph. Eur. 2.8.13 · ≤ LOQ as per CUMCS Equivalency,—,—,,,,not tested — no certificate covers it,,
1013,CoQ-PP-2026-0023,initial release,24.05.2026,P060402,GG012603,Gorilla Glue,II,iCoA-PP-2026-0023,1,,"Identification A, Appearance · Macroscopic","Идентиф. A, Изглед, Макроскопски",Ph. Eur. mon. 3028,Conforms to monograph | Соодветствува со монографијата,Conforms | Соодветствува,ППК26114,30.06.2026,UKIM Faculty of Pharmacy — Center for Natural Products,UKIM CNP potency,covered,,
1014,CoQ-PP-2026-0023,initial release,24.05.2026,P060402,GG012603,Gorilla Glue,II,iCoA-PP-2026-0023,2,,Identification B · Microscopic,Идентиф. Б · Микроскопски,Ph. Eur. 2.8.23 (microscopy),Conforms to monograph | Соодветствува со монографијата,Conforms | Соодветствува,ППК26114,30.06.2026,UKIM Faculty of Pharmacy — Center for Natural Products,UKIM CNP potency,covered,,
1015,CoQ-PP-2026-0023,initial release,24.05.2026,P060402,GG012603,Gorilla Glue,II,iCoA-PP-2026-0023,3,,Identification C · HPLC/HPTLC,Идентиф. Ц · HPLC/HPTLC,Ph. Eur. 2.2.29 (3028),Conforms to monograph | Соодветствува со монографијата,—,—,,,,to be performed — see route,"outside laboratory — Ident C (CNP Ident C only, or Farmahem with the retest)",
1016,CoQ-PP-2026-0023,initial release,24.05.2026,P060402,GG012603,Gorilla Glue,II,iCoA-PP-2026-0023,4,,Assay — Total Δ⁹-THC,Анализа — вкупен Δ⁹-THC,Ph. Eur. 2.2.29 (HPLC),"14.40 – 17.59 %  (grade II, class THC 16, nominal 16.00 ± 1.60)",17.59,ППК26114,30.06.2026,UKIM Faculty of Pharmacy — Center for Natural Products,UKIM CNP potency,covered,,
1017,CoQ-PP-2026-0023,initial release,24.05.2026,P060402,GG012603,Gorilla Glue,II,iCoA-PP-2026-0023,5,,Assay — Total CBD,Анализа — вкупен CBD,Ph. Eur. 2.2.29 (HPLC) · CBD + CBDA x 0.877,"≤ 1.0%, w/w",0.05,ППК26114,30.06.2026,UKIM Faculty of Pharmacy — Center for Natural Products,UKIM CNP potency,covered,,
1018,CoQ-PP-2026-0023,initial release,24.05.2026,P060402,GG012603,Gorilla Glue,II,iCoA-PP-2026-0023,6,,Total CBN,Вкупен CBN,Ph. Eur. 2.2.29 (HPLC) · CBN + CBNA x 0.876,"≤ 1.0%, w/w",0.15,ППК26114,30.06.2026,UKIM Faculty of Pharmacy — Center for Natural Products,UKIM CNP potency,covered,,
1019,CoQ-PP-2026-0023,initial release,24.05.2026,P060402,GG012603,Gorilla Glue,II,iCoA-PP-2026-0023,7,,Foreign Matter,Страни материи,Ph. Eur. 2.8.2 · In-house · интерна,"≤ 2.0% / 25–50 g · < 1 cm leaves | листови, no seeds | без семки",Conforms | Соодветствува,ППК26114,30.06.2026,UKIM Faculty of Pharmacy — Center for Natural Products,UKIM CNP potency,covered,,
1020,CoQ-PP-2026-0023,initial release,24.05.2026,P060402,GG012603,Gorilla Glue,II,iCoA-PP-2026-0023,8,,Loss on Drying,Губиток при сушење,"Ph. Eur. 2.2.32 (3028) · at 40 °C, 24 h, 15–25 mbar",≤ 12.0%,6.48,ППК26114,30.06.2026,UKIM Faculty of Pharmacy — Center for Natural Products,UKIM CNP potency,covered,,
1021,CoQ-PP-2026-0023,initial release,24.05.2026,P060402,GG012603,Gorilla Glue,II,iCoA-PP-2026-0023,9.1,Microbiological Purity | Микробиолошка Чистота,TAMC,Вкупен аеробен микробен број,Ph. Eur. 2.6.12 cat. C,≤ 10⁵ CFU/g,—,—,,,,not tested — no certificate covers it,,
1022,CoQ-PP-2026-0023,initial release,24.05.2026,P060402,GG012603,Gorilla Glue,II,iCoA-PP-2026-0023,9.2,Microbiological Purity | Микробиолошка Чистота,TYMC,Вкупен број квасци/мувли,Ph. Eur. 2.6.12 cat. C,≤ 10⁴ CFU/g,—,—,,,,not tested — no certificate covers it,,
1023,CoQ-PP-2026-0023,initial release,24.05.2026,P060402,GG012603,Gorilla Glue,II,iCoA-PP-2026-0023,9.3,Microbiological Purity | Микробиолошка Чистота,Bile-tolerant gram-neg.,Жолчно-толерантни грам-нег.,Ph. Eur. 2.6.31 cat. C,≤ 10⁴ CFU/g,—,—,,,,not tested — no certificate covers it,,
1024,CoQ-PP-2026-0023,initial release,24.05.2026,P060402,GG012603,Gorilla Glue,II,iCoA-PP-2026-0023,9.4,Microbiological Purity | Микробиолошка Чистота,Salmonella,Салмонела,Ph. Eur. 2.6.31 cat. C,Absence | Отсуство / 25 g,—,—,,,,not tested — no certificate covers it,,
1025,CoQ-PP-2026-0023,initial release,24.05.2026,P060402,GG012603,Gorilla Glue,II,iCoA-PP-2026-0023,9.5,Microbiological Purity | Микробиолошка Чистота,Escherichia coli,Ешерихија коли,Ph. Eur. 2.6.13 cat. C,Absence | Отсуство / 1 g,—,—,,,,not tested — no certificate covers it,,
1026,CoQ-PP-2026-0023,initial release,24.05.2026,P060402,GG012603,Gorilla Glue,II,iCoA-PP-2026-0023,9.6,Microbiological Purity | Микробиолошка Чистота,Pseudomonas aeruginosa,,Ph. Eur. 2.6.13 cat. C,Absence | Отсуство / 1 g,—,—,,,,upon request — not required for release,,
1027,CoQ-PP-2026-0023,initial release,24.05.2026,P060402,GG012603,Gorilla Glue,II,iCoA-PP-2026-0023,9.7,Microbiological Purity | Микробиолошка Чистота,Staphylococcus aureus,,Ph. Eur. 2.6.13 cat. C,Absence | Отсуство / 1 g,—,—,,,,upon request — not required for release,,
1028,CoQ-PP-2026-0023,initial release,24.05.2026,P060402,GG012603,Gorilla Glue,II,iCoA-PP-2026-0023,10.1,Mycotoxins | Микотоксини,Aflatoxin B₁,Афлатоксин B₁,Ph. Eur. 2.8.18 (HPLC-FLD),≤ 2 µg/kg,—,—,,,,not tested — no certificate covers it,,
1029,CoQ-PP-2026-0023,initial release,24.05.2026,P060402,GG012603,Gorilla Glue,II,iCoA-PP-2026-0023,10.2,Mycotoxins | Микотоксини,Aflatoxins ∑,Афлатоксини ∑ (B₁+B₂+G₁+G₂),Ph. Eur. 2.8.18 (HPLC-FLD),≤ 4 µg/kg,—,—,,,,not tested — no certificate covers it,,
1030,CoQ-PP-2026-0023,initial release,24.05.2026,P060402,GG012603,Gorilla Glue,II,iCoA-PP-2026-0023,10.3,Mycotoxins | Микотоксини,Ochratoxin A,Охратоксин A,Ph. Eur. 2.8.22 (HPLC-FLD),≤ 20 µg/kg,—,—,,,,not tested — no certificate covers it,,
1031,CoQ-PP-2026-0023,initial release,24.05.2026,P060402,GG012603,Gorilla Glue,II,iCoA-PP-2026-0023,11.1,Heavy Metals | Тешки метали,Lead (Pb),Олово (Pb),Ph. Eur. 2.4.27 (ICP-MS),≤ 0.5 mg/kg,—,—,,,,not tested — no certificate covers it,,
1032,CoQ-PP-2026-0023,initial release,24.05.2026,P060402,GG012603,Gorilla Glue,II,iCoA-PP-2026-0023,11.2,Heavy Metals | Тешки метали,Cadmium (Cd),Кадмиум (Cd),Ph. Eur. 2.4.27 (ICP-MS),≤ 0.3 mg/kg,—,—,,,,not tested — no certificate covers it,,
1033,CoQ-PP-2026-0023,initial release,24.05.2026,P060402,GG012603,Gorilla Glue,II,iCoA-PP-2026-0023,11.3,Heavy Metals | Тешки метали,Arsenic (As),Арсен (As),Ph. Eur. 2.4.27 (ICP-MS),≤ 0.2 mg/kg,—,—,,,,not tested — no certificate covers it,,
1034,CoQ-PP-2026-0023,initial release,24.05.2026,P060402,GG012603,Gorilla Glue,II,iCoA-PP-2026-0023,11.4,Heavy Metals | Тешки метали,Mercury (Hg),Жива (Hg),Ph. Eur. 2.4.27 (ICP-MS),≤ 0.1 mg/kg,—,—,,,,not tested — no certificate covers it,,
1035,CoQ-PP-2026-0023,initial release,24.05.2026,P060402,GG012603,Gorilla Glue,II,iCoA-PP-2026-0023,12,,Pesticide Residues,Остатоци од пестициди,Ph. Eur. 2.8.13 (LC-MS/MS) · CUMCS Equivalency,≤ LOQ as per Ph. Eur. 2.8.13 · ≤ LOQ as per CUMCS Equivalency,—,—,,,,not tested — no certificate covers it,,
1036,CoQ-PP-2026-0024,initial release,24.05.2026,P060372,CC012603,Cash Cow,I,iCoA-PP-2026-0024,1,,"Identification A, Appearance · Macroscopic","Идентиф. A, Изглед, Макроскопски",Ph. Eur. mon. 3028,Conforms to monograph | Соодветствува со монографијата,—,—,,,,to be performed — see route,Purely Plant laboratory — iCoA covering Ident A + B,
1037,CoQ-PP-2026-0024,initial release,24.05.2026,P060372,CC012603,Cash Cow,I,iCoA-PP-2026-0024,2,,Identification B · Microscopic,Идентиф. Б · Микроскопски,Ph. Eur. 2.8.23 (microscopy),Conforms to monograph | Соодветствува со монографијата,—,—,,,,to be performed — see route,Purely Plant laboratory — iCoA covering Ident A + B,
1038,CoQ-PP-2026-0024,initial release,24.05.2026,P060372,CC012603,Cash Cow,I,iCoA-PP-2026-0024,3,,Identification C · HPLC/HPTLC,Идентиф. Ц · HPLC/HPTLC,Ph. Eur. 2.2.29 (3028),Conforms to monograph | Соодветствува со монографијата,—,—,,,,to be performed — see route,"outside laboratory — Ident C (CNP Ident C only, or Farmahem with the retest)",
1039,CoQ-PP-2026-0024,initial release,24.05.2026,P060372,CC012603,Cash Cow,I,iCoA-PP-2026-0024,4,,Assay — Total Δ⁹-THC,Анализа — вкупен Δ⁹-THC,Ph. Eur. 2.2.29 (HPLC),"12.60 – 15.39 %  (grade I, class THC 14, nominal 14.00 ± 1.40)",—,—,,,,not tested — no certificate covers it,,
1040,CoQ-PP-2026-0024,initial release,24.05.2026,P060372,CC012603,Cash Cow,I,iCoA-PP-2026-0024,5,,Assay — Total CBD,Анализа — вкупен CBD,Ph. Eur. 2.2.29 (HPLC) · CBD + CBDA x 0.877,"≤ 1.0%, w/w",—,—,,,,not tested — no certificate covers it,,
1041,CoQ-PP-2026-0024,initial release,24.05.2026,P060372,CC012603,Cash Cow,I,iCoA-PP-2026-0024,6,,Total CBN,Вкупен CBN,Ph. Eur. 2.2.29 (HPLC) · CBN + CBNA x 0.876,"≤ 1.0%, w/w",—,—,,,,not tested — no certificate covers it,,
1042,CoQ-PP-2026-0024,initial release,24.05.2026,P060372,CC012603,Cash Cow,I,iCoA-PP-2026-0024,7,,Foreign Matter,Страни материи,Ph. Eur. 2.8.2 · In-house · интерна,"≤ 2.0% / 25–50 g · < 1 cm leaves | листови, no seeds | без семки",—,—,,,,to be performed — see route,Purely Plant laboratory — iCoA covering Foreign matter,
1043,CoQ-PP-2026-0024,initial release,24.05.2026,P060372,CC012603,Cash Cow,I,iCoA-PP-2026-0024,8,,Loss on Drying,Губиток при сушење,"Ph. Eur. 2.2.32 (3028) · at 40 °C, 24 h, 15–25 mbar",≤ 12.0%,—,—,,,,not tested — no certificate covers it,,
1044,CoQ-PP-2026-0024,initial release,24.05.2026,P060372,CC012603,Cash Cow,I,iCoA-PP-2026-0024,9.1,Microbiological Purity | Микробиолошка Чистота,TAMC,Вкупен аеробен микробен број,Ph. Eur. 2.6.12 cat. C,≤ 10⁵ CFU/g,—,—,,,,not tested — no certificate covers it,,
1045,CoQ-PP-2026-0024,initial release,24.05.2026,P060372,CC012603,Cash Cow,I,iCoA-PP-2026-0024,9.2,Microbiological Purity | Микробиолошка Чистота,TYMC,Вкупен број квасци/мувли,Ph. Eur. 2.6.12 cat. C,≤ 10⁴ CFU/g,—,—,,,,not tested — no certificate covers it,,
1046,CoQ-PP-2026-0024,initial release,24.05.2026,P060372,CC012603,Cash Cow,I,iCoA-PP-2026-0024,9.3,Microbiological Purity | Микробиолошка Чистота,Bile-tolerant gram-neg.,Жолчно-толерантни грам-нег.,Ph. Eur. 2.6.31 cat. C,≤ 10⁴ CFU/g,—,—,,,,not tested — no certificate covers it,,
1047,CoQ-PP-2026-0024,initial release,24.05.2026,P060372,CC012603,Cash Cow,I,iCoA-PP-2026-0024,9.4,Microbiological Purity | Микробиолошка Чистота,Salmonella,Салмонела,Ph. Eur. 2.6.31 cat. C,Absence | Отсуство / 25 g,—,—,,,,not tested — no certificate covers it,,
1048,CoQ-PP-2026-0024,initial release,24.05.2026,P060372,CC012603,Cash Cow,I,iCoA-PP-2026-0024,9.5,Microbiological Purity | Микробиолошка Чистота,Escherichia coli,Ешерихија коли,Ph. Eur. 2.6.13 cat. C,Absence | Отсуство / 1 g,—,—,,,,not tested — no certificate covers it,,
1049,CoQ-PP-2026-0024,initial release,24.05.2026,P060372,CC012603,Cash Cow,I,iCoA-PP-2026-0024,9.6,Microbiological Purity | Микробиолошка Чистота,Pseudomonas aeruginosa,,Ph. Eur. 2.6.13 cat. C,Absence | Отсуство / 1 g,—,—,,,,upon request — not required for release,,
1050,CoQ-PP-2026-0024,initial release,24.05.2026,P060372,CC012603,Cash Cow,I,iCoA-PP-2026-0024,9.7,Microbiological Purity | Микробиолошка Чистота,Staphylococcus aureus,,Ph. Eur. 2.6.13 cat. C,Absence | Отсуство / 1 g,—,—,,,,upon request — not required for release,,
1051,CoQ-PP-2026-0024,initial release,24.05.2026,P060372,CC012603,Cash Cow,I,iCoA-PP-2026-0024,10.1,Mycotoxins | Микотоксини,Aflatoxin B₁,Афлатоксин B₁,Ph. Eur. 2.8.18 (HPLC-FLD),≤ 2 µg/kg,—,—,,,,not tested — no certificate covers it,,
1052,CoQ-PP-2026-0024,initial release,24.05.2026,P060372,CC012603,Cash Cow,I,iCoA-PP-2026-0024,10.2,Mycotoxins | Микотоксини,Aflatoxins ∑,Афлатоксини ∑ (B₁+B₂+G₁+G₂),Ph. Eur. 2.8.18 (HPLC-FLD),≤ 4 µg/kg,—,—,,,,not tested — no certificate covers it,,
1053,CoQ-PP-2026-0024,initial release,24.05.2026,P060372,CC012603,Cash Cow,I,iCoA-PP-2026-0024,10.3,Mycotoxins | Микотоксини,Ochratoxin A,Охратоксин A,Ph. Eur. 2.8.22 (HPLC-FLD),≤ 20 µg/kg,—,—,,,,not tested — no certificate covers it,,
1054,CoQ-PP-2026-0024,initial release,24.05.2026,P060372,CC012603,Cash Cow,I,iCoA-PP-2026-0024,11.1,Heavy Metals | Тешки метали,Lead (Pb),Олово (Pb),Ph. Eur. 2.4.27 (ICP-MS),≤ 0.5 mg/kg,—,—,,,,not tested — no certificate covers it,,
1055,CoQ-PP-2026-0024,initial release,24.05.2026,P060372,CC012603,Cash Cow,I,iCoA-PP-2026-0024,11.2,Heavy Metals | Тешки метали,Cadmium (Cd),Кадмиум (Cd),Ph. Eur. 2.4.27 (ICP-MS),≤ 0.3 mg/kg,—,—,,,,not tested — no certificate covers it,,
1056,CoQ-PP-2026-0024,initial release,24.05.2026,P060372,CC012603,Cash Cow,I,iCoA-PP-2026-0024,11.3,Heavy Metals | Тешки метали,Arsenic (As),Арсен (As),Ph. Eur. 2.4.27 (ICP-MS),≤ 0.2 mg/kg,—,—,,,,not tested — no certificate covers it,,
1057,CoQ-PP-2026-0024,initial release,24.05.2026,P060372,CC012603,Cash Cow,I,iCoA-PP-2026-0024,11.4,Heavy Metals | Тешки метали,Mercury (Hg),Жива (Hg),Ph. Eur. 2.4.27 (ICP-MS),≤ 0.1 mg/kg,—,—,,,,not tested — no certificate covers it,,
1058,CoQ-PP-2026-0024,initial release,24.05.2026,P060372,CC012603,Cash Cow,I,iCoA-PP-2026-0024,12,,Pesticide Residues,Остатоци од пестициди,Ph. Eur. 2.8.13 (LC-MS/MS) · CUMCS Equivalency,≤ LOQ as per Ph. Eur. 2.8.13 · ≤ LOQ as per CUMCS Equivalency,—,—,,,,not tested — no certificate covers it,,
1059,CoQ-PP-2026-0025,initial release,24.05.2026,P060412,JD012603/02,Jelly Donuts,IV,iCoA-PP-2026-0025,1,,"Identification A, Appearance · Macroscopic","Идентиф. A, Изглед, Макроскопски",Ph. Eur. mon. 3028,Conforms to monograph | Соодветствува со монографијата,Conforms | Соодветствува,ППК26113,30.06.2026,UKIM Faculty of Pharmacy — Center for Natural Products,UKIM CNP potency,covered,,
1060,CoQ-PP-2026-0025,initial release,24.05.2026,P060412,JD012603/02,Jelly Donuts,IV,iCoA-PP-2026-0025,2,,Identification B · Microscopic,Идентиф. Б · Микроскопски,Ph. Eur. 2.8.23 (microscopy),Conforms to monograph | Соодветствува со монографијата,Conforms | Соодветствува,ППК26113,30.06.2026,UKIM Faculty of Pharmacy — Center for Natural Products,UKIM CNP potency,covered,,
1061,CoQ-PP-2026-0025,initial release,24.05.2026,P060412,JD012603/02,Jelly Donuts,IV,iCoA-PP-2026-0025,3,,Identification C · HPLC/HPTLC,Идентиф. Ц · HPLC/HPTLC,Ph. Eur. 2.2.29 (3028),Conforms to monograph | Соодветствува со монографијата,—,—,,,,to be performed — see route,"outside laboratory — Ident C (CNP Ident C only, or Farmahem with the retest)",
1062,CoQ-PP-2026-0025,initial release,24.05.2026,P060412,JD012603/02,Jelly Donuts,IV,iCoA-PP-2026-0025,4,,Assay — Total Δ⁹-THC,Анализа — вкупен Δ⁹-THC,Ph. Eur. 2.2.29 (HPLC),"12.60 – 15.39 %  (grade IV, class THC 14, nominal 14.00 ± 1.40)",20.54,ППК26113,30.06.2026,UKIM Faculty of Pharmacy — Center for Natural Products,UKIM CNP potency,covered,,
1063,CoQ-PP-2026-0025,initial release,24.05.2026,P060412,JD012603/02,Jelly Donuts,IV,iCoA-PP-2026-0025,5,,Assay — Total CBD,Анализа — вкупен CBD,Ph. Eur. 2.2.29 (HPLC) · CBD + CBDA x 0.877,"≤ 1.0%, w/w",0.05,ППК26113,30.06.2026,UKIM Faculty of Pharmacy — Center for Natural Products,UKIM CNP potency,covered,,
1064,CoQ-PP-2026-0025,initial release,24.05.2026,P060412,JD012603/02,Jelly Donuts,IV,iCoA-PP-2026-0025,6,,Total CBN,Вкупен CBN,Ph. Eur. 2.2.29 (HPLC) · CBN + CBNA x 0.876,"≤ 1.0%, w/w",0.05,ППК26113,30.06.2026,UKIM Faculty of Pharmacy — Center for Natural Products,UKIM CNP potency,covered,,
1065,CoQ-PP-2026-0025,initial release,24.05.2026,P060412,JD012603/02,Jelly Donuts,IV,iCoA-PP-2026-0025,7,,Foreign Matter,Страни материи,Ph. Eur. 2.8.2 · In-house · интерна,"≤ 2.0% / 25–50 g · < 1 cm leaves | листови, no seeds | без семки",Conforms | Соодветствува,ППК26113,30.06.2026,UKIM Faculty of Pharmacy — Center for Natural Products,UKIM CNP potency,covered,,
1066,CoQ-PP-2026-0025,initial release,24.05.2026,P060412,JD012603/02,Jelly Donuts,IV,iCoA-PP-2026-0025,8,,Loss on Drying,Губиток при сушење,"Ph. Eur. 2.2.32 (3028) · at 40 °C, 24 h, 15–25 mbar",≤ 12.0%,7.52,ППК26113,30.06.2026,UKIM Faculty of Pharmacy — Center for Natural Products,UKIM CNP potency,covered,,
1067,CoQ-PP-2026-0025,initial release,24.05.2026,P060412,JD012603/02,Jelly Donuts,IV,iCoA-PP-2026-0025,9.1,Microbiological Purity | Микробиолошка Чистота,TAMC,Вкупен аеробен микробен број,Ph. Eur. 2.6.12 cat. C,≤ 10⁵ CFU/g,—,—,,,,not tested — no certificate covers it,,
1068,CoQ-PP-2026-0025,initial release,24.05.2026,P060412,JD012603/02,Jelly Donuts,IV,iCoA-PP-2026-0025,9.2,Microbiological Purity | Микробиолошка Чистота,TYMC,Вкупен број квасци/мувли,Ph. Eur. 2.6.12 cat. C,≤ 10⁴ CFU/g,—,—,,,,not tested — no certificate covers it,,
1069,CoQ-PP-2026-0025,initial release,24.05.2026,P060412,JD012603/02,Jelly Donuts,IV,iCoA-PP-2026-0025,9.3,Microbiological Purity | Микробиолошка Чистота,Bile-tolerant gram-neg.,Жолчно-толерантни грам-нег.,Ph. Eur. 2.6.31 cat. C,≤ 10⁴ CFU/g,—,—,,,,not tested — no certificate covers it,,
1070,CoQ-PP-2026-0025,initial release,24.05.2026,P060412,JD012603/02,Jelly Donuts,IV,iCoA-PP-2026-0025,9.4,Microbiological Purity | Микробиолошка Чистота,Salmonella,Салмонела,Ph. Eur. 2.6.31 cat. C,Absence | Отсуство / 25 g,—,—,,,,not tested — no certificate covers it,,
1071,CoQ-PP-2026-0025,initial release,24.05.2026,P060412,JD012603/02,Jelly Donuts,IV,iCoA-PP-2026-0025,9.5,Microbiological Purity | Микробиолошка Чистота,Escherichia coli,Ешерихија коли,Ph. Eur. 2.6.13 cat. C,Absence | Отсуство / 1 g,—,—,,,,not tested — no certificate covers it,,
1072,CoQ-PP-2026-0025,initial release,24.05.2026,P060412,JD012603/02,Jelly Donuts,IV,iCoA-PP-2026-0025,9.6,Microbiological Purity | Микробиолошка Чистота,Pseudomonas aeruginosa,,Ph. Eur. 2.6.13 cat. C,Absence | Отсуство / 1 g,—,—,,,,upon request — not required for release,,
1073,CoQ-PP-2026-0025,initial release,24.05.2026,P060412,JD012603/02,Jelly Donuts,IV,iCoA-PP-2026-0025,9.7,Microbiological Purity | Микробиолошка Чистота,Staphylococcus aureus,,Ph. Eur. 2.6.13 cat. C,Absence | Отсуство / 1 g,—,—,,,,upon request — not required for release,,
1074,CoQ-PP-2026-0025,initial release,24.05.2026,P060412,JD012603/02,Jelly Donuts,IV,iCoA-PP-2026-0025,10.1,Mycotoxins | Микотоксини,Aflatoxin B₁,Афлатоксин B₁,Ph. Eur. 2.8.18 (HPLC-FLD),≤ 2 µg/kg,—,—,,,,not tested — no certificate covers it,,
1075,CoQ-PP-2026-0025,initial release,24.05.2026,P060412,JD012603/02,Jelly Donuts,IV,iCoA-PP-2026-0025,10.2,Mycotoxins | Микотоксини,Aflatoxins ∑,Афлатоксини ∑ (B₁+B₂+G₁+G₂),Ph. Eur. 2.8.18 (HPLC-FLD),≤ 4 µg/kg,—,—,,,,not tested — no certificate covers it,,
1076,CoQ-PP-2026-0025,initial release,24.05.2026,P060412,JD012603/02,Jelly Donuts,IV,iCoA-PP-2026-0025,10.3,Mycotoxins | Микотоксини,Ochratoxin A,Охратоксин A,Ph. Eur. 2.8.22 (HPLC-FLD),≤ 20 µg/kg,—,—,,,,not tested — no certificate covers it,,
1077,CoQ-PP-2026-0025,initial release,24.05.2026,P060412,JD012603/02,Jelly Donuts,IV,iCoA-PP-2026-0025,11.1,Heavy Metals | Тешки метали,Lead (Pb),Олово (Pb),Ph. Eur. 2.4.27 (ICP-MS),≤ 0.5 mg/kg,—,—,,,,not tested — no certificate covers it,,
1078,CoQ-PP-2026-0025,initial release,24.05.2026,P060412,JD012603/02,Jelly Donuts,IV,iCoA-PP-2026-0025,11.2,Heavy Metals | Тешки метали,Cadmium (Cd),Кадмиум (Cd),Ph. Eur. 2.4.27 (ICP-MS),≤ 0.3 mg/kg,—,—,,,,not tested — no certificate covers it,,
1079,CoQ-PP-2026-0025,initial release,24.05.2026,P060412,JD012603/02,Jelly Donuts,IV,iCoA-PP-2026-0025,11.3,Heavy Metals | Тешки метали,Arsenic (As),Арсен (As),Ph. Eur. 2.4.27 (ICP-MS),≤ 0.2 mg/kg,—,—,,,,not tested — no certificate covers it,,
1080,CoQ-PP-2026-0025,initial release,24.05.2026,P060412,JD012603/02,Jelly Donuts,IV,iCoA-PP-2026-0025,11.4,Heavy Metals | Тешки метали,Mercury (Hg),Жива (Hg),Ph. Eur. 2.4.27 (ICP-MS),≤ 0.1 mg/kg,—,—,,,,not tested — no certificate covers it,,
1081,CoQ-PP-2026-0025,initial release,24.05.2026,P060412,JD012603/02,Jelly Donuts,IV,iCoA-PP-2026-0025,12,,Pesticide Residues,Остатоци од пестициди,Ph. Eur. 2.8.13 (LC-MS/MS) · CUMCS Equivalency,≤ LOQ as per Ph. Eur. 2.8.13 · ≤ LOQ as per CUMCS Equivalency,—,—,,,,not tested — no certificate covers it,,
1082,CoQ-PP-2026-0026,initial release,25.05.2026,P060382,SCR012603,Scrambler,II,iCoA-PP-2026-0026,1,,"Identification A, Appearance · Macroscopic","Идентиф. A, Изглед, Макроскопски",Ph. Eur. mon. 3028,Conforms to monograph | Соодветствува со монографијата,—,—,,,,to be performed — see route,Purely Plant laboratory — iCoA covering Ident A + B,
1083,CoQ-PP-2026-0026,initial release,25.05.2026,P060382,SCR012603,Scrambler,II,iCoA-PP-2026-0026,2,,Identification B · Microscopic,Идентиф. Б · Микроскопски,Ph. Eur. 2.8.23 (microscopy),Conforms to monograph | Соодветствува со монографијата,—,—,,,,to be performed — see route,Purely Plant laboratory — iCoA covering Ident A + B,
1084,CoQ-PP-2026-0026,initial release,25.05.2026,P060382,SCR012603,Scrambler,II,iCoA-PP-2026-0026,3,,Identification C · HPLC/HPTLC,Идентиф. Ц · HPLC/HPTLC,Ph. Eur. 2.2.29 (3028),Conforms to monograph | Соодветствува со монографијата,—,—,,,,to be performed — see route,"outside laboratory — Ident C (CNP Ident C only, or Farmahem with the retest)",
1085,CoQ-PP-2026-0026,initial release,25.05.2026,P060382,SCR012603,Scrambler,II,iCoA-PP-2026-0026,4,,Assay — Total Δ⁹-THC,Анализа — вкупен Δ⁹-THC,Ph. Eur. 2.2.29 (HPLC),"16.20 – 19.79 %  (grade II, class THC 18, nominal 18.00 ± 1.80)",—,—,,,,not tested — no certificate covers it,,
1086,CoQ-PP-2026-0026,initial release,25.05.2026,P060382,SCR012603,Scrambler,II,iCoA-PP-2026-0026,5,,Assay — Total CBD,Анализа — вкупен CBD,Ph. Eur. 2.2.29 (HPLC) · CBD + CBDA x 0.877,"≤ 1.0%, w/w",—,—,,,,not tested — no certificate covers it,,
1087,CoQ-PP-2026-0026,initial release,25.05.2026,P060382,SCR012603,Scrambler,II,iCoA-PP-2026-0026,6,,Total CBN,Вкупен CBN,Ph. Eur. 2.2.29 (HPLC) · CBN + CBNA x 0.876,"≤ 1.0%, w/w",—,—,,,,not tested — no certificate covers it,,
1088,CoQ-PP-2026-0026,initial release,25.05.2026,P060382,SCR012603,Scrambler,II,iCoA-PP-2026-0026,7,,Foreign Matter,Страни материи,Ph. Eur. 2.8.2 · In-house · интерна,"≤ 2.0% / 25–50 g · < 1 cm leaves | листови, no seeds | без семки",—,—,,,,to be performed — see route,Purely Plant laboratory — iCoA covering Foreign matter,
1089,CoQ-PP-2026-0026,initial release,25.05.2026,P060382,SCR012603,Scrambler,II,iCoA-PP-2026-0026,8,,Loss on Drying,Губиток при сушење,"Ph. Eur. 2.2.32 (3028) · at 40 °C, 24 h, 15–25 mbar",≤ 12.0%,—,—,,,,not tested — no certificate covers it,,
1090,CoQ-PP-2026-0026,initial release,25.05.2026,P060382,SCR012603,Scrambler,II,iCoA-PP-2026-0026,9.1,Microbiological Purity | Микробиолошка Чистота,TAMC,Вкупен аеробен микробен број,Ph. Eur. 2.6.12 cat. C,≤ 10⁵ CFU/g,—,—,,,,not tested — no certificate covers it,,
1091,CoQ-PP-2026-0026,initial release,25.05.2026,P060382,SCR012603,Scrambler,II,iCoA-PP-2026-0026,9.2,Microbiological Purity | Микробиолошка Чистота,TYMC,Вкупен број квасци/мувли,Ph. Eur. 2.6.12 cat. C,≤ 10⁴ CFU/g,—,—,,,,not tested — no certificate covers it,,
1092,CoQ-PP-2026-0026,initial release,25.05.2026,P060382,SCR012603,Scrambler,II,iCoA-PP-2026-0026,9.3,Microbiological Purity | Микробиолошка Чистота,Bile-tolerant gram-neg.,Жолчно-толерантни грам-нег.,Ph. Eur. 2.6.31 cat. C,≤ 10⁴ CFU/g,—,—,,,,not tested — no certificate covers it,,
1093,CoQ-PP-2026-0026,initial release,25.05.2026,P060382,SCR012603,Scrambler,II,iCoA-PP-2026-0026,9.4,Microbiological Purity | Микробиолошка Чистота,Salmonella,Салмонела,Ph. Eur. 2.6.31 cat. C,Absence | Отсуство / 25 g,—,—,,,,not tested — no certificate covers it,,
1094,CoQ-PP-2026-0026,initial release,25.05.2026,P060382,SCR012603,Scrambler,II,iCoA-PP-2026-0026,9.5,Microbiological Purity | Микробиолошка Чистота,Escherichia coli,Ешерихија коли,Ph. Eur. 2.6.13 cat. C,Absence | Отсуство / 1 g,—,—,,,,not tested — no certificate covers it,,
1095,CoQ-PP-2026-0026,initial release,25.05.2026,P060382,SCR012603,Scrambler,II,iCoA-PP-2026-0026,9.6,Microbiological Purity | Микробиолошка Чистота,Pseudomonas aeruginosa,,Ph. Eur. 2.6.13 cat. C,Absence | Отсуство / 1 g,—,—,,,,upon request — not required for release,,
1096,CoQ-PP-2026-0026,initial release,25.05.2026,P060382,SCR012603,Scrambler,II,iCoA-PP-2026-0026,9.7,Microbiological Purity | Микробиолошка Чистота,Staphylococcus aureus,,Ph. Eur. 2.6.13 cat. C,Absence | Отсуство / 1 g,—,—,,,,upon request — not required for release,,
1097,CoQ-PP-2026-0026,initial release,25.05.2026,P060382,SCR012603,Scrambler,II,iCoA-PP-2026-0026,10.1,Mycotoxins | Микотоксини,Aflatoxin B₁,Афлатоксин B₁,Ph. Eur. 2.8.18 (HPLC-FLD),≤ 2 µg/kg,—,—,,,,not tested — no certificate covers it,,
1098,CoQ-PP-2026-0026,initial release,25.05.2026,P060382,SCR012603,Scrambler,II,iCoA-PP-2026-0026,10.2,Mycotoxins | Микотоксини,Aflatoxins ∑,Афлатоксини ∑ (B₁+B₂+G₁+G₂),Ph. Eur. 2.8.18 (HPLC-FLD),≤ 4 µg/kg,—,—,,,,not tested — no certificate covers it,,
1099,CoQ-PP-2026-0026,initial release,25.05.2026,P060382,SCR012603,Scrambler,II,iCoA-PP-2026-0026,10.3,Mycotoxins | Микотоксини,Ochratoxin A,Охратоксин A,Ph. Eur. 2.8.22 (HPLC-FLD),≤ 20 µg/kg,—,—,,,,not tested — no certificate covers it,,
1100,CoQ-PP-2026-0026,initial release,25.05.2026,P060382,SCR012603,Scrambler,II,iCoA-PP-2026-0026,11.1,Heavy Metals | Тешки метали,Lead (Pb),Олово (Pb),Ph. Eur. 2.4.27 (ICP-MS),≤ 0.5 mg/kg,—,—,,,,not tested — no certificate covers it,,
1101,CoQ-PP-2026-0026,initial release,25.05.2026,P060382,SCR012603,Scrambler,II,iCoA-PP-2026-0026,11.2,Heavy Metals | Тешки метали,Cadmium (Cd),Кадмиум (Cd),Ph. Eur. 2.4.27 (ICP-MS),≤ 0.3 mg/kg,—,—,,,,not tested — no certificate covers it,,
1102,CoQ-PP-2026-0026,initial release,25.05.2026,P060382,SCR012603,Scrambler,II,iCoA-PP-2026-0026,11.3,Heavy Metals | Тешки метали,Arsenic (As),Арсен (As),Ph. Eur. 2.4.27 (ICP-MS),≤ 0.2 mg/kg,—,—,,,,not tested — no certificate covers it,,
1103,CoQ-PP-2026-0026,initial release,25.05.2026,P060382,SCR012603,Scrambler,II,iCoA-PP-2026-0026,11.4,Heavy Metals | Тешки метали,Mercury (Hg),Жива (Hg),Ph. Eur. 2.4.27 (ICP-MS),≤ 0.1 mg/kg,—,—,,,,not tested — no certificate covers it,,
1104,CoQ-PP-2026-0026,initial release,25.05.2026,P060382,SCR012603,Scrambler,II,iCoA-PP-2026-0026,12,,Pesticide Residues,Остатоци од пестициди,Ph. Eur. 2.8.13 (LC-MS/MS) · CUMCS Equivalency,≤ LOQ as per Ph. Eur. 2.8.13 · ≤ LOQ as per CUMCS Equivalency,—,—,,,,not tested — no certificate covers it,,
1105,CoQ-PP-2026-0027,additional testing (12-month),04.03.2026,BSS1024,BSS1024,Blue Sunset Sherbet,I,iCoA-PP-2025-0001,1,,"Identification A, Appearance · Macroscopic","Идентиф. A, Изглед, Макроскопски",Ph. Eur. mon. 3028,Conforms to monograph | Соодветствува со монографијата,—,—,,,,to be performed — see route,"Farmahem — Ident A + B + C with the Assay, at retest",
1106,CoQ-PP-2026-0027,additional testing (12-month),04.03.2026,BSS1024,BSS1024,Blue Sunset Sherbet,I,iCoA-PP-2025-0001,2,,Identification B · Microscopic,Идентиф. Б · Микроскопски,Ph. Eur. 2.8.23 (microscopy),Conforms to monograph | Соодветствува со монографијата,—,—,,,,to be performed — see route,"Farmahem — Ident A + B + C with the Assay, at retest",
1107,CoQ-PP-2026-0027,additional testing (12-month),04.03.2026,BSS1024,BSS1024,Blue Sunset Sherbet,I,iCoA-PP-2025-0001,3,,Identification C · HPLC/HPTLC,Идентиф. Ц · HPLC/HPTLC,Ph. Eur. 2.2.29 (3028),Conforms to monograph | Соодветствува со монографијата,—,—,,,,to be performed — see route,"Farmahem — Ident A + B + C with the Assay, at retest",
1108,CoQ-PP-2026-0027,additional testing (12-month),04.03.2026,BSS1024,BSS1024,Blue Sunset Sherbet,I,iCoA-PP-2025-0001,4,,Assay — Total Δ⁹-THC,Анализа — вкупен Δ⁹-THC,Ph. Eur. 2.2.29 (HPLC),"21.60 – 26.39 %  (grade I, class THC 24, nominal 24.00 ± 2.40)",25.01,197-2-К/26,07.08.2026,Farmahem,Farmahem re-analysis — cannabinoids,covered,,
1109,CoQ-PP-2026-0027,additional testing (12-month),04.03.2026,BSS1024,BSS1024,Blue Sunset Sherbet,I,iCoA-PP-2025-0001,5,,Assay — Total CBD,Анализа — вкупен CBD,Ph. Eur. 2.2.29 (HPLC) · CBD + CBDA x 0.877,"≤ 1.0%, w/w",<LOQ,197-2-К/26,07.08.2026,Farmahem,Farmahem re-analysis — cannabinoids,covered,,
1110,CoQ-PP-2026-0027,additional testing (12-month),04.03.2026,BSS1024,BSS1024,Blue Sunset Sherbet,I,iCoA-PP-2025-0001,6,,Total CBN,Вкупен CBN,Ph. Eur. 2.2.29 (HPLC) · CBN + CBNA x 0.876,"≤ 1.0%, w/w",<LOQ,197-2-К/26,07.08.2026,Farmahem,Farmahem re-analysis — cannabinoids,covered,,
1111,CoQ-PP-2026-0027,additional testing (12-month),04.03.2026,BSS1024,BSS1024,Blue Sunset Sherbet,I,iCoA-PP-2025-0001,7,,Foreign Matter,Страни материи,Ph. Eur. 2.8.2 · In-house · интерна,"≤ 2.0% / 25–50 g · < 1 cm leaves | листови, no seeds | без семки",—,—,,,,to be performed — see route,Purely Plant laboratory — iCoA covering Foreign matter,
1112,CoQ-PP-2026-0027,additional testing (12-month),04.03.2026,BSS1024,BSS1024,Blue Sunset Sherbet,I,iCoA-PP-2025-0001,8,,Loss on Drying,Губиток при сушење,"Ph. Eur. 2.2.32 (3028) · at 40 °C, 24 h, 15–25 mbar",≤ 12.0%,—,—,,,,additional testing owed — no post-release certificate yet,,
1113,CoQ-PP-2026-0027,additional testing (12-month),04.03.2026,BSS1024,BSS1024,Blue Sunset Sherbet,I,iCoA-PP-2025-0001,9.1,Microbiological Purity | Микробиолошка Чистота,TAMC,Вкупен аеробен микробен број,Ph. Eur. 2.6.12 cat. C,≤ 10⁵ CFU/g,—,—,,,,additional testing owed — no post-release certificate yet,,
1114,CoQ-PP-2026-0027,additional testing (12-month),04.03.2026,BSS1024,BSS1024,Blue Sunset Sherbet,I,iCoA-PP-2025-0001,9.2,Microbiological Purity | Микробиолошка Чистота,TYMC,Вкупен број квасци/мувли,Ph. Eur. 2.6.12 cat. C,≤ 10⁴ CFU/g,—,—,,,,additional testing owed — no post-release certificate yet,,
1115,CoQ-PP-2026-0027,additional testing (12-month),04.03.2026,BSS1024,BSS1024,Blue Sunset Sherbet,I,iCoA-PP-2025-0001,9.3,Microbiological Purity | Микробиолошка Чистота,Bile-tolerant gram-neg.,Жолчно-толерантни грам-нег.,Ph. Eur. 2.6.31 cat. C,≤ 10⁴ CFU/g,—,—,,,,additional testing owed — no post-release certificate yet,,
1116,CoQ-PP-2026-0027,additional testing (12-month),04.03.2026,BSS1024,BSS1024,Blue Sunset Sherbet,I,iCoA-PP-2025-0001,9.4,Microbiological Purity | Микробиолошка Чистота,Salmonella,Салмонела,Ph. Eur. 2.6.31 cat. C,Absence | Отсуство / 25 g,—,—,,,,additional testing owed — no post-release certificate yet,,
1117,CoQ-PP-2026-0027,additional testing (12-month),04.03.2026,BSS1024,BSS1024,Blue Sunset Sherbet,I,iCoA-PP-2025-0001,9.5,Microbiological Purity | Микробиолошка Чистота,Escherichia coli,Ешерихија коли,Ph. Eur. 2.6.13 cat. C,Absence | Отсуство / 1 g,—,—,,,,additional testing owed — no post-release certificate yet,,
1118,CoQ-PP-2026-0027,additional testing (12-month),04.03.2026,BSS1024,BSS1024,Blue Sunset Sherbet,I,iCoA-PP-2025-0001,9.6,Microbiological Purity | Микробиолошка Чистота,Pseudomonas aeruginosa,,Ph. Eur. 2.6.13 cat. C,Absence | Отсуство / 1 g,—,—,,,,upon request — not required for release,,
1119,CoQ-PP-2026-0027,additional testing (12-month),04.03.2026,BSS1024,BSS1024,Blue Sunset Sherbet,I,iCoA-PP-2025-0001,9.7,Microbiological Purity | Микробиолошка Чистота,Staphylococcus aureus,,Ph. Eur. 2.6.13 cat. C,Absence | Отсуство / 1 g,—,—,,,,upon request — not required for release,,
1120,CoQ-PP-2026-0027,additional testing (12-month),04.03.2026,BSS1024,BSS1024,Blue Sunset Sherbet,I,iCoA-PP-2025-0001,10.1,Mycotoxins | Микотоксини,Aflatoxin B₁,Афлатоксин B₁,Ph. Eur. 2.8.18 (HPLC-FLD),≤ 2 µg/kg,ND,197-2-М/26,10.08.2026,Farmahem,Farmahem re-analysis — mycotoxins,covered,,
1121,CoQ-PP-2026-0027,additional testing (12-month),04.03.2026,BSS1024,BSS1024,Blue Sunset Sherbet,I,iCoA-PP-2025-0001,10.2,Mycotoxins | Микотоксини,Aflatoxins ∑,Афлатоксини ∑ (B₁+B₂+G₁+G₂),Ph. Eur. 2.8.18 (HPLC-FLD),≤ 4 µg/kg,ND,197-2-М/26,10.08.2026,Farmahem,Farmahem re-analysis — mycotoxins,covered,,
1122,CoQ-PP-2026-0027,additional testing (12-month),04.03.2026,BSS1024,BSS1024,Blue Sunset Sherbet,I,iCoA-PP-2025-0001,10.3,Mycotoxins | Микотоксини,Ochratoxin A,Охратоксин A,Ph. Eur. 2.8.22 (HPLC-FLD),≤ 20 µg/kg,ND,197-2-М/26,10.08.2026,Farmahem,Farmahem re-analysis — mycotoxins,covered,,
1123,CoQ-PP-2026-0027,additional testing (12-month),04.03.2026,BSS1024,BSS1024,Blue Sunset Sherbet,I,iCoA-PP-2025-0001,11.1,Heavy Metals | Тешки метали,Lead (Pb),Олово (Pb),Ph. Eur. 2.4.27 (ICP-MS),≤ 0.5 mg/kg,—,—,,,,additional testing owed — no post-release certificate yet,,
1124,CoQ-PP-2026-0027,additional testing (12-month),04.03.2026,BSS1024,BSS1024,Blue Sunset Sherbet,I,iCoA-PP-2025-0001,11.2,Heavy Metals | Тешки метали,Cadmium (Cd),Кадмиум (Cd),Ph. Eur. 2.4.27 (ICP-MS),≤ 0.3 mg/kg,—,—,,,,additional testing owed — no post-release certificate yet,,
1125,CoQ-PP-2026-0027,additional testing (12-month),04.03.2026,BSS1024,BSS1024,Blue Sunset Sherbet,I,iCoA-PP-2025-0001,11.3,Heavy Metals | Тешки метали,Arsenic (As),Арсен (As),Ph. Eur. 2.4.27 (ICP-MS),≤ 0.2 mg/kg,—,—,,,,additional testing owed — no post-release certificate yet,,
1126,CoQ-PP-2026-0027,additional testing (12-month),04.03.2026,BSS1024,BSS1024,Blue Sunset Sherbet,I,iCoA-PP-2025-0001,11.4,Heavy Metals | Тешки метали,Mercury (Hg),Жива (Hg),Ph. Eur. 2.4.27 (ICP-MS),≤ 0.1 mg/kg,—,—,,,,additional testing owed — no post-release certificate yet,,
1127,CoQ-PP-2026-0027,additional testing (12-month),04.03.2026,BSS1024,BSS1024,Blue Sunset Sherbet,I,iCoA-PP-2025-0001,12,,Pesticide Residues,Остатоци од пестициди,Ph. Eur. 2.8.13 (LC-MS/MS) · CUMCS Equivalency,≤ LOQ as per Ph. Eur. 2.8.13 · ≤ LOQ as per CUMCS Equivalency,—,—,,,,additional testing owed — no post-release certificate yet,,
1128,CoQ-PP-2026-0028,additional testing (12-month),07.03.2026,BG1024,BG1024,Blue Gelato,I,iCoA-PP-2025-0002,1,,"Identification A, Appearance · Macroscopic","Идентиф. A, Изглед, Макроскопски",Ph. Eur. mon. 3028,Conforms to monograph | Соодветствува со монографијата,—,—,,,,to be performed — see route,"Farmahem — Ident A + B + C with the Assay, at retest",
1129,CoQ-PP-2026-0028,additional testing (12-month),07.03.2026,BG1024,BG1024,Blue Gelato,I,iCoA-PP-2025-0002,2,,Identification B · Microscopic,Идентиф. Б · Микроскопски,Ph. Eur. 2.8.23 (microscopy),Conforms to monograph | Соодветствува со монографијата,—,—,,,,to be performed — see route,"Farmahem — Ident A + B + C with the Assay, at retest",
1130,CoQ-PP-2026-0028,additional testing (12-month),07.03.2026,BG1024,BG1024,Blue Gelato,I,iCoA-PP-2025-0002,3,,Identification C · HPLC/HPTLC,Идентиф. Ц · HPLC/HPTLC,Ph. Eur. 2.2.29 (3028),Conforms to monograph | Соодветствува со монографијата,—,—,,,,to be performed — see route,"Farmahem — Ident A + B + C with the Assay, at retest",
1131,CoQ-PP-2026-0028,additional testing (12-month),07.03.2026,BG1024,BG1024,Blue Gelato,I,iCoA-PP-2025-0002,4,,Assay — Total Δ⁹-THC,Анализа — вкупен Δ⁹-THC,Ph. Eur. 2.2.29 (HPLC),"23.40 – 28.59 %  (grade I, class THC 26, nominal 26.00 ± 2.60)",26.14,197-1-К/26,07.08.2026,Farmahem,Farmahem re-analysis — cannabinoids,covered,,
1132,CoQ-PP-2026-0028,additional testing (12-month),07.03.2026,BG1024,BG1024,Blue Gelato,I,iCoA-PP-2025-0002,5,,Assay — Total CBD,Анализа — вкупен CBD,Ph. Eur. 2.2.29 (HPLC) · CBD + CBDA x 0.877,"≤ 1.0%, w/w",<LOQ,197-1-К/26,07.08.2026,Farmahem,Farmahem re-analysis — cannabinoids,covered,,
1133,CoQ-PP-2026-0028,additional testing (12-month),07.03.2026,BG1024,BG1024,Blue Gelato,I,iCoA-PP-2025-0002,6,,Total CBN,Вкупен CBN,Ph. Eur. 2.2.29 (HPLC) · CBN + CBNA x 0.876,"≤ 1.0%, w/w",0.28,197-1-К/26,07.08.2026,Farmahem,Farmahem re-analysis — cannabinoids,covered,,
1134,CoQ-PP-2026-0028,additional testing (12-month),07.03.2026,BG1024,BG1024,Blue Gelato,I,iCoA-PP-2025-0002,7,,Foreign Matter,Страни материи,Ph. Eur. 2.8.2 · In-house · интерна,"≤ 2.0% / 25–50 g · < 1 cm leaves | листови, no seeds | без семки",—,—,,,,to be performed — see route,Purely Plant laboratory — iCoA covering Foreign matter,
1135,CoQ-PP-2026-0028,additional testing (12-month),07.03.2026,BG1024,BG1024,Blue Gelato,I,iCoA-PP-2025-0002,8,,Loss on Drying,Губиток при сушење,"Ph. Eur. 2.2.32 (3028) · at 40 °C, 24 h, 15–25 mbar",≤ 12.0%,—,—,,,,additional testing owed — no post-release certificate yet,,
1136,CoQ-PP-2026-0028,additional testing (12-month),07.03.2026,BG1024,BG1024,Blue Gelato,I,iCoA-PP-2025-0002,9.1,Microbiological Purity | Микробиолошка Чистота,TAMC,Вкупен аеробен микробен број,Ph. Eur. 2.6.12 cat. C,≤ 10⁵ CFU/g,—,—,,,,additional testing owed — no post-release certificate yet,,
1137,CoQ-PP-2026-0028,additional testing (12-month),07.03.2026,BG1024,BG1024,Blue Gelato,I,iCoA-PP-2025-0002,9.2,Microbiological Purity | Микробиолошка Чистота,TYMC,Вкупен број квасци/мувли,Ph. Eur. 2.6.12 cat. C,≤ 10⁴ CFU/g,—,—,,,,additional testing owed — no post-release certificate yet,,
1138,CoQ-PP-2026-0028,additional testing (12-month),07.03.2026,BG1024,BG1024,Blue Gelato,I,iCoA-PP-2025-0002,9.3,Microbiological Purity | Микробиолошка Чистота,Bile-tolerant gram-neg.,Жолчно-толерантни грам-нег.,Ph. Eur. 2.6.31 cat. C,≤ 10⁴ CFU/g,—,—,,,,additional testing owed — no post-release certificate yet,,
1139,CoQ-PP-2026-0028,additional testing (12-month),07.03.2026,BG1024,BG1024,Blue Gelato,I,iCoA-PP-2025-0002,9.4,Microbiological Purity | Микробиолошка Чистота,Salmonella,Салмонела,Ph. Eur. 2.6.31 cat. C,Absence | Отсуство / 25 g,—,—,,,,additional testing owed — no post-release certificate yet,,
1140,CoQ-PP-2026-0028,additional testing (12-month),07.03.2026,BG1024,BG1024,Blue Gelato,I,iCoA-PP-2025-0002,9.5,Microbiological Purity | Микробиолошка Чистота,Escherichia coli,Ешерихија коли,Ph. Eur. 2.6.13 cat. C,Absence | Отсуство / 1 g,—,—,,,,additional testing owed — no post-release certificate yet,,
1141,CoQ-PP-2026-0028,additional testing (12-month),07.03.2026,BG1024,BG1024,Blue Gelato,I,iCoA-PP-2025-0002,9.6,Microbiological Purity | Микробиолошка Чистота,Pseudomonas aeruginosa,,Ph. Eur. 2.6.13 cat. C,Absence | Отсуство / 1 g,—,—,,,,upon request — not required for release,,
1142,CoQ-PP-2026-0028,additional testing (12-month),07.03.2026,BG1024,BG1024,Blue Gelato,I,iCoA-PP-2025-0002,9.7,Microbiological Purity | Микробиолошка Чистота,Staphylococcus aureus,,Ph. Eur. 2.6.13 cat. C,Absence | Отсуство / 1 g,—,—,,,,upon request — not required for release,,
1143,CoQ-PP-2026-0028,additional testing (12-month),07.03.2026,BG1024,BG1024,Blue Gelato,I,iCoA-PP-2025-0002,10.1,Mycotoxins | Микотоксини,Aflatoxin B₁,Афлатоксин B₁,Ph. Eur. 2.8.18 (HPLC-FLD),≤ 2 µg/kg,ND,197-1-М/26,10.08.2026,Farmahem,Farmahem re-analysis — mycotoxins,covered,,
1144,CoQ-PP-2026-0028,additional testing (12-month),07.03.2026,BG1024,BG1024,Blue Gelato,I,iCoA-PP-2025-0002,10.2,Mycotoxins | Микотоксини,Aflatoxins ∑,Афлатоксини ∑ (B₁+B₂+G₁+G₂),Ph. Eur. 2.8.18 (HPLC-FLD),≤ 4 µg/kg,ND,197-1-М/26,10.08.2026,Farmahem,Farmahem re-analysis — mycotoxins,covered,,
1145,CoQ-PP-2026-0028,additional testing (12-month),07.03.2026,BG1024,BG1024,Blue Gelato,I,iCoA-PP-2025-0002,10.3,Mycotoxins | Микотоксини,Ochratoxin A,Охратоксин A,Ph. Eur. 2.8.22 (HPLC-FLD),≤ 20 µg/kg,ND,197-1-М/26,10.08.2026,Farmahem,Farmahem re-analysis — mycotoxins,covered,,
1146,CoQ-PP-2026-0028,additional testing (12-month),07.03.2026,BG1024,BG1024,Blue Gelato,I,iCoA-PP-2025-0002,11.1,Heavy Metals | Тешки метали,Lead (Pb),Олово (Pb),Ph. Eur. 2.4.27 (ICP-MS),≤ 0.5 mg/kg,—,—,,,,additional testing owed — no post-release certificate yet,,
1147,CoQ-PP-2026-0028,additional testing (12-month),07.03.2026,BG1024,BG1024,Blue Gelato,I,iCoA-PP-2025-0002,11.2,Heavy Metals | Тешки метали,Cadmium (Cd),Кадмиум (Cd),Ph. Eur. 2.4.27 (ICP-MS),≤ 0.3 mg/kg,—,—,,,,additional testing owed — no post-release certificate yet,,
1148,CoQ-PP-2026-0028,additional testing (12-month),07.03.2026,BG1024,BG1024,Blue Gelato,I,iCoA-PP-2025-0002,11.3,Heavy Metals | Тешки метали,Arsenic (As),Арсен (As),Ph. Eur. 2.4.27 (ICP-MS),≤ 0.2 mg/kg,—,—,,,,additional testing owed — no post-release certificate yet,,
1149,CoQ-PP-2026-0028,additional testing (12-month),07.03.2026,BG1024,BG1024,Blue Gelato,I,iCoA-PP-2025-0002,11.4,Heavy Metals | Тешки метали,Mercury (Hg),Жива (Hg),Ph. Eur. 2.4.27 (ICP-MS),≤ 0.1 mg/kg,—,—,,,,additional testing owed — no post-release certificate yet,,
1150,CoQ-PP-2026-0028,additional testing (12-month),07.03.2026,BG1024,BG1024,Blue Gelato,I,iCoA-PP-2025-0002,12,,Pesticide Residues,Остатоци од пестициди,Ph. Eur. 2.8.13 (LC-MS/MS) · CUMCS Equivalency,≤ LOQ as per Ph. Eur. 2.8.13 · ≤ LOQ as per CUMCS Equivalency,—,—,,,,additional testing owed — no post-release certificate yet,,
1151,CoQ-PP-2026-0029,additional testing (12-month),11.03.2026,GG1024,GG1024,Gorilla Glue,II,iCoA-PP-2025-0003,1,,"Identification A, Appearance · Macroscopic","Идентиф. A, Изглед, Макроскопски",Ph. Eur. mon. 3028,Conforms to monograph | Соодветствува со монографијата,—,—,,,,to be performed — see route,"Farmahem — Ident A + B + C with the Assay, at retest",
1152,CoQ-PP-2026-0029,additional testing (12-month),11.03.2026,GG1024,GG1024,Gorilla Glue,II,iCoA-PP-2025-0003,2,,Identification B · Microscopic,Идентиф. Б · Микроскопски,Ph. Eur. 2.8.23 (microscopy),Conforms to monograph | Соодветствува со монографијата,—,—,,,,to be performed — see route,"Farmahem — Ident A + B + C with the Assay, at retest",
1153,CoQ-PP-2026-0029,additional testing (12-month),11.03.2026,GG1024,GG1024,Gorilla Glue,II,iCoA-PP-2025-0003,3,,Identification C · HPLC/HPTLC,Идентиф. Ц · HPLC/HPTLC,Ph. Eur. 2.2.29 (3028),Conforms to monograph | Соодветствува со монографијата,—,—,,,,to be performed — see route,"Farmahem — Ident A + B + C with the Assay, at retest",
1154,CoQ-PP-2026-0029,additional testing (12-month),11.03.2026,GG1024,GG1024,Gorilla Glue,II,iCoA-PP-2025-0003,4,,Assay — Total Δ⁹-THC,Анализа — вкупен Δ⁹-THC,Ph. Eur. 2.2.29 (HPLC),"14.40 – 17.59 %  (grade II, class THC 16, nominal 16.00 ± 1.60)",—,—,,,,additional testing owed — no post-release certificate yet,,
1155,CoQ-PP-2026-0029,additional testing (12-month),11.03.2026,GG1024,GG1024,Gorilla Glue,II,iCoA-PP-2025-0003,5,,Assay — Total CBD,Анализа — вкупен CBD,Ph. Eur. 2.2.29 (HPLC) · CBD + CBDA x 0.877,"≤ 1.0%, w/w",—,—,,,,additional testing owed — no post-release certificate yet,,
1156,CoQ-PP-2026-0029,additional testing (12-month),11.03.2026,GG1024,GG1024,Gorilla Glue,II,iCoA-PP-2025-0003,6,,Total CBN,Вкупен CBN,Ph. Eur. 2.2.29 (HPLC) · CBN + CBNA x 0.876,"≤ 1.0%, w/w",—,—,,,,additional testing owed — no post-release certificate yet,,
1157,CoQ-PP-2026-0029,additional testing (12-month),11.03.2026,GG1024,GG1024,Gorilla Glue,II,iCoA-PP-2025-0003,7,,Foreign Matter,Страни материи,Ph. Eur. 2.8.2 · In-house · интерна,"≤ 2.0% / 25–50 g · < 1 cm leaves | листови, no seeds | без семки",—,—,,,,to be performed — see route,Purely Plant laboratory — iCoA covering Foreign matter,
1158,CoQ-PP-2026-0029,additional testing (12-month),11.03.2026,GG1024,GG1024,Gorilla Glue,II,iCoA-PP-2025-0003,8,,Loss on Drying,Губиток при сушење,"Ph. Eur. 2.2.32 (3028) · at 40 °C, 24 h, 15–25 mbar",≤ 12.0%,—,—,,,,additional testing owed — no post-release certificate yet,,
1159,CoQ-PP-2026-0029,additional testing (12-month),11.03.2026,GG1024,GG1024,Gorilla Glue,II,iCoA-PP-2025-0003,9.1,Microbiological Purity | Микробиолошка Чистота,TAMC,Вкупен аеробен микробен број,Ph. Eur. 2.6.12 cat. C,≤ 10⁵ CFU/g,—,—,,,,additional testing owed — no post-release certificate yet,,
1160,CoQ-PP-2026-0029,additional testing (12-month),11.03.2026,GG1024,GG1024,Gorilla Glue,II,iCoA-PP-2025-0003,9.2,Microbiological Purity | Микробиолошка Чистота,TYMC,Вкупен број квасци/мувли,Ph. Eur. 2.6.12 cat. C,≤ 10⁴ CFU/g,—,—,,,,additional testing owed — no post-release certificate yet,,
1161,CoQ-PP-2026-0029,additional testing (12-month),11.03.2026,GG1024,GG1024,Gorilla Glue,II,iCoA-PP-2025-0003,9.3,Microbiological Purity | Микробиолошка Чистота,Bile-tolerant gram-neg.,Жолчно-толерантни грам-нег.,Ph. Eur. 2.6.31 cat. C,≤ 10⁴ CFU/g,—,—,,,,additional testing owed — no post-release certificate yet,,
1162,CoQ-PP-2026-0029,additional testing (12-month),11.03.2026,GG1024,GG1024,Gorilla Glue,II,iCoA-PP-2025-0003,9.4,Microbiological Purity | Микробиолошка Чистота,Salmonella,Салмонела,Ph. Eur. 2.6.31 cat. C,Absence | Отсуство / 25 g,—,—,,,,additional testing owed — no post-release certificate yet,,
1163,CoQ-PP-2026-0029,additional testing (12-month),11.03.2026,GG1024,GG1024,Gorilla Glue,II,iCoA-PP-2025-0003,9.5,Microbiological Purity | Микробиолошка Чистота,Escherichia coli,Ешерихија коли,Ph. Eur. 2.6.13 cat. C,Absence | Отсуство / 1 g,—,—,,,,additional testing owed — no post-release certificate yet,,
1164,CoQ-PP-2026-0029,additional testing (12-month),11.03.2026,GG1024,GG1024,Gorilla Glue,II,iCoA-PP-2025-0003,9.6,Microbiological Purity | Микробиолошка Чистота,Pseudomonas aeruginosa,,Ph. Eur. 2.6.13 cat. C,Absence | Отсуство / 1 g,—,—,,,,upon request — not required for release,,
1165,CoQ-PP-2026-0029,additional testing (12-month),11.03.2026,GG1024,GG1024,Gorilla Glue,II,iCoA-PP-2025-0003,9.7,Microbiological Purity | Микробиолошка Чистота,Staphylococcus aureus,,Ph. Eur. 2.6.13 cat. C,Absence | Отсуство / 1 g,—,—,,,,upon request — not required for release,,
1166,CoQ-PP-2026-0029,additional testing (12-month),11.03.2026,GG1024,GG1024,Gorilla Glue,II,iCoA-PP-2025-0003,10.1,Mycotoxins | Микотоксини,Aflatoxin B₁,Афлатоксин B₁,Ph. Eur. 2.8.18 (HPLC-FLD),≤ 2 µg/kg,—,—,,,,additional testing owed — no post-release certificate yet,,
1167,CoQ-PP-2026-0029,additional testing (12-month),11.03.2026,GG1024,GG1024,Gorilla Glue,II,iCoA-PP-2025-0003,10.2,Mycotoxins | Микотоксини,Aflatoxins ∑,Афлатоксини ∑ (B₁+B₂+G₁+G₂),Ph. Eur. 2.8.18 (HPLC-FLD),≤ 4 µg/kg,—,—,,,,additional testing owed — no post-release certificate yet,,
1168,CoQ-PP-2026-0029,additional testing (12-month),11.03.2026,GG1024,GG1024,Gorilla Glue,II,iCoA-PP-2025-0003,10.3,Mycotoxins | Микотоксини,Ochratoxin A,Охратоксин A,Ph. Eur. 2.8.22 (HPLC-FLD),≤ 20 µg/kg,—,—,,,,additional testing owed — no post-release certificate yet,,
1169,CoQ-PP-2026-0029,additional testing (12-month),11.03.2026,GG1024,GG1024,Gorilla Glue,II,iCoA-PP-2025-0003,11.1,Heavy Metals | Тешки метали,Lead (Pb),Олово (Pb),Ph. Eur. 2.4.27 (ICP-MS),≤ 0.5 mg/kg,—,—,,,,additional testing owed — no post-release certificate yet,,
1170,CoQ-PP-2026-0029,additional testing (12-month),11.03.2026,GG1024,GG1024,Gorilla Glue,II,iCoA-PP-2025-0003,11.2,Heavy Metals | Тешки метали,Cadmium (Cd),Кадмиум (Cd),Ph. Eur. 2.4.27 (ICP-MS),≤ 0.3 mg/kg,—,—,,,,additional testing owed — no post-release certificate yet,,
1171,CoQ-PP-2026-0029,additional testing (12-month),11.03.2026,GG1024,GG1024,Gorilla Glue,II,iCoA-PP-2025-0003,11.3,Heavy Metals | Тешки метали,Arsenic (As),Арсен (As),Ph. Eur. 2.4.27 (ICP-MS),≤ 0.2 mg/kg,—,—,,,,additional testing owed — no post-release certificate yet,,
1172,CoQ-PP-2026-0029,additional testing (12-month),11.03.2026,GG1024,GG1024,Gorilla Glue,II,iCoA-PP-2025-0003,11.4,Heavy Metals | Тешки метали,Mercury (Hg),Жива (Hg),Ph. Eur. 2.4.27 (ICP-MS),≤ 0.1 mg/kg,—,—,,,,additional testing owed — no post-release certificate yet,,
1173,CoQ-PP-2026-0029,additional testing (12-month),11.03.2026,GG1024,GG1024,Gorilla Glue,II,iCoA-PP-2025-0003,12,,Pesticide Residues,Остатоци од пестициди,Ph. Eur. 2.8.13 (LC-MS/MS) · CUMCS Equivalency,≤ LOQ as per Ph. Eur. 2.8.13 · ≤ LOQ as per CUMCS Equivalency,—,—,,,,additional testing owed — no post-release certificate yet,,
1174,CoQ-PP-2026-0030,additional testing (12-month),11.04.2026,HPA1024,HPA1024,High Pro Amnesia,III,iCoA-PP-2025-0004,1,,"Identification A, Appearance · Macroscopic","Идентиф. A, Изглед, Макроскопски",Ph. Eur. mon. 3028,Conforms to monograph | Соодветствува со монографијата,—,—,,,,to be performed — see route,"Farmahem — Ident A + B + C with the Assay, at retest",
1175,CoQ-PP-2026-0030,additional testing (12-month),11.04.2026,HPA1024,HPA1024,High Pro Amnesia,III,iCoA-PP-2025-0004,2,,Identification B · Microscopic,Идентиф. Б · Микроскопски,Ph. Eur. 2.8.23 (microscopy),Conforms to monograph | Соодветствува со монографијата,—,—,,,,to be performed — see route,"Farmahem — Ident A + B + C with the Assay, at retest",
1176,CoQ-PP-2026-0030,additional testing (12-month),11.04.2026,HPA1024,HPA1024,High Pro Amnesia,III,iCoA-PP-2025-0004,3,,Identification C · HPLC/HPTLC,Идентиф. Ц · HPLC/HPTLC,Ph. Eur. 2.2.29 (3028),Conforms to monograph | Соодветствува со монографијата,—,—,,,,to be performed — see route,"Farmahem — Ident A + B + C with the Assay, at retest",
1177,CoQ-PP-2026-0030,additional testing (12-month),11.04.2026,HPA1024,HPA1024,High Pro Amnesia,III,iCoA-PP-2025-0004,4,,Assay — Total Δ⁹-THC,Анализа — вкупен Δ⁹-THC,Ph. Eur. 2.2.29 (HPLC),"16.20 – 19.79 %  (grade III, class THC 18, nominal 18.00 ± 1.80)",17.31,197-13-К/26,07.08.2026,Farmahem,Farmahem re-analysis — cannabinoids,covered,,
1178,CoQ-PP-2026-0030,additional testing (12-month),11.04.2026,HPA1024,HPA1024,High Pro Amnesia,III,iCoA-PP-2025-0004,5,,Assay — Total CBD,Анализа — вкупен CBD,Ph. Eur. 2.2.29 (HPLC) · CBD + CBDA x 0.877,"≤ 1.0%, w/w",<LOQ,197-13-К/26,07.08.2026,Farmahem,Farmahem re-analysis — cannabinoids,covered,,
1179,CoQ-PP-2026-0030,additional testing (12-month),11.04.2026,HPA1024,HPA1024,High Pro Amnesia,III,iCoA-PP-2025-0004,6,,Total CBN,Вкупен CBN,Ph. Eur. 2.2.29 (HPLC) · CBN + CBNA x 0.876,"≤ 1.0%, w/w",0.36,197-13-К/26,07.08.2026,Farmahem,Farmahem re-analysis — cannabinoids,covered,,
1180,CoQ-PP-2026-0030,additional testing (12-month),11.04.2026,HPA1024,HPA1024,High Pro Amnesia,III,iCoA-PP-2025-0004,7,,Foreign Matter,Страни материи,Ph. Eur. 2.8.2 · In-house · интерна,"≤ 2.0% / 25–50 g · < 1 cm leaves | листови, no seeds | без семки",—,—,,,,to be performed — see route,Purely Plant laboratory — iCoA covering Foreign matter,
1181,CoQ-PP-2026-0030,additional testing (12-month),11.04.2026,HPA1024,HPA1024,High Pro Amnesia,III,iCoA-PP-2025-0004,8,,Loss on Drying,Губиток при сушење,"Ph. Eur. 2.2.32 (3028) · at 40 °C, 24 h, 15–25 mbar",≤ 12.0%,—,—,,,,additional testing owed — no post-release certificate yet,,
1182,CoQ-PP-2026-0030,additional testing (12-month),11.04.2026,HPA1024,HPA1024,High Pro Amnesia,III,iCoA-PP-2025-0004,9.1,Microbiological Purity | Микробиолошка Чистота,TAMC,Вкупен аеробен микробен број,Ph. Eur. 2.6.12 cat. C,≤ 10⁵ CFU/g,—,—,,,,additional testing owed — no post-release certificate yet,,
1183,CoQ-PP-2026-0030,additional testing (12-month),11.04.2026,HPA1024,HPA1024,High Pro Amnesia,III,iCoA-PP-2025-0004,9.2,Microbiological Purity | Микробиолошка Чистота,TYMC,Вкупен број квасци/мувли,Ph. Eur. 2.6.12 cat. C,≤ 10⁴ CFU/g,—,—,,,,additional testing owed — no post-release certificate yet,,
1184,CoQ-PP-2026-0030,additional testing (12-month),11.04.2026,HPA1024,HPA1024,High Pro Amnesia,III,iCoA-PP-2025-0004,9.3,Microbiological Purity | Микробиолошка Чистота,Bile-tolerant gram-neg.,Жолчно-толерантни грам-нег.,Ph. Eur. 2.6.31 cat. C,≤ 10⁴ CFU/g,—,—,,,,additional testing owed — no post-release certificate yet,,
1185,CoQ-PP-2026-0030,additional testing (12-month),11.04.2026,HPA1024,HPA1024,High Pro Amnesia,III,iCoA-PP-2025-0004,9.4,Microbiological Purity | Микробиолошка Чистота,Salmonella,Салмонела,Ph. Eur. 2.6.31 cat. C,Absence | Отсуство / 25 g,—,—,,,,additional testing owed — no post-release certificate yet,,
1186,CoQ-PP-2026-0030,additional testing (12-month),11.04.2026,HPA1024,HPA1024,High Pro Amnesia,III,iCoA-PP-2025-0004,9.5,Microbiological Purity | Микробиолошка Чистота,Escherichia coli,Ешерихија коли,Ph. Eur. 2.6.13 cat. C,Absence | Отсуство / 1 g,—,—,,,,additional testing owed — no post-release certificate yet,,
1187,CoQ-PP-2026-0030,additional testing (12-month),11.04.2026,HPA1024,HPA1024,High Pro Amnesia,III,iCoA-PP-2025-0004,9.6,Microbiological Purity | Микробиолошка Чистота,Pseudomonas aeruginosa,,Ph. Eur. 2.6.13 cat. C,Absence | Отсуство / 1 g,—,—,,,,upon request — not required for release,,
1188,CoQ-PP-2026-0030,additional testing (12-month),11.04.2026,HPA1024,HPA1024,High Pro Amnesia,III,iCoA-PP-2025-0004,9.7,Microbiological Purity | Микробиолошка Чистота,Staphylococcus aureus,,Ph. Eur. 2.6.13 cat. C,Absence | Отсуство / 1 g,—,—,,,,upon request — not required for release,,
1189,CoQ-PP-2026-0030,additional testing (12-month),11.04.2026,HPA1024,HPA1024,High Pro Amnesia,III,iCoA-PP-2025-0004,10.1,Mycotoxins | Микотоксини,Aflatoxin B₁,Афлатоксин B₁,Ph. Eur. 2.8.18 (HPLC-FLD),≤ 2 µg/kg,ND,197-13-М/26,10.08.2026,Farmahem,Farmahem re-analysis — mycotoxins,covered,,
1190,CoQ-PP-2026-0030,additional testing (12-month),11.04.2026,HPA1024,HPA1024,High Pro Amnesia,III,iCoA-PP-2025-0004,10.2,Mycotoxins | Микотоксини,Aflatoxins ∑,Афлатоксини ∑ (B₁+B₂+G₁+G₂),Ph. Eur. 2.8.18 (HPLC-FLD),≤ 4 µg/kg,ND,197-13-М/26,10.08.2026,Farmahem,Farmahem re-analysis — mycotoxins,covered,,
1191,CoQ-PP-2026-0030,additional testing (12-month),11.04.2026,HPA1024,HPA1024,High Pro Amnesia,III,iCoA-PP-2025-0004,10.3,Mycotoxins | Микотоксини,Ochratoxin A,Охратоксин A,Ph. Eur. 2.8.22 (HPLC-FLD),≤ 20 µg/kg,<LOQ,197-13-М/26,10.08.2026,Farmahem,Farmahem re-analysis — mycotoxins,covered,,
1192,CoQ-PP-2026-0030,additional testing (12-month),11.04.2026,HPA1024,HPA1024,High Pro Amnesia,III,iCoA-PP-2025-0004,11.1,Heavy Metals | Тешки метали,Lead (Pb),Олово (Pb),Ph. Eur. 2.4.27 (ICP-MS),≤ 0.5 mg/kg,—,—,,,,additional testing owed — no post-release certificate yet,,
1193,CoQ-PP-2026-0030,additional testing (12-month),11.04.2026,HPA1024,HPA1024,High Pro Amnesia,III,iCoA-PP-2025-0004,11.2,Heavy Metals | Тешки метали,Cadmium (Cd),Кадмиум (Cd),Ph. Eur. 2.4.27 (ICP-MS),≤ 0.3 mg/kg,—,—,,,,additional testing owed — no post-release certificate yet,,
1194,CoQ-PP-2026-0030,additional testing (12-month),11.04.2026,HPA1024,HPA1024,High Pro Amnesia,III,iCoA-PP-2025-0004,11.3,Heavy Metals | Тешки метали,Arsenic (As),Арсен (As),Ph. Eur. 2.4.27 (ICP-MS),≤ 0.2 mg/kg,—,—,,,,additional testing owed — no post-release certificate yet,,
1195,CoQ-PP-2026-0030,additional testing (12-month),11.04.2026,HPA1024,HPA1024,High Pro Amnesia,III,iCoA-PP-2025-0004,11.4,Heavy Metals | Тешки метали,Mercury (Hg),Жива (Hg),Ph. Eur. 2.4.27 (ICP-MS),≤ 0.1 mg/kg,—,—,,,,additional testing owed — no post-release certificate yet,,
1196,CoQ-PP-2026-0030,additional testing (12-month),11.04.2026,HPA1024,HPA1024,High Pro Amnesia,III,iCoA-PP-2025-0004,12,,Pesticide Residues,Остатоци од пестициди,Ph. Eur. 2.8.13 (LC-MS/MS) · CUMCS Equivalency,≤ LOQ as per Ph. Eur. 2.8.13 · ≤ LOQ as per CUMCS Equivalency,—,—,,,,additional testing owed — no post-release certificate yet,,
1197,CoQ-PP-2026-0031,additional testing (12-month),24.04.2026,OPM1024,OPM1024,Orange Punch Mimosa,I,iCoA-PP-2025-0005,1,,"Identification A, Appearance · Macroscopic","Идентиф. A, Изглед, Макроскопски",Ph. Eur. mon. 3028,Conforms to monograph | Соодветствува со монографијата,—,—,,,,to be performed — see route,"Farmahem — Ident A + B + C with the Assay, at retest",
1198,CoQ-PP-2026-0031,additional testing (12-month),24.04.2026,OPM1024,OPM1024,Orange Punch Mimosa,I,iCoA-PP-2025-0005,2,,Identification B · Microscopic,Идентиф. Б · Микроскопски,Ph. Eur. 2.8.23 (microscopy),Conforms to monograph | Соодветствува со монографијата,—,—,,,,to be performed — see route,"Farmahem — Ident A + B + C with the Assay, at retest",
1199,CoQ-PP-2026-0031,additional testing (12-month),24.04.2026,OPM1024,OPM1024,Orange Punch Mimosa,I,iCoA-PP-2025-0005,3,,Identification C · HPLC/HPTLC,Идентиф. Ц · HPLC/HPTLC,Ph. Eur. 2.2.29 (3028),Conforms to monograph | Соодветствува со монографијата,—,—,,,,to be performed — see route,"Farmahem — Ident A + B + C with the Assay, at retest",
1200,CoQ-PP-2026-0031,additional testing (12-month),24.04.2026,OPM1024,OPM1024,Orange Punch Mimosa,I,iCoA-PP-2025-0005,4,,Assay — Total Δ⁹-THC,Анализа — вкупен Δ⁹-THC,Ph. Eur. 2.2.29 (HPLC),"19.80 – 24.19 %  (grade I, class THC 22, nominal 22.00 ± 2.20)",20.03,197-17-К/26,07.08.2026,Farmahem,Farmahem re-analysis — cannabinoids,covered,,
1201,CoQ-PP-2026-0031,additional testing (12-month),24.04.2026,OPM1024,OPM1024,Orange Punch Mimosa,I,iCoA-PP-2025-0005,5,,Assay — Total CBD,Анализа — вкупен CBD,Ph. Eur. 2.2.29 (HPLC) · CBD + CBDA x 0.877,"≤ 1.0%, w/w",<LOQ,197-17-К/26,07.08.2026,Farmahem,Farmahem re-analysis — cannabinoids,covered,,
1202,CoQ-PP-2026-0031,additional testing (12-month),24.04.2026,OPM1024,OPM1024,Orange Punch Mimosa,I,iCoA-PP-2025-0005,6,,Total CBN,Вкупен CBN,Ph. Eur. 2.2.29 (HPLC) · CBN + CBNA x 0.876,"≤ 1.0%, w/w",<LOQ,197-17-К/26,07.08.2026,Farmahem,Farmahem re-analysis — cannabinoids,covered,,
1203,CoQ-PP-2026-0031,additional testing (12-month),24.04.2026,OPM1024,OPM1024,Orange Punch Mimosa,I,iCoA-PP-2025-0005,7,,Foreign Matter,Страни материи,Ph. Eur. 2.8.2 · In-house · интерна,"≤ 2.0% / 25–50 g · < 1 cm leaves | листови, no seeds | без семки",—,—,,,,to be performed — see route,Purely Plant laboratory — iCoA covering Foreign matter,
1204,CoQ-PP-2026-0031,additional testing (12-month),24.04.2026,OPM1024,OPM1024,Orange Punch Mimosa,I,iCoA-PP-2025-0005,8,,Loss on Drying,Губиток при сушење,"Ph. Eur. 2.2.32 (3028) · at 40 °C, 24 h, 15–25 mbar",≤ 12.0%,—,—,,,,additional testing owed — no post-release certificate yet,,
1205,CoQ-PP-2026-0031,additional testing (12-month),24.04.2026,OPM1024,OPM1024,Orange Punch Mimosa,I,iCoA-PP-2025-0005,9.1,Microbiological Purity | Микробиолошка Чистота,TAMC,Вкупен аеробен микробен број,Ph. Eur. 2.6.12 cat. C,≤ 10⁵ CFU/g,—,—,,,,additional testing owed — no post-release certificate yet,,
1206,CoQ-PP-2026-0031,additional testing (12-month),24.04.2026,OPM1024,OPM1024,Orange Punch Mimosa,I,iCoA-PP-2025-0005,9.2,Microbiological Purity | Микробиолошка Чистота,TYMC,Вкупен број квасци/мувли,Ph. Eur. 2.6.12 cat. C,≤ 10⁴ CFU/g,—,—,,,,additional testing owed — no post-release certificate yet,,
1207,CoQ-PP-2026-0031,additional testing (12-month),24.04.2026,OPM1024,OPM1024,Orange Punch Mimosa,I,iCoA-PP-2025-0005,9.3,Microbiological Purity | Микробиолошка Чистота,Bile-tolerant gram-neg.,Жолчно-толерантни грам-нег.,Ph. Eur. 2.6.31 cat. C,≤ 10⁴ CFU/g,—,—,,,,additional testing owed — no post-release certificate yet,,
1208,CoQ-PP-2026-0031,additional testing (12-month),24.04.2026,OPM1024,OPM1024,Orange Punch Mimosa,I,iCoA-PP-2025-0005,9.4,Microbiological Purity | Микробиолошка Чистота,Salmonella,Салмонела,Ph. Eur. 2.6.31 cat. C,Absence | Отсуство / 25 g,—,—,,,,additional testing owed — no post-release certificate yet,,
1209,CoQ-PP-2026-0031,additional testing (12-month),24.04.2026,OPM1024,OPM1024,Orange Punch Mimosa,I,iCoA-PP-2025-0005,9.5,Microbiological Purity | Микробиолошка Чистота,Escherichia coli,Ешерихија коли,Ph. Eur. 2.6.13 cat. C,Absence | Отсуство / 1 g,—,—,,,,additional testing owed — no post-release certificate yet,,
1210,CoQ-PP-2026-0031,additional testing (12-month),24.04.2026,OPM1024,OPM1024,Orange Punch Mimosa,I,iCoA-PP-2025-0005,9.6,Microbiological Purity | Микробиолошка Чистота,Pseudomonas aeruginosa,,Ph. Eur. 2.6.13 cat. C,Absence | Отсуство / 1 g,—,—,,,,upon request — not required for release,,
1211,CoQ-PP-2026-0031,additional testing (12-month),24.04.2026,OPM1024,OPM1024,Orange Punch Mimosa,I,iCoA-PP-2025-0005,9.7,Microbiological Purity | Микробиолошка Чистота,Staphylococcus aureus,,Ph. Eur. 2.6.13 cat. C,Absence | Отсуство / 1 g,—,—,,,,upon request — not required for release,,
1212,CoQ-PP-2026-0031,additional testing (12-month),24.04.2026,OPM1024,OPM1024,Orange Punch Mimosa,I,iCoA-PP-2025-0005,10.1,Mycotoxins | Микотоксини,Aflatoxin B₁,Афлатоксин B₁,Ph. Eur. 2.8.18 (HPLC-FLD),≤ 2 µg/kg,ND,197-17-М/26,10.08.2026,Farmahem,Farmahem re-analysis — mycotoxins,covered,,
1213,CoQ-PP-2026-0031,additional testing (12-month),24.04.2026,OPM1024,OPM1024,Orange Punch Mimosa,I,iCoA-PP-2025-0005,10.2,Mycotoxins | Микотоксини,Aflatoxins ∑,Афлатоксини ∑ (B₁+B₂+G₁+G₂),Ph. Eur. 2.8.18 (HPLC-FLD),≤ 4 µg/kg,ND,197-17-М/26,10.08.2026,Farmahem,Farmahem re-analysis — mycotoxins,covered,,
1214,CoQ-PP-2026-0031,additional testing (12-month),24.04.2026,OPM1024,OPM1024,Orange Punch Mimosa,I,iCoA-PP-2025-0005,10.3,Mycotoxins | Микотоксини,Ochratoxin A,Охратоксин A,Ph. Eur. 2.8.22 (HPLC-FLD),≤ 20 µg/kg,ND,197-17-М/26,10.08.2026,Farmahem,Farmahem re-analysis — mycotoxins,covered,,
1215,CoQ-PP-2026-0031,additional testing (12-month),24.04.2026,OPM1024,OPM1024,Orange Punch Mimosa,I,iCoA-PP-2025-0005,11.1,Heavy Metals | Тешки метали,Lead (Pb),Олово (Pb),Ph. Eur. 2.4.27 (ICP-MS),≤ 0.5 mg/kg,—,—,,,,additional testing owed — no post-release certificate yet,,
1216,CoQ-PP-2026-0031,additional testing (12-month),24.04.2026,OPM1024,OPM1024,Orange Punch Mimosa,I,iCoA-PP-2025-0005,11.2,Heavy Metals | Тешки метали,Cadmium (Cd),Кадмиум (Cd),Ph. Eur. 2.4.27 (ICP-MS),≤ 0.3 mg/kg,—,—,,,,additional testing owed — no post-release certificate yet,,
1217,CoQ-PP-2026-0031,additional testing (12-month),24.04.2026,OPM1024,OPM1024,Orange Punch Mimosa,I,iCoA-PP-2025-0005,11.3,Heavy Metals | Тешки метали,Arsenic (As),Арсен (As),Ph. Eur. 2.4.27 (ICP-MS),≤ 0.2 mg/kg,—,—,,,,additional testing owed — no post-release certificate yet,,
1218,CoQ-PP-2026-0031,additional testing (12-month),24.04.2026,OPM1024,OPM1024,Orange Punch Mimosa,I,iCoA-PP-2025-0005,11.4,Heavy Metals | Тешки метали,Mercury (Hg),Жива (Hg),Ph. Eur. 2.4.27 (ICP-MS),≤ 0.1 mg/kg,—,—,,,,additional testing owed — no post-release certificate yet,,
1219,CoQ-PP-2026-0031,additional testing (12-month),24.04.2026,OPM1024,OPM1024,Orange Punch Mimosa,I,iCoA-PP-2025-0005,12,,Pesticide Residues,Остатоци од пестициди,Ph. Eur. 2.8.13 (LC-MS/MS) · CUMCS Equivalency,≤ LOQ as per Ph. Eur. 2.8.13 · ≤ LOQ as per CUMCS Equivalency,—,—,,,,additional testing owed — no post-release certificate yet,,
1220,CoQ-PP-2026-0032,additional testing (12-month),03.06.2026,P050022,GP0824_02,Grape Pie,III,iCoA-PP-2025-0006,1,,"Identification A, Appearance · Macroscopic","Идентиф. A, Изглед, Макроскопски",Ph. Eur. mon. 3028,Conforms to monograph | Соодветствува со монографијата,—,—,,,,to be performed — see route,"Farmahem — Ident A + B + C with the Assay, at retest",
1221,CoQ-PP-2026-0032,additional testing (12-month),03.06.2026,P050022,GP0824_02,Grape Pie,III,iCoA-PP-2025-0006,2,,Identification B · Microscopic,Идентиф. Б · Микроскопски,Ph. Eur. 2.8.23 (microscopy),Conforms to monograph | Соодветствува со монографијата,—,—,,,,to be performed — see route,"Farmahem — Ident A + B + C with the Assay, at retest",
1222,CoQ-PP-2026-0032,additional testing (12-month),03.06.2026,P050022,GP0824_02,Grape Pie,III,iCoA-PP-2025-0006,3,,Identification C · HPLC/HPTLC,Идентиф. Ц · HPLC/HPTLC,Ph. Eur. 2.2.29 (3028),Conforms to monograph | Соодветствува со монографијата,—,—,,,,to be performed — see route,"Farmahem — Ident A + B + C with the Assay, at retest",
1223,CoQ-PP-2026-0032,additional testing (12-month),03.06.2026,P050022,GP0824_02,Grape Pie,III,iCoA-PP-2025-0006,4,,Assay — Total Δ⁹-THC,Анализа — вкупен Δ⁹-THC,Ph. Eur. 2.2.29 (HPLC),"21.60 – 26.39 %  (grade III, class THC 24, nominal 24.00 ± 2.40)",22.61,197-11-К/26,07.08.2026,Farmahem,Farmahem re-analysis — cannabinoids,covered,,
1224,CoQ-PP-2026-0032,additional testing (12-month),03.06.2026,P050022,GP0824_02,Grape Pie,III,iCoA-PP-2025-0006,5,,Assay — Total CBD,Анализа — вкупен CBD,Ph. Eur. 2.2.29 (HPLC) · CBD + CBDA x 0.877,"≤ 1.0%, w/w",<LOQ,197-11-К/26,07.08.2026,Farmahem,Farmahem re-analysis — cannabinoids,covered,,
1225,CoQ-PP-2026-0032,additional testing (12-month),03.06.2026,P050022,GP0824_02,Grape Pie,III,iCoA-PP-2025-0006,6,,Total CBN,Вкупен CBN,Ph. Eur. 2.2.29 (HPLC) · CBN + CBNA x 0.876,"≤ 1.0%, w/w",0.23,197-11-К/26,07.08.2026,Farmahem,Farmahem re-analysis — cannabinoids,covered,,
1226,CoQ-PP-2026-0032,additional testing (12-month),03.06.2026,P050022,GP0824_02,Grape Pie,III,iCoA-PP-2025-0006,7,,Foreign Matter,Страни материи,Ph. Eur. 2.8.2 · In-house · интерна,"≤ 2.0% / 25–50 g · < 1 cm leaves | листови, no seeds | без семки",—,—,,,,to be performed — see route,Purely Plant laboratory — iCoA covering Foreign matter,
1227,CoQ-PP-2026-0032,additional testing (12-month),03.06.2026,P050022,GP0824_02,Grape Pie,III,iCoA-PP-2025-0006,8,,Loss on Drying,Губиток при сушење,"Ph. Eur. 2.2.32 (3028) · at 40 °C, 24 h, 15–25 mbar",≤ 12.0%,—,—,,,,additional testing owed — no post-release certificate yet,,
1228,CoQ-PP-2026-0032,additional testing (12-month),03.06.2026,P050022,GP0824_02,Grape Pie,III,iCoA-PP-2025-0006,9.1,Microbiological Purity | Микробиолошка Чистота,TAMC,Вкупен аеробен микробен број,Ph. Eur. 2.6.12 cat. C,≤ 10⁵ CFU/g,—,—,,,,additional testing owed — no post-release certificate yet,,
1229,CoQ-PP-2026-0032,additional testing (12-month),03.06.2026,P050022,GP0824_02,Grape Pie,III,iCoA-PP-2025-0006,9.2,Microbiological Purity | Микробиолошка Чистота,TYMC,Вкупен број квасци/мувли,Ph. Eur. 2.6.12 cat. C,≤ 10⁴ CFU/g,—,—,,,,additional testing owed — no post-release certificate yet,,
1230,CoQ-PP-2026-0032,additional testing (12-month),03.06.2026,P050022,GP0824_02,Grape Pie,III,iCoA-PP-2025-0006,9.3,Microbiological Purity | Микробиолошка Чистота,Bile-tolerant gram-neg.,Жолчно-толерантни грам-нег.,Ph. Eur. 2.6.31 cat. C,≤ 10⁴ CFU/g,—,—,,,,additional testing owed — no post-release certificate yet,,
1231,CoQ-PP-2026-0032,additional testing (12-month),03.06.2026,P050022,GP0824_02,Grape Pie,III,iCoA-PP-2025-0006,9.4,Microbiological Purity | Микробиолошка Чистота,Salmonella,Салмонела,Ph. Eur. 2.6.31 cat. C,Absence | Отсуство / 25 g,—,—,,,,additional testing owed — no post-release certificate yet,,
1232,CoQ-PP-2026-0032,additional testing (12-month),03.06.2026,P050022,GP0824_02,Grape Pie,III,iCoA-PP-2025-0006,9.5,Microbiological Purity | Микробиолошка Чистота,Escherichia coli,Ешерихија коли,Ph. Eur. 2.6.13 cat. C,Absence | Отсуство / 1 g,—,—,,,,additional testing owed — no post-release certificate yet,,
1233,CoQ-PP-2026-0032,additional testing (12-month),03.06.2026,P050022,GP0824_02,Grape Pie,III,iCoA-PP-2025-0006,9.6,Microbiological Purity | Микробиолошка Чистота,Pseudomonas aeruginosa,,Ph. Eur. 2.6.13 cat. C,Absence | Отсуство / 1 g,—,—,,,,upon request — not required for release,,
1234,CoQ-PP-2026-0032,additional testing (12-month),03.06.2026,P050022,GP0824_02,Grape Pie,III,iCoA-PP-2025-0006,9.7,Microbiological Purity | Микробиолошка Чистота,Staphylococcus aureus,,Ph. Eur. 2.6.13 cat. C,Absence | Отсуство / 1 g,—,—,,,,upon request — not required for release,,
1235,CoQ-PP-2026-0032,additional testing (12-month),03.06.2026,P050022,GP0824_02,Grape Pie,III,iCoA-PP-2025-0006,10.1,Mycotoxins | Микотоксини,Aflatoxin B₁,Афлатоксин B₁,Ph. Eur. 2.8.18 (HPLC-FLD),≤ 2 µg/kg,ND,197-11-М/26,10.08.2026,Farmahem,Farmahem re-analysis — mycotoxins,covered,,
1236,CoQ-PP-2026-0032,additional testing (12-month),03.06.2026,P050022,GP0824_02,Grape Pie,III,iCoA-PP-2025-0006,10.2,Mycotoxins | Микотоксини,Aflatoxins ∑,Афлатоксини ∑ (B₁+B₂+G₁+G₂),Ph. Eur. 2.8.18 (HPLC-FLD),≤ 4 µg/kg,ND,197-11-М/26,10.08.2026,Farmahem,Farmahem re-analysis — mycotoxins,covered,,
1237,CoQ-PP-2026-0032,additional testing (12-month),03.06.2026,P050022,GP0824_02,Grape Pie,III,iCoA-PP-2025-0006,10.3,Mycotoxins | Микотоксини,Ochratoxin A,Охратоксин A,Ph. Eur. 2.8.22 (HPLC-FLD),≤ 20 µg/kg,ND,197-11-М/26,10.08.2026,Farmahem,Farmahem re-analysis — mycotoxins,covered,,
1238,CoQ-PP-2026-0032,additional testing (12-month),03.06.2026,P050022,GP0824_02,Grape Pie,III,iCoA-PP-2025-0006,11.1,Heavy Metals | Тешки метали,Lead (Pb),Олово (Pb),Ph. Eur. 2.4.27 (ICP-MS),≤ 0.5 mg/kg,—,—,,,,additional testing owed — no post-release certificate yet,,
1239,CoQ-PP-2026-0032,additional testing (12-month),03.06.2026,P050022,GP0824_02,Grape Pie,III,iCoA-PP-2025-0006,11.2,Heavy Metals | Тешки метали,Cadmium (Cd),Кадмиум (Cd),Ph. Eur. 2.4.27 (ICP-MS),≤ 0.3 mg/kg,—,—,,,,additional testing owed — no post-release certificate yet,,
1240,CoQ-PP-2026-0032,additional testing (12-month),03.06.2026,P050022,GP0824_02,Grape Pie,III,iCoA-PP-2025-0006,11.3,Heavy Metals | Тешки метали,Arsenic (As),Арсен (As),Ph. Eur. 2.4.27 (ICP-MS),≤ 0.2 mg/kg,—,—,,,,additional testing owed — no post-release certificate yet,,
1241,CoQ-PP-2026-0032,additional testing (12-month),03.06.2026,P050022,GP0824_02,Grape Pie,III,iCoA-PP-2025-0006,11.4,Heavy Metals | Тешки метали,Mercury (Hg),Жива (Hg),Ph. Eur. 2.4.27 (ICP-MS),≤ 0.1 mg/kg,—,—,,,,additional testing owed — no post-release certificate yet,,
1242,CoQ-PP-2026-0032,additional testing (12-month),03.06.2026,P050022,GP0824_02,Grape Pie,III,iCoA-PP-2025-0006,12,,Pesticide Residues,Остатоци од пестициди,Ph. Eur. 2.8.13 (LC-MS/MS) · CUMCS Equivalency,≤ LOQ as per Ph. Eur. 2.8.13 · ≤ LOQ as per CUMCS Equivalency,—,—,,,,additional testing owed — no post-release certificate yet,,
1243,CoQ-PP-2026-0033,additional testing (12-month),20.06.2026,P050042,OMP1024_01,Orange Punch Mimosa,III,iCoA-PP-2025-0007,1,,"Identification A, Appearance · Macroscopic","Идентиф. A, Изглед, Макроскопски",Ph. Eur. mon. 3028,Conforms to monograph | Соодветствува со монографијата,—,—,,,,to be performed — see route,"Farmahem — Ident A + B + C with the Assay, at retest",
1244,CoQ-PP-2026-0033,additional testing (12-month),20.06.2026,P050042,OMP1024_01,Orange Punch Mimosa,III,iCoA-PP-2025-0007,2,,Identification B · Microscopic,Идентиф. Б · Микроскопски,Ph. Eur. 2.8.23 (microscopy),Conforms to monograph | Соодветствува со монографијата,—,—,,,,to be performed — see route,"Farmahem — Ident A + B + C with the Assay, at retest",
1245,CoQ-PP-2026-0033,additional testing (12-month),20.06.2026,P050042,OMP1024_01,Orange Punch Mimosa,III,iCoA-PP-2025-0007,3,,Identification C · HPLC/HPTLC,Идентиф. Ц · HPLC/HPTLC,Ph. Eur. 2.2.29 (3028),Conforms to monograph | Соодветствува со монографијата,—,—,,,,to be performed — see route,"Farmahem — Ident A + B + C with the Assay, at retest",
1246,CoQ-PP-2026-0033,additional testing (12-month),20.06.2026,P050042,OMP1024_01,Orange Punch Mimosa,III,iCoA-PP-2025-0007,4,,Assay — Total Δ⁹-THC,Анализа — вкупен Δ⁹-THC,Ph. Eur. 2.2.29 (HPLC),"16.20 – 19.79 %  (grade III, class THC 18, nominal 18.00 ± 1.80)",—,—,,,,additional testing owed — no post-release certificate yet,,
1247,CoQ-PP-2026-0033,additional testing (12-month),20.06.2026,P050042,OMP1024_01,Orange Punch Mimosa,III,iCoA-PP-2025-0007,5,,Assay — Total CBD,Анализа — вкупен CBD,Ph. Eur. 2.2.29 (HPLC) · CBD + CBDA x 0.877,"≤ 1.0%, w/w",—,—,,,,additional testing owed — no post-release certificate yet,,
1248,CoQ-PP-2026-0033,additional testing (12-month),20.06.2026,P050042,OMP1024_01,Orange Punch Mimosa,III,iCoA-PP-2025-0007,6,,Total CBN,Вкупен CBN,Ph. Eur. 2.2.29 (HPLC) · CBN + CBNA x 0.876,"≤ 1.0%, w/w",—,—,,,,additional testing owed — no post-release certificate yet,,
1249,CoQ-PP-2026-0033,additional testing (12-month),20.06.2026,P050042,OMP1024_01,Orange Punch Mimosa,III,iCoA-PP-2025-0007,7,,Foreign Matter,Страни материи,Ph. Eur. 2.8.2 · In-house · интерна,"≤ 2.0% / 25–50 g · < 1 cm leaves | листови, no seeds | без семки",—,—,,,,to be performed — see route,Purely Plant laboratory — iCoA covering Foreign matter,
1250,CoQ-PP-2026-0033,additional testing (12-month),20.06.2026,P050042,OMP1024_01,Orange Punch Mimosa,III,iCoA-PP-2025-0007,8,,Loss on Drying,Губиток при сушење,"Ph. Eur. 2.2.32 (3028) · at 40 °C, 24 h, 15–25 mbar",≤ 12.0%,—,—,,,,additional testing owed — no post-release certificate yet,,
1251,CoQ-PP-2026-0033,additional testing (12-month),20.06.2026,P050042,OMP1024_01,Orange Punch Mimosa,III,iCoA-PP-2025-0007,9.1,Microbiological Purity | Микробиолошка Чистота,TAMC,Вкупен аеробен микробен број,Ph. Eur. 2.6.12 cat. C,≤ 10⁵ CFU/g,—,—,,,,additional testing owed — no post-release certificate yet,,
1252,CoQ-PP-2026-0033,additional testing (12-month),20.06.2026,P050042,OMP1024_01,Orange Punch Mimosa,III,iCoA-PP-2025-0007,9.2,Microbiological Purity | Микробиолошка Чистота,TYMC,Вкупен број квасци/мувли,Ph. Eur. 2.6.12 cat. C,≤ 10⁴ CFU/g,—,—,,,,additional testing owed — no post-release certificate yet,,
1253,CoQ-PP-2026-0033,additional testing (12-month),20.06.2026,P050042,OMP1024_01,Orange Punch Mimosa,III,iCoA-PP-2025-0007,9.3,Microbiological Purity | Микробиолошка Чистота,Bile-tolerant gram-neg.,Жолчно-толерантни грам-нег.,Ph. Eur. 2.6.31 cat. C,≤ 10⁴ CFU/g,—,—,,,,additional testing owed — no post-release certificate yet,,
1254,CoQ-PP-2026-0033,additional testing (12-month),20.06.2026,P050042,OMP1024_01,Orange Punch Mimosa,III,iCoA-PP-2025-0007,9.4,Microbiological Purity | Микробиолошка Чистота,Salmonella,Салмонела,Ph. Eur. 2.6.31 cat. C,Absence | Отсуство / 25 g,—,—,,,,additional testing owed — no post-release certificate yet,,
1255,CoQ-PP-2026-0033,additional testing (12-month),20.06.2026,P050042,OMP1024_01,Orange Punch Mimosa,III,iCoA-PP-2025-0007,9.5,Microbiological Purity | Микробиолошка Чистота,Escherichia coli,Ешерихија коли,Ph. Eur. 2.6.13 cat. C,Absence | Отсуство / 1 g,—,—,,,,additional testing owed — no post-release certificate yet,,
1256,CoQ-PP-2026-0033,additional testing (12-month),20.06.2026,P050042,OMP1024_01,Orange Punch Mimosa,III,iCoA-PP-2025-0007,9.6,Microbiological Purity | Микробиолошка Чистота,Pseudomonas aeruginosa,,Ph. Eur. 2.6.13 cat. C,Absence | Отсуство / 1 g,—,—,,,,upon request — not required for release,,
1257,CoQ-PP-2026-0033,additional testing (12-month),20.06.2026,P050042,OMP1024_01,Orange Punch Mimosa,III,iCoA-PP-2025-0007,9.7,Microbiological Purity | Микробиолошка Чистота,Staphylococcus aureus,,Ph. Eur. 2.6.13 cat. C,Absence | Отсуство / 1 g,—,—,,,,upon request — not required for release,,
1258,CoQ-PP-2026-0033,additional testing (12-month),20.06.2026,P050042,OMP1024_01,Orange Punch Mimosa,III,iCoA-PP-2025-0007,10.1,Mycotoxins | Микотоксини,Aflatoxin B₁,Афлатоксин B₁,Ph. Eur. 2.8.18 (HPLC-FLD),≤ 2 µg/kg,—,—,,,,additional testing owed — no post-release certificate yet,,
1259,CoQ-PP-2026-0033,additional testing (12-month),20.06.2026,P050042,OMP1024_01,Orange Punch Mimosa,III,iCoA-PP-2025-0007,10.2,Mycotoxins | Микотоксини,Aflatoxins ∑,Афлатоксини ∑ (B₁+B₂+G₁+G₂),Ph. Eur. 2.8.18 (HPLC-FLD),≤ 4 µg/kg,—,—,,,,additional testing owed — no post-release certificate yet,,
1260,CoQ-PP-2026-0033,additional testing (12-month),20.06.2026,P050042,OMP1024_01,Orange Punch Mimosa,III,iCoA-PP-2025-0007,10.3,Mycotoxins | Микотоксини,Ochratoxin A,Охратоксин A,Ph. Eur. 2.8.22 (HPLC-FLD),≤ 20 µg/kg,—,—,,,,additional testing owed — no post-release certificate yet,,
1261,CoQ-PP-2026-0033,additional testing (12-month),20.06.2026,P050042,OMP1024_01,Orange Punch Mimosa,III,iCoA-PP-2025-0007,11.1,Heavy Metals | Тешки метали,Lead (Pb),Олово (Pb),Ph. Eur. 2.4.27 (ICP-MS),≤ 0.5 mg/kg,—,—,,,,additional testing owed — no post-release certificate yet,,
1262,CoQ-PP-2026-0033,additional testing (12-month),20.06.2026,P050042,OMP1024_01,Orange Punch Mimosa,III,iCoA-PP-2025-0007,11.2,Heavy Metals | Тешки метали,Cadmium (Cd),Кадмиум (Cd),Ph. Eur. 2.4.27 (ICP-MS),≤ 0.3 mg/kg,—,—,,,,additional testing owed — no post-release certificate yet,,
1263,CoQ-PP-2026-0033,additional testing (12-month),20.06.2026,P050042,OMP1024_01,Orange Punch Mimosa,III,iCoA-PP-2025-0007,11.3,Heavy Metals | Тешки метали,Arsenic (As),Арсен (As),Ph. Eur. 2.4.27 (ICP-MS),≤ 0.2 mg/kg,—,—,,,,additional testing owed — no post-release certificate yet,,
1264,CoQ-PP-2026-0033,additional testing (12-month),20.06.2026,P050042,OMP1024_01,Orange Punch Mimosa,III,iCoA-PP-2025-0007,11.4,Heavy Metals | Тешки метали,Mercury (Hg),Жива (Hg),Ph. Eur. 2.4.27 (ICP-MS),≤ 0.1 mg/kg,—,—,,,,additional testing owed — no post-release certificate yet,,
1265,CoQ-PP-2026-0033,additional testing (12-month),20.06.2026,P050042,OMP1024_01,Orange Punch Mimosa,III,iCoA-PP-2025-0007,12,,Pesticide Residues,Остатоци од пестициди,Ph. Eur. 2.8.13 (LC-MS/MS) · CUMCS Equivalency,≤ LOQ as per Ph. Eur. 2.8.13 · ≤ LOQ as per CUMCS Equivalency,—,—,,,,additional testing owed — no post-release certificate yet,,
1266,CoQ-PP-2026-0034,additional testing (12-month),27.06.2026,P050052,HPA1024_01,High Pro Amnesia,I,iCoA-PP-2025-0008,1,,"Identification A, Appearance · Macroscopic","Идентиф. A, Изглед, Макроскопски",Ph. Eur. mon. 3028,Conforms to monograph | Соодветствува со монографијата,—,—,,,,to be performed — see route,"Farmahem — Ident A + B + C with the Assay, at retest",
1267,CoQ-PP-2026-0034,additional testing (12-month),27.06.2026,P050052,HPA1024_01,High Pro Amnesia,I,iCoA-PP-2025-0008,2,,Identification B · Microscopic,Идентиф. Б · Микроскопски,Ph. Eur. 2.8.23 (microscopy),Conforms to monograph | Соодветствува со монографијата,—,—,,,,to be performed — see route,"Farmahem — Ident A + B + C with the Assay, at retest",
1268,CoQ-PP-2026-0034,additional testing (12-month),27.06.2026,P050052,HPA1024_01,High Pro Amnesia,I,iCoA-PP-2025-0008,3,,Identification C · HPLC/HPTLC,Идентиф. Ц · HPLC/HPTLC,Ph. Eur. 2.2.29 (3028),Conforms to monograph | Соодветствува со монографијата,—,—,,,,to be performed — see route,"Farmahem — Ident A + B + C with the Assay, at retest",
1269,CoQ-PP-2026-0034,additional testing (12-month),27.06.2026,P050052,HPA1024_01,High Pro Amnesia,I,iCoA-PP-2025-0008,4,,Assay — Total Δ⁹-THC,Анализа — вкупен Δ⁹-THC,Ph. Eur. 2.2.29 (HPLC),"19.80 – 24.19 %  (grade I, class THC 22, nominal 22.00 ± 2.20)",21.61,197-14-К/26,07.08.2026,Farmahem,Farmahem re-analysis — cannabinoids,covered,,
1270,CoQ-PP-2026-0034,additional testing (12-month),27.06.2026,P050052,HPA1024_01,High Pro Amnesia,I,iCoA-PP-2025-0008,5,,Assay — Total CBD,Анализа — вкупен CBD,Ph. Eur. 2.2.29 (HPLC) · CBD + CBDA x 0.877,"≤ 1.0%, w/w",<LOQ,197-14-К/26,07.08.2026,Farmahem,Farmahem re-analysis — cannabinoids,covered,,
1271,CoQ-PP-2026-0034,additional testing (12-month),27.06.2026,P050052,HPA1024_01,High Pro Amnesia,I,iCoA-PP-2025-0008,6,,Total CBN,Вкупен CBN,Ph. Eur. 2.2.29 (HPLC) · CBN + CBNA x 0.876,"≤ 1.0%, w/w",<LOQ,197-14-К/26,07.08.2026,Farmahem,Farmahem re-analysis — cannabinoids,covered,,
1272,CoQ-PP-2026-0034,additional testing (12-month),27.06.2026,P050052,HPA1024_01,High Pro Amnesia,I,iCoA-PP-2025-0008,7,,Foreign Matter,Страни материи,Ph. Eur. 2.8.2 · In-house · интерна,"≤ 2.0% / 25–50 g · < 1 cm leaves | листови, no seeds | без семки",—,—,,,,to be performed — see route,Purely Plant laboratory — iCoA covering Foreign matter,
1273,CoQ-PP-2026-0034,additional testing (12-month),27.06.2026,P050052,HPA1024_01,High Pro Amnesia,I,iCoA-PP-2025-0008,8,,Loss on Drying,Губиток при сушење,"Ph. Eur. 2.2.32 (3028) · at 40 °C, 24 h, 15–25 mbar",≤ 12.0%,—,—,,,,additional testing owed — no post-release certificate yet,,
1274,CoQ-PP-2026-0034,additional testing (12-month),27.06.2026,P050052,HPA1024_01,High Pro Amnesia,I,iCoA-PP-2025-0008,9.1,Microbiological Purity | Микробиолошка Чистота,TAMC,Вкупен аеробен микробен број,Ph. Eur. 2.6.12 cat. C,≤ 10⁵ CFU/g,—,—,,,,additional testing owed — no post-release certificate yet,,
1275,CoQ-PP-2026-0034,additional testing (12-month),27.06.2026,P050052,HPA1024_01,High Pro Amnesia,I,iCoA-PP-2025-0008,9.2,Microbiological Purity | Микробиолошка Чистота,TYMC,Вкупен број квасци/мувли,Ph. Eur. 2.6.12 cat. C,≤ 10⁴ CFU/g,—,—,,,,additional testing owed — no post-release certificate yet,,
1276,CoQ-PP-2026-0034,additional testing (12-month),27.06.2026,P050052,HPA1024_01,High Pro Amnesia,I,iCoA-PP-2025-0008,9.3,Microbiological Purity | Микробиолошка Чистота,Bile-tolerant gram-neg.,Жолчно-толерантни грам-нег.,Ph. Eur. 2.6.31 cat. C,≤ 10⁴ CFU/g,—,—,,,,additional testing owed — no post-release certificate yet,,
1277,CoQ-PP-2026-0034,additional testing (12-month),27.06.2026,P050052,HPA1024_01,High Pro Amnesia,I,iCoA-PP-2025-0008,9.4,Microbiological Purity | Микробиолошка Чистота,Salmonella,Салмонела,Ph. Eur. 2.6.31 cat. C,Absence | Отсуство / 25 g,—,—,,,,additional testing owed — no post-release certificate yet,,
1278,CoQ-PP-2026-0034,additional testing (12-month),27.06.2026,P050052,HPA1024_01,High Pro Amnesia,I,iCoA-PP-2025-0008,9.5,Microbiological Purity | Микробиолошка Чистота,Escherichia coli,Ешерихија коли,Ph. Eur. 2.6.13 cat. C,Absence | Отсуство / 1 g,—,—,,,,additional testing owed — no post-release certificate yet,,
1279,CoQ-PP-2026-0034,additional testing (12-month),27.06.2026,P050052,HPA1024_01,High Pro Amnesia,I,iCoA-PP-2025-0008,9.6,Microbiological Purity | Микробиолошка Чистота,Pseudomonas aeruginosa,,Ph. Eur. 2.6.13 cat. C,Absence | Отсуство / 1 g,—,—,,,,upon request — not required for release,,
1280,CoQ-PP-2026-0034,additional testing (12-month),27.06.2026,P050052,HPA1024_01,High Pro Amnesia,I,iCoA-PP-2025-0008,9.7,Microbiological Purity | Микробиолошка Чистота,Staphylococcus aureus,,Ph. Eur. 2.6.13 cat. C,Absence | Отсуство / 1 g,—,—,,,,upon request — not required for release,,
1281,CoQ-PP-2026-0034,additional testing (12-month),27.06.2026,P050052,HPA1024_01,High Pro Amnesia,I,iCoA-PP-2025-0008,10.1,Mycotoxins | Микотоксини,Aflatoxin B₁,Афлатоксин B₁,Ph. Eur. 2.8.18 (HPLC-FLD),≤ 2 µg/kg,ND,197-14-М/26,10.08.2026,Farmahem,Farmahem re-analysis — mycotoxins,covered,,
1282,CoQ-PP-2026-0034,additional testing (12-month),27.06.2026,P050052,HPA1024_01,High Pro Amnesia,I,iCoA-PP-2025-0008,10.2,Mycotoxins | Микотоксини,Aflatoxins ∑,Афлатоксини ∑ (B₁+B₂+G₁+G₂),Ph. Eur. 2.8.18 (HPLC-FLD),≤ 4 µg/kg,ND,197-14-М/26,10.08.2026,Farmahem,Farmahem re-analysis — mycotoxins,covered,,
1283,CoQ-PP-2026-0034,additional testing (12-month),27.06.2026,P050052,HPA1024_01,High Pro Amnesia,I,iCoA-PP-2025-0008,10.3,Mycotoxins | Микотоксини,Ochratoxin A,Охратоксин A,Ph. Eur. 2.8.22 (HPLC-FLD),≤ 20 µg/kg,"2.06 — DETECTED, >LOQ",197-14-М/26,10.08.2026,Farmahem,Farmahem re-analysis — mycotoxins,covered — laboratory finding recorded,,
1284,CoQ-PP-2026-0034,additional testing (12-month),27.06.2026,P050052,HPA1024_01,High Pro Amnesia,I,iCoA-PP-2025-0008,11.1,Heavy Metals | Тешки метали,Lead (Pb),Олово (Pb),Ph. Eur. 2.4.27 (ICP-MS),≤ 0.5 mg/kg,—,—,,,,additional testing owed — no post-release certificate yet,,
1285,CoQ-PP-2026-0034,additional testing (12-month),27.06.2026,P050052,HPA1024_01,High Pro Amnesia,I,iCoA-PP-2025-0008,11.2,Heavy Metals | Тешки метали,Cadmium (Cd),Кадмиум (Cd),Ph. Eur. 2.4.27 (ICP-MS),≤ 0.3 mg/kg,—,—,,,,additional testing owed — no post-release certificate yet,,
1286,CoQ-PP-2026-0034,additional testing (12-month),27.06.2026,P050052,HPA1024_01,High Pro Amnesia,I,iCoA-PP-2025-0008,11.3,Heavy Metals | Тешки метали,Arsenic (As),Арсен (As),Ph. Eur. 2.4.27 (ICP-MS),≤ 0.2 mg/kg,—,—,,,,additional testing owed — no post-release certificate yet,,
1287,CoQ-PP-2026-0034,additional testing (12-month),27.06.2026,P050052,HPA1024_01,High Pro Amnesia,I,iCoA-PP-2025-0008,11.4,Heavy Metals | Тешки метали,Mercury (Hg),Жива (Hg),Ph. Eur. 2.4.27 (ICP-MS),≤ 0.1 mg/kg,—,—,,,,additional testing owed — no post-release certificate yet,,
1288,CoQ-PP-2026-0034,additional testing (12-month),27.06.2026,P050052,HPA1024_01,High Pro Amnesia,I,iCoA-PP-2025-0008,12,,Pesticide Residues,Остатоци од пестициди,Ph. Eur. 2.8.13 (LC-MS/MS) · CUMCS Equivalency,≤ LOQ as per Ph. Eur. 2.8.13 · ≤ LOQ as per CUMCS Equivalency,—,—,,,,additional testing owed — no post-release certificate yet,,
1289,CoQ-PP-2026-0035,additional testing (12-month),04.07.2026,P050062,OPM1024_02,Orange Punch Mimosa,III,iCoA-PP-2025-0009,1,,"Identification A, Appearance · Macroscopic","Идентиф. A, Изглед, Макроскопски",Ph. Eur. mon. 3028,Conforms to monograph | Соодветствува со монографијата,—,—,,,,to be performed — see route,"Farmahem — Ident A + B + C with the Assay, at retest",
1290,CoQ-PP-2026-0035,additional testing (12-month),04.07.2026,P050062,OPM1024_02,Orange Punch Mimosa,III,iCoA-PP-2025-0009,2,,Identification B · Microscopic,Идентиф. Б · Микроскопски,Ph. Eur. 2.8.23 (microscopy),Conforms to monograph | Соодветствува со монографијата,—,—,,,,to be performed — see route,"Farmahem — Ident A + B + C with the Assay, at retest",
1291,CoQ-PP-2026-0035,additional testing (12-month),04.07.2026,P050062,OPM1024_02,Orange Punch Mimosa,III,iCoA-PP-2025-0009,3,,Identification C · HPLC/HPTLC,Идентиф. Ц · HPLC/HPTLC,Ph. Eur. 2.2.29 (3028),Conforms to monograph | Соодветствува со монографијата,—,—,,,,to be performed — see route,"Farmahem — Ident A + B + C with the Assay, at retest",
1292,CoQ-PP-2026-0035,additional testing (12-month),04.07.2026,P050062,OPM1024_02,Orange Punch Mimosa,III,iCoA-PP-2025-0009,4,,Assay — Total Δ⁹-THC,Анализа — вкупен Δ⁹-THC,Ph. Eur. 2.2.29 (HPLC),"16.20 – 19.79 %  (grade III, class THC 18, nominal 18.00 ± 1.80)",18.04,197-18-К/26,07.08.2026,Farmahem,Farmahem re-analysis — cannabinoids,covered,,
1293,CoQ-PP-2026-0035,additional testing (12-month),04.07.2026,P050062,OPM1024_02,Orange Punch Mimosa,III,iCoA-PP-2025-0009,5,,Assay — Total CBD,Анализа — вкупен CBD,Ph. Eur. 2.2.29 (HPLC) · CBD + CBDA x 0.877,"≤ 1.0%, w/w",<LOQ,197-18-К/26,07.08.2026,Farmahem,Farmahem re-analysis — cannabinoids,covered,,
1294,CoQ-PP-2026-0035,additional testing (12-month),04.07.2026,P050062,OPM1024_02,Orange Punch Mimosa,III,iCoA-PP-2025-0009,6,,Total CBN,Вкупен CBN,Ph. Eur. 2.2.29 (HPLC) · CBN + CBNA x 0.876,"≤ 1.0%, w/w",<LOQ,197-18-К/26,07.08.2026,Farmahem,Farmahem re-analysis — cannabinoids,covered,,
1295,CoQ-PP-2026-0035,additional testing (12-month),04.07.2026,P050062,OPM1024_02,Orange Punch Mimosa,III,iCoA-PP-2025-0009,7,,Foreign Matter,Страни материи,Ph. Eur. 2.8.2 · In-house · интерна,"≤ 2.0% / 25–50 g · < 1 cm leaves | листови, no seeds | без семки",—,—,,,,to be performed — see route,Purely Plant laboratory — iCoA covering Foreign matter,
1296,CoQ-PP-2026-0035,additional testing (12-month),04.07.2026,P050062,OPM1024_02,Orange Punch Mimosa,III,iCoA-PP-2025-0009,8,,Loss on Drying,Губиток при сушење,"Ph. Eur. 2.2.32 (3028) · at 40 °C, 24 h, 15–25 mbar",≤ 12.0%,—,—,,,,additional testing owed — no post-release certificate yet,,
1297,CoQ-PP-2026-0035,additional testing (12-month),04.07.2026,P050062,OPM1024_02,Orange Punch Mimosa,III,iCoA-PP-2025-0009,9.1,Microbiological Purity | Микробиолошка Чистота,TAMC,Вкупен аеробен микробен број,Ph. Eur. 2.6.12 cat. C,≤ 10⁵ CFU/g,—,—,,,,additional testing owed — no post-release certificate yet,,
1298,CoQ-PP-2026-0035,additional testing (12-month),04.07.2026,P050062,OPM1024_02,Orange Punch Mimosa,III,iCoA-PP-2025-0009,9.2,Microbiological Purity | Микробиолошка Чистота,TYMC,Вкупен број квасци/мувли,Ph. Eur. 2.6.12 cat. C,≤ 10⁴ CFU/g,—,—,,,,additional testing owed — no post-release certificate yet,,
1299,CoQ-PP-2026-0035,additional testing (12-month),04.07.2026,P050062,OPM1024_02,Orange Punch Mimosa,III,iCoA-PP-2025-0009,9.3,Microbiological Purity | Микробиолошка Чистота,Bile-tolerant gram-neg.,Жолчно-толерантни грам-нег.,Ph. Eur. 2.6.31 cat. C,≤ 10⁴ CFU/g,—,—,,,,additional testing owed — no post-release certificate yet,,
1300,CoQ-PP-2026-0035,additional testing (12-month),04.07.2026,P050062,OPM1024_02,Orange Punch Mimosa,III,iCoA-PP-2025-0009,9.4,Microbiological Purity | Микробиолошка Чистота,Salmonella,Салмонела,Ph. Eur. 2.6.31 cat. C,Absence | Отсуство / 25 g,—,—,,,,additional testing owed — no post-release certificate yet,,
1301,CoQ-PP-2026-0035,additional testing (12-month),04.07.2026,P050062,OPM1024_02,Orange Punch Mimosa,III,iCoA-PP-2025-0009,9.5,Microbiological Purity | Микробиолошка Чистота,Escherichia coli,Ешерихија коли,Ph. Eur. 2.6.13 cat. C,Absence | Отсуство / 1 g,—,—,,,,additional testing owed — no post-release certificate yet,,
1302,CoQ-PP-2026-0035,additional testing (12-month),04.07.2026,P050062,OPM1024_02,Orange Punch Mimosa,III,iCoA-PP-2025-0009,9.6,Microbiological Purity | Микробиолошка Чистота,Pseudomonas aeruginosa,,Ph. Eur. 2.6.13 cat. C,Absence | Отсуство / 1 g,—,—,,,,upon request — not required for release,,
1303,CoQ-PP-2026-0035,additional testing (12-month),04.07.2026,P050062,OPM1024_02,Orange Punch Mimosa,III,iCoA-PP-2025-0009,9.7,Microbiological Purity | Микробиолошка Чистота,Staphylococcus aureus,,Ph. Eur. 2.6.13 cat. C,Absence | Отсуство / 1 g,—,—,,,,upon request — not required for release,,
1304,CoQ-PP-2026-0035,additional testing (12-month),04.07.2026,P050062,OPM1024_02,Orange Punch Mimosa,III,iCoA-PP-2025-0009,10.1,Mycotoxins | Микотоксини,Aflatoxin B₁,Афлатоксин B₁,Ph. Eur. 2.8.18 (HPLC-FLD),≤ 2 µg/kg,ND,197-18-М/26,10.08.2026,Farmahem,Farmahem re-analysis — mycotoxins,covered,,
1305,CoQ-PP-2026-0035,additional testing (12-month),04.07.2026,P050062,OPM1024_02,Orange Punch Mimosa,III,iCoA-PP-2025-0009,10.2,Mycotoxins | Микотоксини,Aflatoxins ∑,Афлатоксини ∑ (B₁+B₂+G₁+G₂),Ph. Eur. 2.8.18 (HPLC-FLD),≤ 4 µg/kg,ND,197-18-М/26,10.08.2026,Farmahem,Farmahem re-analysis — mycotoxins,covered,,
1306,CoQ-PP-2026-0035,additional testing (12-month),04.07.2026,P050062,OPM1024_02,Orange Punch Mimosa,III,iCoA-PP-2025-0009,10.3,Mycotoxins | Микотоксини,Ochratoxin A,Охратоксин A,Ph. Eur. 2.8.22 (HPLC-FLD),≤ 20 µg/kg,ND,197-18-М/26,10.08.2026,Farmahem,Farmahem re-analysis — mycotoxins,covered,,
1307,CoQ-PP-2026-0035,additional testing (12-month),04.07.2026,P050062,OPM1024_02,Orange Punch Mimosa,III,iCoA-PP-2025-0009,11.1,Heavy Metals | Тешки метали,Lead (Pb),Олово (Pb),Ph. Eur. 2.4.27 (ICP-MS),≤ 0.5 mg/kg,—,—,,,,additional testing owed — no post-release certificate yet,,
1308,CoQ-PP-2026-0035,additional testing (12-month),04.07.2026,P050062,OPM1024_02,Orange Punch Mimosa,III,iCoA-PP-2025-0009,11.2,Heavy Metals | Тешки метали,Cadmium (Cd),Кадмиум (Cd),Ph. Eur. 2.4.27 (ICP-MS),≤ 0.3 mg/kg,—,—,,,,additional testing owed — no post-release certificate yet,,
1309,CoQ-PP-2026-0035,additional testing (12-month),04.07.2026,P050062,OPM1024_02,Orange Punch Mimosa,III,iCoA-PP-2025-0009,11.3,Heavy Metals | Тешки метали,Arsenic (As),Арсен (As),Ph. Eur. 2.4.27 (ICP-MS),≤ 0.2 mg/kg,—,—,,,,additional testing owed — no post-release certificate yet,,
1310,CoQ-PP-2026-0035,additional testing (12-month),04.07.2026,P050062,OPM1024_02,Orange Punch Mimosa,III,iCoA-PP-2025-0009,11.4,Heavy Metals | Тешки метали,Mercury (Hg),Жива (Hg),Ph. Eur. 2.4.27 (ICP-MS),≤ 0.1 mg/kg,—,—,,,,additional testing owed — no post-release certificate yet,,
1311,CoQ-PP-2026-0035,additional testing (12-month),04.07.2026,P050062,OPM1024_02,Orange Punch Mimosa,III,iCoA-PP-2025-0009,12,,Pesticide Residues,Остатоци од пестициди,Ph. Eur. 2.8.13 (LC-MS/MS) · CUMCS Equivalency,≤ LOQ as per Ph. Eur. 2.8.13 · ≤ LOQ as per CUMCS Equivalency,—,—,,,,additional testing owed — no post-release certificate yet,,
1312,CoQ-PP-2026-0036,additional testing (12-month),14.07.2026,P050072,GP0824_03,Grape Pie,I,iCoA-PP-2025-0010,1,,"Identification A, Appearance · Macroscopic","Идентиф. A, Изглед, Макроскопски",Ph. Eur. mon. 3028,Conforms to monograph | Соодветствува со монографијата,—,—,,,,to be performed — see route,"Farmahem — Ident A + B + C with the Assay, at retest",
1313,CoQ-PP-2026-0036,additional testing (12-month),14.07.2026,P050072,GP0824_03,Grape Pie,I,iCoA-PP-2025-0010,2,,Identification B · Microscopic,Идентиф. Б · Микроскопски,Ph. Eur. 2.8.23 (microscopy),Conforms to monograph | Соодветствува со монографијата,—,—,,,,to be performed — see route,"Farmahem — Ident A + B + C with the Assay, at retest",
1314,CoQ-PP-2026-0036,additional testing (12-month),14.07.2026,P050072,GP0824_03,Grape Pie,I,iCoA-PP-2025-0010,3,,Identification C · HPLC/HPTLC,Идентиф. Ц · HPLC/HPTLC,Ph. Eur. 2.2.29 (3028),Conforms to monograph | Соодветствува со монографијата,—,—,,,,to be performed — see route,"Farmahem — Ident A + B + C with the Assay, at retest",
1315,CoQ-PP-2026-0036,additional testing (12-month),14.07.2026,P050072,GP0824_03,Grape Pie,I,iCoA-PP-2025-0010,4,,Assay — Total Δ⁹-THC,Анализа — вкупен Δ⁹-THC,Ph. Eur. 2.2.29 (HPLC),"25.20 – 30.79 %  (grade I, class THC 28, nominal 28.00 ± 2.80)",—,—,,,,additional testing owed — no post-release certificate yet,,
1316,CoQ-PP-2026-0036,additional testing (12-month),14.07.2026,P050072,GP0824_03,Grape Pie,I,iCoA-PP-2025-0010,5,,Assay — Total CBD,Анализа — вкупен CBD,Ph. Eur. 2.2.29 (HPLC) · CBD + CBDA x 0.877,"≤ 1.0%, w/w",—,—,,,,additional testing owed — no post-release certificate yet,,
1317,CoQ-PP-2026-0036,additional testing (12-month),14.07.2026,P050072,GP0824_03,Grape Pie,I,iCoA-PP-2025-0010,6,,Total CBN,Вкупен CBN,Ph. Eur. 2.2.29 (HPLC) · CBN + CBNA x 0.876,"≤ 1.0%, w/w",—,—,,,,additional testing owed — no post-release certificate yet,,
1318,CoQ-PP-2026-0036,additional testing (12-month),14.07.2026,P050072,GP0824_03,Grape Pie,I,iCoA-PP-2025-0010,7,,Foreign Matter,Страни материи,Ph. Eur. 2.8.2 · In-house · интерна,"≤ 2.0% / 25–50 g · < 1 cm leaves | листови, no seeds | без семки",—,—,,,,to be performed — see route,Purely Plant laboratory — iCoA covering Foreign matter,
1319,CoQ-PP-2026-0036,additional testing (12-month),14.07.2026,P050072,GP0824_03,Grape Pie,I,iCoA-PP-2025-0010,8,,Loss on Drying,Губиток при сушење,"Ph. Eur. 2.2.32 (3028) · at 40 °C, 24 h, 15–25 mbar",≤ 12.0%,—,—,,,,additional testing owed — no post-release certificate yet,,
1320,CoQ-PP-2026-0036,additional testing (12-month),14.07.2026,P050072,GP0824_03,Grape Pie,I,iCoA-PP-2025-0010,9.1,Microbiological Purity | Микробиолошка Чистота,TAMC,Вкупен аеробен микробен број,Ph. Eur. 2.6.12 cat. C,≤ 10⁵ CFU/g,—,—,,,,additional testing owed — no post-release certificate yet,,
1321,CoQ-PP-2026-0036,additional testing (12-month),14.07.2026,P050072,GP0824_03,Grape Pie,I,iCoA-PP-2025-0010,9.2,Microbiological Purity | Микробиолошка Чистота,TYMC,Вкупен број квасци/мувли,Ph. Eur. 2.6.12 cat. C,≤ 10⁴ CFU/g,—,—,,,,additional testing owed — no post-release certificate yet,,
1322,CoQ-PP-2026-0036,additional testing (12-month),14.07.2026,P050072,GP0824_03,Grape Pie,I,iCoA-PP-2025-0010,9.3,Microbiological Purity | Микробиолошка Чистота,Bile-tolerant gram-neg.,Жолчно-толерантни грам-нег.,Ph. Eur. 2.6.31 cat. C,≤ 10⁴ CFU/g,—,—,,,,additional testing owed — no post-release certificate yet,,
1323,CoQ-PP-2026-0036,additional testing (12-month),14.07.2026,P050072,GP0824_03,Grape Pie,I,iCoA-PP-2025-0010,9.4,Microbiological Purity | Микробиолошка Чистота,Salmonella,Салмонела,Ph. Eur. 2.6.31 cat. C,Absence | Отсуство / 25 g,—,—,,,,additional testing owed — no post-release certificate yet,,
1324,CoQ-PP-2026-0036,additional testing (12-month),14.07.2026,P050072,GP0824_03,Grape Pie,I,iCoA-PP-2025-0010,9.5,Microbiological Purity | Микробиолошка Чистота,Escherichia coli,Ешерихија коли,Ph. Eur. 2.6.13 cat. C,Absence | Отсуство / 1 g,—,—,,,,additional testing owed — no post-release certificate yet,,
1325,CoQ-PP-2026-0036,additional testing (12-month),14.07.2026,P050072,GP0824_03,Grape Pie,I,iCoA-PP-2025-0010,9.6,Microbiological Purity | Микробиолошка Чистота,Pseudomonas aeruginosa,,Ph. Eur. 2.6.13 cat. C,Absence | Отсуство / 1 g,—,—,,,,upon request — not required for release,,
1326,CoQ-PP-2026-0036,additional testing (12-month),14.07.2026,P050072,GP0824_03,Grape Pie,I,iCoA-PP-2025-0010,9.7,Microbiological Purity | Микробиолошка Чистота,Staphylococcus aureus,,Ph. Eur. 2.6.13 cat. C,Absence | Отсуство / 1 g,—,—,,,,upon request — not required for release,,
1327,CoQ-PP-2026-0036,additional testing (12-month),14.07.2026,P050072,GP0824_03,Grape Pie,I,iCoA-PP-2025-0010,10.1,Mycotoxins | Микотоксини,Aflatoxin B₁,Афлатоксин B₁,Ph. Eur. 2.8.18 (HPLC-FLD),≤ 2 µg/kg,—,—,,,,additional testing owed — no post-release certificate yet,,
1328,CoQ-PP-2026-0036,additional testing (12-month),14.07.2026,P050072,GP0824_03,Grape Pie,I,iCoA-PP-2025-0010,10.2,Mycotoxins | Микотоксини,Aflatoxins ∑,Афлатоксини ∑ (B₁+B₂+G₁+G₂),Ph. Eur. 2.8.18 (HPLC-FLD),≤ 4 µg/kg,—,—,,,,additional testing owed — no post-release certificate yet,,
1329,CoQ-PP-2026-0036,additional testing (12-month),14.07.2026,P050072,GP0824_03,Grape Pie,I,iCoA-PP-2025-0010,10.3,Mycotoxins | Микотоксини,Ochratoxin A,Охратоксин A,Ph. Eur. 2.8.22 (HPLC-FLD),≤ 20 µg/kg,—,—,,,,additional testing owed — no post-release certificate yet,,
1330,CoQ-PP-2026-0036,additional testing (12-month),14.07.2026,P050072,GP0824_03,Grape Pie,I,iCoA-PP-2025-0010,11.1,Heavy Metals | Тешки метали,Lead (Pb),Олово (Pb),Ph. Eur. 2.4.27 (ICP-MS),≤ 0.5 mg/kg,—,—,,,,additional testing owed — no post-release certificate yet,,
1331,CoQ-PP-2026-0036,additional testing (12-month),14.07.2026,P050072,GP0824_03,Grape Pie,I,iCoA-PP-2025-0010,11.2,Heavy Metals | Тешки метали,Cadmium (Cd),Кадмиум (Cd),Ph. Eur. 2.4.27 (ICP-MS),≤ 0.3 mg/kg,—,—,,,,additional testing owed — no post-release certificate yet,,
1332,CoQ-PP-2026-0036,additional testing (12-month),14.07.2026,P050072,GP0824_03,Grape Pie,I,iCoA-PP-2025-0010,11.3,Heavy Metals | Тешки метали,Arsenic (As),Арсен (As),Ph. Eur. 2.4.27 (ICP-MS),≤ 0.2 mg/kg,—,—,,,,additional testing owed — no post-release certificate yet,,
1333,CoQ-PP-2026-0036,additional testing (12-month),14.07.2026,P050072,GP0824_03,Grape Pie,I,iCoA-PP-2025-0010,11.4,Heavy Metals | Тешки метали,Mercury (Hg),Жива (Hg),Ph. Eur. 2.4.27 (ICP-MS),≤ 0.1 mg/kg,—,—,,,,additional testing owed — no post-release certificate yet,,
1334,CoQ-PP-2026-0036,additional testing (12-month),14.07.2026,P050072,GP0824_03,Grape Pie,I,iCoA-PP-2025-0010,12,,Pesticide Residues,Остатоци од пестициди,Ph. Eur. 2.8.13 (LC-MS/MS) · CUMCS Equivalency,≤ LOQ as per Ph. Eur. 2.8.13 · ≤ LOQ as per CUMCS Equivalency,—,—,,,,additional testing owed — no post-release certificate yet,,
1335,CoQ-PP-2026-0037,additional testing (12-month),22.07.2026,P050082,OPM1024_03,Orange Punch Mimosa,II,iCoA-PP-2025-0011,1,,"Identification A, Appearance · Macroscopic","Идентиф. A, Изглед, Макроскопски",Ph. Eur. mon. 3028,Conforms to monograph | Соодветствува со монографијата,—,—,,,,to be performed — see route,"Farmahem — Ident A + B + C with the Assay, at retest",
1336,CoQ-PP-2026-0037,additional testing (12-month),22.07.2026,P050082,OPM1024_03,Orange Punch Mimosa,II,iCoA-PP-2025-0011,2,,Identification B · Microscopic,Идентиф. Б · Микроскопски,Ph. Eur. 2.8.23 (microscopy),Conforms to monograph | Соодветствува со монографијата,—,—,,,,to be performed — see route,"Farmahem — Ident A + B + C with the Assay, at retest",
1337,CoQ-PP-2026-0037,additional testing (12-month),22.07.2026,P050082,OPM1024_03,Orange Punch Mimosa,II,iCoA-PP-2025-0011,3,,Identification C · HPLC/HPTLC,Идентиф. Ц · HPLC/HPTLC,Ph. Eur. 2.2.29 (3028),Conforms to monograph | Соодветствува со монографијата,—,—,,,,to be performed — see route,"Farmahem — Ident A + B + C with the Assay, at retest",
1338,CoQ-PP-2026-0037,additional testing (12-month),22.07.2026,P050082,OPM1024_03,Orange Punch Mimosa,II,iCoA-PP-2025-0011,4,,Assay — Total Δ⁹-THC,Анализа — вкупен Δ⁹-THC,Ph. Eur. 2.2.29 (HPLC),"18.00 – 21.99 %  (grade II, class THC 20, nominal 20.00 ± 2.00)",—,—,,,,additional testing owed — no post-release certificate yet,,
1339,CoQ-PP-2026-0037,additional testing (12-month),22.07.2026,P050082,OPM1024_03,Orange Punch Mimosa,II,iCoA-PP-2025-0011,5,,Assay — Total CBD,Анализа — вкупен CBD,Ph. Eur. 2.2.29 (HPLC) · CBD + CBDA x 0.877,"≤ 1.0%, w/w",—,—,,,,additional testing owed — no post-release certificate yet,,
1340,CoQ-PP-2026-0037,additional testing (12-month),22.07.2026,P050082,OPM1024_03,Orange Punch Mimosa,II,iCoA-PP-2025-0011,6,,Total CBN,Вкупен CBN,Ph. Eur. 2.2.29 (HPLC) · CBN + CBNA x 0.876,"≤ 1.0%, w/w",—,—,,,,additional testing owed — no post-release certificate yet,,
1341,CoQ-PP-2026-0037,additional testing (12-month),22.07.2026,P050082,OPM1024_03,Orange Punch Mimosa,II,iCoA-PP-2025-0011,7,,Foreign Matter,Страни материи,Ph. Eur. 2.8.2 · In-house · интерна,"≤ 2.0% / 25–50 g · < 1 cm leaves | листови, no seeds | без семки",—,—,,,,to be performed — see route,Purely Plant laboratory — iCoA covering Foreign matter,
1342,CoQ-PP-2026-0037,additional testing (12-month),22.07.2026,P050082,OPM1024_03,Orange Punch Mimosa,II,iCoA-PP-2025-0011,8,,Loss on Drying,Губиток при сушење,"Ph. Eur. 2.2.32 (3028) · at 40 °C, 24 h, 15–25 mbar",≤ 12.0%,—,—,,,,additional testing owed — no post-release certificate yet,,
1343,CoQ-PP-2026-0037,additional testing (12-month),22.07.2026,P050082,OPM1024_03,Orange Punch Mimosa,II,iCoA-PP-2025-0011,9.1,Microbiological Purity | Микробиолошка Чистота,TAMC,Вкупен аеробен микробен број,Ph. Eur. 2.6.12 cat. C,≤ 10⁵ CFU/g,—,—,,,,additional testing owed — no post-release certificate yet,,
1344,CoQ-PP-2026-0037,additional testing (12-month),22.07.2026,P050082,OPM1024_03,Orange Punch Mimosa,II,iCoA-PP-2025-0011,9.2,Microbiological Purity | Микробиолошка Чистота,TYMC,Вкупен број квасци/мувли,Ph. Eur. 2.6.12 cat. C,≤ 10⁴ CFU/g,—,—,,,,additional testing owed — no post-release certificate yet,,
1345,CoQ-PP-2026-0037,additional testing (12-month),22.07.2026,P050082,OPM1024_03,Orange Punch Mimosa,II,iCoA-PP-2025-0011,9.3,Microbiological Purity | Микробиолошка Чистота,Bile-tolerant gram-neg.,Жолчно-толерантни грам-нег.,Ph. Eur. 2.6.31 cat. C,≤ 10⁴ CFU/g,—,—,,,,additional testing owed — no post-release certificate yet,,
1346,CoQ-PP-2026-0037,additional testing (12-month),22.07.2026,P050082,OPM1024_03,Orange Punch Mimosa,II,iCoA-PP-2025-0011,9.4,Microbiological Purity | Микробиолошка Чистота,Salmonella,Салмонела,Ph. Eur. 2.6.31 cat. C,Absence | Отсуство / 25 g,—,—,,,,additional testing owed — no post-release certificate yet,,
1347,CoQ-PP-2026-0037,additional testing (12-month),22.07.2026,P050082,OPM1024_03,Orange Punch Mimosa,II,iCoA-PP-2025-0011,9.5,Microbiological Purity | Микробиолошка Чистота,Escherichia coli,Ешерихија коли,Ph. Eur. 2.6.13 cat. C,Absence | Отсуство / 1 g,—,—,,,,additional testing owed — no post-release certificate yet,,
1348,CoQ-PP-2026-0037,additional testing (12-month),22.07.2026,P050082,OPM1024_03,Orange Punch Mimosa,II,iCoA-PP-2025-0011,9.6,Microbiological Purity | Микробиолошка Чистота,Pseudomonas aeruginosa,,Ph. Eur. 2.6.13 cat. C,Absence | Отсуство / 1 g,—,—,,,,upon request — not required for release,,
1349,CoQ-PP-2026-0037,additional testing (12-month),22.07.2026,P050082,OPM1024_03,Orange Punch Mimosa,II,iCoA-PP-2025-0011,9.7,Microbiological Purity | Микробиолошка Чистота,Staphylococcus aureus,,Ph. Eur. 2.6.13 cat. C,Absence | Отсуство / 1 g,—,—,,,,upon request — not required for release,,
1350,CoQ-PP-2026-0037,additional testing (12-month),22.07.2026,P050082,OPM1024_03,Orange Punch Mimosa,II,iCoA-PP-2025-0011,10.1,Mycotoxins | Микотоксини,Aflatoxin B₁,Афлатоксин B₁,Ph. Eur. 2.8.18 (HPLC-FLD),≤ 2 µg/kg,—,—,,,,additional testing owed — no post-release certificate yet,,
1351,CoQ-PP-2026-0037,additional testing (12-month),22.07.2026,P050082,OPM1024_03,Orange Punch Mimosa,II,iCoA-PP-2025-0011,10.2,Mycotoxins | Микотоксини,Aflatoxins ∑,Афлатоксини ∑ (B₁+B₂+G₁+G₂),Ph. Eur. 2.8.18 (HPLC-FLD),≤ 4 µg/kg,—,—,,,,additional testing owed — no post-release certificate yet,,
1352,CoQ-PP-2026-0037,additional testing (12-month),22.07.2026,P050082,OPM1024_03,Orange Punch Mimosa,II,iCoA-PP-2025-0011,10.3,Mycotoxins | Микотоксини,Ochratoxin A,Охратоксин A,Ph. Eur. 2.8.22 (HPLC-FLD),≤ 20 µg/kg,—,—,,,,additional testing owed — no post-release certificate yet,,
1353,CoQ-PP-2026-0037,additional testing (12-month),22.07.2026,P050082,OPM1024_03,Orange Punch Mimosa,II,iCoA-PP-2025-0011,11.1,Heavy Metals | Тешки метали,Lead (Pb),Олово (Pb),Ph. Eur. 2.4.27 (ICP-MS),≤ 0.5 mg/kg,—,—,,,,additional testing owed — no post-release certificate yet,,
1354,CoQ-PP-2026-0037,additional testing (12-month),22.07.2026,P050082,OPM1024_03,Orange Punch Mimosa,II,iCoA-PP-2025-0011,11.2,Heavy Metals | Тешки метали,Cadmium (Cd),Кадмиум (Cd),Ph. Eur. 2.4.27 (ICP-MS),≤ 0.3 mg/kg,—,—,,,,additional testing owed — no post-release certificate yet,,
1355,CoQ-PP-2026-0037,additional testing (12-month),22.07.2026,P050082,OPM1024_03,Orange Punch Mimosa,II,iCoA-PP-2025-0011,11.3,Heavy Metals | Тешки метали,Arsenic (As),Арсен (As),Ph. Eur. 2.4.27 (ICP-MS),≤ 0.2 mg/kg,—,—,,,,additional testing owed — no post-release certificate yet,,
1356,CoQ-PP-2026-0037,additional testing (12-month),22.07.2026,P050082,OPM1024_03,Orange Punch Mimosa,II,iCoA-PP-2025-0011,11.4,Heavy Metals | Тешки метали,Mercury (Hg),Жива (Hg),Ph. Eur. 2.4.27 (ICP-MS),≤ 0.1 mg/kg,—,—,,,,additional testing owed — no post-release certificate yet,,
1357,CoQ-PP-2026-0037,additional testing (12-month),22.07.2026,P050082,OPM1024_03,Orange Punch Mimosa,II,iCoA-PP-2025-0011,12,,Pesticide Residues,Остатоци од пестициди,Ph. Eur. 2.8.13 (LC-MS/MS) · CUMCS Equivalency,≤ LOQ as per Ph. Eur. 2.8.13 · ≤ LOQ as per CUMCS Equivalency,—,—,,,,additional testing owed — no post-release certificate yet,,
1358,CoQ-PP-2026-0038,additional testing (12-month),31.07.2026,P050092,GG1024_01,Gorilla Glue,I,iCoA-PP-2025-0012,1,,"Identification A, Appearance · Macroscopic","Идентиф. A, Изглед, Макроскопски",Ph. Eur. mon. 3028,Conforms to monograph | Соодветствува со монографијата,—,—,,,,to be performed — see route,"Farmahem — Ident A + B + C with the Assay, at retest",
1359,CoQ-PP-2026-0038,additional testing (12-month),31.07.2026,P050092,GG1024_01,Gorilla Glue,I,iCoA-PP-2025-0012,2,,Identification B · Microscopic,Идентиф. Б · Микроскопски,Ph. Eur. 2.8.23 (microscopy),Conforms to monograph | Соодветствува со монографијата,—,—,,,,to be performed — see route,"Farmahem — Ident A + B + C with the Assay, at retest",
1360,CoQ-PP-2026-0038,additional testing (12-month),31.07.2026,P050092,GG1024_01,Gorilla Glue,I,iCoA-PP-2025-0012,3,,Identification C · HPLC/HPTLC,Идентиф. Ц · HPLC/HPTLC,Ph. Eur. 2.2.29 (3028),Conforms to monograph | Соодветствува со монографијата,—,—,,,,to be performed — see route,"Farmahem — Ident A + B + C with the Assay, at retest",
1361,CoQ-PP-2026-0038,additional testing (12-month),31.07.2026,P050092,GG1024_01,Gorilla Glue,I,iCoA-PP-2025-0012,4,,Assay — Total Δ⁹-THC,Анализа — вкупен Δ⁹-THC,Ph. Eur. 2.2.29 (HPLC),"16.20 – 19.79 %  (grade I, class THC 18, nominal 18.00 ± 1.80)",18.67,197-9-К/26,07.08.2026,Farmahem,Farmahem re-analysis — cannabinoids,covered,,
1362,CoQ-PP-2026-0038,additional testing (12-month),31.07.2026,P050092,GG1024_01,Gorilla Glue,I,iCoA-PP-2025-0012,5,,Assay — Total CBD,Анализа — вкупен CBD,Ph. Eur. 2.2.29 (HPLC) · CBD + CBDA x 0.877,"≤ 1.0%, w/w",<LOQ,197-9-К/26,07.08.2026,Farmahem,Farmahem re-analysis — cannabinoids,covered,,
1363,CoQ-PP-2026-0038,additional testing (12-month),31.07.2026,P050092,GG1024_01,Gorilla Glue,I,iCoA-PP-2025-0012,6,,Total CBN,Вкупен CBN,Ph. Eur. 2.2.29 (HPLC) · CBN + CBNA x 0.876,"≤ 1.0%, w/w",0.20,197-9-К/26,07.08.2026,Farmahem,Farmahem re-analysis — cannabinoids,covered,,
1364,CoQ-PP-2026-0038,additional testing (12-month),31.07.2026,P050092,GG1024_01,Gorilla Glue,I,iCoA-PP-2025-0012,7,,Foreign Matter,Страни материи,Ph. Eur. 2.8.2 · In-house · интерна,"≤ 2.0% / 25–50 g · < 1 cm leaves | листови, no seeds | без семки",—,—,,,,to be performed — see route,Purely Plant laboratory — iCoA covering Foreign matter,
1365,CoQ-PP-2026-0038,additional testing (12-month),31.07.2026,P050092,GG1024_01,Gorilla Glue,I,iCoA-PP-2025-0012,8,,Loss on Drying,Губиток при сушење,"Ph. Eur. 2.2.32 (3028) · at 40 °C, 24 h, 15–25 mbar",≤ 12.0%,—,—,,,,additional testing owed — no post-release certificate yet,,
1366,CoQ-PP-2026-0038,additional testing (12-month),31.07.2026,P050092,GG1024_01,Gorilla Glue,I,iCoA-PP-2025-0012,9.1,Microbiological Purity | Микробиолошка Чистота,TAMC,Вкупен аеробен микробен број,Ph. Eur. 2.6.12 cat. C,≤ 10⁵ CFU/g,—,—,,,,additional testing owed — no post-release certificate yet,,
1367,CoQ-PP-2026-0038,additional testing (12-month),31.07.2026,P050092,GG1024_01,Gorilla Glue,I,iCoA-PP-2025-0012,9.2,Microbiological Purity | Микробиолошка Чистота,TYMC,Вкупен број квасци/мувли,Ph. Eur. 2.6.12 cat. C,≤ 10⁴ CFU/g,—,—,,,,additional testing owed — no post-release certificate yet,,
1368,CoQ-PP-2026-0038,additional testing (12-month),31.07.2026,P050092,GG1024_01,Gorilla Glue,I,iCoA-PP-2025-0012,9.3,Microbiological Purity | Микробиолошка Чистота,Bile-tolerant gram-neg.,Жолчно-толерантни грам-нег.,Ph. Eur. 2.6.31 cat. C,≤ 10⁴ CFU/g,—,—,,,,additional testing owed — no post-release certificate yet,,
1369,CoQ-PP-2026-0038,additional testing (12-month),31.07.2026,P050092,GG1024_01,Gorilla Glue,I,iCoA-PP-2025-0012,9.4,Microbiological Purity | Микробиолошка Чистота,Salmonella,Салмонела,Ph. Eur. 2.6.31 cat. C,Absence | Отсуство / 25 g,—,—,,,,additional testing owed — no post-release certificate yet,,
1370,CoQ-PP-2026-0038,additional testing (12-month),31.07.2026,P050092,GG1024_01,Gorilla Glue,I,iCoA-PP-2025-0012,9.5,Microbiological Purity | Микробиолошка Чистота,Escherichia coli,Ешерихија коли,Ph. Eur. 2.6.13 cat. C,Absence | Отсуство / 1 g,—,—,,,,additional testing owed — no post-release certificate yet,,
1371,CoQ-PP-2026-0038,additional testing (12-month),31.07.2026,P050092,GG1024_01,Gorilla Glue,I,iCoA-PP-2025-0012,9.6,Microbiological Purity | Микробиолошка Чистота,Pseudomonas aeruginosa,,Ph. Eur. 2.6.13 cat. C,Absence | Отсуство / 1 g,—,—,,,,upon request — not required for release,,
1372,CoQ-PP-2026-0038,additional testing (12-month),31.07.2026,P050092,GG1024_01,Gorilla Glue,I,iCoA-PP-2025-0012,9.7,Microbiological Purity | Микробиолошка Чистота,Staphylococcus aureus,,Ph. Eur. 2.6.13 cat. C,Absence | Отсуство / 1 g,—,—,,,,upon request — not required for release,,
1373,CoQ-PP-2026-0038,additional testing (12-month),31.07.2026,P050092,GG1024_01,Gorilla Glue,I,iCoA-PP-2025-0012,10.1,Mycotoxins | Микотоксини,Aflatoxin B₁,Афлатоксин B₁,Ph. Eur. 2.8.18 (HPLC-FLD),≤ 2 µg/kg,ND,197-9-М/26,10.08.2026,Farmahem,Farmahem re-analysis — mycotoxins,covered,,
1374,CoQ-PP-2026-0038,additional testing (12-month),31.07.2026,P050092,GG1024_01,Gorilla Glue,I,iCoA-PP-2025-0012,10.2,Mycotoxins | Микотоксини,Aflatoxins ∑,Афлатоксини ∑ (B₁+B₂+G₁+G₂),Ph. Eur. 2.8.18 (HPLC-FLD),≤ 4 µg/kg,ND,197-9-М/26,10.08.2026,Farmahem,Farmahem re-analysis — mycotoxins,covered,,
1375,CoQ-PP-2026-0038,additional testing (12-month),31.07.2026,P050092,GG1024_01,Gorilla Glue,I,iCoA-PP-2025-0012,10.3,Mycotoxins | Микотоксини,Ochratoxin A,Охратоксин A,Ph. Eur. 2.8.22 (HPLC-FLD),≤ 20 µg/kg,ND,197-9-М/26,10.08.2026,Farmahem,Farmahem re-analysis — mycotoxins,covered,,
1376,CoQ-PP-2026-0038,additional testing (12-month),31.07.2026,P050092,GG1024_01,Gorilla Glue,I,iCoA-PP-2025-0012,11.1,Heavy Metals | Тешки метали,Lead (Pb),Олово (Pb),Ph. Eur. 2.4.27 (ICP-MS),≤ 0.5 mg/kg,—,—,,,,additional testing owed — no post-release certificate yet,,
1377,CoQ-PP-2026-0038,additional testing (12-month),31.07.2026,P050092,GG1024_01,Gorilla Glue,I,iCoA-PP-2025-0012,11.2,Heavy Metals | Тешки метали,Cadmium (Cd),Кадмиум (Cd),Ph. Eur. 2.4.27 (ICP-MS),≤ 0.3 mg/kg,—,—,,,,additional testing owed — no post-release certificate yet,,
1378,CoQ-PP-2026-0038,additional testing (12-month),31.07.2026,P050092,GG1024_01,Gorilla Glue,I,iCoA-PP-2025-0012,11.3,Heavy Metals | Тешки метали,Arsenic (As),Арсен (As),Ph. Eur. 2.4.27 (ICP-MS),≤ 0.2 mg/kg,—,—,,,,additional testing owed — no post-release certificate yet,,
1379,CoQ-PP-2026-0038,additional testing (12-month),31.07.2026,P050092,GG1024_01,Gorilla Glue,I,iCoA-PP-2025-0012,11.4,Heavy Metals | Тешки метали,Mercury (Hg),Жива (Hg),Ph. Eur. 2.4.27 (ICP-MS),≤ 0.1 mg/kg,—,—,,,,additional testing owed — no post-release certificate yet,,
1380,CoQ-PP-2026-0038,additional testing (12-month),31.07.2026,P050092,GG1024_01,Gorilla Glue,I,iCoA-PP-2025-0012,12,,Pesticide Residues,Остатоци од пестициди,Ph. Eur. 2.8.13 (LC-MS/MS) · CUMCS Equivalency,≤ LOQ as per Ph. Eur. 2.8.13 · ≤ LOQ as per CUMCS Equivalency,—,—,,,,additional testing owed — no post-release certificate yet,,
1381,CoQ-PP-2026-0039,additional testing (12-month),25.08.2026,P050112,MB0824_05,Motor Breath,I,iCoA-PP-2025-0013,1,,"Identification A, Appearance · Macroscopic","Идентиф. A, Изглед, Макроскопски",Ph. Eur. mon. 3028,Conforms to monograph | Соодветствува со монографијата,—,—,,,,to be performed — see route,"Farmahem — Ident A + B + C with the Assay, at retest",
1382,CoQ-PP-2026-0039,additional testing (12-month),25.08.2026,P050112,MB0824_05,Motor Breath,I,iCoA-PP-2025-0013,2,,Identification B · Microscopic,Идентиф. Б · Микроскопски,Ph. Eur. 2.8.23 (microscopy),Conforms to monograph | Соодветствува со монографијата,—,—,,,,to be performed — see route,"Farmahem — Ident A + B + C with the Assay, at retest",
1383,CoQ-PP-2026-0039,additional testing (12-month),25.08.2026,P050112,MB0824_05,Motor Breath,I,iCoA-PP-2025-0013,3,,Identification C · HPLC/HPTLC,Идентиф. Ц · HPLC/HPTLC,Ph. Eur. 2.2.29 (3028),Conforms to monograph | Соодветствува со монографијата,—,—,,,,to be performed — see route,"Farmahem — Ident A + B + C with the Assay, at retest",
1384,CoQ-PP-2026-0039,additional testing (12-month),25.08.2026,P050112,MB0824_05,Motor Breath,I,iCoA-PP-2025-0013,4,,Assay — Total Δ⁹-THC,Анализа — вкупен Δ⁹-THC,Ph. Eur. 2.2.29 (HPLC),"16.20 – 19.79 %  (grade I, class THC 18, nominal 18.00 ± 1.80)",—,—,,,,additional testing owed — no post-release certificate yet,,
1385,CoQ-PP-2026-0039,additional testing (12-month),25.08.2026,P050112,MB0824_05,Motor Breath,I,iCoA-PP-2025-0013,5,,Assay — Total CBD,Анализа — вкупен CBD,Ph. Eur. 2.2.29 (HPLC) · CBD + CBDA x 0.877,"≤ 1.0%, w/w",—,—,,,,additional testing owed — no post-release certificate yet,,
1386,CoQ-PP-2026-0039,additional testing (12-month),25.08.2026,P050112,MB0824_05,Motor Breath,I,iCoA-PP-2025-0013,6,,Total CBN,Вкупен CBN,Ph. Eur. 2.2.29 (HPLC) · CBN + CBNA x 0.876,"≤ 1.0%, w/w",—,—,,,,additional testing owed — no post-release certificate yet,,
1387,CoQ-PP-2026-0039,additional testing (12-month),25.08.2026,P050112,MB0824_05,Motor Breath,I,iCoA-PP-2025-0013,7,,Foreign Matter,Страни материи,Ph. Eur. 2.8.2 · In-house · интерна,"≤ 2.0% / 25–50 g · < 1 cm leaves | листови, no seeds | без семки",—,—,,,,to be performed — see route,Purely Plant laboratory — iCoA covering Foreign matter,
1388,CoQ-PP-2026-0039,additional testing (12-month),25.08.2026,P050112,MB0824_05,Motor Breath,I,iCoA-PP-2025-0013,8,,Loss on Drying,Губиток при сушење,"Ph. Eur. 2.2.32 (3028) · at 40 °C, 24 h, 15–25 mbar",≤ 12.0%,—,—,,,,additional testing owed — no post-release certificate yet,,
1389,CoQ-PP-2026-0039,additional testing (12-month),25.08.2026,P050112,MB0824_05,Motor Breath,I,iCoA-PP-2025-0013,9.1,Microbiological Purity | Микробиолошка Чистота,TAMC,Вкупен аеробен микробен број,Ph. Eur. 2.6.12 cat. C,≤ 10⁵ CFU/g,—,—,,,,additional testing owed — no post-release certificate yet,,
1390,CoQ-PP-2026-0039,additional testing (12-month),25.08.2026,P050112,MB0824_05,Motor Breath,I,iCoA-PP-2025-0013,9.2,Microbiological Purity | Микробиолошка Чистота,TYMC,Вкупен број квасци/мувли,Ph. Eur. 2.6.12 cat. C,≤ 10⁴ CFU/g,—,—,,,,additional testing owed — no post-release certificate yet,,
1391,CoQ-PP-2026-0039,additional testing (12-month),25.08.2026,P050112,MB0824_05,Motor Breath,I,iCoA-PP-2025-0013,9.3,Microbiological Purity | Микробиолошка Чистота,Bile-tolerant gram-neg.,Жолчно-толерантни грам-нег.,Ph. Eur. 2.6.31 cat. C,≤ 10⁴ CFU/g,—,—,,,,additional testing owed — no post-release certificate yet,,
1392,CoQ-PP-2026-0039,additional testing (12-month),25.08.2026,P050112,MB0824_05,Motor Breath,I,iCoA-PP-2025-0013,9.4,Microbiological Purity | Микробиолошка Чистота,Salmonella,Салмонела,Ph. Eur. 2.6.31 cat. C,Absence | Отсуство / 25 g,—,—,,,,additional testing owed — no post-release certificate yet,,
1393,CoQ-PP-2026-0039,additional testing (12-month),25.08.2026,P050112,MB0824_05,Motor Breath,I,iCoA-PP-2025-0013,9.5,Microbiological Purity | Микробиолошка Чистота,Escherichia coli,Ешерихија коли,Ph. Eur. 2.6.13 cat. C,Absence | Отсуство / 1 g,—,—,,,,additional testing owed — no post-release certificate yet,,
1394,CoQ-PP-2026-0039,additional testing (12-month),25.08.2026,P050112,MB0824_05,Motor Breath,I,iCoA-PP-2025-0013,9.6,Microbiological Purity | Микробиолошка Чистота,Pseudomonas aeruginosa,,Ph. Eur. 2.6.13 cat. C,Absence | Отсуство / 1 g,—,—,,,,upon request — not required for release,,
1395,CoQ-PP-2026-0039,additional testing (12-month),25.08.2026,P050112,MB0824_05,Motor Breath,I,iCoA-PP-2025-0013,9.7,Microbiological Purity | Микробиолошка Чистота,Staphylococcus aureus,,Ph. Eur. 2.6.13 cat. C,Absence | Отсуство / 1 g,—,—,,,,upon request — not required for release,,
1396,CoQ-PP-2026-0039,additional testing (12-month),25.08.2026,P050112,MB0824_05,Motor Breath,I,iCoA-PP-2025-0013,10.1,Mycotoxins | Микотоксини,Aflatoxin B₁,Афлатоксин B₁,Ph. Eur. 2.8.18 (HPLC-FLD),≤ 2 µg/kg,—,—,,,,additional testing owed — no post-release certificate yet,,
1397,CoQ-PP-2026-0039,additional testing (12-month),25.08.2026,P050112,MB0824_05,Motor Breath,I,iCoA-PP-2025-0013,10.2,Mycotoxins | Микотоксини,Aflatoxins ∑,Афлатоксини ∑ (B₁+B₂+G₁+G₂),Ph. Eur. 2.8.18 (HPLC-FLD),≤ 4 µg/kg,—,—,,,,additional testing owed — no post-release certificate yet,,
1398,CoQ-PP-2026-0039,additional testing (12-month),25.08.2026,P050112,MB0824_05,Motor Breath,I,iCoA-PP-2025-0013,10.3,Mycotoxins | Микотоксини,Ochratoxin A,Охратоксин A,Ph. Eur. 2.8.22 (HPLC-FLD),≤ 20 µg/kg,—,—,,,,additional testing owed — no post-release certificate yet,,
1399,CoQ-PP-2026-0039,additional testing (12-month),25.08.2026,P050112,MB0824_05,Motor Breath,I,iCoA-PP-2025-0013,11.1,Heavy Metals | Тешки метали,Lead (Pb),Олово (Pb),Ph. Eur. 2.4.27 (ICP-MS),≤ 0.5 mg/kg,—,—,,,,additional testing owed — no post-release certificate yet,,
1400,CoQ-PP-2026-0039,additional testing (12-month),25.08.2026,P050112,MB0824_05,Motor Breath,I,iCoA-PP-2025-0013,11.2,Heavy Metals | Тешки метали,Cadmium (Cd),Кадмиум (Cd),Ph. Eur. 2.4.27 (ICP-MS),≤ 0.3 mg/kg,—,—,,,,additional testing owed — no post-release certificate yet,,
1401,CoQ-PP-2026-0039,additional testing (12-month),25.08.2026,P050112,MB0824_05,Motor Breath,I,iCoA-PP-2025-0013,11.3,Heavy Metals | Тешки метали,Arsenic (As),Арсен (As),Ph. Eur. 2.4.27 (ICP-MS),≤ 0.2 mg/kg,—,—,,,,additional testing owed — no post-release certificate yet,,
1402,CoQ-PP-2026-0039,additional testing (12-month),25.08.2026,P050112,MB0824_05,Motor Breath,I,iCoA-PP-2025-0013,11.4,Heavy Metals | Тешки метали,Mercury (Hg),Жива (Hg),Ph. Eur. 2.4.27 (ICP-MS),≤ 0.1 mg/kg,—,—,,,,additional testing owed — no post-release certificate yet,,
1403,CoQ-PP-2026-0039,additional testing (12-month),25.08.2026,P050112,MB0824_05,Motor Breath,I,iCoA-PP-2025-0013,12,,Pesticide Residues,Остатоци од пестициди,Ph. Eur. 2.8.13 (LC-MS/MS) · CUMCS Equivalency,≤ LOQ as per Ph. Eur. 2.8.13 · ≤ LOQ as per CUMCS Equivalency,—,—,,,,additional testing owed — no post-release certificate yet,,
