wave	wave_name	coq_code	issue_date	batch	pp_batch	strain	version	supersedes_qccoa	supersedes_coq	tranche	spec_code	param_no	parameter	criterion	state	value	source	cert_code	route
1	Supersede QCCoA 001 / 001 v.02	CoQ-PP-2025-0001	2025-02-27	BG1024	BG1024	Blue Gelato	1	QCCoA 001		T1	QCSP_001_BG-I_v.01	1	Identification A, Appearance	Conforms to monograph	MISSING				iCoA
1	Supersede QCCoA 001 / 001 v.02	CoQ-PP-2025-0001	2025-02-27	BG1024	BG1024	Blue Gelato	1	QCCoA 001		T1	QCSP_001_BG-I_v.01	2	Identification B	Conforms to monograph	MISSING				iCoA
1	Supersede QCCoA 001 / 001 v.02	CoQ-PP-2025-0001	2025-02-27	BG1024	BG1024	Blue Gelato	1	QCCoA 001		T1	QCSP_001_BG-I_v.01	3	Identification C	Conforms to monograph	MISSING				iCoA?
1	Supersede QCCoA 001 / 001 v.02	CoQ-PP-2025-0001	2025-02-27	BG1024	BG1024	Blue Gelato	1	QCCoA 001		T1	QCSP_001_BG-I_v.01	4	Assay — Total Δ9-THC	23.40 - 28.59 %	OUTSOURCED	21.80	UKIM_CNP	ППК25050	
1	Supersede QCCoA 001 / 001 v.02	CoQ-PP-2025-0001	2025-02-27	BG1024	BG1024	Blue Gelato	1	QCCoA 001		T1	QCSP_001_BG-I_v.01	5	Assay — Total CBD	≤ 1.0 %, w/w	OUTSOURCED	0.04	UKIM_CNP	ППК25050	
1	Supersede QCCoA 001 / 001 v.02	CoQ-PP-2025-0001	2025-02-27	BG1024	BG1024	Blue Gelato	1	QCCoA 001		T1	QCSP_001_BG-I_v.01	6	Total CBN	≤ 1.0 %, w/w	MISSING				OUTSOURCE
1	Supersede QCCoA 001 / 001 v.02	CoQ-PP-2025-0001	2025-02-27	BG1024	BG1024	Blue Gelato	1	QCCoA 001		T1	QCSP_001_BG-I_v.01	7	Foreign Matter	≤ 2.0 % / 25–50 g	MISSING				iCoA
1	Supersede QCCoA 001 / 001 v.02	CoQ-PP-2025-0001	2025-02-27	BG1024	BG1024	Blue Gelato	1	QCCoA 001		T1	QCSP_001_BG-I_v.01	8	Loss on Drying	≤ 12.0 %	OUTSOURCED	5.73	UKIM_CNP	ППК25050	
1	Supersede QCCoA 001 / 001 v.02	CoQ-PP-2025-0001	2025-02-27	BG1024	BG1024	Blue Gelato	1	QCCoA 001		T1	QCSP_001_BG-I_v.01	9a	TAMC	≤ 10^5 CFU/g	OUTSOURCED	1,6 x 10⁴ CFU/g	IJZ	163/0271/25	
1	Supersede QCCoA 001 / 001 v.02	CoQ-PP-2025-0001	2025-02-27	BG1024	BG1024	Blue Gelato	1	QCCoA 001		T1	QCSP_001_BG-I_v.01	9b	TYMC	≤ 10^4 CFU/g	OUTSOURCED	1 x 10⁴ CFU/g	IJZ	163/0271/25	
1	Supersede QCCoA 001 / 001 v.02	CoQ-PP-2025-0001	2025-02-27	BG1024	BG1024	Blue Gelato	1	QCCoA 001		T1	QCSP_001_BG-I_v.01	9c	Bile-tolerant gram-neg.	≤ 10^4 CFU/g	OUTSOURCED	<10² и > 10 CFU/g	IJZ	163/0271/25	
1	Supersede QCCoA 001 / 001 v.02	CoQ-PP-2025-0001	2025-02-27	BG1024	BG1024	Blue Gelato	1	QCCoA 001		T1	QCSP_001_BG-I_v.01	9d	Salmonella	Absence / 25 g	OUTSOURCED	Одговара	IJZ	163/0271/25	
1	Supersede QCCoA 001 / 001 v.02	CoQ-PP-2025-0001	2025-02-27	BG1024	BG1024	Blue Gelato	1	QCCoA 001		T1	QCSP_001_BG-I_v.01	9e	Escherichia coli	Absence / 1 g	OUTSOURCED	Одговара	IJZ	163/0271/25	
1	Supersede QCCoA 001 / 001 v.02	CoQ-PP-2025-0001	2025-02-27	BG1024	BG1024	Blue Gelato	1	QCCoA 001		T1	QCSP_001_BG-I_v.01	10a	Aflatoxin B1	≤ 2 µg/kg	NOT TESTED				OUTSOURCE
1	Supersede QCCoA 001 / 001 v.02	CoQ-PP-2025-0001	2025-02-27	BG1024	BG1024	Blue Gelato	1	QCCoA 001		T1	QCSP_001_BG-I_v.01	10b	Aflatoxins ∑ (B1+B2+G1+G2)	≤ 4 µg/kg	OUTSOURCED	<2	IJZ	752/2025	
1	Supersede QCCoA 001 / 001 v.02	CoQ-PP-2025-0001	2025-02-27	BG1024	BG1024	Blue Gelato	1	QCCoA 001		T1	QCSP_001_BG-I_v.01	10c	Ochratoxin A	≤ 20 µg/kg	NOT TESTED				OUTSOURCE
1	Supersede QCCoA 001 / 001 v.02	CoQ-PP-2025-0001	2025-02-27	BG1024	BG1024	Blue Gelato	1	QCCoA 001		T1	QCSP_001_BG-I_v.01	11a	Lead (Pb)	≤ 0.5 mg/kg	OUTSOURCED	0,01	IJZ	752/2025	
1	Supersede QCCoA 001 / 001 v.02	CoQ-PP-2025-0001	2025-02-27	BG1024	BG1024	Blue Gelato	1	QCCoA 001		T1	QCSP_001_BG-I_v.01	11b	Cadmium (Cd)	≤ 0.3 mg/kg	OUTSOURCED	0,016	IJZ	752/2025	
1	Supersede QCCoA 001 / 001 v.02	CoQ-PP-2025-0001	2025-02-27	BG1024	BG1024	Blue Gelato	1	QCCoA 001		T1	QCSP_001_BG-I_v.01	11c	Arsenic (As)	≤ 0.2 mg/kg	OUTSOURCED	0,014	IJZ	752/2025	
1	Supersede QCCoA 001 / 001 v.02	CoQ-PP-2025-0001	2025-02-27	BG1024	BG1024	Blue Gelato	1	QCCoA 001		T1	QCSP_001_BG-I_v.01	11d	Mercury (Hg)	≤ 0.1 mg/kg	OUTSOURCED	0,005	IJZ	752/2025	
1	Supersede QCCoA 001 / 001 v.02	CoQ-PP-2025-0001	2025-02-27	BG1024	BG1024	Blue Gelato	1	QCCoA 001		T1	QCSP_001_BG-I_v.01	12	Pesticide Residues	≤ LOQ per МКС EN 15662	OUTSOURCED	≤ LOQ (all 29 compounds)	IJZ	752/2025	
1	Supersede QCCoA 001 / 001 v.02	CoQ-PP-2025-0002	2025-02-27	BSS1024	BSS1024	Blue Sunset Sherbet	1	QCCoA 001		T1	QCSP_001_BSS-I_v.01	1	Identification A, Appearance	Conforms to monograph	MISSING				iCoA
1	Supersede QCCoA 001 / 001 v.02	CoQ-PP-2025-0002	2025-02-27	BSS1024	BSS1024	Blue Sunset Sherbet	1	QCCoA 001		T1	QCSP_001_BSS-I_v.01	2	Identification B	Conforms to monograph	MISSING				iCoA
1	Supersede QCCoA 001 / 001 v.02	CoQ-PP-2025-0002	2025-02-27	BSS1024	BSS1024	Blue Sunset Sherbet	1	QCCoA 001		T1	QCSP_001_BSS-I_v.01	3	Identification C	Conforms to monograph	MISSING				iCoA?
1	Supersede QCCoA 001 / 001 v.02	CoQ-PP-2025-0002	2025-02-27	BSS1024	BSS1024	Blue Sunset Sherbet	1	QCCoA 001		T1	QCSP_001_BSS-I_v.01	4	Assay — Total Δ9-THC	21.60 - 26.39 %	OUTSOURCED	21.03	UKIM_CNP	ППК25051	
1	Supersede QCCoA 001 / 001 v.02	CoQ-PP-2025-0002	2025-02-27	BSS1024	BSS1024	Blue Sunset Sherbet	1	QCCoA 001		T1	QCSP_001_BSS-I_v.01	5	Assay — Total CBD	≤ 1.0 %, w/w	OUTSOURCED	0.04	UKIM_CNP	ППК25051	
1	Supersede QCCoA 001 / 001 v.02	CoQ-PP-2025-0002	2025-02-27	BSS1024	BSS1024	Blue Sunset Sherbet	1	QCCoA 001		T1	QCSP_001_BSS-I_v.01	6	Total CBN	≤ 1.0 %, w/w	MISSING				OUTSOURCE
1	Supersede QCCoA 001 / 001 v.02	CoQ-PP-2025-0002	2025-02-27	BSS1024	BSS1024	Blue Sunset Sherbet	1	QCCoA 001		T1	QCSP_001_BSS-I_v.01	7	Foreign Matter	≤ 2.0 % / 25–50 g	MISSING				iCoA
1	Supersede QCCoA 001 / 001 v.02	CoQ-PP-2025-0002	2025-02-27	BSS1024	BSS1024	Blue Sunset Sherbet	1	QCCoA 001		T1	QCSP_001_BSS-I_v.01	8	Loss on Drying	≤ 12.0 %	OUTSOURCED	5.99	UKIM_CNP	ППК25051	
1	Supersede QCCoA 001 / 001 v.02	CoQ-PP-2025-0002	2025-02-27	BSS1024	BSS1024	Blue Sunset Sherbet	1	QCCoA 001		T1	QCSP_001_BSS-I_v.01	9a	TAMC	≤ 10^5 CFU/g	MISSING				OUTSOURCE
1	Supersede QCCoA 001 / 001 v.02	CoQ-PP-2025-0002	2025-02-27	BSS1024	BSS1024	Blue Sunset Sherbet	1	QCCoA 001		T1	QCSP_001_BSS-I_v.01	9b	TYMC	≤ 10^4 CFU/g	MISSING				OUTSOURCE
1	Supersede QCCoA 001 / 001 v.02	CoQ-PP-2025-0002	2025-02-27	BSS1024	BSS1024	Blue Sunset Sherbet	1	QCCoA 001		T1	QCSP_001_BSS-I_v.01	9c	Bile-tolerant gram-neg.	≤ 10^4 CFU/g	MISSING				OUTSOURCE
1	Supersede QCCoA 001 / 001 v.02	CoQ-PP-2025-0002	2025-02-27	BSS1024	BSS1024	Blue Sunset Sherbet	1	QCCoA 001		T1	QCSP_001_BSS-I_v.01	9d	Salmonella	Absence / 25 g	MISSING				OUTSOURCE
1	Supersede QCCoA 001 / 001 v.02	CoQ-PP-2025-0002	2025-02-27	BSS1024	BSS1024	Blue Sunset Sherbet	1	QCCoA 001		T1	QCSP_001_BSS-I_v.01	9e	Escherichia coli	Absence / 1 g	MISSING				OUTSOURCE
1	Supersede QCCoA 001 / 001 v.02	CoQ-PP-2025-0002	2025-02-27	BSS1024	BSS1024	Blue Sunset Sherbet	1	QCCoA 001		T1	QCSP_001_BSS-I_v.01	10a	Aflatoxin B1	≤ 2 µg/kg	NOT TESTED				OUTSOURCE
1	Supersede QCCoA 001 / 001 v.02	CoQ-PP-2025-0002	2025-02-27	BSS1024	BSS1024	Blue Sunset Sherbet	1	QCCoA 001		T1	QCSP_001_BSS-I_v.01	10b	Aflatoxins ∑ (B1+B2+G1+G2)	≤ 4 µg/kg	OUTSOURCED	< 2	IJZ	751/2025	
1	Supersede QCCoA 001 / 001 v.02	CoQ-PP-2025-0002	2025-02-27	BSS1024	BSS1024	Blue Sunset Sherbet	1	QCCoA 001		T1	QCSP_001_BSS-I_v.01	10c	Ochratoxin A	≤ 20 µg/kg	NOT TESTED				OUTSOURCE
1	Supersede QCCoA 001 / 001 v.02	CoQ-PP-2025-0002	2025-02-27	BSS1024	BSS1024	Blue Sunset Sherbet	1	QCCoA 001		T1	QCSP_001_BSS-I_v.01	11a	Lead (Pb)	≤ 0.5 mg/kg	OUTSOURCED	0,071	IJZ	751/2025	
1	Supersede QCCoA 001 / 001 v.02	CoQ-PP-2025-0002	2025-02-27	BSS1024	BSS1024	Blue Sunset Sherbet	1	QCCoA 001		T1	QCSP_001_BSS-I_v.01	11b	Cadmium (Cd)	≤ 0.3 mg/kg	OUTSOURCED	0,014	IJZ	751/2025	
1	Supersede QCCoA 001 / 001 v.02	CoQ-PP-2025-0002	2025-02-27	BSS1024	BSS1024	Blue Sunset Sherbet	1	QCCoA 001		T1	QCSP_001_BSS-I_v.01	11c	Arsenic (As)	≤ 0.2 mg/kg	OUTSOURCED	0,081	IJZ	751/2025	
1	Supersede QCCoA 001 / 001 v.02	CoQ-PP-2025-0002	2025-02-27	BSS1024	BSS1024	Blue Sunset Sherbet	1	QCCoA 001		T1	QCSP_001_BSS-I_v.01	11d	Mercury (Hg)	≤ 0.1 mg/kg	OUTSOURCED	0,014	IJZ	751/2025	
1	Supersede QCCoA 001 / 001 v.02	CoQ-PP-2025-0002	2025-02-27	BSS1024	BSS1024	Blue Sunset Sherbet	1	QCCoA 001		T1	QCSP_001_BSS-I_v.01	12	Pesticide Residues	≤ LOQ per МКС EN 15662	OUTSOURCED	≤ LOQ (all 29 compounds)	IJZ	751/2025	
1	Supersede QCCoA 001 / 001 v.02	CoQ-PP-2025-0003	2025-02-27	CJ1024		Cap Junky	1	QCCoA 001		—		1	Identification A, Appearance	Conforms to monograph	MISSING				iCoA
1	Supersede QCCoA 001 / 001 v.02	CoQ-PP-2025-0003	2025-02-27	CJ1024		Cap Junky	1	QCCoA 001		—		2	Identification B	Conforms to monograph	MISSING				iCoA
1	Supersede QCCoA 001 / 001 v.02	CoQ-PP-2025-0003	2025-02-27	CJ1024		Cap Junky	1	QCCoA 001		—		3	Identification C	Conforms to monograph	MISSING				iCoA?
1	Supersede QCCoA 001 / 001 v.02	CoQ-PP-2025-0003	2025-02-27	CJ1024		Cap Junky	1	QCCoA 001		—		4	Assay — Total Δ9-THC	NO MASTER ROW - criterion unknown	OUTSOURCED	23.00	UKIM_CNP	ППК25052	
1	Supersede QCCoA 001 / 001 v.02	CoQ-PP-2025-0003	2025-02-27	CJ1024		Cap Junky	1	QCCoA 001		—		5	Assay — Total CBD	≤ 1.0 %, w/w	OUTSOURCED	0.05	UKIM_CNP	ППК25052	
1	Supersede QCCoA 001 / 001 v.02	CoQ-PP-2025-0003	2025-02-27	CJ1024		Cap Junky	1	QCCoA 001		—		6	Total CBN	≤ 1.0 %, w/w	MISSING				OUTSOURCE
1	Supersede QCCoA 001 / 001 v.02	CoQ-PP-2025-0003	2025-02-27	CJ1024		Cap Junky	1	QCCoA 001		—		7	Foreign Matter	≤ 2.0 % / 25–50 g	MISSING				iCoA
1	Supersede QCCoA 001 / 001 v.02	CoQ-PP-2025-0003	2025-02-27	CJ1024		Cap Junky	1	QCCoA 001		—		8	Loss on Drying	≤ 12.0 %	OUTSOURCED	5.91	UKIM_CNP	ППК25052	
1	Supersede QCCoA 001 / 001 v.02	CoQ-PP-2025-0003	2025-02-27	CJ1024		Cap Junky	1	QCCoA 001		—		9a	TAMC	≤ 10^5 CFU/g	OUTSOURCED	8,4 x 10³ CFU/g	IJZ	164/0272/25	
1	Supersede QCCoA 001 / 001 v.02	CoQ-PP-2025-0003	2025-02-27	CJ1024		Cap Junky	1	QCCoA 001		—		9b	TYMC	≤ 10^4 CFU/g	OUTSOURCED	< 10 CFU/g	IJZ	164/0272/25	
1	Supersede QCCoA 001 / 001 v.02	CoQ-PP-2025-0003	2025-02-27	CJ1024		Cap Junky	1	QCCoA 001		—		9c	Bile-tolerant gram-neg.	≤ 10^4 CFU/g	OUTSOURCED	< 10 CFU/g	IJZ	164/0272/25	
1	Supersede QCCoA 001 / 001 v.02	CoQ-PP-2025-0003	2025-02-27	CJ1024		Cap Junky	1	QCCoA 001		—		9d	Salmonella	Absence / 25 g	OUTSOURCED	Одговара	IJZ	164/0272/25	
1	Supersede QCCoA 001 / 001 v.02	CoQ-PP-2025-0003	2025-02-27	CJ1024		Cap Junky	1	QCCoA 001		—		9e	Escherichia coli	Absence / 1 g	OUTSOURCED	Одговара	IJZ	164/0272/25	
1	Supersede QCCoA 001 / 001 v.02	CoQ-PP-2025-0003	2025-02-27	CJ1024		Cap Junky	1	QCCoA 001		—		10a	Aflatoxin B1	≤ 2 µg/kg	NOT TESTED				OUTSOURCE
1	Supersede QCCoA 001 / 001 v.02	CoQ-PP-2025-0003	2025-02-27	CJ1024		Cap Junky	1	QCCoA 001		—		10b	Aflatoxins ∑ (B1+B2+G1+G2)	≤ 4 µg/kg	OUTSOURCED	< 2	IJZ	750/2025	
1	Supersede QCCoA 001 / 001 v.02	CoQ-PP-2025-0003	2025-02-27	CJ1024		Cap Junky	1	QCCoA 001		—		10c	Ochratoxin A	≤ 20 µg/kg	NOT TESTED				OUTSOURCE
1	Supersede QCCoA 001 / 001 v.02	CoQ-PP-2025-0003	2025-02-27	CJ1024		Cap Junky	1	QCCoA 001		—		11a	Lead (Pb)	≤ 0.5 mg/kg	OUTSOURCED	0,036	IJZ	750/2025	
1	Supersede QCCoA 001 / 001 v.02	CoQ-PP-2025-0003	2025-02-27	CJ1024		Cap Junky	1	QCCoA 001		—		11b	Cadmium (Cd)	≤ 0.3 mg/kg	OUTSOURCED	0,013	IJZ	750/2025	
1	Supersede QCCoA 001 / 001 v.02	CoQ-PP-2025-0003	2025-02-27	CJ1024		Cap Junky	1	QCCoA 001		—		11c	Arsenic (As)	≤ 0.2 mg/kg	OUTSOURCED	0,063	IJZ	750/2025	
1	Supersede QCCoA 001 / 001 v.02	CoQ-PP-2025-0003	2025-02-27	CJ1024		Cap Junky	1	QCCoA 001		—		11d	Mercury (Hg)	≤ 0.1 mg/kg	OUTSOURCED	0,006	IJZ	750/2025	
1	Supersede QCCoA 001 / 001 v.02	CoQ-PP-2025-0003	2025-02-27	CJ1024		Cap Junky	1	QCCoA 001		—		12	Pesticide Residues	≤ LOQ per МКС EN 15662	OUTSOURCED	≤ LOQ (all 29 compounds)	IJZ	750/2025	
1	Supersede QCCoA 001 / 001 v.02	CoQ-PP-2025-0004	2025-04-17	GG1024_01	P050092	Gorilla Glue	1	QCCoA 001		T1	QCSP_001_GG-I_v.01	1	Identification A, Appearance	Conforms to monograph	MISSING				iCoA
1	Supersede QCCoA 001 / 001 v.02	CoQ-PP-2025-0004	2025-04-17	GG1024_01	P050092	Gorilla Glue	1	QCCoA 001		T1	QCSP_001_GG-I_v.01	2	Identification B	Conforms to monograph	MISSING				iCoA
1	Supersede QCCoA 001 / 001 v.02	CoQ-PP-2025-0004	2025-04-17	GG1024_01	P050092	Gorilla Glue	1	QCCoA 001		T1	QCSP_001_GG-I_v.01	3	Identification C	Conforms to monograph	MISSING				iCoA?
1	Supersede QCCoA 001 / 001 v.02	CoQ-PP-2025-0004	2025-04-17	GG1024_01	P050092	Gorilla Glue	1	QCCoA 001		T1	QCSP_001_GG-I_v.01	4	Assay — Total Δ9-THC	16.20 - 19.79 %	OUTSOURCED	17.22	UKIM_CNP	ППК25104	
1	Supersede QCCoA 001 / 001 v.02	CoQ-PP-2025-0004	2025-04-17	GG1024_01	P050092	Gorilla Glue	1	QCCoA 001		T1	QCSP_001_GG-I_v.01	5	Assay — Total CBD	≤ 1.0 %, w/w	OUTSOURCED	0.05	UKIM_CNP	ППК25104	
1	Supersede QCCoA 001 / 001 v.02	CoQ-PP-2025-0004	2025-04-17	GG1024_01	P050092	Gorilla Glue	1	QCCoA 001		T1	QCSP_001_GG-I_v.01	6	Total CBN	≤ 1.0 %, w/w	MISSING				OUTSOURCE
1	Supersede QCCoA 001 / 001 v.02	CoQ-PP-2025-0004	2025-04-17	GG1024_01	P050092	Gorilla Glue	1	QCCoA 001		T1	QCSP_001_GG-I_v.01	7	Foreign Matter	≤ 2.0 % / 25–50 g	MISSING				iCoA
1	Supersede QCCoA 001 / 001 v.02	CoQ-PP-2025-0004	2025-04-17	GG1024_01	P050092	Gorilla Glue	1	QCCoA 001		T1	QCSP_001_GG-I_v.01	8	Loss on Drying	≤ 12.0 %	OUTSOURCED	7.54	UKIM_CNP	ППК25104	
1	Supersede QCCoA 001 / 001 v.02	CoQ-PP-2025-0004	2025-04-17	GG1024_01	P050092	Gorilla Glue	1	QCCoA 001		T1	QCSP_001_GG-I_v.01	9a	TAMC	≤ 10^5 CFU/g	OUTSOURCED	5,1 x 10⁴ CFU/g	IJZ	320/0587/25	
1	Supersede QCCoA 001 / 001 v.02	CoQ-PP-2025-0004	2025-04-17	GG1024_01	P050092	Gorilla Glue	1	QCCoA 001		T1	QCSP_001_GG-I_v.01	9b	TYMC	≤ 10^4 CFU/g	OUTSOURCED	4,2 x 10⁴ CFU/g	IJZ	320/0587/25	
1	Supersede QCCoA 001 / 001 v.02	CoQ-PP-2025-0004	2025-04-17	GG1024_01	P050092	Gorilla Glue	1	QCCoA 001		T1	QCSP_001_GG-I_v.01	9c	Bile-tolerant gram-neg.	≤ 10^4 CFU/g	OUTSOURCED	< 10 CFU/g	IJZ	320/0587/25	
1	Supersede QCCoA 001 / 001 v.02	CoQ-PP-2025-0004	2025-04-17	GG1024_01	P050092	Gorilla Glue	1	QCCoA 001		T1	QCSP_001_GG-I_v.01	9d	Salmonella	Absence / 25 g	OUTSOURCED	Одговара	IJZ	320/0587/25	
1	Supersede QCCoA 001 / 001 v.02	CoQ-PP-2025-0004	2025-04-17	GG1024_01	P050092	Gorilla Glue	1	QCCoA 001		T1	QCSP_001_GG-I_v.01	9e	Escherichia coli	Absence / 1 g	OUTSOURCED	Одговара	IJZ	320/0587/25	
1	Supersede QCCoA 001 / 001 v.02	CoQ-PP-2025-0004	2025-04-17	GG1024_01	P050092	Gorilla Glue	1	QCCoA 001		T1	QCSP_001_GG-I_v.01	10a	Aflatoxin B1	≤ 2 µg/kg	NOT TESTED				OUTSOURCE
1	Supersede QCCoA 001 / 001 v.02	CoQ-PP-2025-0004	2025-04-17	GG1024_01	P050092	Gorilla Glue	1	QCCoA 001		T1	QCSP_001_GG-I_v.01	10b	Aflatoxins ∑ (B1+B2+G1+G2)	≤ 4 µg/kg	OUTSOURCED	< 2	IJZ	1766/2025	
1	Supersede QCCoA 001 / 001 v.02	CoQ-PP-2025-0004	2025-04-17	GG1024_01	P050092	Gorilla Glue	1	QCCoA 001		T1	QCSP_001_GG-I_v.01	10c	Ochratoxin A	≤ 20 µg/kg	NOT TESTED				OUTSOURCE
1	Supersede QCCoA 001 / 001 v.02	CoQ-PP-2025-0004	2025-04-17	GG1024_01	P050092	Gorilla Glue	1	QCCoA 001		T1	QCSP_001_GG-I_v.01	11a	Lead (Pb)	≤ 0.5 mg/kg	OUTSOURCED	0,02	IJZ	1766/2025	
1	Supersede QCCoA 001 / 001 v.02	CoQ-PP-2025-0004	2025-04-17	GG1024_01	P050092	Gorilla Glue	1	QCCoA 001		T1	QCSP_001_GG-I_v.01	11b	Cadmium (Cd)	≤ 0.3 mg/kg	OUTSOURCED	0,007	IJZ	1766/2025	
1	Supersede QCCoA 001 / 001 v.02	CoQ-PP-2025-0004	2025-04-17	GG1024_01	P050092	Gorilla Glue	1	QCCoA 001		T1	QCSP_001_GG-I_v.01	11c	Arsenic (As)	≤ 0.2 mg/kg	OUTSOURCED	0,015	IJZ	1766/2025	
1	Supersede QCCoA 001 / 001 v.02	CoQ-PP-2025-0004	2025-04-17	GG1024_01	P050092	Gorilla Glue	1	QCCoA 001		T1	QCSP_001_GG-I_v.01	11d	Mercury (Hg)	≤ 0.1 mg/kg	OUTSOURCED	0,005	IJZ	1766/2025	
1	Supersede QCCoA 001 / 001 v.02	CoQ-PP-2025-0004	2025-04-17	GG1024_01	P050092	Gorilla Glue	1	QCCoA 001		T1	QCSP_001_GG-I_v.01	12	Pesticide Residues	≤ LOQ per МКС EN 15662	OUTSOURCED	≤ LOQ (all 27 compounds)	IJZ	1766/2025	
1	Supersede QCCoA 001 / 001 v.02	CoQ-PP-2025-0009	2025-05-07	OPM1024_01	P050042	Orange Punch Mimosa	1	QCCoA 001		T2	QCSP_001_OPM-III_v.01	1	Identification A, Appearance	Conforms to monograph	MISSING				iCoA
1	Supersede QCCoA 001 / 001 v.02	CoQ-PP-2025-0009	2025-05-07	OPM1024_01	P050042	Orange Punch Mimosa	1	QCCoA 001		T2	QCSP_001_OPM-III_v.01	2	Identification B	Conforms to monograph	MISSING				iCoA
1	Supersede QCCoA 001 / 001 v.02	CoQ-PP-2025-0009	2025-05-07	OPM1024_01	P050042	Orange Punch Mimosa	1	QCCoA 001		T2	QCSP_001_OPM-III_v.01	3	Identification C	Conforms to monograph	MISSING				iCoA?
1	Supersede QCCoA 001 / 001 v.02	CoQ-PP-2025-0009	2025-05-07	OPM1024_01	P050042	Orange Punch Mimosa	1	QCCoA 001		T2	QCSP_001_OPM-III_v.01	4	Assay — Total Δ9-THC	16.20 - 19.79 %	OUTSOURCED	15.38	UKIM_CNP	ППК25117	
1	Supersede QCCoA 001 / 001 v.02	CoQ-PP-2025-0009	2025-05-07	OPM1024_01	P050042	Orange Punch Mimosa	1	QCCoA 001		T2	QCSP_001_OPM-III_v.01	5	Assay — Total CBD	≤ 1.0 %, w/w	OUTSOURCED	0.04	UKIM_CNP	ППК25117	
1	Supersede QCCoA 001 / 001 v.02	CoQ-PP-2025-0009	2025-05-07	OPM1024_01	P050042	Orange Punch Mimosa	1	QCCoA 001		T2	QCSP_001_OPM-III_v.01	6	Total CBN	≤ 1.0 %, w/w	MISSING				OUTSOURCE
1	Supersede QCCoA 001 / 001 v.02	CoQ-PP-2025-0009	2025-05-07	OPM1024_01	P050042	Orange Punch Mimosa	1	QCCoA 001		T2	QCSP_001_OPM-III_v.01	7	Foreign Matter	≤ 2.0 % / 25–50 g	MISSING				iCoA
1	Supersede QCCoA 001 / 001 v.02	CoQ-PP-2025-0009	2025-05-07	OPM1024_01	P050042	Orange Punch Mimosa	1	QCCoA 001		T2	QCSP_001_OPM-III_v.01	8	Loss on Drying	≤ 12.0 %	OUTSOURCED	5.86	UKIM_CNP	ППК25117	
1	Supersede QCCoA 001 / 001 v.02	CoQ-PP-2025-0009	2025-05-07	OPM1024_01	P050042	Orange Punch Mimosa	1	QCCoA 001		T2	QCSP_001_OPM-III_v.01	9a	TAMC	≤ 10^5 CFU/g	MISSING				OUTSOURCE
1	Supersede QCCoA 001 / 001 v.02	CoQ-PP-2025-0009	2025-05-07	OPM1024_01	P050042	Orange Punch Mimosa	1	QCCoA 001		T2	QCSP_001_OPM-III_v.01	9b	TYMC	≤ 10^4 CFU/g	MISSING				OUTSOURCE
1	Supersede QCCoA 001 / 001 v.02	CoQ-PP-2025-0009	2025-05-07	OPM1024_01	P050042	Orange Punch Mimosa	1	QCCoA 001		T2	QCSP_001_OPM-III_v.01	9c	Bile-tolerant gram-neg.	≤ 10^4 CFU/g	MISSING				OUTSOURCE
1	Supersede QCCoA 001 / 001 v.02	CoQ-PP-2025-0009	2025-05-07	OPM1024_01	P050042	Orange Punch Mimosa	1	QCCoA 001		T2	QCSP_001_OPM-III_v.01	9d	Salmonella	Absence / 25 g	MISSING				OUTSOURCE
1	Supersede QCCoA 001 / 001 v.02	CoQ-PP-2025-0009	2025-05-07	OPM1024_01	P050042	Orange Punch Mimosa	1	QCCoA 001		T2	QCSP_001_OPM-III_v.01	9e	Escherichia coli	Absence / 1 g	MISSING				OUTSOURCE
1	Supersede QCCoA 001 / 001 v.02	CoQ-PP-2025-0009	2025-05-07	OPM1024_01	P050042	Orange Punch Mimosa	1	QCCoA 001		T2	QCSP_001_OPM-III_v.01	10a	Aflatoxin B1	≤ 2 µg/kg	NOT TESTED				OUTSOURCE
1	Supersede QCCoA 001 / 001 v.02	CoQ-PP-2025-0009	2025-05-07	OPM1024_01	P050042	Orange Punch Mimosa	1	QCCoA 001		T2	QCSP_001_OPM-III_v.01	10b	Aflatoxins ∑ (B1+B2+G1+G2)	≤ 4 µg/kg	OUTSOURCED	< 2	IJZ	2156/2025	
1	Supersede QCCoA 001 / 001 v.02	CoQ-PP-2025-0009	2025-05-07	OPM1024_01	P050042	Orange Punch Mimosa	1	QCCoA 001		T2	QCSP_001_OPM-III_v.01	10c	Ochratoxin A	≤ 20 µg/kg	NOT TESTED				OUTSOURCE
1	Supersede QCCoA 001 / 001 v.02	CoQ-PP-2025-0009	2025-05-07	OPM1024_01	P050042	Orange Punch Mimosa	1	QCCoA 001		T2	QCSP_001_OPM-III_v.01	11a	Lead (Pb)	≤ 0.5 mg/kg	OUTSOURCED	0,031	IJZ	2156/2025	
1	Supersede QCCoA 001 / 001 v.02	CoQ-PP-2025-0009	2025-05-07	OPM1024_01	P050042	Orange Punch Mimosa	1	QCCoA 001		T2	QCSP_001_OPM-III_v.01	11b	Cadmium (Cd)	≤ 0.3 mg/kg	OUTSOURCED	0,004	IJZ	2156/2025	
1	Supersede QCCoA 001 / 001 v.02	CoQ-PP-2025-0009	2025-05-07	OPM1024_01	P050042	Orange Punch Mimosa	1	QCCoA 001		T2	QCSP_001_OPM-III_v.01	11c	Arsenic (As)	≤ 0.2 mg/kg	OUTSOURCED	0,01	IJZ	2156/2025	
1	Supersede QCCoA 001 / 001 v.02	CoQ-PP-2025-0009	2025-05-07	OPM1024_01	P050042	Orange Punch Mimosa	1	QCCoA 001		T2	QCSP_001_OPM-III_v.01	11d	Mercury (Hg)	≤ 0.1 mg/kg	OUTSOURCED	0,001	IJZ	2156/2025	
1	Supersede QCCoA 001 / 001 v.02	CoQ-PP-2025-0009	2025-05-07	OPM1024_01	P050042	Orange Punch Mimosa	1	QCCoA 001		T2	QCSP_001_OPM-III_v.01	12	Pesticide Residues	≤ LOQ per МКС EN 15662	OUTSOURCED	≤ LOQ (all 26 compounds)	IJZ	2156/2025	
1	Supersede QCCoA 001 / 001 v.02	CoQ-PP-2025-0011	2025-06-24	HPA1024_01	P050052	High Pro Amnesia	1	QCCoA 001		T1	QCSP_001_HPA-I_v.01	1	Identification A, Appearance	Conforms to monograph	MISSING				iCoA
1	Supersede QCCoA 001 / 001 v.02	CoQ-PP-2025-0011	2025-06-24	HPA1024_01	P050052	High Pro Amnesia	1	QCCoA 001		T1	QCSP_001_HPA-I_v.01	2	Identification B	Conforms to monograph	MISSING				iCoA
1	Supersede QCCoA 001 / 001 v.02	CoQ-PP-2025-0011	2025-06-24	HPA1024_01	P050052	High Pro Amnesia	1	QCCoA 001		T1	QCSP_001_HPA-I_v.01	3	Identification C	Conforms to monograph	MISSING				iCoA?
1	Supersede QCCoA 001 / 001 v.02	CoQ-PP-2025-0011	2025-06-24	HPA1024_01	P050052	High Pro Amnesia	1	QCCoA 001		T1	QCSP_001_HPA-I_v.01	4	Assay — Total Δ9-THC	19.80 - 24.19 %	OUTSOURCED	22.43	UKIM_CNP		
1	Supersede QCCoA 001 / 001 v.02	CoQ-PP-2025-0011	2025-06-24	HPA1024_01	P050052	High Pro Amnesia	1	QCCoA 001		T1	QCSP_001_HPA-I_v.01	5	Assay — Total CBD	≤ 1.0 %, w/w	OUTSOURCED	0.10	UKIM_CNP		
1	Supersede QCCoA 001 / 001 v.02	CoQ-PP-2025-0011	2025-06-24	HPA1024_01	P050052	High Pro Amnesia	1	QCCoA 001		T1	QCSP_001_HPA-I_v.01	6	Total CBN	≤ 1.0 %, w/w	MISSING				OUTSOURCE
1	Supersede QCCoA 001 / 001 v.02	CoQ-PP-2025-0011	2025-06-24	HPA1024_01	P050052	High Pro Amnesia	1	QCCoA 001		T1	QCSP_001_HPA-I_v.01	7	Foreign Matter	≤ 2.0 % / 25–50 g	MISSING				iCoA
1	Supersede QCCoA 001 / 001 v.02	CoQ-PP-2025-0011	2025-06-24	HPA1024_01	P050052	High Pro Amnesia	1	QCCoA 001		T1	QCSP_001_HPA-I_v.01	8	Loss on Drying	≤ 12.0 %	OUTSOURCED	6.36	UKIM_CNP		
1	Supersede QCCoA 001 / 001 v.02	CoQ-PP-2025-0011	2025-06-24	HPA1024_01	P050052	High Pro Amnesia	1	QCCoA 001		T1	QCSP_001_HPA-I_v.01	9a	TAMC	≤ 10^5 CFU/g	OUTSOURCED	9,6 x 10³ CFU/g	IJZ	587/1066/25	
1	Supersede QCCoA 001 / 001 v.02	CoQ-PP-2025-0011	2025-06-24	HPA1024_01	P050052	High Pro Amnesia	1	QCCoA 001		T1	QCSP_001_HPA-I_v.01	9b	TYMC	≤ 10^4 CFU/g	OUTSOURCED	1,5 x 10⁴ CFU/g	IJZ	587/1066/25	
1	Supersede QCCoA 001 / 001 v.02	CoQ-PP-2025-0011	2025-06-24	HPA1024_01	P050052	High Pro Amnesia	1	QCCoA 001		T1	QCSP_001_HPA-I_v.01	9c	Bile-tolerant gram-neg.	≤ 10^4 CFU/g	OUTSOURCED	< 10 CFU/g	IJZ	587/1066/25	
1	Supersede QCCoA 001 / 001 v.02	CoQ-PP-2025-0011	2025-06-24	HPA1024_01	P050052	High Pro Amnesia	1	QCCoA 001		T1	QCSP_001_HPA-I_v.01	9d	Salmonella	Absence / 25 g	OUTSOURCED	Одговара	IJZ	587/1066/25	
1	Supersede QCCoA 001 / 001 v.02	CoQ-PP-2025-0011	2025-06-24	HPA1024_01	P050052	High Pro Amnesia	1	QCCoA 001		T1	QCSP_001_HPA-I_v.01	9e	Escherichia coli	Absence / 1 g	OUTSOURCED	Одговара	IJZ	587/1066/25	
1	Supersede QCCoA 001 / 001 v.02	CoQ-PP-2025-0011	2025-06-24	HPA1024_01	P050052	High Pro Amnesia	1	QCCoA 001		T1	QCSP_001_HPA-I_v.01	10a	Aflatoxin B1	≤ 2 µg/kg	NOT TESTED				OUTSOURCE
1	Supersede QCCoA 001 / 001 v.02	CoQ-PP-2025-0011	2025-06-24	HPA1024_01	P050052	High Pro Amnesia	1	QCCoA 001		T1	QCSP_001_HPA-I_v.01	10b	Aflatoxins ∑ (B1+B2+G1+G2)	≤ 4 µg/kg	OUTSOURCED	< 2	IJZ	2995/2025	
1	Supersede QCCoA 001 / 001 v.02	CoQ-PP-2025-0011	2025-06-24	HPA1024_01	P050052	High Pro Amnesia	1	QCCoA 001		T1	QCSP_001_HPA-I_v.01	10c	Ochratoxin A	≤ 20 µg/kg	NOT TESTED				OUTSOURCE
1	Supersede QCCoA 001 / 001 v.02	CoQ-PP-2025-0011	2025-06-24	HPA1024_01	P050052	High Pro Amnesia	1	QCCoA 001		T1	QCSP_001_HPA-I_v.01	11a	Lead (Pb)	≤ 0.5 mg/kg	OUTSOURCED	0,059	IJZ	2995/2025	
1	Supersede QCCoA 001 / 001 v.02	CoQ-PP-2025-0011	2025-06-24	HPA1024_01	P050052	High Pro Amnesia	1	QCCoA 001		T1	QCSP_001_HPA-I_v.01	11b	Cadmium (Cd)	≤ 0.3 mg/kg	OUTSOURCED	0,014	IJZ	2995/2025	
1	Supersede QCCoA 001 / 001 v.02	CoQ-PP-2025-0011	2025-06-24	HPA1024_01	P050052	High Pro Amnesia	1	QCCoA 001		T1	QCSP_001_HPA-I_v.01	11c	Arsenic (As)	≤ 0.2 mg/kg	OUTSOURCED	0,037	IJZ	2995/2025	
1	Supersede QCCoA 001 / 001 v.02	CoQ-PP-2025-0011	2025-06-24	HPA1024_01	P050052	High Pro Amnesia	1	QCCoA 001		T1	QCSP_001_HPA-I_v.01	11d	Mercury (Hg)	≤ 0.1 mg/kg	OUTSOURCED	0,008	IJZ	2995/2025	
1	Supersede QCCoA 001 / 001 v.02	CoQ-PP-2025-0011	2025-06-24	HPA1024_01	P050052	High Pro Amnesia	1	QCCoA 001		T1	QCSP_001_HPA-I_v.01	12	Pesticide Residues	≤ LOQ per МКС EN 15662	OUTSOURCED	≤ LOQ (all 23 compounds)	IJZ	2995/2025	
1	Supersede QCCoA 001 / 001 v.02	CoQ-PP-2025-0012	2025-06-24	OPM1024_02	P050062	Orange Punch Mimosa	1	QCCoA 001		T1	QCSP_001_OPM-III_v.01	1	Identification A, Appearance	Conforms to monograph	MISSING				iCoA
1	Supersede QCCoA 001 / 001 v.02	CoQ-PP-2025-0012	2025-06-24	OPM1024_02	P050062	Orange Punch Mimosa	1	QCCoA 001		T1	QCSP_001_OPM-III_v.01	2	Identification B	Conforms to monograph	MISSING				iCoA
1	Supersede QCCoA 001 / 001 v.02	CoQ-PP-2025-0012	2025-06-24	OPM1024_02	P050062	Orange Punch Mimosa	1	QCCoA 001		T1	QCSP_001_OPM-III_v.01	3	Identification C	Conforms to monograph	MISSING				iCoA?
1	Supersede QCCoA 001 / 001 v.02	CoQ-PP-2025-0012	2025-06-24	OPM1024_02	P050062	Orange Punch Mimosa	1	QCCoA 001		T1	QCSP_001_OPM-III_v.01	4	Assay — Total Δ9-THC	16.20 - 19.79 %	OUTSOURCED	18.27	UKIM_CNP	ППК25154	
1	Supersede QCCoA 001 / 001 v.02	CoQ-PP-2025-0012	2025-06-24	OPM1024_02	P050062	Orange Punch Mimosa	1	QCCoA 001		T1	QCSP_001_OPM-III_v.01	5	Assay — Total CBD	≤ 1.0 %, w/w	OUTSOURCED	0.05	UKIM_CNP	ППК25154	
1	Supersede QCCoA 001 / 001 v.02	CoQ-PP-2025-0012	2025-06-24	OPM1024_02	P050062	Orange Punch Mimosa	1	QCCoA 001		T1	QCSP_001_OPM-III_v.01	6	Total CBN	≤ 1.0 %, w/w	MISSING				OUTSOURCE
1	Supersede QCCoA 001 / 001 v.02	CoQ-PP-2025-0012	2025-06-24	OPM1024_02	P050062	Orange Punch Mimosa	1	QCCoA 001		T1	QCSP_001_OPM-III_v.01	7	Foreign Matter	≤ 2.0 % / 25–50 g	MISSING				iCoA
1	Supersede QCCoA 001 / 001 v.02	CoQ-PP-2025-0012	2025-06-24	OPM1024_02	P050062	Orange Punch Mimosa	1	QCCoA 001		T1	QCSP_001_OPM-III_v.01	8	Loss on Drying	≤ 12.0 %	OUTSOURCED	6.89	UKIM_CNP	ППК25154	
1	Supersede QCCoA 001 / 001 v.02	CoQ-PP-2025-0012	2025-06-24	OPM1024_02	P050062	Orange Punch Mimosa	1	QCCoA 001		T1	QCSP_001_OPM-III_v.01	9a	TAMC	≤ 10^5 CFU/g	OUTSOURCED	3,4 x 10³ CFU/g	IJZ	588/1067/25	
1	Supersede QCCoA 001 / 001 v.02	CoQ-PP-2025-0012	2025-06-24	OPM1024_02	P050062	Orange Punch Mimosa	1	QCCoA 001		T1	QCSP_001_OPM-III_v.01	9b	TYMC	≤ 10^4 CFU/g	OUTSOURCED	3,6 x 10³ CFU/g	IJZ	588/1067/25	
1	Supersede QCCoA 001 / 001 v.02	CoQ-PP-2025-0012	2025-06-24	OPM1024_02	P050062	Orange Punch Mimosa	1	QCCoA 001		T1	QCSP_001_OPM-III_v.01	9c	Bile-tolerant gram-neg.	≤ 10^4 CFU/g	OUTSOURCED	< 10 CFU/g	IJZ	588/1067/25	
1	Supersede QCCoA 001 / 001 v.02	CoQ-PP-2025-0012	2025-06-24	OPM1024_02	P050062	Orange Punch Mimosa	1	QCCoA 001		T1	QCSP_001_OPM-III_v.01	9d	Salmonella	Absence / 25 g	OUTSOURCED	Одговара	IJZ	588/1067/25	
1	Supersede QCCoA 001 / 001 v.02	CoQ-PP-2025-0012	2025-06-24	OPM1024_02	P050062	Orange Punch Mimosa	1	QCCoA 001		T1	QCSP_001_OPM-III_v.01	9e	Escherichia coli	Absence / 1 g	OUTSOURCED	Одговара	IJZ	588/1067/25	
1	Supersede QCCoA 001 / 001 v.02	CoQ-PP-2025-0012	2025-06-24	OPM1024_02	P050062	Orange Punch Mimosa	1	QCCoA 001		T1	QCSP_001_OPM-III_v.01	10a	Aflatoxin B1	≤ 2 µg/kg	NOT TESTED				OUTSOURCE
1	Supersede QCCoA 001 / 001 v.02	CoQ-PP-2025-0012	2025-06-24	OPM1024_02	P050062	Orange Punch Mimosa	1	QCCoA 001		T1	QCSP_001_OPM-III_v.01	10b	Aflatoxins ∑ (B1+B2+G1+G2)	≤ 4 µg/kg	OUTSOURCED	< 2	IJZ	2994/2025	
1	Supersede QCCoA 001 / 001 v.02	CoQ-PP-2025-0012	2025-06-24	OPM1024_02	P050062	Orange Punch Mimosa	1	QCCoA 001		T1	QCSP_001_OPM-III_v.01	10c	Ochratoxin A	≤ 20 µg/kg	NOT TESTED				OUTSOURCE
1	Supersede QCCoA 001 / 001 v.02	CoQ-PP-2025-0012	2025-06-24	OPM1024_02	P050062	Orange Punch Mimosa	1	QCCoA 001		T1	QCSP_001_OPM-III_v.01	11a	Lead (Pb)	≤ 0.5 mg/kg	OUTSOURCED	0,052	IJZ	2994/2025	
1	Supersede QCCoA 001 / 001 v.02	CoQ-PP-2025-0012	2025-06-24	OPM1024_02	P050062	Orange Punch Mimosa	1	QCCoA 001		T1	QCSP_001_OPM-III_v.01	11b	Cadmium (Cd)	≤ 0.3 mg/kg	OUTSOURCED	0,011	IJZ	2994/2025	
1	Supersede QCCoA 001 / 001 v.02	CoQ-PP-2025-0012	2025-06-24	OPM1024_02	P050062	Orange Punch Mimosa	1	QCCoA 001		T1	QCSP_001_OPM-III_v.01	11c	Arsenic (As)	≤ 0.2 mg/kg	OUTSOURCED	0,028	IJZ	2994/2025	
1	Supersede QCCoA 001 / 001 v.02	CoQ-PP-2025-0012	2025-06-24	OPM1024_02	P050062	Orange Punch Mimosa	1	QCCoA 001		T1	QCSP_001_OPM-III_v.01	11d	Mercury (Hg)	≤ 0.1 mg/kg	OUTSOURCED	0,061	IJZ	2994/2025	
1	Supersede QCCoA 001 / 001 v.02	CoQ-PP-2025-0012	2025-06-24	OPM1024_02	P050062	Orange Punch Mimosa	1	QCCoA 001		T1	QCSP_001_OPM-III_v.01	12	Pesticide Residues	≤ LOQ per МКС EN 15662	OUTSOURCED	FINDS: 1 compound(s) above LOQ	IJZ	2994/2025	
1	Supersede QCCoA 001 / 001 v.02	CoQ-PP-2025-0013	2025-07-10	GP0824_02	P050022	Grape Pie	1	QCCoA 001		T1	QCSP_001_GP-III_v.01	1	Identification A, Appearance	Conforms to monograph	MISSING				iCoA
1	Supersede QCCoA 001 / 001 v.02	CoQ-PP-2025-0013	2025-07-10	GP0824_02	P050022	Grape Pie	1	QCCoA 001		T1	QCSP_001_GP-III_v.01	2	Identification B	Conforms to monograph	MISSING				iCoA
1	Supersede QCCoA 001 / 001 v.02	CoQ-PP-2025-0013	2025-07-10	GP0824_02	P050022	Grape Pie	1	QCCoA 001		T1	QCSP_001_GP-III_v.01	3	Identification C	Conforms to monograph	MISSING				iCoA?
1	Supersede QCCoA 001 / 001 v.02	CoQ-PP-2025-0013	2025-07-10	GP0824_02	P050022	Grape Pie	1	QCCoA 001		T1	QCSP_001_GP-III_v.01	4	Assay — Total Δ9-THC	21.60 - 26.39 %	OUTSOURCED	23.19	UKIM_CNP	ППК25174	
1	Supersede QCCoA 001 / 001 v.02	CoQ-PP-2025-0013	2025-07-10	GP0824_02	P050022	Grape Pie	1	QCCoA 001		T1	QCSP_001_GP-III_v.01	5	Assay — Total CBD	≤ 1.0 %, w/w	OUTSOURCED	0.07	UKIM_CNP	ППК25174	
1	Supersede QCCoA 001 / 001 v.02	CoQ-PP-2025-0013	2025-07-10	GP0824_02	P050022	Grape Pie	1	QCCoA 001		T1	QCSP_001_GP-III_v.01	6	Total CBN	≤ 1.0 %, w/w	MISSING				OUTSOURCE
1	Supersede QCCoA 001 / 001 v.02	CoQ-PP-2025-0013	2025-07-10	GP0824_02	P050022	Grape Pie	1	QCCoA 001		T1	QCSP_001_GP-III_v.01	7	Foreign Matter	≤ 2.0 % / 25–50 g	MISSING				iCoA
1	Supersede QCCoA 001 / 001 v.02	CoQ-PP-2025-0013	2025-07-10	GP0824_02	P050022	Grape Pie	1	QCCoA 001		T1	QCSP_001_GP-III_v.01	8	Loss on Drying	≤ 12.0 %	OUTSOURCED	6.51	UKIM_CNP	ППК25174	
1	Supersede QCCoA 001 / 001 v.02	CoQ-PP-2025-0013	2025-07-10	GP0824_02	P050022	Grape Pie	1	QCCoA 001		T1	QCSP_001_GP-III_v.01	9a	TAMC	≤ 10^5 CFU/g	OUTSOURCED	< 10 CFU/g	IJZ	627/1128/25	
1	Supersede QCCoA 001 / 001 v.02	CoQ-PP-2025-0013	2025-07-10	GP0824_02	P050022	Grape Pie	1	QCCoA 001		T1	QCSP_001_GP-III_v.01	9b	TYMC	≤ 10^4 CFU/g	OUTSOURCED	< 10 CFU/g	IJZ	627/1128/25	
1	Supersede QCCoA 001 / 001 v.02	CoQ-PP-2025-0013	2025-07-10	GP0824_02	P050022	Grape Pie	1	QCCoA 001		T1	QCSP_001_GP-III_v.01	9c	Bile-tolerant gram-neg.	≤ 10^4 CFU/g	OUTSOURCED	< 10 CFU/g	IJZ	627/1128/25	
1	Supersede QCCoA 001 / 001 v.02	CoQ-PP-2025-0013	2025-07-10	GP0824_02	P050022	Grape Pie	1	QCCoA 001		T1	QCSP_001_GP-III_v.01	9d	Salmonella	Absence / 25 g	OUTSOURCED	Одговара	IJZ	627/1128/25	
1	Supersede QCCoA 001 / 001 v.02	CoQ-PP-2025-0013	2025-07-10	GP0824_02	P050022	Grape Pie	1	QCCoA 001		T1	QCSP_001_GP-III_v.01	9e	Escherichia coli	Absence / 1 g	OUTSOURCED	Одговара	IJZ	627/1128/25	
1	Supersede QCCoA 001 / 001 v.02	CoQ-PP-2025-0013	2025-07-10	GP0824_02	P050022	Grape Pie	1	QCCoA 001		T1	QCSP_001_GP-III_v.01	10a	Aflatoxin B1	≤ 2 µg/kg	NOT TESTED				OUTSOURCE
1	Supersede QCCoA 001 / 001 v.02	CoQ-PP-2025-0013	2025-07-10	GP0824_02	P050022	Grape Pie	1	QCCoA 001		T1	QCSP_001_GP-III_v.01	10b	Aflatoxins ∑ (B1+B2+G1+G2)	≤ 4 µg/kg	OUTSOURCED	< 2	IJZ	2471/2025	
1	Supersede QCCoA 001 / 001 v.02	CoQ-PP-2025-0013	2025-07-10	GP0824_02	P050022	Grape Pie	1	QCCoA 001		T1	QCSP_001_GP-III_v.01	10c	Ochratoxin A	≤ 20 µg/kg	NOT TESTED				OUTSOURCE
1	Supersede QCCoA 001 / 001 v.02	CoQ-PP-2025-0013	2025-07-10	GP0824_02	P050022	Grape Pie	1	QCCoA 001		T1	QCSP_001_GP-III_v.01	11a	Lead (Pb)	≤ 0.5 mg/kg	OUTSOURCED	н.д.	IJZ	2471/2025	
1	Supersede QCCoA 001 / 001 v.02	CoQ-PP-2025-0013	2025-07-10	GP0824_02	P050022	Grape Pie	1	QCCoA 001		T1	QCSP_001_GP-III_v.01	11b	Cadmium (Cd)	≤ 0.3 mg/kg	OUTSOURCED	н.д.	IJZ	2471/2025	
1	Supersede QCCoA 001 / 001 v.02	CoQ-PP-2025-0013	2025-07-10	GP0824_02	P050022	Grape Pie	1	QCCoA 001		T1	QCSP_001_GP-III_v.01	11c	Arsenic (As)	≤ 0.2 mg/kg	OUTSOURCED	н.д.	IJZ	2471/2025	
1	Supersede QCCoA 001 / 001 v.02	CoQ-PP-2025-0013	2025-07-10	GP0824_02	P050022	Grape Pie	1	QCCoA 001		T1	QCSP_001_GP-III_v.01	11d	Mercury (Hg)	≤ 0.1 mg/kg	OUTSOURCED	н.д.	IJZ	2471/2025	
1	Supersede QCCoA 001 / 001 v.02	CoQ-PP-2025-0013	2025-07-10	GP0824_02	P050022	Grape Pie	1	QCCoA 001		T1	QCSP_001_GP-III_v.01	12	Pesticide Residues	≤ LOQ per МКС EN 15662	OUTSOURCED	≤ LOQ (all 29 compounds)	IJZ	2471/2025	
1	Supersede QCCoA 001 / 001 v.02	CoQ-PP-2025-0014	2025-07-10	GP0824_03	P050072	Grape Pie	1	QCCoA 001		T2	QCSP_001_GP-I_v.01	1	Identification A, Appearance	Conforms to monograph	MISSING				iCoA
1	Supersede QCCoA 001 / 001 v.02	CoQ-PP-2025-0014	2025-07-10	GP0824_03	P050072	Grape Pie	1	QCCoA 001		T2	QCSP_001_GP-I_v.01	2	Identification B	Conforms to monograph	MISSING				iCoA
1	Supersede QCCoA 001 / 001 v.02	CoQ-PP-2025-0014	2025-07-10	GP0824_03	P050072	Grape Pie	1	QCCoA 001		T2	QCSP_001_GP-I_v.01	3	Identification C	Conforms to monograph	MISSING				iCoA?
1	Supersede QCCoA 001 / 001 v.02	CoQ-PP-2025-0014	2025-07-10	GP0824_03	P050072	Grape Pie	1	QCCoA 001		T2	QCSP_001_GP-I_v.01	4	Assay — Total Δ9-THC	25.20 - 30.79 %	OUTSOURCED	25.45	UKIM_CNP	ППК25175	
1	Supersede QCCoA 001 / 001 v.02	CoQ-PP-2025-0014	2025-07-10	GP0824_03	P050072	Grape Pie	1	QCCoA 001		T2	QCSP_001_GP-I_v.01	5	Assay — Total CBD	≤ 1.0 %, w/w	OUTSOURCED	0.08	UKIM_CNP	ППК25175	
1	Supersede QCCoA 001 / 001 v.02	CoQ-PP-2025-0014	2025-07-10	GP0824_03	P050072	Grape Pie	1	QCCoA 001		T2	QCSP_001_GP-I_v.01	6	Total CBN	≤ 1.0 %, w/w	MISSING				OUTSOURCE
1	Supersede QCCoA 001 / 001 v.02	CoQ-PP-2025-0014	2025-07-10	GP0824_03	P050072	Grape Pie	1	QCCoA 001		T2	QCSP_001_GP-I_v.01	7	Foreign Matter	≤ 2.0 % / 25–50 g	MISSING				iCoA
1	Supersede QCCoA 001 / 001 v.02	CoQ-PP-2025-0014	2025-07-10	GP0824_03	P050072	Grape Pie	1	QCCoA 001		T2	QCSP_001_GP-I_v.01	8	Loss on Drying	≤ 12.0 %	OUTSOURCED	6.58	UKIM_CNP	ППК25175	
1	Supersede QCCoA 001 / 001 v.02	CoQ-PP-2025-0014	2025-07-10	GP0824_03	P050072	Grape Pie	1	QCCoA 001		T2	QCSP_001_GP-I_v.01	9a	TAMC	≤ 10^5 CFU/g	OUTSOURCED	1,1 x 10⁴ CFU/g	IJZ	628/1129/25	
1	Supersede QCCoA 001 / 001 v.02	CoQ-PP-2025-0014	2025-07-10	GP0824_03	P050072	Grape Pie	1	QCCoA 001		T2	QCSP_001_GP-I_v.01	9b	TYMC	≤ 10^4 CFU/g	OUTSOURCED	1,2 x 10⁴ CFU/g	IJZ	628/1129/25	
1	Supersede QCCoA 001 / 001 v.02	CoQ-PP-2025-0014	2025-07-10	GP0824_03	P050072	Grape Pie	1	QCCoA 001		T2	QCSP_001_GP-I_v.01	9c	Bile-tolerant gram-neg.	≤ 10^4 CFU/g	OUTSOURCED	< 10⁴ и > 10³ CFU/g	IJZ	628/1129/25	
1	Supersede QCCoA 001 / 001 v.02	CoQ-PP-2025-0014	2025-07-10	GP0824_03	P050072	Grape Pie	1	QCCoA 001		T2	QCSP_001_GP-I_v.01	9d	Salmonella	Absence / 25 g	OUTSOURCED	Одговара	IJZ	628/1129/25	
1	Supersede QCCoA 001 / 001 v.02	CoQ-PP-2025-0014	2025-07-10	GP0824_03	P050072	Grape Pie	1	QCCoA 001		T2	QCSP_001_GP-I_v.01	9e	Escherichia coli	Absence / 1 g	OUTSOURCED	Одговара	IJZ	628/1129/25	
1	Supersede QCCoA 001 / 001 v.02	CoQ-PP-2025-0014	2025-07-10	GP0824_03	P050072	Grape Pie	1	QCCoA 001		T2	QCSP_001_GP-I_v.01	10a	Aflatoxin B1	≤ 2 µg/kg	MISSING				OUTSOURCE
1	Supersede QCCoA 001 / 001 v.02	CoQ-PP-2025-0014	2025-07-10	GP0824_03	P050072	Grape Pie	1	QCCoA 001		T2	QCSP_001_GP-I_v.01	10b	Aflatoxins ∑ (B1+B2+G1+G2)	≤ 4 µg/kg	MISSING				OUTSOURCE
1	Supersede QCCoA 001 / 001 v.02	CoQ-PP-2025-0014	2025-07-10	GP0824_03	P050072	Grape Pie	1	QCCoA 001		T2	QCSP_001_GP-I_v.01	10c	Ochratoxin A	≤ 20 µg/kg	MISSING				OUTSOURCE
1	Supersede QCCoA 001 / 001 v.02	CoQ-PP-2025-0014	2025-07-10	GP0824_03	P050072	Grape Pie	1	QCCoA 001		T2	QCSP_001_GP-I_v.01	11a	Lead (Pb)	≤ 0.5 mg/kg	MISSING				OUTSOURCE
1	Supersede QCCoA 001 / 001 v.02	CoQ-PP-2025-0014	2025-07-10	GP0824_03	P050072	Grape Pie	1	QCCoA 001		T2	QCSP_001_GP-I_v.01	11b	Cadmium (Cd)	≤ 0.3 mg/kg	MISSING				OUTSOURCE
1	Supersede QCCoA 001 / 001 v.02	CoQ-PP-2025-0014	2025-07-10	GP0824_03	P050072	Grape Pie	1	QCCoA 001		T2	QCSP_001_GP-I_v.01	11c	Arsenic (As)	≤ 0.2 mg/kg	MISSING				OUTSOURCE
1	Supersede QCCoA 001 / 001 v.02	CoQ-PP-2025-0014	2025-07-10	GP0824_03	P050072	Grape Pie	1	QCCoA 001		T2	QCSP_001_GP-I_v.01	11d	Mercury (Hg)	≤ 0.1 mg/kg	MISSING				OUTSOURCE
1	Supersede QCCoA 001 / 001 v.02	CoQ-PP-2025-0014	2025-07-10	GP0824_03	P050072	Grape Pie	1	QCCoA 001		T2	QCSP_001_GP-I_v.01	12	Pesticide Residues	≤ LOQ per 2.8.13	MISSING				OUTSOURCE
1	Supersede QCCoA 001 / 001 v.02	CoQ-PP-2025-0016	2025-07-29	MB0824_05	P050112	Motor Breath	1	QCCoA 001 v.02		T2	QCSP_001_MB-I_v.01	1	Identification A, Appearance	Conforms to monograph	MISSING				iCoA
1	Supersede QCCoA 001 / 001 v.02	CoQ-PP-2025-0016	2025-07-29	MB0824_05	P050112	Motor Breath	1	QCCoA 001 v.02		T2	QCSP_001_MB-I_v.01	2	Identification B	Conforms to monograph	MISSING				iCoA
1	Supersede QCCoA 001 / 001 v.02	CoQ-PP-2025-0016	2025-07-29	MB0824_05	P050112	Motor Breath	1	QCCoA 001 v.02		T2	QCSP_001_MB-I_v.01	3	Identification C	Conforms to monograph	MISSING				iCoA?
1	Supersede QCCoA 001 / 001 v.02	CoQ-PP-2025-0016	2025-07-29	MB0824_05	P050112	Motor Breath	1	QCCoA 001 v.02		T2	QCSP_001_MB-I_v.01	4	Assay — Total Δ9-THC	16.20 - 19.79 %	OUTSOURCED	16.82	UKIM_CNP		
1	Supersede QCCoA 001 / 001 v.02	CoQ-PP-2025-0016	2025-07-29	MB0824_05	P050112	Motor Breath	1	QCCoA 001 v.02		T2	QCSP_001_MB-I_v.01	5	Assay — Total CBD	≤ 1.0 %, w/w	OUTSOURCED	0.06	UKIM_CNP		
1	Supersede QCCoA 001 / 001 v.02	CoQ-PP-2025-0016	2025-07-29	MB0824_05	P050112	Motor Breath	1	QCCoA 001 v.02		T2	QCSP_001_MB-I_v.01	6	Total CBN	≤ 1.0 %, w/w	MISSING				OUTSOURCE
1	Supersede QCCoA 001 / 001 v.02	CoQ-PP-2025-0016	2025-07-29	MB0824_05	P050112	Motor Breath	1	QCCoA 001 v.02		T2	QCSP_001_MB-I_v.01	7	Foreign Matter	≤ 2.0 % / 25–50 g	MISSING				iCoA
1	Supersede QCCoA 001 / 001 v.02	CoQ-PP-2025-0016	2025-07-29	MB0824_05	P050112	Motor Breath	1	QCCoA 001 v.02		T2	QCSP_001_MB-I_v.01	8	Loss on Drying	≤ 12.0 %	OUTSOURCED	6.56	UKIM_CNP		
1	Supersede QCCoA 001 / 001 v.02	CoQ-PP-2025-0016	2025-07-29	MB0824_05	P050112	Motor Breath	1	QCCoA 001 v.02		T2	QCSP_001_MB-I_v.01	9a	TAMC	≤ 10^5 CFU/g	OUTSOURCED	3,5 x 10³ CFU/g	IJZ	767/1376/25	
1	Supersede QCCoA 001 / 001 v.02	CoQ-PP-2025-0016	2025-07-29	MB0824_05	P050112	Motor Breath	1	QCCoA 001 v.02		T2	QCSP_001_MB-I_v.01	9b	TYMC	≤ 10^4 CFU/g	OUTSOURCED	1 x 10³ CFU/g	IJZ	767/1376/25	
1	Supersede QCCoA 001 / 001 v.02	CoQ-PP-2025-0016	2025-07-29	MB0824_05	P050112	Motor Breath	1	QCCoA 001 v.02		T2	QCSP_001_MB-I_v.01	9c	Bile-tolerant gram-neg.	≤ 10^4 CFU/g	OUTSOURCED	< 10 CFU/g	IJZ	767/1376/25	
1	Supersede QCCoA 001 / 001 v.02	CoQ-PP-2025-0016	2025-07-29	MB0824_05	P050112	Motor Breath	1	QCCoA 001 v.02		T2	QCSP_001_MB-I_v.01	9d	Salmonella	Absence / 25 g	OUTSOURCED	Одговара	IJZ	767/1376/25	
1	Supersede QCCoA 001 / 001 v.02	CoQ-PP-2025-0016	2025-07-29	MB0824_05	P050112	Motor Breath	1	QCCoA 001 v.02		T2	QCSP_001_MB-I_v.01	9e	Escherichia coli	Absence / 1 g	OUTSOURCED	Одговара	IJZ	767/1376/25	
1	Supersede QCCoA 001 / 001 v.02	CoQ-PP-2025-0016	2025-07-29	MB0824_05	P050112	Motor Breath	1	QCCoA 001 v.02		T2	QCSP_001_MB-I_v.01	10a	Aflatoxin B1	≤ 2 µg/kg	NOT TESTED				OUTSOURCE
1	Supersede QCCoA 001 / 001 v.02	CoQ-PP-2025-0016	2025-07-29	MB0824_05	P050112	Motor Breath	1	QCCoA 001 v.02		T2	QCSP_001_MB-I_v.01	10b	Aflatoxins ∑ (B1+B2+G1+G2)	≤ 4 µg/kg	OUTSOURCED	2	IJZ	3638/2025	
1	Supersede QCCoA 001 / 001 v.02	CoQ-PP-2025-0016	2025-07-29	MB0824_05	P050112	Motor Breath	1	QCCoA 001 v.02		T2	QCSP_001_MB-I_v.01	10c	Ochratoxin A	≤ 20 µg/kg	NOT TESTED				OUTSOURCE
1	Supersede QCCoA 001 / 001 v.02	CoQ-PP-2025-0016	2025-07-29	MB0824_05	P050112	Motor Breath	1	QCCoA 001 v.02		T2	QCSP_001_MB-I_v.01	11a	Lead (Pb)	≤ 0.5 mg/kg	OUTSOURCED	Н.д.	IJZ	3638/2025	
1	Supersede QCCoA 001 / 001 v.02	CoQ-PP-2025-0016	2025-07-29	MB0824_05	P050112	Motor Breath	1	QCCoA 001 v.02		T2	QCSP_001_MB-I_v.01	11b	Cadmium (Cd)	≤ 0.3 mg/kg	OUTSOURCED	Н.д.	IJZ	3638/2025	
1	Supersede QCCoA 001 / 001 v.02	CoQ-PP-2025-0016	2025-07-29	MB0824_05	P050112	Motor Breath	1	QCCoA 001 v.02		T2	QCSP_001_MB-I_v.01	11c	Arsenic (As)	≤ 0.2 mg/kg	OUTSOURCED	0,086	IJZ	3638/2025	
1	Supersede QCCoA 001 / 001 v.02	CoQ-PP-2025-0016	2025-07-29	MB0824_05	P050112	Motor Breath	1	QCCoA 001 v.02		T2	QCSP_001_MB-I_v.01	11d	Mercury (Hg)	≤ 0.1 mg/kg	OUTSOURCED	0,006	IJZ	3638/2025	
1	Supersede QCCoA 001 / 001 v.02	CoQ-PP-2025-0016	2025-07-29	MB0824_05	P050112	Motor Breath	1	QCCoA 001 v.02		T2	QCSP_001_MB-I_v.01	12	Pesticide Residues	≤ LOQ per 2.8.13	HELD				ruling
1	Supersede QCCoA 001 / 001 v.02	CoQ-PP-2025-0017	2025-07-29	OPM1024_03	P050082	Orange Punch Mimosa	1	QCCoA 001 v.02		T2	QCSP_001_OPM-II_v.01	1	Identification A, Appearance	Conforms to monograph	MISSING				iCoA
1	Supersede QCCoA 001 / 001 v.02	CoQ-PP-2025-0017	2025-07-29	OPM1024_03	P050082	Orange Punch Mimosa	1	QCCoA 001 v.02		T2	QCSP_001_OPM-II_v.01	2	Identification B	Conforms to monograph	MISSING				iCoA
1	Supersede QCCoA 001 / 001 v.02	CoQ-PP-2025-0017	2025-07-29	OPM1024_03	P050082	Orange Punch Mimosa	1	QCCoA 001 v.02		T2	QCSP_001_OPM-II_v.01	3	Identification C	Conforms to monograph	MISSING				iCoA?
1	Supersede QCCoA 001 / 001 v.02	CoQ-PP-2025-0017	2025-07-29	OPM1024_03	P050082	Orange Punch Mimosa	1	QCCoA 001 v.02		T2	QCSP_001_OPM-II_v.01	4	Assay — Total Δ9-THC	18.00 - 21.99 %	OUTSOURCED	16.55	UKIM_CNP	ППК25210	
1	Supersede QCCoA 001 / 001 v.02	CoQ-PP-2025-0017	2025-07-29	OPM1024_03	P050082	Orange Punch Mimosa	1	QCCoA 001 v.02		T2	QCSP_001_OPM-II_v.01	5	Assay — Total CBD	≤ 1.0 %, w/w	OUTSOURCED	0.04	UKIM_CNP	ППК25210	
1	Supersede QCCoA 001 / 001 v.02	CoQ-PP-2025-0017	2025-07-29	OPM1024_03	P050082	Orange Punch Mimosa	1	QCCoA 001 v.02		T2	QCSP_001_OPM-II_v.01	6	Total CBN	≤ 1.0 %, w/w	MISSING				OUTSOURCE
1	Supersede QCCoA 001 / 001 v.02	CoQ-PP-2025-0017	2025-07-29	OPM1024_03	P050082	Orange Punch Mimosa	1	QCCoA 001 v.02		T2	QCSP_001_OPM-II_v.01	7	Foreign Matter	≤ 2.0 % / 25–50 g	MISSING				iCoA
1	Supersede QCCoA 001 / 001 v.02	CoQ-PP-2025-0017	2025-07-29	OPM1024_03	P050082	Orange Punch Mimosa	1	QCCoA 001 v.02		T2	QCSP_001_OPM-II_v.01	8	Loss on Drying	≤ 12.0 %	OUTSOURCED	6.38	UKIM_CNP	ППК25210	
1	Supersede QCCoA 001 / 001 v.02	CoQ-PP-2025-0017	2025-07-29	OPM1024_03	P050082	Orange Punch Mimosa	1	QCCoA 001 v.02		T2	QCSP_001_OPM-II_v.01	9a	TAMC	≤ 10^5 CFU/g	OUTSOURCED	2 x 10^2 CFU/g	IJZ	766/1375/25	
1	Supersede QCCoA 001 / 001 v.02	CoQ-PP-2025-0017	2025-07-29	OPM1024_03	P050082	Orange Punch Mimosa	1	QCCoA 001 v.02		T2	QCSP_001_OPM-II_v.01	9b	TYMC	≤ 10^4 CFU/g	OUTSOURCED	3 x 10^2 CFU/g	IJZ	766/1375/25	
1	Supersede QCCoA 001 / 001 v.02	CoQ-PP-2025-0017	2025-07-29	OPM1024_03	P050082	Orange Punch Mimosa	1	QCCoA 001 v.02		T2	QCSP_001_OPM-II_v.01	9c	Bile-tolerant gram-neg.	≤ 10^4 CFU/g	OUTSOURCED	< 10 CFU/g	IJZ	766/1375/25	
1	Supersede QCCoA 001 / 001 v.02	CoQ-PP-2025-0017	2025-07-29	OPM1024_03	P050082	Orange Punch Mimosa	1	QCCoA 001 v.02		T2	QCSP_001_OPM-II_v.01	9d	Salmonella	Absence / 25 g	OUTSOURCED	Одговара	IJZ	766/1375/25	
1	Supersede QCCoA 001 / 001 v.02	CoQ-PP-2025-0017	2025-07-29	OPM1024_03	P050082	Orange Punch Mimosa	1	QCCoA 001 v.02		T2	QCSP_001_OPM-II_v.01	9e	Escherichia coli	Absence / 1 g	OUTSOURCED	Одговара	IJZ	766/1375/25	
1	Supersede QCCoA 001 / 001 v.02	CoQ-PP-2025-0017	2025-07-29	OPM1024_03	P050082	Orange Punch Mimosa	1	QCCoA 001 v.02		T2	QCSP_001_OPM-II_v.01	10a	Aflatoxin B1	≤ 2 µg/kg	NOT TESTED				OUTSOURCE
1	Supersede QCCoA 001 / 001 v.02	CoQ-PP-2025-0017	2025-07-29	OPM1024_03	P050082	Orange Punch Mimosa	1	QCCoA 001 v.02		T2	QCSP_001_OPM-II_v.01	10b	Aflatoxins ∑ (B1+B2+G1+G2)	≤ 4 µg/kg	OUTSOURCED	2,1	IJZ	3636/2025	
1	Supersede QCCoA 001 / 001 v.02	CoQ-PP-2025-0017	2025-07-29	OPM1024_03	P050082	Orange Punch Mimosa	1	QCCoA 001 v.02		T2	QCSP_001_OPM-II_v.01	10c	Ochratoxin A	≤ 20 µg/kg	NOT TESTED				OUTSOURCE
1	Supersede QCCoA 001 / 001 v.02	CoQ-PP-2025-0017	2025-07-29	OPM1024_03	P050082	Orange Punch Mimosa	1	QCCoA 001 v.02		T2	QCSP_001_OPM-II_v.01	11a	Lead (Pb)	≤ 0.5 mg/kg	OUTSOURCED	Н.д.	IJZ	3636/2025	
1	Supersede QCCoA 001 / 001 v.02	CoQ-PP-2025-0017	2025-07-29	OPM1024_03	P050082	Orange Punch Mimosa	1	QCCoA 001 v.02		T2	QCSP_001_OPM-II_v.01	11b	Cadmium (Cd)	≤ 0.3 mg/kg	OUTSOURCED	Н.д.	IJZ	3636/2025	
1	Supersede QCCoA 001 / 001 v.02	CoQ-PP-2025-0017	2025-07-29	OPM1024_03	P050082	Orange Punch Mimosa	1	QCCoA 001 v.02		T2	QCSP_001_OPM-II_v.01	11c	Arsenic (As)	≤ 0.2 mg/kg	OUTSOURCED	0,135	IJZ	3636/2025	
1	Supersede QCCoA 001 / 001 v.02	CoQ-PP-2025-0017	2025-07-29	OPM1024_03	P050082	Orange Punch Mimosa	1	QCCoA 001 v.02		T2	QCSP_001_OPM-II_v.01	11d	Mercury (Hg)	≤ 0.1 mg/kg	OUTSOURCED	0,03	IJZ	3636/2025	
1	Supersede QCCoA 001 / 001 v.02	CoQ-PP-2025-0017	2025-07-29	OPM1024_03	P050082	Orange Punch Mimosa	1	QCCoA 001 v.02		T2	QCSP_001_OPM-II_v.01	12	Pesticide Residues	≤ LOQ per МКС EN 15662	OUTSOURCED	≤ LOQ (all 26 compounds)	IJZ	3636/2025	
1	Supersede QCCoA 001 / 001 v.02	CoQ-PP-2025-0020	2025-09-19	HPA052501	P050182	High Pro Amnesia	1	QCCoA 001		T2	QCSP_001_HPA-II_v.01	1	Identification A, Appearance	Conforms to monograph	MISSING				iCoA
1	Supersede QCCoA 001 / 001 v.02	CoQ-PP-2025-0020	2025-09-19	HPA052501	P050182	High Pro Amnesia	1	QCCoA 001		T2	QCSP_001_HPA-II_v.01	2	Identification B	Conforms to monograph	MISSING				iCoA
1	Supersede QCCoA 001 / 001 v.02	CoQ-PP-2025-0020	2025-09-19	HPA052501	P050182	High Pro Amnesia	1	QCCoA 001		T2	QCSP_001_HPA-II_v.01	3	Identification C	Conforms to monograph	MISSING				iCoA?
1	Supersede QCCoA 001 / 001 v.02	CoQ-PP-2025-0020	2025-09-19	HPA052501	P050182	High Pro Amnesia	1	QCCoA 001		T2	QCSP_001_HPA-II_v.01	4	Assay — Total Δ9-THC	18.00 - 21.99 %	OUTSOURCED	20.39	UKIM_CNP	ППК25278	
1	Supersede QCCoA 001 / 001 v.02	CoQ-PP-2025-0020	2025-09-19	HPA052501	P050182	High Pro Amnesia	1	QCCoA 001		T2	QCSP_001_HPA-II_v.01	5	Assay — Total CBD	≤ 1.0 %, w/w	OUTSOURCED	0.09	UKIM_CNP	ППК25278	
1	Supersede QCCoA 001 / 001 v.02	CoQ-PP-2025-0020	2025-09-19	HPA052501	P050182	High Pro Amnesia	1	QCCoA 001		T2	QCSP_001_HPA-II_v.01	6	Total CBN	≤ 1.0 %, w/w	MISSING				OUTSOURCE
1	Supersede QCCoA 001 / 001 v.02	CoQ-PP-2025-0020	2025-09-19	HPA052501	P050182	High Pro Amnesia	1	QCCoA 001		T2	QCSP_001_HPA-II_v.01	7	Foreign Matter	≤ 2.0 % / 25–50 g	MISSING				iCoA
1	Supersede QCCoA 001 / 001 v.02	CoQ-PP-2025-0020	2025-09-19	HPA052501	P050182	High Pro Amnesia	1	QCCoA 001		T2	QCSP_001_HPA-II_v.01	8	Loss on Drying	≤ 12.0 %	OUTSOURCED	7.29	UKIM_CNP	ППК25278	
1	Supersede QCCoA 001 / 001 v.02	CoQ-PP-2025-0020	2025-09-19	HPA052501	P050182	High Pro Amnesia	1	QCCoA 001		T2	QCSP_001_HPA-II_v.01	9a	TAMC	≤ 10^5 CFU/g	OUTSOURCED	2,7 x 10⁴ CFU/g	IJZ	948/1686/25	
1	Supersede QCCoA 001 / 001 v.02	CoQ-PP-2025-0020	2025-09-19	HPA052501	P050182	High Pro Amnesia	1	QCCoA 001		T2	QCSP_001_HPA-II_v.01	9b	TYMC	≤ 10^4 CFU/g	OUTSOURCED	2,6 x 10⁴ CFU/g	IJZ	948/1686/25	
1	Supersede QCCoA 001 / 001 v.02	CoQ-PP-2025-0020	2025-09-19	HPA052501	P050182	High Pro Amnesia	1	QCCoA 001		T2	QCSP_001_HPA-II_v.01	9c	Bile-tolerant gram-neg.	≤ 10^4 CFU/g	OUTSOURCED	< 10 CFU/g	IJZ	948/1686/25	
1	Supersede QCCoA 001 / 001 v.02	CoQ-PP-2025-0020	2025-09-19	HPA052501	P050182	High Pro Amnesia	1	QCCoA 001		T2	QCSP_001_HPA-II_v.01	9d	Salmonella	Absence / 25 g	OUTSOURCED	Одговара	IJZ	948/1686/25	
1	Supersede QCCoA 001 / 001 v.02	CoQ-PP-2025-0020	2025-09-19	HPA052501	P050182	High Pro Amnesia	1	QCCoA 001		T2	QCSP_001_HPA-II_v.01	9e	Escherichia coli	Absence / 1 g	OUTSOURCED	Одговара	IJZ	948/1686/25	
1	Supersede QCCoA 001 / 001 v.02	CoQ-PP-2025-0020	2025-09-19	HPA052501	P050182	High Pro Amnesia	1	QCCoA 001		T2	QCSP_001_HPA-II_v.01	10a	Aflatoxin B1	≤ 2 µg/kg	NOT TESTED				OUTSOURCE
1	Supersede QCCoA 001 / 001 v.02	CoQ-PP-2025-0020	2025-09-19	HPA052501	P050182	High Pro Amnesia	1	QCCoA 001		T2	QCSP_001_HPA-II_v.01	10b	Aflatoxins ∑ (B1+B2+G1+G2)	≤ 4 µg/kg	OUTSOURCED	< 2	IJZ	4352/2025	
1	Supersede QCCoA 001 / 001 v.02	CoQ-PP-2025-0020	2025-09-19	HPA052501	P050182	High Pro Amnesia	1	QCCoA 001		T2	QCSP_001_HPA-II_v.01	10c	Ochratoxin A	≤ 20 µg/kg	NOT TESTED				OUTSOURCE
1	Supersede QCCoA 001 / 001 v.02	CoQ-PP-2025-0020	2025-09-19	HPA052501	P050182	High Pro Amnesia	1	QCCoA 001		T2	QCSP_001_HPA-II_v.01	11a	Lead (Pb)	≤ 0.5 mg/kg	OUTSOURCED	0,034	IJZ	4352/2025	
1	Supersede QCCoA 001 / 001 v.02	CoQ-PP-2025-0020	2025-09-19	HPA052501	P050182	High Pro Amnesia	1	QCCoA 001		T2	QCSP_001_HPA-II_v.01	11b	Cadmium (Cd)	≤ 0.3 mg/kg	OUTSOURCED	н.д.	IJZ	4352/2025	
1	Supersede QCCoA 001 / 001 v.02	CoQ-PP-2025-0020	2025-09-19	HPA052501	P050182	High Pro Amnesia	1	QCCoA 001		T2	QCSP_001_HPA-II_v.01	11c	Arsenic (As)	≤ 0.2 mg/kg	OUTSOURCED	н.д.	IJZ	4352/2025	
1	Supersede QCCoA 001 / 001 v.02	CoQ-PP-2025-0020	2025-09-19	HPA052501	P050182	High Pro Amnesia	1	QCCoA 001		T2	QCSP_001_HPA-II_v.01	11d	Mercury (Hg)	≤ 0.1 mg/kg	OUTSOURCED	н.д.	IJZ	4352/2025	
1	Supersede QCCoA 001 / 001 v.02	CoQ-PP-2025-0020	2025-09-19	HPA052501	P050182	High Pro Amnesia	1	QCCoA 001		T2	QCSP_001_HPA-II_v.01	12	Pesticide Residues	≤ LOQ per МКС EN 15662	OUTSOURCED	≤ LOQ (all 24 compounds)	IJZ	4352/2025	
1	Supersede QCCoA 001 / 001 v.02	CoQ-PP-2025-0025	2025-12-02	CLE072501	P050282	Clemosa A Bud	1	QCCoA 001 v.02		T2	QCSP_001_CLE-I_v.01	1	Identification A, Appearance	Conforms to monograph	MISSING				iCoA
1	Supersede QCCoA 001 / 001 v.02	CoQ-PP-2025-0025	2025-12-02	CLE072501	P050282	Clemosa A Bud	1	QCCoA 001 v.02		T2	QCSP_001_CLE-I_v.01	2	Identification B	Conforms to monograph	MISSING				iCoA
1	Supersede QCCoA 001 / 001 v.02	CoQ-PP-2025-0025	2025-12-02	CLE072501	P050282	Clemosa A Bud	1	QCCoA 001 v.02		T2	QCSP_001_CLE-I_v.01	3	Identification C	Conforms to monograph	MISSING				iCoA?
1	Supersede QCCoA 001 / 001 v.02	CoQ-PP-2025-0025	2025-12-02	CLE072501	P050282	Clemosa A Bud	1	QCCoA 001 v.02		T2	QCSP_001_CLE-I_v.01	4	Assay — Total Δ9-THC	7.20 - 8.79 %	OUTSOURCED	8.02	UKIM_CNP	ППК25370	
1	Supersede QCCoA 001 / 001 v.02	CoQ-PP-2025-0025	2025-12-02	CLE072501	P050282	Clemosa A Bud	1	QCCoA 001 v.02		T2	QCSP_001_CLE-I_v.01	5	Assay — Total CBD	≤ 1.0 %, w/w	OUTSOURCED	0.04	UKIM_CNP	ППК25370	
1	Supersede QCCoA 001 / 001 v.02	CoQ-PP-2025-0025	2025-12-02	CLE072501	P050282	Clemosa A Bud	1	QCCoA 001 v.02		T2	QCSP_001_CLE-I_v.01	6	Total CBN	≤ 1.0 %, w/w	MISSING				OUTSOURCE
1	Supersede QCCoA 001 / 001 v.02	CoQ-PP-2025-0025	2025-12-02	CLE072501	P050282	Clemosa A Bud	1	QCCoA 001 v.02		T2	QCSP_001_CLE-I_v.01	7	Foreign Matter	≤ 2.0 % / 25–50 g	MISSING				iCoA
1	Supersede QCCoA 001 / 001 v.02	CoQ-PP-2025-0025	2025-12-02	CLE072501	P050282	Clemosa A Bud	1	QCCoA 001 v.02		T2	QCSP_001_CLE-I_v.01	8	Loss on Drying	≤ 12.0 %	OUTSOURCED	9.68	UKIM_CNP	ППК25370	
1	Supersede QCCoA 001 / 001 v.02	CoQ-PP-2025-0025	2025-12-02	CLE072501	P050282	Clemosa A Bud	1	QCCoA 001 v.02		T2	QCSP_001_CLE-I_v.01	9a	TAMC	≤ 10^5 CFU/g	OUTSOURCED	< 10 CFU/g	IJZ	1219/2170/25	
1	Supersede QCCoA 001 / 001 v.02	CoQ-PP-2025-0025	2025-12-02	CLE072501	P050282	Clemosa A Bud	1	QCCoA 001 v.02		T2	QCSP_001_CLE-I_v.01	9b	TYMC	≤ 10^4 CFU/g	OUTSOURCED	< 10 CFU/g	IJZ	1219/2170/25	
1	Supersede QCCoA 001 / 001 v.02	CoQ-PP-2025-0025	2025-12-02	CLE072501	P050282	Clemosa A Bud	1	QCCoA 001 v.02		T2	QCSP_001_CLE-I_v.01	9c	Bile-tolerant gram-neg.	≤ 10^4 CFU/g	OUTSOURCED	< 10 CFU/g	IJZ	1219/2170/25	
1	Supersede QCCoA 001 / 001 v.02	CoQ-PP-2025-0025	2025-12-02	CLE072501	P050282	Clemosa A Bud	1	QCCoA 001 v.02		T2	QCSP_001_CLE-I_v.01	9d	Salmonella	Absence / 25 g	OUTSOURCED	Одговара	IJZ	1219/2170/25	
1	Supersede QCCoA 001 / 001 v.02	CoQ-PP-2025-0025	2025-12-02	CLE072501	P050282	Clemosa A Bud	1	QCCoA 001 v.02		T2	QCSP_001_CLE-I_v.01	9e	Escherichia coli	Absence / 1 g	OUTSOURCED	Одговара	IJZ	1219/2170/25	
1	Supersede QCCoA 001 / 001 v.02	CoQ-PP-2025-0025	2025-12-02	CLE072501	P050282	Clemosa A Bud	1	QCCoA 001 v.02		T2	QCSP_001_CLE-I_v.01	10a	Aflatoxin B1	≤ 2 µg/kg	NOT TESTED				OUTSOURCE
1	Supersede QCCoA 001 / 001 v.02	CoQ-PP-2025-0025	2025-12-02	CLE072501	P050282	Clemosa A Bud	1	QCCoA 001 v.02		T2	QCSP_001_CLE-I_v.01	10b	Aflatoxins ∑ (B1+B2+G1+G2)	≤ 4 µg/kg	OUTSOURCED	2,2	IJZ	5700/2025	
1	Supersede QCCoA 001 / 001 v.02	CoQ-PP-2025-0025	2025-12-02	CLE072501	P050282	Clemosa A Bud	1	QCCoA 001 v.02		T2	QCSP_001_CLE-I_v.01	10c	Ochratoxin A	≤ 20 µg/kg	NOT TESTED				OUTSOURCE
1	Supersede QCCoA 001 / 001 v.02	CoQ-PP-2025-0025	2025-12-02	CLE072501	P050282	Clemosa A Bud	1	QCCoA 001 v.02		T2	QCSP_001_CLE-I_v.01	11a	Lead (Pb)	≤ 0.5 mg/kg	OUTSOURCED	0,032	IJZ	5700/2025	
1	Supersede QCCoA 001 / 001 v.02	CoQ-PP-2025-0025	2025-12-02	CLE072501	P050282	Clemosa A Bud	1	QCCoA 001 v.02		T2	QCSP_001_CLE-I_v.01	11b	Cadmium (Cd)	≤ 0.3 mg/kg	OUTSOURCED	0,002	IJZ	5700/2025	
1	Supersede QCCoA 001 / 001 v.02	CoQ-PP-2025-0025	2025-12-02	CLE072501	P050282	Clemosa A Bud	1	QCCoA 001 v.02		T2	QCSP_001_CLE-I_v.01	11c	Arsenic (As)	≤ 0.2 mg/kg	OUTSOURCED	0,013	IJZ	5700/2025	
1	Supersede QCCoA 001 / 001 v.02	CoQ-PP-2025-0025	2025-12-02	CLE072501	P050282	Clemosa A Bud	1	QCCoA 001 v.02		T2	QCSP_001_CLE-I_v.01	11d	Mercury (Hg)	≤ 0.1 mg/kg	OUTSOURCED	0,021	IJZ	5700/2025	
1	Supersede QCCoA 001 / 001 v.02	CoQ-PP-2025-0025	2025-12-02	CLE072501	P050282	Clemosa A Bud	1	QCCoA 001 v.02		T2	QCSP_001_CLE-I_v.01	12	Pesticide Residues	≤ LOQ per МКС EN 15662	OUTSOURCED	≤ LOQ (all 27 compounds)	IJZ	5700/2025	
1	Supersede QCCoA 001 / 001 v.02	CoQ-PP-2025-0028	2025-12-04	BSS052501	P050192	Blue Sunset Sherbet	1	QCCoA 001 v.02		T2	QCSP_001_BSS-II_v.01	1	Identification A, Appearance	Conforms to monograph	MISSING				iCoA
1	Supersede QCCoA 001 / 001 v.02	CoQ-PP-2025-0028	2025-12-04	BSS052501	P050192	Blue Sunset Sherbet	1	QCCoA 001 v.02		T2	QCSP_001_BSS-II_v.01	2	Identification B	Conforms to monograph	MISSING				iCoA
1	Supersede QCCoA 001 / 001 v.02	CoQ-PP-2025-0028	2025-12-04	BSS052501	P050192	Blue Sunset Sherbet	1	QCCoA 001 v.02		T2	QCSP_001_BSS-II_v.01	3	Identification C	Conforms to monograph	MISSING				iCoA?
1	Supersede QCCoA 001 / 001 v.02	CoQ-PP-2025-0028	2025-12-04	BSS052501	P050192	Blue Sunset Sherbet	1	QCCoA 001 v.02		T2	QCSP_001_BSS-II_v.01	4	Assay — Total Δ9-THC	18.00 - 21.99 %	IN-HOUSE	20.39	NGP	2025/	
1	Supersede QCCoA 001 / 001 v.02	CoQ-PP-2025-0028	2025-12-04	BSS052501	P050192	Blue Sunset Sherbet	1	QCCoA 001 v.02		T2	QCSP_001_BSS-II_v.01	5	Assay — Total CBD	≤ 1.0 %, w/w	IN-HOUSE	0.11	NGP	2025/	
1	Supersede QCCoA 001 / 001 v.02	CoQ-PP-2025-0028	2025-12-04	BSS052501	P050192	Blue Sunset Sherbet	1	QCCoA 001 v.02		T2	QCSP_001_BSS-II_v.01	6	Total CBN	≤ 1.0 %, w/w	MISSING				OUTSOURCE
1	Supersede QCCoA 001 / 001 v.02	CoQ-PP-2025-0028	2025-12-04	BSS052501	P050192	Blue Sunset Sherbet	1	QCCoA 001 v.02		T2	QCSP_001_BSS-II_v.01	7	Foreign Matter	≤ 2.0 % / 25–50 g	MISSING				iCoA
1	Supersede QCCoA 001 / 001 v.02	CoQ-PP-2025-0028	2025-12-04	BSS052501	P050192	Blue Sunset Sherbet	1	QCCoA 001 v.02		T2	QCSP_001_BSS-II_v.01	8	Loss on Drying	≤ 12.0 %	MISSING				iCoA
1	Supersede QCCoA 001 / 001 v.02	CoQ-PP-2025-0028	2025-12-04	BSS052501	P050192	Blue Sunset Sherbet	1	QCCoA 001 v.02		T2	QCSP_001_BSS-II_v.01	9a	TAMC	≤ 10^5 CFU/g	OUTSOURCED	200 CFU/g	IJZ		
1	Supersede QCCoA 001 / 001 v.02	CoQ-PP-2025-0028	2025-12-04	BSS052501	P050192	Blue Sunset Sherbet	1	QCCoA 001 v.02		T2	QCSP_001_BSS-II_v.01	9b	TYMC	≤ 10^4 CFU/g	OUTSOURCED	200 CFU/g	IJZ		
1	Supersede QCCoA 001 / 001 v.02	CoQ-PP-2025-0028	2025-12-04	BSS052501	P050192	Blue Sunset Sherbet	1	QCCoA 001 v.02		T2	QCSP_001_BSS-II_v.01	9c	Bile-tolerant gram-neg.	≤ 10^4 CFU/g	OUTSOURCED	< 10^2 > 10 CFU/g	IJZ		
1	Supersede QCCoA 001 / 001 v.02	CoQ-PP-2025-0028	2025-12-04	BSS052501	P050192	Blue Sunset Sherbet	1	QCCoA 001 v.02		T2	QCSP_001_BSS-II_v.01	9d	Salmonella	Absence / 25 g	OUTSOURCED	Одговара	IJZ		
1	Supersede QCCoA 001 / 001 v.02	CoQ-PP-2025-0028	2025-12-04	BSS052501	P050192	Blue Sunset Sherbet	1	QCCoA 001 v.02		T2	QCSP_001_BSS-II_v.01	9e	Escherichia coli	Absence / 1 g	OUTSOURCED	Одговара	IJZ		
1	Supersede QCCoA 001 / 001 v.02	CoQ-PP-2025-0028	2025-12-04	BSS052501	P050192	Blue Sunset Sherbet	1	QCCoA 001 v.02		T2	QCSP_001_BSS-II_v.01	10a	Aflatoxin B1	≤ 2 µg/kg	OUTSOURCED	ND *	FARMAHEM	276-31-M/25	
1	Supersede QCCoA 001 / 001 v.02	CoQ-PP-2025-0028	2025-12-04	BSS052501	P050192	Blue Sunset Sherbet	1	QCCoA 001 v.02		T2	QCSP_001_BSS-II_v.01	10b	Aflatoxins ∑ (B1+B2+G1+G2)	≤ 4 µg/kg	NOT TESTED				OUTSOURCE
1	Supersede QCCoA 001 / 001 v.02	CoQ-PP-2025-0028	2025-12-04	BSS052501	P050192	Blue Sunset Sherbet	1	QCCoA 001 v.02		T2	QCSP_001_BSS-II_v.01	10c	Ochratoxin A	≤ 20 µg/kg	OUTSOURCED	<LOQ **	FARMAHEM	276-31-M/25	
1	Supersede QCCoA 001 / 001 v.02	CoQ-PP-2025-0028	2025-12-04	BSS052501	P050192	Blue Sunset Sherbet	1	QCCoA 001 v.02		T2	QCSP_001_BSS-II_v.01	11a	Lead (Pb)	≤ 0.5 mg/kg	OUTSOURCED	0,024	IJZ	5661/2025	
1	Supersede QCCoA 001 / 001 v.02	CoQ-PP-2025-0028	2025-12-04	BSS052501	P050192	Blue Sunset Sherbet	1	QCCoA 001 v.02		T2	QCSP_001_BSS-II_v.01	11b	Cadmium (Cd)	≤ 0.3 mg/kg	OUTSOURCED	0,004	IJZ	5661/2025	
1	Supersede QCCoA 001 / 001 v.02	CoQ-PP-2025-0028	2025-12-04	BSS052501	P050192	Blue Sunset Sherbet	1	QCCoA 001 v.02		T2	QCSP_001_BSS-II_v.01	11c	Arsenic (As)	≤ 0.2 mg/kg	OUTSOURCED	0,025	IJZ	5661/2025	
1	Supersede QCCoA 001 / 001 v.02	CoQ-PP-2025-0028	2025-12-04	BSS052501	P050192	Blue Sunset Sherbet	1	QCCoA 001 v.02		T2	QCSP_001_BSS-II_v.01	11d	Mercury (Hg)	≤ 0.1 mg/kg	OUTSOURCED	0,0036	IJZ	5661/2025	
1	Supersede QCCoA 001 / 001 v.02	CoQ-PP-2025-0028	2025-12-04	BSS052501	P050192	Blue Sunset Sherbet	1	QCCoA 001 v.02		T2	QCSP_001_BSS-II_v.01	12	Pesticide Residues	≤ LOQ per МКС EN 15662	OUTSOURCED	<LOQ	DFL	10802_2845/2	
1	Supersede QCCoA 001 / 001 v.02	CoQ-PP-2025-0029	2025-12-12	GP072501_2	P050302	Grape Pie	1	QCCoA 001 v.02		T2	QCSP_001_GP-IV_v.01	1	Identification A, Appearance	Conforms to monograph	MISSING				iCoA
1	Supersede QCCoA 001 / 001 v.02	CoQ-PP-2025-0029	2025-12-12	GP072501_2	P050302	Grape Pie	1	QCCoA 001 v.02		T2	QCSP_001_GP-IV_v.01	2	Identification B	Conforms to monograph	MISSING				iCoA
1	Supersede QCCoA 001 / 001 v.02	CoQ-PP-2025-0029	2025-12-12	GP072501_2	P050302	Grape Pie	1	QCCoA 001 v.02		T2	QCSP_001_GP-IV_v.01	3	Identification C	Conforms to monograph	MISSING				iCoA?
1	Supersede QCCoA 001 / 001 v.02	CoQ-PP-2025-0029	2025-12-12	GP072501_2	P050302	Grape Pie	1	QCCoA 001 v.02		T2	QCSP_001_GP-IV_v.01	4	Assay — Total Δ9-THC	16.20 - 19.79 %	OUTSOURCED	19.81 %	UKIM_CNP	ППК25379	
1	Supersede QCCoA 001 / 001 v.02	CoQ-PP-2025-0029	2025-12-12	GP072501_2	P050302	Grape Pie	1	QCCoA 001 v.02		T2	QCSP_001_GP-IV_v.01	5	Assay — Total CBD	≤ 1.0 %, w/w	OUTSOURCED	0.10 %	UKIM_CNP	ППК25379	
1	Supersede QCCoA 001 / 001 v.02	CoQ-PP-2025-0029	2025-12-12	GP072501_2	P050302	Grape Pie	1	QCCoA 001 v.02		T2	QCSP_001_GP-IV_v.01	6	Total CBN	≤ 1.0 %, w/w	MISSING				OUTSOURCE
1	Supersede QCCoA 001 / 001 v.02	CoQ-PP-2025-0029	2025-12-12	GP072501_2	P050302	Grape Pie	1	QCCoA 001 v.02		T2	QCSP_001_GP-IV_v.01	7	Foreign Matter	≤ 2.0 % / 25–50 g	MISSING				iCoA
1	Supersede QCCoA 001 / 001 v.02	CoQ-PP-2025-0029	2025-12-12	GP072501_2	P050302	Grape Pie	1	QCCoA 001 v.02		T2	QCSP_001_GP-IV_v.01	8	Loss on Drying	≤ 12.0 %	OUTSOURCED	7.41 %	UKIM_CNP	ППК25379	
1	Supersede QCCoA 001 / 001 v.02	CoQ-PP-2025-0029	2025-12-12	GP072501_2	P050302	Grape Pie	1	QCCoA 001 v.02		T2	QCSP_001_GP-IV_v.01	9a	TAMC	≤ 10^5 CFU/g	OUTSOURCED	2 x 10^2 CFU/g	IJZ	1229/2195/25	
1	Supersede QCCoA 001 / 001 v.02	CoQ-PP-2025-0029	2025-12-12	GP072501_2	P050302	Grape Pie	1	QCCoA 001 v.02		T2	QCSP_001_GP-IV_v.01	9b	TYMC	≤ 10^4 CFU/g	OUTSOURCED	3 x 10^2 CFU/g	IJZ	1229/2195/25	
1	Supersede QCCoA 001 / 001 v.02	CoQ-PP-2025-0029	2025-12-12	GP072501_2	P050302	Grape Pie	1	QCCoA 001 v.02		T2	QCSP_001_GP-IV_v.01	9c	Bile-tolerant gram-neg.	≤ 10^4 CFU/g	OUTSOURCED	< 10 CFU/g	IJZ	1229/2195/25	
1	Supersede QCCoA 001 / 001 v.02	CoQ-PP-2025-0029	2025-12-12	GP072501_2	P050302	Grape Pie	1	QCCoA 001 v.02		T2	QCSP_001_GP-IV_v.01	9d	Salmonella	Absence / 25 g	OUTSOURCED	Одговара	IJZ	1229/2195/25	
1	Supersede QCCoA 001 / 001 v.02	CoQ-PP-2025-0029	2025-12-12	GP072501_2	P050302	Grape Pie	1	QCCoA 001 v.02		T2	QCSP_001_GP-IV_v.01	9e	Escherichia coli	Absence / 1 g	OUTSOURCED	Одговара	IJZ	1229/2195/25	
1	Supersede QCCoA 001 / 001 v.02	CoQ-PP-2025-0029	2025-12-12	GP072501_2	P050302	Grape Pie	1	QCCoA 001 v.02		T2	QCSP_001_GP-IV_v.01	10a	Aflatoxin B1	≤ 2 µg/kg	NOT TESTED				OUTSOURCE
1	Supersede QCCoA 001 / 001 v.02	CoQ-PP-2025-0029	2025-12-12	GP072501_2	P050302	Grape Pie	1	QCCoA 001 v.02		T2	QCSP_001_GP-IV_v.01	10b	Aflatoxins ∑ (B1+B2+G1+G2)	≤ 4 µg/kg	OUTSOURCED	< 2	IJZ	5887/2025	
1	Supersede QCCoA 001 / 001 v.02	CoQ-PP-2025-0029	2025-12-12	GP072501_2	P050302	Grape Pie	1	QCCoA 001 v.02		T2	QCSP_001_GP-IV_v.01	10c	Ochratoxin A	≤ 20 µg/kg	NOT TESTED				OUTSOURCE
1	Supersede QCCoA 001 / 001 v.02	CoQ-PP-2025-0029	2025-12-12	GP072501_2	P050302	Grape Pie	1	QCCoA 001 v.02		T2	QCSP_001_GP-IV_v.01	11a	Lead (Pb)	≤ 0.5 mg/kg	OUTSOURCED	0,017	IJZ	5887/2025	
1	Supersede QCCoA 001 / 001 v.02	CoQ-PP-2025-0029	2025-12-12	GP072501_2	P050302	Grape Pie	1	QCCoA 001 v.02		T2	QCSP_001_GP-IV_v.01	11b	Cadmium (Cd)	≤ 0.3 mg/kg	OUTSOURCED	0,0028	IJZ	5887/2025	
1	Supersede QCCoA 001 / 001 v.02	CoQ-PP-2025-0029	2025-12-12	GP072501_2	P050302	Grape Pie	1	QCCoA 001 v.02		T2	QCSP_001_GP-IV_v.01	11c	Arsenic (As)	≤ 0.2 mg/kg	OUTSOURCED	0,02	IJZ	5887/2025	
1	Supersede QCCoA 001 / 001 v.02	CoQ-PP-2025-0029	2025-12-12	GP072501_2	P050302	Grape Pie	1	QCCoA 001 v.02		T2	QCSP_001_GP-IV_v.01	11d	Mercury (Hg)	≤ 0.1 mg/kg	OUTSOURCED	0,019	IJZ	5887/2025	
1	Supersede QCCoA 001 / 001 v.02	CoQ-PP-2025-0029	2025-12-12	GP072501_2	P050302	Grape Pie	1	QCCoA 001 v.02		T2	QCSP_001_GP-IV_v.01	12	Pesticide Residues	≤ LOQ per МКС EN 15662	OUTSOURCED	≤ LOQ (all 29 compounds)	IJZ	5887/2025	
1	Supersede QCCoA 001 / 001 v.02	CoQ-PP-2025-0030	2025-12-12	GP082501_1	P050312	Grape Pie	1	QCCoA 001 v.02		T2	QCSP_001_GP-II_v.01	1	Identification A, Appearance	Conforms to monograph	MISSING				iCoA
1	Supersede QCCoA 001 / 001 v.02	CoQ-PP-2025-0030	2025-12-12	GP082501_1	P050312	Grape Pie	1	QCCoA 001 v.02		T2	QCSP_001_GP-II_v.01	2	Identification B	Conforms to monograph	MISSING				iCoA
1	Supersede QCCoA 001 / 001 v.02	CoQ-PP-2025-0030	2025-12-12	GP082501_1	P050312	Grape Pie	1	QCCoA 001 v.02		T2	QCSP_001_GP-II_v.01	3	Identification C	Conforms to monograph	MISSING				iCoA?
1	Supersede QCCoA 001 / 001 v.02	CoQ-PP-2025-0030	2025-12-12	GP082501_1	P050312	Grape Pie	1	QCCoA 001 v.02		T2	QCSP_001_GP-II_v.01	4	Assay — Total Δ9-THC	23.40 - 28.59 %	OUTSOURCED	21.29 %	UKIM_CNP	ППК25380	
1	Supersede QCCoA 001 / 001 v.02	CoQ-PP-2025-0030	2025-12-12	GP082501_1	P050312	Grape Pie	1	QCCoA 001 v.02		T2	QCSP_001_GP-II_v.01	5	Assay — Total CBD	≤ 1.0 %, w/w	OUTSOURCED	0.08 %	UKIM_CNP	ППК25380	
1	Supersede QCCoA 001 / 001 v.02	CoQ-PP-2025-0030	2025-12-12	GP082501_1	P050312	Grape Pie	1	QCCoA 001 v.02		T2	QCSP_001_GP-II_v.01	6	Total CBN	≤ 1.0 %, w/w	MISSING				OUTSOURCE
1	Supersede QCCoA 001 / 001 v.02	CoQ-PP-2025-0030	2025-12-12	GP082501_1	P050312	Grape Pie	1	QCCoA 001 v.02		T2	QCSP_001_GP-II_v.01	7	Foreign Matter	≤ 2.0 % / 25–50 g	MISSING				iCoA
1	Supersede QCCoA 001 / 001 v.02	CoQ-PP-2025-0030	2025-12-12	GP082501_1	P050312	Grape Pie	1	QCCoA 001 v.02		T2	QCSP_001_GP-II_v.01	8	Loss on Drying	≤ 12.0 %	OUTSOURCED	6.29 %	UKIM_CNP	ППК25380	
1	Supersede QCCoA 001 / 001 v.02	CoQ-PP-2025-0030	2025-12-12	GP082501_1	P050312	Grape Pie	1	QCCoA 001 v.02		T2	QCSP_001_GP-II_v.01	9a	TAMC	≤ 10^5 CFU/g	OUTSOURCED	4,3 x 10² CFU/g	IJZ		
1	Supersede QCCoA 001 / 001 v.02	CoQ-PP-2025-0030	2025-12-12	GP082501_1	P050312	Grape Pie	1	QCCoA 001 v.02		T2	QCSP_001_GP-II_v.01	9b	TYMC	≤ 10^4 CFU/g	OUTSOURCED	1 x 10³ CFU/g	IJZ		
1	Supersede QCCoA 001 / 001 v.02	CoQ-PP-2025-0030	2025-12-12	GP082501_1	P050312	Grape Pie	1	QCCoA 001 v.02		T2	QCSP_001_GP-II_v.01	9c	Bile-tolerant gram-neg.	≤ 10^4 CFU/g	HELD				ruling
1	Supersede QCCoA 001 / 001 v.02	CoQ-PP-2025-0030	2025-12-12	GP082501_1	P050312	Grape Pie	1	QCCoA 001 v.02		T2	QCSP_001_GP-II_v.01	9d	Salmonella	Absence / 25 g	OUTSOURCED	Одговара	IJZ		
1	Supersede QCCoA 001 / 001 v.02	CoQ-PP-2025-0030	2025-12-12	GP082501_1	P050312	Grape Pie	1	QCCoA 001 v.02		T2	QCSP_001_GP-II_v.01	9e	Escherichia coli	Absence / 1 g	OUTSOURCED	Одговара	IJZ		
1	Supersede QCCoA 001 / 001 v.02	CoQ-PP-2025-0030	2025-12-12	GP082501_1	P050312	Grape Pie	1	QCCoA 001 v.02		T2	QCSP_001_GP-II_v.01	10a	Aflatoxin B1	≤ 2 µg/kg	NOT TESTED				OUTSOURCE
1	Supersede QCCoA 001 / 001 v.02	CoQ-PP-2025-0030	2025-12-12	GP082501_1	P050312	Grape Pie	1	QCCoA 001 v.02		T2	QCSP_001_GP-II_v.01	10b	Aflatoxins ∑ (B1+B2+G1+G2)	≤ 4 µg/kg	OUTSOURCED	< 2	IJZ	5888/2025	
1	Supersede QCCoA 001 / 001 v.02	CoQ-PP-2025-0030	2025-12-12	GP082501_1	P050312	Grape Pie	1	QCCoA 001 v.02		T2	QCSP_001_GP-II_v.01	10c	Ochratoxin A	≤ 20 µg/kg	NOT TESTED				OUTSOURCE
1	Supersede QCCoA 001 / 001 v.02	CoQ-PP-2025-0030	2025-12-12	GP082501_1	P050312	Grape Pie	1	QCCoA 001 v.02		T2	QCSP_001_GP-II_v.01	11a	Lead (Pb)	≤ 0.5 mg/kg	OUTSOURCED	0,014	IJZ	5888/2025	
1	Supersede QCCoA 001 / 001 v.02	CoQ-PP-2025-0030	2025-12-12	GP082501_1	P050312	Grape Pie	1	QCCoA 001 v.02		T2	QCSP_001_GP-II_v.01	11b	Cadmium (Cd)	≤ 0.3 mg/kg	OUTSOURCED	0,003	IJZ	5888/2025	
1	Supersede QCCoA 001 / 001 v.02	CoQ-PP-2025-0030	2025-12-12	GP082501_1	P050312	Grape Pie	1	QCCoA 001 v.02		T2	QCSP_001_GP-II_v.01	11c	Arsenic (As)	≤ 0.2 mg/kg	OUTSOURCED	0,02	IJZ	5888/2025	
1	Supersede QCCoA 001 / 001 v.02	CoQ-PP-2025-0030	2025-12-12	GP082501_1	P050312	Grape Pie	1	QCCoA 001 v.02		T2	QCSP_001_GP-II_v.01	11d	Mercury (Hg)	≤ 0.1 mg/kg	OUTSOURCED	0,017	IJZ	5888/2025	
1	Supersede QCCoA 001 / 001 v.02	CoQ-PP-2025-0030	2025-12-12	GP082501_1	P050312	Grape Pie	1	QCCoA 001 v.02		T2	QCSP_001_GP-II_v.01	12	Pesticide Residues	≤ LOQ per МКС EN 15662	OUTSOURCED	≤ LOQ (all 28 compounds)	IJZ	5888/2025	
1	Supersede QCCoA 001 / 001 v.02	CoQ-PP-2025-0031	2025-12-12	GP082501_2	P050322	Grape Pie	1	QCCoA 001 v.02		T1	QCSP_001_GP-V_v.01	1	Identification A, Appearance	Conforms to monograph	MISSING				iCoA
1	Supersede QCCoA 001 / 001 v.02	CoQ-PP-2025-0031	2025-12-12	GP082501_2	P050322	Grape Pie	1	QCCoA 001 v.02		T1	QCSP_001_GP-V_v.01	2	Identification B	Conforms to monograph	MISSING				iCoA
1	Supersede QCCoA 001 / 001 v.02	CoQ-PP-2025-0031	2025-12-12	GP082501_2	P050322	Grape Pie	1	QCCoA 001 v.02		T1	QCSP_001_GP-V_v.01	3	Identification C	Conforms to monograph	MISSING				iCoA?
1	Supersede QCCoA 001 / 001 v.02	CoQ-PP-2025-0031	2025-12-12	GP082501_2	P050322	Grape Pie	1	QCCoA 001 v.02		T1	QCSP_001_GP-V_v.01	4	Assay — Total Δ9-THC	14.40 - 17.59 %	OUTSOURCED	14.83 %	UKIM_CNP	ППК25381	
1	Supersede QCCoA 001 / 001 v.02	CoQ-PP-2025-0031	2025-12-12	GP082501_2	P050322	Grape Pie	1	QCCoA 001 v.02		T1	QCSP_001_GP-V_v.01	5	Assay — Total CBD	≤ 1.0 %, w/w	OUTSOURCED	0.11 %	UKIM_CNP	ППК25381	
1	Supersede QCCoA 001 / 001 v.02	CoQ-PP-2025-0031	2025-12-12	GP082501_2	P050322	Grape Pie	1	QCCoA 001 v.02		T1	QCSP_001_GP-V_v.01	6	Total CBN	≤ 1.0 %, w/w	MISSING				OUTSOURCE
1	Supersede QCCoA 001 / 001 v.02	CoQ-PP-2025-0031	2025-12-12	GP082501_2	P050322	Grape Pie	1	QCCoA 001 v.02		T1	QCSP_001_GP-V_v.01	7	Foreign Matter	≤ 2.0 % / 25–50 g	MISSING				iCoA
1	Supersede QCCoA 001 / 001 v.02	CoQ-PP-2025-0031	2025-12-12	GP082501_2	P050322	Grape Pie	1	QCCoA 001 v.02		T1	QCSP_001_GP-V_v.01	8	Loss on Drying	≤ 12.0 %	OUTSOURCED	6.88 %	UKIM_CNP	ППК25381	
1	Supersede QCCoA 001 / 001 v.02	CoQ-PP-2025-0031	2025-12-12	GP082501_2	P050322	Grape Pie	1	QCCoA 001 v.02		T1	QCSP_001_GP-V_v.01	9a	TAMC	≤ 10^5 CFU/g	OUTSOURCED	3,2 x 10³ CFU/g	IJZ	1227/2193/25	
1	Supersede QCCoA 001 / 001 v.02	CoQ-PP-2025-0031	2025-12-12	GP082501_2	P050322	Grape Pie	1	QCCoA 001 v.02		T1	QCSP_001_GP-V_v.01	9b	TYMC	≤ 10^4 CFU/g	OUTSOURCED	5,8 x 10³ CFU/g	IJZ	1227/2193/25	
1	Supersede QCCoA 001 / 001 v.02	CoQ-PP-2025-0031	2025-12-12	GP082501_2	P050322	Grape Pie	1	QCCoA 001 v.02		T1	QCSP_001_GP-V_v.01	9c	Bile-tolerant gram-neg.	≤ 10^4 CFU/g	OUTSOURCED	< 10^4 и > 10^3 CFU/g	IJZ	1227/2193/25	
1	Supersede QCCoA 001 / 001 v.02	CoQ-PP-2025-0031	2025-12-12	GP082501_2	P050322	Grape Pie	1	QCCoA 001 v.02		T1	QCSP_001_GP-V_v.01	9d	Salmonella	Absence / 25 g	OUTSOURCED	Одговара	IJZ	1227/2193/25	
1	Supersede QCCoA 001 / 001 v.02	CoQ-PP-2025-0031	2025-12-12	GP082501_2	P050322	Grape Pie	1	QCCoA 001 v.02		T1	QCSP_001_GP-V_v.01	9e	Escherichia coli	Absence / 1 g	OUTSOURCED	Одговара	IJZ	1227/2193/25	
1	Supersede QCCoA 001 / 001 v.02	CoQ-PP-2025-0031	2025-12-12	GP082501_2	P050322	Grape Pie	1	QCCoA 001 v.02		T1	QCSP_001_GP-V_v.01	10a	Aflatoxin B1	≤ 2 µg/kg	NOT TESTED				OUTSOURCE
1	Supersede QCCoA 001 / 001 v.02	CoQ-PP-2025-0031	2025-12-12	GP082501_2	P050322	Grape Pie	1	QCCoA 001 v.02		T1	QCSP_001_GP-V_v.01	10b	Aflatoxins ∑ (B1+B2+G1+G2)	≤ 4 µg/kg	OUTSOURCED	< 2	IJZ	5889/2025	
1	Supersede QCCoA 001 / 001 v.02	CoQ-PP-2025-0031	2025-12-12	GP082501_2	P050322	Grape Pie	1	QCCoA 001 v.02		T1	QCSP_001_GP-V_v.01	10c	Ochratoxin A	≤ 20 µg/kg	NOT TESTED				OUTSOURCE
1	Supersede QCCoA 001 / 001 v.02	CoQ-PP-2025-0031	2025-12-12	GP082501_2	P050322	Grape Pie	1	QCCoA 001 v.02		T1	QCSP_001_GP-V_v.01	11a	Lead (Pb)	≤ 0.5 mg/kg	OUTSOURCED	0,013	IJZ	5889/2025	
1	Supersede QCCoA 001 / 001 v.02	CoQ-PP-2025-0031	2025-12-12	GP082501_2	P050322	Grape Pie	1	QCCoA 001 v.02		T1	QCSP_001_GP-V_v.01	11b	Cadmium (Cd)	≤ 0.3 mg/kg	OUTSOURCED	0,003	IJZ	5889/2025	
1	Supersede QCCoA 001 / 001 v.02	CoQ-PP-2025-0031	2025-12-12	GP082501_2	P050322	Grape Pie	1	QCCoA 001 v.02		T1	QCSP_001_GP-V_v.01	11c	Arsenic (As)	≤ 0.2 mg/kg	OUTSOURCED	0,02	IJZ	5889/2025	
1	Supersede QCCoA 001 / 001 v.02	CoQ-PP-2025-0031	2025-12-12	GP082501_2	P050322	Grape Pie	1	QCCoA 001 v.02		T1	QCSP_001_GP-V_v.01	11d	Mercury (Hg)	≤ 0.1 mg/kg	OUTSOURCED	0,016	IJZ	5889/2025	
1	Supersede QCCoA 001 / 001 v.02	CoQ-PP-2025-0031	2025-12-12	GP082501_2	P050322	Grape Pie	1	QCCoA 001 v.02		T1	QCSP_001_GP-V_v.01	12	Pesticide Residues	≤ LOQ per МКС EN 15662	OUTSOURCED	≤ LOQ (all 29 compounds)	IJZ	5889/2025	
1	Supersede QCCoA 001 / 001 v.02	CoQ-PP-2026-0001	2026-01-21	CJ082501_2	P060032	Cap Junky	1	QCCoA 001 v.02		T1	QCSP_001_CJ-IV_v.01	1	Identification A, Appearance	Conforms to monograph	MISSING				iCoA
1	Supersede QCCoA 001 / 001 v.02	CoQ-PP-2026-0001	2026-01-21	CJ082501_2	P060032	Cap Junky	1	QCCoA 001 v.02		T1	QCSP_001_CJ-IV_v.01	2	Identification B	Conforms to monograph	MISSING				iCoA
1	Supersede QCCoA 001 / 001 v.02	CoQ-PP-2026-0001	2026-01-21	CJ082501_2	P060032	Cap Junky	1	QCCoA 001 v.02		T1	QCSP_001_CJ-IV_v.01	3	Identification C	Conforms to monograph	MISSING				iCoA?
1	Supersede QCCoA 001 / 001 v.02	CoQ-PP-2026-0001	2026-01-21	CJ082501_2	P060032	Cap Junky	1	QCCoA 001 v.02		T1	QCSP_001_CJ-IV_v.01	4	Assay — Total Δ9-THC	18.00 - 21.99 %	OUTSOURCED	20.84 %	UKIM_CNP	ППК26003	
1	Supersede QCCoA 001 / 001 v.02	CoQ-PP-2026-0001	2026-01-21	CJ082501_2	P060032	Cap Junky	1	QCCoA 001 v.02		T1	QCSP_001_CJ-IV_v.01	5	Assay — Total CBD	≤ 1.0 %, w/w	OUTSOURCED	0.08 %	UKIM_CNP	ППК26003	
1	Supersede QCCoA 001 / 001 v.02	CoQ-PP-2026-0001	2026-01-21	CJ082501_2	P060032	Cap Junky	1	QCCoA 001 v.02		T1	QCSP_001_CJ-IV_v.01	6	Total CBN	≤ 1.0 %, w/w	MISSING				OUTSOURCE
1	Supersede QCCoA 001 / 001 v.02	CoQ-PP-2026-0001	2026-01-21	CJ082501_2	P060032	Cap Junky	1	QCCoA 001 v.02		T1	QCSP_001_CJ-IV_v.01	7	Foreign Matter	≤ 2.0 % / 25–50 g	MISSING				iCoA
1	Supersede QCCoA 001 / 001 v.02	CoQ-PP-2026-0001	2026-01-21	CJ082501_2	P060032	Cap Junky	1	QCCoA 001 v.02		T1	QCSP_001_CJ-IV_v.01	8	Loss on Drying	≤ 12.0 %	OUTSOURCED	7.37 %	UKIM_CNP	ППК26003	
1	Supersede QCCoA 001 / 001 v.02	CoQ-PP-2026-0001	2026-01-21	CJ082501_2	P060032	Cap Junky	1	QCCoA 001 v.02		T1	QCSP_001_CJ-IV_v.01	9a	TAMC	≤ 10^5 CFU/g	OUTSOURCED	9,5 x 10^2 CFU/g	IJZ	4/0007/26	
1	Supersede QCCoA 001 / 001 v.02	CoQ-PP-2026-0001	2026-01-21	CJ082501_2	P060032	Cap Junky	1	QCCoA 001 v.02		T1	QCSP_001_CJ-IV_v.01	9b	TYMC	≤ 10^4 CFU/g	OUTSOURCED	1,2 x 10^3 CFU/g	IJZ	4/0007/26	
1	Supersede QCCoA 001 / 001 v.02	CoQ-PP-2026-0001	2026-01-21	CJ082501_2	P060032	Cap Junky	1	QCCoA 001 v.02		T1	QCSP_001_CJ-IV_v.01	9c	Bile-tolerant gram-neg.	≤ 10^4 CFU/g	OUTSOURCED	< 10 CFU/g	IJZ	4/0007/26	
1	Supersede QCCoA 001 / 001 v.02	CoQ-PP-2026-0001	2026-01-21	CJ082501_2	P060032	Cap Junky	1	QCCoA 001 v.02		T1	QCSP_001_CJ-IV_v.01	9d	Salmonella	Absence / 25 g	OUTSOURCED	Одговара	IJZ	4/0007/26	
1	Supersede QCCoA 001 / 001 v.02	CoQ-PP-2026-0001	2026-01-21	CJ082501_2	P060032	Cap Junky	1	QCCoA 001 v.02		T1	QCSP_001_CJ-IV_v.01	9e	Escherichia coli	Absence / 1 g	OUTSOURCED	Одговара	IJZ	4/0007/26	
1	Supersede QCCoA 001 / 001 v.02	CoQ-PP-2026-0001	2026-01-21	CJ082501_2	P060032	Cap Junky	1	QCCoA 001 v.02		T1	QCSP_001_CJ-IV_v.01	10a	Aflatoxin B1	≤ 2 µg/kg	MISSING				OUTSOURCE
1	Supersede QCCoA 001 / 001 v.02	CoQ-PP-2026-0001	2026-01-21	CJ082501_2	P060032	Cap Junky	1	QCCoA 001 v.02		T1	QCSP_001_CJ-IV_v.01	10b	Aflatoxins ∑ (B1+B2+G1+G2)	≤ 4 µg/kg	MISSING				OUTSOURCE
1	Supersede QCCoA 001 / 001 v.02	CoQ-PP-2026-0001	2026-01-21	CJ082501_2	P060032	Cap Junky	1	QCCoA 001 v.02		T1	QCSP_001_CJ-IV_v.01	10c	Ochratoxin A	≤ 20 µg/kg	MISSING				OUTSOURCE
1	Supersede QCCoA 001 / 001 v.02	CoQ-PP-2026-0001	2026-01-21	CJ082501_2	P060032	Cap Junky	1	QCCoA 001 v.02		T1	QCSP_001_CJ-IV_v.01	11a	Lead (Pb)	≤ 0.5 mg/kg	MISSING				OUTSOURCE
1	Supersede QCCoA 001 / 001 v.02	CoQ-PP-2026-0001	2026-01-21	CJ082501_2	P060032	Cap Junky	1	QCCoA 001 v.02		T1	QCSP_001_CJ-IV_v.01	11b	Cadmium (Cd)	≤ 0.3 mg/kg	MISSING				OUTSOURCE
1	Supersede QCCoA 001 / 001 v.02	CoQ-PP-2026-0001	2026-01-21	CJ082501_2	P060032	Cap Junky	1	QCCoA 001 v.02		T1	QCSP_001_CJ-IV_v.01	11c	Arsenic (As)	≤ 0.2 mg/kg	MISSING				OUTSOURCE
1	Supersede QCCoA 001 / 001 v.02	CoQ-PP-2026-0001	2026-01-21	CJ082501_2	P060032	Cap Junky	1	QCCoA 001 v.02		T1	QCSP_001_CJ-IV_v.01	11d	Mercury (Hg)	≤ 0.1 mg/kg	MISSING				OUTSOURCE
1	Supersede QCCoA 001 / 001 v.02	CoQ-PP-2026-0001	2026-01-21	CJ082501_2	P060032	Cap Junky	1	QCCoA 001 v.02		T1	QCSP_001_CJ-IV_v.01	12	Pesticide Residues	≤ LOQ per 2.8.13	MISSING				OUTSOURCE
1	Supersede QCCoA 001 / 001 v.02	CoQ-PP-2026-0002	2026-01-21	GP092501	P060092	Grape Pie	1	QCCoA 001 v.02		T2	QCSP_001_GP-II_v.01	1	Identification A, Appearance	Conforms to monograph	MISSING				iCoA
1	Supersede QCCoA 001 / 001 v.02	CoQ-PP-2026-0002	2026-01-21	GP092501	P060092	Grape Pie	1	QCCoA 001 v.02		T2	QCSP_001_GP-II_v.01	2	Identification B	Conforms to monograph	MISSING				iCoA
1	Supersede QCCoA 001 / 001 v.02	CoQ-PP-2026-0002	2026-01-21	GP092501	P060092	Grape Pie	1	QCCoA 001 v.02		T2	QCSP_001_GP-II_v.01	3	Identification C	Conforms to monograph	MISSING				iCoA?
1	Supersede QCCoA 001 / 001 v.02	CoQ-PP-2026-0002	2026-01-21	GP092501	P060092	Grape Pie	1	QCCoA 001 v.02		T2	QCSP_001_GP-II_v.01	4	Assay — Total Δ9-THC	23.40 - 28.59 %	OUTSOURCED	25.73 %	UKIM_CNP	ППК26009	
1	Supersede QCCoA 001 / 001 v.02	CoQ-PP-2026-0002	2026-01-21	GP092501	P060092	Grape Pie	1	QCCoA 001 v.02		T2	QCSP_001_GP-II_v.01	5	Assay — Total CBD	≤ 1.0 %, w/w	OUTSOURCED	0.11 %	UKIM_CNP	ППК26009	
1	Supersede QCCoA 001 / 001 v.02	CoQ-PP-2026-0002	2026-01-21	GP092501	P060092	Grape Pie	1	QCCoA 001 v.02		T2	QCSP_001_GP-II_v.01	6	Total CBN	≤ 1.0 %, w/w	MISSING				OUTSOURCE
1	Supersede QCCoA 001 / 001 v.02	CoQ-PP-2026-0002	2026-01-21	GP092501	P060092	Grape Pie	1	QCCoA 001 v.02		T2	QCSP_001_GP-II_v.01	7	Foreign Matter	≤ 2.0 % / 25–50 g	MISSING				iCoA
1	Supersede QCCoA 001 / 001 v.02	CoQ-PP-2026-0002	2026-01-21	GP092501	P060092	Grape Pie	1	QCCoA 001 v.02		T2	QCSP_001_GP-II_v.01	8	Loss on Drying	≤ 12.0 %	OUTSOURCED	6.91 %	UKIM_CNP	ППК26009	
1	Supersede QCCoA 001 / 001 v.02	CoQ-PP-2026-0002	2026-01-21	GP092501	P060092	Grape Pie	1	QCCoA 001 v.02		T2	QCSP_001_GP-II_v.01	9a	TAMC	≤ 10^5 CFU/g	OUTSOURCED	< 1 x 10² CFU/g	IJZ	5/0008/26	
1	Supersede QCCoA 001 / 001 v.02	CoQ-PP-2026-0002	2026-01-21	GP092501	P060092	Grape Pie	1	QCCoA 001 v.02		T2	QCSP_001_GP-II_v.01	9b	TYMC	≤ 10^4 CFU/g	OUTSOURCED	< 10 CFU/g	IJZ	5/0008/26	
1	Supersede QCCoA 001 / 001 v.02	CoQ-PP-2026-0002	2026-01-21	GP092501	P060092	Grape Pie	1	QCCoA 001 v.02		T2	QCSP_001_GP-II_v.01	9c	Bile-tolerant gram-neg.	≤ 10^4 CFU/g	OUTSOURCED	< 10² и > 10 CFU/g	IJZ	5/0008/26	
1	Supersede QCCoA 001 / 001 v.02	CoQ-PP-2026-0002	2026-01-21	GP092501	P060092	Grape Pie	1	QCCoA 001 v.02		T2	QCSP_001_GP-II_v.01	9d	Salmonella	Absence / 25 g	OUTSOURCED	Одговара	IJZ	5/0008/26	
1	Supersede QCCoA 001 / 001 v.02	CoQ-PP-2026-0002	2026-01-21	GP092501	P060092	Grape Pie	1	QCCoA 001 v.02		T2	QCSP_001_GP-II_v.01	9e	Escherichia coli	Absence / 1 g	OUTSOURCED	Одговара	IJZ	5/0008/26	
1	Supersede QCCoA 001 / 001 v.02	CoQ-PP-2026-0002	2026-01-21	GP092501	P060092	Grape Pie	1	QCCoA 001 v.02		T2	QCSP_001_GP-II_v.01	10a	Aflatoxin B1	≤ 2 µg/kg	MISSING				OUTSOURCE
1	Supersede QCCoA 001 / 001 v.02	CoQ-PP-2026-0002	2026-01-21	GP092501	P060092	Grape Pie	1	QCCoA 001 v.02		T2	QCSP_001_GP-II_v.01	10b	Aflatoxins ∑ (B1+B2+G1+G2)	≤ 4 µg/kg	MISSING				OUTSOURCE
1	Supersede QCCoA 001 / 001 v.02	CoQ-PP-2026-0002	2026-01-21	GP092501	P060092	Grape Pie	1	QCCoA 001 v.02		T2	QCSP_001_GP-II_v.01	10c	Ochratoxin A	≤ 20 µg/kg	MISSING				OUTSOURCE
1	Supersede QCCoA 001 / 001 v.02	CoQ-PP-2026-0002	2026-01-21	GP092501	P060092	Grape Pie	1	QCCoA 001 v.02		T2	QCSP_001_GP-II_v.01	11a	Lead (Pb)	≤ 0.5 mg/kg	MISSING				OUTSOURCE
1	Supersede QCCoA 001 / 001 v.02	CoQ-PP-2026-0002	2026-01-21	GP092501	P060092	Grape Pie	1	QCCoA 001 v.02		T2	QCSP_001_GP-II_v.01	11b	Cadmium (Cd)	≤ 0.3 mg/kg	MISSING				OUTSOURCE
1	Supersede QCCoA 001 / 001 v.02	CoQ-PP-2026-0002	2026-01-21	GP092501	P060092	Grape Pie	1	QCCoA 001 v.02		T2	QCSP_001_GP-II_v.01	11c	Arsenic (As)	≤ 0.2 mg/kg	MISSING				OUTSOURCE
1	Supersede QCCoA 001 / 001 v.02	CoQ-PP-2026-0002	2026-01-21	GP092501	P060092	Grape Pie	1	QCCoA 001 v.02		T2	QCSP_001_GP-II_v.01	11d	Mercury (Hg)	≤ 0.1 mg/kg	MISSING				OUTSOURCE
1	Supersede QCCoA 001 / 001 v.02	CoQ-PP-2026-0002	2026-01-21	GP092501	P060092	Grape Pie	1	QCCoA 001 v.02		T2	QCSP_001_GP-II_v.01	12	Pesticide Residues	≤ LOQ per 2.8.13	MISSING				OUTSOURCE
1	Supersede QCCoA 001 / 001 v.02	CoQ-PP-2026-0003	2026-02-02	CJ082501_1	P060022	Cap Junky	1	QCCoA 001 v.02		T2	QCSP_001_CJ-I_v.01	1	Identification A, Appearance	Conforms to monograph	MISSING				iCoA
1	Supersede QCCoA 001 / 001 v.02	CoQ-PP-2026-0003	2026-02-02	CJ082501_1	P060022	Cap Junky	1	QCCoA 001 v.02		T2	QCSP_001_CJ-I_v.01	2	Identification B	Conforms to monograph	MISSING				iCoA
1	Supersede QCCoA 001 / 001 v.02	CoQ-PP-2026-0003	2026-02-02	CJ082501_1	P060022	Cap Junky	1	QCCoA 001 v.02		T2	QCSP_001_CJ-I_v.01	3	Identification C	Conforms to monograph	MISSING				iCoA?
1	Supersede QCCoA 001 / 001 v.02	CoQ-PP-2026-0003	2026-02-02	CJ082501_1	P060022	Cap Junky	1	QCCoA 001 v.02		T2	QCSP_001_CJ-I_v.01	4	Assay — Total Δ9-THC	25.20 - 30.79 %	OUTSOURCED	24.96 %	UKIM_CNP	ППК26002	
1	Supersede QCCoA 001 / 001 v.02	CoQ-PP-2026-0003	2026-02-02	CJ082501_1	P060022	Cap Junky	1	QCCoA 001 v.02		T2	QCSP_001_CJ-I_v.01	5	Assay — Total CBD	≤ 1.0 %, w/w	OUTSOURCED	0.09 %	UKIM_CNP	ППК26002	
1	Supersede QCCoA 001 / 001 v.02	CoQ-PP-2026-0003	2026-02-02	CJ082501_1	P060022	Cap Junky	1	QCCoA 001 v.02		T2	QCSP_001_CJ-I_v.01	6	Total CBN	≤ 1.0 %, w/w	MISSING				OUTSOURCE
1	Supersede QCCoA 001 / 001 v.02	CoQ-PP-2026-0003	2026-02-02	CJ082501_1	P060022	Cap Junky	1	QCCoA 001 v.02		T2	QCSP_001_CJ-I_v.01	7	Foreign Matter	≤ 2.0 % / 25–50 g	MISSING				iCoA
1	Supersede QCCoA 001 / 001 v.02	CoQ-PP-2026-0003	2026-02-02	CJ082501_1	P060022	Cap Junky	1	QCCoA 001 v.02		T2	QCSP_001_CJ-I_v.01	8	Loss on Drying	≤ 12.0 %	OUTSOURCED	7.21 %	UKIM_CNP	ППК26002	
1	Supersede QCCoA 001 / 001 v.02	CoQ-PP-2026-0003	2026-02-02	CJ082501_1	P060022	Cap Junky	1	QCCoA 001 v.02		T2	QCSP_001_CJ-I_v.01	9a	TAMC	≤ 10^5 CFU/g	OUTSOURCED	1,5 x 10^2 CFU/g	IJZ	8/0011/26	
1	Supersede QCCoA 001 / 001 v.02	CoQ-PP-2026-0003	2026-02-02	CJ082501_1	P060022	Cap Junky	1	QCCoA 001 v.02		T2	QCSP_001_CJ-I_v.01	9b	TYMC	≤ 10^4 CFU/g	OUTSOURCED	1,3 x 10^2 CFU/g	IJZ	8/0011/26	
1	Supersede QCCoA 001 / 001 v.02	CoQ-PP-2026-0003	2026-02-02	CJ082501_1	P060022	Cap Junky	1	QCCoA 001 v.02		T2	QCSP_001_CJ-I_v.01	9c	Bile-tolerant gram-neg.	≤ 10^4 CFU/g	OUTSOURCED	< 10 CFU/g	IJZ	8/0011/26	
1	Supersede QCCoA 001 / 001 v.02	CoQ-PP-2026-0003	2026-02-02	CJ082501_1	P060022	Cap Junky	1	QCCoA 001 v.02		T2	QCSP_001_CJ-I_v.01	9d	Salmonella	Absence / 25 g	OUTSOURCED	Одговара	IJZ	8/0011/26	
1	Supersede QCCoA 001 / 001 v.02	CoQ-PP-2026-0003	2026-02-02	CJ082501_1	P060022	Cap Junky	1	QCCoA 001 v.02		T2	QCSP_001_CJ-I_v.01	9e	Escherichia coli	Absence / 1 g	OUTSOURCED	Одговара	IJZ	8/0011/26	
1	Supersede QCCoA 001 / 001 v.02	CoQ-PP-2026-0003	2026-02-02	CJ082501_1	P060022	Cap Junky	1	QCCoA 001 v.02		T2	QCSP_001_CJ-I_v.01	10a	Aflatoxin B1	≤ 2 µg/kg	NOT TESTED				OUTSOURCE
1	Supersede QCCoA 001 / 001 v.02	CoQ-PP-2026-0003	2026-02-02	CJ082501_1	P060022	Cap Junky	1	QCCoA 001 v.02		T2	QCSP_001_CJ-I_v.01	10b	Aflatoxins ∑ (B1+B2+G1+G2)	≤ 4 µg/kg	OUTSOURCED	< 2	IJZ	81/2026	
1	Supersede QCCoA 001 / 001 v.02	CoQ-PP-2026-0003	2026-02-02	CJ082501_1	P060022	Cap Junky	1	QCCoA 001 v.02		T2	QCSP_001_CJ-I_v.01	10c	Ochratoxin A	≤ 20 µg/kg	NOT TESTED				OUTSOURCE
1	Supersede QCCoA 001 / 001 v.02	CoQ-PP-2026-0003	2026-02-02	CJ082501_1	P060022	Cap Junky	1	QCCoA 001 v.02		T2	QCSP_001_CJ-I_v.01	11a	Lead (Pb)	≤ 0.5 mg/kg	OUTSOURCED	0,075	IJZ	81/2026	
1	Supersede QCCoA 001 / 001 v.02	CoQ-PP-2026-0003	2026-02-02	CJ082501_1	P060022	Cap Junky	1	QCCoA 001 v.02		T2	QCSP_001_CJ-I_v.01	11b	Cadmium (Cd)	≤ 0.3 mg/kg	OUTSOURCED	н.д.	IJZ	81/2026	
1	Supersede QCCoA 001 / 001 v.02	CoQ-PP-2026-0003	2026-02-02	CJ082501_1	P060022	Cap Junky	1	QCCoA 001 v.02		T2	QCSP_001_CJ-I_v.01	11c	Arsenic (As)	≤ 0.2 mg/kg	OUTSOURCED	н.д.	IJZ	81/2026	
1	Supersede QCCoA 001 / 001 v.02	CoQ-PP-2026-0003	2026-02-02	CJ082501_1	P060022	Cap Junky	1	QCCoA 001 v.02		T2	QCSP_001_CJ-I_v.01	11d	Mercury (Hg)	≤ 0.1 mg/kg	OUTSOURCED	н.д.	IJZ	81/2026	
1	Supersede QCCoA 001 / 001 v.02	CoQ-PP-2026-0003	2026-02-02	CJ082501_1	P060022	Cap Junky	1	QCCoA 001 v.02		T2	QCSP_001_CJ-I_v.01	12	Pesticide Residues	≤ LOQ per МКС EN 15662	OUTSOURCED	≤ LOQ (all 26 compounds)	IJZ	81/2026	
1	Supersede QCCoA 001 / 001 v.02	CoQ-PP-2026-0004	2026-02-02	CJ092501	P060072	Cap Junky	1	QCCoA 001 v.02		T2	QCSP_001_CJ-II_v.01	1	Identification A, Appearance	Conforms to monograph	MISSING				iCoA
1	Supersede QCCoA 001 / 001 v.02	CoQ-PP-2026-0004	2026-02-02	CJ092501	P060072	Cap Junky	1	QCCoA 001 v.02		T2	QCSP_001_CJ-II_v.01	2	Identification B	Conforms to monograph	MISSING				iCoA
1	Supersede QCCoA 001 / 001 v.02	CoQ-PP-2026-0004	2026-02-02	CJ092501	P060072	Cap Junky	1	QCCoA 001 v.02		T2	QCSP_001_CJ-II_v.01	3	Identification C	Conforms to monograph	MISSING				iCoA?
1	Supersede QCCoA 001 / 001 v.02	CoQ-PP-2026-0004	2026-02-02	CJ092501	P060072	Cap Junky	1	QCCoA 001 v.02		T2	QCSP_001_CJ-II_v.01	4	Assay — Total Δ9-THC	23.40 - 28.59 %	MISSING				OUTSOURCE
1	Supersede QCCoA 001 / 001 v.02	CoQ-PP-2026-0004	2026-02-02	CJ092501	P060072	Cap Junky	1	QCCoA 001 v.02		T2	QCSP_001_CJ-II_v.01	5	Assay — Total CBD	≤ 1.0 %, w/w	MISSING				OUTSOURCE
1	Supersede QCCoA 001 / 001 v.02	CoQ-PP-2026-0004	2026-02-02	CJ092501	P060072	Cap Junky	1	QCCoA 001 v.02		T2	QCSP_001_CJ-II_v.01	6	Total CBN	≤ 1.0 %, w/w	MISSING				OUTSOURCE
1	Supersede QCCoA 001 / 001 v.02	CoQ-PP-2026-0004	2026-02-02	CJ092501	P060072	Cap Junky	1	QCCoA 001 v.02		T2	QCSP_001_CJ-II_v.01	7	Foreign Matter	≤ 2.0 % / 25–50 g	MISSING				iCoA
1	Supersede QCCoA 001 / 001 v.02	CoQ-PP-2026-0004	2026-02-02	CJ092501	P060072	Cap Junky	1	QCCoA 001 v.02		T2	QCSP_001_CJ-II_v.01	8	Loss on Drying	≤ 12.0 %	MISSING				iCoA
1	Supersede QCCoA 001 / 001 v.02	CoQ-PP-2026-0004	2026-02-02	CJ092501	P060072	Cap Junky	1	QCCoA 001 v.02		T2	QCSP_001_CJ-II_v.01	9a	TAMC	≤ 10^5 CFU/g	MISSING				OUTSOURCE
1	Supersede QCCoA 001 / 001 v.02	CoQ-PP-2026-0004	2026-02-02	CJ092501	P060072	Cap Junky	1	QCCoA 001 v.02		T2	QCSP_001_CJ-II_v.01	9b	TYMC	≤ 10^4 CFU/g	MISSING				OUTSOURCE
1	Supersede QCCoA 001 / 001 v.02	CoQ-PP-2026-0004	2026-02-02	CJ092501	P060072	Cap Junky	1	QCCoA 001 v.02		T2	QCSP_001_CJ-II_v.01	9c	Bile-tolerant gram-neg.	≤ 10^4 CFU/g	MISSING				OUTSOURCE
1	Supersede QCCoA 001 / 001 v.02	CoQ-PP-2026-0004	2026-02-02	CJ092501	P060072	Cap Junky	1	QCCoA 001 v.02		T2	QCSP_001_CJ-II_v.01	9d	Salmonella	Absence / 25 g	MISSING				OUTSOURCE
1	Supersede QCCoA 001 / 001 v.02	CoQ-PP-2026-0004	2026-02-02	CJ092501	P060072	Cap Junky	1	QCCoA 001 v.02		T2	QCSP_001_CJ-II_v.01	9e	Escherichia coli	Absence / 1 g	MISSING				OUTSOURCE
1	Supersede QCCoA 001 / 001 v.02	CoQ-PP-2026-0004	2026-02-02	CJ092501	P060072	Cap Junky	1	QCCoA 001 v.02		T2	QCSP_001_CJ-II_v.01	10a	Aflatoxin B1	≤ 2 µg/kg	NOT TESTED				OUTSOURCE
1	Supersede QCCoA 001 / 001 v.02	CoQ-PP-2026-0004	2026-02-02	CJ092501	P060072	Cap Junky	1	QCCoA 001 v.02		T2	QCSP_001_CJ-II_v.01	10b	Aflatoxins ∑ (B1+B2+G1+G2)	≤ 4 µg/kg	OUTSOURCED	< 2	IJZ	86/2026	
1	Supersede QCCoA 001 / 001 v.02	CoQ-PP-2026-0004	2026-02-02	CJ092501	P060072	Cap Junky	1	QCCoA 001 v.02		T2	QCSP_001_CJ-II_v.01	10c	Ochratoxin A	≤ 20 µg/kg	NOT TESTED				OUTSOURCE
1	Supersede QCCoA 001 / 001 v.02	CoQ-PP-2026-0004	2026-02-02	CJ092501	P060072	Cap Junky	1	QCCoA 001 v.02		T2	QCSP_001_CJ-II_v.01	11a	Lead (Pb)	≤ 0.5 mg/kg	OUTSOURCED	0,04	IJZ	86/2026	
1	Supersede QCCoA 001 / 001 v.02	CoQ-PP-2026-0004	2026-02-02	CJ092501	P060072	Cap Junky	1	QCCoA 001 v.02		T2	QCSP_001_CJ-II_v.01	11b	Cadmium (Cd)	≤ 0.3 mg/kg	OUTSOURCED	н.д.	IJZ	86/2026	
1	Supersede QCCoA 001 / 001 v.02	CoQ-PP-2026-0004	2026-02-02	CJ092501	P060072	Cap Junky	1	QCCoA 001 v.02		T2	QCSP_001_CJ-II_v.01	11c	Arsenic (As)	≤ 0.2 mg/kg	OUTSOURCED	н.д.	IJZ	86/2026	
1	Supersede QCCoA 001 / 001 v.02	CoQ-PP-2026-0004	2026-02-02	CJ092501	P060072	Cap Junky	1	QCCoA 001 v.02		T2	QCSP_001_CJ-II_v.01	11d	Mercury (Hg)	≤ 0.1 mg/kg	OUTSOURCED	0,004	IJZ	86/2026	
1	Supersede QCCoA 001 / 001 v.02	CoQ-PP-2026-0004	2026-02-02	CJ092501	P060072	Cap Junky	1	QCCoA 001 v.02		T2	QCSP_001_CJ-II_v.01	12	Pesticide Residues	≤ LOQ per МКС EN 15662	OUTSOURCED	≤ LOQ (all 29 compounds)	IJZ	86/2026	
1	Supersede QCCoA 001 / 001 v.02	CoQ-PP-2026-0005	2026-02-02	PM092501	P060062	Permanent Marker	1	QCCoA 001 v.02		T1	QCSP_001_PM-I_v.01	1	Identification A, Appearance	Conforms to monograph	MISSING				iCoA
1	Supersede QCCoA 001 / 001 v.02	CoQ-PP-2026-0005	2026-02-02	PM092501	P060062	Permanent Marker	1	QCCoA 001 v.02		T1	QCSP_001_PM-I_v.01	2	Identification B	Conforms to monograph	MISSING				iCoA
1	Supersede QCCoA 001 / 001 v.02	CoQ-PP-2026-0005	2026-02-02	PM092501	P060062	Permanent Marker	1	QCCoA 001 v.02		T1	QCSP_001_PM-I_v.01	3	Identification C	Conforms to monograph	MISSING				iCoA?
1	Supersede QCCoA 001 / 001 v.02	CoQ-PP-2026-0005	2026-02-02	PM092501	P060062	Permanent Marker	1	QCCoA 001 v.02		T1	QCSP_001_PM-I_v.01	4	Assay — Total Δ9-THC	10.80 - 13.19 %	HELD				ruling
1	Supersede QCCoA 001 / 001 v.02	CoQ-PP-2026-0005	2026-02-02	PM092501	P060062	Permanent Marker	1	QCCoA 001 v.02		T1	QCSP_001_PM-I_v.01	5	Assay — Total CBD	≤ 1.0 %, w/w	OUTSOURCED	0.05 %	UKIM_CNP	ППК26004	
1	Supersede QCCoA 001 / 001 v.02	CoQ-PP-2026-0005	2026-02-02	PM092501	P060062	Permanent Marker	1	QCCoA 001 v.02		T1	QCSP_001_PM-I_v.01	6	Total CBN	≤ 1.0 %, w/w	MISSING				OUTSOURCE
1	Supersede QCCoA 001 / 001 v.02	CoQ-PP-2026-0005	2026-02-02	PM092501	P060062	Permanent Marker	1	QCCoA 001 v.02		T1	QCSP_001_PM-I_v.01	7	Foreign Matter	≤ 2.0 % / 25–50 g	MISSING				iCoA
1	Supersede QCCoA 001 / 001 v.02	CoQ-PP-2026-0005	2026-02-02	PM092501	P060062	Permanent Marker	1	QCCoA 001 v.02		T1	QCSP_001_PM-I_v.01	8	Loss on Drying	≤ 12.0 %	OUTSOURCED	7.97 %	UKIM_CNP	ППК26004	
1	Supersede QCCoA 001 / 001 v.02	CoQ-PP-2026-0005	2026-02-02	PM092501	P060062	Permanent Marker	1	QCCoA 001 v.02		T1	QCSP_001_PM-I_v.01	9a	TAMC	≤ 10^5 CFU/g	OUTSOURCED	2 x 10^3 CFU/g	IJZ	6/0009/26	
1	Supersede QCCoA 001 / 001 v.02	CoQ-PP-2026-0005	2026-02-02	PM092501	P060062	Permanent Marker	1	QCCoA 001 v.02		T1	QCSP_001_PM-I_v.01	9b	TYMC	≤ 10^4 CFU/g	OUTSOURCED	2,2 x 10^3 CFU/g	IJZ	6/0009/26	
1	Supersede QCCoA 001 / 001 v.02	CoQ-PP-2026-0005	2026-02-02	PM092501	P060062	Permanent Marker	1	QCCoA 001 v.02		T1	QCSP_001_PM-I_v.01	9c	Bile-tolerant gram-neg.	≤ 10^4 CFU/g	OUTSOURCED	< 10 CFU/g	IJZ	6/0009/26	
1	Supersede QCCoA 001 / 001 v.02	CoQ-PP-2026-0005	2026-02-02	PM092501	P060062	Permanent Marker	1	QCCoA 001 v.02		T1	QCSP_001_PM-I_v.01	9d	Salmonella	Absence / 25 g	OUTSOURCED	Одговара	IJZ	6/0009/26	
1	Supersede QCCoA 001 / 001 v.02	CoQ-PP-2026-0005	2026-02-02	PM092501	P060062	Permanent Marker	1	QCCoA 001 v.02		T1	QCSP_001_PM-I_v.01	9e	Escherichia coli	Absence / 1 g	OUTSOURCED	Одговара	IJZ	6/0009/26	
1	Supersede QCCoA 001 / 001 v.02	CoQ-PP-2026-0005	2026-02-02	PM092501	P060062	Permanent Marker	1	QCCoA 001 v.02		T1	QCSP_001_PM-I_v.01	10a	Aflatoxin B1	≤ 2 µg/kg	NOT TESTED				OUTSOURCE
1	Supersede QCCoA 001 / 001 v.02	CoQ-PP-2026-0005	2026-02-02	PM092501	P060062	Permanent Marker	1	QCCoA 001 v.02		T1	QCSP_001_PM-I_v.01	10b	Aflatoxins ∑ (B1+B2+G1+G2)	≤ 4 µg/kg	OUTSOURCED	< 2	IJZ	83/2026	
1	Supersede QCCoA 001 / 001 v.02	CoQ-PP-2026-0005	2026-02-02	PM092501	P060062	Permanent Marker	1	QCCoA 001 v.02		T1	QCSP_001_PM-I_v.01	10c	Ochratoxin A	≤ 20 µg/kg	NOT TESTED				OUTSOURCE
1	Supersede QCCoA 001 / 001 v.02	CoQ-PP-2026-0005	2026-02-02	PM092501	P060062	Permanent Marker	1	QCCoA 001 v.02		T1	QCSP_001_PM-I_v.01	11a	Lead (Pb)	≤ 0.5 mg/kg	OUTSOURCED	0,03	IJZ	83/2026	
1	Supersede QCCoA 001 / 001 v.02	CoQ-PP-2026-0005	2026-02-02	PM092501	P060062	Permanent Marker	1	QCCoA 001 v.02		T1	QCSP_001_PM-I_v.01	11b	Cadmium (Cd)	≤ 0.3 mg/kg	OUTSOURCED	Н.д.	IJZ	83/2026	
1	Supersede QCCoA 001 / 001 v.02	CoQ-PP-2026-0005	2026-02-02	PM092501	P060062	Permanent Marker	1	QCCoA 001 v.02		T1	QCSP_001_PM-I_v.01	11c	Arsenic (As)	≤ 0.2 mg/kg	OUTSOURCED	Н.д.	IJZ	83/2026	
1	Supersede QCCoA 001 / 001 v.02	CoQ-PP-2026-0005	2026-02-02	PM092501	P060062	Permanent Marker	1	QCCoA 001 v.02		T1	QCSP_001_PM-I_v.01	11d	Mercury (Hg)	≤ 0.1 mg/kg	OUTSOURCED	Н.д.	IJZ	83/2026	
1	Supersede QCCoA 001 / 001 v.02	CoQ-PP-2026-0005	2026-02-02	PM092501	P060062	Permanent Marker	1	QCCoA 001 v.02		T1	QCSP_001_PM-I_v.01	12	Pesticide Residues	≤ LOQ per МКС EN 15662	OUTSOURCED	≤ LOQ (all 28 compounds)	IJZ	83/2026	
1	Supersede QCCoA 001 / 001 v.02	CoQ-PP-2026-0006	2026-02-02	SJ092501	P060082	Sleepy Joe	1	QCCoA 001 v.02		T2	QCSP_001_SJ-I_v.01	1	Identification A, Appearance	Conforms to monograph	MISSING				iCoA
1	Supersede QCCoA 001 / 001 v.02	CoQ-PP-2026-0006	2026-02-02	SJ092501	P060082	Sleepy Joe	1	QCCoA 001 v.02		T2	QCSP_001_SJ-I_v.01	2	Identification B	Conforms to monograph	MISSING				iCoA
1	Supersede QCCoA 001 / 001 v.02	CoQ-PP-2026-0006	2026-02-02	SJ092501	P060082	Sleepy Joe	1	QCCoA 001 v.02		T2	QCSP_001_SJ-I_v.01	3	Identification C	Conforms to monograph	MISSING				iCoA?
1	Supersede QCCoA 001 / 001 v.02	CoQ-PP-2026-0006	2026-02-02	SJ092501	P060082	Sleepy Joe	1	QCCoA 001 v.02		T2	QCSP_001_SJ-I_v.01	4	Assay — Total Δ9-THC	9.00 - 10.99 %	OUTSOURCED	10.96 %	UKIM_CNP	ППК26006	
1	Supersede QCCoA 001 / 001 v.02	CoQ-PP-2026-0006	2026-02-02	SJ092501	P060082	Sleepy Joe	1	QCCoA 001 v.02		T2	QCSP_001_SJ-I_v.01	5	Assay — Total CBD	≤ 1.0 %, w/w	OUTSOURCED	0.07 %	UKIM_CNP	ППК26006	
1	Supersede QCCoA 001 / 001 v.02	CoQ-PP-2026-0006	2026-02-02	SJ092501	P060082	Sleepy Joe	1	QCCoA 001 v.02		T2	QCSP_001_SJ-I_v.01	6	Total CBN	≤ 1.0 %, w/w	MISSING				OUTSOURCE
1	Supersede QCCoA 001 / 001 v.02	CoQ-PP-2026-0006	2026-02-02	SJ092501	P060082	Sleepy Joe	1	QCCoA 001 v.02		T2	QCSP_001_SJ-I_v.01	7	Foreign Matter	≤ 2.0 % / 25–50 g	MISSING				iCoA
1	Supersede QCCoA 001 / 001 v.02	CoQ-PP-2026-0006	2026-02-02	SJ092501	P060082	Sleepy Joe	1	QCCoA 001 v.02		T2	QCSP_001_SJ-I_v.01	8	Loss on Drying	≤ 12.0 %	OUTSOURCED	8.68 %	UKIM_CNP	ППК26006	
1	Supersede QCCoA 001 / 001 v.02	CoQ-PP-2026-0006	2026-02-02	SJ092501	P060082	Sleepy Joe	1	QCCoA 001 v.02		T2	QCSP_001_SJ-I_v.01	9a	TAMC	≤ 10^5 CFU/g	MISSING				OUTSOURCE
1	Supersede QCCoA 001 / 001 v.02	CoQ-PP-2026-0006	2026-02-02	SJ092501	P060082	Sleepy Joe	1	QCCoA 001 v.02		T2	QCSP_001_SJ-I_v.01	9b	TYMC	≤ 10^4 CFU/g	MISSING				OUTSOURCE
1	Supersede QCCoA 001 / 001 v.02	CoQ-PP-2026-0006	2026-02-02	SJ092501	P060082	Sleepy Joe	1	QCCoA 001 v.02		T2	QCSP_001_SJ-I_v.01	9c	Bile-tolerant gram-neg.	≤ 10^4 CFU/g	MISSING				OUTSOURCE
1	Supersede QCCoA 001 / 001 v.02	CoQ-PP-2026-0006	2026-02-02	SJ092501	P060082	Sleepy Joe	1	QCCoA 001 v.02		T2	QCSP_001_SJ-I_v.01	9d	Salmonella	Absence / 25 g	MISSING				OUTSOURCE
1	Supersede QCCoA 001 / 001 v.02	CoQ-PP-2026-0006	2026-02-02	SJ092501	P060082	Sleepy Joe	1	QCCoA 001 v.02		T2	QCSP_001_SJ-I_v.01	9e	Escherichia coli	Absence / 1 g	MISSING				OUTSOURCE
1	Supersede QCCoA 001 / 001 v.02	CoQ-PP-2026-0006	2026-02-02	SJ092501	P060082	Sleepy Joe	1	QCCoA 001 v.02		T2	QCSP_001_SJ-I_v.01	10a	Aflatoxin B1	≤ 2 µg/kg	NOT TESTED				OUTSOURCE
1	Supersede QCCoA 001 / 001 v.02	CoQ-PP-2026-0006	2026-02-02	SJ092501	P060082	Sleepy Joe	1	QCCoA 001 v.02		T2	QCSP_001_SJ-I_v.01	10b	Aflatoxins ∑ (B1+B2+G1+G2)	≤ 4 µg/kg	OUTSOURCED	2	IJZ	85/2026	
1	Supersede QCCoA 001 / 001 v.02	CoQ-PP-2026-0006	2026-02-02	SJ092501	P060082	Sleepy Joe	1	QCCoA 001 v.02		T2	QCSP_001_SJ-I_v.01	10c	Ochratoxin A	≤ 20 µg/kg	NOT TESTED				OUTSOURCE
1	Supersede QCCoA 001 / 001 v.02	CoQ-PP-2026-0006	2026-02-02	SJ092501	P060082	Sleepy Joe	1	QCCoA 001 v.02		T2	QCSP_001_SJ-I_v.01	11a	Lead (Pb)	≤ 0.5 mg/kg	OUTSOURCED	0,08	IJZ	85/2026	
1	Supersede QCCoA 001 / 001 v.02	CoQ-PP-2026-0006	2026-02-02	SJ092501	P060082	Sleepy Joe	1	QCCoA 001 v.02		T2	QCSP_001_SJ-I_v.01	11b	Cadmium (Cd)	≤ 0.3 mg/kg	OUTSOURCED	н.д.	IJZ	85/2026	
1	Supersede QCCoA 001 / 001 v.02	CoQ-PP-2026-0006	2026-02-02	SJ092501	P060082	Sleepy Joe	1	QCCoA 001 v.02		T2	QCSP_001_SJ-I_v.01	11c	Arsenic (As)	≤ 0.2 mg/kg	OUTSOURCED	н.д.	IJZ	85/2026	
1	Supersede QCCoA 001 / 001 v.02	CoQ-PP-2026-0006	2026-02-02	SJ092501	P060082	Sleepy Joe	1	QCCoA 001 v.02		T2	QCSP_001_SJ-I_v.01	11d	Mercury (Hg)	≤ 0.1 mg/kg	OUTSOURCED	0,003	IJZ	85/2026	
1	Supersede QCCoA 001 / 001 v.02	CoQ-PP-2026-0006	2026-02-02	SJ092501	P060082	Sleepy Joe	1	QCCoA 001 v.02		T2	QCSP_001_SJ-I_v.01	12	Pesticide Residues	≤ LOQ per МКС EN 15662	OUTSOURCED	≤ LOQ (all 29 compounds)	IJZ	85/2026	
1	Supersede QCCoA 001 / 001 v.02	CoQ-PP-2026-0007	2026-02-02	WC082501	P060012	Wedding Crasher	1	QCCoA 001 v.02		T2	QCSP_001_WC-I_v.01	1	Identification A, Appearance	Conforms to monograph	MISSING				iCoA
1	Supersede QCCoA 001 / 001 v.02	CoQ-PP-2026-0007	2026-02-02	WC082501	P060012	Wedding Crasher	1	QCCoA 001 v.02		T2	QCSP_001_WC-I_v.01	2	Identification B	Conforms to monograph	MISSING				iCoA
1	Supersede QCCoA 001 / 001 v.02	CoQ-PP-2026-0007	2026-02-02	WC082501	P060012	Wedding Crasher	1	QCCoA 001 v.02		T2	QCSP_001_WC-I_v.01	3	Identification C	Conforms to monograph	MISSING				iCoA?
1	Supersede QCCoA 001 / 001 v.02	CoQ-PP-2026-0007	2026-02-02	WC082501	P060012	Wedding Crasher	1	QCCoA 001 v.02		T2	QCSP_001_WC-I_v.01	4	Assay — Total Δ9-THC	21.60 - 26.39 %	MISSING				OUTSOURCE
1	Supersede QCCoA 001 / 001 v.02	CoQ-PP-2026-0007	2026-02-02	WC082501	P060012	Wedding Crasher	1	QCCoA 001 v.02		T2	QCSP_001_WC-I_v.01	5	Assay — Total CBD	≤ 1.0 %, w/w	MISSING				OUTSOURCE
1	Supersede QCCoA 001 / 001 v.02	CoQ-PP-2026-0007	2026-02-02	WC082501	P060012	Wedding Crasher	1	QCCoA 001 v.02		T2	QCSP_001_WC-I_v.01	6	Total CBN	≤ 1.0 %, w/w	MISSING				OUTSOURCE
1	Supersede QCCoA 001 / 001 v.02	CoQ-PP-2026-0007	2026-02-02	WC082501	P060012	Wedding Crasher	1	QCCoA 001 v.02		T2	QCSP_001_WC-I_v.01	7	Foreign Matter	≤ 2.0 % / 25–50 g	MISSING				iCoA
1	Supersede QCCoA 001 / 001 v.02	CoQ-PP-2026-0007	2026-02-02	WC082501	P060012	Wedding Crasher	1	QCCoA 001 v.02		T2	QCSP_001_WC-I_v.01	8	Loss on Drying	≤ 12.0 %	MISSING				iCoA
1	Supersede QCCoA 001 / 001 v.02	CoQ-PP-2026-0007	2026-02-02	WC082501	P060012	Wedding Crasher	1	QCCoA 001 v.02		T2	QCSP_001_WC-I_v.01	9a	TAMC	≤ 10^5 CFU/g	OUTSOURCED	10 CFU/g	IJZ	3/0006/26	
1	Supersede QCCoA 001 / 001 v.02	CoQ-PP-2026-0007	2026-02-02	WC082501	P060012	Wedding Crasher	1	QCCoA 001 v.02		T2	QCSP_001_WC-I_v.01	9b	TYMC	≤ 10^4 CFU/g	OUTSOURCED	30 CFU/g	IJZ	3/0006/26	
1	Supersede QCCoA 001 / 001 v.02	CoQ-PP-2026-0007	2026-02-02	WC082501	P060012	Wedding Crasher	1	QCCoA 001 v.02		T2	QCSP_001_WC-I_v.01	9c	Bile-tolerant gram-neg.	≤ 10^4 CFU/g	OUTSOURCED	< 10 CFU/g	IJZ	3/0006/26	
1	Supersede QCCoA 001 / 001 v.02	CoQ-PP-2026-0007	2026-02-02	WC082501	P060012	Wedding Crasher	1	QCCoA 001 v.02		T2	QCSP_001_WC-I_v.01	9d	Salmonella	Absence / 25 g	OUTSOURCED	Одговара	IJZ	3/0006/26	
1	Supersede QCCoA 001 / 001 v.02	CoQ-PP-2026-0007	2026-02-02	WC082501	P060012	Wedding Crasher	1	QCCoA 001 v.02		T2	QCSP_001_WC-I_v.01	9e	Escherichia coli	Absence / 1 g	OUTSOURCED	Одговара	IJZ	3/0006/26	
1	Supersede QCCoA 001 / 001 v.02	CoQ-PP-2026-0007	2026-02-02	WC082501	P060012	Wedding Crasher	1	QCCoA 001 v.02		T2	QCSP_001_WC-I_v.01	10a	Aflatoxin B1	≤ 2 µg/kg	NOT TESTED				OUTSOURCE
1	Supersede QCCoA 001 / 001 v.02	CoQ-PP-2026-0007	2026-02-02	WC082501	P060012	Wedding Crasher	1	QCCoA 001 v.02		T2	QCSP_001_WC-I_v.01	10b	Aflatoxins ∑ (B1+B2+G1+G2)	≤ 4 µg/kg	OUTSOURCED	< 2	IJZ	80/2026	
1	Supersede QCCoA 001 / 001 v.02	CoQ-PP-2026-0007	2026-02-02	WC082501	P060012	Wedding Crasher	1	QCCoA 001 v.02		T2	QCSP_001_WC-I_v.01	10c	Ochratoxin A	≤ 20 µg/kg	NOT TESTED				OUTSOURCE
1	Supersede QCCoA 001 / 001 v.02	CoQ-PP-2026-0007	2026-02-02	WC082501	P060012	Wedding Crasher	1	QCCoA 001 v.02		T2	QCSP_001_WC-I_v.01	11a	Lead (Pb)	≤ 0.5 mg/kg	OUTSOURCED	н.д.	IJZ	80/2026	
1	Supersede QCCoA 001 / 001 v.02	CoQ-PP-2026-0007	2026-02-02	WC082501	P060012	Wedding Crasher	1	QCCoA 001 v.02		T2	QCSP_001_WC-I_v.01	11b	Cadmium (Cd)	≤ 0.3 mg/kg	OUTSOURCED	н.д.	IJZ	80/2026	
1	Supersede QCCoA 001 / 001 v.02	CoQ-PP-2026-0007	2026-02-02	WC082501	P060012	Wedding Crasher	1	QCCoA 001 v.02		T2	QCSP_001_WC-I_v.01	11c	Arsenic (As)	≤ 0.2 mg/kg	OUTSOURCED	н.д.	IJZ	80/2026	
1	Supersede QCCoA 001 / 001 v.02	CoQ-PP-2026-0007	2026-02-02	WC082501	P060012	Wedding Crasher	1	QCCoA 001 v.02		T2	QCSP_001_WC-I_v.01	11d	Mercury (Hg)	≤ 0.1 mg/kg	OUTSOURCED	н.д.	IJZ	80/2026	
1	Supersede QCCoA 001 / 001 v.02	CoQ-PP-2026-0007	2026-02-02	WC082501	P060012	Wedding Crasher	1	QCCoA 001 v.02		T2	QCSP_001_WC-I_v.01	12	Pesticide Residues	≤ LOQ per МКС EN 15662	OUTSOURCED	≤ LOQ (all 29 compounds)	IJZ	80/2026	
1	Supersede QCCoA 001 / 001 v.02	CoQ-PP-2026-0009	2026-02-03	OPM092501	P060042	Orange Punch Mimosa	1	QCCoA 001 v.02		T2	QCSP_001_OPM-IV_v.01	1	Identification A, Appearance	Conforms to monograph	MISSING				iCoA
1	Supersede QCCoA 001 / 001 v.02	CoQ-PP-2026-0009	2026-02-03	OPM092501	P060042	Orange Punch Mimosa	1	QCCoA 001 v.02		T2	QCSP_001_OPM-IV_v.01	2	Identification B	Conforms to monograph	MISSING				iCoA
1	Supersede QCCoA 001 / 001 v.02	CoQ-PP-2026-0009	2026-02-03	OPM092501	P060042	Orange Punch Mimosa	1	QCCoA 001 v.02		T2	QCSP_001_OPM-IV_v.01	3	Identification C	Conforms to monograph	MISSING				iCoA?
1	Supersede QCCoA 001 / 001 v.02	CoQ-PP-2026-0009	2026-02-03	OPM092501	P060042	Orange Punch Mimosa	1	QCCoA 001 v.02		T2	QCSP_001_OPM-IV_v.01	4	Assay — Total Δ9-THC	9.00 - 10.99 %	MISSING				OUTSOURCE
1	Supersede QCCoA 001 / 001 v.02	CoQ-PP-2026-0009	2026-02-03	OPM092501	P060042	Orange Punch Mimosa	1	QCCoA 001 v.02		T2	QCSP_001_OPM-IV_v.01	5	Assay — Total CBD	≤ 1.0 %, w/w	MISSING				OUTSOURCE
1	Supersede QCCoA 001 / 001 v.02	CoQ-PP-2026-0009	2026-02-03	OPM092501	P060042	Orange Punch Mimosa	1	QCCoA 001 v.02		T2	QCSP_001_OPM-IV_v.01	6	Total CBN	≤ 1.0 %, w/w	MISSING				OUTSOURCE
1	Supersede QCCoA 001 / 001 v.02	CoQ-PP-2026-0009	2026-02-03	OPM092501	P060042	Orange Punch Mimosa	1	QCCoA 001 v.02		T2	QCSP_001_OPM-IV_v.01	7	Foreign Matter	≤ 2.0 % / 25–50 g	MISSING				iCoA
1	Supersede QCCoA 001 / 001 v.02	CoQ-PP-2026-0009	2026-02-03	OPM092501	P060042	Orange Punch Mimosa	1	QCCoA 001 v.02		T2	QCSP_001_OPM-IV_v.01	8	Loss on Drying	≤ 12.0 %	MISSING				iCoA
1	Supersede QCCoA 001 / 001 v.02	CoQ-PP-2026-0009	2026-02-03	OPM092501	P060042	Orange Punch Mimosa	1	QCCoA 001 v.02		T2	QCSP_001_OPM-IV_v.01	9a	TAMC	≤ 10^5 CFU/g	OUTSOURCED	10 CFU/g	IJZ	2/0005/26	
1	Supersede QCCoA 001 / 001 v.02	CoQ-PP-2026-0009	2026-02-03	OPM092501	P060042	Orange Punch Mimosa	1	QCCoA 001 v.02		T2	QCSP_001_OPM-IV_v.01	9b	TYMC	≤ 10^4 CFU/g	OUTSOURCED	10 CFU/g	IJZ	2/0005/26	
1	Supersede QCCoA 001 / 001 v.02	CoQ-PP-2026-0009	2026-02-03	OPM092501	P060042	Orange Punch Mimosa	1	QCCoA 001 v.02		T2	QCSP_001_OPM-IV_v.01	9c	Bile-tolerant gram-neg.	≤ 10^4 CFU/g	OUTSOURCED	<10^2 и >10 CFU/g	IJZ	2/0005/26	
1	Supersede QCCoA 001 / 001 v.02	CoQ-PP-2026-0009	2026-02-03	OPM092501	P060042	Orange Punch Mimosa	1	QCCoA 001 v.02		T2	QCSP_001_OPM-IV_v.01	9d	Salmonella	Absence / 25 g	OUTSOURCED	Одговара	IJZ	2/0005/26	
1	Supersede QCCoA 001 / 001 v.02	CoQ-PP-2026-0009	2026-02-03	OPM092501	P060042	Orange Punch Mimosa	1	QCCoA 001 v.02		T2	QCSP_001_OPM-IV_v.01	9e	Escherichia coli	Absence / 1 g	OUTSOURCED	Одговара	IJZ	2/0005/26	
1	Supersede QCCoA 001 / 001 v.02	CoQ-PP-2026-0009	2026-02-03	OPM092501	P060042	Orange Punch Mimosa	1	QCCoA 001 v.02		T2	QCSP_001_OPM-IV_v.01	10a	Aflatoxin B1	≤ 2 µg/kg	NOT TESTED				OUTSOURCE
1	Supersede QCCoA 001 / 001 v.02	CoQ-PP-2026-0009	2026-02-03	OPM092501	P060042	Orange Punch Mimosa	1	QCCoA 001 v.02		T2	QCSP_001_OPM-IV_v.01	10b	Aflatoxins ∑ (B1+B2+G1+G2)	≤ 4 µg/kg	OUTSOURCED	2,2	IJZ	87/2026	
1	Supersede QCCoA 001 / 001 v.02	CoQ-PP-2026-0009	2026-02-03	OPM092501	P060042	Orange Punch Mimosa	1	QCCoA 001 v.02		T2	QCSP_001_OPM-IV_v.01	10c	Ochratoxin A	≤ 20 µg/kg	NOT TESTED				OUTSOURCE
1	Supersede QCCoA 001 / 001 v.02	CoQ-PP-2026-0009	2026-02-03	OPM092501	P060042	Orange Punch Mimosa	1	QCCoA 001 v.02		T2	QCSP_001_OPM-IV_v.01	11a	Lead (Pb)	≤ 0.5 mg/kg	OUTSOURCED	0,022	IJZ	87/2026	
1	Supersede QCCoA 001 / 001 v.02	CoQ-PP-2026-0009	2026-02-03	OPM092501	P060042	Orange Punch Mimosa	1	QCCoA 001 v.02		T2	QCSP_001_OPM-IV_v.01	11b	Cadmium (Cd)	≤ 0.3 mg/kg	OUTSOURCED	н.д.	IJZ	87/2026	
1	Supersede QCCoA 001 / 001 v.02	CoQ-PP-2026-0009	2026-02-03	OPM092501	P060042	Orange Punch Mimosa	1	QCCoA 001 v.02		T2	QCSP_001_OPM-IV_v.01	11c	Arsenic (As)	≤ 0.2 mg/kg	OUTSOURCED	н.д.	IJZ	87/2026	
1	Supersede QCCoA 001 / 001 v.02	CoQ-PP-2026-0009	2026-02-03	OPM092501	P060042	Orange Punch Mimosa	1	QCCoA 001 v.02		T2	QCSP_001_OPM-IV_v.01	11d	Mercury (Hg)	≤ 0.1 mg/kg	OUTSOURCED	н.д.	IJZ	87/2026	
1	Supersede QCCoA 001 / 001 v.02	CoQ-PP-2026-0009	2026-02-03	OPM092501	P060042	Orange Punch Mimosa	1	QCCoA 001 v.02		T2	QCSP_001_OPM-IV_v.01	12	Pesticide Residues	≤ LOQ per МКС EN 15662	OUTSOURCED	≤ LOQ (all 29 compounds)	IJZ	87/2026	
1	Supersede QCCoA 001 / 001 v.02	CoQ-PP-2026-0040	2026-08-10	CJ052501_01	P050162	Cap Junky	1	QCCoA 001		T1	QCSP_001_CJ-III_v.01	1	Identification A, Appearance	Conforms to monograph	HELD				ruling
1	Supersede QCCoA 001 / 001 v.02	CoQ-PP-2026-0040	2026-08-10	CJ052501_01	P050162	Cap Junky	1	QCCoA 001		T1	QCSP_001_CJ-III_v.01	2	Identification B	Conforms to monograph	HELD				ruling
1	Supersede QCCoA 001 / 001 v.02	CoQ-PP-2026-0040	2026-08-10	CJ052501_01	P050162	Cap Junky	1	QCCoA 001		T1	QCSP_001_CJ-III_v.01	3	Identification C	Conforms to monograph	HELD				ruling
1	Supersede QCCoA 001 / 001 v.02	CoQ-PP-2026-0040	2026-08-10	CJ052501_01	P050162	Cap Junky	1	QCCoA 001		T1	QCSP_001_CJ-III_v.01	4	Assay — Total Δ9-THC	21.60 - 26.39 %	OUTSOURCED	24.05	FARMAHEM		
1	Supersede QCCoA 001 / 001 v.02	CoQ-PP-2026-0040	2026-08-10	CJ052501_01	P050162	Cap Junky	1	QCCoA 001		T1	QCSP_001_CJ-III_v.01	5	Assay — Total CBD	≤ 1.0 %, w/w	OUTSOURCED	< LOQ	FARMAHEM		
1	Supersede QCCoA 001 / 001 v.02	CoQ-PP-2026-0040	2026-08-10	CJ052501_01	P050162	Cap Junky	1	QCCoA 001		T1	QCSP_001_CJ-III_v.01	6	Total CBN	≤ 1.0 %, w/w	OUTSOURCED	< LOQ	FARMAHEM		
1	Supersede QCCoA 001 / 001 v.02	CoQ-PP-2026-0040	2026-08-10	CJ052501_01	P050162	Cap Junky	1	QCCoA 001		T1	QCSP_001_CJ-III_v.01	7	Foreign Matter	≤ 2.0 % / 25–50 g	MISSING				iCoA
1	Supersede QCCoA 001 / 001 v.02	CoQ-PP-2026-0040	2026-08-10	CJ052501_01	P050162	Cap Junky	1	QCCoA 001		T1	QCSP_001_CJ-III_v.01	8	Loss on Drying	≤ 12.0 %	MISSING				iCoA
1	Supersede QCCoA 001 / 001 v.02	CoQ-PP-2026-0040	2026-08-10	CJ052501_01	P050162	Cap Junky	1	QCCoA 001		T1	QCSP_001_CJ-III_v.01	9a	TAMC	≤ 10^5 CFU/g	MISSING				OUTSOURCE
1	Supersede QCCoA 001 / 001 v.02	CoQ-PP-2026-0040	2026-08-10	CJ052501_01	P050162	Cap Junky	1	QCCoA 001		T1	QCSP_001_CJ-III_v.01	9b	TYMC	≤ 10^4 CFU/g	MISSING				OUTSOURCE
1	Supersede QCCoA 001 / 001 v.02	CoQ-PP-2026-0040	2026-08-10	CJ052501_01	P050162	Cap Junky	1	QCCoA 001		T1	QCSP_001_CJ-III_v.01	9c	Bile-tolerant gram-neg.	≤ 10^4 CFU/g	MISSING				OUTSOURCE
1	Supersede QCCoA 001 / 001 v.02	CoQ-PP-2026-0040	2026-08-10	CJ052501_01	P050162	Cap Junky	1	QCCoA 001		T1	QCSP_001_CJ-III_v.01	9d	Salmonella	Absence / 25 g	MISSING				OUTSOURCE
1	Supersede QCCoA 001 / 001 v.02	CoQ-PP-2026-0040	2026-08-10	CJ052501_01	P050162	Cap Junky	1	QCCoA 001		T1	QCSP_001_CJ-III_v.01	9e	Escherichia coli	Absence / 1 g	MISSING				OUTSOURCE
1	Supersede QCCoA 001 / 001 v.02	CoQ-PP-2026-0040	2026-08-10	CJ052501_01	P050162	Cap Junky	1	QCCoA 001		T1	QCSP_001_CJ-III_v.01	10a	Aflatoxin B1	≤ 2 µg/kg	OUTSOURCED	ND	FARMAHEM	197-3-М/26	
1	Supersede QCCoA 001 / 001 v.02	CoQ-PP-2026-0040	2026-08-10	CJ052501_01	P050162	Cap Junky	1	QCCoA 001		T1	QCSP_001_CJ-III_v.01	10b	Aflatoxins ∑ (B1+B2+G1+G2)	≤ 4 µg/kg	NOT TESTED				OUTSOURCE
1	Supersede QCCoA 001 / 001 v.02	CoQ-PP-2026-0040	2026-08-10	CJ052501_01	P050162	Cap Junky	1	QCCoA 001		T1	QCSP_001_CJ-III_v.01	10c	Ochratoxin A	≤ 20 µg/kg	OUTSOURCED	ND	FARMAHEM	197-3-М/26	
1	Supersede QCCoA 001 / 001 v.02	CoQ-PP-2026-0040	2026-08-10	CJ052501_01	P050162	Cap Junky	1	QCCoA 001		T1	QCSP_001_CJ-III_v.01	11a	Lead (Pb)	≤ 0.5 mg/kg	MISSING				OUTSOURCE
1	Supersede QCCoA 001 / 001 v.02	CoQ-PP-2026-0040	2026-08-10	CJ052501_01	P050162	Cap Junky	1	QCCoA 001		T1	QCSP_001_CJ-III_v.01	11b	Cadmium (Cd)	≤ 0.3 mg/kg	MISSING				OUTSOURCE
1	Supersede QCCoA 001 / 001 v.02	CoQ-PP-2026-0040	2026-08-10	CJ052501_01	P050162	Cap Junky	1	QCCoA 001		T1	QCSP_001_CJ-III_v.01	11c	Arsenic (As)	≤ 0.2 mg/kg	MISSING				OUTSOURCE
1	Supersede QCCoA 001 / 001 v.02	CoQ-PP-2026-0040	2026-08-10	CJ052501_01	P050162	Cap Junky	1	QCCoA 001		T1	QCSP_001_CJ-III_v.01	11d	Mercury (Hg)	≤ 0.1 mg/kg	MISSING				OUTSOURCE
1	Supersede QCCoA 001 / 001 v.02	CoQ-PP-2026-0040	2026-08-10	CJ052501_01	P050162	Cap Junky	1	QCCoA 001		T1	QCSP_001_CJ-III_v.01	12	Pesticide Residues	≤ LOQ per 2.8.13	MISSING				OUTSOURCE
1	Supersede QCCoA 001 / 001 v.02	CoQ-PP-2026-0041	2026-08-10	P050212		Cap Junky	1	QCCoA 001 v.02		—		1	Identification A, Appearance	Conforms to monograph	HELD				ruling
1	Supersede QCCoA 001 / 001 v.02	CoQ-PP-2026-0041	2026-08-10	P050212		Cap Junky	1	QCCoA 001 v.02		—		2	Identification B	Conforms to monograph	HELD				ruling
1	Supersede QCCoA 001 / 001 v.02	CoQ-PP-2026-0041	2026-08-10	P050212		Cap Junky	1	QCCoA 001 v.02		—		3	Identification C	Conforms to monograph	MISSING				iCoA?
1	Supersede QCCoA 001 / 001 v.02	CoQ-PP-2026-0041	2026-08-10	P050212		Cap Junky	1	QCCoA 001 v.02		—		4	Assay — Total Δ9-THC	NO MASTER ROW - criterion unknown	OUTSOURCED	18.91	FARMAHEM		
1	Supersede QCCoA 001 / 001 v.02	CoQ-PP-2026-0041	2026-08-10	P050212		Cap Junky	1	QCCoA 001 v.02		—		5	Assay — Total CBD	≤ 1.0 %, w/w	OUTSOURCED	< LOQ	FARMAHEM		
1	Supersede QCCoA 001 / 001 v.02	CoQ-PP-2026-0041	2026-08-10	P050212		Cap Junky	1	QCCoA 001 v.02		—		6	Total CBN	≤ 1.0 %, w/w	OUTSOURCED	< LOQ	FARMAHEM		
1	Supersede QCCoA 001 / 001 v.02	CoQ-PP-2026-0041	2026-08-10	P050212		Cap Junky	1	QCCoA 001 v.02		—		7	Foreign Matter	≤ 2.0 % / 25–50 g	MISSING				iCoA
1	Supersede QCCoA 001 / 001 v.02	CoQ-PP-2026-0041	2026-08-10	P050212		Cap Junky	1	QCCoA 001 v.02		—		8	Loss on Drying	≤ 12.0 %	MISSING				iCoA
1	Supersede QCCoA 001 / 001 v.02	CoQ-PP-2026-0041	2026-08-10	P050212		Cap Junky	1	QCCoA 001 v.02		—		9a	TAMC	≤ 10^5 CFU/g	MISSING				OUTSOURCE
1	Supersede QCCoA 001 / 001 v.02	CoQ-PP-2026-0041	2026-08-10	P050212		Cap Junky	1	QCCoA 001 v.02		—		9b	TYMC	≤ 10^4 CFU/g	MISSING				OUTSOURCE
1	Supersede QCCoA 001 / 001 v.02	CoQ-PP-2026-0041	2026-08-10	P050212		Cap Junky	1	QCCoA 001 v.02		—		9c	Bile-tolerant gram-neg.	≤ 10^4 CFU/g	MISSING				OUTSOURCE
1	Supersede QCCoA 001 / 001 v.02	CoQ-PP-2026-0041	2026-08-10	P050212		Cap Junky	1	QCCoA 001 v.02		—		9d	Salmonella	Absence / 25 g	MISSING				OUTSOURCE
1	Supersede QCCoA 001 / 001 v.02	CoQ-PP-2026-0041	2026-08-10	P050212		Cap Junky	1	QCCoA 001 v.02		—		9e	Escherichia coli	Absence / 1 g	MISSING				OUTSOURCE
1	Supersede QCCoA 001 / 001 v.02	CoQ-PP-2026-0041	2026-08-10	P050212		Cap Junky	1	QCCoA 001 v.02		—		10a	Aflatoxin B1	≤ 2 µg/kg	OUTSOURCED	ND	FARMAHEM	197-4-М/26	
1	Supersede QCCoA 001 / 001 v.02	CoQ-PP-2026-0041	2026-08-10	P050212		Cap Junky	1	QCCoA 001 v.02		—		10b	Aflatoxins ∑ (B1+B2+G1+G2)	≤ 4 µg/kg	NOT TESTED				OUTSOURCE
1	Supersede QCCoA 001 / 001 v.02	CoQ-PP-2026-0041	2026-08-10	P050212		Cap Junky	1	QCCoA 001 v.02		—		10c	Ochratoxin A	≤ 20 µg/kg	OUTSOURCED	ND	FARMAHEM	197-4-М/26	
1	Supersede QCCoA 001 / 001 v.02	CoQ-PP-2026-0041	2026-08-10	P050212		Cap Junky	1	QCCoA 001 v.02		—		11a	Lead (Pb)	≤ 0.5 mg/kg	MISSING				OUTSOURCE
1	Supersede QCCoA 001 / 001 v.02	CoQ-PP-2026-0041	2026-08-10	P050212		Cap Junky	1	QCCoA 001 v.02		—		11b	Cadmium (Cd)	≤ 0.3 mg/kg	MISSING				OUTSOURCE
1	Supersede QCCoA 001 / 001 v.02	CoQ-PP-2026-0041	2026-08-10	P050212		Cap Junky	1	QCCoA 001 v.02		—		11c	Arsenic (As)	≤ 0.2 mg/kg	MISSING				OUTSOURCE
1	Supersede QCCoA 001 / 001 v.02	CoQ-PP-2026-0041	2026-08-10	P050212		Cap Junky	1	QCCoA 001 v.02		—		11d	Mercury (Hg)	≤ 0.1 mg/kg	MISSING				OUTSOURCE
1	Supersede QCCoA 001 / 001 v.02	CoQ-PP-2026-0041	2026-08-10	P050212		Cap Junky	1	QCCoA 001 v.02		—		12	Pesticide Residues	≤ LOQ per 2.8.13	MISSING				OUTSOURCE
2	First-issue CoQ, remaining batches	CoQ-PP-2025-0005	2025-04-17	GP0824_01		Grape Pie	1			—		1	Identification A, Appearance	Conforms to monograph	MISSING				iCoA
2	First-issue CoQ, remaining batches	CoQ-PP-2025-0005	2025-04-17	GP0824_01		Grape Pie	1			—		2	Identification B	Conforms to monograph	MISSING				iCoA
2	First-issue CoQ, remaining batches	CoQ-PP-2025-0005	2025-04-17	GP0824_01		Grape Pie	1			—		3	Identification C	Conforms to monograph	MISSING				iCoA?
2	First-issue CoQ, remaining batches	CoQ-PP-2025-0005	2025-04-17	GP0824_01		Grape Pie	1			—		4	Assay — Total Δ9-THC	NO MASTER ROW - criterion unknown	OUTSOURCED	20.79	UKIM_CNP	ППК25105	
2	First-issue CoQ, remaining batches	CoQ-PP-2025-0005	2025-04-17	GP0824_01		Grape Pie	1			—		5	Assay — Total CBD	≤ 1.0 %, w/w	OUTSOURCED	0.06	UKIM_CNP	ППК25105	
2	First-issue CoQ, remaining batches	CoQ-PP-2025-0005	2025-04-17	GP0824_01		Grape Pie	1			—		6	Total CBN	≤ 1.0 %, w/w	MISSING				OUTSOURCE
2	First-issue CoQ, remaining batches	CoQ-PP-2025-0005	2025-04-17	GP0824_01		Grape Pie	1			—		7	Foreign Matter	≤ 2.0 % / 25–50 g	MISSING				iCoA
2	First-issue CoQ, remaining batches	CoQ-PP-2025-0005	2025-04-17	GP0824_01		Grape Pie	1			—		8	Loss on Drying	≤ 12.0 %	OUTSOURCED	6.73	UKIM_CNP	ППК25105	
2	First-issue CoQ, remaining batches	CoQ-PP-2025-0005	2025-04-17	GP0824_01		Grape Pie	1			—		9a	TAMC	≤ 10^5 CFU/g	OUTSOURCED	5,2 x 10³ CFU/g	IJZ	319/0586/25	
2	First-issue CoQ, remaining batches	CoQ-PP-2025-0005	2025-04-17	GP0824_01		Grape Pie	1			—		9b	TYMC	≤ 10^4 CFU/g	OUTSOURCED	8,8 x 10³ CFU/g	IJZ	319/0586/25	
2	First-issue CoQ, remaining batches	CoQ-PP-2025-0005	2025-04-17	GP0824_01		Grape Pie	1			—		9c	Bile-tolerant gram-neg.	≤ 10^4 CFU/g	OUTSOURCED	< 10 CFU/g	IJZ	319/0586/25	
2	First-issue CoQ, remaining batches	CoQ-PP-2025-0005	2025-04-17	GP0824_01		Grape Pie	1			—		9d	Salmonella	Absence / 25 g	OUTSOURCED	Одговара	IJZ	319/0586/25	
2	First-issue CoQ, remaining batches	CoQ-PP-2025-0005	2025-04-17	GP0824_01		Grape Pie	1			—		9e	Escherichia coli	Absence / 1 g	OUTSOURCED	Одговара	IJZ	319/0586/25	
2	First-issue CoQ, remaining batches	CoQ-PP-2025-0005	2025-04-17	GP0824_01		Grape Pie	1			—		10a	Aflatoxin B1	≤ 2 µg/kg	NOT TESTED				OUTSOURCE
2	First-issue CoQ, remaining batches	CoQ-PP-2025-0005	2025-04-17	GP0824_01		Grape Pie	1			—		10b	Aflatoxins ∑ (B1+B2+G1+G2)	≤ 4 µg/kg	OUTSOURCED	< 2	IJZ	1767/2025	
2	First-issue CoQ, remaining batches	CoQ-PP-2025-0005	2025-04-17	GP0824_01		Grape Pie	1			—		10c	Ochratoxin A	≤ 20 µg/kg	NOT TESTED				OUTSOURCE
2	First-issue CoQ, remaining batches	CoQ-PP-2025-0005	2025-04-17	GP0824_01		Grape Pie	1			—		11a	Lead (Pb)	≤ 0.5 mg/kg	OUTSOURCED	0,026	IJZ	1767/2025	
2	First-issue CoQ, remaining batches	CoQ-PP-2025-0005	2025-04-17	GP0824_01		Grape Pie	1			—		11b	Cadmium (Cd)	≤ 0.3 mg/kg	OUTSOURCED	0,005	IJZ	1767/2025	
2	First-issue CoQ, remaining batches	CoQ-PP-2025-0005	2025-04-17	GP0824_01		Grape Pie	1			—		11c	Arsenic (As)	≤ 0.2 mg/kg	OUTSOURCED	0,015	IJZ	1767/2025	
2	First-issue CoQ, remaining batches	CoQ-PP-2025-0005	2025-04-17	GP0824_01		Grape Pie	1			—		11d	Mercury (Hg)	≤ 0.1 mg/kg	OUTSOURCED	0,005	IJZ	1767/2025	
2	First-issue CoQ, remaining batches	CoQ-PP-2025-0005	2025-04-17	GP0824_01		Grape Pie	1			—		12	Pesticide Residues	≤ LOQ per МКС EN 15662	OUTSOURCED	≤ LOQ (all 27 compounds)	IJZ	1767/2025	
2	First-issue CoQ, remaining batches	CoQ-PP-2025-0006	2025-04-23	GG1024	GG1024	Gorilla Glue	1			T2	QCSP_001_GG-II_v.01	1	Identification A, Appearance	Conforms to monograph	IN-HOUSE	Confirms	PP		
2	First-issue CoQ, remaining batches	CoQ-PP-2025-0006	2025-04-23	GG1024	GG1024	Gorilla Glue	1			T2	QCSP_001_GG-II_v.01	2	Identification B	Conforms to monograph	MISSING				iCoA
2	First-issue CoQ, remaining batches	CoQ-PP-2025-0006	2025-04-23	GG1024	GG1024	Gorilla Glue	1			T2	QCSP_001_GG-II_v.01	3	Identification C	Conforms to monograph	IN-HOUSE	Confirms	PP		
2	First-issue CoQ, remaining batches	CoQ-PP-2025-0006	2025-04-23	GG1024	GG1024	Gorilla Glue	1			T2	QCSP_001_GG-II_v.01	4	Assay — Total Δ9-THC	14.40 - 17.59 %	IN-HOUSE	13.34 %	PP		
2	First-issue CoQ, remaining batches	CoQ-PP-2025-0006	2025-04-23	GG1024	GG1024	Gorilla Glue	1			T2	QCSP_001_GG-II_v.01	5	Assay — Total CBD	≤ 1.0 %, w/w	IN-HOUSE	0.03 %	PP		
2	First-issue CoQ, remaining batches	CoQ-PP-2025-0006	2025-04-23	GG1024	GG1024	Gorilla Glue	1			T2	QCSP_001_GG-II_v.01	6	Total CBN	≤ 1.0 %, w/w	MISSING				OUTSOURCE
2	First-issue CoQ, remaining batches	CoQ-PP-2025-0006	2025-04-23	GG1024	GG1024	Gorilla Glue	1			T2	QCSP_001_GG-II_v.01	7	Foreign Matter	≤ 2.0 % / 25–50 g	IN-HOUSE	Confirms	PP		
2	First-issue CoQ, remaining batches	CoQ-PP-2025-0006	2025-04-23	GG1024	GG1024	Gorilla Glue	1			T2	QCSP_001_GG-II_v.01	8	Loss on Drying	≤ 12.0 %	MISSING				iCoA
2	First-issue CoQ, remaining batches	CoQ-PP-2025-0006	2025-04-23	GG1024	GG1024	Gorilla Glue	1			T2	QCSP_001_GG-II_v.01	9a	TAMC	≤ 10^5 CFU/g	IN-HOUSE	1.1·10^4 CFU/g	PP		
2	First-issue CoQ, remaining batches	CoQ-PP-2025-0006	2025-04-23	GG1024	GG1024	Gorilla Glue	1			T2	QCSP_001_GG-II_v.01	9b	TYMC	≤ 10^4 CFU/g	IN-HOUSE	<10 CFU/g	PP		
2	First-issue CoQ, remaining batches	CoQ-PP-2025-0006	2025-04-23	GG1024	GG1024	Gorilla Glue	1			T2	QCSP_001_GG-II_v.01	9c	Bile-tolerant gram-neg.	≤ 10^4 CFU/g	IN-HOUSE	<10^2>10 CFU/g	PP		
2	First-issue CoQ, remaining batches	CoQ-PP-2025-0006	2025-04-23	GG1024	GG1024	Gorilla Glue	1			T2	QCSP_001_GG-II_v.01	9d	Salmonella	Absence / 25 g	IN-HOUSE	Absent	PP		
2	First-issue CoQ, remaining batches	CoQ-PP-2025-0006	2025-04-23	GG1024	GG1024	Gorilla Glue	1			T2	QCSP_001_GG-II_v.01	9e	Escherichia coli	Absence / 1 g	IN-HOUSE	Absent	PP		
2	First-issue CoQ, remaining batches	CoQ-PP-2025-0006	2025-04-23	GG1024	GG1024	Gorilla Glue	1			T2	QCSP_001_GG-II_v.01	10a	Aflatoxin B1	≤ 2 µg/kg	NOT TESTED				OUTSOURCE
2	First-issue CoQ, remaining batches	CoQ-PP-2025-0006	2025-04-23	GG1024	GG1024	Gorilla Glue	1			T2	QCSP_001_GG-II_v.01	10b	Aflatoxins ∑ (B1+B2+G1+G2)	≤ 4 µg/kg	IN-HOUSE	< 2 μg/kg	PP		
2	First-issue CoQ, remaining batches	CoQ-PP-2025-0006	2025-04-23	GG1024	GG1024	Gorilla Glue	1			T2	QCSP_001_GG-II_v.01	10c	Ochratoxin A	≤ 20 µg/kg	NOT TESTED				OUTSOURCE
2	First-issue CoQ, remaining batches	CoQ-PP-2025-0006	2025-04-23	GG1024	GG1024	Gorilla Glue	1			T2	QCSP_001_GG-II_v.01	11a	Lead (Pb)	≤ 0.5 mg/kg	IN-HOUSE	0.052 mg/kg	PP		
2	First-issue CoQ, remaining batches	CoQ-PP-2025-0006	2025-04-23	GG1024	GG1024	Gorilla Glue	1			T2	QCSP_001_GG-II_v.01	11b	Cadmium (Cd)	≤ 0.3 mg/kg	IN-HOUSE	0.016 mg/kg	PP		
2	First-issue CoQ, remaining batches	CoQ-PP-2025-0006	2025-04-23	GG1024	GG1024	Gorilla Glue	1			T2	QCSP_001_GG-II_v.01	11c	Arsenic (As)	≤ 0.2 mg/kg	IN-HOUSE	0.04 mg/kg	PP		
2	First-issue CoQ, remaining batches	CoQ-PP-2025-0006	2025-04-23	GG1024	GG1024	Gorilla Glue	1			T2	QCSP_001_GG-II_v.01	11d	Mercury (Hg)	≤ 0.1 mg/kg	IN-HOUSE	0.004 mg/kg	PP		
2	First-issue CoQ, remaining batches	CoQ-PP-2025-0006	2025-04-23	GG1024	GG1024	Gorilla Glue	1			T2	QCSP_001_GG-II_v.01	12	Pesticide Residues	≤ LOQ per 2.8.13	HELD				ruling
2	First-issue CoQ, remaining batches	CoQ-PP-2025-0007	2025-04-23	HPA1024	HPA1024	High Pro Amnesia	1			T1	QCSP_001_HPA-III_v.01	1	Identification A, Appearance	Conforms to monograph	IN-HOUSE	Confirms	PP		
2	First-issue CoQ, remaining batches	CoQ-PP-2025-0007	2025-04-23	HPA1024	HPA1024	High Pro Amnesia	1			T1	QCSP_001_HPA-III_v.01	2	Identification B	Conforms to monograph	MISSING				iCoA
2	First-issue CoQ, remaining batches	CoQ-PP-2025-0007	2025-04-23	HPA1024	HPA1024	High Pro Amnesia	1			T1	QCSP_001_HPA-III_v.01	3	Identification C	Conforms to monograph	IN-HOUSE	Confirms	PP		
2	First-issue CoQ, remaining batches	CoQ-PP-2025-0007	2025-04-23	HPA1024	HPA1024	High Pro Amnesia	1			T1	QCSP_001_HPA-III_v.01	4	Assay — Total Δ9-THC	16.20 - 19.79 %	IN-HOUSE	14.97%	PP		
2	First-issue CoQ, remaining batches	CoQ-PP-2025-0007	2025-04-23	HPA1024	HPA1024	High Pro Amnesia	1			T1	QCSP_001_HPA-III_v.01	5	Assay — Total CBD	≤ 1.0 %, w/w	IN-HOUSE	0.04%	PP		
2	First-issue CoQ, remaining batches	CoQ-PP-2025-0007	2025-04-23	HPA1024	HPA1024	High Pro Amnesia	1			T1	QCSP_001_HPA-III_v.01	6	Total CBN	≤ 1.0 %, w/w	MISSING				OUTSOURCE
2	First-issue CoQ, remaining batches	CoQ-PP-2025-0007	2025-04-23	HPA1024	HPA1024	High Pro Amnesia	1			T1	QCSP_001_HPA-III_v.01	7	Foreign Matter	≤ 2.0 % / 25–50 g	IN-HOUSE	Confirms	PP		
2	First-issue CoQ, remaining batches	CoQ-PP-2025-0007	2025-04-23	HPA1024	HPA1024	High Pro Amnesia	1			T1	QCSP_001_HPA-III_v.01	8	Loss on Drying	≤ 12.0 %	MISSING				iCoA
2	First-issue CoQ, remaining batches	CoQ-PP-2025-0007	2025-04-23	HPA1024	HPA1024	High Pro Amnesia	1			T1	QCSP_001_HPA-III_v.01	9a	TAMC	≤ 10^5 CFU/g	IN-HOUSE	5.2·10^4 CFU/g	PP		
2	First-issue CoQ, remaining batches	CoQ-PP-2025-0007	2025-04-23	HPA1024	HPA1024	High Pro Amnesia	1			T1	QCSP_001_HPA-III_v.01	9b	TYMC	≤ 10^4 CFU/g	IN-HOUSE	7·10^2 CFU/g	PP		
2	First-issue CoQ, remaining batches	CoQ-PP-2025-0007	2025-04-23	HPA1024	HPA1024	High Pro Amnesia	1			T1	QCSP_001_HPA-III_v.01	9c	Bile-tolerant gram-neg.	≤ 10^4 CFU/g	IN-HOUSE	<10 CFU/g	PP		
2	First-issue CoQ, remaining batches	CoQ-PP-2025-0007	2025-04-23	HPA1024	HPA1024	High Pro Amnesia	1			T1	QCSP_001_HPA-III_v.01	9d	Salmonella	Absence / 25 g	IN-HOUSE	Absent	PP		
2	First-issue CoQ, remaining batches	CoQ-PP-2025-0007	2025-04-23	HPA1024	HPA1024	High Pro Amnesia	1			T1	QCSP_001_HPA-III_v.01	9e	Escherichia coli	Absence / 1 g	IN-HOUSE	Absent	PP		
2	First-issue CoQ, remaining batches	CoQ-PP-2025-0007	2025-04-23	HPA1024	HPA1024	High Pro Amnesia	1			T1	QCSP_001_HPA-III_v.01	10a	Aflatoxin B1	≤ 2 µg/kg	NOT TESTED				OUTSOURCE
2	First-issue CoQ, remaining batches	CoQ-PP-2025-0007	2025-04-23	HPA1024	HPA1024	High Pro Amnesia	1			T1	QCSP_001_HPA-III_v.01	10b	Aflatoxins ∑ (B1+B2+G1+G2)	≤ 4 µg/kg	IN-HOUSE	< 2 μg/kg	PP		
2	First-issue CoQ, remaining batches	CoQ-PP-2025-0007	2025-04-23	HPA1024	HPA1024	High Pro Amnesia	1			T1	QCSP_001_HPA-III_v.01	10c	Ochratoxin A	≤ 20 µg/kg	NOT TESTED				OUTSOURCE
2	First-issue CoQ, remaining batches	CoQ-PP-2025-0007	2025-04-23	HPA1024	HPA1024	High Pro Amnesia	1			T1	QCSP_001_HPA-III_v.01	11a	Lead (Pb)	≤ 0.5 mg/kg	IN-HOUSE	0.02 mg/kg	PP		
2	First-issue CoQ, remaining batches	CoQ-PP-2025-0007	2025-04-23	HPA1024	HPA1024	High Pro Amnesia	1			T1	QCSP_001_HPA-III_v.01	11b	Cadmium (Cd)	≤ 0.3 mg/kg	IN-HOUSE	0.013 mg/kg	PP		
2	First-issue CoQ, remaining batches	CoQ-PP-2025-0007	2025-04-23	HPA1024	HPA1024	High Pro Amnesia	1			T1	QCSP_001_HPA-III_v.01	11c	Arsenic (As)	≤ 0.2 mg/kg	IN-HOUSE	0.017 mg/kg	PP		
2	First-issue CoQ, remaining batches	CoQ-PP-2025-0007	2025-04-23	HPA1024	HPA1024	High Pro Amnesia	1			T1	QCSP_001_HPA-III_v.01	11d	Mercury (Hg)	≤ 0.1 mg/kg	IN-HOUSE	0.0026 mg/kg	PP		
2	First-issue CoQ, remaining batches	CoQ-PP-2025-0007	2025-04-23	HPA1024	HPA1024	High Pro Amnesia	1			T1	QCSP_001_HPA-III_v.01	12	Pesticide Residues	≤ LOQ per Ph. Eur. 2.8.13	IN-HOUSE	≤ LOQ (all 9 compounds)	PP		
2	First-issue CoQ, remaining batches	CoQ-PP-2025-0008	2025-04-23	OPM1024	OPM1024	Orange Punch Mimosa	1			T1	QCSP_001_OPM-I_v.01	1	Identification A, Appearance	Conforms to monograph	IN-HOUSE	Confirms	PP		
2	First-issue CoQ, remaining batches	CoQ-PP-2025-0008	2025-04-23	OPM1024	OPM1024	Orange Punch Mimosa	1			T1	QCSP_001_OPM-I_v.01	2	Identification B	Conforms to monograph	MISSING				iCoA
2	First-issue CoQ, remaining batches	CoQ-PP-2025-0008	2025-04-23	OPM1024	OPM1024	Orange Punch Mimosa	1			T1	QCSP_001_OPM-I_v.01	3	Identification C	Conforms to monograph	IN-HOUSE	Confirms	PP		
2	First-issue CoQ, remaining batches	CoQ-PP-2025-0008	2025-04-23	OPM1024	OPM1024	Orange Punch Mimosa	1			T1	QCSP_001_OPM-I_v.01	4	Assay — Total Δ9-THC	19.80 - 24.19 %	IN-HOUSE	19.96%	PP		
2	First-issue CoQ, remaining batches	CoQ-PP-2025-0008	2025-04-23	OPM1024	OPM1024	Orange Punch Mimosa	1			T1	QCSP_001_OPM-I_v.01	5	Assay — Total CBD	≤ 1.0 %, w/w	IN-HOUSE	0.05%	PP		
2	First-issue CoQ, remaining batches	CoQ-PP-2025-0008	2025-04-23	OPM1024	OPM1024	Orange Punch Mimosa	1			T1	QCSP_001_OPM-I_v.01	6	Total CBN	≤ 1.0 %, w/w	MISSING				OUTSOURCE
2	First-issue CoQ, remaining batches	CoQ-PP-2025-0008	2025-04-23	OPM1024	OPM1024	Orange Punch Mimosa	1			T1	QCSP_001_OPM-I_v.01	7	Foreign Matter	≤ 2.0 % / 25–50 g	IN-HOUSE	Confirms	PP		
2	First-issue CoQ, remaining batches	CoQ-PP-2025-0008	2025-04-23	OPM1024	OPM1024	Orange Punch Mimosa	1			T1	QCSP_001_OPM-I_v.01	8	Loss on Drying	≤ 12.0 %	MISSING				iCoA
2	First-issue CoQ, remaining batches	CoQ-PP-2025-0008	2025-04-23	OPM1024	OPM1024	Orange Punch Mimosa	1			T1	QCSP_001_OPM-I_v.01	9a	TAMC	≤ 10^5 CFU/g	IN-HOUSE	1.3·10^4 CFU/g	PP		
2	First-issue CoQ, remaining batches	CoQ-PP-2025-0008	2025-04-23	OPM1024	OPM1024	Orange Punch Mimosa	1			T1	QCSP_001_OPM-I_v.01	9b	TYMC	≤ 10^4 CFU/g	IN-HOUSE	7·10^2 CFU/g	PP		
2	First-issue CoQ, remaining batches	CoQ-PP-2025-0008	2025-04-23	OPM1024	OPM1024	Orange Punch Mimosa	1			T1	QCSP_001_OPM-I_v.01	9c	Bile-tolerant gram-neg.	≤ 10^4 CFU/g	HELD				ruling
2	First-issue CoQ, remaining batches	CoQ-PP-2025-0008	2025-04-23	OPM1024	OPM1024	Orange Punch Mimosa	1			T1	QCSP_001_OPM-I_v.01	9d	Salmonella	Absence / 25 g	IN-HOUSE	Absent	PP		
2	First-issue CoQ, remaining batches	CoQ-PP-2025-0008	2025-04-23	OPM1024	OPM1024	Orange Punch Mimosa	1			T1	QCSP_001_OPM-I_v.01	9e	Escherichia coli	Absence / 1 g	IN-HOUSE	Absent	PP		
2	First-issue CoQ, remaining batches	CoQ-PP-2025-0008	2025-04-23	OPM1024	OPM1024	Orange Punch Mimosa	1			T1	QCSP_001_OPM-I_v.01	10a	Aflatoxin B1	≤ 2 µg/kg	NOT TESTED				OUTSOURCE
2	First-issue CoQ, remaining batches	CoQ-PP-2025-0008	2025-04-23	OPM1024	OPM1024	Orange Punch Mimosa	1			T1	QCSP_001_OPM-I_v.01	10b	Aflatoxins ∑ (B1+B2+G1+G2)	≤ 4 µg/kg	IN-HOUSE	< 2 µg/kg	PP		
2	First-issue CoQ, remaining batches	CoQ-PP-2025-0008	2025-04-23	OPM1024	OPM1024	Orange Punch Mimosa	1			T1	QCSP_001_OPM-I_v.01	10c	Ochratoxin A	≤ 20 µg/kg	NOT TESTED				OUTSOURCE
2	First-issue CoQ, remaining batches	CoQ-PP-2025-0008	2025-04-23	OPM1024	OPM1024	Orange Punch Mimosa	1			T1	QCSP_001_OPM-I_v.01	11a	Lead (Pb)	≤ 0.5 mg/kg	IN-HOUSE	0.031 mg/kg	PP		
2	First-issue CoQ, remaining batches	CoQ-PP-2025-0008	2025-04-23	OPM1024	OPM1024	Orange Punch Mimosa	1			T1	QCSP_001_OPM-I_v.01	11b	Cadmium (Cd)	≤ 0.3 mg/kg	IN-HOUSE	0.017 mg/kg	PP		
2	First-issue CoQ, remaining batches	CoQ-PP-2025-0008	2025-04-23	OPM1024	OPM1024	Orange Punch Mimosa	1			T1	QCSP_001_OPM-I_v.01	11c	Arsenic (As)	≤ 0.2 mg/kg	IN-HOUSE	0.045 mg/kg	PP		
2	First-issue CoQ, remaining batches	CoQ-PP-2025-0008	2025-04-23	OPM1024	OPM1024	Orange Punch Mimosa	1			T1	QCSP_001_OPM-I_v.01	11d	Mercury (Hg)	≤ 0.1 mg/kg	IN-HOUSE	0.005 mg/kg	PP		
2	First-issue CoQ, remaining batches	CoQ-PP-2025-0008	2025-04-23	OPM1024	OPM1024	Orange Punch Mimosa	1			T1	QCSP_001_OPM-I_v.01	12	Pesticide Residues	≤ LOQ per 2.8.13	HELD				ruling
2	First-issue CoQ, remaining batches	CoQ-PP-2025-0010	2025-05-30	GG1024_02		Gorilla Glue	1			—		1	Identification A, Appearance	Conforms to monograph	MISSING				iCoA
2	First-issue CoQ, remaining batches	CoQ-PP-2025-0010	2025-05-30	GG1024_02		Gorilla Glue	1			—		2	Identification B	Conforms to monograph	MISSING				iCoA
2	First-issue CoQ, remaining batches	CoQ-PP-2025-0010	2025-05-30	GG1024_02		Gorilla Glue	1			—		3	Identification C	Conforms to monograph	MISSING				iCoA?
2	First-issue CoQ, remaining batches	CoQ-PP-2025-0010	2025-05-30	GG1024_02		Gorilla Glue	1			—		4	Assay — Total Δ9-THC	NO MASTER ROW - criterion unknown	MISSING				OUTSOURCE
2	First-issue CoQ, remaining batches	CoQ-PP-2025-0010	2025-05-30	GG1024_02		Gorilla Glue	1			—		5	Assay — Total CBD	≤ 1.0 %, w/w	MISSING				OUTSOURCE
2	First-issue CoQ, remaining batches	CoQ-PP-2025-0010	2025-05-30	GG1024_02		Gorilla Glue	1			—		6	Total CBN	≤ 1.0 %, w/w	MISSING				OUTSOURCE
2	First-issue CoQ, remaining batches	CoQ-PP-2025-0010	2025-05-30	GG1024_02		Gorilla Glue	1			—		7	Foreign Matter	≤ 2.0 % / 25–50 g	MISSING				iCoA
2	First-issue CoQ, remaining batches	CoQ-PP-2025-0010	2025-05-30	GG1024_02		Gorilla Glue	1			—		8	Loss on Drying	≤ 12.0 %	MISSING				iCoA
2	First-issue CoQ, remaining batches	CoQ-PP-2025-0010	2025-05-30	GG1024_02		Gorilla Glue	1			—		9a	TAMC	≤ 10^5 CFU/g	OUTSOURCED	2,1 x 10⁴ CFU/g	IJZ	472/0863/25	
2	First-issue CoQ, remaining batches	CoQ-PP-2025-0010	2025-05-30	GG1024_02		Gorilla Glue	1			—		9b	TYMC	≤ 10^4 CFU/g	OUTSOURCED	1,9 x 10⁴ CFU/g	IJZ	472/0863/25	
2	First-issue CoQ, remaining batches	CoQ-PP-2025-0010	2025-05-30	GG1024_02		Gorilla Glue	1			—		9c	Bile-tolerant gram-neg.	≤ 10^4 CFU/g	OUTSOURCED	< 10 CFU/g	IJZ	472/0863/25	
2	First-issue CoQ, remaining batches	CoQ-PP-2025-0010	2025-05-30	GG1024_02		Gorilla Glue	1			—		9d	Salmonella	Absence / 25 g	OUTSOURCED	Одговара	IJZ	472/0863/25	
2	First-issue CoQ, remaining batches	CoQ-PP-2025-0010	2025-05-30	GG1024_02		Gorilla Glue	1			—		9e	Escherichia coli	Absence / 1 g	OUTSOURCED	Одговара	IJZ	472/0863/25	
2	First-issue CoQ, remaining batches	CoQ-PP-2025-0010	2025-05-30	GG1024_02		Gorilla Glue	1			—		10a	Aflatoxin B1	≤ 2 µg/kg	NOT TESTED				OUTSOURCE
2	First-issue CoQ, remaining batches	CoQ-PP-2025-0010	2025-05-30	GG1024_02		Gorilla Glue	1			—		10b	Aflatoxins ∑ (B1+B2+G1+G2)	≤ 4 µg/kg	OUTSOURCED	< 2	IJZ	2472/2025	
2	First-issue CoQ, remaining batches	CoQ-PP-2025-0010	2025-05-30	GG1024_02		Gorilla Glue	1			—		10c	Ochratoxin A	≤ 20 µg/kg	NOT TESTED				OUTSOURCE
2	First-issue CoQ, remaining batches	CoQ-PP-2025-0010	2025-05-30	GG1024_02		Gorilla Glue	1			—		11a	Lead (Pb)	≤ 0.5 mg/kg	OUTSOURCED	Н.д.	IJZ	2472/2025	
2	First-issue CoQ, remaining batches	CoQ-PP-2025-0010	2025-05-30	GG1024_02		Gorilla Glue	1			—		11b	Cadmium (Cd)	≤ 0.3 mg/kg	OUTSOURCED	Н.д.	IJZ	2472/2025	
2	First-issue CoQ, remaining batches	CoQ-PP-2025-0010	2025-05-30	GG1024_02		Gorilla Glue	1			—		11c	Arsenic (As)	≤ 0.2 mg/kg	OUTSOURCED	Н.д.	IJZ	2472/2025	
2	First-issue CoQ, remaining batches	CoQ-PP-2025-0010	2025-05-30	GG1024_02		Gorilla Glue	1			—		11d	Mercury (Hg)	≤ 0.1 mg/kg	OUTSOURCED	Н.д.	IJZ	2472/2025	
2	First-issue CoQ, remaining batches	CoQ-PP-2025-0010	2025-05-30	GG1024_02		Gorilla Glue	1			—		12	Pesticide Residues	≤ LOQ per МКС EN 15662	OUTSOURCED	≤ LOQ (all 26 compounds)	IJZ	2472/2025	
2	First-issue CoQ, remaining batches	CoQ-PP-2025-0015	2025-07-10	BSS1024_01		Blue Sunset Sherbet	1			—		1	Identification A, Appearance	Conforms to monograph	MISSING				iCoA
2	First-issue CoQ, remaining batches	CoQ-PP-2025-0015	2025-07-10	BSS1024_01		Blue Sunset Sherbet	1			—		2	Identification B	Conforms to monograph	MISSING				iCoA
2	First-issue CoQ, remaining batches	CoQ-PP-2025-0015	2025-07-10	BSS1024_01		Blue Sunset Sherbet	1			—		3	Identification C	Conforms to monograph	MISSING				iCoA?
2	First-issue CoQ, remaining batches	CoQ-PP-2025-0015	2025-07-10	BSS1024_01		Blue Sunset Sherbet	1			—		4	Assay — Total Δ9-THC	NO MASTER ROW - criterion unknown	OUTSOURCED	23.42	UKIM_CNP	ППК25176	
2	First-issue CoQ, remaining batches	CoQ-PP-2025-0015	2025-07-10	BSS1024_01		Blue Sunset Sherbet	1			—		5	Assay — Total CBD	≤ 1.0 %, w/w	OUTSOURCED	0.06	UKIM_CNP	ППК25176	
2	First-issue CoQ, remaining batches	CoQ-PP-2025-0015	2025-07-10	BSS1024_01		Blue Sunset Sherbet	1			—		6	Total CBN	≤ 1.0 %, w/w	MISSING				OUTSOURCE
2	First-issue CoQ, remaining batches	CoQ-PP-2025-0015	2025-07-10	BSS1024_01		Blue Sunset Sherbet	1			—		7	Foreign Matter	≤ 2.0 % / 25–50 g	MISSING				iCoA
2	First-issue CoQ, remaining batches	CoQ-PP-2025-0015	2025-07-10	BSS1024_01		Blue Sunset Sherbet	1			—		8	Loss on Drying	≤ 12.0 %	OUTSOURCED	6.38	UKIM_CNP	ППК25176	
2	First-issue CoQ, remaining batches	CoQ-PP-2025-0015	2025-07-10	BSS1024_01		Blue Sunset Sherbet	1			—		9a	TAMC	≤ 10^5 CFU/g	OUTSOURCED	< 10 CFU/g	IJZ	626/1127/25	
2	First-issue CoQ, remaining batches	CoQ-PP-2025-0015	2025-07-10	BSS1024_01		Blue Sunset Sherbet	1			—		9b	TYMC	≤ 10^4 CFU/g	OUTSOURCED	< 10 CFU/g	IJZ	626/1127/25	
2	First-issue CoQ, remaining batches	CoQ-PP-2025-0015	2025-07-10	BSS1024_01		Blue Sunset Sherbet	1			—		9c	Bile-tolerant gram-neg.	≤ 10^4 CFU/g	OUTSOURCED	< 10 CFU/g	IJZ	626/1127/25	
2	First-issue CoQ, remaining batches	CoQ-PP-2025-0015	2025-07-10	BSS1024_01		Blue Sunset Sherbet	1			—		9d	Salmonella	Absence / 25 g	OUTSOURCED	Одговара	IJZ	626/1127/25	
2	First-issue CoQ, remaining batches	CoQ-PP-2025-0015	2025-07-10	BSS1024_01		Blue Sunset Sherbet	1			—		9e	Escherichia coli	Absence / 1 g	OUTSOURCED	Одговара	IJZ	626/1127/25	
2	First-issue CoQ, remaining batches	CoQ-PP-2025-0015	2025-07-10	BSS1024_01		Blue Sunset Sherbet	1			—		10a	Aflatoxin B1	≤ 2 µg/kg	NOT TESTED				OUTSOURCE
2	First-issue CoQ, remaining batches	CoQ-PP-2025-0015	2025-07-10	BSS1024_01		Blue Sunset Sherbet	1			—		10b	Aflatoxins ∑ (B1+B2+G1+G2)	≤ 4 µg/kg	OUTSOURCED	< 2	IJZ	3177/2025	
2	First-issue CoQ, remaining batches	CoQ-PP-2025-0015	2025-07-10	BSS1024_01		Blue Sunset Sherbet	1			—		10c	Ochratoxin A	≤ 20 µg/kg	NOT TESTED				OUTSOURCE
2	First-issue CoQ, remaining batches	CoQ-PP-2025-0015	2025-07-10	BSS1024_01		Blue Sunset Sherbet	1			—		11a	Lead (Pb)	≤ 0.5 mg/kg	OUTSOURCED	Н.Д.	IJZ	3177/2025	
2	First-issue CoQ, remaining batches	CoQ-PP-2025-0015	2025-07-10	BSS1024_01		Blue Sunset Sherbet	1			—		11b	Cadmium (Cd)	≤ 0.3 mg/kg	OUTSOURCED	Н.Д.	IJZ	3177/2025	
2	First-issue CoQ, remaining batches	CoQ-PP-2025-0015	2025-07-10	BSS1024_01		Blue Sunset Sherbet	1			—		11c	Arsenic (As)	≤ 0.2 mg/kg	OUTSOURCED	0,112	IJZ	3177/2025	
2	First-issue CoQ, remaining batches	CoQ-PP-2025-0015	2025-07-10	BSS1024_01		Blue Sunset Sherbet	1			—		11d	Mercury (Hg)	≤ 0.1 mg/kg	OUTSOURCED	Н.Д.	IJZ	3177/2025	
2	First-issue CoQ, remaining batches	CoQ-PP-2025-0015	2025-07-10	BSS1024_01		Blue Sunset Sherbet	1			—		12	Pesticide Residues	≤ LOQ per МКС EN 15662	OUTSOURCED	≤ LOQ (all 27 compounds)	IJZ	3177/2025	
2	First-issue CoQ, remaining batches	CoQ-PP-2025-0018	2025-09-17	CJ052501_1		Cap Junky	1			—		1	Identification A, Appearance	Conforms to monograph	MISSING				iCoA
2	First-issue CoQ, remaining batches	CoQ-PP-2025-0018	2025-09-17	CJ052501_1		Cap Junky	1			—		2	Identification B	Conforms to monograph	MISSING				iCoA
2	First-issue CoQ, remaining batches	CoQ-PP-2025-0018	2025-09-17	CJ052501_1		Cap Junky	1			—		3	Identification C	Conforms to monograph	MISSING				iCoA?
2	First-issue CoQ, remaining batches	CoQ-PP-2025-0018	2025-09-17	CJ052501_1		Cap Junky	1			—		4	Assay — Total Δ9-THC	NO MASTER ROW - criterion unknown	OUTSOURCED	20.29	UKIM_CNP		
2	First-issue CoQ, remaining batches	CoQ-PP-2025-0018	2025-09-17	CJ052501_1		Cap Junky	1			—		5	Assay — Total CBD	≤ 1.0 %, w/w	OUTSOURCED	0.07	UKIM_CNP		
2	First-issue CoQ, remaining batches	CoQ-PP-2025-0018	2025-09-17	CJ052501_1		Cap Junky	1			—		6	Total CBN	≤ 1.0 %, w/w	MISSING				OUTSOURCE
2	First-issue CoQ, remaining batches	CoQ-PP-2025-0018	2025-09-17	CJ052501_1		Cap Junky	1			—		7	Foreign Matter	≤ 2.0 % / 25–50 g	MISSING				iCoA
2	First-issue CoQ, remaining batches	CoQ-PP-2025-0018	2025-09-17	CJ052501_1		Cap Junky	1			—		8	Loss on Drying	≤ 12.0 %	OUTSOURCED	7.93	UKIM_CNP		
2	First-issue CoQ, remaining batches	CoQ-PP-2025-0018	2025-09-17	CJ052501_1		Cap Junky	1			—		9a	TAMC	≤ 10^5 CFU/g	OUTSOURCED	2,8 x 10^4 CFU/g	IJZ	949/1687/25	
2	First-issue CoQ, remaining batches	CoQ-PP-2025-0018	2025-09-17	CJ052501_1		Cap Junky	1			—		9b	TYMC	≤ 10^4 CFU/g	OUTSOURCED	1,7 x 10^4 CFU/g	IJZ	949/1687/25	
2	First-issue CoQ, remaining batches	CoQ-PP-2025-0018	2025-09-17	CJ052501_1		Cap Junky	1			—		9c	Bile-tolerant gram-neg.	≤ 10^4 CFU/g	HELD				ruling
2	First-issue CoQ, remaining batches	CoQ-PP-2025-0018	2025-09-17	CJ052501_1		Cap Junky	1			—		9d	Salmonella	Absence / 25 g	OUTSOURCED	Одговара	IJZ	949/1687/25	
2	First-issue CoQ, remaining batches	CoQ-PP-2025-0018	2025-09-17	CJ052501_1		Cap Junky	1			—		9e	Escherichia coli	Absence / 1 g	OUTSOURCED	Одговара	IJZ	949/1687/25	
2	First-issue CoQ, remaining batches	CoQ-PP-2025-0018	2025-09-17	CJ052501_1		Cap Junky	1			—		10a	Aflatoxin B1	≤ 2 µg/kg	NOT TESTED				OUTSOURCE
2	First-issue CoQ, remaining batches	CoQ-PP-2025-0018	2025-09-17	CJ052501_1		Cap Junky	1			—		10b	Aflatoxins ∑ (B1+B2+G1+G2)	≤ 4 µg/kg	OUTSOURCED	< 2	IJZ	4350/2025	
2	First-issue CoQ, remaining batches	CoQ-PP-2025-0018	2025-09-17	CJ052501_1		Cap Junky	1			—		10c	Ochratoxin A	≤ 20 µg/kg	NOT TESTED				OUTSOURCE
2	First-issue CoQ, remaining batches	CoQ-PP-2025-0018	2025-09-17	CJ052501_1		Cap Junky	1			—		11a	Lead (Pb)	≤ 0.5 mg/kg	OUTSOURCED	0,085	IJZ	4350/2025	
2	First-issue CoQ, remaining batches	CoQ-PP-2025-0018	2025-09-17	CJ052501_1		Cap Junky	1			—		11b	Cadmium (Cd)	≤ 0.3 mg/kg	OUTSOURCED	Н.Д.	IJZ	4350/2025	
2	First-issue CoQ, remaining batches	CoQ-PP-2025-0018	2025-09-17	CJ052501_1		Cap Junky	1			—		11c	Arsenic (As)	≤ 0.2 mg/kg	OUTSOURCED	Н.Д.	IJZ	4350/2025	
2	First-issue CoQ, remaining batches	CoQ-PP-2025-0018	2025-09-17	CJ052501_1		Cap Junky	1			—		11d	Mercury (Hg)	≤ 0.1 mg/kg	OUTSOURCED	Н.Д.	IJZ	4350/2025	
2	First-issue CoQ, remaining batches	CoQ-PP-2025-0018	2025-09-17	CJ052501_1		Cap Junky	1			—		12	Pesticide Residues	≤ LOQ per МКС EN 15662	OUTSOURCED	≤ LOQ (all 24 compounds)	IJZ	4350/2025	
2	First-issue CoQ, remaining batches	CoQ-PP-2025-0019	2025-09-17	CJ052501_2		Cap Junky	1			—		1	Identification A, Appearance	Conforms to monograph	MISSING				iCoA
2	First-issue CoQ, remaining batches	CoQ-PP-2025-0019	2025-09-17	CJ052501_2		Cap Junky	1			—		2	Identification B	Conforms to monograph	MISSING				iCoA
2	First-issue CoQ, remaining batches	CoQ-PP-2025-0019	2025-09-17	CJ052501_2		Cap Junky	1			—		3	Identification C	Conforms to monograph	MISSING				iCoA?
2	First-issue CoQ, remaining batches	CoQ-PP-2025-0019	2025-09-17	CJ052501_2		Cap Junky	1			—		4	Assay — Total Δ9-THC	NO MASTER ROW - criterion unknown	OUTSOURCED	14.93	UKIM_CNP	ППК25281	
2	First-issue CoQ, remaining batches	CoQ-PP-2025-0019	2025-09-17	CJ052501_2		Cap Junky	1			—		5	Assay — Total CBD	≤ 1.0 %, w/w	OUTSOURCED	0.10	UKIM_CNP	ППК25281	
2	First-issue CoQ, remaining batches	CoQ-PP-2025-0019	2025-09-17	CJ052501_2		Cap Junky	1			—		6	Total CBN	≤ 1.0 %, w/w	MISSING				OUTSOURCE
2	First-issue CoQ, remaining batches	CoQ-PP-2025-0019	2025-09-17	CJ052501_2		Cap Junky	1			—		7	Foreign Matter	≤ 2.0 % / 25–50 g	MISSING				iCoA
2	First-issue CoQ, remaining batches	CoQ-PP-2025-0019	2025-09-17	CJ052501_2		Cap Junky	1			—		8	Loss on Drying	≤ 12.0 %	OUTSOURCED	6.63	UKIM_CNP	ППК25281	
2	First-issue CoQ, remaining batches	CoQ-PP-2025-0019	2025-09-17	CJ052501_2		Cap Junky	1			—		9a	TAMC	≤ 10^5 CFU/g	OUTSOURCED	9 x 10³ CFU/g	IJZ	947/1685/25	
2	First-issue CoQ, remaining batches	CoQ-PP-2025-0019	2025-09-17	CJ052501_2		Cap Junky	1			—		9b	TYMC	≤ 10^4 CFU/g	OUTSOURCED	6,3 x 10³ CFU/g	IJZ	947/1685/25	
2	First-issue CoQ, remaining batches	CoQ-PP-2025-0019	2025-09-17	CJ052501_2		Cap Junky	1			—		9c	Bile-tolerant gram-neg.	≤ 10^4 CFU/g	OUTSOURCED	< 10 CFU/g	IJZ	947/1685/25	
2	First-issue CoQ, remaining batches	CoQ-PP-2025-0019	2025-09-17	CJ052501_2		Cap Junky	1			—		9d	Salmonella	Absence / 25 g	OUTSOURCED	Одговара	IJZ	947/1685/25	
2	First-issue CoQ, remaining batches	CoQ-PP-2025-0019	2025-09-17	CJ052501_2		Cap Junky	1			—		9e	Escherichia coli	Absence / 1 g	OUTSOURCED	Одговара	IJZ	947/1685/25	
2	First-issue CoQ, remaining batches	CoQ-PP-2025-0019	2025-09-17	CJ052501_2		Cap Junky	1			—		10a	Aflatoxin B1	≤ 2 µg/kg	NOT TESTED				OUTSOURCE
2	First-issue CoQ, remaining batches	CoQ-PP-2025-0019	2025-09-17	CJ052501_2		Cap Junky	1			—		10b	Aflatoxins ∑ (B1+B2+G1+G2)	≤ 4 µg/kg	OUTSOURCED	< 2	IJZ	4349/2025	
2	First-issue CoQ, remaining batches	CoQ-PP-2025-0019	2025-09-17	CJ052501_2		Cap Junky	1			—		10c	Ochratoxin A	≤ 20 µg/kg	NOT TESTED				OUTSOURCE
2	First-issue CoQ, remaining batches	CoQ-PP-2025-0019	2025-09-17	CJ052501_2		Cap Junky	1			—		11a	Lead (Pb)	≤ 0.5 mg/kg	OUTSOURCED	0,02	IJZ	4349/2025	
2	First-issue CoQ, remaining batches	CoQ-PP-2025-0019	2025-09-17	CJ052501_2		Cap Junky	1			—		11b	Cadmium (Cd)	≤ 0.3 mg/kg	OUTSOURCED	н.д.	IJZ	4349/2025	
2	First-issue CoQ, remaining batches	CoQ-PP-2025-0019	2025-09-17	CJ052501_2		Cap Junky	1			—		11c	Arsenic (As)	≤ 0.2 mg/kg	OUTSOURCED	0,042	IJZ	4349/2025	
2	First-issue CoQ, remaining batches	CoQ-PP-2025-0019	2025-09-17	CJ052501_2		Cap Junky	1			—		11d	Mercury (Hg)	≤ 0.1 mg/kg	OUTSOURCED	н.д.	IJZ	4349/2025	
2	First-issue CoQ, remaining batches	CoQ-PP-2025-0019	2025-09-17	CJ052501_2		Cap Junky	1			—		12	Pesticide Residues	≤ LOQ per МКС EN 15662	OUTSOURCED	≤ LOQ (all 29 compounds)	IJZ	4349/2025	
2	First-issue CoQ, remaining batches	CoQ-PP-2025-0021	2025-09-19	GP052501	P050152	Grape Pie	1			T1	QCSP_001_GP-IV_v.01	1	Identification A, Appearance	Conforms to monograph	MISSING				iCoA
2	First-issue CoQ, remaining batches	CoQ-PP-2025-0021	2025-09-19	GP052501	P050152	Grape Pie	1			T1	QCSP_001_GP-IV_v.01	2	Identification B	Conforms to monograph	MISSING				iCoA
2	First-issue CoQ, remaining batches	CoQ-PP-2025-0021	2025-09-19	GP052501	P050152	Grape Pie	1			T1	QCSP_001_GP-IV_v.01	3	Identification C	Conforms to monograph	MISSING				iCoA?
2	First-issue CoQ, remaining batches	CoQ-PP-2025-0021	2025-09-19	GP052501	P050152	Grape Pie	1			T1	QCSP_001_GP-IV_v.01	4	Assay — Total Δ9-THC	16.20 - 19.79 %	OUTSOURCED	18.98	UKIM_CNP	ППК25279	
2	First-issue CoQ, remaining batches	CoQ-PP-2025-0021	2025-09-19	GP052501	P050152	Grape Pie	1			T1	QCSP_001_GP-IV_v.01	5	Assay — Total CBD	≤ 1.0 %, w/w	OUTSOURCED	0.08	UKIM_CNP	ППК25279	
2	First-issue CoQ, remaining batches	CoQ-PP-2025-0021	2025-09-19	GP052501	P050152	Grape Pie	1			T1	QCSP_001_GP-IV_v.01	6	Total CBN	≤ 1.0 %, w/w	MISSING				OUTSOURCE
2	First-issue CoQ, remaining batches	CoQ-PP-2025-0021	2025-09-19	GP052501	P050152	Grape Pie	1			T1	QCSP_001_GP-IV_v.01	7	Foreign Matter	≤ 2.0 % / 25–50 g	MISSING				iCoA
2	First-issue CoQ, remaining batches	CoQ-PP-2025-0021	2025-09-19	GP052501	P050152	Grape Pie	1			T1	QCSP_001_GP-IV_v.01	8	Loss on Drying	≤ 12.0 %	OUTSOURCED	7.30	UKIM_CNP	ППК25279	
2	First-issue CoQ, remaining batches	CoQ-PP-2025-0021	2025-09-19	GP052501	P050152	Grape Pie	1			T1	QCSP_001_GP-IV_v.01	9a	TAMC	≤ 10^5 CFU/g	HELD				ruling
2	First-issue CoQ, remaining batches	CoQ-PP-2025-0021	2025-09-19	GP052501	P050152	Grape Pie	1			T1	QCSP_001_GP-IV_v.01	9b	TYMC	≤ 10^4 CFU/g	OUTSOURCED	3,6 x 10⁴ CFU/g	IJZ	946/1684/25	
2	First-issue CoQ, remaining batches	CoQ-PP-2025-0021	2025-09-19	GP052501	P050152	Grape Pie	1			T1	QCSP_001_GP-IV_v.01	9c	Bile-tolerant gram-neg.	≤ 10^4 CFU/g	OUTSOURCED	< 10² и > 10¹ CFU/g	IJZ	946/1684/25	
2	First-issue CoQ, remaining batches	CoQ-PP-2025-0021	2025-09-19	GP052501	P050152	Grape Pie	1			T1	QCSP_001_GP-IV_v.01	9d	Salmonella	Absence / 25 g	OUTSOURCED	Одговара	IJZ	946/1684/25	
2	First-issue CoQ, remaining batches	CoQ-PP-2025-0021	2025-09-19	GP052501	P050152	Grape Pie	1			T1	QCSP_001_GP-IV_v.01	9e	Escherichia coli	Absence / 1 g	OUTSOURCED	Одговара	IJZ	946/1684/25	
2	First-issue CoQ, remaining batches	CoQ-PP-2025-0021	2025-09-19	GP052501	P050152	Grape Pie	1			T1	QCSP_001_GP-IV_v.01	10a	Aflatoxin B1	≤ 2 µg/kg	NOT TESTED				OUTSOURCE
2	First-issue CoQ, remaining batches	CoQ-PP-2025-0021	2025-09-19	GP052501	P050152	Grape Pie	1			T1	QCSP_001_GP-IV_v.01	10b	Aflatoxins ∑ (B1+B2+G1+G2)	≤ 4 µg/kg	OUTSOURCED	< 2	IJZ	4348/2025	
2	First-issue CoQ, remaining batches	CoQ-PP-2025-0021	2025-09-19	GP052501	P050152	Grape Pie	1			T1	QCSP_001_GP-IV_v.01	10c	Ochratoxin A	≤ 20 µg/kg	NOT TESTED				OUTSOURCE
2	First-issue CoQ, remaining batches	CoQ-PP-2025-0021	2025-09-19	GP052501	P050152	Grape Pie	1			T1	QCSP_001_GP-IV_v.01	11a	Lead (Pb)	≤ 0.5 mg/kg	OUTSOURCED	0,06	IJZ	4348/2025	
2	First-issue CoQ, remaining batches	CoQ-PP-2025-0021	2025-09-19	GP052501	P050152	Grape Pie	1			T1	QCSP_001_GP-IV_v.01	11b	Cadmium (Cd)	≤ 0.3 mg/kg	OUTSOURCED	н.д.	IJZ	4348/2025	
2	First-issue CoQ, remaining batches	CoQ-PP-2025-0021	2025-09-19	GP052501	P050152	Grape Pie	1			T1	QCSP_001_GP-IV_v.01	11c	Arsenic (As)	≤ 0.2 mg/kg	OUTSOURCED	н.д.	IJZ	4348/2025	
2	First-issue CoQ, remaining batches	CoQ-PP-2025-0021	2025-09-19	GP052501	P050152	Grape Pie	1			T1	QCSP_001_GP-IV_v.01	11d	Mercury (Hg)	≤ 0.1 mg/kg	OUTSOURCED	н.д.	IJZ	4348/2025	
2	First-issue CoQ, remaining batches	CoQ-PP-2025-0021	2025-09-19	GP052501	P050152	Grape Pie	1			T1	QCSP_001_GP-IV_v.01	12	Pesticide Residues	≤ LOQ per МКС EN 15662	OUTSOURCED	≤ LOQ (all 29 compounds)	IJZ	4348/2025	
2	First-issue CoQ, remaining batches	CoQ-PP-2025-0022	2025-10-24	CJ062501_2		Cap Junky	1			—		1	Identification A, Appearance	Conforms to monograph	MISSING				iCoA
2	First-issue CoQ, remaining batches	CoQ-PP-2025-0022	2025-10-24	CJ062501_2		Cap Junky	1			—		2	Identification B	Conforms to monograph	MISSING				iCoA
2	First-issue CoQ, remaining batches	CoQ-PP-2025-0022	2025-10-24	CJ062501_2		Cap Junky	1			—		3	Identification C	Conforms to monograph	MISSING				iCoA?
2	First-issue CoQ, remaining batches	CoQ-PP-2025-0022	2025-10-24	CJ062501_2		Cap Junky	1			—		4	Assay — Total Δ9-THC	NO MASTER ROW - criterion unknown	OUTSOURCED	16.56	UKIM_CNP	ППК25322	
2	First-issue CoQ, remaining batches	CoQ-PP-2025-0022	2025-10-24	CJ062501_2		Cap Junky	1			—		5	Assay — Total CBD	≤ 1.0 %, w/w	OUTSOURCED	0.14	UKIM_CNP	ППК25322	
2	First-issue CoQ, remaining batches	CoQ-PP-2025-0022	2025-10-24	CJ062501_2		Cap Junky	1			—		6	Total CBN	≤ 1.0 %, w/w	MISSING				OUTSOURCE
2	First-issue CoQ, remaining batches	CoQ-PP-2025-0022	2025-10-24	CJ062501_2		Cap Junky	1			—		7	Foreign Matter	≤ 2.0 % / 25–50 g	MISSING				iCoA
2	First-issue CoQ, remaining batches	CoQ-PP-2025-0022	2025-10-24	CJ062501_2		Cap Junky	1			—		8	Loss on Drying	≤ 12.0 %	OUTSOURCED	6.70	UKIM_CNP	ППК25322	
2	First-issue CoQ, remaining batches	CoQ-PP-2025-0022	2025-10-24	CJ062501_2		Cap Junky	1			—		9a	TAMC	≤ 10^5 CFU/g	OUTSOURCED	2,2 x 10⁴ CFU/g	IJZ	1032/1851/25	
2	First-issue CoQ, remaining batches	CoQ-PP-2025-0022	2025-10-24	CJ062501_2		Cap Junky	1			—		9b	TYMC	≤ 10^4 CFU/g	OUTSOURCED	4,9 x 10⁴ CFU/g	IJZ	1032/1851/25	
2	First-issue CoQ, remaining batches	CoQ-PP-2025-0022	2025-10-24	CJ062501_2		Cap Junky	1			—		9c	Bile-tolerant gram-neg.	≤ 10^4 CFU/g	OUTSOURCED	< 10⁴ и >10³ CFU/g	IJZ	1032/1851/25	
2	First-issue CoQ, remaining batches	CoQ-PP-2025-0022	2025-10-24	CJ062501_2		Cap Junky	1			—		9d	Salmonella	Absence / 25 g	OUTSOURCED	Одговара	IJZ	1032/1851/25	
2	First-issue CoQ, remaining batches	CoQ-PP-2025-0022	2025-10-24	CJ062501_2		Cap Junky	1			—		9e	Escherichia coli	Absence / 1 g	OUTSOURCED	Одговара	IJZ	1032/1851/25	
2	First-issue CoQ, remaining batches	CoQ-PP-2025-0022	2025-10-24	CJ062501_2		Cap Junky	1			—		10a	Aflatoxin B1	≤ 2 µg/kg	NOT TESTED				OUTSOURCE
2	First-issue CoQ, remaining batches	CoQ-PP-2025-0022	2025-10-24	CJ062501_2		Cap Junky	1			—		10b	Aflatoxins ∑ (B1+B2+G1+G2)	≤ 4 µg/kg	OUTSOURCED	< 2	IJZ	4908/2025	
2	First-issue CoQ, remaining batches	CoQ-PP-2025-0022	2025-10-24	CJ062501_2		Cap Junky	1			—		10c	Ochratoxin A	≤ 20 µg/kg	NOT TESTED				OUTSOURCE
2	First-issue CoQ, remaining batches	CoQ-PP-2025-0022	2025-10-24	CJ062501_2		Cap Junky	1			—		11a	Lead (Pb)	≤ 0.5 mg/kg	OUTSOURCED	0,026	IJZ	4908/2025	
2	First-issue CoQ, remaining batches	CoQ-PP-2025-0022	2025-10-24	CJ062501_2		Cap Junky	1			—		11b	Cadmium (Cd)	≤ 0.3 mg/kg	OUTSOURCED	0,002	IJZ	4908/2025	
2	First-issue CoQ, remaining batches	CoQ-PP-2025-0022	2025-10-24	CJ062501_2		Cap Junky	1			—		11c	Arsenic (As)	≤ 0.2 mg/kg	OUTSOURCED	0,011	IJZ	4908/2025	
2	First-issue CoQ, remaining batches	CoQ-PP-2025-0022	2025-10-24	CJ062501_2		Cap Junky	1			—		11d	Mercury (Hg)	≤ 0.1 mg/kg	OUTSOURCED	0,012	IJZ	4908/2025	
2	First-issue CoQ, remaining batches	CoQ-PP-2025-0022	2025-10-24	CJ062501_2		Cap Junky	1			—		12	Pesticide Residues	≤ LOQ per МКС EN 15662	OUTSOURCED	≤ LOQ (all 28 compounds)	IJZ	4908/2025	
2	First-issue CoQ, remaining batches	CoQ-PP-2025-0023	2025-11-24	GP062501		Grape Pie	1			—		1	Identification A, Appearance	Conforms to monograph	MISSING				iCoA
2	First-issue CoQ, remaining batches	CoQ-PP-2025-0023	2025-11-24	GP062501		Grape Pie	1			—		2	Identification B	Conforms to monograph	MISSING				iCoA
2	First-issue CoQ, remaining batches	CoQ-PP-2025-0023	2025-11-24	GP062501		Grape Pie	1			—		3	Identification C	Conforms to monograph	MISSING				iCoA?
2	First-issue CoQ, remaining batches	CoQ-PP-2025-0023	2025-11-24	GP062501		Grape Pie	1			—		4	Assay — Total Δ9-THC	NO MASTER ROW - criterion unknown	MISSING				OUTSOURCE
2	First-issue CoQ, remaining batches	CoQ-PP-2025-0023	2025-11-24	GP062501		Grape Pie	1			—		5	Assay — Total CBD	≤ 1.0 %, w/w	MISSING				OUTSOURCE
2	First-issue CoQ, remaining batches	CoQ-PP-2025-0023	2025-11-24	GP062501		Grape Pie	1			—		6	Total CBN	≤ 1.0 %, w/w	MISSING				OUTSOURCE
2	First-issue CoQ, remaining batches	CoQ-PP-2025-0023	2025-11-24	GP062501		Grape Pie	1			—		7	Foreign Matter	≤ 2.0 % / 25–50 g	MISSING				iCoA
2	First-issue CoQ, remaining batches	CoQ-PP-2025-0023	2025-11-24	GP062501		Grape Pie	1			—		8	Loss on Drying	≤ 12.0 %	MISSING				iCoA
2	First-issue CoQ, remaining batches	CoQ-PP-2025-0023	2025-11-24	GP062501		Grape Pie	1			—		9a	TAMC	≤ 10^5 CFU/g	OUTSOURCED	600 CFU/g	IJZ	1155/2056/25	
2	First-issue CoQ, remaining batches	CoQ-PP-2025-0023	2025-11-24	GP062501		Grape Pie	1			—		9b	TYMC	≤ 10^4 CFU/g	OUTSOURCED	400 CFU/g	IJZ	1155/2056/25	
2	First-issue CoQ, remaining batches	CoQ-PP-2025-0023	2025-11-24	GP062501		Grape Pie	1			—		9c	Bile-tolerant gram-neg.	≤ 10^4 CFU/g	OUTSOURCED	< 10 CFU/g	IJZ	1155/2056/25	
2	First-issue CoQ, remaining batches	CoQ-PP-2025-0023	2025-11-24	GP062501		Grape Pie	1			—		9d	Salmonella	Absence / 25 g	OUTSOURCED	Одговара	IJZ	1155/2056/25	
2	First-issue CoQ, remaining batches	CoQ-PP-2025-0023	2025-11-24	GP062501		Grape Pie	1			—		9e	Escherichia coli	Absence / 1 g	OUTSOURCED	Одговара	IJZ	1155/2056/25	
2	First-issue CoQ, remaining batches	CoQ-PP-2025-0023	2025-11-24	GP062501		Grape Pie	1			—		10a	Aflatoxin B1	≤ 2 µg/kg	NOT TESTED				OUTSOURCE
2	First-issue CoQ, remaining batches	CoQ-PP-2025-0023	2025-11-24	GP062501		Grape Pie	1			—		10b	Aflatoxins ∑ (B1+B2+G1+G2)	≤ 4 µg/kg	OUTSOURCED	< 2	IJZ	4762/2025	
2	First-issue CoQ, remaining batches	CoQ-PP-2025-0023	2025-11-24	GP062501		Grape Pie	1			—		10c	Ochratoxin A	≤ 20 µg/kg	NOT TESTED				OUTSOURCE
2	First-issue CoQ, remaining batches	CoQ-PP-2025-0023	2025-11-24	GP062501		Grape Pie	1			—		11a	Lead (Pb)	≤ 0.5 mg/kg	OUTSOURCED	0,077	IJZ	4762/2025	
2	First-issue CoQ, remaining batches	CoQ-PP-2025-0023	2025-11-24	GP062501		Grape Pie	1			—		11b	Cadmium (Cd)	≤ 0.3 mg/kg	OUTSOURCED	0,014	IJZ	4762/2025	
2	First-issue CoQ, remaining batches	CoQ-PP-2025-0023	2025-11-24	GP062501		Grape Pie	1			—		11c	Arsenic (As)	≤ 0.2 mg/kg	OUTSOURCED	0,024	IJZ	4762/2025	
2	First-issue CoQ, remaining batches	CoQ-PP-2025-0023	2025-11-24	GP062501		Grape Pie	1			—		11d	Mercury (Hg)	≤ 0.1 mg/kg	OUTSOURCED	0,011	IJZ	4762/2025	
2	First-issue CoQ, remaining batches	CoQ-PP-2025-0023	2025-11-24	GP062501		Grape Pie	1			—		12	Pesticide Residues	≤ LOQ per МКС EN 15662	OUTSOURCED	≤ LOQ (all 28 compounds)	IJZ	4762/2025	
2	First-issue CoQ, remaining batches	CoQ-PP-2025-0024	2025-12-01	CJ062501_1	P050222	Cap Junky	1			T2	QCSP_001_CJ-III_v.01	1	Identification A, Appearance	Conforms to monograph	MISSING				iCoA
2	First-issue CoQ, remaining batches	CoQ-PP-2025-0024	2025-12-01	CJ062501_1	P050222	Cap Junky	1			T2	QCSP_001_CJ-III_v.01	2	Identification B	Conforms to monograph	MISSING				iCoA
2	First-issue CoQ, remaining batches	CoQ-PP-2025-0024	2025-12-01	CJ062501_1	P050222	Cap Junky	1			T2	QCSP_001_CJ-III_v.01	3	Identification C	Conforms to monograph	MISSING				iCoA?
2	First-issue CoQ, remaining batches	CoQ-PP-2025-0024	2025-12-01	CJ062501_1	P050222	Cap Junky	1			T2	QCSP_001_CJ-III_v.01	4	Assay — Total Δ9-THC	21.60 - 26.39 %	OUTSOURCED	21.51	UKIM_CNP	ППК25321	
2	First-issue CoQ, remaining batches	CoQ-PP-2025-0024	2025-12-01	CJ062501_1	P050222	Cap Junky	1			T2	QCSP_001_CJ-III_v.01	5	Assay — Total CBD	≤ 1.0 %, w/w	OUTSOURCED	0.07	UKIM_CNP	ППК25321	
2	First-issue CoQ, remaining batches	CoQ-PP-2025-0024	2025-12-01	CJ062501_1	P050222	Cap Junky	1			T2	QCSP_001_CJ-III_v.01	6	Total CBN	≤ 1.0 %, w/w	MISSING				OUTSOURCE
2	First-issue CoQ, remaining batches	CoQ-PP-2025-0024	2025-12-01	CJ062501_1	P050222	Cap Junky	1			T2	QCSP_001_CJ-III_v.01	7	Foreign Matter	≤ 2.0 % / 25–50 g	MISSING				iCoA
2	First-issue CoQ, remaining batches	CoQ-PP-2025-0024	2025-12-01	CJ062501_1	P050222	Cap Junky	1			T2	QCSP_001_CJ-III_v.01	8	Loss on Drying	≤ 12.0 %	OUTSOURCED	7.77	UKIM_CNP	ППК25321	
2	First-issue CoQ, remaining batches	CoQ-PP-2025-0024	2025-12-01	CJ062501_1	P050222	Cap Junky	1			T2	QCSP_001_CJ-III_v.01	9a	TAMC	≤ 10^5 CFU/g	OUTSOURCED	< 10 CFU/g	IJZ		
2	First-issue CoQ, remaining batches	CoQ-PP-2025-0024	2025-12-01	CJ062501_1	P050222	Cap Junky	1			T2	QCSP_001_CJ-III_v.01	9b	TYMC	≤ 10^4 CFU/g	OUTSOURCED	20 CFU/g	IJZ		
2	First-issue CoQ, remaining batches	CoQ-PP-2025-0024	2025-12-01	CJ062501_1	P050222	Cap Junky	1			T2	QCSP_001_CJ-III_v.01	9c	Bile-tolerant gram-neg.	≤ 10^4 CFU/g	OUTSOURCED	< 10 CFU/g	IJZ		
2	First-issue CoQ, remaining batches	CoQ-PP-2025-0024	2025-12-01	CJ062501_1	P050222	Cap Junky	1			T2	QCSP_001_CJ-III_v.01	9d	Salmonella	Absence / 25 g	OUTSOURCED	Одговара	IJZ		
2	First-issue CoQ, remaining batches	CoQ-PP-2025-0024	2025-12-01	CJ062501_1	P050222	Cap Junky	1			T2	QCSP_001_CJ-III_v.01	9e	Escherichia coli	Absence / 1 g	OUTSOURCED	Одговара	IJZ		
2	First-issue CoQ, remaining batches	CoQ-PP-2025-0024	2025-12-01	CJ062501_1	P050222	Cap Junky	1			T2	QCSP_001_CJ-III_v.01	10a	Aflatoxin B1	≤ 2 µg/kg	NOT TESTED				OUTSOURCE
2	First-issue CoQ, remaining batches	CoQ-PP-2025-0024	2025-12-01	CJ062501_1	P050222	Cap Junky	1			T2	QCSP_001_CJ-III_v.01	10b	Aflatoxins ∑ (B1+B2+G1+G2)	≤ 4 µg/kg	OUTSOURCED	< 2	IJZ	4907/2025	
2	First-issue CoQ, remaining batches	CoQ-PP-2025-0024	2025-12-01	CJ062501_1	P050222	Cap Junky	1			T2	QCSP_001_CJ-III_v.01	10c	Ochratoxin A	≤ 20 µg/kg	NOT TESTED				OUTSOURCE
2	First-issue CoQ, remaining batches	CoQ-PP-2025-0024	2025-12-01	CJ062501_1	P050222	Cap Junky	1			T2	QCSP_001_CJ-III_v.01	11a	Lead (Pb)	≤ 0.5 mg/kg	OUTSOURCED	0,037	IJZ	4907/2025	
2	First-issue CoQ, remaining batches	CoQ-PP-2025-0024	2025-12-01	CJ062501_1	P050222	Cap Junky	1			T2	QCSP_001_CJ-III_v.01	11b	Cadmium (Cd)	≤ 0.3 mg/kg	OUTSOURCED	0,002	IJZ	4907/2025	
2	First-issue CoQ, remaining batches	CoQ-PP-2025-0024	2025-12-01	CJ062501_1	P050222	Cap Junky	1			T2	QCSP_001_CJ-III_v.01	11c	Arsenic (As)	≤ 0.2 mg/kg	OUTSOURCED	0,027	IJZ	4907/2025	
2	First-issue CoQ, remaining batches	CoQ-PP-2025-0024	2025-12-01	CJ062501_1	P050222	Cap Junky	1			T2	QCSP_001_CJ-III_v.01	11d	Mercury (Hg)	≤ 0.1 mg/kg	OUTSOURCED	0,017	IJZ	4907/2025	
2	First-issue CoQ, remaining batches	CoQ-PP-2025-0024	2025-12-01	CJ062501_1	P050222	Cap Junky	1			T2	QCSP_001_CJ-III_v.01	12	Pesticide Residues	≤ LOQ per МКС EN 15662	OUTSOURCED	≤ LOQ (all 29 compounds)	IJZ	4907/2025	
2	First-issue CoQ, remaining batches	CoQ-PP-2025-0026	2025-12-02	CJ072501		Cap Junky	1			—		1	Identification A, Appearance	Conforms to monograph	MISSING				iCoA
2	First-issue CoQ, remaining batches	CoQ-PP-2025-0026	2025-12-02	CJ072501		Cap Junky	1			—		2	Identification B	Conforms to monograph	MISSING				iCoA
2	First-issue CoQ, remaining batches	CoQ-PP-2025-0026	2025-12-02	CJ072501		Cap Junky	1			—		3	Identification C	Conforms to monograph	MISSING				iCoA?
2	First-issue CoQ, remaining batches	CoQ-PP-2025-0026	2025-12-02	CJ072501		Cap Junky	1			—		4	Assay — Total Δ9-THC	NO MASTER ROW - criterion unknown	MISSING				OUTSOURCE
2	First-issue CoQ, remaining batches	CoQ-PP-2025-0026	2025-12-02	CJ072501		Cap Junky	1			—		5	Assay — Total CBD	≤ 1.0 %, w/w	MISSING				OUTSOURCE
2	First-issue CoQ, remaining batches	CoQ-PP-2025-0026	2025-12-02	CJ072501		Cap Junky	1			—		6	Total CBN	≤ 1.0 %, w/w	MISSING				OUTSOURCE
2	First-issue CoQ, remaining batches	CoQ-PP-2025-0026	2025-12-02	CJ072501		Cap Junky	1			—		7	Foreign Matter	≤ 2.0 % / 25–50 g	MISSING				iCoA
2	First-issue CoQ, remaining batches	CoQ-PP-2025-0026	2025-12-02	CJ072501		Cap Junky	1			—		8	Loss on Drying	≤ 12.0 %	MISSING				iCoA
2	First-issue CoQ, remaining batches	CoQ-PP-2025-0026	2025-12-02	CJ072501		Cap Junky	1			—		9a	TAMC	≤ 10^5 CFU/g	OUTSOURCED	4,5 x 10^3 CFU/g	IJZ	1218/2169/25	
2	First-issue CoQ, remaining batches	CoQ-PP-2025-0026	2025-12-02	CJ072501		Cap Junky	1			—		9b	TYMC	≤ 10^4 CFU/g	OUTSOURCED	3,5 x 10^3 CFU/g	IJZ	1218/2169/25	
2	First-issue CoQ, remaining batches	CoQ-PP-2025-0026	2025-12-02	CJ072501		Cap Junky	1			—		9c	Bile-tolerant gram-neg.	≤ 10^4 CFU/g	OUTSOURCED	< 10 CFU/g	IJZ	1218/2169/25	
2	First-issue CoQ, remaining batches	CoQ-PP-2025-0026	2025-12-02	CJ072501		Cap Junky	1			—		9d	Salmonella	Absence / 25 g	OUTSOURCED	Одговара	IJZ	1218/2169/25	
2	First-issue CoQ, remaining batches	CoQ-PP-2025-0026	2025-12-02	CJ072501		Cap Junky	1			—		9e	Escherichia coli	Absence / 1 g	OUTSOURCED	Одговара	IJZ	1218/2169/25	
2	First-issue CoQ, remaining batches	CoQ-PP-2025-0026	2025-12-02	CJ072501		Cap Junky	1			—		10a	Aflatoxin B1	≤ 2 µg/kg	NOT TESTED				OUTSOURCE
2	First-issue CoQ, remaining batches	CoQ-PP-2025-0026	2025-12-02	CJ072501		Cap Junky	1			—		10b	Aflatoxins ∑ (B1+B2+G1+G2)	≤ 4 µg/kg	OUTSOURCED	< 2	IJZ	5697/2025	
2	First-issue CoQ, remaining batches	CoQ-PP-2025-0026	2025-12-02	CJ072501		Cap Junky	1			—		10c	Ochratoxin A	≤ 20 µg/kg	NOT TESTED				OUTSOURCE
2	First-issue CoQ, remaining batches	CoQ-PP-2025-0026	2025-12-02	CJ072501		Cap Junky	1			—		11a	Lead (Pb)	≤ 0.5 mg/kg	OUTSOURCED	0,013	IJZ	5697/2025	
2	First-issue CoQ, remaining batches	CoQ-PP-2025-0026	2025-12-02	CJ072501		Cap Junky	1			—		11b	Cadmium (Cd)	≤ 0.3 mg/kg	OUTSOURCED	0,004	IJZ	5697/2025	
2	First-issue CoQ, remaining batches	CoQ-PP-2025-0026	2025-12-02	CJ072501		Cap Junky	1			—		11c	Arsenic (As)	≤ 0.2 mg/kg	OUTSOURCED	0,011	IJZ	5697/2025	
2	First-issue CoQ, remaining batches	CoQ-PP-2025-0026	2025-12-02	CJ072501		Cap Junky	1			—		11d	Mercury (Hg)	≤ 0.1 mg/kg	OUTSOURCED	0,002	IJZ	5697/2025	
2	First-issue CoQ, remaining batches	CoQ-PP-2025-0026	2025-12-02	CJ072501		Cap Junky	1			—		12	Pesticide Residues	≤ LOQ per МКС EN 15662	OUTSOURCED	Н.д.	IJZ	5697/2025	
2	First-issue CoQ, remaining batches	CoQ-PP-2025-0027	2025-12-02	WC072501		Wedding Crasher	1			—		1	Identification A, Appearance	Conforms to monograph	MISSING				iCoA
2	First-issue CoQ, remaining batches	CoQ-PP-2025-0027	2025-12-02	WC072501		Wedding Crasher	1			—		2	Identification B	Conforms to monograph	MISSING				iCoA
2	First-issue CoQ, remaining batches	CoQ-PP-2025-0027	2025-12-02	WC072501		Wedding Crasher	1			—		3	Identification C	Conforms to monograph	MISSING				iCoA?
2	First-issue CoQ, remaining batches	CoQ-PP-2025-0027	2025-12-02	WC072501		Wedding Crasher	1			—		4	Assay — Total Δ9-THC	NO MASTER ROW - criterion unknown	OUTSOURCED	22.11	UKIM_CNP	ППК25369	
2	First-issue CoQ, remaining batches	CoQ-PP-2025-0027	2025-12-02	WC072501		Wedding Crasher	1			—		5	Assay — Total CBD	≤ 1.0 %, w/w	OUTSOURCED	0.06	UKIM_CNP	ППК25369	
2	First-issue CoQ, remaining batches	CoQ-PP-2025-0027	2025-12-02	WC072501		Wedding Crasher	1			—		6	Total CBN	≤ 1.0 %, w/w	MISSING				OUTSOURCE
2	First-issue CoQ, remaining batches	CoQ-PP-2025-0027	2025-12-02	WC072501		Wedding Crasher	1			—		7	Foreign Matter	≤ 2.0 % / 25–50 g	MISSING				iCoA
2	First-issue CoQ, remaining batches	CoQ-PP-2025-0027	2025-12-02	WC072501		Wedding Crasher	1			—		8	Loss on Drying	≤ 12.0 %	OUTSOURCED	8.94	UKIM_CNP	ППК25369	
2	First-issue CoQ, remaining batches	CoQ-PP-2025-0027	2025-12-02	WC072501		Wedding Crasher	1			—		9a	TAMC	≤ 10^5 CFU/g	OUTSOURCED	100 CFU/g	IJZ	1221/2172/25	
2	First-issue CoQ, remaining batches	CoQ-PP-2025-0027	2025-12-02	WC072501		Wedding Crasher	1			—		9b	TYMC	≤ 10^4 CFU/g	OUTSOURCED	90 CFU/g	IJZ	1221/2172/25	
2	First-issue CoQ, remaining batches	CoQ-PP-2025-0027	2025-12-02	WC072501		Wedding Crasher	1			—		9c	Bile-tolerant gram-neg.	≤ 10^4 CFU/g	OUTSOURCED	< 10 CFU/g	IJZ	1221/2172/25	
2	First-issue CoQ, remaining batches	CoQ-PP-2025-0027	2025-12-02	WC072501		Wedding Crasher	1			—		9d	Salmonella	Absence / 25 g	OUTSOURCED	Одговара	IJZ	1221/2172/25	
2	First-issue CoQ, remaining batches	CoQ-PP-2025-0027	2025-12-02	WC072501		Wedding Crasher	1			—		9e	Escherichia coli	Absence / 1 g	OUTSOURCED	Одговара	IJZ	1221/2172/25	
2	First-issue CoQ, remaining batches	CoQ-PP-2025-0027	2025-12-02	WC072501		Wedding Crasher	1			—		10a	Aflatoxin B1	≤ 2 µg/kg	NOT TESTED				OUTSOURCE
2	First-issue CoQ, remaining batches	CoQ-PP-2025-0027	2025-12-02	WC072501		Wedding Crasher	1			—		10b	Aflatoxins ∑ (B1+B2+G1+G2)	≤ 4 µg/kg	OUTSOURCED	< 2	IJZ	5699/2025	
2	First-issue CoQ, remaining batches	CoQ-PP-2025-0027	2025-12-02	WC072501		Wedding Crasher	1			—		10c	Ochratoxin A	≤ 20 µg/kg	NOT TESTED				OUTSOURCE
2	First-issue CoQ, remaining batches	CoQ-PP-2025-0027	2025-12-02	WC072501		Wedding Crasher	1			—		11a	Lead (Pb)	≤ 0.5 mg/kg	OUTSOURCED	0,023	IJZ	5699/2025	
2	First-issue CoQ, remaining batches	CoQ-PP-2025-0027	2025-12-02	WC072501		Wedding Crasher	1			—		11b	Cadmium (Cd)	≤ 0.3 mg/kg	OUTSOURCED	0,005	IJZ	5699/2025	
2	First-issue CoQ, remaining batches	CoQ-PP-2025-0027	2025-12-02	WC072501		Wedding Crasher	1			—		11c	Arsenic (As)	≤ 0.2 mg/kg	OUTSOURCED	0,006	IJZ	5699/2025	
2	First-issue CoQ, remaining batches	CoQ-PP-2025-0027	2025-12-02	WC072501		Wedding Crasher	1			—		11d	Mercury (Hg)	≤ 0.1 mg/kg	OUTSOURCED	0,01	IJZ	5699/2025	
2	First-issue CoQ, remaining batches	CoQ-PP-2025-0027	2025-12-02	WC072501		Wedding Crasher	1			—		12	Pesticide Residues	≤ LOQ per 2.8.13	OUTSOURCED	≤ LOQ (all 29 compounds)	IJZ	5699/2025	
2	First-issue CoQ, remaining batches	CoQ-PP-2025-0032	2025-12-12	GP072501_1		Grape Pie	1			—		1	Identification A, Appearance	Conforms to monograph	MISSING				iCoA
2	First-issue CoQ, remaining batches	CoQ-PP-2025-0032	2025-12-12	GP072501_1		Grape Pie	1			—		2	Identification B	Conforms to monograph	MISSING				iCoA
2	First-issue CoQ, remaining batches	CoQ-PP-2025-0032	2025-12-12	GP072501_1		Grape Pie	1			—		3	Identification C	Conforms to monograph	MISSING				iCoA?
2	First-issue CoQ, remaining batches	CoQ-PP-2025-0032	2025-12-12	GP072501_1		Grape Pie	1			—		4	Assay — Total Δ9-THC	NO MASTER ROW - criterion unknown	OUTSOURCED	21.36 %	UKIM_CNP	ППК25378	
2	First-issue CoQ, remaining batches	CoQ-PP-2025-0032	2025-12-12	GP072501_1		Grape Pie	1			—		5	Assay — Total CBD	≤ 1.0 %, w/w	OUTSOURCED	0.11 %	UKIM_CNP	ППК25378	
2	First-issue CoQ, remaining batches	CoQ-PP-2025-0032	2025-12-12	GP072501_1		Grape Pie	1			—		6	Total CBN	≤ 1.0 %, w/w	MISSING				OUTSOURCE
2	First-issue CoQ, remaining batches	CoQ-PP-2025-0032	2025-12-12	GP072501_1		Grape Pie	1			—		7	Foreign Matter	≤ 2.0 % / 25–50 g	MISSING				iCoA
2	First-issue CoQ, remaining batches	CoQ-PP-2025-0032	2025-12-12	GP072501_1		Grape Pie	1			—		8	Loss on Drying	≤ 12.0 %	OUTSOURCED	6.62 %	UKIM_CNP	ППК25378	
2	First-issue CoQ, remaining batches	CoQ-PP-2025-0032	2025-12-12	GP072501_1		Grape Pie	1			—		9a	TAMC	≤ 10^5 CFU/g	OUTSOURCED	6 x 10³ CFU/g	IJZ	1228/2194/25	
2	First-issue CoQ, remaining batches	CoQ-PP-2025-0032	2025-12-12	GP072501_1		Grape Pie	1			—		9b	TYMC	≤ 10^4 CFU/g	OUTSOURCED	6,5 x 10³ CFU/g	IJZ	1228/2194/25	
2	First-issue CoQ, remaining batches	CoQ-PP-2025-0032	2025-12-12	GP072501_1		Grape Pie	1			—		9c	Bile-tolerant gram-neg.	≤ 10^4 CFU/g	OUTSOURCED	< 10 CFU/g	IJZ	1228/2194/25	
2	First-issue CoQ, remaining batches	CoQ-PP-2025-0032	2025-12-12	GP072501_1		Grape Pie	1			—		9d	Salmonella	Absence / 25 g	OUTSOURCED	Одговара	IJZ	1228/2194/25	
2	First-issue CoQ, remaining batches	CoQ-PP-2025-0032	2025-12-12	GP072501_1		Grape Pie	1			—		9e	Escherichia coli	Absence / 1 g	OUTSOURCED	Одговара	IJZ	1228/2194/25	
2	First-issue CoQ, remaining batches	CoQ-PP-2025-0032	2025-12-12	GP072501_1		Grape Pie	1			—		10a	Aflatoxin B1	≤ 2 µg/kg	NOT TESTED				OUTSOURCE
2	First-issue CoQ, remaining batches	CoQ-PP-2025-0032	2025-12-12	GP072501_1		Grape Pie	1			—		10b	Aflatoxins ∑ (B1+B2+G1+G2)	≤ 4 µg/kg	OUTSOURCED	< 2	IJZ	5886/2025	
2	First-issue CoQ, remaining batches	CoQ-PP-2025-0032	2025-12-12	GP072501_1		Grape Pie	1			—		10c	Ochratoxin A	≤ 20 µg/kg	NOT TESTED				OUTSOURCE
2	First-issue CoQ, remaining batches	CoQ-PP-2025-0032	2025-12-12	GP072501_1		Grape Pie	1			—		11a	Lead (Pb)	≤ 0.5 mg/kg	OUTSOURCED	0,028	IJZ	5886/2025	
2	First-issue CoQ, remaining batches	CoQ-PP-2025-0032	2025-12-12	GP072501_1		Grape Pie	1			—		11b	Cadmium (Cd)	≤ 0.3 mg/kg	OUTSOURCED	0,003	IJZ	5886/2025	
2	First-issue CoQ, remaining batches	CoQ-PP-2025-0032	2025-12-12	GP072501_1		Grape Pie	1			—		11c	Arsenic (As)	≤ 0.2 mg/kg	OUTSOURCED	0,03	IJZ	5886/2025	
2	First-issue CoQ, remaining batches	CoQ-PP-2025-0032	2025-12-12	GP072501_1		Grape Pie	1			—		11d	Mercury (Hg)	≤ 0.1 mg/kg	OUTSOURCED	0,025	IJZ	5886/2025	
2	First-issue CoQ, remaining batches	CoQ-PP-2025-0032	2025-12-12	GP072501_1		Grape Pie	1			—		12	Pesticide Residues	≤ LOQ per МКС EN 15662	OUTSOURCED	≤ LOQ (all 28 compounds)	IJZ	5886/2025	
2	First-issue CoQ, remaining batches	CoQ-PP-2026-0008	2026-02-02	AB092501		Appels & Bananas	1			—		1	Identification A, Appearance	Conforms to monograph	MISSING				iCoA
2	First-issue CoQ, remaining batches	CoQ-PP-2026-0008	2026-02-02	AB092501		Appels & Bananas	1			—		2	Identification B	Conforms to monograph	MISSING				iCoA
2	First-issue CoQ, remaining batches	CoQ-PP-2026-0008	2026-02-02	AB092501		Appels & Bananas	1			—		3	Identification C	Conforms to monograph	MISSING				iCoA?
2	First-issue CoQ, remaining batches	CoQ-PP-2026-0008	2026-02-02	AB092501		Appels & Bananas	1			—		4	Assay — Total Δ9-THC	NO MASTER ROW - criterion unknown	MISSING				OUTSOURCE
2	First-issue CoQ, remaining batches	CoQ-PP-2026-0008	2026-02-02	AB092501		Appels & Bananas	1			—		5	Assay — Total CBD	≤ 1.0 %, w/w	MISSING				OUTSOURCE
2	First-issue CoQ, remaining batches	CoQ-PP-2026-0008	2026-02-02	AB092501		Appels & Bananas	1			—		6	Total CBN	≤ 1.0 %, w/w	MISSING				OUTSOURCE
2	First-issue CoQ, remaining batches	CoQ-PP-2026-0008	2026-02-02	AB092501		Appels & Bananas	1			—		7	Foreign Matter	≤ 2.0 % / 25–50 g	MISSING				iCoA
2	First-issue CoQ, remaining batches	CoQ-PP-2026-0008	2026-02-02	AB092501		Appels & Bananas	1			—		8	Loss on Drying	≤ 12.0 %	MISSING				iCoA
2	First-issue CoQ, remaining batches	CoQ-PP-2026-0008	2026-02-02	AB092501		Appels & Bananas	1			—		9a	TAMC	≤ 10^5 CFU/g	OUTSOURCED	< 10 CFU/g	IJZ	7/0010/26	
2	First-issue CoQ, remaining batches	CoQ-PP-2026-0008	2026-02-02	AB092501		Appels & Bananas	1			—		9b	TYMC	≤ 10^4 CFU/g	OUTSOURCED	< 10 CFU/g	IJZ	7/0010/26	
2	First-issue CoQ, remaining batches	CoQ-PP-2026-0008	2026-02-02	AB092501		Appels & Bananas	1			—		9c	Bile-tolerant gram-neg.	≤ 10^4 CFU/g	OUTSOURCED	< 10 CFU/g	IJZ	7/0010/26	
2	First-issue CoQ, remaining batches	CoQ-PP-2026-0008	2026-02-02	AB092501		Appels & Bananas	1			—		9d	Salmonella	Absence / 25 g	OUTSOURCED	Одговара	IJZ	7/0010/26	
2	First-issue CoQ, remaining batches	CoQ-PP-2026-0008	2026-02-02	AB092501		Appels & Bananas	1			—		9e	Escherichia coli	Absence / 1 g	OUTSOURCED	Одговара	IJZ	7/0010/26	
2	First-issue CoQ, remaining batches	CoQ-PP-2026-0008	2026-02-02	AB092501		Appels & Bananas	1			—		10a	Aflatoxin B1	≤ 2 µg/kg	NOT TESTED				OUTSOURCE
2	First-issue CoQ, remaining batches	CoQ-PP-2026-0008	2026-02-02	AB092501		Appels & Bananas	1			—		10b	Aflatoxins ∑ (B1+B2+G1+G2)	≤ 4 µg/kg	OUTSOURCED	< 2	IJZ	84/2026	
2	First-issue CoQ, remaining batches	CoQ-PP-2026-0008	2026-02-02	AB092501		Appels & Bananas	1			—		10c	Ochratoxin A	≤ 20 µg/kg	NOT TESTED				OUTSOURCE
2	First-issue CoQ, remaining batches	CoQ-PP-2026-0008	2026-02-02	AB092501		Appels & Bananas	1			—		11a	Lead (Pb)	≤ 0.5 mg/kg	OUTSOURCED	0,05	IJZ	84/2026	
2	First-issue CoQ, remaining batches	CoQ-PP-2026-0008	2026-02-02	AB092501		Appels & Bananas	1			—		11b	Cadmium (Cd)	≤ 0.3 mg/kg	OUTSOURCED	н.д.	IJZ	84/2026	
2	First-issue CoQ, remaining batches	CoQ-PP-2026-0008	2026-02-02	AB092501		Appels & Bananas	1			—		11c	Arsenic (As)	≤ 0.2 mg/kg	OUTSOURCED	н.д.	IJZ	84/2026	
2	First-issue CoQ, remaining batches	CoQ-PP-2026-0008	2026-02-02	AB092501		Appels & Bananas	1			—		11d	Mercury (Hg)	≤ 0.1 mg/kg	OUTSOURCED	0,003	IJZ	84/2026	
2	First-issue CoQ, remaining batches	CoQ-PP-2026-0008	2026-02-02	AB092501		Appels & Bananas	1			—		12	Pesticide Residues	≤ LOQ per МКС EN 15662	OUTSOURCED	≤ LOQ (all 29 compounds)	IJZ	84/2026	
2	First-issue CoQ, remaining batches	CoQ-PP-2026-0010	2026-03-02	SJ112501		Sleepy Joe	1			—		1	Identification A, Appearance	Conforms to monograph	MISSING				iCoA
2	First-issue CoQ, remaining batches	CoQ-PP-2026-0010	2026-03-02	SJ112501		Sleepy Joe	1			—		2	Identification B	Conforms to monograph	MISSING				iCoA
2	First-issue CoQ, remaining batches	CoQ-PP-2026-0010	2026-03-02	SJ112501		Sleepy Joe	1			—		3	Identification C	Conforms to monograph	MISSING				iCoA?
2	First-issue CoQ, remaining batches	CoQ-PP-2026-0010	2026-03-02	SJ112501		Sleepy Joe	1			—		4	Assay — Total Δ9-THC	NO MASTER ROW - criterion unknown	MISSING				OUTSOURCE
2	First-issue CoQ, remaining batches	CoQ-PP-2026-0010	2026-03-02	SJ112501		Sleepy Joe	1			—		5	Assay — Total CBD	≤ 1.0 %, w/w	MISSING				OUTSOURCE
2	First-issue CoQ, remaining batches	CoQ-PP-2026-0010	2026-03-02	SJ112501		Sleepy Joe	1			—		6	Total CBN	≤ 1.0 %, w/w	MISSING				OUTSOURCE
2	First-issue CoQ, remaining batches	CoQ-PP-2026-0010	2026-03-02	SJ112501		Sleepy Joe	1			—		7	Foreign Matter	≤ 2.0 % / 25–50 g	MISSING				iCoA
2	First-issue CoQ, remaining batches	CoQ-PP-2026-0010	2026-03-02	SJ112501		Sleepy Joe	1			—		8	Loss on Drying	≤ 12.0 %	OUTSOURCED	6,7	FARMAHEM	051-2-ГС/26	
2	First-issue CoQ, remaining batches	CoQ-PP-2026-0010	2026-03-02	SJ112501		Sleepy Joe	1			—		9a	TAMC	≤ 10^5 CFU/g	MISSING				OUTSOURCE
2	First-issue CoQ, remaining batches	CoQ-PP-2026-0010	2026-03-02	SJ112501		Sleepy Joe	1			—		9b	TYMC	≤ 10^4 CFU/g	MISSING				OUTSOURCE
2	First-issue CoQ, remaining batches	CoQ-PP-2026-0010	2026-03-02	SJ112501		Sleepy Joe	1			—		9c	Bile-tolerant gram-neg.	≤ 10^4 CFU/g	MISSING				OUTSOURCE
2	First-issue CoQ, remaining batches	CoQ-PP-2026-0010	2026-03-02	SJ112501		Sleepy Joe	1			—		9d	Salmonella	Absence / 25 g	MISSING				OUTSOURCE
2	First-issue CoQ, remaining batches	CoQ-PP-2026-0010	2026-03-02	SJ112501		Sleepy Joe	1			—		9e	Escherichia coli	Absence / 1 g	MISSING				OUTSOURCE
2	First-issue CoQ, remaining batches	CoQ-PP-2026-0010	2026-03-02	SJ112501		Sleepy Joe	1			—		10a	Aflatoxin B1	≤ 2 µg/kg	MISSING				OUTSOURCE
2	First-issue CoQ, remaining batches	CoQ-PP-2026-0010	2026-03-02	SJ112501		Sleepy Joe	1			—		10b	Aflatoxins ∑ (B1+B2+G1+G2)	≤ 4 µg/kg	MISSING				OUTSOURCE
2	First-issue CoQ, remaining batches	CoQ-PP-2026-0010	2026-03-02	SJ112501		Sleepy Joe	1			—		10c	Ochratoxin A	≤ 20 µg/kg	MISSING				OUTSOURCE
2	First-issue CoQ, remaining batches	CoQ-PP-2026-0010	2026-03-02	SJ112501		Sleepy Joe	1			—		11a	Lead (Pb)	≤ 0.5 mg/kg	MISSING				OUTSOURCE
2	First-issue CoQ, remaining batches	CoQ-PP-2026-0010	2026-03-02	SJ112501		Sleepy Joe	1			—		11b	Cadmium (Cd)	≤ 0.3 mg/kg	MISSING				OUTSOURCE
2	First-issue CoQ, remaining batches	CoQ-PP-2026-0010	2026-03-02	SJ112501		Sleepy Joe	1			—		11c	Arsenic (As)	≤ 0.2 mg/kg	MISSING				OUTSOURCE
2	First-issue CoQ, remaining batches	CoQ-PP-2026-0010	2026-03-02	SJ112501		Sleepy Joe	1			—		11d	Mercury (Hg)	≤ 0.1 mg/kg	MISSING				OUTSOURCE
2	First-issue CoQ, remaining batches	CoQ-PP-2026-0010	2026-03-02	SJ112501		Sleepy Joe	1			—		12	Pesticide Residues	≤ LOQ per 2.8.13	MISSING				OUTSOURCE
2	First-issue CoQ, remaining batches	CoQ-PP-2026-0011	2026-03-04	GRC102501_2	P060182	Grapes and Cream	1			T2	QCSP_001_GRC-I_v.01	1	Identification A, Appearance	Conforms to monograph	HELD				ruling
2	First-issue CoQ, remaining batches	CoQ-PP-2026-0011	2026-03-04	GRC102501_2	P060182	Grapes and Cream	1			T2	QCSP_001_GRC-I_v.01	2	Identification B	Conforms to monograph	HELD				ruling
2	First-issue CoQ, remaining batches	CoQ-PP-2026-0011	2026-03-04	GRC102501_2	P060182	Grapes and Cream	1			T2	QCSP_001_GRC-I_v.01	3	Identification C	Conforms to monograph	HELD				ruling
2	First-issue CoQ, remaining batches	CoQ-PP-2026-0011	2026-03-04	GRC102501_2	P060182	Grapes and Cream	1			T2	QCSP_001_GRC-I_v.01	4	Assay — Total Δ9-THC	9.00 - 10.99 %	OUTSOURCED	11.53	FARMAHEM		
2	First-issue CoQ, remaining batches	CoQ-PP-2026-0011	2026-03-04	GRC102501_2	P060182	Grapes and Cream	1			T2	QCSP_001_GRC-I_v.01	5	Assay — Total CBD	≤ 1.0 %, w/w	OUTSOURCED	<LOQ**	FARMAHEM		
2	First-issue CoQ, remaining batches	CoQ-PP-2026-0011	2026-03-04	GRC102501_2	P060182	Grapes and Cream	1			T2	QCSP_001_GRC-I_v.01	6	Total CBN	≤ 1.0 %, w/w	OUTSOURCED	<LOQ**	FARMAHEM		
2	First-issue CoQ, remaining batches	CoQ-PP-2026-0011	2026-03-04	GRC102501_2	P060182	Grapes and Cream	1			T2	QCSP_001_GRC-I_v.01	7	Foreign Matter	≤ 2.0 % / 25–50 g	MISSING				iCoA
2	First-issue CoQ, remaining batches	CoQ-PP-2026-0011	2026-03-04	GRC102501_2	P060182	Grapes and Cream	1			T2	QCSP_001_GRC-I_v.01	8	Loss on Drying	≤ 12.0 %	OUTSOURCED	7,7	FARMAHEM	051-6-ГС/26	
2	First-issue CoQ, remaining batches	CoQ-PP-2026-0011	2026-03-04	GRC102501_2	P060182	Grapes and Cream	1			T2	QCSP_001_GRC-I_v.01	9a	TAMC	≤ 10^5 CFU/g	MISSING				OUTSOURCE
2	First-issue CoQ, remaining batches	CoQ-PP-2026-0011	2026-03-04	GRC102501_2	P060182	Grapes and Cream	1			T2	QCSP_001_GRC-I_v.01	9b	TYMC	≤ 10^4 CFU/g	MISSING				OUTSOURCE
2	First-issue CoQ, remaining batches	CoQ-PP-2026-0011	2026-03-04	GRC102501_2	P060182	Grapes and Cream	1			T2	QCSP_001_GRC-I_v.01	9c	Bile-tolerant gram-neg.	≤ 10^4 CFU/g	MISSING				OUTSOURCE
2	First-issue CoQ, remaining batches	CoQ-PP-2026-0011	2026-03-04	GRC102501_2	P060182	Grapes and Cream	1			T2	QCSP_001_GRC-I_v.01	9d	Salmonella	Absence / 25 g	MISSING				OUTSOURCE
2	First-issue CoQ, remaining batches	CoQ-PP-2026-0011	2026-03-04	GRC102501_2	P060182	Grapes and Cream	1			T2	QCSP_001_GRC-I_v.01	9e	Escherichia coli	Absence / 1 g	MISSING				OUTSOURCE
2	First-issue CoQ, remaining batches	CoQ-PP-2026-0011	2026-03-04	GRC102501_2	P060182	Grapes and Cream	1			T2	QCSP_001_GRC-I_v.01	10a	Aflatoxin B1	≤ 2 µg/kg	MISSING				OUTSOURCE
2	First-issue CoQ, remaining batches	CoQ-PP-2026-0011	2026-03-04	GRC102501_2	P060182	Grapes and Cream	1			T2	QCSP_001_GRC-I_v.01	10b	Aflatoxins ∑ (B1+B2+G1+G2)	≤ 4 µg/kg	MISSING				OUTSOURCE
2	First-issue CoQ, remaining batches	CoQ-PP-2026-0011	2026-03-04	GRC102501_2	P060182	Grapes and Cream	1			T2	QCSP_001_GRC-I_v.01	10c	Ochratoxin A	≤ 20 µg/kg	MISSING				OUTSOURCE
2	First-issue CoQ, remaining batches	CoQ-PP-2026-0011	2026-03-04	GRC102501_2	P060182	Grapes and Cream	1			T2	QCSP_001_GRC-I_v.01	11a	Lead (Pb)	≤ 0.5 mg/kg	MISSING				OUTSOURCE
2	First-issue CoQ, remaining batches	CoQ-PP-2026-0011	2026-03-04	GRC102501_2	P060182	Grapes and Cream	1			T2	QCSP_001_GRC-I_v.01	11b	Cadmium (Cd)	≤ 0.3 mg/kg	MISSING				OUTSOURCE
2	First-issue CoQ, remaining batches	CoQ-PP-2026-0011	2026-03-04	GRC102501_2	P060182	Grapes and Cream	1			T2	QCSP_001_GRC-I_v.01	11c	Arsenic (As)	≤ 0.2 mg/kg	MISSING				OUTSOURCE
2	First-issue CoQ, remaining batches	CoQ-PP-2026-0011	2026-03-04	GRC102501_2	P060182	Grapes and Cream	1			T2	QCSP_001_GRC-I_v.01	11d	Mercury (Hg)	≤ 0.1 mg/kg	MISSING				OUTSOURCE
2	First-issue CoQ, remaining batches	CoQ-PP-2026-0011	2026-03-04	GRC102501_2	P060182	Grapes and Cream	1			T2	QCSP_001_GRC-I_v.01	12	Pesticide Residues	≤ LOQ per 2.8.13	MISSING				OUTSOURCE
2	First-issue CoQ, remaining batches	CoQ-PP-2026-0012	2026-03-04	J31102501	P060152	Jokerz 31	1			T1	QCSP_001_J31-I_v.01	1	Identification A, Appearance	Conforms to monograph	MISSING				iCoA
2	First-issue CoQ, remaining batches	CoQ-PP-2026-0012	2026-03-04	J31102501	P060152	Jokerz 31	1			T1	QCSP_001_J31-I_v.01	2	Identification B	Conforms to monograph	MISSING				iCoA
2	First-issue CoQ, remaining batches	CoQ-PP-2026-0012	2026-03-04	J31102501	P060152	Jokerz 31	1			T1	QCSP_001_J31-I_v.01	3	Identification C	Conforms to monograph	MISSING				iCoA?
2	First-issue CoQ, remaining batches	CoQ-PP-2026-0012	2026-03-04	J31102501	P060152	Jokerz 31	1			T1	QCSP_001_J31-I_v.01	4	Assay — Total Δ9-THC	16.20 - 19.79 %	OUTSOURCED	19.14	FARMAHEM	051-1-К/26	
2	First-issue CoQ, remaining batches	CoQ-PP-2026-0012	2026-03-04	J31102501	P060152	Jokerz 31	1			T1	QCSP_001_J31-I_v.01	5	Assay — Total CBD	≤ 1.0 %, w/w	OUTSOURCED	<LOQ**	FARMAHEM	051-1-К/26	
2	First-issue CoQ, remaining batches	CoQ-PP-2026-0012	2026-03-04	J31102501	P060152	Jokerz 31	1			T1	QCSP_001_J31-I_v.01	6	Total CBN	≤ 1.0 %, w/w	OUTSOURCED	<LOQ**	FARMAHEM	051-1-К/26	
2	First-issue CoQ, remaining batches	CoQ-PP-2026-0012	2026-03-04	J31102501	P060152	Jokerz 31	1			T1	QCSP_001_J31-I_v.01	7	Foreign Matter	≤ 2.0 % / 25–50 g	MISSING				iCoA
2	First-issue CoQ, remaining batches	CoQ-PP-2026-0012	2026-03-04	J31102501	P060152	Jokerz 31	1			T1	QCSP_001_J31-I_v.01	8	Loss on Drying	≤ 12.0 %	OUTSOURCED	6,3	FARMAHEM	051-1-ГС/26	
2	First-issue CoQ, remaining batches	CoQ-PP-2026-0012	2026-03-04	J31102501	P060152	Jokerz 31	1			T1	QCSP_001_J31-I_v.01	9a	TAMC	≤ 10^5 CFU/g	MISSING				OUTSOURCE
2	First-issue CoQ, remaining batches	CoQ-PP-2026-0012	2026-03-04	J31102501	P060152	Jokerz 31	1			T1	QCSP_001_J31-I_v.01	9b	TYMC	≤ 10^4 CFU/g	MISSING				OUTSOURCE
2	First-issue CoQ, remaining batches	CoQ-PP-2026-0012	2026-03-04	J31102501	P060152	Jokerz 31	1			T1	QCSP_001_J31-I_v.01	9c	Bile-tolerant gram-neg.	≤ 10^4 CFU/g	MISSING				OUTSOURCE
2	First-issue CoQ, remaining batches	CoQ-PP-2026-0012	2026-03-04	J31102501	P060152	Jokerz 31	1			T1	QCSP_001_J31-I_v.01	9d	Salmonella	Absence / 25 g	MISSING				OUTSOURCE
2	First-issue CoQ, remaining batches	CoQ-PP-2026-0012	2026-03-04	J31102501	P060152	Jokerz 31	1			T1	QCSP_001_J31-I_v.01	9e	Escherichia coli	Absence / 1 g	MISSING				OUTSOURCE
2	First-issue CoQ, remaining batches	CoQ-PP-2026-0012	2026-03-04	J31102501	P060152	Jokerz 31	1			T1	QCSP_001_J31-I_v.01	10a	Aflatoxin B1	≤ 2 µg/kg	MISSING				OUTSOURCE
2	First-issue CoQ, remaining batches	CoQ-PP-2026-0012	2026-03-04	J31102501	P060152	Jokerz 31	1			T1	QCSP_001_J31-I_v.01	10b	Aflatoxins ∑ (B1+B2+G1+G2)	≤ 4 µg/kg	MISSING				OUTSOURCE
2	First-issue CoQ, remaining batches	CoQ-PP-2026-0012	2026-03-04	J31102501	P060152	Jokerz 31	1			T1	QCSP_001_J31-I_v.01	10c	Ochratoxin A	≤ 20 µg/kg	MISSING				OUTSOURCE
2	First-issue CoQ, remaining batches	CoQ-PP-2026-0012	2026-03-04	J31102501	P060152	Jokerz 31	1			T1	QCSP_001_J31-I_v.01	11a	Lead (Pb)	≤ 0.5 mg/kg	MISSING				OUTSOURCE
2	First-issue CoQ, remaining batches	CoQ-PP-2026-0012	2026-03-04	J31102501	P060152	Jokerz 31	1			T1	QCSP_001_J31-I_v.01	11b	Cadmium (Cd)	≤ 0.3 mg/kg	MISSING				OUTSOURCE
2	First-issue CoQ, remaining batches	CoQ-PP-2026-0012	2026-03-04	J31102501	P060152	Jokerz 31	1			T1	QCSP_001_J31-I_v.01	11c	Arsenic (As)	≤ 0.2 mg/kg	MISSING				OUTSOURCE
2	First-issue CoQ, remaining batches	CoQ-PP-2026-0012	2026-03-04	J31102501	P060152	Jokerz 31	1			T1	QCSP_001_J31-I_v.01	11d	Mercury (Hg)	≤ 0.1 mg/kg	MISSING				OUTSOURCE
2	First-issue CoQ, remaining batches	CoQ-PP-2026-0012	2026-03-04	J31102501	P060152	Jokerz 31	1			T1	QCSP_001_J31-I_v.01	12	Pesticide Residues	≤ LOQ per 2.8.13	MISSING				OUTSOURCE
2	First-issue CoQ, remaining batches	CoQ-PP-2026-0013	2026-03-04	KC102501	P060172	Kush Crasher	1			T2	QCSP_001_KC-I_v.01	1	Identification A, Appearance	Conforms to monograph	HELD				ruling
2	First-issue CoQ, remaining batches	CoQ-PP-2026-0013	2026-03-04	KC102501	P060172	Kush Crasher	1			T2	QCSP_001_KC-I_v.01	2	Identification B	Conforms to monograph	HELD				ruling
2	First-issue CoQ, remaining batches	CoQ-PP-2026-0013	2026-03-04	KC102501	P060172	Kush Crasher	1			T2	QCSP_001_KC-I_v.01	3	Identification C	Conforms to monograph	HELD				ruling
2	First-issue CoQ, remaining batches	CoQ-PP-2026-0013	2026-03-04	KC102501	P060172	Kush Crasher	1			T2	QCSP_001_KC-I_v.01	4	Assay — Total Δ9-THC	14.40 - 17.59 %	OUTSOURCED	17.04	FARMAHEM	051-4-К/26	
2	First-issue CoQ, remaining batches	CoQ-PP-2026-0013	2026-03-04	KC102501	P060172	Kush Crasher	1			T2	QCSP_001_KC-I_v.01	5	Assay — Total CBD	≤ 1.0 %, w/w	OUTSOURCED	<LOQ**	FARMAHEM	051-4-К/26	
2	First-issue CoQ, remaining batches	CoQ-PP-2026-0013	2026-03-04	KC102501	P060172	Kush Crasher	1			T2	QCSP_001_KC-I_v.01	6	Total CBN	≤ 1.0 %, w/w	OUTSOURCED	<LOQ**	FARMAHEM	051-4-К/26	
2	First-issue CoQ, remaining batches	CoQ-PP-2026-0013	2026-03-04	KC102501	P060172	Kush Crasher	1			T2	QCSP_001_KC-I_v.01	7	Foreign Matter	≤ 2.0 % / 25–50 g	MISSING				iCoA
2	First-issue CoQ, remaining batches	CoQ-PP-2026-0013	2026-03-04	KC102501	P060172	Kush Crasher	1			T2	QCSP_001_KC-I_v.01	8	Loss on Drying	≤ 12.0 %	OUTSOURCED	8,6	FARMAHEM	051-4-ГС/26	
2	First-issue CoQ, remaining batches	CoQ-PP-2026-0013	2026-03-04	KC102501	P060172	Kush Crasher	1			T2	QCSP_001_KC-I_v.01	9a	TAMC	≤ 10^5 CFU/g	MISSING				OUTSOURCE
2	First-issue CoQ, remaining batches	CoQ-PP-2026-0013	2026-03-04	KC102501	P060172	Kush Crasher	1			T2	QCSP_001_KC-I_v.01	9b	TYMC	≤ 10^4 CFU/g	MISSING				OUTSOURCE
2	First-issue CoQ, remaining batches	CoQ-PP-2026-0013	2026-03-04	KC102501	P060172	Kush Crasher	1			T2	QCSP_001_KC-I_v.01	9c	Bile-tolerant gram-neg.	≤ 10^4 CFU/g	MISSING				OUTSOURCE
2	First-issue CoQ, remaining batches	CoQ-PP-2026-0013	2026-03-04	KC102501	P060172	Kush Crasher	1			T2	QCSP_001_KC-I_v.01	9d	Salmonella	Absence / 25 g	MISSING				OUTSOURCE
2	First-issue CoQ, remaining batches	CoQ-PP-2026-0013	2026-03-04	KC102501	P060172	Kush Crasher	1			T2	QCSP_001_KC-I_v.01	9e	Escherichia coli	Absence / 1 g	MISSING				OUTSOURCE
2	First-issue CoQ, remaining batches	CoQ-PP-2026-0013	2026-03-04	KC102501	P060172	Kush Crasher	1			T2	QCSP_001_KC-I_v.01	10a	Aflatoxin B1	≤ 2 µg/kg	MISSING				OUTSOURCE
2	First-issue CoQ, remaining batches	CoQ-PP-2026-0013	2026-03-04	KC102501	P060172	Kush Crasher	1			T2	QCSP_001_KC-I_v.01	10b	Aflatoxins ∑ (B1+B2+G1+G2)	≤ 4 µg/kg	MISSING				OUTSOURCE
2	First-issue CoQ, remaining batches	CoQ-PP-2026-0013	2026-03-04	KC102501	P060172	Kush Crasher	1			T2	QCSP_001_KC-I_v.01	10c	Ochratoxin A	≤ 20 µg/kg	MISSING				OUTSOURCE
2	First-issue CoQ, remaining batches	CoQ-PP-2026-0013	2026-03-04	KC102501	P060172	Kush Crasher	1			T2	QCSP_001_KC-I_v.01	11a	Lead (Pb)	≤ 0.5 mg/kg	MISSING				OUTSOURCE
2	First-issue CoQ, remaining batches	CoQ-PP-2026-0013	2026-03-04	KC102501	P060172	Kush Crasher	1			T2	QCSP_001_KC-I_v.01	11b	Cadmium (Cd)	≤ 0.3 mg/kg	MISSING				OUTSOURCE
2	First-issue CoQ, remaining batches	CoQ-PP-2026-0013	2026-03-04	KC102501	P060172	Kush Crasher	1			T2	QCSP_001_KC-I_v.01	11c	Arsenic (As)	≤ 0.2 mg/kg	MISSING				OUTSOURCE
2	First-issue CoQ, remaining batches	CoQ-PP-2026-0013	2026-03-04	KC102501	P060172	Kush Crasher	1			T2	QCSP_001_KC-I_v.01	11d	Mercury (Hg)	≤ 0.1 mg/kg	MISSING				OUTSOURCE
2	First-issue CoQ, remaining batches	CoQ-PP-2026-0013	2026-03-04	KC102501	P060172	Kush Crasher	1			T2	QCSP_001_KC-I_v.01	12	Pesticide Residues	≤ LOQ per 2.8.13	MISSING				OUTSOURCE
2	First-issue CoQ, remaining batches	CoQ-PP-2026-0014	2026-03-04	SJ102501		Sleepy Joe	1			—		1	Identification A, Appearance	Conforms to monograph	HELD				ruling
2	First-issue CoQ, remaining batches	CoQ-PP-2026-0014	2026-03-04	SJ102501		Sleepy Joe	1			—		2	Identification B	Conforms to monograph	HELD				ruling
2	First-issue CoQ, remaining batches	CoQ-PP-2026-0014	2026-03-04	SJ102501		Sleepy Joe	1			—		3	Identification C	Conforms to monograph	HELD				ruling
2	First-issue CoQ, remaining batches	CoQ-PP-2026-0014	2026-03-04	SJ102501		Sleepy Joe	1			—		4	Assay — Total Δ9-THC	NO MASTER ROW - criterion unknown	OUTSOURCED	11.20	FARMAHEM	051-3-К/26	
2	First-issue CoQ, remaining batches	CoQ-PP-2026-0014	2026-03-04	SJ102501		Sleepy Joe	1			—		5	Assay — Total CBD	≤ 1.0 %, w/w	OUTSOURCED	<LOQ**	FARMAHEM	051-3-К/26	
2	First-issue CoQ, remaining batches	CoQ-PP-2026-0014	2026-03-04	SJ102501		Sleepy Joe	1			—		6	Total CBN	≤ 1.0 %, w/w	OUTSOURCED	<LOQ**	FARMAHEM	051-3-К/26	
2	First-issue CoQ, remaining batches	CoQ-PP-2026-0014	2026-03-04	SJ102501		Sleepy Joe	1			—		7	Foreign Matter	≤ 2.0 % / 25–50 g	MISSING				iCoA
2	First-issue CoQ, remaining batches	CoQ-PP-2026-0014	2026-03-04	SJ102501		Sleepy Joe	1			—		8	Loss on Drying	≤ 12.0 %	OUTSOURCED	7,8	FARMAHEM	051-3-ГС/26	
2	First-issue CoQ, remaining batches	CoQ-PP-2026-0014	2026-03-04	SJ102501		Sleepy Joe	1			—		9a	TAMC	≤ 10^5 CFU/g	MISSING				OUTSOURCE
2	First-issue CoQ, remaining batches	CoQ-PP-2026-0014	2026-03-04	SJ102501		Sleepy Joe	1			—		9b	TYMC	≤ 10^4 CFU/g	MISSING				OUTSOURCE
2	First-issue CoQ, remaining batches	CoQ-PP-2026-0014	2026-03-04	SJ102501		Sleepy Joe	1			—		9c	Bile-tolerant gram-neg.	≤ 10^4 CFU/g	MISSING				OUTSOURCE
2	First-issue CoQ, remaining batches	CoQ-PP-2026-0014	2026-03-04	SJ102501		Sleepy Joe	1			—		9d	Salmonella	Absence / 25 g	MISSING				OUTSOURCE
2	First-issue CoQ, remaining batches	CoQ-PP-2026-0014	2026-03-04	SJ102501		Sleepy Joe	1			—		9e	Escherichia coli	Absence / 1 g	MISSING				OUTSOURCE
2	First-issue CoQ, remaining batches	CoQ-PP-2026-0014	2026-03-04	SJ102501		Sleepy Joe	1			—		10a	Aflatoxin B1	≤ 2 µg/kg	MISSING				OUTSOURCE
2	First-issue CoQ, remaining batches	CoQ-PP-2026-0014	2026-03-04	SJ102501		Sleepy Joe	1			—		10b	Aflatoxins ∑ (B1+B2+G1+G2)	≤ 4 µg/kg	MISSING				OUTSOURCE
2	First-issue CoQ, remaining batches	CoQ-PP-2026-0014	2026-03-04	SJ102501		Sleepy Joe	1			—		10c	Ochratoxin A	≤ 20 µg/kg	MISSING				OUTSOURCE
2	First-issue CoQ, remaining batches	CoQ-PP-2026-0014	2026-03-04	SJ102501		Sleepy Joe	1			—		11a	Lead (Pb)	≤ 0.5 mg/kg	MISSING				OUTSOURCE
2	First-issue CoQ, remaining batches	CoQ-PP-2026-0014	2026-03-04	SJ102501		Sleepy Joe	1			—		11b	Cadmium (Cd)	≤ 0.3 mg/kg	MISSING				OUTSOURCE
2	First-issue CoQ, remaining batches	CoQ-PP-2026-0014	2026-03-04	SJ102501		Sleepy Joe	1			—		11c	Arsenic (As)	≤ 0.2 mg/kg	MISSING				OUTSOURCE
2	First-issue CoQ, remaining batches	CoQ-PP-2026-0014	2026-03-04	SJ102501		Sleepy Joe	1			—		11d	Mercury (Hg)	≤ 0.1 mg/kg	MISSING				OUTSOURCE
2	First-issue CoQ, remaining batches	CoQ-PP-2026-0014	2026-03-04	SJ102501		Sleepy Joe	1			—		12	Pesticide Residues	≤ LOQ per 2.8.13	MISSING				OUTSOURCE
2	First-issue CoQ, remaining batches	CoQ-PP-2026-0015	2026-03-05	PM112501	P060232	Permanent Marker	1			T2	QCSP_001_PM-II_v.01	1	Identification A, Appearance	Conforms to monograph	MISSING				iCoA
2	First-issue CoQ, remaining batches	CoQ-PP-2026-0015	2026-03-05	PM112501	P060232	Permanent Marker	1			T2	QCSP_001_PM-II_v.01	2	Identification B	Conforms to monograph	MISSING				iCoA
2	First-issue CoQ, remaining batches	CoQ-PP-2026-0015	2026-03-05	PM112501	P060232	Permanent Marker	1			T2	QCSP_001_PM-II_v.01	3	Identification C	Conforms to monograph	MISSING				iCoA?
2	First-issue CoQ, remaining batches	CoQ-PP-2026-0015	2026-03-05	PM112501	P060232	Permanent Marker	1			T2	QCSP_001_PM-II_v.01	4	Assay — Total Δ9-THC	9.00 - 10.99 %	OUTSOURCED	13.33 %	UKIM_CNP	ППК26030	
2	First-issue CoQ, remaining batches	CoQ-PP-2026-0015	2026-03-05	PM112501	P060232	Permanent Marker	1			T2	QCSP_001_PM-II_v.01	5	Assay — Total CBD	≤ 1.0 %, w/w	OUTSOURCED	0.03 %	UKIM_CNP	ППК26030	
2	First-issue CoQ, remaining batches	CoQ-PP-2026-0015	2026-03-05	PM112501	P060232	Permanent Marker	1			T2	QCSP_001_PM-II_v.01	6	Total CBN	≤ 1.0 %, w/w	MISSING				OUTSOURCE
2	First-issue CoQ, remaining batches	CoQ-PP-2026-0015	2026-03-05	PM112501	P060232	Permanent Marker	1			T2	QCSP_001_PM-II_v.01	7	Foreign Matter	≤ 2.0 % / 25–50 g	MISSING				iCoA
2	First-issue CoQ, remaining batches	CoQ-PP-2026-0015	2026-03-05	PM112501	P060232	Permanent Marker	1			T2	QCSP_001_PM-II_v.01	8	Loss on Drying	≤ 12.0 %	OUTSOURCED	8.61 %	UKIM_CNP	ППК26030	
2	First-issue CoQ, remaining batches	CoQ-PP-2026-0015	2026-03-05	PM112501	P060232	Permanent Marker	1			T2	QCSP_001_PM-II_v.01	9a	TAMC	≤ 10^5 CFU/g	MISSING				OUTSOURCE
2	First-issue CoQ, remaining batches	CoQ-PP-2026-0015	2026-03-05	PM112501	P060232	Permanent Marker	1			T2	QCSP_001_PM-II_v.01	9b	TYMC	≤ 10^4 CFU/g	MISSING				OUTSOURCE
2	First-issue CoQ, remaining batches	CoQ-PP-2026-0015	2026-03-05	PM112501	P060232	Permanent Marker	1			T2	QCSP_001_PM-II_v.01	9c	Bile-tolerant gram-neg.	≤ 10^4 CFU/g	MISSING				OUTSOURCE
2	First-issue CoQ, remaining batches	CoQ-PP-2026-0015	2026-03-05	PM112501	P060232	Permanent Marker	1			T2	QCSP_001_PM-II_v.01	9d	Salmonella	Absence / 25 g	MISSING				OUTSOURCE
2	First-issue CoQ, remaining batches	CoQ-PP-2026-0015	2026-03-05	PM112501	P060232	Permanent Marker	1			T2	QCSP_001_PM-II_v.01	9e	Escherichia coli	Absence / 1 g	MISSING				OUTSOURCE
2	First-issue CoQ, remaining batches	CoQ-PP-2026-0015	2026-03-05	PM112501	P060232	Permanent Marker	1			T2	QCSP_001_PM-II_v.01	10a	Aflatoxin B1	≤ 2 µg/kg	MISSING				OUTSOURCE
2	First-issue CoQ, remaining batches	CoQ-PP-2026-0015	2026-03-05	PM112501	P060232	Permanent Marker	1			T2	QCSP_001_PM-II_v.01	10b	Aflatoxins ∑ (B1+B2+G1+G2)	≤ 4 µg/kg	MISSING				OUTSOURCE
2	First-issue CoQ, remaining batches	CoQ-PP-2026-0015	2026-03-05	PM112501	P060232	Permanent Marker	1			T2	QCSP_001_PM-II_v.01	10c	Ochratoxin A	≤ 20 µg/kg	MISSING				OUTSOURCE
2	First-issue CoQ, remaining batches	CoQ-PP-2026-0015	2026-03-05	PM112501	P060232	Permanent Marker	1			T2	QCSP_001_PM-II_v.01	11a	Lead (Pb)	≤ 0.5 mg/kg	MISSING				OUTSOURCE
2	First-issue CoQ, remaining batches	CoQ-PP-2026-0015	2026-03-05	PM112501	P060232	Permanent Marker	1			T2	QCSP_001_PM-II_v.01	11b	Cadmium (Cd)	≤ 0.3 mg/kg	MISSING				OUTSOURCE
2	First-issue CoQ, remaining batches	CoQ-PP-2026-0015	2026-03-05	PM112501	P060232	Permanent Marker	1			T2	QCSP_001_PM-II_v.01	11c	Arsenic (As)	≤ 0.2 mg/kg	MISSING				OUTSOURCE
2	First-issue CoQ, remaining batches	CoQ-PP-2026-0015	2026-03-05	PM112501	P060232	Permanent Marker	1			T2	QCSP_001_PM-II_v.01	11d	Mercury (Hg)	≤ 0.1 mg/kg	MISSING				OUTSOURCE
2	First-issue CoQ, remaining batches	CoQ-PP-2026-0015	2026-03-05	PM112501	P060232	Permanent Marker	1			T2	QCSP_001_PM-II_v.01	12	Pesticide Residues	≤ LOQ per 2.8.13	MISSING				OUTSOURCE
2	First-issue CoQ, remaining batches	CoQ-PP-2026-0018	2026-04-09	J31112501		Jokerz 31	1			—		1	Identification A, Appearance	Conforms to monograph	HELD				ruling
2	First-issue CoQ, remaining batches	CoQ-PP-2026-0018	2026-04-09	J31112501		Jokerz 31	1			—		2	Identification B	Conforms to monograph	HELD				ruling
2	First-issue CoQ, remaining batches	CoQ-PP-2026-0018	2026-04-09	J31112501		Jokerz 31	1			—		3	Identification C	Conforms to monograph	MISSING				iCoA?
2	First-issue CoQ, remaining batches	CoQ-PP-2026-0018	2026-04-09	J31112501		Jokerz 31	1			—		4	Assay — Total Δ9-THC	NO MASTER ROW - criterion unknown	OUTSOURCED	20.21	FARMAHEM	100-1-К/26	
2	First-issue CoQ, remaining batches	CoQ-PP-2026-0018	2026-04-09	J31112501		Jokerz 31	1			—		5	Assay — Total CBD	≤ 1.0 %, w/w	OUTSOURCED	<LOQ	FARMAHEM	100-1-К/26	
2	First-issue CoQ, remaining batches	CoQ-PP-2026-0018	2026-04-09	J31112501		Jokerz 31	1			—		6	Total CBN	≤ 1.0 %, w/w	OUTSOURCED	<LOQ	FARMAHEM	100-1-К/26	
2	First-issue CoQ, remaining batches	CoQ-PP-2026-0018	2026-04-09	J31112501		Jokerz 31	1			—		7	Foreign Matter	≤ 2.0 % / 25–50 g	MISSING				iCoA
2	First-issue CoQ, remaining batches	CoQ-PP-2026-0018	2026-04-09	J31112501		Jokerz 31	1			—		8	Loss on Drying	≤ 12.0 %	OUTSOURCED	7,6	FARMAHEM	100-1-ГС/26	
2	First-issue CoQ, remaining batches	CoQ-PP-2026-0018	2026-04-09	J31112501		Jokerz 31	1			—		9a	TAMC	≤ 10^5 CFU/g	MISSING				OUTSOURCE
2	First-issue CoQ, remaining batches	CoQ-PP-2026-0018	2026-04-09	J31112501		Jokerz 31	1			—		9b	TYMC	≤ 10^4 CFU/g	MISSING				OUTSOURCE
2	First-issue CoQ, remaining batches	CoQ-PP-2026-0018	2026-04-09	J31112501		Jokerz 31	1			—		9c	Bile-tolerant gram-neg.	≤ 10^4 CFU/g	MISSING				OUTSOURCE
2	First-issue CoQ, remaining batches	CoQ-PP-2026-0018	2026-04-09	J31112501		Jokerz 31	1			—		9d	Salmonella	Absence / 25 g	MISSING				OUTSOURCE
2	First-issue CoQ, remaining batches	CoQ-PP-2026-0018	2026-04-09	J31112501		Jokerz 31	1			—		9e	Escherichia coli	Absence / 1 g	MISSING				OUTSOURCE
2	First-issue CoQ, remaining batches	CoQ-PP-2026-0018	2026-04-09	J31112501		Jokerz 31	1			—		10a	Aflatoxin B1	≤ 2 µg/kg	MISSING				OUTSOURCE
2	First-issue CoQ, remaining batches	CoQ-PP-2026-0018	2026-04-09	J31112501		Jokerz 31	1			—		10b	Aflatoxins ∑ (B1+B2+G1+G2)	≤ 4 µg/kg	MISSING				OUTSOURCE
2	First-issue CoQ, remaining batches	CoQ-PP-2026-0018	2026-04-09	J31112501		Jokerz 31	1			—		10c	Ochratoxin A	≤ 20 µg/kg	MISSING				OUTSOURCE
2	First-issue CoQ, remaining batches	CoQ-PP-2026-0018	2026-04-09	J31112501		Jokerz 31	1			—		11a	Lead (Pb)	≤ 0.5 mg/kg	MISSING				OUTSOURCE
2	First-issue CoQ, remaining batches	CoQ-PP-2026-0018	2026-04-09	J31112501		Jokerz 31	1			—		11b	Cadmium (Cd)	≤ 0.3 mg/kg	MISSING				OUTSOURCE
2	First-issue CoQ, remaining batches	CoQ-PP-2026-0018	2026-04-09	J31112501		Jokerz 31	1			—		11c	Arsenic (As)	≤ 0.2 mg/kg	MISSING				OUTSOURCE
2	First-issue CoQ, remaining batches	CoQ-PP-2026-0018	2026-04-09	J31112501		Jokerz 31	1			—		11d	Mercury (Hg)	≤ 0.1 mg/kg	MISSING				OUTSOURCE
2	First-issue CoQ, remaining batches	CoQ-PP-2026-0018	2026-04-09	J31112501		Jokerz 31	1			—		12	Pesticide Residues	≤ LOQ per 2.8.13	MISSING				OUTSOURCE
2	First-issue CoQ, remaining batches	CoQ-PP-2026-0019	2026-04-23	OPM122501	P060242	Orange Punch Mimosa	1			T1	QCSP_001_OPM-V_v.01	1	Identification A, Appearance	Conforms to monograph	MISSING				iCoA
2	First-issue CoQ, remaining batches	CoQ-PP-2026-0019	2026-04-23	OPM122501	P060242	Orange Punch Mimosa	1			T1	QCSP_001_OPM-V_v.01	2	Identification B	Conforms to monograph	MISSING				iCoA
2	First-issue CoQ, remaining batches	CoQ-PP-2026-0019	2026-04-23	OPM122501	P060242	Orange Punch Mimosa	1			T1	QCSP_001_OPM-V_v.01	3	Identification C	Conforms to monograph	MISSING				iCoA?
2	First-issue CoQ, remaining batches	CoQ-PP-2026-0019	2026-04-23	OPM122501	P060242	Orange Punch Mimosa	1			T1	QCSP_001_OPM-V_v.01	4	Assay — Total Δ9-THC	7.20 - 8.79 %	OUTSOURCED	8.09	FARMAHEM	100-4-К/26	
2	First-issue CoQ, remaining batches	CoQ-PP-2026-0019	2026-04-23	OPM122501	P060242	Orange Punch Mimosa	1			T1	QCSP_001_OPM-V_v.01	5	Assay — Total CBD	≤ 1.0 %, w/w	OUTSOURCED	<LOQ	FARMAHEM	100-4-К/26	
2	First-issue CoQ, remaining batches	CoQ-PP-2026-0019	2026-04-23	OPM122501	P060242	Orange Punch Mimosa	1			T1	QCSP_001_OPM-V_v.01	6	Total CBN	≤ 1.0 %, w/w	OUTSOURCED	<LOQ	FARMAHEM	100-4-К/26	
2	First-issue CoQ, remaining batches	CoQ-PP-2026-0019	2026-04-23	OPM122501	P060242	Orange Punch Mimosa	1			T1	QCSP_001_OPM-V_v.01	7	Foreign Matter	≤ 2.0 % / 25–50 g	MISSING				iCoA
2	First-issue CoQ, remaining batches	CoQ-PP-2026-0019	2026-04-23	OPM122501	P060242	Orange Punch Mimosa	1			T1	QCSP_001_OPM-V_v.01	8	Loss on Drying	≤ 12.0 %	OUTSOURCED	6,6	FARMAHEM	100-4-ГС/26	
2	First-issue CoQ, remaining batches	CoQ-PP-2026-0019	2026-04-23	OPM122501	P060242	Orange Punch Mimosa	1			T1	QCSP_001_OPM-V_v.01	9a	TAMC	≤ 10^5 CFU/g	OUTSOURCED	120 CFU/g	IJZ	229/0392/26	
2	First-issue CoQ, remaining batches	CoQ-PP-2026-0019	2026-04-23	OPM122501	P060242	Orange Punch Mimosa	1			T1	QCSP_001_OPM-V_v.01	9b	TYMC	≤ 10^4 CFU/g	OUTSOURCED	100 CFU/g	IJZ	229/0392/26	
2	First-issue CoQ, remaining batches	CoQ-PP-2026-0019	2026-04-23	OPM122501	P060242	Orange Punch Mimosa	1			T1	QCSP_001_OPM-V_v.01	9c	Bile-tolerant gram-neg.	≤ 10^4 CFU/g	OUTSOURCED	< 10 CFU/g	IJZ	229/0392/26	
2	First-issue CoQ, remaining batches	CoQ-PP-2026-0019	2026-04-23	OPM122501	P060242	Orange Punch Mimosa	1			T1	QCSP_001_OPM-V_v.01	9d	Salmonella	Absence / 25 g	OUTSOURCED	Одговара	IJZ	229/0392/26	
2	First-issue CoQ, remaining batches	CoQ-PP-2026-0019	2026-04-23	OPM122501	P060242	Orange Punch Mimosa	1			T1	QCSP_001_OPM-V_v.01	9e	Escherichia coli	Absence / 1 g	OUTSOURCED	Одговара	IJZ	229/0392/26	
2	First-issue CoQ, remaining batches	CoQ-PP-2026-0019	2026-04-23	OPM122501	P060242	Orange Punch Mimosa	1			T1	QCSP_001_OPM-V_v.01	10a	Aflatoxin B1	≤ 2 µg/kg	NOT TESTED				OUTSOURCE
2	First-issue CoQ, remaining batches	CoQ-PP-2026-0019	2026-04-23	OPM122501	P060242	Orange Punch Mimosa	1			T1	QCSP_001_OPM-V_v.01	10b	Aflatoxins ∑ (B1+B2+G1+G2)	≤ 4 µg/kg	OUTSOURCED	2,2	IJZ	1627/2026	
2	First-issue CoQ, remaining batches	CoQ-PP-2026-0019	2026-04-23	OPM122501	P060242	Orange Punch Mimosa	1			T1	QCSP_001_OPM-V_v.01	10c	Ochratoxin A	≤ 20 µg/kg	NOT TESTED				OUTSOURCE
2	First-issue CoQ, remaining batches	CoQ-PP-2026-0019	2026-04-23	OPM122501	P060242	Orange Punch Mimosa	1			T1	QCSP_001_OPM-V_v.01	11a	Lead (Pb)	≤ 0.5 mg/kg	OUTSOURCED	0,049	IJZ	1627/2026	
2	First-issue CoQ, remaining batches	CoQ-PP-2026-0019	2026-04-23	OPM122501	P060242	Orange Punch Mimosa	1			T1	QCSP_001_OPM-V_v.01	11b	Cadmium (Cd)	≤ 0.3 mg/kg	OUTSOURCED	0,165	IJZ	1627/2026	
2	First-issue CoQ, remaining batches	CoQ-PP-2026-0019	2026-04-23	OPM122501	P060242	Orange Punch Mimosa	1			T1	QCSP_001_OPM-V_v.01	11c	Arsenic (As)	≤ 0.2 mg/kg	OUTSOURCED	н.д.	IJZ	1627/2026	
2	First-issue CoQ, remaining batches	CoQ-PP-2026-0019	2026-04-23	OPM122501	P060242	Orange Punch Mimosa	1			T1	QCSP_001_OPM-V_v.01	11d	Mercury (Hg)	≤ 0.1 mg/kg	OUTSOURCED	н.д.	IJZ	1627/2026	
2	First-issue CoQ, remaining batches	CoQ-PP-2026-0019	2026-04-23	OPM122501	P060242	Orange Punch Mimosa	1			T1	QCSP_001_OPM-V_v.01	12	Pesticide Residues	≤ LOQ per МКС EN 15662	OUTSOURCED	≤ LOQ (all 25 compounds)	IJZ	1627/2026	
2	First-issue CoQ, remaining batches	CoQ-PP-2026-0020	2026-04-29	CC112501		Cash Cow	1			—		1	Identification A, Appearance	Conforms to monograph	MISSING				iCoA
2	First-issue CoQ, remaining batches	CoQ-PP-2026-0020	2026-04-29	CC112501		Cash Cow	1			—		2	Identification B	Conforms to monograph	MISSING				iCoA
2	First-issue CoQ, remaining batches	CoQ-PP-2026-0020	2026-04-29	CC112501		Cash Cow	1			—		3	Identification C	Conforms to monograph	MISSING				iCoA?
2	First-issue CoQ, remaining batches	CoQ-PP-2026-0020	2026-04-29	CC112501		Cash Cow	1			—		4	Assay — Total Δ9-THC	NO MASTER ROW - criterion unknown	MISSING				OUTSOURCE
2	First-issue CoQ, remaining batches	CoQ-PP-2026-0020	2026-04-29	CC112501		Cash Cow	1			—		5	Assay — Total CBD	≤ 1.0 %, w/w	MISSING				OUTSOURCE
2	First-issue CoQ, remaining batches	CoQ-PP-2026-0020	2026-04-29	CC112501		Cash Cow	1			—		6	Total CBN	≤ 1.0 %, w/w	MISSING				OUTSOURCE
2	First-issue CoQ, remaining batches	CoQ-PP-2026-0020	2026-04-29	CC112501		Cash Cow	1			—		7	Foreign Matter	≤ 2.0 % / 25–50 g	MISSING				iCoA
2	First-issue CoQ, remaining batches	CoQ-PP-2026-0020	2026-04-29	CC112501		Cash Cow	1			—		8	Loss on Drying	≤ 12.0 %	MISSING				iCoA
2	First-issue CoQ, remaining batches	CoQ-PP-2026-0020	2026-04-29	CC112501		Cash Cow	1			—		9a	TAMC	≤ 10^5 CFU/g	OUTSOURCED	3,8 x 10³ CFU/g	IJZ	311/0555/26	
2	First-issue CoQ, remaining batches	CoQ-PP-2026-0020	2026-04-29	CC112501		Cash Cow	1			—		9b	TYMC	≤ 10^4 CFU/g	OUTSOURCED	2,7 x 10³ CFU/g	IJZ	311/0555/26	
2	First-issue CoQ, remaining batches	CoQ-PP-2026-0020	2026-04-29	CC112501		Cash Cow	1			—		9c	Bile-tolerant gram-neg.	≤ 10^4 CFU/g	OUTSOURCED	<10³ и >10² CFU/g	IJZ	311/0555/26	
2	First-issue CoQ, remaining batches	CoQ-PP-2026-0020	2026-04-29	CC112501		Cash Cow	1			—		9d	Salmonella	Absence / 25 g	OUTSOURCED	отсуства/25	IJZ	311/0555/26	
2	First-issue CoQ, remaining batches	CoQ-PP-2026-0020	2026-04-29	CC112501		Cash Cow	1			—		9e	Escherichia coli	Absence / 1 g	OUTSOURCED	отсуства/g	IJZ	311/0555/26	
2	First-issue CoQ, remaining batches	CoQ-PP-2026-0020	2026-04-29	CC112501		Cash Cow	1			—		10a	Aflatoxin B1	≤ 2 µg/kg	NOT TESTED				OUTSOURCE
2	First-issue CoQ, remaining batches	CoQ-PP-2026-0020	2026-04-29	CC112501		Cash Cow	1			—		10b	Aflatoxins ∑ (B1+B2+G1+G2)	≤ 4 µg/kg	OUTSOURCED	< 2	IJZ	2359/2026	
2	First-issue CoQ, remaining batches	CoQ-PP-2026-0020	2026-04-29	CC112501		Cash Cow	1			—		10c	Ochratoxin A	≤ 20 µg/kg	NOT TESTED				OUTSOURCE
2	First-issue CoQ, remaining batches	CoQ-PP-2026-0020	2026-04-29	CC112501		Cash Cow	1			—		11a	Lead (Pb)	≤ 0.5 mg/kg	OUTSOURCED	0,0289	IJZ	2359/2026	
2	First-issue CoQ, remaining batches	CoQ-PP-2026-0020	2026-04-29	CC112501		Cash Cow	1			—		11b	Cadmium (Cd)	≤ 0.3 mg/kg	OUTSOURCED	0,0119	IJZ	2359/2026	
2	First-issue CoQ, remaining batches	CoQ-PP-2026-0020	2026-04-29	CC112501		Cash Cow	1			—		11c	Arsenic (As)	≤ 0.2 mg/kg	OUTSOURCED	0,016	IJZ	2359/2026	
2	First-issue CoQ, remaining batches	CoQ-PP-2026-0020	2026-04-29	CC112501		Cash Cow	1			—		11d	Mercury (Hg)	≤ 0.1 mg/kg	OUTSOURCED	0,0102	IJZ	2359/2026	
2	First-issue CoQ, remaining batches	CoQ-PP-2026-0020	2026-04-29	CC112501		Cash Cow	1			—		12	Pesticide Residues	≤ LOQ per МКС EN 15662	OUTSOURCED	≤ LOQ (all 29 compounds)	IJZ	2359/2026	
2	First-issue CoQ, remaining batches	CoQ-PP-2026-0021	2026-04-29	FB112501		Fat Bastard	1			—		1	Identification A, Appearance	Conforms to monograph	MISSING				iCoA
2	First-issue CoQ, remaining batches	CoQ-PP-2026-0021	2026-04-29	FB112501		Fat Bastard	1			—		2	Identification B	Conforms to monograph	MISSING				iCoA
2	First-issue CoQ, remaining batches	CoQ-PP-2026-0021	2026-04-29	FB112501		Fat Bastard	1			—		3	Identification C	Conforms to monograph	MISSING				iCoA?
2	First-issue CoQ, remaining batches	CoQ-PP-2026-0021	2026-04-29	FB112501		Fat Bastard	1			—		4	Assay — Total Δ9-THC	NO MASTER ROW - criterion unknown	MISSING				OUTSOURCE
2	First-issue CoQ, remaining batches	CoQ-PP-2026-0021	2026-04-29	FB112501		Fat Bastard	1			—		5	Assay — Total CBD	≤ 1.0 %, w/w	MISSING				OUTSOURCE
2	First-issue CoQ, remaining batches	CoQ-PP-2026-0021	2026-04-29	FB112501		Fat Bastard	1			—		6	Total CBN	≤ 1.0 %, w/w	MISSING				OUTSOURCE
2	First-issue CoQ, remaining batches	CoQ-PP-2026-0021	2026-04-29	FB112501		Fat Bastard	1			—		7	Foreign Matter	≤ 2.0 % / 25–50 g	MISSING				iCoA
2	First-issue CoQ, remaining batches	CoQ-PP-2026-0021	2026-04-29	FB112501		Fat Bastard	1			—		8	Loss on Drying	≤ 12.0 %	MISSING				iCoA
2	First-issue CoQ, remaining batches	CoQ-PP-2026-0021	2026-04-29	FB112501		Fat Bastard	1			—		9a	TAMC	≤ 10^5 CFU/g	OUTSOURCED	3,9 x 10³ CFU/g	IJZ	312/0556/26	
2	First-issue CoQ, remaining batches	CoQ-PP-2026-0021	2026-04-29	FB112501		Fat Bastard	1			—		9b	TYMC	≤ 10^4 CFU/g	OUTSOURCED	2,4 x 10³ CFU/g	IJZ	312/0556/26	
2	First-issue CoQ, remaining batches	CoQ-PP-2026-0021	2026-04-29	FB112501		Fat Bastard	1			—		9c	Bile-tolerant gram-neg.	≤ 10^4 CFU/g	OUTSOURCED	< 10 CFU/g	IJZ	312/0556/26	
2	First-issue CoQ, remaining batches	CoQ-PP-2026-0021	2026-04-29	FB112501		Fat Bastard	1			—		9d	Salmonella	Absence / 25 g	OUTSOURCED	отсутна/25	IJZ	312/0556/26	
2	First-issue CoQ, remaining batches	CoQ-PP-2026-0021	2026-04-29	FB112501		Fat Bastard	1			—		9e	Escherichia coli	Absence / 1 g	OUTSOURCED	отсутна/g	IJZ	312/0556/26	
2	First-issue CoQ, remaining batches	CoQ-PP-2026-0021	2026-04-29	FB112501		Fat Bastard	1			—		10a	Aflatoxin B1	≤ 2 µg/kg	NOT TESTED				OUTSOURCE
2	First-issue CoQ, remaining batches	CoQ-PP-2026-0021	2026-04-29	FB112501		Fat Bastard	1			—		10b	Aflatoxins ∑ (B1+B2+G1+G2)	≤ 4 µg/kg	OUTSOURCED	< 2	IJZ	2357/2026	
2	First-issue CoQ, remaining batches	CoQ-PP-2026-0021	2026-04-29	FB112501		Fat Bastard	1			—		10c	Ochratoxin A	≤ 20 µg/kg	NOT TESTED				OUTSOURCE
2	First-issue CoQ, remaining batches	CoQ-PP-2026-0021	2026-04-29	FB112501		Fat Bastard	1			—		11a	Lead (Pb)	≤ 0.5 mg/kg	OUTSOURCED	0,0215	IJZ	2357/2026	
2	First-issue CoQ, remaining batches	CoQ-PP-2026-0021	2026-04-29	FB112501		Fat Bastard	1			—		11b	Cadmium (Cd)	≤ 0.3 mg/kg	OUTSOURCED	0,0108	IJZ	2357/2026	
2	First-issue CoQ, remaining batches	CoQ-PP-2026-0021	2026-04-29	FB112501		Fat Bastard	1			—		11c	Arsenic (As)	≤ 0.2 mg/kg	OUTSOURCED	0,0199	IJZ	2357/2026	
2	First-issue CoQ, remaining batches	CoQ-PP-2026-0021	2026-04-29	FB112501		Fat Bastard	1			—		11d	Mercury (Hg)	≤ 0.1 mg/kg	OUTSOURCED	0,0078	IJZ	2357/2026	
2	First-issue CoQ, remaining batches	CoQ-PP-2026-0021	2026-04-29	FB112501		Fat Bastard	1			—		12	Pesticide Residues	≤ LOQ per МКС EN 15662	OUTSOURCED	≤ LOQ (all 29 compounds)	IJZ	2357/2026	
2	First-issue CoQ, remaining batches	CoQ-PP-2026-0022	2026-05-11	FB012601_1	P060322	Fat Bastard	1			T2	QCSP_001_FB-I_v.01	1	Identification A, Appearance	Conforms to monograph	MISSING				iCoA
2	First-issue CoQ, remaining batches	CoQ-PP-2026-0022	2026-05-11	FB012601_1	P060322	Fat Bastard	1			T2	QCSP_001_FB-I_v.01	2	Identification B	Conforms to monograph	MISSING				iCoA
2	First-issue CoQ, remaining batches	CoQ-PP-2026-0022	2026-05-11	FB012601_1	P060322	Fat Bastard	1			T2	QCSP_001_FB-I_v.01	3	Identification C	Conforms to monograph	MISSING				iCoA?
2	First-issue CoQ, remaining batches	CoQ-PP-2026-0022	2026-05-11	FB012601_1	P060322	Fat Bastard	1			T2	QCSP_001_FB-I_v.01	4	Assay — Total Δ9-THC	16.20 - 19.79 %	OUTSOURCED	14.68 %	UKIM_CNP	ППК26067	
2	First-issue CoQ, remaining batches	CoQ-PP-2026-0022	2026-05-11	FB012601_1	P060322	Fat Bastard	1			T2	QCSP_001_FB-I_v.01	5	Assay — Total CBD	≤ 1.0 %, w/w	OUTSOURCED	0.04 %	UKIM_CNP	ППК26067	
2	First-issue CoQ, remaining batches	CoQ-PP-2026-0022	2026-05-11	FB012601_1	P060322	Fat Bastard	1			T2	QCSP_001_FB-I_v.01	6	Total CBN	≤ 1.0 %, w/w	MISSING				OUTSOURCE
2	First-issue CoQ, remaining batches	CoQ-PP-2026-0022	2026-05-11	FB012601_1	P060322	Fat Bastard	1			T2	QCSP_001_FB-I_v.01	7	Foreign Matter	≤ 2.0 % / 25–50 g	MISSING				iCoA
2	First-issue CoQ, remaining batches	CoQ-PP-2026-0022	2026-05-11	FB012601_1	P060322	Fat Bastard	1			T2	QCSP_001_FB-I_v.01	8	Loss on Drying	≤ 12.0 %	OUTSOURCED	7.67 %	UKIM_CNP	ППК26067	
2	First-issue CoQ, remaining batches	CoQ-PP-2026-0022	2026-05-11	FB012601_1	P060322	Fat Bastard	1			T2	QCSP_001_FB-I_v.01	9a	TAMC	≤ 10^5 CFU/g	OUTSOURCED	2 x 10³ CFU/g	IJZ	308/0552/26	
2	First-issue CoQ, remaining batches	CoQ-PP-2026-0022	2026-05-11	FB012601_1	P060322	Fat Bastard	1			T2	QCSP_001_FB-I_v.01	9b	TYMC	≤ 10^4 CFU/g	OUTSOURCED	2,1 x 10³ CFU/g	IJZ	308/0552/26	
2	First-issue CoQ, remaining batches	CoQ-PP-2026-0022	2026-05-11	FB012601_1	P060322	Fat Bastard	1			T2	QCSP_001_FB-I_v.01	9c	Bile-tolerant gram-neg.	≤ 10^4 CFU/g	OUTSOURCED	< 10 CFU/g	IJZ	308/0552/26	
2	First-issue CoQ, remaining batches	CoQ-PP-2026-0022	2026-05-11	FB012601_1	P060322	Fat Bastard	1			T2	QCSP_001_FB-I_v.01	9d	Salmonella	Absence / 25 g	OUTSOURCED	отсутна/25 g	IJZ	308/0552/26	
2	First-issue CoQ, remaining batches	CoQ-PP-2026-0022	2026-05-11	FB012601_1	P060322	Fat Bastard	1			T2	QCSP_001_FB-I_v.01	9e	Escherichia coli	Absence / 1 g	OUTSOURCED	отсутна/g	IJZ	308/0552/26	
2	First-issue CoQ, remaining batches	CoQ-PP-2026-0022	2026-05-11	FB012601_1	P060322	Fat Bastard	1			T2	QCSP_001_FB-I_v.01	10a	Aflatoxin B1	≤ 2 µg/kg	NOT TESTED				OUTSOURCE
2	First-issue CoQ, remaining batches	CoQ-PP-2026-0022	2026-05-11	FB012601_1	P060322	Fat Bastard	1			T2	QCSP_001_FB-I_v.01	10b	Aflatoxins ∑ (B1+B2+G1+G2)	≤ 4 µg/kg	OUTSOURCED	< 2 μg/kg	IJZ	2362/2026	
2	First-issue CoQ, remaining batches	CoQ-PP-2026-0022	2026-05-11	FB012601_1	P060322	Fat Bastard	1			T2	QCSP_001_FB-I_v.01	10c	Ochratoxin A	≤ 20 µg/kg	NOT TESTED				OUTSOURCE
2	First-issue CoQ, remaining batches	CoQ-PP-2026-0022	2026-05-11	FB012601_1	P060322	Fat Bastard	1			T2	QCSP_001_FB-I_v.01	11a	Lead (Pb)	≤ 0.5 mg/kg	OUTSOURCED	0,0114 mg/kg	IJZ	2362/2026	
2	First-issue CoQ, remaining batches	CoQ-PP-2026-0022	2026-05-11	FB012601_1	P060322	Fat Bastard	1			T2	QCSP_001_FB-I_v.01	11b	Cadmium (Cd)	≤ 0.3 mg/kg	OUTSOURCED	0,017 mg/kg	IJZ	2362/2026	
2	First-issue CoQ, remaining batches	CoQ-PP-2026-0022	2026-05-11	FB012601_1	P060322	Fat Bastard	1			T2	QCSP_001_FB-I_v.01	11c	Arsenic (As)	≤ 0.2 mg/kg	OUTSOURCED	0,0144 mg/kg	IJZ	2362/2026	
2	First-issue CoQ, remaining batches	CoQ-PP-2026-0022	2026-05-11	FB012601_1	P060322	Fat Bastard	1			T2	QCSP_001_FB-I_v.01	11d	Mercury (Hg)	≤ 0.1 mg/kg	OUTSOURCED	0,0155 mg/kg	IJZ	2362/2026	
2	First-issue CoQ, remaining batches	CoQ-PP-2026-0022	2026-05-11	FB012601_1	P060322	Fat Bastard	1			T2	QCSP_001_FB-I_v.01	12	Pesticide Residues	≤ LOQ per МКС EN 15662	OUTSOURCED	≤ LOQ (all 26 compounds)	IJZ	2362/2026	
2	First-issue CoQ, remaining batches	CoQ-PP-2026-0023	2026-05-11	GG012601*		Gorilla Glue	1			—		1	Identification A, Appearance	Conforms to monograph	MISSING				iCoA
2	First-issue CoQ, remaining batches	CoQ-PP-2026-0023	2026-05-11	GG012601*		Gorilla Glue	1			—		2	Identification B	Conforms to monograph	MISSING				iCoA
2	First-issue CoQ, remaining batches	CoQ-PP-2026-0023	2026-05-11	GG012601*		Gorilla Glue	1			—		3	Identification C	Conforms to monograph	MISSING				iCoA?
2	First-issue CoQ, remaining batches	CoQ-PP-2026-0023	2026-05-11	GG012601*		Gorilla Glue	1			—		4	Assay — Total Δ9-THC	NO MASTER ROW - criterion unknown	OUTSOURCED	15.35 %	Универзитет „Св. К	ППК26062	
2	First-issue CoQ, remaining batches	CoQ-PP-2026-0023	2026-05-11	GG012601*		Gorilla Glue	1			—		5	Assay — Total CBD	≤ 1.0 %, w/w	OUTSOURCED	0.06 %	Универзитет „Св. К	ППК26062	
2	First-issue CoQ, remaining batches	CoQ-PP-2026-0023	2026-05-11	GG012601*		Gorilla Glue	1			—		6	Total CBN	≤ 1.0 %, w/w	MISSING				OUTSOURCE
2	First-issue CoQ, remaining batches	CoQ-PP-2026-0023	2026-05-11	GG012601*		Gorilla Glue	1			—		7	Foreign Matter	≤ 2.0 % / 25–50 g	MISSING				iCoA
2	First-issue CoQ, remaining batches	CoQ-PP-2026-0023	2026-05-11	GG012601*		Gorilla Glue	1			—		8	Loss on Drying	≤ 12.0 %	OUTSOURCED	6.13 %	Универзитет „Св. К	ППК26062	
2	First-issue CoQ, remaining batches	CoQ-PP-2026-0023	2026-05-11	GG012601*		Gorilla Glue	1			—		9a	TAMC	≤ 10^5 CFU/g	OUTSOURCED	1 x 10⁴ CFU/g	IJZ		
2	First-issue CoQ, remaining batches	CoQ-PP-2026-0023	2026-05-11	GG012601*		Gorilla Glue	1			—		9b	TYMC	≤ 10^4 CFU/g	OUTSOURCED	1 x 10⁴ CFU/g	IJZ		
2	First-issue CoQ, remaining batches	CoQ-PP-2026-0023	2026-05-11	GG012601*		Gorilla Glue	1			—		9c	Bile-tolerant gram-neg.	≤ 10^4 CFU/g	OUTSOURCED	< 10 CFU/g	IJZ		
2	First-issue CoQ, remaining batches	CoQ-PP-2026-0023	2026-05-11	GG012601*		Gorilla Glue	1			—		9d	Salmonella	Absence / 25 g	OUTSOURCED	отсутна/25	IJZ		
2	First-issue CoQ, remaining batches	CoQ-PP-2026-0023	2026-05-11	GG012601*		Gorilla Glue	1			—		9e	Escherichia coli	Absence / 1 g	OUTSOURCED	отсутна/g	IJZ		
2	First-issue CoQ, remaining batches	CoQ-PP-2026-0023	2026-05-11	GG012601*		Gorilla Glue	1			—		10a	Aflatoxin B1	≤ 2 µg/kg	NOT TESTED				OUTSOURCE
2	First-issue CoQ, remaining batches	CoQ-PP-2026-0023	2026-05-11	GG012601*		Gorilla Glue	1			—		10b	Aflatoxins ∑ (B1+B2+G1+G2)	≤ 4 µg/kg	OUTSOURCED	< 2	IJZ	2364/2026	
2	First-issue CoQ, remaining batches	CoQ-PP-2026-0023	2026-05-11	GG012601*		Gorilla Glue	1			—		10c	Ochratoxin A	≤ 20 µg/kg	NOT TESTED				OUTSOURCE
2	First-issue CoQ, remaining batches	CoQ-PP-2026-0023	2026-05-11	GG012601*		Gorilla Glue	1			—		11a	Lead (Pb)	≤ 0.5 mg/kg	OUTSOURCED	0,0227	IJZ	2364/2026	
2	First-issue CoQ, remaining batches	CoQ-PP-2026-0023	2026-05-11	GG012601*		Gorilla Glue	1			—		11b	Cadmium (Cd)	≤ 0.3 mg/kg	OUTSOURCED	0,0179	IJZ	2364/2026	
2	First-issue CoQ, remaining batches	CoQ-PP-2026-0023	2026-05-11	GG012601*		Gorilla Glue	1			—		11c	Arsenic (As)	≤ 0.2 mg/kg	OUTSOURCED	0,0163	IJZ	2364/2026	
2	First-issue CoQ, remaining batches	CoQ-PP-2026-0023	2026-05-11	GG012601*		Gorilla Glue	1			—		11d	Mercury (Hg)	≤ 0.1 mg/kg	OUTSOURCED	0,031	IJZ	2364/2026	
2	First-issue CoQ, remaining batches	CoQ-PP-2026-0023	2026-05-11	GG012601*		Gorilla Glue	1			—		12	Pesticide Residues	≤ LOQ per МКС EN 15662	OUTSOURCED	≤ LOQ (all 29 compounds)	IJZ	2364/2026	
2	First-issue CoQ, remaining batches	CoQ-PP-2026-0024	2026-05-11	GG112501		Gorilla Glue	1			—		1	Identification A, Appearance	Conforms to monograph	MISSING				iCoA
2	First-issue CoQ, remaining batches	CoQ-PP-2026-0024	2026-05-11	GG112501		Gorilla Glue	1			—		2	Identification B	Conforms to monograph	MISSING				iCoA
2	First-issue CoQ, remaining batches	CoQ-PP-2026-0024	2026-05-11	GG112501		Gorilla Glue	1			—		3	Identification C	Conforms to monograph	MISSING				iCoA?
2	First-issue CoQ, remaining batches	CoQ-PP-2026-0024	2026-05-11	GG112501		Gorilla Glue	1			—		4	Assay — Total Δ9-THC	NO MASTER ROW - criterion unknown	OUTSOURCED	17.94 %	UKIM_CNP	ППК26061	
2	First-issue CoQ, remaining batches	CoQ-PP-2026-0024	2026-05-11	GG112501		Gorilla Glue	1			—		5	Assay — Total CBD	≤ 1.0 %, w/w	OUTSOURCED	0.08 %	UKIM_CNP	ППК26061	
2	First-issue CoQ, remaining batches	CoQ-PP-2026-0024	2026-05-11	GG112501		Gorilla Glue	1			—		6	Total CBN	≤ 1.0 %, w/w	MISSING				OUTSOURCE
2	First-issue CoQ, remaining batches	CoQ-PP-2026-0024	2026-05-11	GG112501		Gorilla Glue	1			—		7	Foreign Matter	≤ 2.0 % / 25–50 g	MISSING				iCoA
2	First-issue CoQ, remaining batches	CoQ-PP-2026-0024	2026-05-11	GG112501		Gorilla Glue	1			—		8	Loss on Drying	≤ 12.0 %	OUTSOURCED	6.31 %	UKIM_CNP	ППК26061	
2	First-issue CoQ, remaining batches	CoQ-PP-2026-0024	2026-05-11	GG112501		Gorilla Glue	1			—		9a	TAMC	≤ 10^5 CFU/g	MISSING				OUTSOURCE
2	First-issue CoQ, remaining batches	CoQ-PP-2026-0024	2026-05-11	GG112501		Gorilla Glue	1			—		9b	TYMC	≤ 10^4 CFU/g	MISSING				OUTSOURCE
2	First-issue CoQ, remaining batches	CoQ-PP-2026-0024	2026-05-11	GG112501		Gorilla Glue	1			—		9c	Bile-tolerant gram-neg.	≤ 10^4 CFU/g	MISSING				OUTSOURCE
2	First-issue CoQ, remaining batches	CoQ-PP-2026-0024	2026-05-11	GG112501		Gorilla Glue	1			—		9d	Salmonella	Absence / 25 g	MISSING				OUTSOURCE
2	First-issue CoQ, remaining batches	CoQ-PP-2026-0024	2026-05-11	GG112501		Gorilla Glue	1			—		9e	Escherichia coli	Absence / 1 g	MISSING				OUTSOURCE
2	First-issue CoQ, remaining batches	CoQ-PP-2026-0024	2026-05-11	GG112501		Gorilla Glue	1			—		10a	Aflatoxin B1	≤ 2 µg/kg	NOT TESTED				OUTSOURCE
2	First-issue CoQ, remaining batches	CoQ-PP-2026-0024	2026-05-11	GG112501		Gorilla Glue	1			—		10b	Aflatoxins ∑ (B1+B2+G1+G2)	≤ 4 µg/kg	OUTSOURCED	< 2	IJZ	2358/2026	
2	First-issue CoQ, remaining batches	CoQ-PP-2026-0024	2026-05-11	GG112501		Gorilla Glue	1			—		10c	Ochratoxin A	≤ 20 µg/kg	NOT TESTED				OUTSOURCE
2	First-issue CoQ, remaining batches	CoQ-PP-2026-0024	2026-05-11	GG112501		Gorilla Glue	1			—		11a	Lead (Pb)	≤ 0.5 mg/kg	OUTSOURCED	0,033	IJZ	2358/2026	
2	First-issue CoQ, remaining batches	CoQ-PP-2026-0024	2026-05-11	GG112501		Gorilla Glue	1			—		11b	Cadmium (Cd)	≤ 0.3 mg/kg	OUTSOURCED	0,0154	IJZ	2358/2026	
2	First-issue CoQ, remaining batches	CoQ-PP-2026-0024	2026-05-11	GG112501		Gorilla Glue	1			—		11c	Arsenic (As)	≤ 0.2 mg/kg	OUTSOURCED	0,0272	IJZ	2358/2026	
2	First-issue CoQ, remaining batches	CoQ-PP-2026-0024	2026-05-11	GG112501		Gorilla Glue	1			—		11d	Mercury (Hg)	≤ 0.1 mg/kg	OUTSOURCED	0,0146	IJZ	2358/2026	
2	First-issue CoQ, remaining batches	CoQ-PP-2026-0024	2026-05-11	GG112501		Gorilla Glue	1			—		12	Pesticide Residues	≤ LOQ per МКС EN 15662	OUTSOURCED	≤ LOQ (all 26 compounds)	IJZ	2358/2026	
2	First-issue CoQ, remaining batches	CoQ-PP-2026-0025	2026-05-11	JD012601*		Jelly Donuts	1			—		1	Identification A, Appearance	Conforms to monograph	MISSING				iCoA
2	First-issue CoQ, remaining batches	CoQ-PP-2026-0025	2026-05-11	JD012601*		Jelly Donuts	1			—		2	Identification B	Conforms to monograph	MISSING				iCoA
2	First-issue CoQ, remaining batches	CoQ-PP-2026-0025	2026-05-11	JD012601*		Jelly Donuts	1			—		3	Identification C	Conforms to monograph	MISSING				iCoA?
2	First-issue CoQ, remaining batches	CoQ-PP-2026-0025	2026-05-11	JD012601*		Jelly Donuts	1			—		4	Assay — Total Δ9-THC	NO MASTER ROW - criterion unknown	OUTSOURCED	18.16 %	Универзитет „Св. К	ППК26064	
2	First-issue CoQ, remaining batches	CoQ-PP-2026-0025	2026-05-11	JD012601*		Jelly Donuts	1			—		5	Assay — Total CBD	≤ 1.0 %, w/w	OUTSOURCED	0.06 %	Универзитет „Св. К	ППК26064	
2	First-issue CoQ, remaining batches	CoQ-PP-2026-0025	2026-05-11	JD012601*		Jelly Donuts	1			—		6	Total CBN	≤ 1.0 %, w/w	MISSING				OUTSOURCE
2	First-issue CoQ, remaining batches	CoQ-PP-2026-0025	2026-05-11	JD012601*		Jelly Donuts	1			—		7	Foreign Matter	≤ 2.0 % / 25–50 g	MISSING				iCoA
2	First-issue CoQ, remaining batches	CoQ-PP-2026-0025	2026-05-11	JD012601*		Jelly Donuts	1			—		8	Loss on Drying	≤ 12.0 %	OUTSOURCED	6.68 %	Универзитет „Св. К	ППК26064	
2	First-issue CoQ, remaining batches	CoQ-PP-2026-0025	2026-05-11	JD012601*		Jelly Donuts	1			—		9a	TAMC	≤ 10^5 CFU/g	MISSING				OUTSOURCE
2	First-issue CoQ, remaining batches	CoQ-PP-2026-0025	2026-05-11	JD012601*		Jelly Donuts	1			—		9b	TYMC	≤ 10^4 CFU/g	MISSING				OUTSOURCE
2	First-issue CoQ, remaining batches	CoQ-PP-2026-0025	2026-05-11	JD012601*		Jelly Donuts	1			—		9c	Bile-tolerant gram-neg.	≤ 10^4 CFU/g	MISSING				OUTSOURCE
2	First-issue CoQ, remaining batches	CoQ-PP-2026-0025	2026-05-11	JD012601*		Jelly Donuts	1			—		9d	Salmonella	Absence / 25 g	MISSING				OUTSOURCE
2	First-issue CoQ, remaining batches	CoQ-PP-2026-0025	2026-05-11	JD012601*		Jelly Donuts	1			—		9e	Escherichia coli	Absence / 1 g	MISSING				OUTSOURCE
2	First-issue CoQ, remaining batches	CoQ-PP-2026-0025	2026-05-11	JD012601*		Jelly Donuts	1			—		10a	Aflatoxin B1	≤ 2 µg/kg	NOT TESTED				OUTSOURCE
2	First-issue CoQ, remaining batches	CoQ-PP-2026-0025	2026-05-11	JD012601*		Jelly Donuts	1			—		10b	Aflatoxins ∑ (B1+B2+G1+G2)	≤ 4 µg/kg	OUTSOURCED	< 2	IJZ	2363/2026	
2	First-issue CoQ, remaining batches	CoQ-PP-2026-0025	2026-05-11	JD012601*		Jelly Donuts	1			—		10c	Ochratoxin A	≤ 20 µg/kg	NOT TESTED				OUTSOURCE
2	First-issue CoQ, remaining batches	CoQ-PP-2026-0025	2026-05-11	JD012601*		Jelly Donuts	1			—		11a	Lead (Pb)	≤ 0.5 mg/kg	OUTSOURCED	0,0739	IJZ	2363/2026	
2	First-issue CoQ, remaining batches	CoQ-PP-2026-0025	2026-05-11	JD012601*		Jelly Donuts	1			—		11b	Cadmium (Cd)	≤ 0.3 mg/kg	OUTSOURCED	0,0166	IJZ	2363/2026	
2	First-issue CoQ, remaining batches	CoQ-PP-2026-0025	2026-05-11	JD012601*		Jelly Donuts	1			—		11c	Arsenic (As)	≤ 0.2 mg/kg	OUTSOURCED	0,0136	IJZ	2363/2026	
2	First-issue CoQ, remaining batches	CoQ-PP-2026-0025	2026-05-11	JD012601*		Jelly Donuts	1			—		11d	Mercury (Hg)	≤ 0.1 mg/kg	OUTSOURCED	0,0322	IJZ	2363/2026	
2	First-issue CoQ, remaining batches	CoQ-PP-2026-0025	2026-05-11	JD012601*		Jelly Donuts	1			—		12	Pesticide Residues	≤ LOQ per МКС EN 15662	OUTSOURCED	≤ LOQ (all 28 compounds)	IJZ	2363/2026	
2	First-issue CoQ, remaining batches	CoQ-PP-2026-0026	2026-05-11	JD112501*		Jelly Donuts	1			—		1	Identification A, Appearance	Conforms to monograph	MISSING				iCoA
2	First-issue CoQ, remaining batches	CoQ-PP-2026-0026	2026-05-11	JD112501*		Jelly Donuts	1			—		2	Identification B	Conforms to monograph	MISSING				iCoA
2	First-issue CoQ, remaining batches	CoQ-PP-2026-0026	2026-05-11	JD112501*		Jelly Donuts	1			—		3	Identification C	Conforms to monograph	MISSING				iCoA?
2	First-issue CoQ, remaining batches	CoQ-PP-2026-0026	2026-05-11	JD112501*		Jelly Donuts	1			—		4	Assay — Total Δ9-THC	NO MASTER ROW - criterion unknown	OUTSOURCED	13.93 %	UKIM_CNP	ППК26065	
2	First-issue CoQ, remaining batches	CoQ-PP-2026-0026	2026-05-11	JD112501*		Jelly Donuts	1			—		5	Assay — Total CBD	≤ 1.0 %, w/w	OUTSOURCED	0.04 %	UKIM_CNP	ППК26065	
2	First-issue CoQ, remaining batches	CoQ-PP-2026-0026	2026-05-11	JD112501*		Jelly Donuts	1			—		6	Total CBN	≤ 1.0 %, w/w	MISSING				OUTSOURCE
2	First-issue CoQ, remaining batches	CoQ-PP-2026-0026	2026-05-11	JD112501*		Jelly Donuts	1			—		7	Foreign Matter	≤ 2.0 % / 25–50 g	MISSING				iCoA
2	First-issue CoQ, remaining batches	CoQ-PP-2026-0026	2026-05-11	JD112501*		Jelly Donuts	1			—		8	Loss on Drying	≤ 12.0 %	OUTSOURCED	6.38 %	UKIM_CNP	ППК26065	
2	First-issue CoQ, remaining batches	CoQ-PP-2026-0026	2026-05-11	JD112501*		Jelly Donuts	1			—		9a	TAMC	≤ 10^5 CFU/g	OUTSOURCED	1 x 10⁴ CFU/g	IJZ	306/0550/26	
2	First-issue CoQ, remaining batches	CoQ-PP-2026-0026	2026-05-11	JD112501*		Jelly Donuts	1			—		9b	TYMC	≤ 10^4 CFU/g	OUTSOURCED	6,7 x 10³ CFU/g	IJZ	306/0550/26	
2	First-issue CoQ, remaining batches	CoQ-PP-2026-0026	2026-05-11	JD112501*		Jelly Donuts	1			—		9c	Bile-tolerant gram-neg.	≤ 10^4 CFU/g	OUTSOURCED	<10³ и >10² CFU/g	IJZ	306/0550/26	
2	First-issue CoQ, remaining batches	CoQ-PP-2026-0026	2026-05-11	JD112501*		Jelly Donuts	1			—		9d	Salmonella	Absence / 25 g	OUTSOURCED	отсутна/25	IJZ	306/0550/26	
2	First-issue CoQ, remaining batches	CoQ-PP-2026-0026	2026-05-11	JD112501*		Jelly Donuts	1			—		9e	Escherichia coli	Absence / 1 g	OUTSOURCED	отсутна/g	IJZ	306/0550/26	
2	First-issue CoQ, remaining batches	CoQ-PP-2026-0026	2026-05-11	JD112501*		Jelly Donuts	1			—		10a	Aflatoxin B1	≤ 2 µg/kg	NOT TESTED				OUTSOURCE
2	First-issue CoQ, remaining batches	CoQ-PP-2026-0026	2026-05-11	JD112501*		Jelly Donuts	1			—		10b	Aflatoxins ∑ (B1+B2+G1+G2)	≤ 4 µg/kg	OUTSOURCED	< 2 µg/kg	IJZ	2365/2026	
2	First-issue CoQ, remaining batches	CoQ-PP-2026-0026	2026-05-11	JD112501*		Jelly Donuts	1			—		10c	Ochratoxin A	≤ 20 µg/kg	NOT TESTED				OUTSOURCE
2	First-issue CoQ, remaining batches	CoQ-PP-2026-0026	2026-05-11	JD112501*		Jelly Donuts	1			—		11a	Lead (Pb)	≤ 0.5 mg/kg	OUTSOURCED	0,0109 mg/kg	IJZ	2365/2026	
2	First-issue CoQ, remaining batches	CoQ-PP-2026-0026	2026-05-11	JD112501*		Jelly Donuts	1			—		11b	Cadmium (Cd)	≤ 0.3 mg/kg	OUTSOURCED	0,01287 mg/kg	IJZ	2365/2026	
2	First-issue CoQ, remaining batches	CoQ-PP-2026-0026	2026-05-11	JD112501*		Jelly Donuts	1			—		11c	Arsenic (As)	≤ 0.2 mg/kg	OUTSOURCED	0,0175 mg/kg	IJZ	2365/2026	
2	First-issue CoQ, remaining batches	CoQ-PP-2026-0026	2026-05-11	JD112501*		Jelly Donuts	1			—		11d	Mercury (Hg)	≤ 0.1 mg/kg	OUTSOURCED	0,0165 mg/kg	IJZ	2365/2026	
2	First-issue CoQ, remaining batches	CoQ-PP-2026-0026	2026-05-11	JD112501*		Jelly Donuts	1			—		12	Pesticide Residues	≤ LOQ per МКС EN 15662	OUTSOURCED	≤ LOQ (all 27 compounds)	IJZ	2365/2026	
2	First-issue CoQ, remaining batches	CoQ-PP-2026-0027	2026-05-11	PO50022		Grape Pie	1			—		1	Identification A, Appearance	Conforms to monograph	MISSING				iCoA
2	First-issue CoQ, remaining batches	CoQ-PP-2026-0027	2026-05-11	PO50022		Grape Pie	1			—		2	Identification B	Conforms to monograph	MISSING				iCoA
2	First-issue CoQ, remaining batches	CoQ-PP-2026-0027	2026-05-11	PO50022		Grape Pie	1			—		3	Identification C	Conforms to monograph	MISSING				iCoA?
2	First-issue CoQ, remaining batches	CoQ-PP-2026-0027	2026-05-11	PO50022		Grape Pie	1			—		4	Assay — Total Δ9-THC	NO MASTER ROW - criterion unknown	OUTSOURCED	23.08 %	UKIM_CNP	ППК26059	
2	First-issue CoQ, remaining batches	CoQ-PP-2026-0027	2026-05-11	PO50022		Grape Pie	1			—		5	Assay — Total CBD	≤ 1.0 %, w/w	OUTSOURCED	0.03 %	UKIM_CNP	ППК26059	
2	First-issue CoQ, remaining batches	CoQ-PP-2026-0027	2026-05-11	PO50022		Grape Pie	1			—		6	Total CBN	≤ 1.0 %, w/w	MISSING				OUTSOURCE
2	First-issue CoQ, remaining batches	CoQ-PP-2026-0027	2026-05-11	PO50022		Grape Pie	1			—		7	Foreign Matter	≤ 2.0 % / 25–50 g	MISSING				iCoA
2	First-issue CoQ, remaining batches	CoQ-PP-2026-0027	2026-05-11	PO50022		Grape Pie	1			—		8	Loss on Drying	≤ 12.0 %	OUTSOURCED	6.62 %	UKIM_CNP	ППК26059	
2	First-issue CoQ, remaining batches	CoQ-PP-2026-0027	2026-05-11	PO50022		Grape Pie	1			—		9a	TAMC	≤ 10^5 CFU/g	MISSING				OUTSOURCE
2	First-issue CoQ, remaining batches	CoQ-PP-2026-0027	2026-05-11	PO50022		Grape Pie	1			—		9b	TYMC	≤ 10^4 CFU/g	MISSING				OUTSOURCE
2	First-issue CoQ, remaining batches	CoQ-PP-2026-0027	2026-05-11	PO50022		Grape Pie	1			—		9c	Bile-tolerant gram-neg.	≤ 10^4 CFU/g	MISSING				OUTSOURCE
2	First-issue CoQ, remaining batches	CoQ-PP-2026-0027	2026-05-11	PO50022		Grape Pie	1			—		9d	Salmonella	Absence / 25 g	MISSING				OUTSOURCE
2	First-issue CoQ, remaining batches	CoQ-PP-2026-0027	2026-05-11	PO50022		Grape Pie	1			—		9e	Escherichia coli	Absence / 1 g	MISSING				OUTSOURCE
2	First-issue CoQ, remaining batches	CoQ-PP-2026-0027	2026-05-11	PO50022		Grape Pie	1			—		10a	Aflatoxin B1	≤ 2 µg/kg	MISSING				OUTSOURCE
2	First-issue CoQ, remaining batches	CoQ-PP-2026-0027	2026-05-11	PO50022		Grape Pie	1			—		10b	Aflatoxins ∑ (B1+B2+G1+G2)	≤ 4 µg/kg	MISSING				OUTSOURCE
2	First-issue CoQ, remaining batches	CoQ-PP-2026-0027	2026-05-11	PO50022		Grape Pie	1			—		10c	Ochratoxin A	≤ 20 µg/kg	MISSING				OUTSOURCE
2	First-issue CoQ, remaining batches	CoQ-PP-2026-0027	2026-05-11	PO50022		Grape Pie	1			—		11a	Lead (Pb)	≤ 0.5 mg/kg	MISSING				OUTSOURCE
2	First-issue CoQ, remaining batches	CoQ-PP-2026-0027	2026-05-11	PO50022		Grape Pie	1			—		11b	Cadmium (Cd)	≤ 0.3 mg/kg	MISSING				OUTSOURCE
2	First-issue CoQ, remaining batches	CoQ-PP-2026-0027	2026-05-11	PO50022		Grape Pie	1			—		11c	Arsenic (As)	≤ 0.2 mg/kg	MISSING				OUTSOURCE
2	First-issue CoQ, remaining batches	CoQ-PP-2026-0027	2026-05-11	PO50022		Grape Pie	1			—		11d	Mercury (Hg)	≤ 0.1 mg/kg	MISSING				OUTSOURCE
2	First-issue CoQ, remaining batches	CoQ-PP-2026-0027	2026-05-11	PO50022		Grape Pie	1			—		12	Pesticide Residues	≤ LOQ per 2.8.13	MISSING				OUTSOURCE
2	First-issue CoQ, remaining batches	CoQ-PP-2026-0028	2026-05-11	SCR112501	P060282	Scrambler	1			T2	QCSP_001_SCR-I_v.01	1	Identification A, Appearance	Conforms to monograph	MISSING				iCoA
2	First-issue CoQ, remaining batches	CoQ-PP-2026-0028	2026-05-11	SCR112501	P060282	Scrambler	1			T2	QCSP_001_SCR-I_v.01	2	Identification B	Conforms to monograph	MISSING				iCoA
2	First-issue CoQ, remaining batches	CoQ-PP-2026-0028	2026-05-11	SCR112501	P060282	Scrambler	1			T2	QCSP_001_SCR-I_v.01	3	Identification C	Conforms to monograph	MISSING				iCoA?
2	First-issue CoQ, remaining batches	CoQ-PP-2026-0028	2026-05-11	SCR112501	P060282	Scrambler	1			T2	QCSP_001_SCR-I_v.01	4	Assay — Total Δ9-THC	18.00 - 21.99 %	OUTSOURCED	17.13 %	UKIM_CNP	ППК26069	
2	First-issue CoQ, remaining batches	CoQ-PP-2026-0028	2026-05-11	SCR112501	P060282	Scrambler	1			T2	QCSP_001_SCR-I_v.01	5	Assay — Total CBD	≤ 1.0 %, w/w	OUTSOURCED	0.04 %	UKIM_CNP	ППК26069	
2	First-issue CoQ, remaining batches	CoQ-PP-2026-0028	2026-05-11	SCR112501	P060282	Scrambler	1			T2	QCSP_001_SCR-I_v.01	6	Total CBN	≤ 1.0 %, w/w	MISSING				OUTSOURCE
2	First-issue CoQ, remaining batches	CoQ-PP-2026-0028	2026-05-11	SCR112501	P060282	Scrambler	1			T2	QCSP_001_SCR-I_v.01	7	Foreign Matter	≤ 2.0 % / 25–50 g	MISSING				iCoA
2	First-issue CoQ, remaining batches	CoQ-PP-2026-0028	2026-05-11	SCR112501	P060282	Scrambler	1			T2	QCSP_001_SCR-I_v.01	8	Loss on Drying	≤ 12.0 %	OUTSOURCED	6.84 %	UKIM_CNP	ППК26069	
2	First-issue CoQ, remaining batches	CoQ-PP-2026-0028	2026-05-11	SCR112501	P060282	Scrambler	1			T2	QCSP_001_SCR-I_v.01	9a	TAMC	≤ 10^5 CFU/g	OUTSOURCED	2,3 x 10³ CFU/g	IJZ	305/0549/26	
2	First-issue CoQ, remaining batches	CoQ-PP-2026-0028	2026-05-11	SCR112501	P060282	Scrambler	1			T2	QCSP_001_SCR-I_v.01	9b	TYMC	≤ 10^4 CFU/g	OUTSOURCED	4,3 x 10³ CFU/g	IJZ	305/0549/26	
2	First-issue CoQ, remaining batches	CoQ-PP-2026-0028	2026-05-11	SCR112501	P060282	Scrambler	1			T2	QCSP_001_SCR-I_v.01	9c	Bile-tolerant gram-neg.	≤ 10^4 CFU/g	HELD				ruling
2	First-issue CoQ, remaining batches	CoQ-PP-2026-0028	2026-05-11	SCR112501	P060282	Scrambler	1			T2	QCSP_001_SCR-I_v.01	9d	Salmonella	Absence / 25 g	OUTSOURCED	отсутна/25	IJZ	305/0549/26	
2	First-issue CoQ, remaining batches	CoQ-PP-2026-0028	2026-05-11	SCR112501	P060282	Scrambler	1			T2	QCSP_001_SCR-I_v.01	9e	Escherichia coli	Absence / 1 g	OUTSOURCED	отсутна/g	IJZ	305/0549/26	
2	First-issue CoQ, remaining batches	CoQ-PP-2026-0028	2026-05-11	SCR112501	P060282	Scrambler	1			T2	QCSP_001_SCR-I_v.01	10a	Aflatoxin B1	≤ 2 µg/kg	NOT TESTED				OUTSOURCE
2	First-issue CoQ, remaining batches	CoQ-PP-2026-0028	2026-05-11	SCR112501	P060282	Scrambler	1			T2	QCSP_001_SCR-I_v.01	10b	Aflatoxins ∑ (B1+B2+G1+G2)	≤ 4 µg/kg	OUTSOURCED	< 2	IJZ	2360/2026	
2	First-issue CoQ, remaining batches	CoQ-PP-2026-0028	2026-05-11	SCR112501	P060282	Scrambler	1			T2	QCSP_001_SCR-I_v.01	10c	Ochratoxin A	≤ 20 µg/kg	NOT TESTED				OUTSOURCE
2	First-issue CoQ, remaining batches	CoQ-PP-2026-0028	2026-05-11	SCR112501	P060282	Scrambler	1			T2	QCSP_001_SCR-I_v.01	11a	Lead (Pb)	≤ 0.5 mg/kg	OUTSOURCED	0,0299	IJZ	2360/2026	
2	First-issue CoQ, remaining batches	CoQ-PP-2026-0028	2026-05-11	SCR112501	P060282	Scrambler	1			T2	QCSP_001_SCR-I_v.01	11b	Cadmium (Cd)	≤ 0.3 mg/kg	OUTSOURCED	0,0136	IJZ	2360/2026	
2	First-issue CoQ, remaining batches	CoQ-PP-2026-0028	2026-05-11	SCR112501	P060282	Scrambler	1			T2	QCSP_001_SCR-I_v.01	11c	Arsenic (As)	≤ 0.2 mg/kg	OUTSOURCED	0,0154	IJZ	2360/2026	
2	First-issue CoQ, remaining batches	CoQ-PP-2026-0028	2026-05-11	SCR112501	P060282	Scrambler	1			T2	QCSP_001_SCR-I_v.01	11d	Mercury (Hg)	≤ 0.1 mg/kg	OUTSOURCED	0,017	IJZ	2360/2026	
2	First-issue CoQ, remaining batches	CoQ-PP-2026-0028	2026-05-11	SCR112501	P060282	Scrambler	1			T2	QCSP_001_SCR-I_v.01	12	Pesticide Residues	≤ LOQ per МКС EN 15662	OUTSOURCED	≤ LOQ (all 27 compounds)	IJZ	2360/2026	
2	First-issue CoQ, remaining batches	CoQ-PP-2026-0030	2026-06-30	FB012603		Fat Bastard	1			—		1	Identification A, Appearance	Conforms to monograph	OUTSOURCED	Одговара	UKIM_CNP	ППК26112	
2	First-issue CoQ, remaining batches	CoQ-PP-2026-0030	2026-06-30	FB012603		Fat Bastard	1			—		2	Identification B	Conforms to monograph	OUTSOURCED	Одговара	UKIM_CNP	ППК26112	
2	First-issue CoQ, remaining batches	CoQ-PP-2026-0030	2026-06-30	FB012603		Fat Bastard	1			—		3	Identification C	Conforms to monograph	MISSING				iCoA?
2	First-issue CoQ, remaining batches	CoQ-PP-2026-0030	2026-06-30	FB012603		Fat Bastard	1			—		4	Assay — Total Δ9-THC	NO MASTER ROW - criterion unknown	OUTSOURCED	20.83 %	UKIM_CNP	ППК26112	
2	First-issue CoQ, remaining batches	CoQ-PP-2026-0030	2026-06-30	FB012603		Fat Bastard	1			—		5	Assay — Total CBD	≤ 1.0 %, w/w	OUTSOURCED	0.21 %	UKIM_CNP	ППК26112	
2	First-issue CoQ, remaining batches	CoQ-PP-2026-0030	2026-06-30	FB012603		Fat Bastard	1			—		6	Total CBN	≤ 1.0 %, w/w	OUTSOURCED	0.06 %	UKIM_CNP	ППК26112	
2	First-issue CoQ, remaining batches	CoQ-PP-2026-0030	2026-06-30	FB012603		Fat Bastard	1			—		7	Foreign Matter	≤ 2.0 % / 25–50 g	OUTSOURCED	/ (Одговара)	UKIM_CNP	ППК26112	
2	First-issue CoQ, remaining batches	CoQ-PP-2026-0030	2026-06-30	FB012603		Fat Bastard	1			—		8	Loss on Drying	≤ 12.0 %	OUTSOURCED	7.04 %	UKIM_CNP	ППК26112	
2	First-issue CoQ, remaining batches	CoQ-PP-2026-0030	2026-06-30	FB012603		Fat Bastard	1			—		9a	TAMC	≤ 10^5 CFU/g	MISSING				OUTSOURCE
2	First-issue CoQ, remaining batches	CoQ-PP-2026-0030	2026-06-30	FB012603		Fat Bastard	1			—		9b	TYMC	≤ 10^4 CFU/g	MISSING				OUTSOURCE
2	First-issue CoQ, remaining batches	CoQ-PP-2026-0030	2026-06-30	FB012603		Fat Bastard	1			—		9c	Bile-tolerant gram-neg.	≤ 10^4 CFU/g	MISSING				OUTSOURCE
2	First-issue CoQ, remaining batches	CoQ-PP-2026-0030	2026-06-30	FB012603		Fat Bastard	1			—		9d	Salmonella	Absence / 25 g	MISSING				OUTSOURCE
2	First-issue CoQ, remaining batches	CoQ-PP-2026-0030	2026-06-30	FB012603		Fat Bastard	1			—		9e	Escherichia coli	Absence / 1 g	MISSING				OUTSOURCE
2	First-issue CoQ, remaining batches	CoQ-PP-2026-0030	2026-06-30	FB012603		Fat Bastard	1			—		10a	Aflatoxin B1	≤ 2 µg/kg	MISSING				OUTSOURCE
2	First-issue CoQ, remaining batches	CoQ-PP-2026-0030	2026-06-30	FB012603		Fat Bastard	1			—		10b	Aflatoxins ∑ (B1+B2+G1+G2)	≤ 4 µg/kg	MISSING				OUTSOURCE
2	First-issue CoQ, remaining batches	CoQ-PP-2026-0030	2026-06-30	FB012603		Fat Bastard	1			—		10c	Ochratoxin A	≤ 20 µg/kg	MISSING				OUTSOURCE
2	First-issue CoQ, remaining batches	CoQ-PP-2026-0030	2026-06-30	FB012603		Fat Bastard	1			—		11a	Lead (Pb)	≤ 0.5 mg/kg	MISSING				OUTSOURCE
2	First-issue CoQ, remaining batches	CoQ-PP-2026-0030	2026-06-30	FB012603		Fat Bastard	1			—		11b	Cadmium (Cd)	≤ 0.3 mg/kg	MISSING				OUTSOURCE
2	First-issue CoQ, remaining batches	CoQ-PP-2026-0030	2026-06-30	FB012603		Fat Bastard	1			—		11c	Arsenic (As)	≤ 0.2 mg/kg	MISSING				OUTSOURCE
2	First-issue CoQ, remaining batches	CoQ-PP-2026-0030	2026-06-30	FB012603		Fat Bastard	1			—		11d	Mercury (Hg)	≤ 0.1 mg/kg	MISSING				OUTSOURCE
2	First-issue CoQ, remaining batches	CoQ-PP-2026-0030	2026-06-30	FB012603		Fat Bastard	1			—		12	Pesticide Residues	≤ LOQ per 2.8.13	MISSING				OUTSOURCE
2	First-issue CoQ, remaining batches	CoQ-PP-2026-0031	2026-06-30	FB012603V		Fat Bastard	1			—		1	Identification A, Appearance	Conforms to monograph	OUTSOURCED	Одговара	Универзитет „Св. К	ППК26110	
2	First-issue CoQ, remaining batches	CoQ-PP-2026-0031	2026-06-30	FB012603V		Fat Bastard	1			—		2	Identification B	Conforms to monograph	OUTSOURCED	Одговара	Универзитет „Св. К	ППК26110	
2	First-issue CoQ, remaining batches	CoQ-PP-2026-0031	2026-06-30	FB012603V		Fat Bastard	1			—		3	Identification C	Conforms to monograph	MISSING				iCoA?
2	First-issue CoQ, remaining batches	CoQ-PP-2026-0031	2026-06-30	FB012603V		Fat Bastard	1			—		4	Assay — Total Δ9-THC	NO MASTER ROW - criterion unknown	OUTSOURCED	18.29 %	Универзитет „Св. К	ППК26110	
2	First-issue CoQ, remaining batches	CoQ-PP-2026-0031	2026-06-30	FB012603V		Fat Bastard	1			—		5	Assay — Total CBD	≤ 1.0 %, w/w	OUTSOURCED	0.16 %	Универзитет „Св. К	ППК26110	
2	First-issue CoQ, remaining batches	CoQ-PP-2026-0031	2026-06-30	FB012603V		Fat Bastard	1			—		6	Total CBN	≤ 1.0 %, w/w	OUTSOURCED	0.06 %	Универзитет „Св. К	ППК26110	
2	First-issue CoQ, remaining batches	CoQ-PP-2026-0031	2026-06-30	FB012603V		Fat Bastard	1			—		7	Foreign Matter	≤ 2.0 % / 25–50 g	OUTSOURCED	/ (Одговара)	Универзитет „Св. К	ППК26110	
2	First-issue CoQ, remaining batches	CoQ-PP-2026-0031	2026-06-30	FB012603V		Fat Bastard	1			—		8	Loss on Drying	≤ 12.0 %	OUTSOURCED	6.36 %	Универзитет „Св. К	ППК26110	
2	First-issue CoQ, remaining batches	CoQ-PP-2026-0031	2026-06-30	FB012603V		Fat Bastard	1			—		9a	TAMC	≤ 10^5 CFU/g	MISSING				OUTSOURCE
2	First-issue CoQ, remaining batches	CoQ-PP-2026-0031	2026-06-30	FB012603V		Fat Bastard	1			—		9b	TYMC	≤ 10^4 CFU/g	MISSING				OUTSOURCE
2	First-issue CoQ, remaining batches	CoQ-PP-2026-0031	2026-06-30	FB012603V		Fat Bastard	1			—		9c	Bile-tolerant gram-neg.	≤ 10^4 CFU/g	MISSING				OUTSOURCE
2	First-issue CoQ, remaining batches	CoQ-PP-2026-0031	2026-06-30	FB012603V		Fat Bastard	1			—		9d	Salmonella	Absence / 25 g	MISSING				OUTSOURCE
2	First-issue CoQ, remaining batches	CoQ-PP-2026-0031	2026-06-30	FB012603V		Fat Bastard	1			—		9e	Escherichia coli	Absence / 1 g	MISSING				OUTSOURCE
2	First-issue CoQ, remaining batches	CoQ-PP-2026-0031	2026-06-30	FB012603V		Fat Bastard	1			—		10a	Aflatoxin B1	≤ 2 µg/kg	MISSING				OUTSOURCE
2	First-issue CoQ, remaining batches	CoQ-PP-2026-0031	2026-06-30	FB012603V		Fat Bastard	1			—		10b	Aflatoxins ∑ (B1+B2+G1+G2)	≤ 4 µg/kg	MISSING				OUTSOURCE
2	First-issue CoQ, remaining batches	CoQ-PP-2026-0031	2026-06-30	FB012603V		Fat Bastard	1			—		10c	Ochratoxin A	≤ 20 µg/kg	MISSING				OUTSOURCE
2	First-issue CoQ, remaining batches	CoQ-PP-2026-0031	2026-06-30	FB012603V		Fat Bastard	1			—		11a	Lead (Pb)	≤ 0.5 mg/kg	MISSING				OUTSOURCE
2	First-issue CoQ, remaining batches	CoQ-PP-2026-0031	2026-06-30	FB012603V		Fat Bastard	1			—		11b	Cadmium (Cd)	≤ 0.3 mg/kg	MISSING				OUTSOURCE
2	First-issue CoQ, remaining batches	CoQ-PP-2026-0031	2026-06-30	FB012603V		Fat Bastard	1			—		11c	Arsenic (As)	≤ 0.2 mg/kg	MISSING				OUTSOURCE
2	First-issue CoQ, remaining batches	CoQ-PP-2026-0031	2026-06-30	FB012603V		Fat Bastard	1			—		11d	Mercury (Hg)	≤ 0.1 mg/kg	MISSING				OUTSOURCE
2	First-issue CoQ, remaining batches	CoQ-PP-2026-0031	2026-06-30	FB012603V		Fat Bastard	1			—		12	Pesticide Residues	≤ LOQ per 2.8.13	MISSING				OUTSOURCE
2	First-issue CoQ, remaining batches	CoQ-PP-2026-0032	2026-06-30	JD012603_02	P060412	Jelly Donuts	1			T2	QCSP_001_JD-IV_v.01	1	Identification A, Appearance	Conforms to monograph	OUTSOURCED	Одговара	UKIM_CNP	ППК26113	
2	First-issue CoQ, remaining batches	CoQ-PP-2026-0032	2026-06-30	JD012603_02	P060412	Jelly Donuts	1			T2	QCSP_001_JD-IV_v.01	2	Identification B	Conforms to monograph	OUTSOURCED	Одговара	UKIM_CNP	ППК26113	
2	First-issue CoQ, remaining batches	CoQ-PP-2026-0032	2026-06-30	JD012603_02	P060412	Jelly Donuts	1			T2	QCSP_001_JD-IV_v.01	3	Identification C	Conforms to monograph	MISSING				iCoA?
2	First-issue CoQ, remaining batches	CoQ-PP-2026-0032	2026-06-30	JD012603_02	P060412	Jelly Donuts	1			T2	QCSP_001_JD-IV_v.01	4	Assay — Total Δ9-THC	12.60 - 15.39 %	OUTSOURCED	20.54 %	UKIM_CNP	ППК26113	
2	First-issue CoQ, remaining batches	CoQ-PP-2026-0032	2026-06-30	JD012603_02	P060412	Jelly Donuts	1			T2	QCSP_001_JD-IV_v.01	5	Assay — Total CBD	≤ 1.0 %, w/w	OUTSOURCED	0.05 %	UKIM_CNP	ППК26113	
2	First-issue CoQ, remaining batches	CoQ-PP-2026-0032	2026-06-30	JD012603_02	P060412	Jelly Donuts	1			T2	QCSP_001_JD-IV_v.01	6	Total CBN	≤ 1.0 %, w/w	OUTSOURCED	0.05 %	UKIM_CNP	ППК26113	
2	First-issue CoQ, remaining batches	CoQ-PP-2026-0032	2026-06-30	JD012603_02	P060412	Jelly Donuts	1			T2	QCSP_001_JD-IV_v.01	7	Foreign Matter	≤ 2.0 % / 25–50 g	OUTSOURCED	/ (Одговара)	UKIM_CNP	ППК26113	
2	First-issue CoQ, remaining batches	CoQ-PP-2026-0032	2026-06-30	JD012603_02	P060412	Jelly Donuts	1			T2	QCSP_001_JD-IV_v.01	8	Loss on Drying	≤ 12.0 %	OUTSOURCED	7.52 %	UKIM_CNP	ППК26113	
2	First-issue CoQ, remaining batches	CoQ-PP-2026-0032	2026-06-30	JD012603_02	P060412	Jelly Donuts	1			T2	QCSP_001_JD-IV_v.01	9a	TAMC	≤ 10^5 CFU/g	MISSING				OUTSOURCE
2	First-issue CoQ, remaining batches	CoQ-PP-2026-0032	2026-06-30	JD012603_02	P060412	Jelly Donuts	1			T2	QCSP_001_JD-IV_v.01	9b	TYMC	≤ 10^4 CFU/g	MISSING				OUTSOURCE
2	First-issue CoQ, remaining batches	CoQ-PP-2026-0032	2026-06-30	JD012603_02	P060412	Jelly Donuts	1			T2	QCSP_001_JD-IV_v.01	9c	Bile-tolerant gram-neg.	≤ 10^4 CFU/g	MISSING				OUTSOURCE
2	First-issue CoQ, remaining batches	CoQ-PP-2026-0032	2026-06-30	JD012603_02	P060412	Jelly Donuts	1			T2	QCSP_001_JD-IV_v.01	9d	Salmonella	Absence / 25 g	MISSING				OUTSOURCE
2	First-issue CoQ, remaining batches	CoQ-PP-2026-0032	2026-06-30	JD012603_02	P060412	Jelly Donuts	1			T2	QCSP_001_JD-IV_v.01	9e	Escherichia coli	Absence / 1 g	MISSING				OUTSOURCE
2	First-issue CoQ, remaining batches	CoQ-PP-2026-0032	2026-06-30	JD012603_02	P060412	Jelly Donuts	1			T2	QCSP_001_JD-IV_v.01	10a	Aflatoxin B1	≤ 2 µg/kg	MISSING				OUTSOURCE
2	First-issue CoQ, remaining batches	CoQ-PP-2026-0032	2026-06-30	JD012603_02	P060412	Jelly Donuts	1			T2	QCSP_001_JD-IV_v.01	10b	Aflatoxins ∑ (B1+B2+G1+G2)	≤ 4 µg/kg	MISSING				OUTSOURCE
2	First-issue CoQ, remaining batches	CoQ-PP-2026-0032	2026-06-30	JD012603_02	P060412	Jelly Donuts	1			T2	QCSP_001_JD-IV_v.01	10c	Ochratoxin A	≤ 20 µg/kg	MISSING				OUTSOURCE
2	First-issue CoQ, remaining batches	CoQ-PP-2026-0032	2026-06-30	JD012603_02	P060412	Jelly Donuts	1			T2	QCSP_001_JD-IV_v.01	11a	Lead (Pb)	≤ 0.5 mg/kg	MISSING				OUTSOURCE
2	First-issue CoQ, remaining batches	CoQ-PP-2026-0032	2026-06-30	JD012603_02	P060412	Jelly Donuts	1			T2	QCSP_001_JD-IV_v.01	11b	Cadmium (Cd)	≤ 0.3 mg/kg	MISSING				OUTSOURCE
2	First-issue CoQ, remaining batches	CoQ-PP-2026-0032	2026-06-30	JD012603_02	P060412	Jelly Donuts	1			T2	QCSP_001_JD-IV_v.01	11c	Arsenic (As)	≤ 0.2 mg/kg	MISSING				OUTSOURCE
2	First-issue CoQ, remaining batches	CoQ-PP-2026-0032	2026-06-30	JD012603_02	P060412	Jelly Donuts	1			T2	QCSP_001_JD-IV_v.01	11d	Mercury (Hg)	≤ 0.1 mg/kg	MISSING				OUTSOURCE
2	First-issue CoQ, remaining batches	CoQ-PP-2026-0032	2026-06-30	JD012603_02	P060412	Jelly Donuts	1			T2	QCSP_001_JD-IV_v.01	12	Pesticide Residues	≤ LOQ per 2.8.13	MISSING				OUTSOURCE
2	First-issue CoQ, remaining batches	CoQ-PP-2026-0033	2026-06-30	JD012603_02V	P060422	Jelly Donuts	1			T2	QCSP_001_JD-III_v.01	1	Identification A, Appearance	Conforms to monograph	OUTSOURCED	Одговара	UKIM_CNP	ППК26111	
2	First-issue CoQ, remaining batches	CoQ-PP-2026-0033	2026-06-30	JD012603_02V	P060422	Jelly Donuts	1			T2	QCSP_001_JD-III_v.01	2	Identification B	Conforms to monograph	OUTSOURCED	Одговара	UKIM_CNP	ППК26111	
2	First-issue CoQ, remaining batches	CoQ-PP-2026-0033	2026-06-30	JD012603_02V	P060422	Jelly Donuts	1			T2	QCSP_001_JD-III_v.01	3	Identification C	Conforms to monograph	MISSING				iCoA?
2	First-issue CoQ, remaining batches	CoQ-PP-2026-0033	2026-06-30	JD012603_02V	P060422	Jelly Donuts	1			T2	QCSP_001_JD-III_v.01	4	Assay — Total Δ9-THC	14.40 - 17.59 %	OUTSOURCED	15.16 %	UKIM_CNP	ППК26111	
2	First-issue CoQ, remaining batches	CoQ-PP-2026-0033	2026-06-30	JD012603_02V	P060422	Jelly Donuts	1			T2	QCSP_001_JD-III_v.01	5	Assay — Total CBD	≤ 1.0 %, w/w	OUTSOURCED	BLQ	UKIM_CNP	ППК26111	
2	First-issue CoQ, remaining batches	CoQ-PP-2026-0033	2026-06-30	JD012603_02V	P060422	Jelly Donuts	1			T2	QCSP_001_JD-III_v.01	6	Total CBN	≤ 1.0 %, w/w	OUTSOURCED	0.04 %	UKIM_CNP	ППК26111	
2	First-issue CoQ, remaining batches	CoQ-PP-2026-0033	2026-06-30	JD012603_02V	P060422	Jelly Donuts	1			T2	QCSP_001_JD-III_v.01	7	Foreign Matter	≤ 2.0 % / 25–50 g	OUTSOURCED	/ (Одговара)	UKIM_CNP	ППК26111	
2	First-issue CoQ, remaining batches	CoQ-PP-2026-0033	2026-06-30	JD012603_02V	P060422	Jelly Donuts	1			T2	QCSP_001_JD-III_v.01	8	Loss on Drying	≤ 12.0 %	OUTSOURCED	7.04 %	UKIM_CNP	ППК26111	
2	First-issue CoQ, remaining batches	CoQ-PP-2026-0033	2026-06-30	JD012603_02V	P060422	Jelly Donuts	1			T2	QCSP_001_JD-III_v.01	9a	TAMC	≤ 10^5 CFU/g	MISSING				OUTSOURCE
2	First-issue CoQ, remaining batches	CoQ-PP-2026-0033	2026-06-30	JD012603_02V	P060422	Jelly Donuts	1			T2	QCSP_001_JD-III_v.01	9b	TYMC	≤ 10^4 CFU/g	MISSING				OUTSOURCE
2	First-issue CoQ, remaining batches	CoQ-PP-2026-0033	2026-06-30	JD012603_02V	P060422	Jelly Donuts	1			T2	QCSP_001_JD-III_v.01	9c	Bile-tolerant gram-neg.	≤ 10^4 CFU/g	MISSING				OUTSOURCE
2	First-issue CoQ, remaining batches	CoQ-PP-2026-0033	2026-06-30	JD012603_02V	P060422	Jelly Donuts	1			T2	QCSP_001_JD-III_v.01	9d	Salmonella	Absence / 25 g	MISSING				OUTSOURCE
2	First-issue CoQ, remaining batches	CoQ-PP-2026-0033	2026-06-30	JD012603_02V	P060422	Jelly Donuts	1			T2	QCSP_001_JD-III_v.01	9e	Escherichia coli	Absence / 1 g	MISSING				OUTSOURCE
2	First-issue CoQ, remaining batches	CoQ-PP-2026-0033	2026-06-30	JD012603_02V	P060422	Jelly Donuts	1			T2	QCSP_001_JD-III_v.01	10a	Aflatoxin B1	≤ 2 µg/kg	MISSING				OUTSOURCE
2	First-issue CoQ, remaining batches	CoQ-PP-2026-0033	2026-06-30	JD012603_02V	P060422	Jelly Donuts	1			T2	QCSP_001_JD-III_v.01	10b	Aflatoxins ∑ (B1+B2+G1+G2)	≤ 4 µg/kg	MISSING				OUTSOURCE
2	First-issue CoQ, remaining batches	CoQ-PP-2026-0033	2026-06-30	JD012603_02V	P060422	Jelly Donuts	1			T2	QCSP_001_JD-III_v.01	10c	Ochratoxin A	≤ 20 µg/kg	MISSING				OUTSOURCE
2	First-issue CoQ, remaining batches	CoQ-PP-2026-0033	2026-06-30	JD012603_02V	P060422	Jelly Donuts	1			T2	QCSP_001_JD-III_v.01	11a	Lead (Pb)	≤ 0.5 mg/kg	MISSING				OUTSOURCE
2	First-issue CoQ, remaining batches	CoQ-PP-2026-0033	2026-06-30	JD012603_02V	P060422	Jelly Donuts	1			T2	QCSP_001_JD-III_v.01	11b	Cadmium (Cd)	≤ 0.3 mg/kg	MISSING				OUTSOURCE
2	First-issue CoQ, remaining batches	CoQ-PP-2026-0033	2026-06-30	JD012603_02V	P060422	Jelly Donuts	1			T2	QCSP_001_JD-III_v.01	11c	Arsenic (As)	≤ 0.2 mg/kg	MISSING				OUTSOURCE
2	First-issue CoQ, remaining batches	CoQ-PP-2026-0033	2026-06-30	JD012603_02V	P060422	Jelly Donuts	1			T2	QCSP_001_JD-III_v.01	11d	Mercury (Hg)	≤ 0.1 mg/kg	MISSING				OUTSOURCE
2	First-issue CoQ, remaining batches	CoQ-PP-2026-0033	2026-06-30	JD012603_02V	P060422	Jelly Donuts	1			T2	QCSP_001_JD-III_v.01	12	Pesticide Residues	≤ LOQ per 2.8.13	MISSING				OUTSOURCE
2	First-issue CoQ, remaining batches	CoQ-PP-2026-0034	2026-06-30	JD022601		Jelly Donuts	1			—		1	Identification A, Appearance	Conforms to monograph	OUTSOURCED	Одговара	UKIM_CNP	ППК26115	
2	First-issue CoQ, remaining batches	CoQ-PP-2026-0034	2026-06-30	JD022601		Jelly Donuts	1			—		2	Identification B	Conforms to monograph	OUTSOURCED	Одговара	UKIM_CNP	ППК26115	
2	First-issue CoQ, remaining batches	CoQ-PP-2026-0034	2026-06-30	JD022601		Jelly Donuts	1			—		3	Identification C	Conforms to monograph	MISSING				iCoA?
2	First-issue CoQ, remaining batches	CoQ-PP-2026-0034	2026-06-30	JD022601		Jelly Donuts	1			—		4	Assay — Total Δ9-THC	NO MASTER ROW - criterion unknown	OUTSOURCED	18.58 %	UKIM_CNP	ППК26115	
2	First-issue CoQ, remaining batches	CoQ-PP-2026-0034	2026-06-30	JD022601		Jelly Donuts	1			—		5	Assay — Total CBD	≤ 1.0 %, w/w	OUTSOURCED	BLQ	UKIM_CNP	ППК26115	
2	First-issue CoQ, remaining batches	CoQ-PP-2026-0034	2026-06-30	JD022601		Jelly Donuts	1			—		6	Total CBN	≤ 1.0 %, w/w	OUTSOURCED	0.05 %	UKIM_CNP	ППК26115	
2	First-issue CoQ, remaining batches	CoQ-PP-2026-0034	2026-06-30	JD022601		Jelly Donuts	1			—		7	Foreign Matter	≤ 2.0 % / 25–50 g	OUTSOURCED	/ (Одговара)	UKIM_CNP	ППК26115	
2	First-issue CoQ, remaining batches	CoQ-PP-2026-0034	2026-06-30	JD022601		Jelly Donuts	1			—		8	Loss on Drying	≤ 12.0 %	OUTSOURCED	7.73 %	UKIM_CNP	ППК26115	
2	First-issue CoQ, remaining batches	CoQ-PP-2026-0034	2026-06-30	JD022601		Jelly Donuts	1			—		9a	TAMC	≤ 10^5 CFU/g	MISSING				OUTSOURCE
2	First-issue CoQ, remaining batches	CoQ-PP-2026-0034	2026-06-30	JD022601		Jelly Donuts	1			—		9b	TYMC	≤ 10^4 CFU/g	MISSING				OUTSOURCE
2	First-issue CoQ, remaining batches	CoQ-PP-2026-0034	2026-06-30	JD022601		Jelly Donuts	1			—		9c	Bile-tolerant gram-neg.	≤ 10^4 CFU/g	MISSING				OUTSOURCE
2	First-issue CoQ, remaining batches	CoQ-PP-2026-0034	2026-06-30	JD022601		Jelly Donuts	1			—		9d	Salmonella	Absence / 25 g	MISSING				OUTSOURCE
2	First-issue CoQ, remaining batches	CoQ-PP-2026-0034	2026-06-30	JD022601		Jelly Donuts	1			—		9e	Escherichia coli	Absence / 1 g	MISSING				OUTSOURCE
2	First-issue CoQ, remaining batches	CoQ-PP-2026-0034	2026-06-30	JD022601		Jelly Donuts	1			—		10a	Aflatoxin B1	≤ 2 µg/kg	MISSING				OUTSOURCE
2	First-issue CoQ, remaining batches	CoQ-PP-2026-0034	2026-06-30	JD022601		Jelly Donuts	1			—		10b	Aflatoxins ∑ (B1+B2+G1+G2)	≤ 4 µg/kg	MISSING				OUTSOURCE
2	First-issue CoQ, remaining batches	CoQ-PP-2026-0034	2026-06-30	JD022601		Jelly Donuts	1			—		10c	Ochratoxin A	≤ 20 µg/kg	MISSING				OUTSOURCE
2	First-issue CoQ, remaining batches	CoQ-PP-2026-0034	2026-06-30	JD022601		Jelly Donuts	1			—		11a	Lead (Pb)	≤ 0.5 mg/kg	MISSING				OUTSOURCE
2	First-issue CoQ, remaining batches	CoQ-PP-2026-0034	2026-06-30	JD022601		Jelly Donuts	1			—		11b	Cadmium (Cd)	≤ 0.3 mg/kg	MISSING				OUTSOURCE
2	First-issue CoQ, remaining batches	CoQ-PP-2026-0034	2026-06-30	JD022601		Jelly Donuts	1			—		11c	Arsenic (As)	≤ 0.2 mg/kg	MISSING				OUTSOURCE
2	First-issue CoQ, remaining batches	CoQ-PP-2026-0034	2026-06-30	JD022601		Jelly Donuts	1			—		11d	Mercury (Hg)	≤ 0.1 mg/kg	MISSING				OUTSOURCE
2	First-issue CoQ, remaining batches	CoQ-PP-2026-0034	2026-06-30	JD022601		Jelly Donuts	1			—		12	Pesticide Residues	≤ LOQ per 2.8.13	MISSING				OUTSOURCE
2	First-issue CoQ, remaining batches	CoQ-PP-2026-0035	2026-07-06	P160012		Grape Pie	1			—		1	Identification A, Appearance	Conforms to monograph	OUTSOURCED	Одговара	UKIM_CNP	ППК26117	
2	First-issue CoQ, remaining batches	CoQ-PP-2026-0035	2026-07-06	P160012		Grape Pie	1			—		2	Identification B	Conforms to monograph	OUTSOURCED	Одговара	UKIM_CNP	ППК26117	
2	First-issue CoQ, remaining batches	CoQ-PP-2026-0035	2026-07-06	P160012		Grape Pie	1			—		3	Identification C	Conforms to monograph	MISSING				iCoA?
2	First-issue CoQ, remaining batches	CoQ-PP-2026-0035	2026-07-06	P160012		Grape Pie	1			—		4	Assay — Total Δ9-THC	NO MASTER ROW - criterion unknown	OUTSOURCED	26.32 %	UKIM_CNP	ППК26117	
2	First-issue CoQ, remaining batches	CoQ-PP-2026-0035	2026-07-06	P160012		Grape Pie	1			—		5	Assay — Total CBD	≤ 1.0 %, w/w	OUTSOURCED	0.15 %	UKIM_CNP	ППК26117	
2	First-issue CoQ, remaining batches	CoQ-PP-2026-0035	2026-07-06	P160012		Grape Pie	1			—		6	Total CBN	≤ 1.0 %, w/w	OUTSOURCED	0.09 %	UKIM_CNP	ППК26117	
2	First-issue CoQ, remaining batches	CoQ-PP-2026-0035	2026-07-06	P160012		Grape Pie	1			—		7	Foreign Matter	≤ 2.0 % / 25–50 g	OUTSOURCED	0.42% (Одговара)	UKIM_CNP	ППК26117	
2	First-issue CoQ, remaining batches	CoQ-PP-2026-0035	2026-07-06	P160012		Grape Pie	1			—		8	Loss on Drying	≤ 12.0 %	OUTSOURCED	6.31 %	UKIM_CNP	ППК26117	
2	First-issue CoQ, remaining batches	CoQ-PP-2026-0035	2026-07-06	P160012		Grape Pie	1			—		9a	TAMC	≤ 10^5 CFU/g	MISSING				OUTSOURCE
2	First-issue CoQ, remaining batches	CoQ-PP-2026-0035	2026-07-06	P160012		Grape Pie	1			—		9b	TYMC	≤ 10^4 CFU/g	MISSING				OUTSOURCE
2	First-issue CoQ, remaining batches	CoQ-PP-2026-0035	2026-07-06	P160012		Grape Pie	1			—		9c	Bile-tolerant gram-neg.	≤ 10^4 CFU/g	MISSING				OUTSOURCE
2	First-issue CoQ, remaining batches	CoQ-PP-2026-0035	2026-07-06	P160012		Grape Pie	1			—		9d	Salmonella	Absence / 25 g	MISSING				OUTSOURCE
2	First-issue CoQ, remaining batches	CoQ-PP-2026-0035	2026-07-06	P160012		Grape Pie	1			—		9e	Escherichia coli	Absence / 1 g	MISSING				OUTSOURCE
2	First-issue CoQ, remaining batches	CoQ-PP-2026-0035	2026-07-06	P160012		Grape Pie	1			—		10a	Aflatoxin B1	≤ 2 µg/kg	MISSING				OUTSOURCE
2	First-issue CoQ, remaining batches	CoQ-PP-2026-0035	2026-07-06	P160012		Grape Pie	1			—		10b	Aflatoxins ∑ (B1+B2+G1+G2)	≤ 4 µg/kg	MISSING				OUTSOURCE
2	First-issue CoQ, remaining batches	CoQ-PP-2026-0035	2026-07-06	P160012		Grape Pie	1			—		10c	Ochratoxin A	≤ 20 µg/kg	MISSING				OUTSOURCE
2	First-issue CoQ, remaining batches	CoQ-PP-2026-0035	2026-07-06	P160012		Grape Pie	1			—		11a	Lead (Pb)	≤ 0.5 mg/kg	MISSING				OUTSOURCE
2	First-issue CoQ, remaining batches	CoQ-PP-2026-0035	2026-07-06	P160012		Grape Pie	1			—		11b	Cadmium (Cd)	≤ 0.3 mg/kg	MISSING				OUTSOURCE
2	First-issue CoQ, remaining batches	CoQ-PP-2026-0035	2026-07-06	P160012		Grape Pie	1			—		11c	Arsenic (As)	≤ 0.2 mg/kg	MISSING				OUTSOURCE
2	First-issue CoQ, remaining batches	CoQ-PP-2026-0035	2026-07-06	P160012		Grape Pie	1			—		11d	Mercury (Hg)	≤ 0.1 mg/kg	MISSING				OUTSOURCE
2	First-issue CoQ, remaining batches	CoQ-PP-2026-0035	2026-07-06	P160012		Grape Pie	1			—		12	Pesticide Residues	≤ LOQ per 2.8.13	MISSING				OUTSOURCE
2	First-issue CoQ, remaining batches	CoQ-PP-2026-0036	2026-07-06	P160022		Grape Pie	1			—		1	Identification A, Appearance	Conforms to monograph	OUTSOURCED	Одговара	UKIM_CNP	ППК26118	
2	First-issue CoQ, remaining batches	CoQ-PP-2026-0036	2026-07-06	P160022		Grape Pie	1			—		2	Identification B	Conforms to monograph	OUTSOURCED	Одговара	UKIM_CNP	ППК26118	
2	First-issue CoQ, remaining batches	CoQ-PP-2026-0036	2026-07-06	P160022		Grape Pie	1			—		3	Identification C	Conforms to monograph	MISSING				iCoA?
2	First-issue CoQ, remaining batches	CoQ-PP-2026-0036	2026-07-06	P160022		Grape Pie	1			—		4	Assay — Total Δ9-THC	NO MASTER ROW - criterion unknown	OUTSOURCED	25.72 %	UKIM_CNP	ППК26118	
2	First-issue CoQ, remaining batches	CoQ-PP-2026-0036	2026-07-06	P160022		Grape Pie	1			—		5	Assay — Total CBD	≤ 1.0 %, w/w	OUTSOURCED	0.15 %	UKIM_CNP	ППК26118	
2	First-issue CoQ, remaining batches	CoQ-PP-2026-0036	2026-07-06	P160022		Grape Pie	1			—		6	Total CBN	≤ 1.0 %, w/w	OUTSOURCED	0.10 %	UKIM_CNP	ППК26118	
2	First-issue CoQ, remaining batches	CoQ-PP-2026-0036	2026-07-06	P160022		Grape Pie	1			—		7	Foreign Matter	≤ 2.0 % / 25–50 g	OUTSOURCED	/ (Одговара)	UKIM_CNP	ППК26118	
2	First-issue CoQ, remaining batches	CoQ-PP-2026-0036	2026-07-06	P160022		Grape Pie	1			—		8	Loss on Drying	≤ 12.0 %	OUTSOURCED	6.67 %	UKIM_CNP	ППК26118	
2	First-issue CoQ, remaining batches	CoQ-PP-2026-0036	2026-07-06	P160022		Grape Pie	1			—		9a	TAMC	≤ 10^5 CFU/g	MISSING				OUTSOURCE
2	First-issue CoQ, remaining batches	CoQ-PP-2026-0036	2026-07-06	P160022		Grape Pie	1			—		9b	TYMC	≤ 10^4 CFU/g	MISSING				OUTSOURCE
2	First-issue CoQ, remaining batches	CoQ-PP-2026-0036	2026-07-06	P160022		Grape Pie	1			—		9c	Bile-tolerant gram-neg.	≤ 10^4 CFU/g	MISSING				OUTSOURCE
2	First-issue CoQ, remaining batches	CoQ-PP-2026-0036	2026-07-06	P160022		Grape Pie	1			—		9d	Salmonella	Absence / 25 g	MISSING				OUTSOURCE
2	First-issue CoQ, remaining batches	CoQ-PP-2026-0036	2026-07-06	P160022		Grape Pie	1			—		9e	Escherichia coli	Absence / 1 g	MISSING				OUTSOURCE
2	First-issue CoQ, remaining batches	CoQ-PP-2026-0036	2026-07-06	P160022		Grape Pie	1			—		10a	Aflatoxin B1	≤ 2 µg/kg	MISSING				OUTSOURCE
2	First-issue CoQ, remaining batches	CoQ-PP-2026-0036	2026-07-06	P160022		Grape Pie	1			—		10b	Aflatoxins ∑ (B1+B2+G1+G2)	≤ 4 µg/kg	MISSING				OUTSOURCE
2	First-issue CoQ, remaining batches	CoQ-PP-2026-0036	2026-07-06	P160022		Grape Pie	1			—		10c	Ochratoxin A	≤ 20 µg/kg	MISSING				OUTSOURCE
2	First-issue CoQ, remaining batches	CoQ-PP-2026-0036	2026-07-06	P160022		Grape Pie	1			—		11a	Lead (Pb)	≤ 0.5 mg/kg	MISSING				OUTSOURCE
2	First-issue CoQ, remaining batches	CoQ-PP-2026-0036	2026-07-06	P160022		Grape Pie	1			—		11b	Cadmium (Cd)	≤ 0.3 mg/kg	MISSING				OUTSOURCE
2	First-issue CoQ, remaining batches	CoQ-PP-2026-0036	2026-07-06	P160022		Grape Pie	1			—		11c	Arsenic (As)	≤ 0.2 mg/kg	MISSING				OUTSOURCE
2	First-issue CoQ, remaining batches	CoQ-PP-2026-0036	2026-07-06	P160022		Grape Pie	1			—		11d	Mercury (Hg)	≤ 0.1 mg/kg	MISSING				OUTSOURCE
2	First-issue CoQ, remaining batches	CoQ-PP-2026-0036	2026-07-06	P160022		Grape Pie	1			—		12	Pesticide Residues	≤ LOQ per 2.8.13	MISSING				OUTSOURCE
2	First-issue CoQ, remaining batches	CoQ-PP-2026-0037	2026-07-06	P160032		Grape Pie	1			—		1	Identification A, Appearance	Conforms to monograph	OUTSOURCED	Одговара	UKIM_CNP	ППК26119	
2	First-issue CoQ, remaining batches	CoQ-PP-2026-0037	2026-07-06	P160032		Grape Pie	1			—		2	Identification B	Conforms to monograph	OUTSOURCED	Одговара	UKIM_CNP	ППК26119	
2	First-issue CoQ, remaining batches	CoQ-PP-2026-0037	2026-07-06	P160032		Grape Pie	1			—		3	Identification C	Conforms to monograph	MISSING				iCoA?
2	First-issue CoQ, remaining batches	CoQ-PP-2026-0037	2026-07-06	P160032		Grape Pie	1			—		4	Assay — Total Δ9-THC	NO MASTER ROW - criterion unknown	OUTSOURCED	24.78 %	UKIM_CNP	ППК26119	
2	First-issue CoQ, remaining batches	CoQ-PP-2026-0037	2026-07-06	P160032		Grape Pie	1			—		5	Assay — Total CBD	≤ 1.0 %, w/w	OUTSOURCED	0.06 %	UKIM_CNP	ППК26119	
2	First-issue CoQ, remaining batches	CoQ-PP-2026-0037	2026-07-06	P160032		Grape Pie	1			—		6	Total CBN	≤ 1.0 %, w/w	OUTSOURCED	0.08 %	UKIM_CNP	ППК26119	
2	First-issue CoQ, remaining batches	CoQ-PP-2026-0037	2026-07-06	P160032		Grape Pie	1			—		7	Foreign Matter	≤ 2.0 % / 25–50 g	OUTSOURCED	/ (Одговара)	UKIM_CNP	ППК26119	
2	First-issue CoQ, remaining batches	CoQ-PP-2026-0037	2026-07-06	P160032		Grape Pie	1			—		8	Loss on Drying	≤ 12.0 %	OUTSOURCED	6.78 %	UKIM_CNP	ППК26119	
2	First-issue CoQ, remaining batches	CoQ-PP-2026-0037	2026-07-06	P160032		Grape Pie	1			—		9a	TAMC	≤ 10^5 CFU/g	MISSING				OUTSOURCE
2	First-issue CoQ, remaining batches	CoQ-PP-2026-0037	2026-07-06	P160032		Grape Pie	1			—		9b	TYMC	≤ 10^4 CFU/g	MISSING				OUTSOURCE
2	First-issue CoQ, remaining batches	CoQ-PP-2026-0037	2026-07-06	P160032		Grape Pie	1			—		9c	Bile-tolerant gram-neg.	≤ 10^4 CFU/g	MISSING				OUTSOURCE
2	First-issue CoQ, remaining batches	CoQ-PP-2026-0037	2026-07-06	P160032		Grape Pie	1			—		9d	Salmonella	Absence / 25 g	MISSING				OUTSOURCE
2	First-issue CoQ, remaining batches	CoQ-PP-2026-0037	2026-07-06	P160032		Grape Pie	1			—		9e	Escherichia coli	Absence / 1 g	MISSING				OUTSOURCE
2	First-issue CoQ, remaining batches	CoQ-PP-2026-0037	2026-07-06	P160032		Grape Pie	1			—		10a	Aflatoxin B1	≤ 2 µg/kg	MISSING				OUTSOURCE
2	First-issue CoQ, remaining batches	CoQ-PP-2026-0037	2026-07-06	P160032		Grape Pie	1			—		10b	Aflatoxins ∑ (B1+B2+G1+G2)	≤ 4 µg/kg	MISSING				OUTSOURCE
2	First-issue CoQ, remaining batches	CoQ-PP-2026-0037	2026-07-06	P160032		Grape Pie	1			—		10c	Ochratoxin A	≤ 20 µg/kg	MISSING				OUTSOURCE
2	First-issue CoQ, remaining batches	CoQ-PP-2026-0037	2026-07-06	P160032		Grape Pie	1			—		11a	Lead (Pb)	≤ 0.5 mg/kg	MISSING				OUTSOURCE
2	First-issue CoQ, remaining batches	CoQ-PP-2026-0037	2026-07-06	P160032		Grape Pie	1			—		11b	Cadmium (Cd)	≤ 0.3 mg/kg	MISSING				OUTSOURCE
2	First-issue CoQ, remaining batches	CoQ-PP-2026-0037	2026-07-06	P160032		Grape Pie	1			—		11c	Arsenic (As)	≤ 0.2 mg/kg	MISSING				OUTSOURCE
2	First-issue CoQ, remaining batches	CoQ-PP-2026-0037	2026-07-06	P160032		Grape Pie	1			—		11d	Mercury (Hg)	≤ 0.1 mg/kg	MISSING				OUTSOURCE
2	First-issue CoQ, remaining batches	CoQ-PP-2026-0037	2026-07-06	P160032		Grape Pie	1			—		12	Pesticide Residues	≤ LOQ per 2.8.13	MISSING				OUTSOURCE
2	First-issue CoQ, remaining batches	CoQ-PP-2026-0038	2026-07-21	FB032601		Fat Bastard	1			—		1	Identification A, Appearance	Conforms to monograph	OUTSOURCED	Одговара	UKIM_CNP	ППК26127	
2	First-issue CoQ, remaining batches	CoQ-PP-2026-0038	2026-07-21	FB032601		Fat Bastard	1			—		2	Identification B	Conforms to monograph	OUTSOURCED	Одговара	UKIM_CNP	ППК26127	
2	First-issue CoQ, remaining batches	CoQ-PP-2026-0038	2026-07-21	FB032601		Fat Bastard	1			—		3	Identification C	Conforms to monograph	MISSING				iCoA?
2	First-issue CoQ, remaining batches	CoQ-PP-2026-0038	2026-07-21	FB032601		Fat Bastard	1			—		4	Assay — Total Δ9-THC	NO MASTER ROW - criterion unknown	OUTSOURCED	12.39 %	UKIM_CNP	ППК26127	
2	First-issue CoQ, remaining batches	CoQ-PP-2026-0038	2026-07-21	FB032601		Fat Bastard	1			—		5	Assay — Total CBD	≤ 1.0 %, w/w	OUTSOURCED	0.06 %	UKIM_CNP	ППК26127	
2	First-issue CoQ, remaining batches	CoQ-PP-2026-0038	2026-07-21	FB032601		Fat Bastard	1			—		6	Total CBN	≤ 1.0 %, w/w	OUTSOURCED	0.04 %	UKIM_CNP	ППК26127	
2	First-issue CoQ, remaining batches	CoQ-PP-2026-0038	2026-07-21	FB032601		Fat Bastard	1			—		7	Foreign Matter	≤ 2.0 % / 25–50 g	OUTSOURCED	0.08% (Не одговара)	UKIM_CNP	ППК26127	
2	First-issue CoQ, remaining batches	CoQ-PP-2026-0038	2026-07-21	FB032601		Fat Bastard	1			—		8	Loss on Drying	≤ 12.0 %	OUTSOURCED	7.77 %	UKIM_CNP	ППК26127	
2	First-issue CoQ, remaining batches	CoQ-PP-2026-0038	2026-07-21	FB032601		Fat Bastard	1			—		9a	TAMC	≤ 10^5 CFU/g	MISSING				OUTSOURCE
2	First-issue CoQ, remaining batches	CoQ-PP-2026-0038	2026-07-21	FB032601		Fat Bastard	1			—		9b	TYMC	≤ 10^4 CFU/g	MISSING				OUTSOURCE
2	First-issue CoQ, remaining batches	CoQ-PP-2026-0038	2026-07-21	FB032601		Fat Bastard	1			—		9c	Bile-tolerant gram-neg.	≤ 10^4 CFU/g	MISSING				OUTSOURCE
2	First-issue CoQ, remaining batches	CoQ-PP-2026-0038	2026-07-21	FB032601		Fat Bastard	1			—		9d	Salmonella	Absence / 25 g	MISSING				OUTSOURCE
2	First-issue CoQ, remaining batches	CoQ-PP-2026-0038	2026-07-21	FB032601		Fat Bastard	1			—		9e	Escherichia coli	Absence / 1 g	MISSING				OUTSOURCE
2	First-issue CoQ, remaining batches	CoQ-PP-2026-0038	2026-07-21	FB032601		Fat Bastard	1			—		10a	Aflatoxin B1	≤ 2 µg/kg	MISSING				OUTSOURCE
2	First-issue CoQ, remaining batches	CoQ-PP-2026-0038	2026-07-21	FB032601		Fat Bastard	1			—		10b	Aflatoxins ∑ (B1+B2+G1+G2)	≤ 4 µg/kg	MISSING				OUTSOURCE
2	First-issue CoQ, remaining batches	CoQ-PP-2026-0038	2026-07-21	FB032601		Fat Bastard	1			—		10c	Ochratoxin A	≤ 20 µg/kg	MISSING				OUTSOURCE
2	First-issue CoQ, remaining batches	CoQ-PP-2026-0038	2026-07-21	FB032601		Fat Bastard	1			—		11a	Lead (Pb)	≤ 0.5 mg/kg	MISSING				OUTSOURCE
2	First-issue CoQ, remaining batches	CoQ-PP-2026-0038	2026-07-21	FB032601		Fat Bastard	1			—		11b	Cadmium (Cd)	≤ 0.3 mg/kg	MISSING				OUTSOURCE
2	First-issue CoQ, remaining batches	CoQ-PP-2026-0038	2026-07-21	FB032601		Fat Bastard	1			—		11c	Arsenic (As)	≤ 0.2 mg/kg	MISSING				OUTSOURCE
2	First-issue CoQ, remaining batches	CoQ-PP-2026-0038	2026-07-21	FB032601		Fat Bastard	1			—		11d	Mercury (Hg)	≤ 0.1 mg/kg	MISSING				OUTSOURCE
2	First-issue CoQ, remaining batches	CoQ-PP-2026-0038	2026-07-21	FB032601		Fat Bastard	1			—		12	Pesticide Residues	≤ LOQ per 2.8.13	MISSING				OUTSOURCE
2	First-issue CoQ, remaining batches	CoQ-PP-2026-0039	2026-07-21	GG032601		Gorilla Glue	1			—		1	Identification A, Appearance	Conforms to monograph	OUTSOURCED	Одговара	UKIM_CNP	ППК26128	
2	First-issue CoQ, remaining batches	CoQ-PP-2026-0039	2026-07-21	GG032601		Gorilla Glue	1			—		2	Identification B	Conforms to monograph	OUTSOURCED	Одговара	UKIM_CNP	ППК26128	
2	First-issue CoQ, remaining batches	CoQ-PP-2026-0039	2026-07-21	GG032601		Gorilla Glue	1			—		3	Identification C	Conforms to monograph	MISSING				iCoA?
2	First-issue CoQ, remaining batches	CoQ-PP-2026-0039	2026-07-21	GG032601		Gorilla Glue	1			—		4	Assay — Total Δ9-THC	NO MASTER ROW - criterion unknown	OUTSOURCED	18.98 %	UKIM_CNP	ППК26128	
2	First-issue CoQ, remaining batches	CoQ-PP-2026-0039	2026-07-21	GG032601		Gorilla Glue	1			—		5	Assay — Total CBD	≤ 1.0 %, w/w	OUTSOURCED	0.25 %	UKIM_CNP	ППК26128	
2	First-issue CoQ, remaining batches	CoQ-PP-2026-0039	2026-07-21	GG032601		Gorilla Glue	1			—		6	Total CBN	≤ 1.0 %, w/w	OUTSOURCED	0.04 %	UKIM_CNP	ППК26128	
2	First-issue CoQ, remaining batches	CoQ-PP-2026-0039	2026-07-21	GG032601		Gorilla Glue	1			—		7	Foreign Matter	≤ 2.0 % / 25–50 g	OUTSOURCED	/ (Одговара)	UKIM_CNP	ППК26128	
2	First-issue CoQ, remaining batches	CoQ-PP-2026-0039	2026-07-21	GG032601		Gorilla Glue	1			—		8	Loss on Drying	≤ 12.0 %	OUTSOURCED	7.88 %	UKIM_CNP	ППК26128	
2	First-issue CoQ, remaining batches	CoQ-PP-2026-0039	2026-07-21	GG032601		Gorilla Glue	1			—		9a	TAMC	≤ 10^5 CFU/g	MISSING				OUTSOURCE
2	First-issue CoQ, remaining batches	CoQ-PP-2026-0039	2026-07-21	GG032601		Gorilla Glue	1			—		9b	TYMC	≤ 10^4 CFU/g	MISSING				OUTSOURCE
2	First-issue CoQ, remaining batches	CoQ-PP-2026-0039	2026-07-21	GG032601		Gorilla Glue	1			—		9c	Bile-tolerant gram-neg.	≤ 10^4 CFU/g	MISSING				OUTSOURCE
2	First-issue CoQ, remaining batches	CoQ-PP-2026-0039	2026-07-21	GG032601		Gorilla Glue	1			—		9d	Salmonella	Absence / 25 g	MISSING				OUTSOURCE
2	First-issue CoQ, remaining batches	CoQ-PP-2026-0039	2026-07-21	GG032601		Gorilla Glue	1			—		9e	Escherichia coli	Absence / 1 g	MISSING				OUTSOURCE
2	First-issue CoQ, remaining batches	CoQ-PP-2026-0039	2026-07-21	GG032601		Gorilla Glue	1			—		10a	Aflatoxin B1	≤ 2 µg/kg	MISSING				OUTSOURCE
2	First-issue CoQ, remaining batches	CoQ-PP-2026-0039	2026-07-21	GG032601		Gorilla Glue	1			—		10b	Aflatoxins ∑ (B1+B2+G1+G2)	≤ 4 µg/kg	MISSING				OUTSOURCE
2	First-issue CoQ, remaining batches	CoQ-PP-2026-0039	2026-07-21	GG032601		Gorilla Glue	1			—		10c	Ochratoxin A	≤ 20 µg/kg	MISSING				OUTSOURCE
2	First-issue CoQ, remaining batches	CoQ-PP-2026-0039	2026-07-21	GG032601		Gorilla Glue	1			—		11a	Lead (Pb)	≤ 0.5 mg/kg	MISSING				OUTSOURCE
2	First-issue CoQ, remaining batches	CoQ-PP-2026-0039	2026-07-21	GG032601		Gorilla Glue	1			—		11b	Cadmium (Cd)	≤ 0.3 mg/kg	MISSING				OUTSOURCE
2	First-issue CoQ, remaining batches	CoQ-PP-2026-0039	2026-07-21	GG032601		Gorilla Glue	1			—		11c	Arsenic (As)	≤ 0.2 mg/kg	MISSING				OUTSOURCE
2	First-issue CoQ, remaining batches	CoQ-PP-2026-0039	2026-07-21	GG032601		Gorilla Glue	1			—		11d	Mercury (Hg)	≤ 0.1 mg/kg	MISSING				OUTSOURCE
2	First-issue CoQ, remaining batches	CoQ-PP-2026-0039	2026-07-21	GG032601		Gorilla Glue	1			—		12	Pesticide Residues	≤ LOQ per 2.8.13	MISSING				OUTSOURCE
2	First-issue CoQ, remaining batches	CoQ-PP-2026-0042	2026-08-10	FB012602	P060352	Fat Bastard	1			T1	QCSP_001_FB-I_v.01	1	Identification A, Appearance	Conforms to monograph	HELD				ruling
2	First-issue CoQ, remaining batches	CoQ-PP-2026-0042	2026-08-10	FB012602	P060352	Fat Bastard	1			T1	QCSP_001_FB-I_v.01	2	Identification B	Conforms to monograph	HELD				ruling
2	First-issue CoQ, remaining batches	CoQ-PP-2026-0042	2026-08-10	FB012602	P060352	Fat Bastard	1			T1	QCSP_001_FB-I_v.01	3	Identification C	Conforms to monograph	HELD				ruling
2	First-issue CoQ, remaining batches	CoQ-PP-2026-0042	2026-08-10	FB012602	P060352	Fat Bastard	1			T1	QCSP_001_FB-I_v.01	4	Assay — Total Δ9-THC	16.20 - 19.79 %	OUTSOURCED	18.86	FARMAHEM		
2	First-issue CoQ, remaining batches	CoQ-PP-2026-0042	2026-08-10	FB012602	P060352	Fat Bastard	1			T1	QCSP_001_FB-I_v.01	5	Assay — Total CBD	≤ 1.0 %, w/w	OUTSOURCED	0.22	FARMAHEM		
2	First-issue CoQ, remaining batches	CoQ-PP-2026-0042	2026-08-10	FB012602	P060352	Fat Bastard	1			T1	QCSP_001_FB-I_v.01	6	Total CBN	≤ 1.0 %, w/w	OUTSOURCED	< LOQ	FARMAHEM		
2	First-issue CoQ, remaining batches	CoQ-PP-2026-0042	2026-08-10	FB012602	P060352	Fat Bastard	1			T1	QCSP_001_FB-I_v.01	7	Foreign Matter	≤ 2.0 % / 25–50 g	MISSING				iCoA
2	First-issue CoQ, remaining batches	CoQ-PP-2026-0042	2026-08-10	FB012602	P060352	Fat Bastard	1			T1	QCSP_001_FB-I_v.01	8	Loss on Drying	≤ 12.0 %	MISSING				iCoA
2	First-issue CoQ, remaining batches	CoQ-PP-2026-0042	2026-08-10	FB012602	P060352	Fat Bastard	1			T1	QCSP_001_FB-I_v.01	9a	TAMC	≤ 10^5 CFU/g	MISSING				OUTSOURCE
2	First-issue CoQ, remaining batches	CoQ-PP-2026-0042	2026-08-10	FB012602	P060352	Fat Bastard	1			T1	QCSP_001_FB-I_v.01	9b	TYMC	≤ 10^4 CFU/g	MISSING				OUTSOURCE
2	First-issue CoQ, remaining batches	CoQ-PP-2026-0042	2026-08-10	FB012602	P060352	Fat Bastard	1			T1	QCSP_001_FB-I_v.01	9c	Bile-tolerant gram-neg.	≤ 10^4 CFU/g	MISSING				OUTSOURCE
2	First-issue CoQ, remaining batches	CoQ-PP-2026-0042	2026-08-10	FB012602	P060352	Fat Bastard	1			T1	QCSP_001_FB-I_v.01	9d	Salmonella	Absence / 25 g	MISSING				OUTSOURCE
2	First-issue CoQ, remaining batches	CoQ-PP-2026-0042	2026-08-10	FB012602	P060352	Fat Bastard	1			T1	QCSP_001_FB-I_v.01	9e	Escherichia coli	Absence / 1 g	MISSING				OUTSOURCE
2	First-issue CoQ, remaining batches	CoQ-PP-2026-0042	2026-08-10	FB012602	P060352	Fat Bastard	1			T1	QCSP_001_FB-I_v.01	10a	Aflatoxin B1	≤ 2 µg/kg	OUTSOURCED	ND	FARMAHEM		
2	First-issue CoQ, remaining batches	CoQ-PP-2026-0042	2026-08-10	FB012602	P060352	Fat Bastard	1			T1	QCSP_001_FB-I_v.01	10b	Aflatoxins ∑ (B1+B2+G1+G2)	≤ 4 µg/kg	NOT TESTED				OUTSOURCE
2	First-issue CoQ, remaining batches	CoQ-PP-2026-0042	2026-08-10	FB012602	P060352	Fat Bastard	1			T1	QCSP_001_FB-I_v.01	10c	Ochratoxin A	≤ 20 µg/kg	OUTSOURCED	ND	FARMAHEM		
2	First-issue CoQ, remaining batches	CoQ-PP-2026-0042	2026-08-10	FB012602	P060352	Fat Bastard	1			T1	QCSP_001_FB-I_v.01	11a	Lead (Pb)	≤ 0.5 mg/kg	MISSING				OUTSOURCE
2	First-issue CoQ, remaining batches	CoQ-PP-2026-0042	2026-08-10	FB012602	P060352	Fat Bastard	1			T1	QCSP_001_FB-I_v.01	11b	Cadmium (Cd)	≤ 0.3 mg/kg	MISSING				OUTSOURCE
2	First-issue CoQ, remaining batches	CoQ-PP-2026-0042	2026-08-10	FB012602	P060352	Fat Bastard	1			T1	QCSP_001_FB-I_v.01	11c	Arsenic (As)	≤ 0.2 mg/kg	MISSING				OUTSOURCE
2	First-issue CoQ, remaining batches	CoQ-PP-2026-0042	2026-08-10	FB012602	P060352	Fat Bastard	1			T1	QCSP_001_FB-I_v.01	11d	Mercury (Hg)	≤ 0.1 mg/kg	MISSING				OUTSOURCE
2	First-issue CoQ, remaining batches	CoQ-PP-2026-0042	2026-08-10	FB012602	P060352	Fat Bastard	1			T1	QCSP_001_FB-I_v.01	12	Pesticide Residues	≤ LOQ per 2.8.13	MISSING				OUTSOURCE
2	First-issue CoQ, remaining batches	CoQ-PP-2026-0043	2026-08-10	GG012603	P060402	Gorilla Glue	1			T1	QCSP_001_GG-II_v.01	1	Identification A, Appearance	Conforms to monograph	OUTSOURCED	Одговара	UKIM_CNP	ППК26114	
2	First-issue CoQ, remaining batches	CoQ-PP-2026-0043	2026-08-10	GG012603	P060402	Gorilla Glue	1			T1	QCSP_001_GG-II_v.01	2	Identification B	Conforms to monograph	OUTSOURCED	Одговара	UKIM_CNP	ППК26114	
2	First-issue CoQ, remaining batches	CoQ-PP-2026-0043	2026-08-10	GG012603	P060402	Gorilla Glue	1			T1	QCSP_001_GG-II_v.01	3	Identification C	Conforms to monograph	MISSING				iCoA?
2	First-issue CoQ, remaining batches	CoQ-PP-2026-0043	2026-08-10	GG012603	P060402	Gorilla Glue	1			T1	QCSP_001_GG-II_v.01	4	Assay — Total Δ9-THC	14.40 - 17.59 %	OUTSOURCED	16.70	FARMAHEM	197-8-К/26	
2	First-issue CoQ, remaining batches	CoQ-PP-2026-0043	2026-08-10	GG012603	P060402	Gorilla Glue	1			T1	QCSP_001_GG-II_v.01	5	Assay — Total CBD	≤ 1.0 %, w/w	OUTSOURCED	< LOQ	FARMAHEM	197-8-К/26	
2	First-issue CoQ, remaining batches	CoQ-PP-2026-0043	2026-08-10	GG012603	P060402	Gorilla Glue	1			T1	QCSP_001_GG-II_v.01	6	Total CBN	≤ 1.0 %, w/w	OUTSOURCED	< LOQ	FARMAHEM	197-8-К/26	
2	First-issue CoQ, remaining batches	CoQ-PP-2026-0043	2026-08-10	GG012603	P060402	Gorilla Glue	1			T1	QCSP_001_GG-II_v.01	7	Foreign Matter	≤ 2.0 % / 25–50 g	OUTSOURCED	0.09 % (Одговара)	UKIM_CNP	ППК26114	
2	First-issue CoQ, remaining batches	CoQ-PP-2026-0043	2026-08-10	GG012603	P060402	Gorilla Glue	1			T1	QCSP_001_GG-II_v.01	8	Loss on Drying	≤ 12.0 %	OUTSOURCED	6.48 %	UKIM_CNP	ППК26114	
2	First-issue CoQ, remaining batches	CoQ-PP-2026-0043	2026-08-10	GG012603	P060402	Gorilla Glue	1			T1	QCSP_001_GG-II_v.01	9a	TAMC	≤ 10^5 CFU/g	MISSING				OUTSOURCE
2	First-issue CoQ, remaining batches	CoQ-PP-2026-0043	2026-08-10	GG012603	P060402	Gorilla Glue	1			T1	QCSP_001_GG-II_v.01	9b	TYMC	≤ 10^4 CFU/g	MISSING				OUTSOURCE
2	First-issue CoQ, remaining batches	CoQ-PP-2026-0043	2026-08-10	GG012603	P060402	Gorilla Glue	1			T1	QCSP_001_GG-II_v.01	9c	Bile-tolerant gram-neg.	≤ 10^4 CFU/g	MISSING				OUTSOURCE
2	First-issue CoQ, remaining batches	CoQ-PP-2026-0043	2026-08-10	GG012603	P060402	Gorilla Glue	1			T1	QCSP_001_GG-II_v.01	9d	Salmonella	Absence / 25 g	MISSING				OUTSOURCE
2	First-issue CoQ, remaining batches	CoQ-PP-2026-0043	2026-08-10	GG012603	P060402	Gorilla Glue	1			T1	QCSP_001_GG-II_v.01	9e	Escherichia coli	Absence / 1 g	MISSING				OUTSOURCE
2	First-issue CoQ, remaining batches	CoQ-PP-2026-0043	2026-08-10	GG012603	P060402	Gorilla Glue	1			T1	QCSP_001_GG-II_v.01	10a	Aflatoxin B1	≤ 2 µg/kg	OUTSOURCED	ND	FARMAHEM	197-8-М/26	
2	First-issue CoQ, remaining batches	CoQ-PP-2026-0043	2026-08-10	GG012603	P060402	Gorilla Glue	1			T1	QCSP_001_GG-II_v.01	10b	Aflatoxins ∑ (B1+B2+G1+G2)	≤ 4 µg/kg	NOT TESTED				OUTSOURCE
2	First-issue CoQ, remaining batches	CoQ-PP-2026-0043	2026-08-10	GG012603	P060402	Gorilla Glue	1			T1	QCSP_001_GG-II_v.01	10c	Ochratoxin A	≤ 20 µg/kg	OUTSOURCED	ND	FARMAHEM	197-8-М/26	
2	First-issue CoQ, remaining batches	CoQ-PP-2026-0043	2026-08-10	GG012603	P060402	Gorilla Glue	1			T1	QCSP_001_GG-II_v.01	11a	Lead (Pb)	≤ 0.5 mg/kg	MISSING				OUTSOURCE
2	First-issue CoQ, remaining batches	CoQ-PP-2026-0043	2026-08-10	GG012603	P060402	Gorilla Glue	1			T1	QCSP_001_GG-II_v.01	11b	Cadmium (Cd)	≤ 0.3 mg/kg	MISSING				OUTSOURCE
2	First-issue CoQ, remaining batches	CoQ-PP-2026-0043	2026-08-10	GG012603	P060402	Gorilla Glue	1			T1	QCSP_001_GG-II_v.01	11c	Arsenic (As)	≤ 0.2 mg/kg	MISSING				OUTSOURCE
2	First-issue CoQ, remaining batches	CoQ-PP-2026-0043	2026-08-10	GG012603	P060402	Gorilla Glue	1			T1	QCSP_001_GG-II_v.01	11d	Mercury (Hg)	≤ 0.1 mg/kg	MISSING				OUTSOURCE
2	First-issue CoQ, remaining batches	CoQ-PP-2026-0043	2026-08-10	GG012603	P060402	Gorilla Glue	1			T1	QCSP_001_GG-II_v.01	12	Pesticide Residues	≤ LOQ per 2.8.13	MISSING				OUTSOURCE
2	First-issue CoQ, remaining batches	CoQ-PP-2026-0044	2026-08-10	JD112501	P060212	Jelly Donuts	1			T1	QCSP_001_JD-II_v.01	1	Identification A, Appearance	Conforms to monograph	HELD				ruling
2	First-issue CoQ, remaining batches	CoQ-PP-2026-0044	2026-08-10	JD112501	P060212	Jelly Donuts	1			T1	QCSP_001_JD-II_v.01	2	Identification B	Conforms to monograph	HELD				ruling
2	First-issue CoQ, remaining batches	CoQ-PP-2026-0044	2026-08-10	JD112501	P060212	Jelly Donuts	1			T1	QCSP_001_JD-II_v.01	3	Identification C	Conforms to monograph	HELD				ruling
2	First-issue CoQ, remaining batches	CoQ-PP-2026-0044	2026-08-10	JD112501	P060212	Jelly Donuts	1			T1	QCSP_001_JD-II_v.01	4	Assay — Total Δ9-THC	18.00 - 21.99 %	OUTSOURCED	20.32	FARMAHEM		
2	First-issue CoQ, remaining batches	CoQ-PP-2026-0044	2026-08-10	JD112501	P060212	Jelly Donuts	1			T1	QCSP_001_JD-II_v.01	5	Assay — Total CBD	≤ 1.0 %, w/w	OUTSOURCED	< LOQ	FARMAHEM		
2	First-issue CoQ, remaining batches	CoQ-PP-2026-0044	2026-08-10	JD112501	P060212	Jelly Donuts	1			T1	QCSP_001_JD-II_v.01	6	Total CBN	≤ 1.0 %, w/w	OUTSOURCED	< LOQ	FARMAHEM		
2	First-issue CoQ, remaining batches	CoQ-PP-2026-0044	2026-08-10	JD112501	P060212	Jelly Donuts	1			T1	QCSP_001_JD-II_v.01	7	Foreign Matter	≤ 2.0 % / 25–50 g	MISSING				iCoA
2	First-issue CoQ, remaining batches	CoQ-PP-2026-0044	2026-08-10	JD112501	P060212	Jelly Donuts	1			T1	QCSP_001_JD-II_v.01	8	Loss on Drying	≤ 12.0 %	OUTSOURCED	6.69 %	UKIM_CNP	ППК26063	
2	First-issue CoQ, remaining batches	CoQ-PP-2026-0044	2026-08-10	JD112501	P060212	Jelly Donuts	1			T1	QCSP_001_JD-II_v.01	9a	TAMC	≤ 10^5 CFU/g	MISSING				OUTSOURCE
2	First-issue CoQ, remaining batches	CoQ-PP-2026-0044	2026-08-10	JD112501	P060212	Jelly Donuts	1			T1	QCSP_001_JD-II_v.01	9b	TYMC	≤ 10^4 CFU/g	MISSING				OUTSOURCE
2	First-issue CoQ, remaining batches	CoQ-PP-2026-0044	2026-08-10	JD112501	P060212	Jelly Donuts	1			T1	QCSP_001_JD-II_v.01	9c	Bile-tolerant gram-neg.	≤ 10^4 CFU/g	MISSING				OUTSOURCE
2	First-issue CoQ, remaining batches	CoQ-PP-2026-0044	2026-08-10	JD112501	P060212	Jelly Donuts	1			T1	QCSP_001_JD-II_v.01	9d	Salmonella	Absence / 25 g	MISSING				OUTSOURCE
2	First-issue CoQ, remaining batches	CoQ-PP-2026-0044	2026-08-10	JD112501	P060212	Jelly Donuts	1			T1	QCSP_001_JD-II_v.01	9e	Escherichia coli	Absence / 1 g	MISSING				OUTSOURCE
2	First-issue CoQ, remaining batches	CoQ-PP-2026-0044	2026-08-10	JD112501	P060212	Jelly Donuts	1			T1	QCSP_001_JD-II_v.01	10a	Aflatoxin B1	≤ 2 µg/kg	OUTSOURCED	ND	FARMAHEM		
2	First-issue CoQ, remaining batches	CoQ-PP-2026-0044	2026-08-10	JD112501	P060212	Jelly Donuts	1			T1	QCSP_001_JD-II_v.01	10b	Aflatoxins ∑ (B1+B2+G1+G2)	≤ 4 µg/kg	OUTSOURCED	< 2	IJZ	2361/2026	
2	First-issue CoQ, remaining batches	CoQ-PP-2026-0044	2026-08-10	JD112501	P060212	Jelly Donuts	1			T1	QCSP_001_JD-II_v.01	10c	Ochratoxin A	≤ 20 µg/kg	OUTSOURCED	ND	FARMAHEM		
2	First-issue CoQ, remaining batches	CoQ-PP-2026-0044	2026-08-10	JD112501	P060212	Jelly Donuts	1			T1	QCSP_001_JD-II_v.01	11a	Lead (Pb)	≤ 0.5 mg/kg	OUTSOURCED	0,022	IJZ	2361/2026	
2	First-issue CoQ, remaining batches	CoQ-PP-2026-0044	2026-08-10	JD112501	P060212	Jelly Donuts	1			T1	QCSP_001_JD-II_v.01	11b	Cadmium (Cd)	≤ 0.3 mg/kg	OUTSOURCED	0,0149	IJZ	2361/2026	
2	First-issue CoQ, remaining batches	CoQ-PP-2026-0044	2026-08-10	JD112501	P060212	Jelly Donuts	1			T1	QCSP_001_JD-II_v.01	11c	Arsenic (As)	≤ 0.2 mg/kg	OUTSOURCED	0,02	IJZ	2361/2026	
2	First-issue CoQ, remaining batches	CoQ-PP-2026-0044	2026-08-10	JD112501	P060212	Jelly Donuts	1			T1	QCSP_001_JD-II_v.01	11d	Mercury (Hg)	≤ 0.1 mg/kg	OUTSOURCED	0,0166	IJZ	2361/2026	
2	First-issue CoQ, remaining batches	CoQ-PP-2026-0044	2026-08-10	JD112501	P060212	Jelly Donuts	1			T1	QCSP_001_JD-II_v.01	12	Pesticide Residues	≤ LOQ per МКС EN 15662	OUTSOURCED	≤ LOQ (all 26 compounds)	IJZ	2361/2026	
2	First-issue CoQ, remaining batches	CoQ-PP-2026-0045	2026-08-10	P060332		Cash Cow	1			—		1	Identification A, Appearance	Conforms to monograph	HELD				ruling
2	First-issue CoQ, remaining batches	CoQ-PP-2026-0045	2026-08-10	P060332		Cash Cow	1			—		2	Identification B	Conforms to monograph	HELD				ruling
2	First-issue CoQ, remaining batches	CoQ-PP-2026-0045	2026-08-10	P060332		Cash Cow	1			—		3	Identification C	Conforms to monograph	HELD				ruling
2	First-issue CoQ, remaining batches	CoQ-PP-2026-0045	2026-08-10	P060332		Cash Cow	1			—		4	Assay — Total Δ9-THC	NO MASTER ROW - criterion unknown	OUTSOURCED	17.67	FARMAHEM	197-6-К/26	
2	First-issue CoQ, remaining batches	CoQ-PP-2026-0045	2026-08-10	P060332		Cash Cow	1			—		5	Assay — Total CBD	≤ 1.0 %, w/w	OUTSOURCED	< LOQ	FARMAHEM	197-6-К/26	
2	First-issue CoQ, remaining batches	CoQ-PP-2026-0045	2026-08-10	P060332		Cash Cow	1			—		6	Total CBN	≤ 1.0 %, w/w	OUTSOURCED	< LOQ	FARMAHEM	197-6-К/26	
2	First-issue CoQ, remaining batches	CoQ-PP-2026-0045	2026-08-10	P060332		Cash Cow	1			—		7	Foreign Matter	≤ 2.0 % / 25–50 g	MISSING				iCoA
2	First-issue CoQ, remaining batches	CoQ-PP-2026-0045	2026-08-10	P060332		Cash Cow	1			—		8	Loss on Drying	≤ 12.0 %	MISSING				iCoA
2	First-issue CoQ, remaining batches	CoQ-PP-2026-0045	2026-08-10	P060332		Cash Cow	1			—		9a	TAMC	≤ 10^5 CFU/g	MISSING				OUTSOURCE
2	First-issue CoQ, remaining batches	CoQ-PP-2026-0045	2026-08-10	P060332		Cash Cow	1			—		9b	TYMC	≤ 10^4 CFU/g	MISSING				OUTSOURCE
2	First-issue CoQ, remaining batches	CoQ-PP-2026-0045	2026-08-10	P060332		Cash Cow	1			—		9c	Bile-tolerant gram-neg.	≤ 10^4 CFU/g	MISSING				OUTSOURCE
2	First-issue CoQ, remaining batches	CoQ-PP-2026-0045	2026-08-10	P060332		Cash Cow	1			—		9d	Salmonella	Absence / 25 g	MISSING				OUTSOURCE
2	First-issue CoQ, remaining batches	CoQ-PP-2026-0045	2026-08-10	P060332		Cash Cow	1			—		9e	Escherichia coli	Absence / 1 g	MISSING				OUTSOURCE
2	First-issue CoQ, remaining batches	CoQ-PP-2026-0045	2026-08-10	P060332		Cash Cow	1			—		10a	Aflatoxin B1	≤ 2 µg/kg	OUTSOURCED	ND	FARMAHEM	197-6-М/26	
2	First-issue CoQ, remaining batches	CoQ-PP-2026-0045	2026-08-10	P060332		Cash Cow	1			—		10b	Aflatoxins ∑ (B1+B2+G1+G2)	≤ 4 µg/kg	NOT TESTED				OUTSOURCE
2	First-issue CoQ, remaining batches	CoQ-PP-2026-0045	2026-08-10	P060332		Cash Cow	1			—		10c	Ochratoxin A	≤ 20 µg/kg	OUTSOURCED	ND	FARMAHEM	197-6-М/26	
2	First-issue CoQ, remaining batches	CoQ-PP-2026-0045	2026-08-10	P060332		Cash Cow	1			—		11a	Lead (Pb)	≤ 0.5 mg/kg	MISSING				OUTSOURCE
2	First-issue CoQ, remaining batches	CoQ-PP-2026-0045	2026-08-10	P060332		Cash Cow	1			—		11b	Cadmium (Cd)	≤ 0.3 mg/kg	MISSING				OUTSOURCE
2	First-issue CoQ, remaining batches	CoQ-PP-2026-0045	2026-08-10	P060332		Cash Cow	1			—		11c	Arsenic (As)	≤ 0.2 mg/kg	MISSING				OUTSOURCE
2	First-issue CoQ, remaining batches	CoQ-PP-2026-0045	2026-08-10	P060332		Cash Cow	1			—		11d	Mercury (Hg)	≤ 0.1 mg/kg	MISSING				OUTSOURCE
2	First-issue CoQ, remaining batches	CoQ-PP-2026-0045	2026-08-10	P060332		Cash Cow	1			—		12	Pesticide Residues	≤ LOQ per 2.8.13	MISSING				OUTSOURCE
2	First-issue CoQ, remaining batches	CoQ-PP-2026-0046	2026-08-10	SCR012603	P060382	Scrambler	1			T1	QCSP_001_SCR-II_v.01	1	Identification A, Appearance	Conforms to monograph	MISSING				iCoA
2	First-issue CoQ, remaining batches	CoQ-PP-2026-0046	2026-08-10	SCR012603	P060382	Scrambler	1			T1	QCSP_001_SCR-II_v.01	2	Identification B	Conforms to monograph	MISSING				iCoA
2	First-issue CoQ, remaining batches	CoQ-PP-2026-0046	2026-08-10	SCR012603	P060382	Scrambler	1			T1	QCSP_001_SCR-II_v.01	3	Identification C	Conforms to monograph	MISSING				iCoA?
2	First-issue CoQ, remaining batches	CoQ-PP-2026-0046	2026-08-10	SCR012603	P060382	Scrambler	1			T1	QCSP_001_SCR-II_v.01	4	Assay — Total Δ9-THC	16.20 - 19.79 %	OUTSOURCED	17.84	FARMAHEM		
2	First-issue CoQ, remaining batches	CoQ-PP-2026-0046	2026-08-10	SCR012603	P060382	Scrambler	1			T1	QCSP_001_SCR-II_v.01	5	Assay — Total CBD	≤ 1.0 %, w/w	OUTSOURCED	<LOQ	FARMAHEM		
2	First-issue CoQ, remaining batches	CoQ-PP-2026-0046	2026-08-10	SCR012603	P060382	Scrambler	1			T1	QCSP_001_SCR-II_v.01	6	Total CBN	≤ 1.0 %, w/w	OUTSOURCED	<LOQ	FARMAHEM		
2	First-issue CoQ, remaining batches	CoQ-PP-2026-0046	2026-08-10	SCR012603	P060382	Scrambler	1			T1	QCSP_001_SCR-II_v.01	7	Foreign Matter	≤ 2.0 % / 25–50 g	MISSING				iCoA
2	First-issue CoQ, remaining batches	CoQ-PP-2026-0046	2026-08-10	SCR012603	P060382	Scrambler	1			T1	QCSP_001_SCR-II_v.01	8	Loss on Drying	≤ 12.0 %	MISSING				iCoA
2	First-issue CoQ, remaining batches	CoQ-PP-2026-0046	2026-08-10	SCR012603	P060382	Scrambler	1			T1	QCSP_001_SCR-II_v.01	9a	TAMC	≤ 10^5 CFU/g	MISSING				OUTSOURCE
2	First-issue CoQ, remaining batches	CoQ-PP-2026-0046	2026-08-10	SCR012603	P060382	Scrambler	1			T1	QCSP_001_SCR-II_v.01	9b	TYMC	≤ 10^4 CFU/g	MISSING				OUTSOURCE
2	First-issue CoQ, remaining batches	CoQ-PP-2026-0046	2026-08-10	SCR012603	P060382	Scrambler	1			T1	QCSP_001_SCR-II_v.01	9c	Bile-tolerant gram-neg.	≤ 10^4 CFU/g	MISSING				OUTSOURCE
2	First-issue CoQ, remaining batches	CoQ-PP-2026-0046	2026-08-10	SCR012603	P060382	Scrambler	1			T1	QCSP_001_SCR-II_v.01	9d	Salmonella	Absence / 25 g	MISSING				OUTSOURCE
2	First-issue CoQ, remaining batches	CoQ-PP-2026-0046	2026-08-10	SCR012603	P060382	Scrambler	1			T1	QCSP_001_SCR-II_v.01	9e	Escherichia coli	Absence / 1 g	MISSING				OUTSOURCE
2	First-issue CoQ, remaining batches	CoQ-PP-2026-0046	2026-08-10	SCR012603	P060382	Scrambler	1			T1	QCSP_001_SCR-II_v.01	10a	Aflatoxin B1	≤ 2 µg/kg	OUTSOURCED	ND	FARMAHEM	197-21-М/26	
2	First-issue CoQ, remaining batches	CoQ-PP-2026-0046	2026-08-10	SCR012603	P060382	Scrambler	1			T1	QCSP_001_SCR-II_v.01	10b	Aflatoxins ∑ (B1+B2+G1+G2)	≤ 4 µg/kg	NOT TESTED				OUTSOURCE
2	First-issue CoQ, remaining batches	CoQ-PP-2026-0046	2026-08-10	SCR012603	P060382	Scrambler	1			T1	QCSP_001_SCR-II_v.01	10c	Ochratoxin A	≤ 20 µg/kg	OUTSOURCED	ND	FARMAHEM	197-21-М/26	
2	First-issue CoQ, remaining batches	CoQ-PP-2026-0046	2026-08-10	SCR012603	P060382	Scrambler	1			T1	QCSP_001_SCR-II_v.01	11a	Lead (Pb)	≤ 0.5 mg/kg	MISSING				OUTSOURCE
2	First-issue CoQ, remaining batches	CoQ-PP-2026-0046	2026-08-10	SCR012603	P060382	Scrambler	1			T1	QCSP_001_SCR-II_v.01	11b	Cadmium (Cd)	≤ 0.3 mg/kg	MISSING				OUTSOURCE
2	First-issue CoQ, remaining batches	CoQ-PP-2026-0046	2026-08-10	SCR012603	P060382	Scrambler	1			T1	QCSP_001_SCR-II_v.01	11c	Arsenic (As)	≤ 0.2 mg/kg	MISSING				OUTSOURCE
2	First-issue CoQ, remaining batches	CoQ-PP-2026-0046	2026-08-10	SCR012603	P060382	Scrambler	1			T1	QCSP_001_SCR-II_v.01	11d	Mercury (Hg)	≤ 0.1 mg/kg	MISSING				OUTSOURCE
2	First-issue CoQ, remaining batches	CoQ-PP-2026-0046	2026-08-10	SCR012603	P060382	Scrambler	1			T1	QCSP_001_SCR-II_v.01	12	Pesticide Residues	≤ LOQ per 2.8.13	MISSING				OUTSOURCE
3	Tranche 1 retest reissue	CoQ-PP-2026-0016	2026-03-05	GP0824_02	P050022	Grape Pie	2	QCCoA 001	CoQ-PP-2025-0013	T1	QCSP_001_GP-III_v.01	1	Identification A, Appearance	Conforms to monograph	MISSING				iCoA
3	Tranche 1 retest reissue	CoQ-PP-2026-0016	2026-03-05	GP0824_02	P050022	Grape Pie	2	QCCoA 001	CoQ-PP-2025-0013	T1	QCSP_001_GP-III_v.01	2	Identification B	Conforms to monograph	MISSING				iCoA
3	Tranche 1 retest reissue	CoQ-PP-2026-0016	2026-03-05	GP0824_02	P050022	Grape Pie	2	QCCoA 001	CoQ-PP-2025-0013	T1	QCSP_001_GP-III_v.01	3	Identification C	Conforms to monograph	MISSING				iCoA?
3	Tranche 1 retest reissue	CoQ-PP-2026-0016	2026-03-05	GP0824_02	P050022	Grape Pie	2	QCCoA 001	CoQ-PP-2025-0013	T1	QCSP_001_GP-III_v.01	4	Assay — Total Δ9-THC	21.60 - 26.39 %	OUTSOURCED	23.19	UKIM_CNP	ППК25174	
3	Tranche 1 retest reissue	CoQ-PP-2026-0016	2026-03-05	GP0824_02	P050022	Grape Pie	2	QCCoA 001	CoQ-PP-2025-0013	T1	QCSP_001_GP-III_v.01	5	Assay — Total CBD	≤ 1.0 %, w/w	OUTSOURCED	0.07	UKIM_CNP	ППК25174	
3	Tranche 1 retest reissue	CoQ-PP-2026-0016	2026-03-05	GP0824_02	P050022	Grape Pie	2	QCCoA 001	CoQ-PP-2025-0013	T1	QCSP_001_GP-III_v.01	6	Total CBN	≤ 1.0 %, w/w	MISSING				OUTSOURCE
3	Tranche 1 retest reissue	CoQ-PP-2026-0016	2026-03-05	GP0824_02	P050022	Grape Pie	2	QCCoA 001	CoQ-PP-2025-0013	T1	QCSP_001_GP-III_v.01	7	Foreign Matter	≤ 2.0 % / 25–50 g	MISSING				iCoA
3	Tranche 1 retest reissue	CoQ-PP-2026-0016	2026-03-05	GP0824_02	P050022	Grape Pie	2	QCCoA 001	CoQ-PP-2025-0013	T1	QCSP_001_GP-III_v.01	8	Loss on Drying	≤ 12.0 %	OUTSOURCED	6.51	UKIM_CNP	ППК25174	
3	Tranche 1 retest reissue	CoQ-PP-2026-0016	2026-03-05	GP0824_02	P050022	Grape Pie	2	QCCoA 001	CoQ-PP-2025-0013	T1	QCSP_001_GP-III_v.01	9a	TAMC	≤ 10^5 CFU/g	OUTSOURCED	< 10 CFU/g	IJZ	627/1128/25	
3	Tranche 1 retest reissue	CoQ-PP-2026-0016	2026-03-05	GP0824_02	P050022	Grape Pie	2	QCCoA 001	CoQ-PP-2025-0013	T1	QCSP_001_GP-III_v.01	9b	TYMC	≤ 10^4 CFU/g	OUTSOURCED	< 10 CFU/g	IJZ	627/1128/25	
3	Tranche 1 retest reissue	CoQ-PP-2026-0016	2026-03-05	GP0824_02	P050022	Grape Pie	2	QCCoA 001	CoQ-PP-2025-0013	T1	QCSP_001_GP-III_v.01	9c	Bile-tolerant gram-neg.	≤ 10^4 CFU/g	OUTSOURCED	< 10 CFU/g	IJZ	627/1128/25	
3	Tranche 1 retest reissue	CoQ-PP-2026-0016	2026-03-05	GP0824_02	P050022	Grape Pie	2	QCCoA 001	CoQ-PP-2025-0013	T1	QCSP_001_GP-III_v.01	9d	Salmonella	Absence / 25 g	OUTSOURCED	Одговара	IJZ	627/1128/25	
3	Tranche 1 retest reissue	CoQ-PP-2026-0016	2026-03-05	GP0824_02	P050022	Grape Pie	2	QCCoA 001	CoQ-PP-2025-0013	T1	QCSP_001_GP-III_v.01	9e	Escherichia coli	Absence / 1 g	OUTSOURCED	Одговара	IJZ	627/1128/25	
3	Tranche 1 retest reissue	CoQ-PP-2026-0016	2026-03-05	GP0824_02	P050022	Grape Pie	2	QCCoA 001	CoQ-PP-2025-0013	T1	QCSP_001_GP-III_v.01	10a	Aflatoxin B1	≤ 2 µg/kg	NOT TESTED				OUTSOURCE
3	Tranche 1 retest reissue	CoQ-PP-2026-0016	2026-03-05	GP0824_02	P050022	Grape Pie	2	QCCoA 001	CoQ-PP-2025-0013	T1	QCSP_001_GP-III_v.01	10b	Aflatoxins ∑ (B1+B2+G1+G2)	≤ 4 µg/kg	OUTSOURCED	< 2	IJZ	2471/2025	
3	Tranche 1 retest reissue	CoQ-PP-2026-0016	2026-03-05	GP0824_02	P050022	Grape Pie	2	QCCoA 001	CoQ-PP-2025-0013	T1	QCSP_001_GP-III_v.01	10c	Ochratoxin A	≤ 20 µg/kg	NOT TESTED				OUTSOURCE
3	Tranche 1 retest reissue	CoQ-PP-2026-0016	2026-03-05	GP0824_02	P050022	Grape Pie	2	QCCoA 001	CoQ-PP-2025-0013	T1	QCSP_001_GP-III_v.01	11a	Lead (Pb)	≤ 0.5 mg/kg	OUTSOURCED	н.д.	IJZ	2471/2025	
3	Tranche 1 retest reissue	CoQ-PP-2026-0016	2026-03-05	GP0824_02	P050022	Grape Pie	2	QCCoA 001	CoQ-PP-2025-0013	T1	QCSP_001_GP-III_v.01	11b	Cadmium (Cd)	≤ 0.3 mg/kg	OUTSOURCED	н.д.	IJZ	2471/2025	
3	Tranche 1 retest reissue	CoQ-PP-2026-0016	2026-03-05	GP0824_02	P050022	Grape Pie	2	QCCoA 001	CoQ-PP-2025-0013	T1	QCSP_001_GP-III_v.01	11c	Arsenic (As)	≤ 0.2 mg/kg	OUTSOURCED	н.д.	IJZ	2471/2025	
3	Tranche 1 retest reissue	CoQ-PP-2026-0016	2026-03-05	GP0824_02	P050022	Grape Pie	2	QCCoA 001	CoQ-PP-2025-0013	T1	QCSP_001_GP-III_v.01	11d	Mercury (Hg)	≤ 0.1 mg/kg	OUTSOURCED	н.д.	IJZ	2471/2025	
3	Tranche 1 retest reissue	CoQ-PP-2026-0016	2026-03-05	GP0824_02	P050022	Grape Pie	2	QCCoA 001	CoQ-PP-2025-0013	T1	QCSP_001_GP-III_v.01	12	Pesticide Residues	≤ LOQ per МКС EN 15662	OUTSOURCED	≤ LOQ (all 29 compounds)	IJZ	2471/2025	
3	Tranche 1 retest reissue	CoQ-PP-2026-0047	2026-08-10	BG1024	BG1024	Blue Gelato	2	QCCoA 001	CoQ-PP-2025-0001	T1	QCSP_001_BG-I_v.01	1	Identification A, Appearance	Conforms to monograph	HELD				ruling
3	Tranche 1 retest reissue	CoQ-PP-2026-0047	2026-08-10	BG1024	BG1024	Blue Gelato	2	QCCoA 001	CoQ-PP-2025-0001	T1	QCSP_001_BG-I_v.01	2	Identification B	Conforms to monograph	HELD				ruling
3	Tranche 1 retest reissue	CoQ-PP-2026-0047	2026-08-10	BG1024	BG1024	Blue Gelato	2	QCCoA 001	CoQ-PP-2025-0001	T1	QCSP_001_BG-I_v.01	3	Identification C	Conforms to monograph	HELD				ruling
3	Tranche 1 retest reissue	CoQ-PP-2026-0047	2026-08-10	BG1024	BG1024	Blue Gelato	2	QCCoA 001	CoQ-PP-2025-0001	T1	QCSP_001_BG-I_v.01	4	Assay — Total Δ9-THC	23.40 - 28.59 %	OUTSOURCED	26.14	FARMAHEM	197-1-К/26	
3	Tranche 1 retest reissue	CoQ-PP-2026-0047	2026-08-10	BG1024	BG1024	Blue Gelato	2	QCCoA 001	CoQ-PP-2025-0001	T1	QCSP_001_BG-I_v.01	5	Assay — Total CBD	≤ 1.0 %, w/w	OUTSOURCED	< LOQ	FARMAHEM	197-1-К/26	
3	Tranche 1 retest reissue	CoQ-PP-2026-0047	2026-08-10	BG1024	BG1024	Blue Gelato	2	QCCoA 001	CoQ-PP-2025-0001	T1	QCSP_001_BG-I_v.01	6	Total CBN	≤ 1.0 %, w/w	OUTSOURCED	0.28	FARMAHEM	197-1-К/26	
3	Tranche 1 retest reissue	CoQ-PP-2026-0047	2026-08-10	BG1024	BG1024	Blue Gelato	2	QCCoA 001	CoQ-PP-2025-0001	T1	QCSP_001_BG-I_v.01	7	Foreign Matter	≤ 2.0 % / 25–50 g	MISSING				iCoA
3	Tranche 1 retest reissue	CoQ-PP-2026-0047	2026-08-10	BG1024	BG1024	Blue Gelato	2	QCCoA 001	CoQ-PP-2025-0001	T1	QCSP_001_BG-I_v.01	8	Loss on Drying	≤ 12.0 %	OUTSOURCED	5.73	UKIM_CNP	ППК25050	
3	Tranche 1 retest reissue	CoQ-PP-2026-0047	2026-08-10	BG1024	BG1024	Blue Gelato	2	QCCoA 001	CoQ-PP-2025-0001	T1	QCSP_001_BG-I_v.01	9a	TAMC	≤ 10^5 CFU/g	OUTSOURCED	1,6 x 10⁴ CFU/g	IJZ	163/0271/25	
3	Tranche 1 retest reissue	CoQ-PP-2026-0047	2026-08-10	BG1024	BG1024	Blue Gelato	2	QCCoA 001	CoQ-PP-2025-0001	T1	QCSP_001_BG-I_v.01	9b	TYMC	≤ 10^4 CFU/g	OUTSOURCED	1 x 10⁴ CFU/g	IJZ	163/0271/25	
3	Tranche 1 retest reissue	CoQ-PP-2026-0047	2026-08-10	BG1024	BG1024	Blue Gelato	2	QCCoA 001	CoQ-PP-2025-0001	T1	QCSP_001_BG-I_v.01	9c	Bile-tolerant gram-neg.	≤ 10^4 CFU/g	OUTSOURCED	<10² и > 10 CFU/g	IJZ	163/0271/25	
3	Tranche 1 retest reissue	CoQ-PP-2026-0047	2026-08-10	BG1024	BG1024	Blue Gelato	2	QCCoA 001	CoQ-PP-2025-0001	T1	QCSP_001_BG-I_v.01	9d	Salmonella	Absence / 25 g	OUTSOURCED	Одговара	IJZ	163/0271/25	
3	Tranche 1 retest reissue	CoQ-PP-2026-0047	2026-08-10	BG1024	BG1024	Blue Gelato	2	QCCoA 001	CoQ-PP-2025-0001	T1	QCSP_001_BG-I_v.01	9e	Escherichia coli	Absence / 1 g	OUTSOURCED	Одговара	IJZ	163/0271/25	
3	Tranche 1 retest reissue	CoQ-PP-2026-0047	2026-08-10	BG1024	BG1024	Blue Gelato	2	QCCoA 001	CoQ-PP-2025-0001	T1	QCSP_001_BG-I_v.01	10a	Aflatoxin B1	≤ 2 µg/kg	OUTSOURCED	ND	FARMAHEM		
3	Tranche 1 retest reissue	CoQ-PP-2026-0047	2026-08-10	BG1024	BG1024	Blue Gelato	2	QCCoA 001	CoQ-PP-2025-0001	T1	QCSP_001_BG-I_v.01	10b	Aflatoxins ∑ (B1+B2+G1+G2)	≤ 4 µg/kg	OUTSOURCED	<2	IJZ	752/2025	
3	Tranche 1 retest reissue	CoQ-PP-2026-0047	2026-08-10	BG1024	BG1024	Blue Gelato	2	QCCoA 001	CoQ-PP-2025-0001	T1	QCSP_001_BG-I_v.01	10c	Ochratoxin A	≤ 20 µg/kg	OUTSOURCED	ND	FARMAHEM		
3	Tranche 1 retest reissue	CoQ-PP-2026-0047	2026-08-10	BG1024	BG1024	Blue Gelato	2	QCCoA 001	CoQ-PP-2025-0001	T1	QCSP_001_BG-I_v.01	11a	Lead (Pb)	≤ 0.5 mg/kg	OUTSOURCED	0,01	IJZ	752/2025	
3	Tranche 1 retest reissue	CoQ-PP-2026-0047	2026-08-10	BG1024	BG1024	Blue Gelato	2	QCCoA 001	CoQ-PP-2025-0001	T1	QCSP_001_BG-I_v.01	11b	Cadmium (Cd)	≤ 0.3 mg/kg	OUTSOURCED	0,016	IJZ	752/2025	
3	Tranche 1 retest reissue	CoQ-PP-2026-0047	2026-08-10	BG1024	BG1024	Blue Gelato	2	QCCoA 001	CoQ-PP-2025-0001	T1	QCSP_001_BG-I_v.01	11c	Arsenic (As)	≤ 0.2 mg/kg	OUTSOURCED	0,014	IJZ	752/2025	
3	Tranche 1 retest reissue	CoQ-PP-2026-0047	2026-08-10	BG1024	BG1024	Blue Gelato	2	QCCoA 001	CoQ-PP-2025-0001	T1	QCSP_001_BG-I_v.01	11d	Mercury (Hg)	≤ 0.1 mg/kg	OUTSOURCED	0,005	IJZ	752/2025	
3	Tranche 1 retest reissue	CoQ-PP-2026-0047	2026-08-10	BG1024	BG1024	Blue Gelato	2	QCCoA 001	CoQ-PP-2025-0001	T1	QCSP_001_BG-I_v.01	12	Pesticide Residues	≤ LOQ per МКС EN 15662	OUTSOURCED	≤ LOQ (all 29 compounds)	IJZ	752/2025	
3	Tranche 1 retest reissue	CoQ-PP-2026-0048	2026-08-10	BSS1024	BSS1024	Blue Sunset Sherbet	2	QCCoA 001	CoQ-PP-2025-0002	T1	QCSP_001_BSS-I_v.01	1	Identification A, Appearance	Conforms to monograph	MISSING				iCoA
3	Tranche 1 retest reissue	CoQ-PP-2026-0048	2026-08-10	BSS1024	BSS1024	Blue Sunset Sherbet	2	QCCoA 001	CoQ-PP-2025-0002	T1	QCSP_001_BSS-I_v.01	2	Identification B	Conforms to monograph	MISSING				iCoA
3	Tranche 1 retest reissue	CoQ-PP-2026-0048	2026-08-10	BSS1024	BSS1024	Blue Sunset Sherbet	2	QCCoA 001	CoQ-PP-2025-0002	T1	QCSP_001_BSS-I_v.01	3	Identification C	Conforms to monograph	MISSING				iCoA?
3	Tranche 1 retest reissue	CoQ-PP-2026-0048	2026-08-10	BSS1024	BSS1024	Blue Sunset Sherbet	2	QCCoA 001	CoQ-PP-2025-0002	T1	QCSP_001_BSS-I_v.01	4	Assay — Total Δ9-THC	21.60 - 26.39 %	OUTSOURCED	25.01	FARMAHEM		
3	Tranche 1 retest reissue	CoQ-PP-2026-0048	2026-08-10	BSS1024	BSS1024	Blue Sunset Sherbet	2	QCCoA 001	CoQ-PP-2025-0002	T1	QCSP_001_BSS-I_v.01	5	Assay — Total CBD	≤ 1.0 %, w/w	OUTSOURCED	< LOQ	FARMAHEM		
3	Tranche 1 retest reissue	CoQ-PP-2026-0048	2026-08-10	BSS1024	BSS1024	Blue Sunset Sherbet	2	QCCoA 001	CoQ-PP-2025-0002	T1	QCSP_001_BSS-I_v.01	6	Total CBN	≤ 1.0 %, w/w	OUTSOURCED	< LOQ	FARMAHEM		
3	Tranche 1 retest reissue	CoQ-PP-2026-0048	2026-08-10	BSS1024	BSS1024	Blue Sunset Sherbet	2	QCCoA 001	CoQ-PP-2025-0002	T1	QCSP_001_BSS-I_v.01	7	Foreign Matter	≤ 2.0 % / 25–50 g	MISSING				iCoA
3	Tranche 1 retest reissue	CoQ-PP-2026-0048	2026-08-10	BSS1024	BSS1024	Blue Sunset Sherbet	2	QCCoA 001	CoQ-PP-2025-0002	T1	QCSP_001_BSS-I_v.01	8	Loss on Drying	≤ 12.0 %	OUTSOURCED	5.99	UKIM_CNP	ППК25051	
3	Tranche 1 retest reissue	CoQ-PP-2026-0048	2026-08-10	BSS1024	BSS1024	Blue Sunset Sherbet	2	QCCoA 001	CoQ-PP-2025-0002	T1	QCSP_001_BSS-I_v.01	9a	TAMC	≤ 10^5 CFU/g	MISSING				OUTSOURCE
3	Tranche 1 retest reissue	CoQ-PP-2026-0048	2026-08-10	BSS1024	BSS1024	Blue Sunset Sherbet	2	QCCoA 001	CoQ-PP-2025-0002	T1	QCSP_001_BSS-I_v.01	9b	TYMC	≤ 10^4 CFU/g	MISSING				OUTSOURCE
3	Tranche 1 retest reissue	CoQ-PP-2026-0048	2026-08-10	BSS1024	BSS1024	Blue Sunset Sherbet	2	QCCoA 001	CoQ-PP-2025-0002	T1	QCSP_001_BSS-I_v.01	9c	Bile-tolerant gram-neg.	≤ 10^4 CFU/g	MISSING				OUTSOURCE
3	Tranche 1 retest reissue	CoQ-PP-2026-0048	2026-08-10	BSS1024	BSS1024	Blue Sunset Sherbet	2	QCCoA 001	CoQ-PP-2025-0002	T1	QCSP_001_BSS-I_v.01	9d	Salmonella	Absence / 25 g	MISSING				OUTSOURCE
3	Tranche 1 retest reissue	CoQ-PP-2026-0048	2026-08-10	BSS1024	BSS1024	Blue Sunset Sherbet	2	QCCoA 001	CoQ-PP-2025-0002	T1	QCSP_001_BSS-I_v.01	9e	Escherichia coli	Absence / 1 g	MISSING				OUTSOURCE
3	Tranche 1 retest reissue	CoQ-PP-2026-0048	2026-08-10	BSS1024	BSS1024	Blue Sunset Sherbet	2	QCCoA 001	CoQ-PP-2025-0002	T1	QCSP_001_BSS-I_v.01	10a	Aflatoxin B1	≤ 2 µg/kg	OUTSOURCED	ND	FARMAHEM	197-2-М/26	
3	Tranche 1 retest reissue	CoQ-PP-2026-0048	2026-08-10	BSS1024	BSS1024	Blue Sunset Sherbet	2	QCCoA 001	CoQ-PP-2025-0002	T1	QCSP_001_BSS-I_v.01	10b	Aflatoxins ∑ (B1+B2+G1+G2)	≤ 4 µg/kg	OUTSOURCED	< 2	IJZ	751/2025	
3	Tranche 1 retest reissue	CoQ-PP-2026-0048	2026-08-10	BSS1024	BSS1024	Blue Sunset Sherbet	2	QCCoA 001	CoQ-PP-2025-0002	T1	QCSP_001_BSS-I_v.01	10c	Ochratoxin A	≤ 20 µg/kg	OUTSOURCED	ND	FARMAHEM	197-2-М/26	
3	Tranche 1 retest reissue	CoQ-PP-2026-0048	2026-08-10	BSS1024	BSS1024	Blue Sunset Sherbet	2	QCCoA 001	CoQ-PP-2025-0002	T1	QCSP_001_BSS-I_v.01	11a	Lead (Pb)	≤ 0.5 mg/kg	OUTSOURCED	0,071	IJZ	751/2025	
3	Tranche 1 retest reissue	CoQ-PP-2026-0048	2026-08-10	BSS1024	BSS1024	Blue Sunset Sherbet	2	QCCoA 001	CoQ-PP-2025-0002	T1	QCSP_001_BSS-I_v.01	11b	Cadmium (Cd)	≤ 0.3 mg/kg	OUTSOURCED	0,014	IJZ	751/2025	
3	Tranche 1 retest reissue	CoQ-PP-2026-0048	2026-08-10	BSS1024	BSS1024	Blue Sunset Sherbet	2	QCCoA 001	CoQ-PP-2025-0002	T1	QCSP_001_BSS-I_v.01	11c	Arsenic (As)	≤ 0.2 mg/kg	OUTSOURCED	0,081	IJZ	751/2025	
3	Tranche 1 retest reissue	CoQ-PP-2026-0048	2026-08-10	BSS1024	BSS1024	Blue Sunset Sherbet	2	QCCoA 001	CoQ-PP-2025-0002	T1	QCSP_001_BSS-I_v.01	11d	Mercury (Hg)	≤ 0.1 mg/kg	OUTSOURCED	0,014	IJZ	751/2025	
3	Tranche 1 retest reissue	CoQ-PP-2026-0048	2026-08-10	BSS1024	BSS1024	Blue Sunset Sherbet	2	QCCoA 001	CoQ-PP-2025-0002	T1	QCSP_001_BSS-I_v.01	12	Pesticide Residues	≤ LOQ per МКС EN 15662	OUTSOURCED	≤ LOQ (all 29 compounds)	IJZ	751/2025	
3	Tranche 1 retest reissue	CoQ-PP-2026-0049	2026-08-10	CJ082501_2	P060032	Cap Junky	2	QCCoA 001 v.02	CoQ-PP-2026-0001	T1	QCSP_001_CJ-IV_v.01	1	Identification A, Appearance	Conforms to monograph	MISSING				iCoA
3	Tranche 1 retest reissue	CoQ-PP-2026-0049	2026-08-10	CJ082501_2	P060032	Cap Junky	2	QCCoA 001 v.02	CoQ-PP-2026-0001	T1	QCSP_001_CJ-IV_v.01	2	Identification B	Conforms to monograph	MISSING				iCoA
3	Tranche 1 retest reissue	CoQ-PP-2026-0049	2026-08-10	CJ082501_2	P060032	Cap Junky	2	QCCoA 001 v.02	CoQ-PP-2026-0001	T1	QCSP_001_CJ-IV_v.01	3	Identification C	Conforms to monograph	MISSING				iCoA?
3	Tranche 1 retest reissue	CoQ-PP-2026-0049	2026-08-10	CJ082501_2	P060032	Cap Junky	2	QCCoA 001 v.02	CoQ-PP-2026-0001	T1	QCSP_001_CJ-IV_v.01	4	Assay — Total Δ9-THC	18.00 - 21.99 %	OUTSOURCED	18.29	FARMAHEM		
3	Tranche 1 retest reissue	CoQ-PP-2026-0049	2026-08-10	CJ082501_2	P060032	Cap Junky	2	QCCoA 001 v.02	CoQ-PP-2026-0001	T1	QCSP_001_CJ-IV_v.01	5	Assay — Total CBD	≤ 1.0 %, w/w	OUTSOURCED	< LOQ	FARMAHEM		
3	Tranche 1 retest reissue	CoQ-PP-2026-0049	2026-08-10	CJ082501_2	P060032	Cap Junky	2	QCCoA 001 v.02	CoQ-PP-2026-0001	T1	QCSP_001_CJ-IV_v.01	6	Total CBN	≤ 1.0 %, w/w	OUTSOURCED	< LOQ	FARMAHEM		
3	Tranche 1 retest reissue	CoQ-PP-2026-0049	2026-08-10	CJ082501_2	P060032	Cap Junky	2	QCCoA 001 v.02	CoQ-PP-2026-0001	T1	QCSP_001_CJ-IV_v.01	7	Foreign Matter	≤ 2.0 % / 25–50 g	MISSING				iCoA
3	Tranche 1 retest reissue	CoQ-PP-2026-0049	2026-08-10	CJ082501_2	P060032	Cap Junky	2	QCCoA 001 v.02	CoQ-PP-2026-0001	T1	QCSP_001_CJ-IV_v.01	8	Loss on Drying	≤ 12.0 %	OUTSOURCED	7.37 %	UKIM_CNP	ППК26003	
3	Tranche 1 retest reissue	CoQ-PP-2026-0049	2026-08-10	CJ082501_2	P060032	Cap Junky	2	QCCoA 001 v.02	CoQ-PP-2026-0001	T1	QCSP_001_CJ-IV_v.01	9a	TAMC	≤ 10^5 CFU/g	OUTSOURCED	9,5 x 10^2 CFU/g	IJZ	4/0007/26	
3	Tranche 1 retest reissue	CoQ-PP-2026-0049	2026-08-10	CJ082501_2	P060032	Cap Junky	2	QCCoA 001 v.02	CoQ-PP-2026-0001	T1	QCSP_001_CJ-IV_v.01	9b	TYMC	≤ 10^4 CFU/g	OUTSOURCED	1,2 x 10^3 CFU/g	IJZ	4/0007/26	
3	Tranche 1 retest reissue	CoQ-PP-2026-0049	2026-08-10	CJ082501_2	P060032	Cap Junky	2	QCCoA 001 v.02	CoQ-PP-2026-0001	T1	QCSP_001_CJ-IV_v.01	9c	Bile-tolerant gram-neg.	≤ 10^4 CFU/g	OUTSOURCED	< 10 CFU/g	IJZ	4/0007/26	
3	Tranche 1 retest reissue	CoQ-PP-2026-0049	2026-08-10	CJ082501_2	P060032	Cap Junky	2	QCCoA 001 v.02	CoQ-PP-2026-0001	T1	QCSP_001_CJ-IV_v.01	9d	Salmonella	Absence / 25 g	OUTSOURCED	Одговара	IJZ	4/0007/26	
3	Tranche 1 retest reissue	CoQ-PP-2026-0049	2026-08-10	CJ082501_2	P060032	Cap Junky	2	QCCoA 001 v.02	CoQ-PP-2026-0001	T1	QCSP_001_CJ-IV_v.01	9e	Escherichia coli	Absence / 1 g	OUTSOURCED	Одговара	IJZ	4/0007/26	
3	Tranche 1 retest reissue	CoQ-PP-2026-0049	2026-08-10	CJ082501_2	P060032	Cap Junky	2	QCCoA 001 v.02	CoQ-PP-2026-0001	T1	QCSP_001_CJ-IV_v.01	10a	Aflatoxin B1	≤ 2 µg/kg	OUTSOURCED	ND	FARMAHEM		
3	Tranche 1 retest reissue	CoQ-PP-2026-0049	2026-08-10	CJ082501_2	P060032	Cap Junky	2	QCCoA 001 v.02	CoQ-PP-2026-0001	T1	QCSP_001_CJ-IV_v.01	10b	Aflatoxins ∑ (B1+B2+G1+G2)	≤ 4 µg/kg	NOT TESTED				OUTSOURCE
3	Tranche 1 retest reissue	CoQ-PP-2026-0049	2026-08-10	CJ082501_2	P060032	Cap Junky	2	QCCoA 001 v.02	CoQ-PP-2026-0001	T1	QCSP_001_CJ-IV_v.01	10c	Ochratoxin A	≤ 20 µg/kg	OUTSOURCED	ND	FARMAHEM		
3	Tranche 1 retest reissue	CoQ-PP-2026-0049	2026-08-10	CJ082501_2	P060032	Cap Junky	2	QCCoA 001 v.02	CoQ-PP-2026-0001	T1	QCSP_001_CJ-IV_v.01	11a	Lead (Pb)	≤ 0.5 mg/kg	MISSING				OUTSOURCE
3	Tranche 1 retest reissue	CoQ-PP-2026-0049	2026-08-10	CJ082501_2	P060032	Cap Junky	2	QCCoA 001 v.02	CoQ-PP-2026-0001	T1	QCSP_001_CJ-IV_v.01	11b	Cadmium (Cd)	≤ 0.3 mg/kg	MISSING				OUTSOURCE
3	Tranche 1 retest reissue	CoQ-PP-2026-0049	2026-08-10	CJ082501_2	P060032	Cap Junky	2	QCCoA 001 v.02	CoQ-PP-2026-0001	T1	QCSP_001_CJ-IV_v.01	11c	Arsenic (As)	≤ 0.2 mg/kg	MISSING				OUTSOURCE
3	Tranche 1 retest reissue	CoQ-PP-2026-0049	2026-08-10	CJ082501_2	P060032	Cap Junky	2	QCCoA 001 v.02	CoQ-PP-2026-0001	T1	QCSP_001_CJ-IV_v.01	11d	Mercury (Hg)	≤ 0.1 mg/kg	MISSING				OUTSOURCE
3	Tranche 1 retest reissue	CoQ-PP-2026-0049	2026-08-10	CJ082501_2	P060032	Cap Junky	2	QCCoA 001 v.02	CoQ-PP-2026-0001	T1	QCSP_001_CJ-IV_v.01	12	Pesticide Residues	≤ LOQ per 2.8.13	MISSING				OUTSOURCE
3	Tranche 1 retest reissue	CoQ-PP-2026-0050	2026-08-10	GG1024_01	P050092	Gorilla Glue	2	QCCoA 001	CoQ-PP-2025-0004	T1	QCSP_001_GG-I_v.01	1	Identification A, Appearance	Conforms to monograph	HELD				ruling
3	Tranche 1 retest reissue	CoQ-PP-2026-0050	2026-08-10	GG1024_01	P050092	Gorilla Glue	2	QCCoA 001	CoQ-PP-2025-0004	T1	QCSP_001_GG-I_v.01	2	Identification B	Conforms to monograph	HELD				ruling
3	Tranche 1 retest reissue	CoQ-PP-2026-0050	2026-08-10	GG1024_01	P050092	Gorilla Glue	2	QCCoA 001	CoQ-PP-2025-0004	T1	QCSP_001_GG-I_v.01	3	Identification C	Conforms to monograph	HELD				ruling
3	Tranche 1 retest reissue	CoQ-PP-2026-0050	2026-08-10	GG1024_01	P050092	Gorilla Glue	2	QCCoA 001	CoQ-PP-2025-0004	T1	QCSP_001_GG-I_v.01	4	Assay — Total Δ9-THC	16.20 - 19.79 %	OUTSOURCED	18.67	FARMAHEM		
3	Tranche 1 retest reissue	CoQ-PP-2026-0050	2026-08-10	GG1024_01	P050092	Gorilla Glue	2	QCCoA 001	CoQ-PP-2025-0004	T1	QCSP_001_GG-I_v.01	5	Assay — Total CBD	≤ 1.0 %, w/w	OUTSOURCED	< LOQ	FARMAHEM		
3	Tranche 1 retest reissue	CoQ-PP-2026-0050	2026-08-10	GG1024_01	P050092	Gorilla Glue	2	QCCoA 001	CoQ-PP-2025-0004	T1	QCSP_001_GG-I_v.01	6	Total CBN	≤ 1.0 %, w/w	OUTSOURCED	0.20	FARMAHEM		
3	Tranche 1 retest reissue	CoQ-PP-2026-0050	2026-08-10	GG1024_01	P050092	Gorilla Glue	2	QCCoA 001	CoQ-PP-2025-0004	T1	QCSP_001_GG-I_v.01	7	Foreign Matter	≤ 2.0 % / 25–50 g	MISSING				iCoA
3	Tranche 1 retest reissue	CoQ-PP-2026-0050	2026-08-10	GG1024_01	P050092	Gorilla Glue	2	QCCoA 001	CoQ-PP-2025-0004	T1	QCSP_001_GG-I_v.01	8	Loss on Drying	≤ 12.0 %	OUTSOURCED	7.54	UKIM_CNP	ППК25104	
3	Tranche 1 retest reissue	CoQ-PP-2026-0050	2026-08-10	GG1024_01	P050092	Gorilla Glue	2	QCCoA 001	CoQ-PP-2025-0004	T1	QCSP_001_GG-I_v.01	9a	TAMC	≤ 10^5 CFU/g	OUTSOURCED	5,1 x 10⁴ CFU/g	IJZ	320/0587/25	
3	Tranche 1 retest reissue	CoQ-PP-2026-0050	2026-08-10	GG1024_01	P050092	Gorilla Glue	2	QCCoA 001	CoQ-PP-2025-0004	T1	QCSP_001_GG-I_v.01	9b	TYMC	≤ 10^4 CFU/g	OUTSOURCED	4,2 x 10⁴ CFU/g	IJZ	320/0587/25	
3	Tranche 1 retest reissue	CoQ-PP-2026-0050	2026-08-10	GG1024_01	P050092	Gorilla Glue	2	QCCoA 001	CoQ-PP-2025-0004	T1	QCSP_001_GG-I_v.01	9c	Bile-tolerant gram-neg.	≤ 10^4 CFU/g	OUTSOURCED	< 10 CFU/g	IJZ	320/0587/25	
3	Tranche 1 retest reissue	CoQ-PP-2026-0050	2026-08-10	GG1024_01	P050092	Gorilla Glue	2	QCCoA 001	CoQ-PP-2025-0004	T1	QCSP_001_GG-I_v.01	9d	Salmonella	Absence / 25 g	OUTSOURCED	Одговара	IJZ	320/0587/25	
3	Tranche 1 retest reissue	CoQ-PP-2026-0050	2026-08-10	GG1024_01	P050092	Gorilla Glue	2	QCCoA 001	CoQ-PP-2025-0004	T1	QCSP_001_GG-I_v.01	9e	Escherichia coli	Absence / 1 g	OUTSOURCED	Одговара	IJZ	320/0587/25	
3	Tranche 1 retest reissue	CoQ-PP-2026-0050	2026-08-10	GG1024_01	P050092	Gorilla Glue	2	QCCoA 001	CoQ-PP-2025-0004	T1	QCSP_001_GG-I_v.01	10a	Aflatoxin B1	≤ 2 µg/kg	OUTSOURCED	ND	FARMAHEM		
3	Tranche 1 retest reissue	CoQ-PP-2026-0050	2026-08-10	GG1024_01	P050092	Gorilla Glue	2	QCCoA 001	CoQ-PP-2025-0004	T1	QCSP_001_GG-I_v.01	10b	Aflatoxins ∑ (B1+B2+G1+G2)	≤ 4 µg/kg	OUTSOURCED	< 2	IJZ	1766/2025	
3	Tranche 1 retest reissue	CoQ-PP-2026-0050	2026-08-10	GG1024_01	P050092	Gorilla Glue	2	QCCoA 001	CoQ-PP-2025-0004	T1	QCSP_001_GG-I_v.01	10c	Ochratoxin A	≤ 20 µg/kg	OUTSOURCED	ND	FARMAHEM		
3	Tranche 1 retest reissue	CoQ-PP-2026-0050	2026-08-10	GG1024_01	P050092	Gorilla Glue	2	QCCoA 001	CoQ-PP-2025-0004	T1	QCSP_001_GG-I_v.01	11a	Lead (Pb)	≤ 0.5 mg/kg	OUTSOURCED	0,02	IJZ	1766/2025	
3	Tranche 1 retest reissue	CoQ-PP-2026-0050	2026-08-10	GG1024_01	P050092	Gorilla Glue	2	QCCoA 001	CoQ-PP-2025-0004	T1	QCSP_001_GG-I_v.01	11b	Cadmium (Cd)	≤ 0.3 mg/kg	OUTSOURCED	0,007	IJZ	1766/2025	
3	Tranche 1 retest reissue	CoQ-PP-2026-0050	2026-08-10	GG1024_01	P050092	Gorilla Glue	2	QCCoA 001	CoQ-PP-2025-0004	T1	QCSP_001_GG-I_v.01	11c	Arsenic (As)	≤ 0.2 mg/kg	OUTSOURCED	0,015	IJZ	1766/2025	
3	Tranche 1 retest reissue	CoQ-PP-2026-0050	2026-08-10	GG1024_01	P050092	Gorilla Glue	2	QCCoA 001	CoQ-PP-2025-0004	T1	QCSP_001_GG-I_v.01	11d	Mercury (Hg)	≤ 0.1 mg/kg	OUTSOURCED	0,005	IJZ	1766/2025	
3	Tranche 1 retest reissue	CoQ-PP-2026-0050	2026-08-10	GG1024_01	P050092	Gorilla Glue	2	QCCoA 001	CoQ-PP-2025-0004	T1	QCSP_001_GG-I_v.01	12	Pesticide Residues	≤ LOQ per МКС EN 15662	OUTSOURCED	≤ LOQ (all 27 compounds)	IJZ	1766/2025	
3	Tranche 1 retest reissue	CoQ-PP-2026-0051	2026-08-10	GP052501	P050152	Grape Pie	2		CoQ-PP-2025-0021	T1	QCSP_001_GP-IV_v.01	1	Identification A, Appearance	Conforms to monograph	MISSING				iCoA
3	Tranche 1 retest reissue	CoQ-PP-2026-0051	2026-08-10	GP052501	P050152	Grape Pie	2		CoQ-PP-2025-0021	T1	QCSP_001_GP-IV_v.01	2	Identification B	Conforms to monograph	MISSING				iCoA
3	Tranche 1 retest reissue	CoQ-PP-2026-0051	2026-08-10	GP052501	P050152	Grape Pie	2		CoQ-PP-2025-0021	T1	QCSP_001_GP-IV_v.01	3	Identification C	Conforms to monograph	MISSING				iCoA?
3	Tranche 1 retest reissue	CoQ-PP-2026-0051	2026-08-10	GP052501	P050152	Grape Pie	2		CoQ-PP-2025-0021	T1	QCSP_001_GP-IV_v.01	4	Assay — Total Δ9-THC	16.20 - 19.79 %	OUTSOURCED	18.52	FARMAHEM		
3	Tranche 1 retest reissue	CoQ-PP-2026-0051	2026-08-10	GP052501	P050152	Grape Pie	2		CoQ-PP-2025-0021	T1	QCSP_001_GP-IV_v.01	5	Assay — Total CBD	≤ 1.0 %, w/w	OUTSOURCED	< LOQ	FARMAHEM		
3	Tranche 1 retest reissue	CoQ-PP-2026-0051	2026-08-10	GP052501	P050152	Grape Pie	2		CoQ-PP-2025-0021	T1	QCSP_001_GP-IV_v.01	6	Total CBN	≤ 1.0 %, w/w	OUTSOURCED	< LOQ	FARMAHEM		
3	Tranche 1 retest reissue	CoQ-PP-2026-0051	2026-08-10	GP052501	P050152	Grape Pie	2		CoQ-PP-2025-0021	T1	QCSP_001_GP-IV_v.01	7	Foreign Matter	≤ 2.0 % / 25–50 g	MISSING				iCoA
3	Tranche 1 retest reissue	CoQ-PP-2026-0051	2026-08-10	GP052501	P050152	Grape Pie	2		CoQ-PP-2025-0021	T1	QCSP_001_GP-IV_v.01	8	Loss on Drying	≤ 12.0 %	OUTSOURCED	7.30	UKIM_CNP	ППК25279	
3	Tranche 1 retest reissue	CoQ-PP-2026-0051	2026-08-10	GP052501	P050152	Grape Pie	2		CoQ-PP-2025-0021	T1	QCSP_001_GP-IV_v.01	9a	TAMC	≤ 10^5 CFU/g	HELD				ruling
3	Tranche 1 retest reissue	CoQ-PP-2026-0051	2026-08-10	GP052501	P050152	Grape Pie	2		CoQ-PP-2025-0021	T1	QCSP_001_GP-IV_v.01	9b	TYMC	≤ 10^4 CFU/g	OUTSOURCED	3,6 x 10⁴ CFU/g	IJZ	946/1684/25	
3	Tranche 1 retest reissue	CoQ-PP-2026-0051	2026-08-10	GP052501	P050152	Grape Pie	2		CoQ-PP-2025-0021	T1	QCSP_001_GP-IV_v.01	9c	Bile-tolerant gram-neg.	≤ 10^4 CFU/g	OUTSOURCED	< 10² и > 10¹ CFU/g	IJZ	946/1684/25	
3	Tranche 1 retest reissue	CoQ-PP-2026-0051	2026-08-10	GP052501	P050152	Grape Pie	2		CoQ-PP-2025-0021	T1	QCSP_001_GP-IV_v.01	9d	Salmonella	Absence / 25 g	OUTSOURCED	Одговара	IJZ	946/1684/25	
3	Tranche 1 retest reissue	CoQ-PP-2026-0051	2026-08-10	GP052501	P050152	Grape Pie	2		CoQ-PP-2025-0021	T1	QCSP_001_GP-IV_v.01	9e	Escherichia coli	Absence / 1 g	OUTSOURCED	Одговара	IJZ	946/1684/25	
3	Tranche 1 retest reissue	CoQ-PP-2026-0051	2026-08-10	GP052501	P050152	Grape Pie	2		CoQ-PP-2025-0021	T1	QCSP_001_GP-IV_v.01	10a	Aflatoxin B1	≤ 2 µg/kg	OUTSOURCED	ND	FARMAHEM		
3	Tranche 1 retest reissue	CoQ-PP-2026-0051	2026-08-10	GP052501	P050152	Grape Pie	2		CoQ-PP-2025-0021	T1	QCSP_001_GP-IV_v.01	10b	Aflatoxins ∑ (B1+B2+G1+G2)	≤ 4 µg/kg	OUTSOURCED	< 2	IJZ	4348/2025	
3	Tranche 1 retest reissue	CoQ-PP-2026-0051	2026-08-10	GP052501	P050152	Grape Pie	2		CoQ-PP-2025-0021	T1	QCSP_001_GP-IV_v.01	10c	Ochratoxin A	≤ 20 µg/kg	OUTSOURCED	ND	FARMAHEM		
3	Tranche 1 retest reissue	CoQ-PP-2026-0051	2026-08-10	GP052501	P050152	Grape Pie	2		CoQ-PP-2025-0021	T1	QCSP_001_GP-IV_v.01	11a	Lead (Pb)	≤ 0.5 mg/kg	OUTSOURCED	0,06	IJZ	4348/2025	
3	Tranche 1 retest reissue	CoQ-PP-2026-0051	2026-08-10	GP052501	P050152	Grape Pie	2		CoQ-PP-2025-0021	T1	QCSP_001_GP-IV_v.01	11b	Cadmium (Cd)	≤ 0.3 mg/kg	OUTSOURCED	н.д.	IJZ	4348/2025	
3	Tranche 1 retest reissue	CoQ-PP-2026-0051	2026-08-10	GP052501	P050152	Grape Pie	2		CoQ-PP-2025-0021	T1	QCSP_001_GP-IV_v.01	11c	Arsenic (As)	≤ 0.2 mg/kg	OUTSOURCED	н.д.	IJZ	4348/2025	
3	Tranche 1 retest reissue	CoQ-PP-2026-0051	2026-08-10	GP052501	P050152	Grape Pie	2		CoQ-PP-2025-0021	T1	QCSP_001_GP-IV_v.01	11d	Mercury (Hg)	≤ 0.1 mg/kg	OUTSOURCED	н.д.	IJZ	4348/2025	
3	Tranche 1 retest reissue	CoQ-PP-2026-0051	2026-08-10	GP052501	P050152	Grape Pie	2		CoQ-PP-2025-0021	T1	QCSP_001_GP-IV_v.01	12	Pesticide Residues	≤ LOQ per МКС EN 15662	OUTSOURCED	≤ LOQ (all 29 compounds)	IJZ	4348/2025	
3	Tranche 1 retest reissue	CoQ-PP-2026-0052	2026-08-10	GP0824_02	P050022	Grape Pie	3	QCCoA 001	CoQ-PP-2026-0016	T1	QCSP_001_GP-III_v.01	1	Identification A, Appearance	Conforms to monograph	HELD				ruling
3	Tranche 1 retest reissue	CoQ-PP-2026-0052	2026-08-10	GP0824_02	P050022	Grape Pie	3	QCCoA 001	CoQ-PP-2026-0016	T1	QCSP_001_GP-III_v.01	2	Identification B	Conforms to monograph	HELD				ruling
3	Tranche 1 retest reissue	CoQ-PP-2026-0052	2026-08-10	GP0824_02	P050022	Grape Pie	3	QCCoA 001	CoQ-PP-2026-0016	T1	QCSP_001_GP-III_v.01	3	Identification C	Conforms to monograph	HELD				ruling
3	Tranche 1 retest reissue	CoQ-PP-2026-0052	2026-08-10	GP0824_02	P050022	Grape Pie	3	QCCoA 001	CoQ-PP-2026-0016	T1	QCSP_001_GP-III_v.01	4	Assay — Total Δ9-THC	21.60 - 26.39 %	OUTSOURCED	22.61	FARMAHEM	197-11-К/26	
3	Tranche 1 retest reissue	CoQ-PP-2026-0052	2026-08-10	GP0824_02	P050022	Grape Pie	3	QCCoA 001	CoQ-PP-2026-0016	T1	QCSP_001_GP-III_v.01	5	Assay — Total CBD	≤ 1.0 %, w/w	OUTSOURCED	< LOQ	FARMAHEM	197-11-К/26	
3	Tranche 1 retest reissue	CoQ-PP-2026-0052	2026-08-10	GP0824_02	P050022	Grape Pie	3	QCCoA 001	CoQ-PP-2026-0016	T1	QCSP_001_GP-III_v.01	6	Total CBN	≤ 1.0 %, w/w	OUTSOURCED	0.23	FARMAHEM	197-11-К/26	
3	Tranche 1 retest reissue	CoQ-PP-2026-0052	2026-08-10	GP0824_02	P050022	Grape Pie	3	QCCoA 001	CoQ-PP-2026-0016	T1	QCSP_001_GP-III_v.01	7	Foreign Matter	≤ 2.0 % / 25–50 g	MISSING				iCoA
3	Tranche 1 retest reissue	CoQ-PP-2026-0052	2026-08-10	GP0824_02	P050022	Grape Pie	3	QCCoA 001	CoQ-PP-2026-0016	T1	QCSP_001_GP-III_v.01	8	Loss on Drying	≤ 12.0 %	OUTSOURCED	6.51	UKIM_CNP	ППК25174	
3	Tranche 1 retest reissue	CoQ-PP-2026-0052	2026-08-10	GP0824_02	P050022	Grape Pie	3	QCCoA 001	CoQ-PP-2026-0016	T1	QCSP_001_GP-III_v.01	9a	TAMC	≤ 10^5 CFU/g	OUTSOURCED	< 10 CFU/g	IJZ	627/1128/25	
3	Tranche 1 retest reissue	CoQ-PP-2026-0052	2026-08-10	GP0824_02	P050022	Grape Pie	3	QCCoA 001	CoQ-PP-2026-0016	T1	QCSP_001_GP-III_v.01	9b	TYMC	≤ 10^4 CFU/g	OUTSOURCED	< 10 CFU/g	IJZ	627/1128/25	
3	Tranche 1 retest reissue	CoQ-PP-2026-0052	2026-08-10	GP0824_02	P050022	Grape Pie	3	QCCoA 001	CoQ-PP-2026-0016	T1	QCSP_001_GP-III_v.01	9c	Bile-tolerant gram-neg.	≤ 10^4 CFU/g	OUTSOURCED	< 10 CFU/g	IJZ	627/1128/25	
3	Tranche 1 retest reissue	CoQ-PP-2026-0052	2026-08-10	GP0824_02	P050022	Grape Pie	3	QCCoA 001	CoQ-PP-2026-0016	T1	QCSP_001_GP-III_v.01	9d	Salmonella	Absence / 25 g	OUTSOURCED	Одговара	IJZ	627/1128/25	
3	Tranche 1 retest reissue	CoQ-PP-2026-0052	2026-08-10	GP0824_02	P050022	Grape Pie	3	QCCoA 001	CoQ-PP-2026-0016	T1	QCSP_001_GP-III_v.01	9e	Escherichia coli	Absence / 1 g	OUTSOURCED	Одговара	IJZ	627/1128/25	
3	Tranche 1 retest reissue	CoQ-PP-2026-0052	2026-08-10	GP0824_02	P050022	Grape Pie	3	QCCoA 001	CoQ-PP-2026-0016	T1	QCSP_001_GP-III_v.01	10a	Aflatoxin B1	≤ 2 µg/kg	OUTSOURCED	ND	FARMAHEM		
3	Tranche 1 retest reissue	CoQ-PP-2026-0052	2026-08-10	GP0824_02	P050022	Grape Pie	3	QCCoA 001	CoQ-PP-2026-0016	T1	QCSP_001_GP-III_v.01	10b	Aflatoxins ∑ (B1+B2+G1+G2)	≤ 4 µg/kg	OUTSOURCED	< 2	IJZ	2471/2025	
3	Tranche 1 retest reissue	CoQ-PP-2026-0052	2026-08-10	GP0824_02	P050022	Grape Pie	3	QCCoA 001	CoQ-PP-2026-0016	T1	QCSP_001_GP-III_v.01	10c	Ochratoxin A	≤ 20 µg/kg	OUTSOURCED	ND	FARMAHEM		
3	Tranche 1 retest reissue	CoQ-PP-2026-0052	2026-08-10	GP0824_02	P050022	Grape Pie	3	QCCoA 001	CoQ-PP-2026-0016	T1	QCSP_001_GP-III_v.01	11a	Lead (Pb)	≤ 0.5 mg/kg	OUTSOURCED	н.д.	IJZ	2471/2025	
3	Tranche 1 retest reissue	CoQ-PP-2026-0052	2026-08-10	GP0824_02	P050022	Grape Pie	3	QCCoA 001	CoQ-PP-2026-0016	T1	QCSP_001_GP-III_v.01	11b	Cadmium (Cd)	≤ 0.3 mg/kg	OUTSOURCED	н.д.	IJZ	2471/2025	
3	Tranche 1 retest reissue	CoQ-PP-2026-0052	2026-08-10	GP0824_02	P050022	Grape Pie	3	QCCoA 001	CoQ-PP-2026-0016	T1	QCSP_001_GP-III_v.01	11c	Arsenic (As)	≤ 0.2 mg/kg	OUTSOURCED	н.д.	IJZ	2471/2025	
3	Tranche 1 retest reissue	CoQ-PP-2026-0052	2026-08-10	GP0824_02	P050022	Grape Pie	3	QCCoA 001	CoQ-PP-2026-0016	T1	QCSP_001_GP-III_v.01	11d	Mercury (Hg)	≤ 0.1 mg/kg	OUTSOURCED	н.д.	IJZ	2471/2025	
3	Tranche 1 retest reissue	CoQ-PP-2026-0052	2026-08-10	GP0824_02	P050022	Grape Pie	3	QCCoA 001	CoQ-PP-2026-0016	T1	QCSP_001_GP-III_v.01	12	Pesticide Residues	≤ LOQ per МКС EN 15662	OUTSOURCED	≤ LOQ (all 29 compounds)	IJZ	2471/2025	
3	Tranche 1 retest reissue	CoQ-PP-2026-0053	2026-08-10	GP082501_2	P050322	Grape Pie	2	QCCoA 001 v.02	CoQ-PP-2025-0031	T1	QCSP_001_GP-V_v.01	1	Identification A, Appearance	Conforms to monograph	HELD				ruling
3	Tranche 1 retest reissue	CoQ-PP-2026-0053	2026-08-10	GP082501_2	P050322	Grape Pie	2	QCCoA 001 v.02	CoQ-PP-2025-0031	T1	QCSP_001_GP-V_v.01	2	Identification B	Conforms to monograph	HELD				ruling
3	Tranche 1 retest reissue	CoQ-PP-2026-0053	2026-08-10	GP082501_2	P050322	Grape Pie	2	QCCoA 001 v.02	CoQ-PP-2025-0031	T1	QCSP_001_GP-V_v.01	3	Identification C	Conforms to monograph	HELD				ruling
3	Tranche 1 retest reissue	CoQ-PP-2026-0053	2026-08-10	GP082501_2	P050322	Grape Pie	2	QCCoA 001 v.02	CoQ-PP-2025-0031	T1	QCSP_001_GP-V_v.01	4	Assay — Total Δ9-THC	14.40 - 17.59 %	OUTSOURCED	15.70	FARMAHEM		
3	Tranche 1 retest reissue	CoQ-PP-2026-0053	2026-08-10	GP082501_2	P050322	Grape Pie	2	QCCoA 001 v.02	CoQ-PP-2025-0031	T1	QCSP_001_GP-V_v.01	5	Assay — Total CBD	≤ 1.0 %, w/w	OUTSOURCED	< LOQ	FARMAHEM		
3	Tranche 1 retest reissue	CoQ-PP-2026-0053	2026-08-10	GP082501_2	P050322	Grape Pie	2	QCCoA 001 v.02	CoQ-PP-2025-0031	T1	QCSP_001_GP-V_v.01	6	Total CBN	≤ 1.0 %, w/w	OUTSOURCED	< LOQ	FARMAHEM		
3	Tranche 1 retest reissue	CoQ-PP-2026-0053	2026-08-10	GP082501_2	P050322	Grape Pie	2	QCCoA 001 v.02	CoQ-PP-2025-0031	T1	QCSP_001_GP-V_v.01	7	Foreign Matter	≤ 2.0 % / 25–50 g	MISSING				iCoA
3	Tranche 1 retest reissue	CoQ-PP-2026-0053	2026-08-10	GP082501_2	P050322	Grape Pie	2	QCCoA 001 v.02	CoQ-PP-2025-0031	T1	QCSP_001_GP-V_v.01	8	Loss on Drying	≤ 12.0 %	OUTSOURCED	6.88 %	UKIM_CNP	ППК25381	
3	Tranche 1 retest reissue	CoQ-PP-2026-0053	2026-08-10	GP082501_2	P050322	Grape Pie	2	QCCoA 001 v.02	CoQ-PP-2025-0031	T1	QCSP_001_GP-V_v.01	9a	TAMC	≤ 10^5 CFU/g	OUTSOURCED	3,2 x 10³ CFU/g	IJZ	1227/2193/25	
3	Tranche 1 retest reissue	CoQ-PP-2026-0053	2026-08-10	GP082501_2	P050322	Grape Pie	2	QCCoA 001 v.02	CoQ-PP-2025-0031	T1	QCSP_001_GP-V_v.01	9b	TYMC	≤ 10^4 CFU/g	OUTSOURCED	5,8 x 10³ CFU/g	IJZ	1227/2193/25	
3	Tranche 1 retest reissue	CoQ-PP-2026-0053	2026-08-10	GP082501_2	P050322	Grape Pie	2	QCCoA 001 v.02	CoQ-PP-2025-0031	T1	QCSP_001_GP-V_v.01	9c	Bile-tolerant gram-neg.	≤ 10^4 CFU/g	OUTSOURCED	< 10^4 и > 10^3 CFU/g	IJZ	1227/2193/25	
3	Tranche 1 retest reissue	CoQ-PP-2026-0053	2026-08-10	GP082501_2	P050322	Grape Pie	2	QCCoA 001 v.02	CoQ-PP-2025-0031	T1	QCSP_001_GP-V_v.01	9d	Salmonella	Absence / 25 g	OUTSOURCED	Одговара	IJZ	1227/2193/25	
3	Tranche 1 retest reissue	CoQ-PP-2026-0053	2026-08-10	GP082501_2	P050322	Grape Pie	2	QCCoA 001 v.02	CoQ-PP-2025-0031	T1	QCSP_001_GP-V_v.01	9e	Escherichia coli	Absence / 1 g	OUTSOURCED	Одговара	IJZ	1227/2193/25	
3	Tranche 1 retest reissue	CoQ-PP-2026-0053	2026-08-10	GP082501_2	P050322	Grape Pie	2	QCCoA 001 v.02	CoQ-PP-2025-0031	T1	QCSP_001_GP-V_v.01	10a	Aflatoxin B1	≤ 2 µg/kg	OUTSOURCED	ND	FARMAHEM	197-12-M/26	
3	Tranche 1 retest reissue	CoQ-PP-2026-0053	2026-08-10	GP082501_2	P050322	Grape Pie	2	QCCoA 001 v.02	CoQ-PP-2025-0031	T1	QCSP_001_GP-V_v.01	10b	Aflatoxins ∑ (B1+B2+G1+G2)	≤ 4 µg/kg	OUTSOURCED	< 2	IJZ	5889/2025	
3	Tranche 1 retest reissue	CoQ-PP-2026-0053	2026-08-10	GP082501_2	P050322	Grape Pie	2	QCCoA 001 v.02	CoQ-PP-2025-0031	T1	QCSP_001_GP-V_v.01	10c	Ochratoxin A	≤ 20 µg/kg	OUTSOURCED	ND	FARMAHEM	197-12-M/26	
3	Tranche 1 retest reissue	CoQ-PP-2026-0053	2026-08-10	GP082501_2	P050322	Grape Pie	2	QCCoA 001 v.02	CoQ-PP-2025-0031	T1	QCSP_001_GP-V_v.01	11a	Lead (Pb)	≤ 0.5 mg/kg	OUTSOURCED	0,013	IJZ	5889/2025	
3	Tranche 1 retest reissue	CoQ-PP-2026-0053	2026-08-10	GP082501_2	P050322	Grape Pie	2	QCCoA 001 v.02	CoQ-PP-2025-0031	T1	QCSP_001_GP-V_v.01	11b	Cadmium (Cd)	≤ 0.3 mg/kg	OUTSOURCED	0,003	IJZ	5889/2025	
3	Tranche 1 retest reissue	CoQ-PP-2026-0053	2026-08-10	GP082501_2	P050322	Grape Pie	2	QCCoA 001 v.02	CoQ-PP-2025-0031	T1	QCSP_001_GP-V_v.01	11c	Arsenic (As)	≤ 0.2 mg/kg	OUTSOURCED	0,02	IJZ	5889/2025	
3	Tranche 1 retest reissue	CoQ-PP-2026-0053	2026-08-10	GP082501_2	P050322	Grape Pie	2	QCCoA 001 v.02	CoQ-PP-2025-0031	T1	QCSP_001_GP-V_v.01	11d	Mercury (Hg)	≤ 0.1 mg/kg	OUTSOURCED	0,016	IJZ	5889/2025	
3	Tranche 1 retest reissue	CoQ-PP-2026-0053	2026-08-10	GP082501_2	P050322	Grape Pie	2	QCCoA 001 v.02	CoQ-PP-2025-0031	T1	QCSP_001_GP-V_v.01	12	Pesticide Residues	≤ LOQ per МКС EN 15662	OUTSOURCED	≤ LOQ (all 29 compounds)	IJZ	5889/2025	
3	Tranche 1 retest reissue	CoQ-PP-2026-0054	2026-08-10	HPA1024	HPA1024	High Pro Amnesia	2		CoQ-PP-2025-0007	T1	QCSP_001_HPA-III_v.01	1	Identification A, Appearance	Conforms to monograph	IN-HOUSE	Confirms	PP		
3	Tranche 1 retest reissue	CoQ-PP-2026-0054	2026-08-10	HPA1024	HPA1024	High Pro Amnesia	2		CoQ-PP-2025-0007	T1	QCSP_001_HPA-III_v.01	2	Identification B	Conforms to monograph	HELD				ruling
3	Tranche 1 retest reissue	CoQ-PP-2026-0054	2026-08-10	HPA1024	HPA1024	High Pro Amnesia	2		CoQ-PP-2025-0007	T1	QCSP_001_HPA-III_v.01	3	Identification C	Conforms to monograph	IN-HOUSE	Confirms	PP		
3	Tranche 1 retest reissue	CoQ-PP-2026-0054	2026-08-10	HPA1024	HPA1024	High Pro Amnesia	2		CoQ-PP-2025-0007	T1	QCSP_001_HPA-III_v.01	4	Assay — Total Δ9-THC	16.20 - 19.79 %	OUTSOURCED	17.31	FARMAHEM	197-13-К/26	
3	Tranche 1 retest reissue	CoQ-PP-2026-0054	2026-08-10	HPA1024	HPA1024	High Pro Amnesia	2		CoQ-PP-2025-0007	T1	QCSP_001_HPA-III_v.01	5	Assay — Total CBD	≤ 1.0 %, w/w	OUTSOURCED	<LOQ	FARMAHEM	197-13-К/26	
3	Tranche 1 retest reissue	CoQ-PP-2026-0054	2026-08-10	HPA1024	HPA1024	High Pro Amnesia	2		CoQ-PP-2025-0007	T1	QCSP_001_HPA-III_v.01	6	Total CBN	≤ 1.0 %, w/w	OUTSOURCED	0.36	FARMAHEM	197-13-К/26	
3	Tranche 1 retest reissue	CoQ-PP-2026-0054	2026-08-10	HPA1024	HPA1024	High Pro Amnesia	2		CoQ-PP-2025-0007	T1	QCSP_001_HPA-III_v.01	7	Foreign Matter	≤ 2.0 % / 25–50 g	IN-HOUSE	Confirms	PP		
3	Tranche 1 retest reissue	CoQ-PP-2026-0054	2026-08-10	HPA1024	HPA1024	High Pro Amnesia	2		CoQ-PP-2025-0007	T1	QCSP_001_HPA-III_v.01	8	Loss on Drying	≤ 12.0 %	MISSING				iCoA
3	Tranche 1 retest reissue	CoQ-PP-2026-0054	2026-08-10	HPA1024	HPA1024	High Pro Amnesia	2		CoQ-PP-2025-0007	T1	QCSP_001_HPA-III_v.01	9a	TAMC	≤ 10^5 CFU/g	IN-HOUSE	5.2·10^4 CFU/g	PP		
3	Tranche 1 retest reissue	CoQ-PP-2026-0054	2026-08-10	HPA1024	HPA1024	High Pro Amnesia	2		CoQ-PP-2025-0007	T1	QCSP_001_HPA-III_v.01	9b	TYMC	≤ 10^4 CFU/g	IN-HOUSE	7·10^2 CFU/g	PP		
3	Tranche 1 retest reissue	CoQ-PP-2026-0054	2026-08-10	HPA1024	HPA1024	High Pro Amnesia	2		CoQ-PP-2025-0007	T1	QCSP_001_HPA-III_v.01	9c	Bile-tolerant gram-neg.	≤ 10^4 CFU/g	IN-HOUSE	<10 CFU/g	PP		
3	Tranche 1 retest reissue	CoQ-PP-2026-0054	2026-08-10	HPA1024	HPA1024	High Pro Amnesia	2		CoQ-PP-2025-0007	T1	QCSP_001_HPA-III_v.01	9d	Salmonella	Absence / 25 g	IN-HOUSE	Absent	PP		
3	Tranche 1 retest reissue	CoQ-PP-2026-0054	2026-08-10	HPA1024	HPA1024	High Pro Amnesia	2		CoQ-PP-2025-0007	T1	QCSP_001_HPA-III_v.01	9e	Escherichia coli	Absence / 1 g	IN-HOUSE	Absent	PP		
3	Tranche 1 retest reissue	CoQ-PP-2026-0054	2026-08-10	HPA1024	HPA1024	High Pro Amnesia	2		CoQ-PP-2025-0007	T1	QCSP_001_HPA-III_v.01	10a	Aflatoxin B1	≤ 2 µg/kg	OUTSOURCED	ND	FARMAHEM	197-13-М/26	
3	Tranche 1 retest reissue	CoQ-PP-2026-0054	2026-08-10	HPA1024	HPA1024	High Pro Amnesia	2		CoQ-PP-2025-0007	T1	QCSP_001_HPA-III_v.01	10b	Aflatoxins ∑ (B1+B2+G1+G2)	≤ 4 µg/kg	IN-HOUSE	< 2 μg/kg	PP		
3	Tranche 1 retest reissue	CoQ-PP-2026-0054	2026-08-10	HPA1024	HPA1024	High Pro Amnesia	2		CoQ-PP-2025-0007	T1	QCSP_001_HPA-III_v.01	10c	Ochratoxin A	≤ 20 µg/kg	OUTSOURCED	<LOQ	FARMAHEM	197-13-М/26	
3	Tranche 1 retest reissue	CoQ-PP-2026-0054	2026-08-10	HPA1024	HPA1024	High Pro Amnesia	2		CoQ-PP-2025-0007	T1	QCSP_001_HPA-III_v.01	11a	Lead (Pb)	≤ 0.5 mg/kg	IN-HOUSE	0.02 mg/kg	PP		
3	Tranche 1 retest reissue	CoQ-PP-2026-0054	2026-08-10	HPA1024	HPA1024	High Pro Amnesia	2		CoQ-PP-2025-0007	T1	QCSP_001_HPA-III_v.01	11b	Cadmium (Cd)	≤ 0.3 mg/kg	IN-HOUSE	0.013 mg/kg	PP		
3	Tranche 1 retest reissue	CoQ-PP-2026-0054	2026-08-10	HPA1024	HPA1024	High Pro Amnesia	2		CoQ-PP-2025-0007	T1	QCSP_001_HPA-III_v.01	11c	Arsenic (As)	≤ 0.2 mg/kg	IN-HOUSE	0.017 mg/kg	PP		
3	Tranche 1 retest reissue	CoQ-PP-2026-0054	2026-08-10	HPA1024	HPA1024	High Pro Amnesia	2		CoQ-PP-2025-0007	T1	QCSP_001_HPA-III_v.01	11d	Mercury (Hg)	≤ 0.1 mg/kg	IN-HOUSE	0.0026 mg/kg	PP		
3	Tranche 1 retest reissue	CoQ-PP-2026-0054	2026-08-10	HPA1024	HPA1024	High Pro Amnesia	2		CoQ-PP-2025-0007	T1	QCSP_001_HPA-III_v.01	12	Pesticide Residues	≤ LOQ per Ph. Eur. 2.8.13	IN-HOUSE	≤ LOQ (all 9 compounds)	PP		
3	Tranche 1 retest reissue	CoQ-PP-2026-0055	2026-08-10	HPA1024_01	P050052	High Pro Amnesia	2	QCCoA 001	CoQ-PP-2025-0011	T1	QCSP_001_HPA-I_v.01	1	Identification A, Appearance	Conforms to monograph	HELD				ruling
3	Tranche 1 retest reissue	CoQ-PP-2026-0055	2026-08-10	HPA1024_01	P050052	High Pro Amnesia	2	QCCoA 001	CoQ-PP-2025-0011	T1	QCSP_001_HPA-I_v.01	2	Identification B	Conforms to monograph	HELD				ruling
3	Tranche 1 retest reissue	CoQ-PP-2026-0055	2026-08-10	HPA1024_01	P050052	High Pro Amnesia	2	QCCoA 001	CoQ-PP-2025-0011	T1	QCSP_001_HPA-I_v.01	3	Identification C	Conforms to monograph	HELD				ruling
3	Tranche 1 retest reissue	CoQ-PP-2026-0055	2026-08-10	HPA1024_01	P050052	High Pro Amnesia	2	QCCoA 001	CoQ-PP-2025-0011	T1	QCSP_001_HPA-I_v.01	4	Assay — Total Δ9-THC	19.80 - 24.19 %	OUTSOURCED	21.61	FARMAHEM		
3	Tranche 1 retest reissue	CoQ-PP-2026-0055	2026-08-10	HPA1024_01	P050052	High Pro Amnesia	2	QCCoA 001	CoQ-PP-2025-0011	T1	QCSP_001_HPA-I_v.01	5	Assay — Total CBD	≤ 1.0 %, w/w	OUTSOURCED	<LOQ	FARMAHEM		
3	Tranche 1 retest reissue	CoQ-PP-2026-0055	2026-08-10	HPA1024_01	P050052	High Pro Amnesia	2	QCCoA 001	CoQ-PP-2025-0011	T1	QCSP_001_HPA-I_v.01	6	Total CBN	≤ 1.0 %, w/w	OUTSOURCED	<LOQ	FARMAHEM		
3	Tranche 1 retest reissue	CoQ-PP-2026-0055	2026-08-10	HPA1024_01	P050052	High Pro Amnesia	2	QCCoA 001	CoQ-PP-2025-0011	T1	QCSP_001_HPA-I_v.01	7	Foreign Matter	≤ 2.0 % / 25–50 g	MISSING				iCoA
3	Tranche 1 retest reissue	CoQ-PP-2026-0055	2026-08-10	HPA1024_01	P050052	High Pro Amnesia	2	QCCoA 001	CoQ-PP-2025-0011	T1	QCSP_001_HPA-I_v.01	8	Loss on Drying	≤ 12.0 %	OUTSOURCED	6.36	UKIM_CNP		
3	Tranche 1 retest reissue	CoQ-PP-2026-0055	2026-08-10	HPA1024_01	P050052	High Pro Amnesia	2	QCCoA 001	CoQ-PP-2025-0011	T1	QCSP_001_HPA-I_v.01	9a	TAMC	≤ 10^5 CFU/g	OUTSOURCED	9,6 x 10³ CFU/g	IJZ	587/1066/25	
3	Tranche 1 retest reissue	CoQ-PP-2026-0055	2026-08-10	HPA1024_01	P050052	High Pro Amnesia	2	QCCoA 001	CoQ-PP-2025-0011	T1	QCSP_001_HPA-I_v.01	9b	TYMC	≤ 10^4 CFU/g	OUTSOURCED	1,5 x 10⁴ CFU/g	IJZ	587/1066/25	
3	Tranche 1 retest reissue	CoQ-PP-2026-0055	2026-08-10	HPA1024_01	P050052	High Pro Amnesia	2	QCCoA 001	CoQ-PP-2025-0011	T1	QCSP_001_HPA-I_v.01	9c	Bile-tolerant gram-neg.	≤ 10^4 CFU/g	OUTSOURCED	< 10 CFU/g	IJZ	587/1066/25	
3	Tranche 1 retest reissue	CoQ-PP-2026-0055	2026-08-10	HPA1024_01	P050052	High Pro Amnesia	2	QCCoA 001	CoQ-PP-2025-0011	T1	QCSP_001_HPA-I_v.01	9d	Salmonella	Absence / 25 g	OUTSOURCED	Одговара	IJZ	587/1066/25	
3	Tranche 1 retest reissue	CoQ-PP-2026-0055	2026-08-10	HPA1024_01	P050052	High Pro Amnesia	2	QCCoA 001	CoQ-PP-2025-0011	T1	QCSP_001_HPA-I_v.01	9e	Escherichia coli	Absence / 1 g	OUTSOURCED	Одговара	IJZ	587/1066/25	
3	Tranche 1 retest reissue	CoQ-PP-2026-0055	2026-08-10	HPA1024_01	P050052	High Pro Amnesia	2	QCCoA 001	CoQ-PP-2025-0011	T1	QCSP_001_HPA-I_v.01	10a	Aflatoxin B1	≤ 2 µg/kg	OUTSOURCED	ND	FARMAHEM		
3	Tranche 1 retest reissue	CoQ-PP-2026-0055	2026-08-10	HPA1024_01	P050052	High Pro Amnesia	2	QCCoA 001	CoQ-PP-2025-0011	T1	QCSP_001_HPA-I_v.01	10b	Aflatoxins ∑ (B1+B2+G1+G2)	≤ 4 µg/kg	OUTSOURCED	< 2	IJZ	2995/2025	
3	Tranche 1 retest reissue	CoQ-PP-2026-0055	2026-08-10	HPA1024_01	P050052	High Pro Amnesia	2	QCCoA 001	CoQ-PP-2025-0011	T1	QCSP_001_HPA-I_v.01	10c	Ochratoxin A	≤ 20 µg/kg	OUTSOURCED	2.06	FARMAHEM		
3	Tranche 1 retest reissue	CoQ-PP-2026-0055	2026-08-10	HPA1024_01	P050052	High Pro Amnesia	2	QCCoA 001	CoQ-PP-2025-0011	T1	QCSP_001_HPA-I_v.01	11a	Lead (Pb)	≤ 0.5 mg/kg	OUTSOURCED	0,059	IJZ	2995/2025	
3	Tranche 1 retest reissue	CoQ-PP-2026-0055	2026-08-10	HPA1024_01	P050052	High Pro Amnesia	2	QCCoA 001	CoQ-PP-2025-0011	T1	QCSP_001_HPA-I_v.01	11b	Cadmium (Cd)	≤ 0.3 mg/kg	OUTSOURCED	0,014	IJZ	2995/2025	
3	Tranche 1 retest reissue	CoQ-PP-2026-0055	2026-08-10	HPA1024_01	P050052	High Pro Amnesia	2	QCCoA 001	CoQ-PP-2025-0011	T1	QCSP_001_HPA-I_v.01	11c	Arsenic (As)	≤ 0.2 mg/kg	OUTSOURCED	0,037	IJZ	2995/2025	
3	Tranche 1 retest reissue	CoQ-PP-2026-0055	2026-08-10	HPA1024_01	P050052	High Pro Amnesia	2	QCCoA 001	CoQ-PP-2025-0011	T1	QCSP_001_HPA-I_v.01	11d	Mercury (Hg)	≤ 0.1 mg/kg	OUTSOURCED	0,008	IJZ	2995/2025	
3	Tranche 1 retest reissue	CoQ-PP-2026-0055	2026-08-10	HPA1024_01	P050052	High Pro Amnesia	2	QCCoA 001	CoQ-PP-2025-0011	T1	QCSP_001_HPA-I_v.01	12	Pesticide Residues	≤ LOQ per МКС EN 15662	OUTSOURCED	≤ LOQ (all 23 compounds)	IJZ	2995/2025	
3	Tranche 1 retest reissue	CoQ-PP-2026-0056	2026-08-10	J31102501	P060152	Jokerz 31	2		CoQ-PP-2026-0012	T1	QCSP_001_J31-I_v.01	1	Identification A, Appearance	Conforms to monograph	MISSING				iCoA
3	Tranche 1 retest reissue	CoQ-PP-2026-0056	2026-08-10	J31102501	P060152	Jokerz 31	2		CoQ-PP-2026-0012	T1	QCSP_001_J31-I_v.01	2	Identification B	Conforms to monograph	MISSING				iCoA
3	Tranche 1 retest reissue	CoQ-PP-2026-0056	2026-08-10	J31102501	P060152	Jokerz 31	2		CoQ-PP-2026-0012	T1	QCSP_001_J31-I_v.01	3	Identification C	Conforms to monograph	MISSING				iCoA?
3	Tranche 1 retest reissue	CoQ-PP-2026-0056	2026-08-10	J31102501	P060152	Jokerz 31	2		CoQ-PP-2026-0012	T1	QCSP_001_J31-I_v.01	4	Assay — Total Δ9-THC	16.20 - 19.79 %	OUTSOURCED	17.32	FARMAHEM		
3	Tranche 1 retest reissue	CoQ-PP-2026-0056	2026-08-10	J31102501	P060152	Jokerz 31	2		CoQ-PP-2026-0012	T1	QCSP_001_J31-I_v.01	5	Assay — Total CBD	≤ 1.0 %, w/w	OUTSOURCED	<LOQ	FARMAHEM		
3	Tranche 1 retest reissue	CoQ-PP-2026-0056	2026-08-10	J31102501	P060152	Jokerz 31	2		CoQ-PP-2026-0012	T1	QCSP_001_J31-I_v.01	6	Total CBN	≤ 1.0 %, w/w	OUTSOURCED	<LOQ	FARMAHEM		
3	Tranche 1 retest reissue	CoQ-PP-2026-0056	2026-08-10	J31102501	P060152	Jokerz 31	2		CoQ-PP-2026-0012	T1	QCSP_001_J31-I_v.01	7	Foreign Matter	≤ 2.0 % / 25–50 g	MISSING				iCoA
3	Tranche 1 retest reissue	CoQ-PP-2026-0056	2026-08-10	J31102501	P060152	Jokerz 31	2		CoQ-PP-2026-0012	T1	QCSP_001_J31-I_v.01	8	Loss on Drying	≤ 12.0 %	OUTSOURCED	6,3	FARMAHEM	051-1-ГС/26	
3	Tranche 1 retest reissue	CoQ-PP-2026-0056	2026-08-10	J31102501	P060152	Jokerz 31	2		CoQ-PP-2026-0012	T1	QCSP_001_J31-I_v.01	9a	TAMC	≤ 10^5 CFU/g	MISSING				OUTSOURCE
3	Tranche 1 retest reissue	CoQ-PP-2026-0056	2026-08-10	J31102501	P060152	Jokerz 31	2		CoQ-PP-2026-0012	T1	QCSP_001_J31-I_v.01	9b	TYMC	≤ 10^4 CFU/g	MISSING				OUTSOURCE
3	Tranche 1 retest reissue	CoQ-PP-2026-0056	2026-08-10	J31102501	P060152	Jokerz 31	2		CoQ-PP-2026-0012	T1	QCSP_001_J31-I_v.01	9c	Bile-tolerant gram-neg.	≤ 10^4 CFU/g	MISSING				OUTSOURCE
3	Tranche 1 retest reissue	CoQ-PP-2026-0056	2026-08-10	J31102501	P060152	Jokerz 31	2		CoQ-PP-2026-0012	T1	QCSP_001_J31-I_v.01	9d	Salmonella	Absence / 25 g	MISSING				OUTSOURCE
3	Tranche 1 retest reissue	CoQ-PP-2026-0056	2026-08-10	J31102501	P060152	Jokerz 31	2		CoQ-PP-2026-0012	T1	QCSP_001_J31-I_v.01	9e	Escherichia coli	Absence / 1 g	MISSING				OUTSOURCE
3	Tranche 1 retest reissue	CoQ-PP-2026-0056	2026-08-10	J31102501	P060152	Jokerz 31	2		CoQ-PP-2026-0012	T1	QCSP_001_J31-I_v.01	10a	Aflatoxin B1	≤ 2 µg/kg	OUTSOURCED	ND	FARMAHEM		
3	Tranche 1 retest reissue	CoQ-PP-2026-0056	2026-08-10	J31102501	P060152	Jokerz 31	2		CoQ-PP-2026-0012	T1	QCSP_001_J31-I_v.01	10b	Aflatoxins ∑ (B1+B2+G1+G2)	≤ 4 µg/kg	NOT TESTED				OUTSOURCE
3	Tranche 1 retest reissue	CoQ-PP-2026-0056	2026-08-10	J31102501	P060152	Jokerz 31	2		CoQ-PP-2026-0012	T1	QCSP_001_J31-I_v.01	10c	Ochratoxin A	≤ 20 µg/kg	OUTSOURCED	ND	FARMAHEM		
3	Tranche 1 retest reissue	CoQ-PP-2026-0056	2026-08-10	J31102501	P060152	Jokerz 31	2		CoQ-PP-2026-0012	T1	QCSP_001_J31-I_v.01	11a	Lead (Pb)	≤ 0.5 mg/kg	MISSING				OUTSOURCE
3	Tranche 1 retest reissue	CoQ-PP-2026-0056	2026-08-10	J31102501	P060152	Jokerz 31	2		CoQ-PP-2026-0012	T1	QCSP_001_J31-I_v.01	11b	Cadmium (Cd)	≤ 0.3 mg/kg	MISSING				OUTSOURCE
3	Tranche 1 retest reissue	CoQ-PP-2026-0056	2026-08-10	J31102501	P060152	Jokerz 31	2		CoQ-PP-2026-0012	T1	QCSP_001_J31-I_v.01	11c	Arsenic (As)	≤ 0.2 mg/kg	MISSING				OUTSOURCE
3	Tranche 1 retest reissue	CoQ-PP-2026-0056	2026-08-10	J31102501	P060152	Jokerz 31	2		CoQ-PP-2026-0012	T1	QCSP_001_J31-I_v.01	11d	Mercury (Hg)	≤ 0.1 mg/kg	MISSING				OUTSOURCE
3	Tranche 1 retest reissue	CoQ-PP-2026-0056	2026-08-10	J31102501	P060152	Jokerz 31	2		CoQ-PP-2026-0012	T1	QCSP_001_J31-I_v.01	12	Pesticide Residues	≤ LOQ per 2.8.13	MISSING				OUTSOURCE
3	Tranche 1 retest reissue	CoQ-PP-2026-0057	2026-08-10	OPM1024	OPM1024	Orange Punch Mimosa	2		CoQ-PP-2025-0008	T1	QCSP_001_OPM-I_v.01	1	Identification A, Appearance	Conforms to monograph	IN-HOUSE	Confirms	PP		
3	Tranche 1 retest reissue	CoQ-PP-2026-0057	2026-08-10	OPM1024	OPM1024	Orange Punch Mimosa	2		CoQ-PP-2025-0008	T1	QCSP_001_OPM-I_v.01	2	Identification B	Conforms to monograph	MISSING				iCoA
3	Tranche 1 retest reissue	CoQ-PP-2026-0057	2026-08-10	OPM1024	OPM1024	Orange Punch Mimosa	2		CoQ-PP-2025-0008	T1	QCSP_001_OPM-I_v.01	3	Identification C	Conforms to monograph	IN-HOUSE	Confirms	PP		
3	Tranche 1 retest reissue	CoQ-PP-2026-0057	2026-08-10	OPM1024	OPM1024	Orange Punch Mimosa	2		CoQ-PP-2025-0008	T1	QCSP_001_OPM-I_v.01	4	Assay — Total Δ9-THC	19.80 - 24.19 %	OUTSOURCED	20.03	FARMAHEM		
3	Tranche 1 retest reissue	CoQ-PP-2026-0057	2026-08-10	OPM1024	OPM1024	Orange Punch Mimosa	2		CoQ-PP-2025-0008	T1	QCSP_001_OPM-I_v.01	5	Assay — Total CBD	≤ 1.0 %, w/w	OUTSOURCED	<LOQ	FARMAHEM		
3	Tranche 1 retest reissue	CoQ-PP-2026-0057	2026-08-10	OPM1024	OPM1024	Orange Punch Mimosa	2		CoQ-PP-2025-0008	T1	QCSP_001_OPM-I_v.01	6	Total CBN	≤ 1.0 %, w/w	OUTSOURCED	<LOQ	FARMAHEM		
3	Tranche 1 retest reissue	CoQ-PP-2026-0057	2026-08-10	OPM1024	OPM1024	Orange Punch Mimosa	2		CoQ-PP-2025-0008	T1	QCSP_001_OPM-I_v.01	7	Foreign Matter	≤ 2.0 % / 25–50 g	IN-HOUSE	Confirms	PP		
3	Tranche 1 retest reissue	CoQ-PP-2026-0057	2026-08-10	OPM1024	OPM1024	Orange Punch Mimosa	2		CoQ-PP-2025-0008	T1	QCSP_001_OPM-I_v.01	8	Loss on Drying	≤ 12.0 %	MISSING				iCoA
3	Tranche 1 retest reissue	CoQ-PP-2026-0057	2026-08-10	OPM1024	OPM1024	Orange Punch Mimosa	2		CoQ-PP-2025-0008	T1	QCSP_001_OPM-I_v.01	9a	TAMC	≤ 10^5 CFU/g	IN-HOUSE	1.3·10^4 CFU/g	PP		
3	Tranche 1 retest reissue	CoQ-PP-2026-0057	2026-08-10	OPM1024	OPM1024	Orange Punch Mimosa	2		CoQ-PP-2025-0008	T1	QCSP_001_OPM-I_v.01	9b	TYMC	≤ 10^4 CFU/g	IN-HOUSE	7·10^2 CFU/g	PP		
3	Tranche 1 retest reissue	CoQ-PP-2026-0057	2026-08-10	OPM1024	OPM1024	Orange Punch Mimosa	2		CoQ-PP-2025-0008	T1	QCSP_001_OPM-I_v.01	9c	Bile-tolerant gram-neg.	≤ 10^4 CFU/g	HELD				ruling
3	Tranche 1 retest reissue	CoQ-PP-2026-0057	2026-08-10	OPM1024	OPM1024	Orange Punch Mimosa	2		CoQ-PP-2025-0008	T1	QCSP_001_OPM-I_v.01	9d	Salmonella	Absence / 25 g	IN-HOUSE	Absent	PP		
3	Tranche 1 retest reissue	CoQ-PP-2026-0057	2026-08-10	OPM1024	OPM1024	Orange Punch Mimosa	2		CoQ-PP-2025-0008	T1	QCSP_001_OPM-I_v.01	9e	Escherichia coli	Absence / 1 g	IN-HOUSE	Absent	PP		
3	Tranche 1 retest reissue	CoQ-PP-2026-0057	2026-08-10	OPM1024	OPM1024	Orange Punch Mimosa	2		CoQ-PP-2025-0008	T1	QCSP_001_OPM-I_v.01	10a	Aflatoxin B1	≤ 2 µg/kg	OUTSOURCED	ND	FARMAHEM	197-17-М/26	
3	Tranche 1 retest reissue	CoQ-PP-2026-0057	2026-08-10	OPM1024	OPM1024	Orange Punch Mimosa	2		CoQ-PP-2025-0008	T1	QCSP_001_OPM-I_v.01	10b	Aflatoxins ∑ (B1+B2+G1+G2)	≤ 4 µg/kg	IN-HOUSE	< 2 µg/kg	PP		
3	Tranche 1 retest reissue	CoQ-PP-2026-0057	2026-08-10	OPM1024	OPM1024	Orange Punch Mimosa	2		CoQ-PP-2025-0008	T1	QCSP_001_OPM-I_v.01	10c	Ochratoxin A	≤ 20 µg/kg	OUTSOURCED	ND	FARMAHEM	197-17-М/26	
3	Tranche 1 retest reissue	CoQ-PP-2026-0057	2026-08-10	OPM1024	OPM1024	Orange Punch Mimosa	2		CoQ-PP-2025-0008	T1	QCSP_001_OPM-I_v.01	11a	Lead (Pb)	≤ 0.5 mg/kg	IN-HOUSE	0.031 mg/kg	PP		
3	Tranche 1 retest reissue	CoQ-PP-2026-0057	2026-08-10	OPM1024	OPM1024	Orange Punch Mimosa	2		CoQ-PP-2025-0008	T1	QCSP_001_OPM-I_v.01	11b	Cadmium (Cd)	≤ 0.3 mg/kg	IN-HOUSE	0.017 mg/kg	PP		
3	Tranche 1 retest reissue	CoQ-PP-2026-0057	2026-08-10	OPM1024	OPM1024	Orange Punch Mimosa	2		CoQ-PP-2025-0008	T1	QCSP_001_OPM-I_v.01	11c	Arsenic (As)	≤ 0.2 mg/kg	IN-HOUSE	0.045 mg/kg	PP		
3	Tranche 1 retest reissue	CoQ-PP-2026-0057	2026-08-10	OPM1024	OPM1024	Orange Punch Mimosa	2		CoQ-PP-2025-0008	T1	QCSP_001_OPM-I_v.01	11d	Mercury (Hg)	≤ 0.1 mg/kg	IN-HOUSE	0.005 mg/kg	PP		
3	Tranche 1 retest reissue	CoQ-PP-2026-0057	2026-08-10	OPM1024	OPM1024	Orange Punch Mimosa	2		CoQ-PP-2025-0008	T1	QCSP_001_OPM-I_v.01	12	Pesticide Residues	≤ LOQ per 2.8.13	HELD				ruling
3	Tranche 1 retest reissue	CoQ-PP-2026-0058	2026-08-10	OPM1024_02	P050062	Orange Punch Mimosa	2	QCCoA 001	CoQ-PP-2025-0012	T1	QCSP_001_OPM-III_v.01	1	Identification A, Appearance	Conforms to monograph	HELD				ruling
3	Tranche 1 retest reissue	CoQ-PP-2026-0058	2026-08-10	OPM1024_02	P050062	Orange Punch Mimosa	2	QCCoA 001	CoQ-PP-2025-0012	T1	QCSP_001_OPM-III_v.01	2	Identification B	Conforms to monograph	HELD				ruling
3	Tranche 1 retest reissue	CoQ-PP-2026-0058	2026-08-10	OPM1024_02	P050062	Orange Punch Mimosa	2	QCCoA 001	CoQ-PP-2025-0012	T1	QCSP_001_OPM-III_v.01	3	Identification C	Conforms to monograph	MISSING				iCoA?
3	Tranche 1 retest reissue	CoQ-PP-2026-0058	2026-08-10	OPM1024_02	P050062	Orange Punch Mimosa	2	QCCoA 001	CoQ-PP-2025-0012	T1	QCSP_001_OPM-III_v.01	4	Assay — Total Δ9-THC	16.20 - 19.79 %	OUTSOURCED	18.04	FARMAHEM		
3	Tranche 1 retest reissue	CoQ-PP-2026-0058	2026-08-10	OPM1024_02	P050062	Orange Punch Mimosa	2	QCCoA 001	CoQ-PP-2025-0012	T1	QCSP_001_OPM-III_v.01	5	Assay — Total CBD	≤ 1.0 %, w/w	OUTSOURCED	< LOQ	FARMAHEM		
3	Tranche 1 retest reissue	CoQ-PP-2026-0058	2026-08-10	OPM1024_02	P050062	Orange Punch Mimosa	2	QCCoA 001	CoQ-PP-2025-0012	T1	QCSP_001_OPM-III_v.01	6	Total CBN	≤ 1.0 %, w/w	OUTSOURCED	< LOQ	FARMAHEM		
3	Tranche 1 retest reissue	CoQ-PP-2026-0058	2026-08-10	OPM1024_02	P050062	Orange Punch Mimosa	2	QCCoA 001	CoQ-PP-2025-0012	T1	QCSP_001_OPM-III_v.01	7	Foreign Matter	≤ 2.0 % / 25–50 g	MISSING				iCoA
3	Tranche 1 retest reissue	CoQ-PP-2026-0058	2026-08-10	OPM1024_02	P050062	Orange Punch Mimosa	2	QCCoA 001	CoQ-PP-2025-0012	T1	QCSP_001_OPM-III_v.01	8	Loss on Drying	≤ 12.0 %	OUTSOURCED	6.89	UKIM_CNP	ППК25154	
3	Tranche 1 retest reissue	CoQ-PP-2026-0058	2026-08-10	OPM1024_02	P050062	Orange Punch Mimosa	2	QCCoA 001	CoQ-PP-2025-0012	T1	QCSP_001_OPM-III_v.01	9a	TAMC	≤ 10^5 CFU/g	OUTSOURCED	3,4 x 10³ CFU/g	IJZ	588/1067/25	
3	Tranche 1 retest reissue	CoQ-PP-2026-0058	2026-08-10	OPM1024_02	P050062	Orange Punch Mimosa	2	QCCoA 001	CoQ-PP-2025-0012	T1	QCSP_001_OPM-III_v.01	9b	TYMC	≤ 10^4 CFU/g	OUTSOURCED	3,6 x 10³ CFU/g	IJZ	588/1067/25	
3	Tranche 1 retest reissue	CoQ-PP-2026-0058	2026-08-10	OPM1024_02	P050062	Orange Punch Mimosa	2	QCCoA 001	CoQ-PP-2025-0012	T1	QCSP_001_OPM-III_v.01	9c	Bile-tolerant gram-neg.	≤ 10^4 CFU/g	OUTSOURCED	< 10 CFU/g	IJZ	588/1067/25	
3	Tranche 1 retest reissue	CoQ-PP-2026-0058	2026-08-10	OPM1024_02	P050062	Orange Punch Mimosa	2	QCCoA 001	CoQ-PP-2025-0012	T1	QCSP_001_OPM-III_v.01	9d	Salmonella	Absence / 25 g	OUTSOURCED	Одговара	IJZ	588/1067/25	
3	Tranche 1 retest reissue	CoQ-PP-2026-0058	2026-08-10	OPM1024_02	P050062	Orange Punch Mimosa	2	QCCoA 001	CoQ-PP-2025-0012	T1	QCSP_001_OPM-III_v.01	9e	Escherichia coli	Absence / 1 g	OUTSOURCED	Одговара	IJZ	588/1067/25	
3	Tranche 1 retest reissue	CoQ-PP-2026-0058	2026-08-10	OPM1024_02	P050062	Orange Punch Mimosa	2	QCCoA 001	CoQ-PP-2025-0012	T1	QCSP_001_OPM-III_v.01	10a	Aflatoxin B1	≤ 2 µg/kg	OUTSOURCED	ND	FARMAHEM		
3	Tranche 1 retest reissue	CoQ-PP-2026-0058	2026-08-10	OPM1024_02	P050062	Orange Punch Mimosa	2	QCCoA 001	CoQ-PP-2025-0012	T1	QCSP_001_OPM-III_v.01	10b	Aflatoxins ∑ (B1+B2+G1+G2)	≤ 4 µg/kg	OUTSOURCED	< 2	IJZ	2994/2025	
3	Tranche 1 retest reissue	CoQ-PP-2026-0058	2026-08-10	OPM1024_02	P050062	Orange Punch Mimosa	2	QCCoA 001	CoQ-PP-2025-0012	T1	QCSP_001_OPM-III_v.01	10c	Ochratoxin A	≤ 20 µg/kg	OUTSOURCED	ND	FARMAHEM		
3	Tranche 1 retest reissue	CoQ-PP-2026-0058	2026-08-10	OPM1024_02	P050062	Orange Punch Mimosa	2	QCCoA 001	CoQ-PP-2025-0012	T1	QCSP_001_OPM-III_v.01	11a	Lead (Pb)	≤ 0.5 mg/kg	OUTSOURCED	0,052	IJZ	2994/2025	
3	Tranche 1 retest reissue	CoQ-PP-2026-0058	2026-08-10	OPM1024_02	P050062	Orange Punch Mimosa	2	QCCoA 001	CoQ-PP-2025-0012	T1	QCSP_001_OPM-III_v.01	11b	Cadmium (Cd)	≤ 0.3 mg/kg	OUTSOURCED	0,011	IJZ	2994/2025	
3	Tranche 1 retest reissue	CoQ-PP-2026-0058	2026-08-10	OPM1024_02	P050062	Orange Punch Mimosa	2	QCCoA 001	CoQ-PP-2025-0012	T1	QCSP_001_OPM-III_v.01	11c	Arsenic (As)	≤ 0.2 mg/kg	OUTSOURCED	0,028	IJZ	2994/2025	
3	Tranche 1 retest reissue	CoQ-PP-2026-0058	2026-08-10	OPM1024_02	P050062	Orange Punch Mimosa	2	QCCoA 001	CoQ-PP-2025-0012	T1	QCSP_001_OPM-III_v.01	11d	Mercury (Hg)	≤ 0.1 mg/kg	OUTSOURCED	0,061	IJZ	2994/2025	
3	Tranche 1 retest reissue	CoQ-PP-2026-0058	2026-08-10	OPM1024_02	P050062	Orange Punch Mimosa	2	QCCoA 001	CoQ-PP-2025-0012	T1	QCSP_001_OPM-III_v.01	12	Pesticide Residues	≤ LOQ per МКС EN 15662	OUTSOURCED	FINDS: 1 compound(s) above LOQ	IJZ	2994/2025	
3	Tranche 1 retest reissue	CoQ-PP-2026-0059	2026-08-10	OPM122501	P060242	Orange Punch Mimosa	2		CoQ-PP-2026-0019	T1	QCSP_001_OPM-V_v.01	1	Identification A, Appearance	Conforms to monograph	HELD				ruling
3	Tranche 1 retest reissue	CoQ-PP-2026-0059	2026-08-10	OPM122501	P060242	Orange Punch Mimosa	2		CoQ-PP-2026-0019	T1	QCSP_001_OPM-V_v.01	2	Identification B	Conforms to monograph	HELD				ruling
3	Tranche 1 retest reissue	CoQ-PP-2026-0059	2026-08-10	OPM122501	P060242	Orange Punch Mimosa	2		CoQ-PP-2026-0019	T1	QCSP_001_OPM-V_v.01	3	Identification C	Conforms to monograph	HELD				ruling
3	Tranche 1 retest reissue	CoQ-PP-2026-0059	2026-08-10	OPM122501	P060242	Orange Punch Mimosa	2		CoQ-PP-2026-0019	T1	QCSP_001_OPM-V_v.01	4	Assay — Total Δ9-THC	7.20 - 8.79 %	OUTSOURCED	7.91	FARMAHEM		
3	Tranche 1 retest reissue	CoQ-PP-2026-0059	2026-08-10	OPM122501	P060242	Orange Punch Mimosa	2		CoQ-PP-2026-0019	T1	QCSP_001_OPM-V_v.01	5	Assay — Total CBD	≤ 1.0 %, w/w	OUTSOURCED	<LOQ	FARMAHEM		
3	Tranche 1 retest reissue	CoQ-PP-2026-0059	2026-08-10	OPM122501	P060242	Orange Punch Mimosa	2		CoQ-PP-2026-0019	T1	QCSP_001_OPM-V_v.01	6	Total CBN	≤ 1.0 %, w/w	OUTSOURCED	<LOQ	FARMAHEM		
3	Tranche 1 retest reissue	CoQ-PP-2026-0059	2026-08-10	OPM122501	P060242	Orange Punch Mimosa	2		CoQ-PP-2026-0019	T1	QCSP_001_OPM-V_v.01	7	Foreign Matter	≤ 2.0 % / 25–50 g	MISSING				iCoA
3	Tranche 1 retest reissue	CoQ-PP-2026-0059	2026-08-10	OPM122501	P060242	Orange Punch Mimosa	2		CoQ-PP-2026-0019	T1	QCSP_001_OPM-V_v.01	8	Loss on Drying	≤ 12.0 %	OUTSOURCED	6,6	FARMAHEM	100-4-ГС/26	
3	Tranche 1 retest reissue	CoQ-PP-2026-0059	2026-08-10	OPM122501	P060242	Orange Punch Mimosa	2		CoQ-PP-2026-0019	T1	QCSP_001_OPM-V_v.01	9a	TAMC	≤ 10^5 CFU/g	OUTSOURCED	120 CFU/g	IJZ	229/0392/26	
3	Tranche 1 retest reissue	CoQ-PP-2026-0059	2026-08-10	OPM122501	P060242	Orange Punch Mimosa	2		CoQ-PP-2026-0019	T1	QCSP_001_OPM-V_v.01	9b	TYMC	≤ 10^4 CFU/g	OUTSOURCED	100 CFU/g	IJZ	229/0392/26	
3	Tranche 1 retest reissue	CoQ-PP-2026-0059	2026-08-10	OPM122501	P060242	Orange Punch Mimosa	2		CoQ-PP-2026-0019	T1	QCSP_001_OPM-V_v.01	9c	Bile-tolerant gram-neg.	≤ 10^4 CFU/g	OUTSOURCED	< 10 CFU/g	IJZ	229/0392/26	
3	Tranche 1 retest reissue	CoQ-PP-2026-0059	2026-08-10	OPM122501	P060242	Orange Punch Mimosa	2		CoQ-PP-2026-0019	T1	QCSP_001_OPM-V_v.01	9d	Salmonella	Absence / 25 g	OUTSOURCED	Одговара	IJZ	229/0392/26	
3	Tranche 1 retest reissue	CoQ-PP-2026-0059	2026-08-10	OPM122501	P060242	Orange Punch Mimosa	2		CoQ-PP-2026-0019	T1	QCSP_001_OPM-V_v.01	9e	Escherichia coli	Absence / 1 g	OUTSOURCED	Одговара	IJZ	229/0392/26	
3	Tranche 1 retest reissue	CoQ-PP-2026-0059	2026-08-10	OPM122501	P060242	Orange Punch Mimosa	2		CoQ-PP-2026-0019	T1	QCSP_001_OPM-V_v.01	10a	Aflatoxin B1	≤ 2 µg/kg	OUTSOURCED	ND	FARMAHEM	197-19-M/26	
3	Tranche 1 retest reissue	CoQ-PP-2026-0059	2026-08-10	OPM122501	P060242	Orange Punch Mimosa	2		CoQ-PP-2026-0019	T1	QCSP_001_OPM-V_v.01	10b	Aflatoxins ∑ (B1+B2+G1+G2)	≤ 4 µg/kg	OUTSOURCED	2,2	IJZ	1627/2026	
3	Tranche 1 retest reissue	CoQ-PP-2026-0059	2026-08-10	OPM122501	P060242	Orange Punch Mimosa	2		CoQ-PP-2026-0019	T1	QCSP_001_OPM-V_v.01	10c	Ochratoxin A	≤ 20 µg/kg	OUTSOURCED	ND	FARMAHEM	197-19-M/26	
3	Tranche 1 retest reissue	CoQ-PP-2026-0059	2026-08-10	OPM122501	P060242	Orange Punch Mimosa	2		CoQ-PP-2026-0019	T1	QCSP_001_OPM-V_v.01	11a	Lead (Pb)	≤ 0.5 mg/kg	OUTSOURCED	0,049	IJZ	1627/2026	
3	Tranche 1 retest reissue	CoQ-PP-2026-0059	2026-08-10	OPM122501	P060242	Orange Punch Mimosa	2		CoQ-PP-2026-0019	T1	QCSP_001_OPM-V_v.01	11b	Cadmium (Cd)	≤ 0.3 mg/kg	OUTSOURCED	0,165	IJZ	1627/2026	
3	Tranche 1 retest reissue	CoQ-PP-2026-0059	2026-08-10	OPM122501	P060242	Orange Punch Mimosa	2		CoQ-PP-2026-0019	T1	QCSP_001_OPM-V_v.01	11c	Arsenic (As)	≤ 0.2 mg/kg	OUTSOURCED	н.д.	IJZ	1627/2026	
3	Tranche 1 retest reissue	CoQ-PP-2026-0059	2026-08-10	OPM122501	P060242	Orange Punch Mimosa	2		CoQ-PP-2026-0019	T1	QCSP_001_OPM-V_v.01	11d	Mercury (Hg)	≤ 0.1 mg/kg	OUTSOURCED	н.д.	IJZ	1627/2026	
3	Tranche 1 retest reissue	CoQ-PP-2026-0059	2026-08-10	OPM122501	P060242	Orange Punch Mimosa	2		CoQ-PP-2026-0019	T1	QCSP_001_OPM-V_v.01	12	Pesticide Residues	≤ LOQ per МКС EN 15662	OUTSOURCED	≤ LOQ (all 25 compounds)	IJZ	1627/2026	
3	Tranche 1 retest reissue	CoQ-PP-2026-0060	2026-08-10	PM092501	P060062	Permanent Marker	2	QCCoA 001 v.02	CoQ-PP-2026-0005	T1	QCSP_001_PM-I_v.01	1	Identification A, Appearance	Conforms to monograph	MISSING				iCoA
3	Tranche 1 retest reissue	CoQ-PP-2026-0060	2026-08-10	PM092501	P060062	Permanent Marker	2	QCCoA 001 v.02	CoQ-PP-2026-0005	T1	QCSP_001_PM-I_v.01	2	Identification B	Conforms to monograph	MISSING				iCoA
3	Tranche 1 retest reissue	CoQ-PP-2026-0060	2026-08-10	PM092501	P060062	Permanent Marker	2	QCCoA 001 v.02	CoQ-PP-2026-0005	T1	QCSP_001_PM-I_v.01	3	Identification C	Conforms to monograph	MISSING				iCoA?
3	Tranche 1 retest reissue	CoQ-PP-2026-0060	2026-08-10	PM092501	P060062	Permanent Marker	2	QCCoA 001 v.02	CoQ-PP-2026-0005	T1	QCSP_001_PM-I_v.01	4	Assay — Total Δ9-THC	10.80 - 13.19 %	OUTSOURCED	12.25	FARMAHEM		
3	Tranche 1 retest reissue	CoQ-PP-2026-0060	2026-08-10	PM092501	P060062	Permanent Marker	2	QCCoA 001 v.02	CoQ-PP-2026-0005	T1	QCSP_001_PM-I_v.01	5	Assay — Total CBD	≤ 1.0 %, w/w	OUTSOURCED	<LOQ	FARMAHEM		
3	Tranche 1 retest reissue	CoQ-PP-2026-0060	2026-08-10	PM092501	P060062	Permanent Marker	2	QCCoA 001 v.02	CoQ-PP-2026-0005	T1	QCSP_001_PM-I_v.01	6	Total CBN	≤ 1.0 %, w/w	OUTSOURCED	<LOQ	FARMAHEM		
3	Tranche 1 retest reissue	CoQ-PP-2026-0060	2026-08-10	PM092501	P060062	Permanent Marker	2	QCCoA 001 v.02	CoQ-PP-2026-0005	T1	QCSP_001_PM-I_v.01	7	Foreign Matter	≤ 2.0 % / 25–50 g	MISSING				iCoA
3	Tranche 1 retest reissue	CoQ-PP-2026-0060	2026-08-10	PM092501	P060062	Permanent Marker	2	QCCoA 001 v.02	CoQ-PP-2026-0005	T1	QCSP_001_PM-I_v.01	8	Loss on Drying	≤ 12.0 %	OUTSOURCED	7.97 %	UKIM_CNP	ППК26004	
3	Tranche 1 retest reissue	CoQ-PP-2026-0060	2026-08-10	PM092501	P060062	Permanent Marker	2	QCCoA 001 v.02	CoQ-PP-2026-0005	T1	QCSP_001_PM-I_v.01	9a	TAMC	≤ 10^5 CFU/g	OUTSOURCED	2 x 10^3 CFU/g	IJZ	6/0009/26	
3	Tranche 1 retest reissue	CoQ-PP-2026-0060	2026-08-10	PM092501	P060062	Permanent Marker	2	QCCoA 001 v.02	CoQ-PP-2026-0005	T1	QCSP_001_PM-I_v.01	9b	TYMC	≤ 10^4 CFU/g	OUTSOURCED	2,2 x 10^3 CFU/g	IJZ	6/0009/26	
3	Tranche 1 retest reissue	CoQ-PP-2026-0060	2026-08-10	PM092501	P060062	Permanent Marker	2	QCCoA 001 v.02	CoQ-PP-2026-0005	T1	QCSP_001_PM-I_v.01	9c	Bile-tolerant gram-neg.	≤ 10^4 CFU/g	OUTSOURCED	< 10 CFU/g	IJZ	6/0009/26	
3	Tranche 1 retest reissue	CoQ-PP-2026-0060	2026-08-10	PM092501	P060062	Permanent Marker	2	QCCoA 001 v.02	CoQ-PP-2026-0005	T1	QCSP_001_PM-I_v.01	9d	Salmonella	Absence / 25 g	OUTSOURCED	Одговара	IJZ	6/0009/26	
3	Tranche 1 retest reissue	CoQ-PP-2026-0060	2026-08-10	PM092501	P060062	Permanent Marker	2	QCCoA 001 v.02	CoQ-PP-2026-0005	T1	QCSP_001_PM-I_v.01	9e	Escherichia coli	Absence / 1 g	OUTSOURCED	Одговара	IJZ	6/0009/26	
3	Tranche 1 retest reissue	CoQ-PP-2026-0060	2026-08-10	PM092501	P060062	Permanent Marker	2	QCCoA 001 v.02	CoQ-PP-2026-0005	T1	QCSP_001_PM-I_v.01	10a	Aflatoxin B1	≤ 2 µg/kg	OUTSOURCED	ND	FARMAHEM		
3	Tranche 1 retest reissue	CoQ-PP-2026-0060	2026-08-10	PM092501	P060062	Permanent Marker	2	QCCoA 001 v.02	CoQ-PP-2026-0005	T1	QCSP_001_PM-I_v.01	10b	Aflatoxins ∑ (B1+B2+G1+G2)	≤ 4 µg/kg	OUTSOURCED	< 2	IJZ	83/2026	
3	Tranche 1 retest reissue	CoQ-PP-2026-0060	2026-08-10	PM092501	P060062	Permanent Marker	2	QCCoA 001 v.02	CoQ-PP-2026-0005	T1	QCSP_001_PM-I_v.01	10c	Ochratoxin A	≤ 20 µg/kg	OUTSOURCED	ND	FARMAHEM		
3	Tranche 1 retest reissue	CoQ-PP-2026-0060	2026-08-10	PM092501	P060062	Permanent Marker	2	QCCoA 001 v.02	CoQ-PP-2026-0005	T1	QCSP_001_PM-I_v.01	11a	Lead (Pb)	≤ 0.5 mg/kg	OUTSOURCED	0,03	IJZ	83/2026	
3	Tranche 1 retest reissue	CoQ-PP-2026-0060	2026-08-10	PM092501	P060062	Permanent Marker	2	QCCoA 001 v.02	CoQ-PP-2026-0005	T1	QCSP_001_PM-I_v.01	11b	Cadmium (Cd)	≤ 0.3 mg/kg	OUTSOURCED	Н.д.	IJZ	83/2026	
3	Tranche 1 retest reissue	CoQ-PP-2026-0060	2026-08-10	PM092501	P060062	Permanent Marker	2	QCCoA 001 v.02	CoQ-PP-2026-0005	T1	QCSP_001_PM-I_v.01	11c	Arsenic (As)	≤ 0.2 mg/kg	OUTSOURCED	Н.д.	IJZ	83/2026	
3	Tranche 1 retest reissue	CoQ-PP-2026-0060	2026-08-10	PM092501	P060062	Permanent Marker	2	QCCoA 001 v.02	CoQ-PP-2026-0005	T1	QCSP_001_PM-I_v.01	11d	Mercury (Hg)	≤ 0.1 mg/kg	OUTSOURCED	Н.д.	IJZ	83/2026	
3	Tranche 1 retest reissue	CoQ-PP-2026-0060	2026-08-10	PM092501	P060062	Permanent Marker	2	QCCoA 001 v.02	CoQ-PP-2026-0005	T1	QCSP_001_PM-I_v.01	12	Pesticide Residues	≤ LOQ per МКС EN 15662	OUTSOURCED	≤ LOQ (all 28 compounds)	IJZ	83/2026	
4	Tranche 2 retest reissue	CoQ-PP-2026-0029	2026-05-11	GP0824_03	P050072	Grape Pie	2	QCCoA 001	CoQ-PP-2025-0014	T2	QCSP_001_GP-I_v.01	1	Identification A, Appearance	Conforms to monograph	MISSING				iCoA
4	Tranche 2 retest reissue	CoQ-PP-2026-0029	2026-05-11	GP0824_03	P050072	Grape Pie	2	QCCoA 001	CoQ-PP-2025-0014	T2	QCSP_001_GP-I_v.01	2	Identification B	Conforms to monograph	MISSING				iCoA
4	Tranche 2 retest reissue	CoQ-PP-2026-0029	2026-05-11	GP0824_03	P050072	Grape Pie	2	QCCoA 001	CoQ-PP-2025-0014	T2	QCSP_001_GP-I_v.01	3	Identification C	Conforms to monograph	MISSING				iCoA?
4	Tranche 2 retest reissue	CoQ-PP-2026-0029	2026-05-11	GP0824_03	P050072	Grape Pie	2	QCCoA 001	CoQ-PP-2025-0014	T2	QCSP_001_GP-I_v.01	4	Assay — Total Δ9-THC	25.20 - 30.79 %	OUTSOURCED	25.45	UKIM_CNP	ППК25175	
4	Tranche 2 retest reissue	CoQ-PP-2026-0029	2026-05-11	GP0824_03	P050072	Grape Pie	2	QCCoA 001	CoQ-PP-2025-0014	T2	QCSP_001_GP-I_v.01	5	Assay — Total CBD	≤ 1.0 %, w/w	OUTSOURCED	0.08	UKIM_CNP	ППК25175	
4	Tranche 2 retest reissue	CoQ-PP-2026-0029	2026-05-11	GP0824_03	P050072	Grape Pie	2	QCCoA 001	CoQ-PP-2025-0014	T2	QCSP_001_GP-I_v.01	6	Total CBN	≤ 1.0 %, w/w	MISSING				OUTSOURCE
4	Tranche 2 retest reissue	CoQ-PP-2026-0029	2026-05-11	GP0824_03	P050072	Grape Pie	2	QCCoA 001	CoQ-PP-2025-0014	T2	QCSP_001_GP-I_v.01	7	Foreign Matter	≤ 2.0 % / 25–50 g	MISSING				iCoA
4	Tranche 2 retest reissue	CoQ-PP-2026-0029	2026-05-11	GP0824_03	P050072	Grape Pie	2	QCCoA 001	CoQ-PP-2025-0014	T2	QCSP_001_GP-I_v.01	8	Loss on Drying	≤ 12.0 %	OUTSOURCED	6.58	UKIM_CNP	ППК25175	
4	Tranche 2 retest reissue	CoQ-PP-2026-0029	2026-05-11	GP0824_03	P050072	Grape Pie	2	QCCoA 001	CoQ-PP-2025-0014	T2	QCSP_001_GP-I_v.01	9a	TAMC	≤ 10^5 CFU/g	OUTSOURCED	1,1 x 10⁴ CFU/g	IJZ	628/1129/25	
4	Tranche 2 retest reissue	CoQ-PP-2026-0029	2026-05-11	GP0824_03	P050072	Grape Pie	2	QCCoA 001	CoQ-PP-2025-0014	T2	QCSP_001_GP-I_v.01	9b	TYMC	≤ 10^4 CFU/g	OUTSOURCED	1,2 x 10⁴ CFU/g	IJZ	628/1129/25	
4	Tranche 2 retest reissue	CoQ-PP-2026-0029	2026-05-11	GP0824_03	P050072	Grape Pie	2	QCCoA 001	CoQ-PP-2025-0014	T2	QCSP_001_GP-I_v.01	9c	Bile-tolerant gram-neg.	≤ 10^4 CFU/g	OUTSOURCED	< 10⁴ и > 10³ CFU/g	IJZ	628/1129/25	
4	Tranche 2 retest reissue	CoQ-PP-2026-0029	2026-05-11	GP0824_03	P050072	Grape Pie	2	QCCoA 001	CoQ-PP-2025-0014	T2	QCSP_001_GP-I_v.01	9d	Salmonella	Absence / 25 g	OUTSOURCED	Одговара	IJZ	628/1129/25	
4	Tranche 2 retest reissue	CoQ-PP-2026-0029	2026-05-11	GP0824_03	P050072	Grape Pie	2	QCCoA 001	CoQ-PP-2025-0014	T2	QCSP_001_GP-I_v.01	9e	Escherichia coli	Absence / 1 g	OUTSOURCED	Одговара	IJZ	628/1129/25	
4	Tranche 2 retest reissue	CoQ-PP-2026-0029	2026-05-11	GP0824_03	P050072	Grape Pie	2	QCCoA 001	CoQ-PP-2025-0014	T2	QCSP_001_GP-I_v.01	10a	Aflatoxin B1	≤ 2 µg/kg	MISSING				OUTSOURCE
4	Tranche 2 retest reissue	CoQ-PP-2026-0029	2026-05-11	GP0824_03	P050072	Grape Pie	2	QCCoA 001	CoQ-PP-2025-0014	T2	QCSP_001_GP-I_v.01	10b	Aflatoxins ∑ (B1+B2+G1+G2)	≤ 4 µg/kg	MISSING				OUTSOURCE
4	Tranche 2 retest reissue	CoQ-PP-2026-0029	2026-05-11	GP0824_03	P050072	Grape Pie	2	QCCoA 001	CoQ-PP-2025-0014	T2	QCSP_001_GP-I_v.01	10c	Ochratoxin A	≤ 20 µg/kg	MISSING				OUTSOURCE
4	Tranche 2 retest reissue	CoQ-PP-2026-0029	2026-05-11	GP0824_03	P050072	Grape Pie	2	QCCoA 001	CoQ-PP-2025-0014	T2	QCSP_001_GP-I_v.01	11a	Lead (Pb)	≤ 0.5 mg/kg	MISSING				OUTSOURCE
4	Tranche 2 retest reissue	CoQ-PP-2026-0029	2026-05-11	GP0824_03	P050072	Grape Pie	2	QCCoA 001	CoQ-PP-2025-0014	T2	QCSP_001_GP-I_v.01	11b	Cadmium (Cd)	≤ 0.3 mg/kg	MISSING				OUTSOURCE
4	Tranche 2 retest reissue	CoQ-PP-2026-0029	2026-05-11	GP0824_03	P050072	Grape Pie	2	QCCoA 001	CoQ-PP-2025-0014	T2	QCSP_001_GP-I_v.01	11c	Arsenic (As)	≤ 0.2 mg/kg	MISSING				OUTSOURCE
4	Tranche 2 retest reissue	CoQ-PP-2026-0029	2026-05-11	GP0824_03	P050072	Grape Pie	2	QCCoA 001	CoQ-PP-2025-0014	T2	QCSP_001_GP-I_v.01	11d	Mercury (Hg)	≤ 0.1 mg/kg	MISSING				OUTSOURCE
4	Tranche 2 retest reissue	CoQ-PP-2026-0029	2026-05-11	GP0824_03	P050072	Grape Pie	2	QCCoA 001	CoQ-PP-2025-0014	T2	QCSP_001_GP-I_v.01	12	Pesticide Residues	≤ LOQ per 2.8.13	MISSING				OUTSOURCE
5	Tranche 3 / un-tranched retest reissue	CoQ-PP-2026-0017	2026-03-05	GP062501		Grape Pie	2		CoQ-PP-2025-0023	—		1	Identification A, Appearance	Conforms to monograph	MISSING				iCoA
5	Tranche 3 / un-tranched retest reissue	CoQ-PP-2026-0017	2026-03-05	GP062501		Grape Pie	2		CoQ-PP-2025-0023	—		2	Identification B	Conforms to monograph	MISSING				iCoA
5	Tranche 3 / un-tranched retest reissue	CoQ-PP-2026-0017	2026-03-05	GP062501		Grape Pie	2		CoQ-PP-2025-0023	—		3	Identification C	Conforms to monograph	MISSING				iCoA?
5	Tranche 3 / un-tranched retest reissue	CoQ-PP-2026-0017	2026-03-05	GP062501		Grape Pie	2		CoQ-PP-2025-0023	—		4	Assay — Total Δ9-THC	NO MASTER ROW - criterion unknown	OUTSOURCED	18.62 %	UKIM_CNP	ППК26037	
5	Tranche 3 / un-tranched retest reissue	CoQ-PP-2026-0017	2026-03-05	GP062501		Grape Pie	2		CoQ-PP-2025-0023	—		5	Assay — Total CBD	≤ 1.0 %, w/w	OUTSOURCED	0.04 %	UKIM_CNP	ППК26037	
5	Tranche 3 / un-tranched retest reissue	CoQ-PP-2026-0017	2026-03-05	GP062501		Grape Pie	2		CoQ-PP-2025-0023	—		6	Total CBN	≤ 1.0 %, w/w	MISSING				OUTSOURCE
5	Tranche 3 / un-tranched retest reissue	CoQ-PP-2026-0017	2026-03-05	GP062501		Grape Pie	2		CoQ-PP-2025-0023	—		7	Foreign Matter	≤ 2.0 % / 25–50 g	MISSING				iCoA
5	Tranche 3 / un-tranched retest reissue	CoQ-PP-2026-0017	2026-03-05	GP062501		Grape Pie	2		CoQ-PP-2025-0023	—		8	Loss on Drying	≤ 12.0 %	OUTSOURCED	5.38 %	UKIM_CNP	ППК26037	
5	Tranche 3 / un-tranched retest reissue	CoQ-PP-2026-0017	2026-03-05	GP062501		Grape Pie	2		CoQ-PP-2025-0023	—		9a	TAMC	≤ 10^5 CFU/g	OUTSOURCED	600 CFU/g	IJZ	1155/2056/25	
5	Tranche 3 / un-tranched retest reissue	CoQ-PP-2026-0017	2026-03-05	GP062501		Grape Pie	2		CoQ-PP-2025-0023	—		9b	TYMC	≤ 10^4 CFU/g	OUTSOURCED	400 CFU/g	IJZ	1155/2056/25	
5	Tranche 3 / un-tranched retest reissue	CoQ-PP-2026-0017	2026-03-05	GP062501		Grape Pie	2		CoQ-PP-2025-0023	—		9c	Bile-tolerant gram-neg.	≤ 10^4 CFU/g	OUTSOURCED	< 10 CFU/g	IJZ	1155/2056/25	
5	Tranche 3 / un-tranched retest reissue	CoQ-PP-2026-0017	2026-03-05	GP062501		Grape Pie	2		CoQ-PP-2025-0023	—		9d	Salmonella	Absence / 25 g	OUTSOURCED	Одговара	IJZ	1155/2056/25	
5	Tranche 3 / un-tranched retest reissue	CoQ-PP-2026-0017	2026-03-05	GP062501		Grape Pie	2		CoQ-PP-2025-0023	—		9e	Escherichia coli	Absence / 1 g	OUTSOURCED	Одговара	IJZ	1155/2056/25	
5	Tranche 3 / un-tranched retest reissue	CoQ-PP-2026-0017	2026-03-05	GP062501		Grape Pie	2		CoQ-PP-2025-0023	—		10a	Aflatoxin B1	≤ 2 µg/kg	NOT TESTED				OUTSOURCE
5	Tranche 3 / un-tranched retest reissue	CoQ-PP-2026-0017	2026-03-05	GP062501		Grape Pie	2		CoQ-PP-2025-0023	—		10b	Aflatoxins ∑ (B1+B2+G1+G2)	≤ 4 µg/kg	OUTSOURCED	< 2	IJZ	4762/2025	
5	Tranche 3 / un-tranched retest reissue	CoQ-PP-2026-0017	2026-03-05	GP062501		Grape Pie	2		CoQ-PP-2025-0023	—		10c	Ochratoxin A	≤ 20 µg/kg	NOT TESTED				OUTSOURCE
5	Tranche 3 / un-tranched retest reissue	CoQ-PP-2026-0017	2026-03-05	GP062501		Grape Pie	2		CoQ-PP-2025-0023	—		11a	Lead (Pb)	≤ 0.5 mg/kg	OUTSOURCED	0,077	IJZ	4762/2025	
5	Tranche 3 / un-tranched retest reissue	CoQ-PP-2026-0017	2026-03-05	GP062501		Grape Pie	2		CoQ-PP-2025-0023	—		11b	Cadmium (Cd)	≤ 0.3 mg/kg	OUTSOURCED	0,014	IJZ	4762/2025	
5	Tranche 3 / un-tranched retest reissue	CoQ-PP-2026-0017	2026-03-05	GP062501		Grape Pie	2		CoQ-PP-2025-0023	—		11c	Arsenic (As)	≤ 0.2 mg/kg	OUTSOURCED	0,024	IJZ	4762/2025	
5	Tranche 3 / un-tranched retest reissue	CoQ-PP-2026-0017	2026-03-05	GP062501		Grape Pie	2		CoQ-PP-2025-0023	—		11d	Mercury (Hg)	≤ 0.1 mg/kg	OUTSOURCED	0,011	IJZ	4762/2025	
5	Tranche 3 / un-tranched retest reissue	CoQ-PP-2026-0017	2026-03-05	GP062501		Grape Pie	2		CoQ-PP-2025-0023	—		12	Pesticide Residues	≤ LOQ per МКС EN 15662	OUTSOURCED	≤ LOQ (all 28 compounds)	IJZ	4762/2025	
