Seq	Cultivation Batch	P-Number	Strain	Parameter	Acceptance Criterion	Result	Certificate Code	Issue Date	Issuing Institution	Drive File Link
1	GP0824_02	P050022	Grape Pie	Loss on Drying	≤ 10.00%	6.51%	ППК25174	10.07.2025 (completed 09.07.2025)	UKIM Faculty of Pharmacy — Center for Natural Products	https://drive.google.com/file/d/1F7HmOn5tMa1wzgElS78_4Wi3B2wLs468/view
1	GP0824_02	P050022	Grape Pie	Cannabidiolic acid (CBDA) content	/	0.08%	ППК25174	10.07.2025 (completed 09.07.2025)	UKIM Faculty of Pharmacy — Center for Natural Products	https://drive.google.com/file/d/1F7HmOn5tMa1wzgElS78_4Wi3B2wLs468/view
1	GP0824_02	P050022	Grape Pie	Cannabidiol (CBD) content	/	ND	ППК25174	10.07.2025 (completed 09.07.2025)	UKIM Faculty of Pharmacy — Center for Natural Products	https://drive.google.com/file/d/1F7HmOn5tMa1wzgElS78_4Wi3B2wLs468/view
1	GP0824_02	P050022	Grape Pie	Cannabinol (CBN) content	≤ 1.00%	BLQ	ППК25174	10.07.2025 (completed 09.07.2025)	UKIM Faculty of Pharmacy — Center for Natural Products	https://drive.google.com/file/d/1F7HmOn5tMa1wzgElS78_4Wi3B2wLs468/view
1	GP0824_02	P050022	Grape Pie	Delta-9-THC content	/	0.92%	ППК25174	10.07.2025 (completed 09.07.2025)	UKIM Faculty of Pharmacy — Center for Natural Products	https://drive.google.com/file/d/1F7HmOn5tMa1wzgElS78_4Wi3B2wLs468/view
1	GP0824_02	P050022	Grape Pie	Delta-9-THCA content	/	25.39%	ППК25174	10.07.2025 (completed 09.07.2025)	UKIM Faculty of Pharmacy — Center for Natural Products	https://drive.google.com/file/d/1F7HmOn5tMa1wzgElS78_4Wi3B2wLs468/view
1	GP0824_02	P050022	Grape Pie	Total CBD (CBD + CBDA x 0.877)	/	0.07%	ППК25174	10.07.2025 (completed 09.07.2025)	UKIM Faculty of Pharmacy — Center for Natural Products	https://drive.google.com/file/d/1F7HmOn5tMa1wzgElS78_4Wi3B2wLs468/view
1	GP0824_02	P050022	Grape Pie	Total Delta-9-THC (THC + THCA x 0.877)	/	23.19%	ППК25174	10.07.2025 (completed 09.07.2025)	UKIM Faculty of Pharmacy — Center for Natural Products	https://drive.google.com/file/d/1F7HmOn5tMa1wzgElS78_4Wi3B2wLs468/view
1	GP0824_02	P050022	Grape Pie	Deltamethrin	<0.5 mg/kg	N.D.	3176/2025	26.06.2025	IPH — Institute of Public Health	https://drive.google.com/file/d/1F7HmOn5tMa1wzgElS78_4Wi3B2wLs468/view
1	GP0824_02	P050022	Grape Pie	Chlorpyriphos-methyl	<0.1 mg/kg	N.D.	3176/2025	26.06.2025	IPH — Institute of Public Health	https://drive.google.com/file/d/1F7HmOn5tMa1wzgElS78_4Wi3B2wLs468/view
1	GP0824_02	P050022	Grape Pie	Chlorpyriphos-ethyl	<0.2 mg/kg	N.D.	3176/2025	26.06.2025	IPH — Institute of Public Health	https://drive.google.com/file/d/1F7HmOn5tMa1wzgElS78_4Wi3B2wLs468/view
1	GP0824_02	P050022	Grape Pie	Endosulfan (sum of isomers and endosulfan sulfate)	<3 mg/kg	N.D.	3176/2025	26.06.2025	IPH — Institute of Public Health	https://drive.google.com/file/d/1F7HmOn5tMa1wzgElS78_4Wi3B2wLs468/view
1	GP0824_02	P050022	Grape Pie	Lindan	<0.6 mg/kg	N.D.	3176/2025	26.06.2025	IPH — Institute of Public Health	https://drive.google.com/file/d/1F7HmOn5tMa1wzgElS78_4Wi3B2wLs468/view
1	GP0824_02	P050022	Grape Pie	Aldrin and dieldrin (sum of)	<0.05 mg/kg	N.D.	3176/2025	26.06.2025	IPH — Institute of Public Health	https://drive.google.com/file/d/1F7HmOn5tMa1wzgElS78_4Wi3B2wLs468/view
1	GP0824_02	P050022	Grape Pie	HCH (sum of alpha-, beta-, delta- and epsilon-)	<0.3 mg/kg	N.D.	3176/2025	26.06.2025	IPH — Institute of Public Health	https://drive.google.com/file/d/1F7HmOn5tMa1wzgElS78_4Wi3B2wLs468/view
1	GP0824_02	P050022	Grape Pie	HCB (Hexachlorbenzene)	<0.1 mg/kg	N.D.	3176/2025	26.06.2025	IPH — Institute of Public Health	https://drive.google.com/file/d/1F7HmOn5tMa1wzgElS78_4Wi3B2wLs468/view
1	GP0824_02	P050022	Grape Pie	DDT (total)	<1 mg/kg	N.D.	3176/2025	26.06.2025	IPH — Institute of Public Health	https://drive.google.com/file/d/1F7HmOn5tMa1wzgElS78_4Wi3B2wLs468/view
1	GP0824_02	P050022	Grape Pie	Heptachlor (sum of heptachlor and heptachlorepoxide)	<0.05 mg/kg	N.D.	3176/2025	26.06.2025	IPH — Institute of Public Health	https://drive.google.com/file/d/1F7HmOn5tMa1wzgElS78_4Wi3B2wLs468/view
1	GP0824_02	P050022	Grape Pie	Endrin	<0.05 mg/kg	N.D.	3176/2025	26.06.2025	IPH — Institute of Public Health	https://drive.google.com/file/d/1F7HmOn5tMa1wzgElS78_4Wi3B2wLs468/view
1	GP0824_02	P050022	Grape Pie	Chlordane (sum of cis- and trans-)	<0.05 mg/kg	N.D.	3176/2025	26.06.2025	IPH — Institute of Public Health	https://drive.google.com/file/d/1F7HmOn5tMa1wzgElS78_4Wi3B2wLs468/view
1	GP0824_02	P050022	Grape Pie	Metoxychlor	<0.05 mg/kg	N.D.	3176/2025	26.06.2025	IPH — Institute of Public Health	https://drive.google.com/file/d/1F7HmOn5tMa1wzgElS78_4Wi3B2wLs468/view
1	GP0824_02	P050022	Grape Pie	Cadmium	<0.3 mg/kg (≤ 1)	N.D.	3176/2025	26.06.2025	IPH — Institute of Public Health	https://drive.google.com/file/d/1F7HmOn5tMa1wzgElS78_4Wi3B2wLs468/view
1	GP0824_02	P050022	Grape Pie	Lead	<0.5 mg/kg (≤ 5)	N.D.	3176/2025	26.06.2025	IPH — Institute of Public Health	https://drive.google.com/file/d/1F7HmOn5tMa1wzgElS78_4Wi3B2wLs468/view
1	GP0824_02	P050022	Grape Pie	Mercury	<0.1 mg/kg	N.D.	3176/2025	26.06.2025	IPH — Institute of Public Health	https://drive.google.com/file/d/1F7HmOn5tMa1wzgElS78_4Wi3B2wLs468/view
1	GP0824_02	P050022	Grape Pie	Arsenic	<0.2 mg/kg (≤ 2)	0.047 mg/kg	3176/2025	26.06.2025	IPH — Institute of Public Health	https://drive.google.com/file/d/1F7HmOn5tMa1wzgElS78_4Wi3B2wLs468/view
1	GP0824_02	P050022	Grape Pie	Total aflatoxins	<4 µg/kg	<2 µg/kg	3176/2025	26.06.2025	IPH — Institute of Public Health	https://drive.google.com/file/d/1F7HmOn5tMa1wzgElS78_4Wi3B2wLs468/view
1	GP0824_02	P050022	Grape Pie	Total aerobic microbial count (TAMC)	≤ 10⁵ CFU/g	<10 CFU/g	627/1128/25	02.07.2025	IPH — Institute of Public Health	https://drive.google.com/file/d/1F7HmOn5tMa1wzgElS78_4Wi3B2wLs468/view
1	GP0824_02	P050022	Grape Pie	Total combined yeasts/moulds count (TYMC)	≤ 10⁴ CFU/g	<10 CFU/g	627/1128/25	02.07.2025	IPH — Institute of Public Health	https://drive.google.com/file/d/1F7HmOn5tMa1wzgElS78_4Wi3B2wLs468/view
1	GP0824_02	P050022	Grape Pie	Bile-tolerant gram-negative bacteria	≤ 10¹ CFU/g	<10 CFU/g	627/1128/25	02.07.2025	IPH — Institute of Public Health	https://drive.google.com/file/d/1F7HmOn5tMa1wzgElS78_4Wi3B2wLs468/view
1	GP0824_02	P050022	Grape Pie	Escherichia coli	absent/g	Одговара (absent)	627/1128/25	02.07.2025	IPH — Institute of Public Health	https://drive.google.com/file/d/1F7HmOn5tMa1wzgElS78_4Wi3B2wLs468/view
1	GP0824_02	P050022	Grape Pie	Salmonella	absent/25g	Одговара (absent)	627/1128/25	02.07.2025	IPH — Institute of Public Health	https://drive.google.com/file/d/1F7HmOn5tMa1wzgElS78_4Wi3B2wLs468/view
1	GP0824_02	P050022	Grape Pie	Total Delta-9-THC (Farmahem retest)	min 5.00% (PP release spec)	22.61 %w/w (U 1.39)	197-11-К/26	07.08.2026 (received 27.07.2026, analysed 30.07.2026)	Farmahem — Laboratorija za zivotna sredina	https://drive.google.com/file/d/1hPbRPIVPatLijbw81GjBtmmsOXuz1l22/view
1	GP0824_02	P050022	Grape Pie	Total CBN (Farmahem retest)	max 1.00% (PP release spec)	0.23 %w/w (U 0.01)	197-11-К/26	07.08.2026 (received 27.07.2026, analysed 30.07.2026)	Farmahem — Laboratorija za zivotna sredina	https://drive.google.com/file/d/1hPbRPIVPatLijbw81GjBtmmsOXuz1l22/view
1	GP0824_02	P050022	Grape Pie	Total CBD (Farmahem retest)	max 1.00% (PP release spec)	<LOQ %w/w	197-11-К/26	07.08.2026 (received 27.07.2026, analysed 30.07.2026)	Farmahem — Laboratorija za zivotna sredina	https://drive.google.com/file/d/1hPbRPIVPatLijbw81GjBtmmsOXuz1l22/view
1	GP0824_02	P050022	Grape Pie	Aflatoxin B1 (Farmahem retest)	≤ 2 µg/kg (Ph.Eur. ref)	ND	197-11-М/26	10.08.2026 (received 29.07.2026, analysed 06.08.2026)	Farmahem — Laboratorija za zivotna sredina	https://drive.google.com/file/d/1UEVji3T0LVtWw8a4nZ5LzmQtkeIRLzaf/view
1	GP0824_02	P050022	Grape Pie	Aflatoxin B2 (Farmahem retest)	(included in Σ aflatoxins)	ND	197-11-М/26	10.08.2026 (received 29.07.2026, analysed 06.08.2026)	Farmahem — Laboratorija za zivotna sredina	https://drive.google.com/file/d/1UEVji3T0LVtWw8a4nZ5LzmQtkeIRLzaf/view
1	GP0824_02	P050022	Grape Pie	Aflatoxin G1 (Farmahem retest)	(included in Σ aflatoxins)	ND	197-11-М/26	10.08.2026 (received 29.07.2026, analysed 06.08.2026)	Farmahem — Laboratorija za zivotna sredina	https://drive.google.com/file/d/1UEVji3T0LVtWw8a4nZ5LzmQtkeIRLzaf/view
1	GP0824_02	P050022	Grape Pie	Aflatoxin G2 (Farmahem retest)	(included in Σ aflatoxins)	ND	197-11-М/26	10.08.2026 (received 29.07.2026, analysed 06.08.2026)	Farmahem — Laboratorija za zivotna sredina	https://drive.google.com/file/d/1UEVji3T0LVtWw8a4nZ5LzmQtkeIRLzaf/view
1	GP0824_02	P050022	Grape Pie	Sum aflatoxins B1+B2+G1+G2 (Farmahem retest)	≤ 4 µg/kg (Ph.Eur. ref)	ND (all four not detected)	197-11-М/26	10.08.2026 (received 29.07.2026, analysed 06.08.2026)	Farmahem — Laboratorija za zivotna sredina	https://drive.google.com/file/d/1UEVji3T0LVtWw8a4nZ5LzmQtkeIRLzaf/view
1	GP0824_02	P050022	Grape Pie	Ochratoxin A (Farmahem retest)	per PP spec (Ph.Eur. ref ≤ 20 µg/kg)	ND	197-11-М/26	10.08.2026 (received 29.07.2026, analysed 06.08.2026)	Farmahem — Laboratorija za zivotna sredina	https://drive.google.com/file/d/1UEVji3T0LVtWw8a4nZ5LzmQtkeIRLzaf/view
1	GP0824_02	P050022	Grape Pie	Loss on Drying (Stability Month 6, 25°C/60%RH)	≤ 10.00%	6.32%	ППК26032	05.03.2026 (completed 04.03.2026)	UKIM Faculty of Pharmacy — Center for Natural Products	https://drive.google.com/file/d/1G3yrB90CGjY-DUDC4otnqS0vh9VLnmPT/view
1	GP0824_02	P050022	Grape Pie	CBDA content (Stability Month 6, 25°C/60%RH)	/	0.04%	ППК26032	05.03.2026 (completed 04.03.2026)	UKIM Faculty of Pharmacy — Center for Natural Products	https://drive.google.com/file/d/1G3yrB90CGjY-DUDC4otnqS0vh9VLnmPT/view
1	GP0824_02	P050022	Grape Pie	CBD content (Stability Month 6, 25°C/60%RH)	/	BLQ	ППК26032	05.03.2026 (completed 04.03.2026)	UKIM Faculty of Pharmacy — Center for Natural Products	https://drive.google.com/file/d/1G3yrB90CGjY-DUDC4otnqS0vh9VLnmPT/view
1	GP0824_02	P050022	Grape Pie	CBN content (Stability Month 6, 25°C/60%RH)	/ (no limit on stability report)	0.23%	ППК26032	05.03.2026 (completed 04.03.2026)	UKIM Faculty of Pharmacy — Center for Natural Products	https://drive.google.com/file/d/1G3yrB90CGjY-DUDC4otnqS0vh9VLnmPT/view
1	GP0824_02	P050022	Grape Pie	Delta-9-THC content (Stability Month 6, 25°C/60%RH)	/	12.23%	ППК26032	05.03.2026 (completed 04.03.2026)	UKIM Faculty of Pharmacy — Center for Natural Products	https://drive.google.com/file/d/1G3yrB90CGjY-DUDC4otnqS0vh9VLnmPT/view
1	GP0824_02	P050022	Grape Pie	Delta-9-THCA content (Stability Month 6, 25°C/60%RH)	/	10.34%	ППК26032	05.03.2026 (completed 04.03.2026)	UKIM Faculty of Pharmacy — Center for Natural Products	https://drive.google.com/file/d/1G3yrB90CGjY-DUDC4otnqS0vh9VLnmPT/view
1	GP0824_02	P050022	Grape Pie	Total CBD (Stability Month 6, 25°C/60%RH)	≤ 1.00% (spec)	0.03%	ППК26032	05.03.2026 (completed 04.03.2026)	UKIM Faculty of Pharmacy — Center for Natural Products	https://drive.google.com/file/d/1G3yrB90CGjY-DUDC4otnqS0vh9VLnmPT/view
1	GP0824_02	P050022	Grape Pie	Total Delta-9-THC (Stability Month 6, 25°C/60%RH)	/	21.31%	ППК26032	05.03.2026 (completed 04.03.2026)	UKIM Faculty of Pharmacy — Center for Natural Products	https://drive.google.com/file/d/1G3yrB90CGjY-DUDC4otnqS0vh9VLnmPT/view
1	GP0824_02	P050022	Grape Pie	Loss on Drying (Stability Month 6, 40°C/75%RH)	≤ 10.00%	5.84%	ППК26033	05.03.2026 (completed 04.03.2026)	UKIM Faculty of Pharmacy — Center for Natural Products	https://drive.google.com/file/d/1xz183VO8nbFU3jhKT8nbaVH_irNeTo2o/view
1	GP0824_02	P050022	Grape Pie	CBDA content (Stability Month 6, 40°C/75%RH)	/	0.03%	ППК26033	05.03.2026 (completed 04.03.2026)	UKIM Faculty of Pharmacy — Center for Natural Products	https://drive.google.com/file/d/1xz183VO8nbFU3jhKT8nbaVH_irNeTo2o/view
1	GP0824_02	P050022	Grape Pie	CBD content (Stability Month 6, 40°C/75%RH)	/	0.03%	ППК26033	05.03.2026 (completed 04.03.2026)	UKIM Faculty of Pharmacy — Center for Natural Products	https://drive.google.com/file/d/1xz183VO8nbFU3jhKT8nbaVH_irNeTo2o/view
1	GP0824_02	P050022	Grape Pie	CBN content (Stability Month 6, 40°C/75%RH)	/ (no limit on stability report)	2.35%	ППК26033	05.03.2026 (completed 04.03.2026)	UKIM Faculty of Pharmacy — Center for Natural Products	https://drive.google.com/file/d/1xz183VO8nbFU3jhKT8nbaVH_irNeTo2o/view
1	GP0824_02	P050022	Grape Pie	Delta-9-THC content (Stability Month 6, 40°C/75%RH)	/	13.16%	ППК26033	05.03.2026 (completed 04.03.2026)	UKIM Faculty of Pharmacy — Center for Natural Products	https://drive.google.com/file/d/1xz183VO8nbFU3jhKT8nbaVH_irNeTo2o/view
1	GP0824_02	P050022	Grape Pie	Delta-9-THCA content (Stability Month 6, 40°C/75%RH)	/	BLQ	ППК26033	05.03.2026 (completed 04.03.2026)	UKIM Faculty of Pharmacy — Center for Natural Products	https://drive.google.com/file/d/1xz183VO8nbFU3jhKT8nbaVH_irNeTo2o/view
1	GP0824_02	P050022	Grape Pie	Total CBD (Stability Month 6, 40°C/75%RH)	≤ 1.00% (spec)	0.02%	ППК26033	05.03.2026 (completed 04.03.2026)	UKIM Faculty of Pharmacy — Center for Natural Products	https://drive.google.com/file/d/1xz183VO8nbFU3jhKT8nbaVH_irNeTo2o/view
1	GP0824_02	P050022	Grape Pie	Total Delta-9-THC (Stability Month 6, 40°C/75%RH)	/	14.99%	ППК26033	05.03.2026 (completed 04.03.2026)	UKIM Faculty of Pharmacy — Center for Natural Products	https://drive.google.com/file/d/1xz183VO8nbFU3jhKT8nbaVH_irNeTo2o/view
1	GP0824_02	P050022	Grape Pie	Loss on Drying (Stability Month 9, 25°C/60%RH)	≤ 10.00%	6.62%	ППК26059	11.05.2026 (completed 08.05.2026)	UKIM Faculty of Pharmacy — Center for Natural Products	https://drive.google.com/file/d/14Qbaz_W8McdUMAo15keK7kZhrZxGL4jz/view
1	GP0824_02	P050022	Grape Pie	CBDA content (Stability Month 9, 25°C/60%RH)	/	0.03%	ППК26059	11.05.2026 (completed 08.05.2026)	UKIM Faculty of Pharmacy — Center for Natural Products	https://drive.google.com/file/d/14Qbaz_W8McdUMAo15keK7kZhrZxGL4jz/view
1	GP0824_02	P050022	Grape Pie	CBD content (Stability Month 9, 25°C/60%RH)	/	0.01%	ППК26059	11.05.2026 (completed 08.05.2026)	UKIM Faculty of Pharmacy — Center for Natural Products	https://drive.google.com/file/d/14Qbaz_W8McdUMAo15keK7kZhrZxGL4jz/view
1	GP0824_02	P050022	Grape Pie	CBN content (Stability Month 9, 25°C/60%RH)	/ (no limit on stability report)	0.30%	ППК26059	11.05.2026 (completed 08.05.2026)	UKIM Faculty of Pharmacy — Center for Natural Products	https://drive.google.com/file/d/14Qbaz_W8McdUMAo15keK7kZhrZxGL4jz/view
1	GP0824_02	P050022	Grape Pie	Delta-9-THC content (Stability Month 9, 25°C/60%RH)	/	11.49%	ППК26059	11.05.2026 (completed 08.05.2026)	UKIM Faculty of Pharmacy — Center for Natural Products	https://drive.google.com/file/d/14Qbaz_W8McdUMAo15keK7kZhrZxGL4jz/view
1	GP0824_02	P050022	Grape Pie	Delta-9-THCA content (Stability Month 9, 25°C/60%RH)	/	13.22%	ППК26059	11.05.2026 (completed 08.05.2026)	UKIM Faculty of Pharmacy — Center for Natural Products	https://drive.google.com/file/d/14Qbaz_W8McdUMAo15keK7kZhrZxGL4jz/view
1	GP0824_02	P050022	Grape Pie	Total CBD (Stability Month 9, 25°C/60%RH)	≤ 1.00% (spec)	0.03%	ППК26059	11.05.2026 (completed 08.05.2026)	UKIM Faculty of Pharmacy — Center for Natural Products	https://drive.google.com/file/d/14Qbaz_W8McdUMAo15keK7kZhrZxGL4jz/view
1	GP0824_02	P050022	Grape Pie	Total Delta-9-THC (Stability Month 9, 25°C/60%RH)	/	23.08%	ППК26059	11.05.2026 (completed 08.05.2026)	UKIM Faculty of Pharmacy — Center for Natural Products	https://drive.google.com/file/d/14Qbaz_W8McdUMAo15keK7kZhrZxGL4jz/view
1	GP0824_02	P050022	Grape Pie	Loss on Drying	≤ 10.00%	7.21%	ППК25139	22.05.2025 (completed 20.05.2025)	UKIM Faculty of Pharmacy — Center for Natural Products	https://drive.google.com/file/d/1ZyghF4WvmezDzjbWQXcbvTkfc6dmHTJl/view
1	GP0824_02	P050022	Grape Pie	Cannabidiolic acid (CBDA) content	/	ND	ППК25139	22.05.2025 (completed 20.05.2025)	UKIM Faculty of Pharmacy — Center for Natural Products	https://drive.google.com/file/d/1ZyghF4WvmezDzjbWQXcbvTkfc6dmHTJl/view
1	GP0824_02	P050022	Grape Pie	Cannabidiol (CBD) content	/	0.02%	ППК25139	22.05.2025 (completed 20.05.2025)	UKIM Faculty of Pharmacy — Center for Natural Products	https://drive.google.com/file/d/1ZyghF4WvmezDzjbWQXcbvTkfc6dmHTJl/view
1	GP0824_02	P050022	Grape Pie	Cannabinol (CBN) content	≤ 1.00%	0.53%	ППК25139	22.05.2025 (completed 20.05.2025)	UKIM Faculty of Pharmacy — Center for Natural Products	https://drive.google.com/file/d/1ZyghF4WvmezDzjbWQXcbvTkfc6dmHTJl/view
1	GP0824_02	P050022	Grape Pie	Delta-9-THC content	/	26.52%	ППК25139	22.05.2025 (completed 20.05.2025)	UKIM Faculty of Pharmacy — Center for Natural Products	https://drive.google.com/file/d/1ZyghF4WvmezDzjbWQXcbvTkfc6dmHTJl/view
1	GP0824_02	P050022	Grape Pie	Delta-9-THCA content	/	0.10%	ППК25139	22.05.2025 (completed 20.05.2025)	UKIM Faculty of Pharmacy — Center for Natural Products	https://drive.google.com/file/d/1ZyghF4WvmezDzjbWQXcbvTkfc6dmHTJl/view
1	GP0824_02	P050022	Grape Pie	Total CBD (CBD + CBDA x 0.877)	/	0.10%	ППК25139	22.05.2025 (completed 20.05.2025)	UKIM Faculty of Pharmacy — Center for Natural Products	https://drive.google.com/file/d/1ZyghF4WvmezDzjbWQXcbvTkfc6dmHTJl/view
1	GP0824_02	P050022	Grape Pie	Total Delta-9-THC (THC + THCA x 0.877)	/	23.79%	ППК25139	22.05.2025 (completed 20.05.2025)	UKIM Faculty of Pharmacy — Center for Natural Products	https://drive.google.com/file/d/1ZyghF4WvmezDzjbWQXcbvTkfc6dmHTJl/view
1	GP0824_02	P050022	Grape Pie	Deltamethrin	<0.5 mg/kg	N.D.	2471/2025	30.05.2025	IPH — Institute of Public Health	https://drive.google.com/file/d/1ZyghF4WvmezDzjbWQXcbvTkfc6dmHTJl/view
1	GP0824_02	P050022	Grape Pie	Chlorpyriphos-methyl	<0.1 mg/kg	N.D.	2471/2025	30.05.2025	IPH — Institute of Public Health	https://drive.google.com/file/d/1ZyghF4WvmezDzjbWQXcbvTkfc6dmHTJl/view
1	GP0824_02	P050022	Grape Pie	Chlorpyriphos-ethyl	<0.2 mg/kg	N.D.	2471/2025	30.05.2025	IPH — Institute of Public Health	https://drive.google.com/file/d/1ZyghF4WvmezDzjbWQXcbvTkfc6dmHTJl/view
1	GP0824_02	P050022	Grape Pie	Endosulfan (sum of isomers and endosulfan sulfate)	<3 mg/kg	N.D.	2471/2025	30.05.2025	IPH — Institute of Public Health	https://drive.google.com/file/d/1ZyghF4WvmezDzjbWQXcbvTkfc6dmHTJl/view
1	GP0824_02	P050022	Grape Pie	Lindan	<0.6 mg/kg	N.D.	2471/2025	30.05.2025	IPH — Institute of Public Health	https://drive.google.com/file/d/1ZyghF4WvmezDzjbWQXcbvTkfc6dmHTJl/view
1	GP0824_02	P050022	Grape Pie	Aldrin and dieldrin (sum of)	<0.05 mg/kg	N.D.	2471/2025	30.05.2025	IPH — Institute of Public Health	https://drive.google.com/file/d/1ZyghF4WvmezDzjbWQXcbvTkfc6dmHTJl/view
1	GP0824_02	P050022	Grape Pie	HCH (sum of alpha-, beta-, delta- and epsilon-)	<0.3 mg/kg	N.D.	2471/2025	30.05.2025	IPH — Institute of Public Health	https://drive.google.com/file/d/1ZyghF4WvmezDzjbWQXcbvTkfc6dmHTJl/view
1	GP0824_02	P050022	Grape Pie	HCB (Hexachlorbenzene)	<0.1 mg/kg	N.D.	2471/2025	30.05.2025	IPH — Institute of Public Health	https://drive.google.com/file/d/1ZyghF4WvmezDzjbWQXcbvTkfc6dmHTJl/view
1	GP0824_02	P050022	Grape Pie	DDT (total)	<1 mg/kg	N.D.	2471/2025	30.05.2025	IPH — Institute of Public Health	https://drive.google.com/file/d/1ZyghF4WvmezDzjbWQXcbvTkfc6dmHTJl/view
1	GP0824_02	P050022	Grape Pie	Heptachlor (sum of heptachlor and heptachlorepoxide)	<0.05 mg/kg	N.D.	2471/2025	30.05.2025	IPH — Institute of Public Health	https://drive.google.com/file/d/1ZyghF4WvmezDzjbWQXcbvTkfc6dmHTJl/view
1	GP0824_02	P050022	Grape Pie	Endrin	<0.05 mg/kg	N.D.	2471/2025	30.05.2025	IPH — Institute of Public Health	https://drive.google.com/file/d/1ZyghF4WvmezDzjbWQXcbvTkfc6dmHTJl/view
1	GP0824_02	P050022	Grape Pie	Chlordane (sum of cis- and trans-)	<0.05 mg/kg	N.D.	2471/2025	30.05.2025	IPH — Institute of Public Health	https://drive.google.com/file/d/1ZyghF4WvmezDzjbWQXcbvTkfc6dmHTJl/view
1	GP0824_02	P050022	Grape Pie	Metoxychlor	<0.05 mg/kg	N.D.	2471/2025	30.05.2025	IPH — Institute of Public Health	https://drive.google.com/file/d/1ZyghF4WvmezDzjbWQXcbvTkfc6dmHTJl/view
1	GP0824_02	P050022	Grape Pie	Cadmium	<0.3 mg/kg (≤ 1)	N.D.	2471/2025	30.05.2025	IPH — Institute of Public Health	https://drive.google.com/file/d/1ZyghF4WvmezDzjbWQXcbvTkfc6dmHTJl/view
1	GP0824_02	P050022	Grape Pie	Lead	<0.5 mg/kg (≤ 5)	N.D.	2471/2025	30.05.2025	IPH — Institute of Public Health	https://drive.google.com/file/d/1ZyghF4WvmezDzjbWQXcbvTkfc6dmHTJl/view
1	GP0824_02	P050022	Grape Pie	Mercury	<0.1 mg/kg	N.D.	2471/2025	30.05.2025	IPH — Institute of Public Health	https://drive.google.com/file/d/1ZyghF4WvmezDzjbWQXcbvTkfc6dmHTJl/view
1	GP0824_02	P050022	Grape Pie	Arsenic	<0.2 mg/kg (≤ 2)	N.D.	2471/2025	30.05.2025	IPH — Institute of Public Health	https://drive.google.com/file/d/1ZyghF4WvmezDzjbWQXcbvTkfc6dmHTJl/view
1	GP0824_02	P050022	Grape Pie	Total aflatoxins	<4 µg/kg	<2 µg/kg	2471/2025	30.05.2025	IPH — Institute of Public Health	https://drive.google.com/file/d/1ZyghF4WvmezDzjbWQXcbvTkfc6dmHTJl/view
1	GP0824_02	P050022	Grape Pie	Total aerobic microbial count (TAMC)	≤ 10⁵ CFU/g	700 CFU/g	471/0862/25	22.05.2025	IPH — Institute of Public Health	https://drive.google.com/file/d/1ZyghF4WvmezDzjbWQXcbvTkfc6dmHTJl/view
1	GP0824_02	P050022	Grape Pie	Total combined yeasts/moulds count (TYMC)	≤ 10⁴ CFU/g	<10 CFU/g	471/0862/25	22.05.2025	IPH — Institute of Public Health	https://drive.google.com/file/d/1ZyghF4WvmezDzjbWQXcbvTkfc6dmHTJl/view
1	GP0824_02	P050022	Grape Pie	Bile-tolerant gram-negative bacteria	≤ 10⁴ CFU/g	<10¹ and >10 CFU/g	471/0862/25	22.05.2025	IPH — Institute of Public Health	https://drive.google.com/file/d/1ZyghF4WvmezDzjbWQXcbvTkfc6dmHTJl/view
1	GP0824_02	P050022	Grape Pie	Escherichia coli	absent/g	Одговара (absent)	471/0862/25	22.05.2025	IPH — Institute of Public Health	https://drive.google.com/file/d/1ZyghF4WvmezDzjbWQXcbvTkfc6dmHTJl/view
1	GP0824_02	P050022	Grape Pie	Salmonella	absent/25g	Одговара (absent)	471/0862/25	22.05.2025	IPH — Institute of Public Health	https://drive.google.com/file/d/1ZyghF4WvmezDzjbWQXcbvTkfc6dmHTJl/view
2	MB0824_04	P050032	Motor Breath	Loss on Drying	≤ 10.00%	6.01%	ППК25118	06.05.2025 (completed 05.05.2025)	UKIM Faculty of Pharmacy — Center for Natural Products	https://drive.google.com/file/d/1i0eGbiNlnEwbp1tYimHtVsMT48Gmmqo8/view
2	MB0824_04	P050032	Motor Breath	Cannabidiolic acid (CBDA) content	/	0.06%	ППК25118	06.05.2025 (completed 05.05.2025)	UKIM Faculty of Pharmacy — Center for Natural Products	https://drive.google.com/file/d/1i0eGbiNlnEwbp1tYimHtVsMT48Gmmqo8/view
2	MB0824_04	P050032	Motor Breath	Cannabidiol (CBD) content	/	ND	ППК25118	06.05.2025 (completed 05.05.2025)	UKIM Faculty of Pharmacy — Center for Natural Products	https://drive.google.com/file/d/1i0eGbiNlnEwbp1tYimHtVsMT48Gmmqo8/view
2	MB0824_04	P050032	Motor Breath	Cannabinol (CBN) content	≤ 1.00%	0.03%	ППК25118	06.05.2025 (completed 05.05.2025)	UKIM Faculty of Pharmacy — Center for Natural Products	https://drive.google.com/file/d/1i0eGbiNlnEwbp1tYimHtVsMT48Gmmqo8/view
2	MB0824_04	P050032	Motor Breath	Delta-9-THC content	/	0.75%	ППК25118	06.05.2025 (completed 05.05.2025)	UKIM Faculty of Pharmacy — Center for Natural Products	https://drive.google.com/file/d/1i0eGbiNlnEwbp1tYimHtVsMT48Gmmqo8/view
2	MB0824_04	P050032	Motor Breath	Delta-9-THCA content	/	20.44%	ППК25118	06.05.2025 (completed 05.05.2025)	UKIM Faculty of Pharmacy — Center for Natural Products	https://drive.google.com/file/d/1i0eGbiNlnEwbp1tYimHtVsMT48Gmmqo8/view
2	MB0824_04	P050032	Motor Breath	Total CBD (CBD + CBDA x 0.877)	/	0.05%	ППК25118	06.05.2025 (completed 05.05.2025)	UKIM Faculty of Pharmacy — Center for Natural Products	https://drive.google.com/file/d/1i0eGbiNlnEwbp1tYimHtVsMT48Gmmqo8/view
2	MB0824_04	P050032	Motor Breath	Total Delta-9-THC (THC + THCA x 0.877)	/	18.67%	ППК25118	06.05.2025 (completed 05.05.2025)	UKIM Faculty of Pharmacy — Center for Natural Products	https://drive.google.com/file/d/1i0eGbiNlnEwbp1tYimHtVsMT48Gmmqo8/view
2	MB0824_04	P050032	Motor Breath	Deltamethrin	<0.5 mg/kg	N.D.	2157/2025	07.05.2025	IPH — Institute of Public Health	https://drive.google.com/file/d/1i0eGbiNlnEwbp1tYimHtVsMT48Gmmqo8/view
2	MB0824_04	P050032	Motor Breath	Chlorpyriphos-methyl	<0.1 mg/kg	N.D.	2157/2025	07.05.2025	IPH — Institute of Public Health	https://drive.google.com/file/d/1i0eGbiNlnEwbp1tYimHtVsMT48Gmmqo8/view
2	MB0824_04	P050032	Motor Breath	Chlorpyriphos-ethyl	<0.2 mg/kg	N.D.	2157/2025	07.05.2025	IPH — Institute of Public Health	https://drive.google.com/file/d/1i0eGbiNlnEwbp1tYimHtVsMT48Gmmqo8/view
2	MB0824_04	P050032	Motor Breath	Endosulfan (sum of isomers and endosulfan sulfate)	<3 mg/kg	N.D.	2157/2025	07.05.2025	IPH — Institute of Public Health	https://drive.google.com/file/d/1i0eGbiNlnEwbp1tYimHtVsMT48Gmmqo8/view
2	MB0824_04	P050032	Motor Breath	Lindan	<0.6 mg/kg	N.D.	2157/2025	07.05.2025	IPH — Institute of Public Health	https://drive.google.com/file/d/1i0eGbiNlnEwbp1tYimHtVsMT48Gmmqo8/view
2	MB0824_04	P050032	Motor Breath	Aldrin and dieldrin (sum of)	<0.05 mg/kg	N.D.	2157/2025	07.05.2025	IPH — Institute of Public Health	https://drive.google.com/file/d/1i0eGbiNlnEwbp1tYimHtVsMT48Gmmqo8/view
2	MB0824_04	P050032	Motor Breath	HCH (sum of alpha-, beta-, delta- and epsilon-)	<0.3 mg/kg	N.D.	2157/2025	07.05.2025	IPH — Institute of Public Health	https://drive.google.com/file/d/1i0eGbiNlnEwbp1tYimHtVsMT48Gmmqo8/view
2	MB0824_04	P050032	Motor Breath	HCB (Hexachlorbenzene)	<0.1 mg/kg	N.D.	2157/2025	07.05.2025	IPH — Institute of Public Health	https://drive.google.com/file/d/1i0eGbiNlnEwbp1tYimHtVsMT48Gmmqo8/view
2	MB0824_04	P050032	Motor Breath	DDT (total)	<1 mg/kg	N.D.	2157/2025	07.05.2025	IPH — Institute of Public Health	https://drive.google.com/file/d/1i0eGbiNlnEwbp1tYimHtVsMT48Gmmqo8/view
2	MB0824_04	P050032	Motor Breath	Heptachlor (sum of heptachlor and heptachlorepoxide)	<0.05 mg/kg	N.D.	2157/2025	07.05.2025	IPH — Institute of Public Health	https://drive.google.com/file/d/1i0eGbiNlnEwbp1tYimHtVsMT48Gmmqo8/view
2	MB0824_04	P050032	Motor Breath	Endrin	<0.05 mg/kg	N.D.	2157/2025	07.05.2025	IPH — Institute of Public Health	https://drive.google.com/file/d/1i0eGbiNlnEwbp1tYimHtVsMT48Gmmqo8/view
2	MB0824_04	P050032	Motor Breath	Chlordane (sum of cis- and trans-)	<0.05 mg/kg	N.D.	2157/2025	07.05.2025	IPH — Institute of Public Health	https://drive.google.com/file/d/1i0eGbiNlnEwbp1tYimHtVsMT48Gmmqo8/view
2	MB0824_04	P050032	Motor Breath	Metoxychlor	<0.05 mg/kg	N.D.	2157/2025	07.05.2025	IPH — Institute of Public Health	https://drive.google.com/file/d/1i0eGbiNlnEwbp1tYimHtVsMT48Gmmqo8/view
2	MB0824_04	P050032	Motor Breath	Cadmium	<0.3 mg/kg (≤ 1)	0.005 mg/kg	2157/2025	07.05.2025	IPH — Institute of Public Health	https://drive.google.com/file/d/1i0eGbiNlnEwbp1tYimHtVsMT48Gmmqo8/view
2	MB0824_04	P050032	Motor Breath	Lead	<0.5 mg/kg (≤ 5)	0.031 mg/kg	2157/2025	07.05.2025	IPH — Institute of Public Health	https://drive.google.com/file/d/1i0eGbiNlnEwbp1tYimHtVsMT48Gmmqo8/view
2	MB0824_04	P050032	Motor Breath	Mercury	<0.1 mg/kg	N.D.	2157/2025	07.05.2025	IPH — Institute of Public Health	https://drive.google.com/file/d/1i0eGbiNlnEwbp1tYimHtVsMT48Gmmqo8/view
2	MB0824_04	P050032	Motor Breath	Arsenic	<0.2 mg/kg (≤ 2)	0.011 mg/kg	2157/2025	07.05.2025	IPH — Institute of Public Health	https://drive.google.com/file/d/1i0eGbiNlnEwbp1tYimHtVsMT48Gmmqo8/view
2	MB0824_04	P050032	Motor Breath	Total aflatoxins	<4 µg/kg	<2 µg/kg	2157/2025	07.05.2025	IPH — Institute of Public Health	https://drive.google.com/file/d/1i0eGbiNlnEwbp1tYimHtVsMT48Gmmqo8/view
2	MB0824_04	P050032	Motor Breath	Total aerobic microbial count (TAMC)	≤ 10³ CFU/g	<10 CFU/g	406/0744/25	05.05.2025	IPH — Institute of Public Health	https://drive.google.com/file/d/1i0eGbiNlnEwbp1tYimHtVsMT48Gmmqo8/view
2	MB0824_04	P050032	Motor Breath	Total combined yeasts/moulds count (TYMC)	≤ 10² CFU/g	<10 CFU/g	406/0744/25	05.05.2025	IPH — Institute of Public Health	https://drive.google.com/file/d/1i0eGbiNlnEwbp1tYimHtVsMT48Gmmqo8/view
2	MB0824_04	P050032	Motor Breath	Bile-tolerant gram-negative bacteria	≤ 10⁴ CFU/g	<10 CFU/g	406/0744/25	05.05.2025	IPH — Institute of Public Health	https://drive.google.com/file/d/1i0eGbiNlnEwbp1tYimHtVsMT48Gmmqo8/view
2	MB0824_04	P050032	Motor Breath	Escherichia coli	absent/g	Одговара (absent)	406/0744/25	05.05.2025	IPH — Institute of Public Health	https://drive.google.com/file/d/1i0eGbiNlnEwbp1tYimHtVsMT48Gmmqo8/view
2	MB0824_04	P050032	Motor Breath	Salmonella	absent/25g	Одговара (absent)	406/0744/25	05.05.2025	IPH — Institute of Public Health	https://drive.google.com/file/d/1i0eGbiNlnEwbp1tYimHtVsMT48Gmmqo8/view
3	GP0824_03	P050072	Grape Pie	Loss on Drying	≤ 10.00%	6.58%	ППК25175	10.07.2025 (completed 09.07.2025)	UKIM Faculty of Pharmacy — Center for Natural Products	https://drive.google.com/file/d/143EB2FA6gk-btkoAess_XHy8URb5KfrV/view
3	GP0824_03	P050072	Grape Pie	Cannabidiolic acid (CBDA) content	/	0.09%	ППК25175	10.07.2025 (completed 09.07.2025)	UKIM Faculty of Pharmacy — Center for Natural Products	https://drive.google.com/file/d/143EB2FA6gk-btkoAess_XHy8URb5KfrV/view
3	GP0824_03	P050072	Grape Pie	Cannabidiol (CBD) content	/	ND	ППК25175	10.07.2025 (completed 09.07.2025)	UKIM Faculty of Pharmacy — Center for Natural Products	https://drive.google.com/file/d/143EB2FA6gk-btkoAess_XHy8URb5KfrV/view
3	GP0824_03	P050072	Grape Pie	Cannabinol (CBN) content	≤ 1.00%	BLQ	ППК25175	10.07.2025 (completed 09.07.2025)	UKIM Faculty of Pharmacy — Center for Natural Products	https://drive.google.com/file/d/143EB2FA6gk-btkoAess_XHy8URb5KfrV/view
3	GP0824_03	P050072	Grape Pie	Delta-9-THC content	/	0.86%	ППК25175	10.07.2025 (completed 09.07.2025)	UKIM Faculty of Pharmacy — Center for Natural Products	https://drive.google.com/file/d/143EB2FA6gk-btkoAess_XHy8URb5KfrV/view
3	GP0824_03	P050072	Grape Pie	Delta-9-THCA content	/	28.03%	ППК25175	10.07.2025 (completed 09.07.2025)	UKIM Faculty of Pharmacy — Center for Natural Products	https://drive.google.com/file/d/143EB2FA6gk-btkoAess_XHy8URb5KfrV/view
3	GP0824_03	P050072	Grape Pie	Total CBD (CBD + CBDA x 0.877)	/	0.08%	ППК25175	10.07.2025 (completed 09.07.2025)	UKIM Faculty of Pharmacy — Center for Natural Products	https://drive.google.com/file/d/143EB2FA6gk-btkoAess_XHy8URb5KfrV/view
3	GP0824_03	P050072	Grape Pie	Total Delta-9-THC (THC + THCA x 0.877)	/	25.45%	ППК25175	10.07.2025 (completed 09.07.2025)	UKIM Faculty of Pharmacy — Center for Natural Products	https://drive.google.com/file/d/143EB2FA6gk-btkoAess_XHy8URb5KfrV/view
3	GP0824_03	P050072	Grape Pie	Deltamethrin	<0.5 mg/kg	N.D.	3178/2025	26.06.2025	IPH — Institute of Public Health	https://drive.google.com/file/d/143EB2FA6gk-btkoAess_XHy8URb5KfrV/view
3	GP0824_03	P050072	Grape Pie	Chlorpyriphos-methyl	<0.1 mg/kg	N.D.	3178/2025	26.06.2025	IPH — Institute of Public Health	https://drive.google.com/file/d/143EB2FA6gk-btkoAess_XHy8URb5KfrV/view
3	GP0824_03	P050072	Grape Pie	Chlorpyriphos-ethyl	<0.2 mg/kg	N.D.	3178/2025	26.06.2025	IPH — Institute of Public Health	https://drive.google.com/file/d/143EB2FA6gk-btkoAess_XHy8URb5KfrV/view
3	GP0824_03	P050072	Grape Pie	Endosulfan (sum of isomers and endosulfan sulfate)	<3 mg/kg	N.D.	3178/2025	26.06.2025	IPH — Institute of Public Health	https://drive.google.com/file/d/143EB2FA6gk-btkoAess_XHy8URb5KfrV/view
3	GP0824_03	P050072	Grape Pie	Lindan	<0.6 mg/kg	N.D.	3178/2025	26.06.2025	IPH — Institute of Public Health	https://drive.google.com/file/d/143EB2FA6gk-btkoAess_XHy8URb5KfrV/view
3	GP0824_03	P050072	Grape Pie	Aldrin and dieldrin (sum of)	<0.05 mg/kg	N.D.	3178/2025	26.06.2025	IPH — Institute of Public Health	https://drive.google.com/file/d/143EB2FA6gk-btkoAess_XHy8URb5KfrV/view
3	GP0824_03	P050072	Grape Pie	HCH (sum of alpha-, beta-, delta- and epsilon-)	<0.3 mg/kg	N.D.	3178/2025	26.06.2025	IPH — Institute of Public Health	https://drive.google.com/file/d/143EB2FA6gk-btkoAess_XHy8URb5KfrV/view
3	GP0824_03	P050072	Grape Pie	HCB (Hexachlorbenzene)	<0.1 mg/kg	N.D.	3178/2025	26.06.2025	IPH — Institute of Public Health	https://drive.google.com/file/d/143EB2FA6gk-btkoAess_XHy8URb5KfrV/view
3	GP0824_03	P050072	Grape Pie	DDT (total)	<1 mg/kg	N.D.	3178/2025	26.06.2025	IPH — Institute of Public Health	https://drive.google.com/file/d/143EB2FA6gk-btkoAess_XHy8URb5KfrV/view
3	GP0824_03	P050072	Grape Pie	Heptachlor (sum of heptachlor and heptachlorepoxide)	<0.05 mg/kg	N.D.	3178/2025	26.06.2025	IPH — Institute of Public Health	https://drive.google.com/file/d/143EB2FA6gk-btkoAess_XHy8URb5KfrV/view
3	GP0824_03	P050072	Grape Pie	Endrin	<0.05 mg/kg	N.D.	3178/2025	26.06.2025	IPH — Institute of Public Health	https://drive.google.com/file/d/143EB2FA6gk-btkoAess_XHy8URb5KfrV/view
3	GP0824_03	P050072	Grape Pie	Chlordane (sum of cis- and trans-)	<0.05 mg/kg	N.D.	3178/2025	26.06.2025	IPH — Institute of Public Health	https://drive.google.com/file/d/143EB2FA6gk-btkoAess_XHy8URb5KfrV/view
3	GP0824_03	P050072	Grape Pie	Metoxychlor	<0.05 mg/kg	N.D.	3178/2025	26.06.2025	IPH — Institute of Public Health	https://drive.google.com/file/d/143EB2FA6gk-btkoAess_XHy8URb5KfrV/view
3	GP0824_03	P050072	Grape Pie	Cadmium	<0.3 mg/kg (≤ 1)	N.D.	3178/2025	26.06.2025	IPH — Institute of Public Health	https://drive.google.com/file/d/143EB2FA6gk-btkoAess_XHy8URb5KfrV/view
3	GP0824_03	P050072	Grape Pie	Lead	<0.5 mg/kg (≤ 5)	N.D.	3178/2025	26.06.2025	IPH — Institute of Public Health	https://drive.google.com/file/d/143EB2FA6gk-btkoAess_XHy8URb5KfrV/view
3	GP0824_03	P050072	Grape Pie	Mercury	<0.1 mg/kg	N.D.	3178/2025	26.06.2025	IPH — Institute of Public Health	https://drive.google.com/file/d/143EB2FA6gk-btkoAess_XHy8URb5KfrV/view
3	GP0824_03	P050072	Grape Pie	Arsenic	<0.2 mg/kg (≤ 2)	0.119 mg/kg	3178/2025	26.06.2025	IPH — Institute of Public Health	https://drive.google.com/file/d/143EB2FA6gk-btkoAess_XHy8URb5KfrV/view
3	GP0824_03	P050072	Grape Pie	Total aflatoxins	<4 µg/kg	<2 µg/kg	3178/2025	26.06.2025	IPH — Institute of Public Health	https://drive.google.com/file/d/143EB2FA6gk-btkoAess_XHy8URb5KfrV/view
3	GP0824_03	P050072	Grape Pie	Total aerobic microbial count (TAMC)	≤ 10⁵ CFU/g	1.1×10⁴ CFU/g	628/1129/25	02.07.2025	IPH — Institute of Public Health	https://drive.google.com/file/d/143EB2FA6gk-btkoAess_XHy8URb5KfrV/view
3	GP0824_03	P050072	Grape Pie	Total combined yeasts/moulds count (TYMC)	≤ 10⁴ CFU/g	1.2×10³ CFU/g	628/1129/25	02.07.2025	IPH — Institute of Public Health	https://drive.google.com/file/d/143EB2FA6gk-btkoAess_XHy8URb5KfrV/view
3	GP0824_03	P050072	Grape Pie	Bile-tolerant gram-negative bacteria	≤ 10⁴ CFU/g	<10¹ and >10³ CFU/g	628/1129/25	02.07.2025	IPH — Institute of Public Health	https://drive.google.com/file/d/143EB2FA6gk-btkoAess_XHy8URb5KfrV/view
3	GP0824_03	P050072	Grape Pie	Escherichia coli	absent/g	Одговара (absent)	628/1129/25	02.07.2025	IPH — Institute of Public Health	https://drive.google.com/file/d/143EB2FA6gk-btkoAess_XHy8URb5KfrV/view
3	GP0824_03	P050072	Grape Pie	Salmonella	absent/25g	Одговара (absent)	628/1129/25	02.07.2025	IPH — Institute of Public Health	https://drive.google.com/file/d/143EB2FA6gk-btkoAess_XHy8URb5KfrV/view
3	GP0824_03	P050072	Grape Pie	Loss on Drying (Stability Month 6, 25°C/60%RH)	≤ 10.00%	5.92%	ППК26034	05.03.2026 (completed 04.03.2026)	UKIM Faculty of Pharmacy — Center for Natural Products	https://drive.google.com/file/d/1pJdW4nzThH0lNiiJ3M5b5WAfG0UXz4rQ/view
3	GP0824_03	P050072	Grape Pie	CBDA content (Stability Month 6, 25°C/60%RH)	/	0.04%	ППК26034	05.03.2026 (completed 04.03.2026)	UKIM Faculty of Pharmacy — Center for Natural Products	https://drive.google.com/file/d/1pJdW4nzThH0lNiiJ3M5b5WAfG0UXz4rQ/view
3	GP0824_03	P050072	Grape Pie	CBD content (Stability Month 6, 25°C/60%RH)	/	BLQ	ППК26034	05.03.2026 (completed 04.03.2026)	UKIM Faculty of Pharmacy — Center for Natural Products	https://drive.google.com/file/d/1pJdW4nzThH0lNiiJ3M5b5WAfG0UXz4rQ/view
3	GP0824_03	P050072	Grape Pie	CBN content (Stability Month 6, 25°C/60%RH)	/ (no limit on stability report)	0.05%	ППК26034	05.03.2026 (completed 04.03.2026)	UKIM Faculty of Pharmacy — Center for Natural Products	https://drive.google.com/file/d/1pJdW4nzThH0lNiiJ3M5b5WAfG0UXz4rQ/view
3	GP0824_03	P050072	Grape Pie	Delta-9-THC content (Stability Month 6, 25°C/60%RH)	/	9.97%	ППК26034	05.03.2026 (completed 04.03.2026)	UKIM Faculty of Pharmacy — Center for Natural Products	https://drive.google.com/file/d/1pJdW4nzThH0lNiiJ3M5b5WAfG0UXz4rQ/view
3	GP0824_03	P050072	Grape Pie	Delta-9-THCA content (Stability Month 6, 25°C/60%RH)	/	16.70%	ППК26034	05.03.2026 (completed 04.03.2026)	UKIM Faculty of Pharmacy — Center for Natural Products	https://drive.google.com/file/d/1pJdW4nzThH0lNiiJ3M5b5WAfG0UXz4rQ/view
3	GP0824_03	P050072	Grape Pie	Total CBD (Stability Month 6, 25°C/60%RH)	≤ 1.00% (spec)	0.04%	ППК26034	05.03.2026 (completed 04.03.2026)	UKIM Faculty of Pharmacy — Center for Natural Products	https://drive.google.com/file/d/1pJdW4nzThH0lNiiJ3M5b5WAfG0UXz4rQ/view
3	GP0824_03	P050072	Grape Pie	Total Delta-9-THC (Stability Month 6, 25°C/60%RH)	/	24.62%	ППК26034	05.03.2026 (completed 04.03.2026)	UKIM Faculty of Pharmacy — Center for Natural Products	https://drive.google.com/file/d/1pJdW4nzThH0lNiiJ3M5b5WAfG0UXz4rQ/view
3	GP0824_03	P050072	Grape Pie	Loss on Drying (Stability Month 6, 40°C/75%RH)	≤ 10.00%	5.52%	ППК26035	05.03.2026 (completed 04.03.2026)	UKIM Faculty of Pharmacy — Center for Natural Products	https://drive.google.com/file/d/1rl0X4NOy6CGD00GCsEqFSUyF-XHCw-il/view
3	GP0824_03	P050072	Grape Pie	CBDA content (Stability Month 6, 40°C/75%RH)	/	0.03%	ППК26035	05.03.2026 (completed 04.03.2026)	UKIM Faculty of Pharmacy — Center for Natural Products	https://drive.google.com/file/d/1rl0X4NOy6CGD00GCsEqFSUyF-XHCw-il/view
3	GP0824_03	P050072	Grape Pie	CBD content (Stability Month 6, 40°C/75%RH)	/	ND	ППК26035	05.03.2026 (completed 04.03.2026)	UKIM Faculty of Pharmacy — Center for Natural Products	https://drive.google.com/file/d/1rl0X4NOy6CGD00GCsEqFSUyF-XHCw-il/view
3	GP0824_03	P050072	Grape Pie	CBN content (Stability Month 6, 40°C/75%RH)	/ (no limit on stability report)	2.15%	ППК26035	05.03.2026 (completed 04.03.2026)	UKIM Faculty of Pharmacy — Center for Natural Products	https://drive.google.com/file/d/1rl0X4NOy6CGD00GCsEqFSUyF-XHCw-il/view
3	GP0824_03	P050072	Grape Pie	Delta-9-THC content (Stability Month 6, 40°C/75%RH)	/	14.98%	ППК26035	05.03.2026 (completed 04.03.2026)	UKIM Faculty of Pharmacy — Center for Natural Products	https://drive.google.com/file/d/1rl0X4NOy6CGD00GCsEqFSUyF-XHCw-il/view
3	GP0824_03	P050072	Grape Pie	Delta-9-THCA content (Stability Month 6, 40°C/75%RH)	/	BLQ	ППК26035	05.03.2026 (completed 04.03.2026)	UKIM Faculty of Pharmacy — Center for Natural Products	https://drive.google.com/file/d/1rl0X4NOy6CGD00GCsEqFSUyF-XHCw-il/view
3	GP0824_03	P050072	Grape Pie	Total CBD (Stability Month 6, 40°C/75%RH)	≤ 1.00% (spec)	0.02%	ППК26035	05.03.2026 (completed 04.03.2026)	UKIM Faculty of Pharmacy — Center for Natural Products	https://drive.google.com/file/d/1rl0X4NOy6CGD00GCsEqFSUyF-XHCw-il/view
3	GP0824_03	P050072	Grape Pie	Total Delta-9-THC (Stability Month 6, 40°C/75%RH)	/	14.99%	ППК26035	05.03.2026 (completed 04.03.2026)	UKIM Faculty of Pharmacy — Center for Natural Products	https://drive.google.com/file/d/1rl0X4NOy6CGD00GCsEqFSUyF-XHCw-il/view
3	GP0824_03	P050072	Grape Pie	Loss on Drying (Stability Month 9, 25°C/60%RH)	≤ 10.00%	7.07%	ППК26060	11.05.2026 (completed 07.05.2026)	UKIM Faculty of Pharmacy — Center for Natural Products	https://drive.google.com/file/d/13KsOntuE0sAah1EKwkeWrQvan2xVEL26/view
3	GP0824_03	P050072	Grape Pie	CBDA content (Stability Month 9, 25°C/60%RH)	/	0.04%	ППК26060	11.05.2026 (completed 07.05.2026)	UKIM Faculty of Pharmacy — Center for Natural Products	https://drive.google.com/file/d/13KsOntuE0sAah1EKwkeWrQvan2xVEL26/view
3	GP0824_03	P050072	Grape Pie	CBD content (Stability Month 9, 25°C/60%RH)	/	0.01%	ППК26060	11.05.2026 (completed 07.05.2026)	UKIM Faculty of Pharmacy — Center for Natural Products	https://drive.google.com/file/d/13KsOntuE0sAah1EKwkeWrQvan2xVEL26/view
3	GP0824_03	P050072	Grape Pie	CBN content (Stability Month 9, 25°C/60%RH)	/ (no limit on stability report)	0.04%	ППК26060	11.05.2026 (completed 07.05.2026)	UKIM Faculty of Pharmacy — Center for Natural Products	https://drive.google.com/file/d/13KsOntuE0sAah1EKwkeWrQvan2xVEL26/view
3	GP0824_03	P050072	Grape Pie	Delta-9-THC content (Stability Month 9, 25°C/60%RH)	/	15.14%	ППК26060	11.05.2026 (completed 07.05.2026)	UKIM Faculty of Pharmacy — Center for Natural Products	https://drive.google.com/file/d/13KsOntuE0sAah1EKwkeWrQvan2xVEL26/view
3	GP0824_03	P050072	Grape Pie	Delta-9-THCA content (Stability Month 9, 25°C/60%RH)	/	12.36%	ППК26060	11.05.2026 (completed 07.05.2026)	UKIM Faculty of Pharmacy — Center for Natural Products	https://drive.google.com/file/d/13KsOntuE0sAah1EKwkeWrQvan2xVEL26/view
3	GP0824_03	P050072	Grape Pie	Total CBD (Stability Month 9, 25°C/60%RH)	≤ 1.00% (spec)	0.04%	ППК26060	11.05.2026 (completed 07.05.2026)	UKIM Faculty of Pharmacy — Center for Natural Products	https://drive.google.com/file/d/13KsOntuE0sAah1EKwkeWrQvan2xVEL26/view
3	GP0824_03	P050072	Grape Pie	Total Delta-9-THC (Stability Month 9, 25°C/60%RH)	/	25.98%	ППК26060	11.05.2026 (completed 07.05.2026)	UKIM Faculty of Pharmacy — Center for Natural Products	https://drive.google.com/file/d/13KsOntuE0sAah1EKwkeWrQvan2xVEL26/view
4	GP0824_01	P050102	Grape Pie	Loss on Drying	≤ 10.00%	6.73%	ППК25105	17.04.2025 (completed 15.04.2025)	UKIM Faculty of Pharmacy — Center for Natural Products	https://drive.google.com/file/d/1fNHLDSV9zrYtdYMEKa6VwU73jBPq7qR7/view
4	GP0824_01	P050102	Grape Pie	Cannabidiolic acid (CBDA) content	/	0.07%	ППК25105	17.04.2025 (completed 15.04.2025)	UKIM Faculty of Pharmacy — Center for Natural Products	https://drive.google.com/file/d/1fNHLDSV9zrYtdYMEKa6VwU73jBPq7qR7/view
4	GP0824_01	P050102	Grape Pie	Cannabidiol (CBD) content	/	ND	ППК25105	17.04.2025 (completed 15.04.2025)	UKIM Faculty of Pharmacy — Center for Natural Products	https://drive.google.com/file/d/1fNHLDSV9zrYtdYMEKa6VwU73jBPq7qR7/view
4	GP0824_01	P050102	Grape Pie	Cannabinol (CBN) content	≤ 1.00%	ND	ППК25105	17.04.2025 (completed 15.04.2025)	UKIM Faculty of Pharmacy — Center for Natural Products	https://drive.google.com/file/d/1fNHLDSV9zrYtdYMEKa6VwU73jBPq7qR7/view
4	GP0824_01	P050102	Grape Pie	Delta-9-THC content	/	0.47%	ППК25105	17.04.2025 (completed 15.04.2025)	UKIM Faculty of Pharmacy — Center for Natural Products	https://drive.google.com/file/d/1fNHLDSV9zrYtdYMEKa6VwU73jBPq7qR7/view
4	GP0824_01	P050102	Grape Pie	Delta-9-THCA content	/	23.17%	ППК25105	17.04.2025 (completed 15.04.2025)	UKIM Faculty of Pharmacy — Center for Natural Products	https://drive.google.com/file/d/1fNHLDSV9zrYtdYMEKa6VwU73jBPq7qR7/view
4	GP0824_01	P050102	Grape Pie	Total CBD (CBD + CBDA x 0.877)	/	0.06%	ППК25105	17.04.2025 (completed 15.04.2025)	UKIM Faculty of Pharmacy — Center for Natural Products	https://drive.google.com/file/d/1fNHLDSV9zrYtdYMEKa6VwU73jBPq7qR7/view
4	GP0824_01	P050102	Grape Pie	Total Delta-9-THC (THC + THCA x 0.877)	/	20.79%	ППК25105	17.04.2025 (completed 15.04.2025)	UKIM Faculty of Pharmacy — Center for Natural Products	https://drive.google.com/file/d/1fNHLDSV9zrYtdYMEKa6VwU73jBPq7qR7/view
4	GP0824_01	P050102	Grape Pie	Deltamethrin	<0.5 mg/kg	N.D.	1767/2025	11.04.2025	IPH — Institute of Public Health	https://drive.google.com/file/d/1fNHLDSV9zrYtdYMEKa6VwU73jBPq7qR7/view
4	GP0824_01	P050102	Grape Pie	Chlorpyriphos-methyl	<0.1 mg/kg	N.D.	1767/2025	11.04.2025	IPH — Institute of Public Health	https://drive.google.com/file/d/1fNHLDSV9zrYtdYMEKa6VwU73jBPq7qR7/view
4	GP0824_01	P050102	Grape Pie	Chlorpyriphos-ethyl	<0.2 mg/kg	N.D.	1767/2025	11.04.2025	IPH — Institute of Public Health	https://drive.google.com/file/d/1fNHLDSV9zrYtdYMEKa6VwU73jBPq7qR7/view
4	GP0824_01	P050102	Grape Pie	Endosulfan (sum of isomers and endosulfan sulfate)	<3 mg/kg	N.D.	1767/2025	11.04.2025	IPH — Institute of Public Health	https://drive.google.com/file/d/1fNHLDSV9zrYtdYMEKa6VwU73jBPq7qR7/view
4	GP0824_01	P050102	Grape Pie	Lindan	<0.6 mg/kg	N.D.	1767/2025	11.04.2025	IPH — Institute of Public Health	https://drive.google.com/file/d/1fNHLDSV9zrYtdYMEKa6VwU73jBPq7qR7/view
4	GP0824_01	P050102	Grape Pie	Aldrin and dieldrin (sum of)	<0.05 mg/kg	N.D.	1767/2025	11.04.2025	IPH — Institute of Public Health	https://drive.google.com/file/d/1fNHLDSV9zrYtdYMEKa6VwU73jBPq7qR7/view
4	GP0824_01	P050102	Grape Pie	HCH (sum of alpha-, beta-, delta- and epsilon-)	<0.3 mg/kg	N.D.	1767/2025	11.04.2025	IPH — Institute of Public Health	https://drive.google.com/file/d/1fNHLDSV9zrYtdYMEKa6VwU73jBPq7qR7/view
4	GP0824_01	P050102	Grape Pie	HCB (Hexachlorbenzene)	<0.1 mg/kg	N.D.	1767/2025	11.04.2025	IPH — Institute of Public Health	https://drive.google.com/file/d/1fNHLDSV9zrYtdYMEKa6VwU73jBPq7qR7/view
4	GP0824_01	P050102	Grape Pie	DDT (total)	<1 mg/kg	N.D.	1767/2025	11.04.2025	IPH — Institute of Public Health	https://drive.google.com/file/d/1fNHLDSV9zrYtdYMEKa6VwU73jBPq7qR7/view
4	GP0824_01	P050102	Grape Pie	Heptachlor (sum of heptachlor and heptachlorepoxide)	<0.05 mg/kg	N.D.	1767/2025	11.04.2025	IPH — Institute of Public Health	https://drive.google.com/file/d/1fNHLDSV9zrYtdYMEKa6VwU73jBPq7qR7/view
4	GP0824_01	P050102	Grape Pie	Endrin	<0.05 mg/kg	N.D.	1767/2025	11.04.2025	IPH — Institute of Public Health	https://drive.google.com/file/d/1fNHLDSV9zrYtdYMEKa6VwU73jBPq7qR7/view
4	GP0824_01	P050102	Grape Pie	Chlordane (sum of cis- and trans-)	<0.05 mg/kg	N.D.	1767/2025	11.04.2025	IPH — Institute of Public Health	https://drive.google.com/file/d/1fNHLDSV9zrYtdYMEKa6VwU73jBPq7qR7/view
4	GP0824_01	P050102	Grape Pie	Metoxychlor	<0.05 mg/kg	N.D.	1767/2025	11.04.2025	IPH — Institute of Public Health	https://drive.google.com/file/d/1fNHLDSV9zrYtdYMEKa6VwU73jBPq7qR7/view
4	GP0824_01	P050102	Grape Pie	Cadmium	<0.3 mg/kg (≤ 1)	0.005 mg/kg	1767/2025	11.04.2025	IPH — Institute of Public Health	https://drive.google.com/file/d/1fNHLDSV9zrYtdYMEKa6VwU73jBPq7qR7/view
4	GP0824_01	P050102	Grape Pie	Lead	<0.5 mg/kg (≤ 5)	0.026 mg/kg	1767/2025	11.04.2025	IPH — Institute of Public Health	https://drive.google.com/file/d/1fNHLDSV9zrYtdYMEKa6VwU73jBPq7qR7/view
4	GP0824_01	P050102	Grape Pie	Mercury	<0.1 mg/kg	0.005 mg/kg	1767/2025	11.04.2025	IPH — Institute of Public Health	https://drive.google.com/file/d/1fNHLDSV9zrYtdYMEKa6VwU73jBPq7qR7/view
4	GP0824_01	P050102	Grape Pie	Arsenic	<0.2 mg/kg (≤ 2)	0.015 mg/kg	1767/2025	11.04.2025	IPH — Institute of Public Health	https://drive.google.com/file/d/1fNHLDSV9zrYtdYMEKa6VwU73jBPq7qR7/view
4	GP0824_01	P050102	Grape Pie	Total aflatoxins	<4 µg/kg	<2 µg/kg	1767/2025	11.04.2025	IPH — Institute of Public Health	https://drive.google.com/file/d/1fNHLDSV9zrYtdYMEKa6VwU73jBPq7qR7/view
4	GP0824_01	P050102	Grape Pie	Total aerobic microbial count (TAMC)	≤ 10⁵ CFU/g	4.2×10³ CFU/g	318/0585/25	14.04.2025	IPH — Institute of Public Health	https://drive.google.com/file/d/1fNHLDSV9zrYtdYMEKa6VwU73jBPq7qR7/view
4	GP0824_01	P050102	Grape Pie	Total combined yeasts/moulds count (TYMC)	≤ 10⁴ CFU/g	6×10² CFU/g	318/0585/25	14.04.2025	IPH — Institute of Public Health	https://drive.google.com/file/d/1fNHLDSV9zrYtdYMEKa6VwU73jBPq7qR7/view
4	GP0824_01	P050102	Grape Pie	Bile-tolerant gram-negative bacteria	≤ 10⁴ CFU/g	<10 CFU/g	318/0585/25	14.04.2025	IPH — Institute of Public Health	https://drive.google.com/file/d/1fNHLDSV9zrYtdYMEKa6VwU73jBPq7qR7/view
4	GP0824_01	P050102	Grape Pie	Escherichia coli	absent/g	Одговара (absent)	318/0585/25	14.04.2025	IPH — Institute of Public Health	https://drive.google.com/file/d/1fNHLDSV9zrYtdYMEKa6VwU73jBPq7qR7/view
4	GP0824_01	P050102	Grape Pie	Salmonella	absent/25g	Одговара (absent)	318/0585/25	14.04.2025	IPH — Institute of Public Health	https://drive.google.com/file/d/1fNHLDSV9zrYtdYMEKa6VwU73jBPq7qR7/view
4	GP0824_01	P050102	Grape Pie	Total aerobic microbial count (TAMC)	≤ 10⁵ CFU/g	5.2×10³ CFU/g	319/0586/25	14.04.2025	IPH — Institute of Public Health	https://drive.google.com/file/d/1fNHLDSV9zrYtdYMEKa6VwU73jBPq7qR7/view
4	GP0824_01	P050102	Grape Pie	Total combined yeasts/moulds count (TYMC)	≤ 10⁴ CFU/g	8.8×10² CFU/g	319/0586/25	14.04.2025	IPH — Institute of Public Health	https://drive.google.com/file/d/1fNHLDSV9zrYtdYMEKa6VwU73jBPq7qR7/view
4	GP0824_01	P050102	Grape Pie	Bile-tolerant gram-negative bacteria	≤ 10⁴ CFU/g	<10 CFU/g	319/0586/25	14.04.2025	IPH — Institute of Public Health	https://drive.google.com/file/d/1fNHLDSV9zrYtdYMEKa6VwU73jBPq7qR7/view
4	GP0824_01	P050102	Grape Pie	Escherichia coli	absent/g	Одговара (absent)	319/0586/25	14.04.2025	IPH — Institute of Public Health	https://drive.google.com/file/d/1fNHLDSV9zrYtdYMEKa6VwU73jBPq7qR7/view
4	GP0824_01	P050102	Grape Pie	Salmonella	absent/25g	Одговара (absent)	319/0586/25	14.04.2025	IPH — Institute of Public Health	https://drive.google.com/file/d/1fNHLDSV9zrYtdYMEKa6VwU73jBPq7qR7/view
5	MB0824_05	P050112	Motor Breath	Loss on Drying	≤ 10.00%	6.56%	ППК52211	28.07.2025 (completed 25.07.2025)	UKIM Faculty of Pharmacy — Center for Natural Products	https://drive.google.com/file/d/16WYKcTeeCy0-UC5I_LBM7sGbt885I8Ao/view
5	MB0824_05	P050112	Motor Breath	Cannabidiolic acid (CBDA) content	/	0.06%	ППК52211	28.07.2025 (completed 25.07.2025)	UKIM Faculty of Pharmacy — Center for Natural Products	https://drive.google.com/file/d/16WYKcTeeCy0-UC5I_LBM7sGbt885I8Ao/view
5	MB0824_05	P050112	Motor Breath	Cannabidiol (CBD) content	/	ND	ППК52211	28.07.2025 (completed 25.07.2025)	UKIM Faculty of Pharmacy — Center for Natural Products	https://drive.google.com/file/d/16WYKcTeeCy0-UC5I_LBM7sGbt885I8Ao/view
5	MB0824_05	P050112	Motor Breath	Cannabinol (CBN) content	≤ 1.00%	0.02%	ППК52211	28.07.2025 (completed 25.07.2025)	UKIM Faculty of Pharmacy — Center for Natural Products	https://drive.google.com/file/d/16WYKcTeeCy0-UC5I_LBM7sGbt885I8Ao/view
5	MB0824_05	P050112	Motor Breath	Delta-9-THC content	/	0.58%	ППК52211	28.07.2025 (completed 25.07.2025)	UKIM Faculty of Pharmacy — Center for Natural Products	https://drive.google.com/file/d/16WYKcTeeCy0-UC5I_LBM7sGbt885I8Ao/view
5	MB0824_05	P050112	Motor Breath	Delta-9-THCA content	/	18.51%	ППК52211	28.07.2025 (completed 25.07.2025)	UKIM Faculty of Pharmacy — Center for Natural Products	https://drive.google.com/file/d/16WYKcTeeCy0-UC5I_LBM7sGbt885I8Ao/view
5	MB0824_05	P050112	Motor Breath	Total CBD (CBD + CBDA x 0.877)	/	0.06%	ППК52211	28.07.2025 (completed 25.07.2025)	UKIM Faculty of Pharmacy — Center for Natural Products	https://drive.google.com/file/d/16WYKcTeeCy0-UC5I_LBM7sGbt885I8Ao/view
5	MB0824_05	P050112	Motor Breath	Total Delta-9-THC (THC + THCA x 0.877)	/	16.82%	ППК52211	28.07.2025 (completed 25.07.2025)	UKIM Faculty of Pharmacy — Center for Natural Products	https://drive.google.com/file/d/16WYKcTeeCy0-UC5I_LBM7sGbt885I8Ao/view
5	MB0824_05	P050112	Motor Breath	Deltamethrin	<0.5 mg/kg	N.D.	3638/2025	28.07.2025	IPH — Institute of Public Health	https://drive.google.com/file/d/16WYKcTeeCy0-UC5I_LBM7sGbt885I8Ao/view
5	MB0824_05	P050112	Motor Breath	Chlorpyriphos-methyl	<0.1 mg/kg	N.D.	3638/2025	28.07.2025	IPH — Institute of Public Health	https://drive.google.com/file/d/16WYKcTeeCy0-UC5I_LBM7sGbt885I8Ao/view
5	MB0824_05	P050112	Motor Breath	Chlorpyriphos-ethyl	<0.2 mg/kg	N.D.	3638/2025	28.07.2025	IPH — Institute of Public Health	https://drive.google.com/file/d/16WYKcTeeCy0-UC5I_LBM7sGbt885I8Ao/view
5	MB0824_05	P050112	Motor Breath	Endosulfan (sum of isomers and endosulfan sulfate)	<3 mg/kg	N.D.	3638/2025	28.07.2025	IPH — Institute of Public Health	https://drive.google.com/file/d/16WYKcTeeCy0-UC5I_LBM7sGbt885I8Ao/view
5	MB0824_05	P050112	Motor Breath	Lindan	<0.6 mg/kg	N.D.	3638/2025	28.07.2025	IPH — Institute of Public Health	https://drive.google.com/file/d/16WYKcTeeCy0-UC5I_LBM7sGbt885I8Ao/view
5	MB0824_05	P050112	Motor Breath	Aldrin and dieldrin (sum of)	<0.05 mg/kg	N.D.	3638/2025	28.07.2025	IPH — Institute of Public Health	https://drive.google.com/file/d/16WYKcTeeCy0-UC5I_LBM7sGbt885I8Ao/view
5	MB0824_05	P050112	Motor Breath	HCH (sum of alpha-, beta-, delta- and epsilon-)	<0.3 mg/kg	N.D.	3638/2025	28.07.2025	IPH — Institute of Public Health	https://drive.google.com/file/d/16WYKcTeeCy0-UC5I_LBM7sGbt885I8Ao/view
5	MB0824_05	P050112	Motor Breath	HCB (Hexachlorbenzene)	<0.1 mg/kg	N.D.	3638/2025	28.07.2025	IPH — Institute of Public Health	https://drive.google.com/file/d/16WYKcTeeCy0-UC5I_LBM7sGbt885I8Ao/view
5	MB0824_05	P050112	Motor Breath	DDT (total)	<1 mg/kg	N.D.	3638/2025	28.07.2025	IPH — Institute of Public Health	https://drive.google.com/file/d/16WYKcTeeCy0-UC5I_LBM7sGbt885I8Ao/view
5	MB0824_05	P050112	Motor Breath	Heptachlor (sum of heptachlor and heptachlorepoxide)	<0.05 mg/kg	N.D.	3638/2025	28.07.2025	IPH — Institute of Public Health	https://drive.google.com/file/d/16WYKcTeeCy0-UC5I_LBM7sGbt885I8Ao/view
5	MB0824_05	P050112	Motor Breath	Endrin	<0.05 mg/kg	N.D.	3638/2025	28.07.2025	IPH — Institute of Public Health	https://drive.google.com/file/d/16WYKcTeeCy0-UC5I_LBM7sGbt885I8Ao/view
5	MB0824_05	P050112	Motor Breath	Chlordane (sum of cis- and trans-)	<0.05 mg/kg	N.D.	3638/2025	28.07.2025	IPH — Institute of Public Health	https://drive.google.com/file/d/16WYKcTeeCy0-UC5I_LBM7sGbt885I8Ao/view
5	MB0824_05	P050112	Motor Breath	Metoxychlor	<0.05 mg/kg	N.D.	3638/2025	28.07.2025	IPH — Institute of Public Health	https://drive.google.com/file/d/16WYKcTeeCy0-UC5I_LBM7sGbt885I8Ao/view
5	MB0824_05	P050112	Motor Breath	Cadmium	<0.3 mg/kg (≤ 1)	N.D.	3638/2025	28.07.2025	IPH — Institute of Public Health	https://drive.google.com/file/d/16WYKcTeeCy0-UC5I_LBM7sGbt885I8Ao/view
5	MB0824_05	P050112	Motor Breath	Lead	<0.5 mg/kg (≤ 5)	N.D.	3638/2025	28.07.2025	IPH — Institute of Public Health	https://drive.google.com/file/d/16WYKcTeeCy0-UC5I_LBM7sGbt885I8Ao/view
5	MB0824_05	P050112	Motor Breath	Mercury	<0.1 mg/kg	0.006 mg/kg	3638/2025	28.07.2025	IPH — Institute of Public Health	https://drive.google.com/file/d/16WYKcTeeCy0-UC5I_LBM7sGbt885I8Ao/view
5	MB0824_05	P050112	Motor Breath	Arsenic	<0.2 mg/kg (≤ 2)	0.086 mg/kg	3638/2025	28.07.2025	IPH — Institute of Public Health	https://drive.google.com/file/d/16WYKcTeeCy0-UC5I_LBM7sGbt885I8Ao/view
5	MB0824_05	P050112	Motor Breath	Total aflatoxins	<4 µg/kg	2 µg/kg	3638/2025	28.07.2025	IPH — Institute of Public Health	https://drive.google.com/file/d/16WYKcTeeCy0-UC5I_LBM7sGbt885I8Ao/view
5	MB0824_05	P050112	Motor Breath	Total aerobic microbial count (TAMC)	≤ 10⁵ CFU/g	3.5×10³ CFU/g	767/1376/25	29.07.2025	IPH — Institute of Public Health	https://drive.google.com/file/d/16WYKcTeeCy0-UC5I_LBM7sGbt885I8Ao/view
5	MB0824_05	P050112	Motor Breath	Total combined yeasts/moulds count (TYMC)	≤ 10⁴ CFU/g	1×10³ CFU/g	767/1376/25	29.07.2025	IPH — Institute of Public Health	https://drive.google.com/file/d/16WYKcTeeCy0-UC5I_LBM7sGbt885I8Ao/view
5	MB0824_05	P050112	Motor Breath	Bile-tolerant gram-negative bacteria	≤ 10⁴ CFU/g	<10 CFU/g	767/1376/25	29.07.2025	IPH — Institute of Public Health	https://drive.google.com/file/d/16WYKcTeeCy0-UC5I_LBM7sGbt885I8Ao/view
5	MB0824_05	P050112	Motor Breath	Escherichia coli	absent/g	Одговара (absent)	767/1376/25	29.07.2025	IPH — Institute of Public Health	https://drive.google.com/file/d/16WYKcTeeCy0-UC5I_LBM7sGbt885I8Ao/view
5	MB0824_05	P050112	Motor Breath	Salmonella	absent/25g	Одговара (absent)	767/1376/25	29.07.2025	IPH — Institute of Public Health	https://drive.google.com/file/d/16WYKcTeeCy0-UC5I_LBM7sGbt885I8Ao/view
6	BG1024		Blue Gelato	Loss on Drying	≤ 10.00%	5.73%	ППК25050	26.02.2025 (completed 24.02.2025)	UKIM Faculty of Pharmacy — Center for Natural Products	https://drive.google.com/file/d/1IWtlFE2zBnnBNQGxesyvVwOIxr6dwwxr/view
6	BG1024		Blue Gelato	Cannabidiolic acid (CBDA) content	/	0.05%	ППК25050	26.02.2025 (completed 24.02.2025)	UKIM Faculty of Pharmacy — Center for Natural Products	https://drive.google.com/file/d/1IWtlFE2zBnnBNQGxesyvVwOIxr6dwwxr/view
6	BG1024		Blue Gelato	Cannabidiol (CBD) content	/	ND	ППК25050	26.02.2025 (completed 24.02.2025)	UKIM Faculty of Pharmacy — Center for Natural Products	https://drive.google.com/file/d/1IWtlFE2zBnnBNQGxesyvVwOIxr6dwwxr/view
6	BG1024		Blue Gelato	Cannabinol (CBN) content	≤ 1.00%	0.02%	ППК25050	26.02.2025 (completed 24.02.2025)	UKIM Faculty of Pharmacy — Center for Natural Products	https://drive.google.com/file/d/1IWtlFE2zBnnBNQGxesyvVwOIxr6dwwxr/view
6	BG1024		Blue Gelato	Delta-9-THC content	/	0.90%	ППК25050	26.02.2025 (completed 24.02.2025)	UKIM Faculty of Pharmacy — Center for Natural Products	https://drive.google.com/file/d/1IWtlFE2zBnnBNQGxesyvVwOIxr6dwwxr/view
6	BG1024		Blue Gelato	Delta-9-THCA content	/	23.83%	ППК25050	26.02.2025 (completed 24.02.2025)	UKIM Faculty of Pharmacy — Center for Natural Products	https://drive.google.com/file/d/1IWtlFE2zBnnBNQGxesyvVwOIxr6dwwxr/view
6	BG1024		Blue Gelato	Total CBD (CBD + CBDA x 0.877)	/	0.04%	ППК25050	26.02.2025 (completed 24.02.2025)	UKIM Faculty of Pharmacy — Center for Natural Products	https://drive.google.com/file/d/1IWtlFE2zBnnBNQGxesyvVwOIxr6dwwxr/view
6	BG1024		Blue Gelato	Total Delta-9-THC (THC + THCA x 0.877)	/	21.80%	ППК25050	26.02.2025 (completed 24.02.2025)	UKIM Faculty of Pharmacy — Center for Natural Products	https://drive.google.com/file/d/1IWtlFE2zBnnBNQGxesyvVwOIxr6dwwxr/view
6	BG1024		Blue Gelato	Deltamethrin	<0.5 mg/kg	N.D.	752/2025	27.02.2025	IPH — Institute of Public Health	https://drive.google.com/file/d/1IWtlFE2zBnnBNQGxesyvVwOIxr6dwwxr/view
6	BG1024		Blue Gelato	Chlorpyriphos-methyl	<0.1 mg/kg	N.D.	752/2025	27.02.2025	IPH — Institute of Public Health	https://drive.google.com/file/d/1IWtlFE2zBnnBNQGxesyvVwOIxr6dwwxr/view
6	BG1024		Blue Gelato	Chlorpyriphos-ethyl	<0.2 mg/kg	N.D.	752/2025	27.02.2025	IPH — Institute of Public Health	https://drive.google.com/file/d/1IWtlFE2zBnnBNQGxesyvVwOIxr6dwwxr/view
6	BG1024		Blue Gelato	Endosulfan (sum of isomers and endosulfan sulfate)	<3 mg/kg	N.D.	752/2025	27.02.2025	IPH — Institute of Public Health	https://drive.google.com/file/d/1IWtlFE2zBnnBNQGxesyvVwOIxr6dwwxr/view
6	BG1024		Blue Gelato	Lindan	<0.6 mg/kg	N.D.	752/2025	27.02.2025	IPH — Institute of Public Health	https://drive.google.com/file/d/1IWtlFE2zBnnBNQGxesyvVwOIxr6dwwxr/view
6	BG1024		Blue Gelato	Aldrin and dieldrin (sum of)	<0.05 mg/kg	N.D.	752/2025	27.02.2025	IPH — Institute of Public Health	https://drive.google.com/file/d/1IWtlFE2zBnnBNQGxesyvVwOIxr6dwwxr/view
6	BG1024		Blue Gelato	HCH (sum of alpha-, beta-, delta- and epsilon-)	<0.3 mg/kg	N.D.	752/2025	27.02.2025	IPH — Institute of Public Health	https://drive.google.com/file/d/1IWtlFE2zBnnBNQGxesyvVwOIxr6dwwxr/view
6	BG1024		Blue Gelato	HCB (Hexachlorbenzene)	<0.1 mg/kg	N.D.	752/2025	27.02.2025	IPH — Institute of Public Health	https://drive.google.com/file/d/1IWtlFE2zBnnBNQGxesyvVwOIxr6dwwxr/view
6	BG1024		Blue Gelato	DDT (total)	<1 mg/kg	N.D.	752/2025	27.02.2025	IPH — Institute of Public Health	https://drive.google.com/file/d/1IWtlFE2zBnnBNQGxesyvVwOIxr6dwwxr/view
6	BG1024		Blue Gelato	Heptachlor (sum of heptachlor and heptachlorepoxide)	<0.05 mg/kg	N.D.	752/2025	27.02.2025	IPH — Institute of Public Health	https://drive.google.com/file/d/1IWtlFE2zBnnBNQGxesyvVwOIxr6dwwxr/view
6	BG1024		Blue Gelato	Endrin	<0.05 mg/kg	N.D.	752/2025	27.02.2025	IPH — Institute of Public Health	https://drive.google.com/file/d/1IWtlFE2zBnnBNQGxesyvVwOIxr6dwwxr/view
6	BG1024		Blue Gelato	Chlordane (sum of cis- and trans-)	<0.05 mg/kg	N.D.	752/2025	27.02.2025	IPH — Institute of Public Health	https://drive.google.com/file/d/1IWtlFE2zBnnBNQGxesyvVwOIxr6dwwxr/view
6	BG1024		Blue Gelato	Metoxychlor	<0.05 mg/kg	N.D.	752/2025	27.02.2025	IPH — Institute of Public Health	https://drive.google.com/file/d/1IWtlFE2zBnnBNQGxesyvVwOIxr6dwwxr/view
6	BG1024		Blue Gelato	Cadmium	<0.3 mg/kg (≤ 1)	0.016 mg/kg	752/2025	27.02.2025	IPH — Institute of Public Health	https://drive.google.com/file/d/1IWtlFE2zBnnBNQGxesyvVwOIxr6dwwxr/view
6	BG1024		Blue Gelato	Lead	<0.5 mg/kg (≤ 5)	0.01 mg/kg	752/2025	27.02.2025	IPH — Institute of Public Health	https://drive.google.com/file/d/1IWtlFE2zBnnBNQGxesyvVwOIxr6dwwxr/view
6	BG1024		Blue Gelato	Mercury	<0.1 mg/kg	0.005 mg/kg	752/2025	27.02.2025	IPH — Institute of Public Health	https://drive.google.com/file/d/1IWtlFE2zBnnBNQGxesyvVwOIxr6dwwxr/view
6	BG1024		Blue Gelato	Arsenic	<0.2 mg/kg (≤ 2)	0.014 mg/kg	752/2025	27.02.2025	IPH — Institute of Public Health	https://drive.google.com/file/d/1IWtlFE2zBnnBNQGxesyvVwOIxr6dwwxr/view
6	BG1024		Blue Gelato	Total aflatoxins	<4 µg/kg	<2 µg/kg	752/2025	27.02.2025	IPH — Institute of Public Health	https://drive.google.com/file/d/1IWtlFE2zBnnBNQGxesyvVwOIxr6dwwxr/view
6	BG1024		Blue Gelato	Total aerobic microbial count (TAMC)	≤ 10⁵ CFU/g	1.6×10⁴ CFU/g	163/0271/25	24.02.2025	IPH — Institute of Public Health	https://drive.google.com/file/d/1IWtlFE2zBnnBNQGxesyvVwOIxr6dwwxr/view
6	BG1024		Blue Gelato	Total combined yeasts/moulds count (TYMC)	≤ 10⁴ CFU/g	1×10³ CFU/g	163/0271/25	24.02.2025	IPH — Institute of Public Health	https://drive.google.com/file/d/1IWtlFE2zBnnBNQGxesyvVwOIxr6dwwxr/view
6	BG1024		Blue Gelato	Bile-tolerant gram-negative bacteria	≤ 10⁴ CFU/g	<10² and >10 CFU/g	163/0271/25	24.02.2025	IPH — Institute of Public Health	https://drive.google.com/file/d/1IWtlFE2zBnnBNQGxesyvVwOIxr6dwwxr/view
6	BG1024		Blue Gelato	Escherichia coli	absent/g	Одговара (absent)	163/0271/25	24.02.2025	IPH — Institute of Public Health	https://drive.google.com/file/d/1IWtlFE2zBnnBNQGxesyvVwOIxr6dwwxr/view
6	BG1024		Blue Gelato	Salmonella	absent/25g	Одговара (absent)	163/0271/25	24.02.2025	IPH — Institute of Public Health	https://drive.google.com/file/d/1IWtlFE2zBnnBNQGxesyvVwOIxr6dwwxr/view
6	BG1024		Blue Gelato	Total Delta-9-THC (Farmahem retest)	min 5.00% (PP release spec)	26.14 %w/w (U 1.61)	197-1-К/26	07.08.2026 (received 27.07.2026, analysed 28.07.2026)	Farmahem — Laboratorija za zivotna sredina	https://drive.google.com/file/d/1r9OSCpucWiWjEW52qL4FvcHnTrpRPO8J/view
6	BG1024		Blue Gelato	Total CBN (Farmahem retest)	max 1.00% (PP release spec)	0.28 %w/w (U 0.02)	197-1-К/26	07.08.2026 (received 27.07.2026, analysed 28.07.2026)	Farmahem — Laboratorija za zivotna sredina	https://drive.google.com/file/d/1r9OSCpucWiWjEW52qL4FvcHnTrpRPO8J/view
6	BG1024		Blue Gelato	Total CBD (Farmahem retest)	max 1.00% (PP release spec)	<LOQ %w/w	197-1-К/26	07.08.2026 (received 27.07.2026, analysed 28.07.2026)	Farmahem — Laboratorija za zivotna sredina	https://drive.google.com/file/d/1r9OSCpucWiWjEW52qL4FvcHnTrpRPO8J/view
6	BG1024		Blue Gelato	Aflatoxin B1 (Farmahem retest)	≤ 2 µg/kg (Ph.Eur. ref)	ND	197-1-М/26	10.08.2026 (received 29.07.2026, analysed 06.08.2026)	Farmahem — Laboratorija za zivotna sredina	https://drive.google.com/file/d/1QyYXCaywhpRTdHAN7KUf2MutwiRPUJs2/view
6	BG1024		Blue Gelato	Aflatoxin B2 (Farmahem retest)	(included in Σ aflatoxins)	ND	197-1-М/26	10.08.2026 (received 29.07.2026, analysed 06.08.2026)	Farmahem — Laboratorija za zivotna sredina	https://drive.google.com/file/d/1QyYXCaywhpRTdHAN7KUf2MutwiRPUJs2/view
6	BG1024		Blue Gelato	Aflatoxin G1 (Farmahem retest)	(included in Σ aflatoxins)	ND	197-1-М/26	10.08.2026 (received 29.07.2026, analysed 06.08.2026)	Farmahem — Laboratorija za zivotna sredina	https://drive.google.com/file/d/1QyYXCaywhpRTdHAN7KUf2MutwiRPUJs2/view
6	BG1024		Blue Gelato	Aflatoxin G2 (Farmahem retest)	(included in Σ aflatoxins)	ND	197-1-М/26	10.08.2026 (received 29.07.2026, analysed 06.08.2026)	Farmahem — Laboratorija za zivotna sredina	https://drive.google.com/file/d/1QyYXCaywhpRTdHAN7KUf2MutwiRPUJs2/view
6	BG1024		Blue Gelato	Sum aflatoxins B1+B2+G1+G2 (Farmahem retest)	≤ 4 µg/kg (Ph.Eur. ref)	ND (all four not detected)	197-1-М/26	10.08.2026 (received 29.07.2026, analysed 06.08.2026)	Farmahem — Laboratorija za zivotna sredina	https://drive.google.com/file/d/1QyYXCaywhpRTdHAN7KUf2MutwiRPUJs2/view
6	BG1024		Blue Gelato	Ochratoxin A (Farmahem retest)	per PP spec (Ph.Eur. ref ≤ 20 µg/kg)	ND	197-1-М/26	10.08.2026 (received 29.07.2026, analysed 06.08.2026)	Farmahem — Laboratorija za zivotna sredina	https://drive.google.com/file/d/1QyYXCaywhpRTdHAN7KUf2MutwiRPUJs2/view
7	BSS1024		Blue Sunset Sherbet	Loss on Drying	≤ 10.00%	5.99%	ППК25051	26.02.2025 (completed 24.02.2025)	UKIM Faculty of Pharmacy — Center for Natural Products	https://drive.google.com/file/d/1l2jbM-8J01E0jPeqpNv9Ebyxn0L2efYA/view
7	BSS1024		Blue Sunset Sherbet	Cannabidiolic acid (CBDA) content	/	0.05%	ППК25051	26.02.2025 (completed 24.02.2025)	UKIM Faculty of Pharmacy — Center for Natural Products	https://drive.google.com/file/d/1l2jbM-8J01E0jPeqpNv9Ebyxn0L2efYA/view
7	BSS1024		Blue Sunset Sherbet	Cannabidiol (CBD) content	/	ND	ППК25051	26.02.2025 (completed 24.02.2025)	UKIM Faculty of Pharmacy — Center for Natural Products	https://drive.google.com/file/d/1l2jbM-8J01E0jPeqpNv9Ebyxn0L2efYA/view
7	BSS1024		Blue Sunset Sherbet	Cannabinol (CBN) content	≤ 1.00%	0.02%	ППК25051	26.02.2025 (completed 24.02.2025)	UKIM Faculty of Pharmacy — Center for Natural Products	https://drive.google.com/file/d/1l2jbM-8J01E0jPeqpNv9Ebyxn0L2efYA/view
7	BSS1024		Blue Sunset Sherbet	Delta-9-THC content	/	0.75%	ППК25051	26.02.2025 (completed 24.02.2025)	UKIM Faculty of Pharmacy — Center for Natural Products	https://drive.google.com/file/d/1l2jbM-8J01E0jPeqpNv9Ebyxn0L2efYA/view
7	BSS1024		Blue Sunset Sherbet	Delta-9-THCA content	/	23.13%	ППК25051	26.02.2025 (completed 24.02.2025)	UKIM Faculty of Pharmacy — Center for Natural Products	https://drive.google.com/file/d/1l2jbM-8J01E0jPeqpNv9Ebyxn0L2efYA/view
7	BSS1024		Blue Sunset Sherbet	Total CBD (CBD + CBDA x 0.877)	/	0.04%	ППК25051	26.02.2025 (completed 24.02.2025)	UKIM Faculty of Pharmacy — Center for Natural Products	https://drive.google.com/file/d/1l2jbM-8J01E0jPeqpNv9Ebyxn0L2efYA/view
7	BSS1024		Blue Sunset Sherbet	Total Delta-9-THC (THC + THCA x 0.877)	/	21.03%	ППК25051	26.02.2025 (completed 24.02.2025)	UKIM Faculty of Pharmacy — Center for Natural Products	https://drive.google.com/file/d/1l2jbM-8J01E0jPeqpNv9Ebyxn0L2efYA/view
7	BSS1024		Blue Sunset Sherbet	Deltamethrin	<0.5 mg/kg	N.D.	751/2025	27.02.2025	IPH — Institute of Public Health	https://drive.google.com/file/d/1l2jbM-8J01E0jPeqpNv9Ebyxn0L2efYA/view
7	BSS1024		Blue Sunset Sherbet	Chlorpyriphos-methyl	<0.1 mg/kg	N.D.	751/2025	27.02.2025	IPH — Institute of Public Health	https://drive.google.com/file/d/1l2jbM-8J01E0jPeqpNv9Ebyxn0L2efYA/view
7	BSS1024		Blue Sunset Sherbet	Chlorpyriphos-ethyl	<0.2 mg/kg	N.D.	751/2025	27.02.2025	IPH — Institute of Public Health	https://drive.google.com/file/d/1l2jbM-8J01E0jPeqpNv9Ebyxn0L2efYA/view
7	BSS1024		Blue Sunset Sherbet	Endosulfan (sum of isomers and endosulfan sulfate)	<3 mg/kg	N.D.	751/2025	27.02.2025	IPH — Institute of Public Health	https://drive.google.com/file/d/1l2jbM-8J01E0jPeqpNv9Ebyxn0L2efYA/view
7	BSS1024		Blue Sunset Sherbet	Lindan	<0.6 mg/kg	N.D.	751/2025	27.02.2025	IPH — Institute of Public Health	https://drive.google.com/file/d/1l2jbM-8J01E0jPeqpNv9Ebyxn0L2efYA/view
7	BSS1024		Blue Sunset Sherbet	Aldrin and dieldrin (sum of)	<0.05 mg/kg	N.D.	751/2025	27.02.2025	IPH — Institute of Public Health	https://drive.google.com/file/d/1l2jbM-8J01E0jPeqpNv9Ebyxn0L2efYA/view
7	BSS1024		Blue Sunset Sherbet	HCH (sum of alpha-, beta-, delta- and epsilon-)	<0.3 mg/kg	N.D.	751/2025	27.02.2025	IPH — Institute of Public Health	https://drive.google.com/file/d/1l2jbM-8J01E0jPeqpNv9Ebyxn0L2efYA/view
7	BSS1024		Blue Sunset Sherbet	HCB (Hexachlorbenzene)	<0.1 mg/kg	N.D.	751/2025	27.02.2025	IPH — Institute of Public Health	https://drive.google.com/file/d/1l2jbM-8J01E0jPeqpNv9Ebyxn0L2efYA/view
7	BSS1024		Blue Sunset Sherbet	DDT (total)	<1 mg/kg	N.D.	751/2025	27.02.2025	IPH — Institute of Public Health	https://drive.google.com/file/d/1l2jbM-8J01E0jPeqpNv9Ebyxn0L2efYA/view
7	BSS1024		Blue Sunset Sherbet	Heptachlor (sum of heptachlor and heptachlorepoxide)	<0.05 mg/kg	N.D.	751/2025	27.02.2025	IPH — Institute of Public Health	https://drive.google.com/file/d/1l2jbM-8J01E0jPeqpNv9Ebyxn0L2efYA/view
7	BSS1024		Blue Sunset Sherbet	Endrin	<0.05 mg/kg	N.D.	751/2025	27.02.2025	IPH — Institute of Public Health	https://drive.google.com/file/d/1l2jbM-8J01E0jPeqpNv9Ebyxn0L2efYA/view
7	BSS1024		Blue Sunset Sherbet	Chlordane (sum of cis- and trans-)	<0.05 mg/kg	N.D.	751/2025	27.02.2025	IPH — Institute of Public Health	https://drive.google.com/file/d/1l2jbM-8J01E0jPeqpNv9Ebyxn0L2efYA/view
7	BSS1024		Blue Sunset Sherbet	Metoxychlor	<0.05 mg/kg	N.D.	751/2025	27.02.2025	IPH — Institute of Public Health	https://drive.google.com/file/d/1l2jbM-8J01E0jPeqpNv9Ebyxn0L2efYA/view
7	BSS1024		Blue Sunset Sherbet	Cadmium	<0.3 mg/kg (≤ 1)	0.014 mg/kg	751/2025	27.02.2025	IPH — Institute of Public Health	https://drive.google.com/file/d/1l2jbM-8J01E0jPeqpNv9Ebyxn0L2efYA/view
7	BSS1024		Blue Sunset Sherbet	Lead	<0.5 mg/kg (≤ 5)	0.071 mg/kg	751/2025	27.02.2025	IPH — Institute of Public Health	https://drive.google.com/file/d/1l2jbM-8J01E0jPeqpNv9Ebyxn0L2efYA/view
7	BSS1024		Blue Sunset Sherbet	Mercury	<0.1 mg/kg	0.014 mg/kg	751/2025	27.02.2025	IPH — Institute of Public Health	https://drive.google.com/file/d/1l2jbM-8J01E0jPeqpNv9Ebyxn0L2efYA/view
7	BSS1024		Blue Sunset Sherbet	Arsenic	<0.2 mg/kg (≤ 2)	0.081 mg/kg	751/2025	27.02.2025	IPH — Institute of Public Health	https://drive.google.com/file/d/1l2jbM-8J01E0jPeqpNv9Ebyxn0L2efYA/view
7	BSS1024		Blue Sunset Sherbet	Total aflatoxins	<4 µg/kg	<2 µg/kg	751/2025	27.02.2025	IPH — Institute of Public Health	https://drive.google.com/file/d/1l2jbM-8J01E0jPeqpNv9Ebyxn0L2efYA/view
7	BSS1024		Blue Sunset Sherbet	Total aerobic microbial count (TAMC)	≤ 10⁵ CFU/g	1.5×10⁴ CFU/g	161/0269/25	24.02.2025	IPH — Institute of Public Health	https://drive.google.com/file/d/1l2jbM-8J01E0jPeqpNv9Ebyxn0L2efYA/view
7	BSS1024		Blue Sunset Sherbet	Total combined yeasts/moulds count (TYMC)	≤ 10⁴ CFU/g	2.2×10³ CFU/g	161/0269/25	24.02.2025	IPH — Institute of Public Health	https://drive.google.com/file/d/1l2jbM-8J01E0jPeqpNv9Ebyxn0L2efYA/view
7	BSS1024		Blue Sunset Sherbet	Bile-tolerant gram-negative bacteria	≤ 10⁴ CFU/g	<10² and >10 CFU/g	161/0269/25	24.02.2025	IPH — Institute of Public Health	https://drive.google.com/file/d/1l2jbM-8J01E0jPeqpNv9Ebyxn0L2efYA/view
7	BSS1024		Blue Sunset Sherbet	Escherichia coli	absent/g	Одговара (absent)	161/0269/25	24.02.2025	IPH — Institute of Public Health	https://drive.google.com/file/d/1l2jbM-8J01E0jPeqpNv9Ebyxn0L2efYA/view
7	BSS1024		Blue Sunset Sherbet	Salmonella	absent/25g	Одговара (absent)	161/0269/25	24.02.2025	IPH — Institute of Public Health	https://drive.google.com/file/d/1l2jbM-8J01E0jPeqpNv9Ebyxn0L2efYA/view
7	BSS1024		Blue Sunset Sherbet	Total Delta-9-THC (Farmahem retest)	min 5.00% (PP release spec)	25.01 %w/w (U 1.54)	197-2-К/26	07.08.2026 (received 27.07.2026, analysed 28.07.2026)	Farmahem — Laboratorija za zivotna sredina	https://drive.google.com/file/d/1qJV8tDdVqHXWGqsXszGGbjKfXNi56PXh/view
7	BSS1024		Blue Sunset Sherbet	Total CBN (Farmahem retest)	max 1.00% (PP release spec)	<LOQ %w/w	197-2-К/26	07.08.2026 (received 27.07.2026, analysed 28.07.2026)	Farmahem — Laboratorija za zivotna sredina	https://drive.google.com/file/d/1qJV8tDdVqHXWGqsXszGGbjKfXNi56PXh/view
7	BSS1024		Blue Sunset Sherbet	Total CBD (Farmahem retest)	max 1.00% (PP release spec)	<LOQ %w/w	197-2-К/26	07.08.2026 (received 27.07.2026, analysed 28.07.2026)	Farmahem — Laboratorija za zivotna sredina	https://drive.google.com/file/d/1qJV8tDdVqHXWGqsXszGGbjKfXNi56PXh/view
7	BSS1024		Blue Sunset Sherbet	Aflatoxin B1 (Farmahem retest)	≤ 2 µg/kg (Ph.Eur. ref)	ND	197-2-М/26	10.08.2026 (received 29.07.2026, analysed 06.08.2026)	Farmahem — Laboratorija za zivotna sredina	https://drive.google.com/file/d/1vSOhdNMoW_w7IyOz6XsqxbdOsw3ofImc/view
7	BSS1024		Blue Sunset Sherbet	Aflatoxin B2 (Farmahem retest)	(included in Σ aflatoxins)	ND	197-2-М/26	10.08.2026 (received 29.07.2026, analysed 06.08.2026)	Farmahem — Laboratorija za zivotna sredina	https://drive.google.com/file/d/1vSOhdNMoW_w7IyOz6XsqxbdOsw3ofImc/view
7	BSS1024		Blue Sunset Sherbet	Aflatoxin G1 (Farmahem retest)	(included in Σ aflatoxins)	ND	197-2-М/26	10.08.2026 (received 29.07.2026, analysed 06.08.2026)	Farmahem — Laboratorija za zivotna sredina	https://drive.google.com/file/d/1vSOhdNMoW_w7IyOz6XsqxbdOsw3ofImc/view
7	BSS1024		Blue Sunset Sherbet	Aflatoxin G2 (Farmahem retest)	(included in Σ aflatoxins)	ND	197-2-М/26	10.08.2026 (received 29.07.2026, analysed 06.08.2026)	Farmahem — Laboratorija za zivotna sredina	https://drive.google.com/file/d/1vSOhdNMoW_w7IyOz6XsqxbdOsw3ofImc/view
7	BSS1024		Blue Sunset Sherbet	Sum aflatoxins B1+B2+G1+G2 (Farmahem retest)	≤ 4 µg/kg (Ph.Eur. ref)	ND (all four not detected)	197-2-М/26	10.08.2026 (received 29.07.2026, analysed 06.08.2026)	Farmahem — Laboratorija za zivotna sredina	https://drive.google.com/file/d/1vSOhdNMoW_w7IyOz6XsqxbdOsw3ofImc/view
7	BSS1024		Blue Sunset Sherbet	Ochratoxin A (Farmahem retest)	per PP spec (Ph.Eur. ref ≤ 20 µg/kg)	ND	197-2-М/26	10.08.2026 (received 29.07.2026, analysed 06.08.2026)	Farmahem — Laboratorija za zivotna sredina	https://drive.google.com/file/d/1vSOhdNMoW_w7IyOz6XsqxbdOsw3ofImc/view
8	CJ1024		Cap Junky	Loss on Drying	≤ 10.00%	5.91%	ППК25052	26.02.2025 (completed 24.02.2025)	UKIM Faculty of Pharmacy — Center for Natural Products	https://drive.google.com/file/d/1n0s9tGpM_xghxyYnjW6iKH99BPq4mq2b/view
8	CJ1024		Cap Junky	Cannabidiolic acid (CBDA) content	/	0.06%	ППК25052	26.02.2025 (completed 24.02.2025)	UKIM Faculty of Pharmacy — Center for Natural Products	https://drive.google.com/file/d/1n0s9tGpM_xghxyYnjW6iKH99BPq4mq2b/view
8	CJ1024		Cap Junky	Cannabidiol (CBD) content	/	BLQ	ППК25052	26.02.2025 (completed 24.02.2025)	UKIM Faculty of Pharmacy — Center for Natural Products	https://drive.google.com/file/d/1n0s9tGpM_xghxyYnjW6iKH99BPq4mq2b/view
8	CJ1024		Cap Junky	Cannabinol (CBN) content	≤ 1.00%	0.02%	ППК25052	26.02.2025 (completed 24.02.2025)	UKIM Faculty of Pharmacy — Center for Natural Products	https://drive.google.com/file/d/1n0s9tGpM_xghxyYnjW6iKH99BPq4mq2b/view
8	CJ1024		Cap Junky	Delta-9-THC content	/	0.93%	ППК25052	26.02.2025 (completed 24.02.2025)	UKIM Faculty of Pharmacy — Center for Natural Products	https://drive.google.com/file/d/1n0s9tGpM_xghxyYnjW6iKH99BPq4mq2b/view
8	CJ1024		Cap Junky	Delta-9-THCA content	/	25.16%	ППК25052	26.02.2025 (completed 24.02.2025)	UKIM Faculty of Pharmacy — Center for Natural Products	https://drive.google.com/file/d/1n0s9tGpM_xghxyYnjW6iKH99BPq4mq2b/view
8	CJ1024		Cap Junky	Total CBD (CBD + CBDA x 0.877)	/	0.05%	ППК25052	26.02.2025 (completed 24.02.2025)	UKIM Faculty of Pharmacy — Center for Natural Products	https://drive.google.com/file/d/1n0s9tGpM_xghxyYnjW6iKH99BPq4mq2b/view
8	CJ1024		Cap Junky	Total Delta-9-THC (THC + THCA x 0.877)	/	23.00%	ППК25052	26.02.2025 (completed 24.02.2025)	UKIM Faculty of Pharmacy — Center for Natural Products	https://drive.google.com/file/d/1n0s9tGpM_xghxyYnjW6iKH99BPq4mq2b/view
8	CJ1024		Cap Junky	Deltamethrin	<0.5 mg/kg	N.D.	750/2025	27.02.2025	IPH — Institute of Public Health	https://drive.google.com/file/d/1n0s9tGpM_xghxyYnjW6iKH99BPq4mq2b/view
8	CJ1024		Cap Junky	Chlorpyriphos-methyl	<0.1 mg/kg	N.D.	750/2025	27.02.2025	IPH — Institute of Public Health	https://drive.google.com/file/d/1n0s9tGpM_xghxyYnjW6iKH99BPq4mq2b/view
8	CJ1024		Cap Junky	Chlorpyriphos-ethyl	<0.2 mg/kg	N.D.	750/2025	27.02.2025	IPH — Institute of Public Health	https://drive.google.com/file/d/1n0s9tGpM_xghxyYnjW6iKH99BPq4mq2b/view
8	CJ1024		Cap Junky	Endosulfan (sum of isomers and endosulfan sulfate)	<3 mg/kg	N.D.	750/2025	27.02.2025	IPH — Institute of Public Health	https://drive.google.com/file/d/1n0s9tGpM_xghxyYnjW6iKH99BPq4mq2b/view
8	CJ1024		Cap Junky	Lindan	<0.6 mg/kg	N.D.	750/2025	27.02.2025	IPH — Institute of Public Health	https://drive.google.com/file/d/1n0s9tGpM_xghxyYnjW6iKH99BPq4mq2b/view
8	CJ1024		Cap Junky	Aldrin and dieldrin (sum of)	<0.05 mg/kg	N.D.	750/2025	27.02.2025	IPH — Institute of Public Health	https://drive.google.com/file/d/1n0s9tGpM_xghxyYnjW6iKH99BPq4mq2b/view
8	CJ1024		Cap Junky	HCH (sum of alpha-, beta-, delta- and epsilon-)	<0.3 mg/kg	N.D.	750/2025	27.02.2025	IPH — Institute of Public Health	https://drive.google.com/file/d/1n0s9tGpM_xghxyYnjW6iKH99BPq4mq2b/view
8	CJ1024		Cap Junky	HCB (Hexachlorbenzene)	<0.1 mg/kg	N.D.	750/2025	27.02.2025	IPH — Institute of Public Health	https://drive.google.com/file/d/1n0s9tGpM_xghxyYnjW6iKH99BPq4mq2b/view
8	CJ1024		Cap Junky	DDT (total)	<1 mg/kg	N.D.	750/2025	27.02.2025	IPH — Institute of Public Health	https://drive.google.com/file/d/1n0s9tGpM_xghxyYnjW6iKH99BPq4mq2b/view
8	CJ1024		Cap Junky	Heptachlor (sum of heptachlor and heptachlorepoxide)	<0.05 mg/kg	N.D.	750/2025	27.02.2025	IPH — Institute of Public Health	https://drive.google.com/file/d/1n0s9tGpM_xghxyYnjW6iKH99BPq4mq2b/view
8	CJ1024		Cap Junky	Endrin	<0.05 mg/kg	N.D.	750/2025	27.02.2025	IPH — Institute of Public Health	https://drive.google.com/file/d/1n0s9tGpM_xghxyYnjW6iKH99BPq4mq2b/view
8	CJ1024		Cap Junky	Chlordane (sum of cis- and trans-)	<0.05 mg/kg	N.D.	750/2025	27.02.2025	IPH — Institute of Public Health	https://drive.google.com/file/d/1n0s9tGpM_xghxyYnjW6iKH99BPq4mq2b/view
8	CJ1024		Cap Junky	Metoxychlor	<0.05 mg/kg	N.D.	750/2025	27.02.2025	IPH — Institute of Public Health	https://drive.google.com/file/d/1n0s9tGpM_xghxyYnjW6iKH99BPq4mq2b/view
8	CJ1024		Cap Junky	Cadmium	<0.3 mg/kg (≤ 1)	0.013 mg/kg	750/2025	27.02.2025	IPH — Institute of Public Health	https://drive.google.com/file/d/1n0s9tGpM_xghxyYnjW6iKH99BPq4mq2b/view
8	CJ1024		Cap Junky	Lead	<0.5 mg/kg (≤ 5)	0.036 mg/kg	750/2025	27.02.2025	IPH — Institute of Public Health	https://drive.google.com/file/d/1n0s9tGpM_xghxyYnjW6iKH99BPq4mq2b/view
8	CJ1024		Cap Junky	Mercury	<0.1 mg/kg	0.006 mg/kg	750/2025	27.02.2025	IPH — Institute of Public Health	https://drive.google.com/file/d/1n0s9tGpM_xghxyYnjW6iKH99BPq4mq2b/view
8	CJ1024		Cap Junky	Arsenic	<0.2 mg/kg (≤ 2)	0.063 mg/kg	750/2025	27.02.2025	IPH — Institute of Public Health	https://drive.google.com/file/d/1n0s9tGpM_xghxyYnjW6iKH99BPq4mq2b/view
8	CJ1024		Cap Junky	Total aflatoxins	<4 µg/kg	<2 µg/kg	750/2025	27.02.2025	IPH — Institute of Public Health	https://drive.google.com/file/d/1n0s9tGpM_xghxyYnjW6iKH99BPq4mq2b/view
8	CJ1024		Cap Junky	Total aerobic microbial count (TAMC)	≤ 10⁵ CFU/g	8.4×10³ CFU/g	164/0272/25	24.02.2025	IPH — Institute of Public Health	https://drive.google.com/file/d/1n0s9tGpM_xghxyYnjW6iKH99BPq4mq2b/view
8	CJ1024		Cap Junky	Total combined yeasts/moulds count (TYMC)	≤ 10⁴ CFU/g	<10 CFU/g	164/0272/25	24.02.2025	IPH — Institute of Public Health	https://drive.google.com/file/d/1n0s9tGpM_xghxyYnjW6iKH99BPq4mq2b/view
8	CJ1024		Cap Junky	Bile-tolerant gram-negative bacteria	≤ 10⁴ CFU/g	<10 CFU/g	164/0272/25	24.02.2025	IPH — Institute of Public Health	https://drive.google.com/file/d/1n0s9tGpM_xghxyYnjW6iKH99BPq4mq2b/view
8	CJ1024		Cap Junky	Escherichia coli	absent/g	Одговара (absent)	164/0272/25	24.02.2025	IPH — Institute of Public Health	https://drive.google.com/file/d/1n0s9tGpM_xghxyYnjW6iKH99BPq4mq2b/view
8	CJ1024		Cap Junky	Salmonella	absent/25g	Одговара (absent)	164/0272/25	24.02.2025	IPH — Institute of Public Health	https://drive.google.com/file/d/1n0s9tGpM_xghxyYnjW6iKH99BPq4mq2b/view
9	GG1024		Gorilla Glue	Appearance — Visual	Dark green to pale yellow or light brown to reddish-brown female inflorescence, with characteristic aromatic odour	Confirms	n/a — Purely Plant in-house CoA (Batch GG1024, no certificate/report number printed)	23.04.2025	Not stated on PP in-house CoA (row unmarked, not attributed to an accredited lab)	https://drive.google.com/file/d/1hBg1kL2hM7OlvFCwu488aNMj0Rrny_JC/view
9	GG1024		Gorilla Glue	Identification — DAB	The retention time of each cannabinoid of the test solution corresponds to its of the standard solution	Confirms	n/a — Purely Plant in-house CoA (Batch GG1024, no certificate/report number printed)	23.04.2025	IPH / UKIM Faculty of Pharmacy [accredited labs per PP in-house CoA footnote**; lab not attributed per-row]	https://drive.google.com/file/d/1hBg1kL2hM7OlvFCwu488aNMj0Rrny_JC/view
9	GG1024		Gorilla Glue	Foreign matter — Ph. Eur. 2.8.2	< 2.0%	Confirms	n/a — Purely Plant in-house CoA (Batch GG1024, no certificate/report number printed)	23.04.2025	Not stated on PP in-house CoA (row unmarked, not attributed to an accredited lab)	https://drive.google.com/file/d/1hBg1kL2hM7OlvFCwu488aNMj0Rrny_JC/view
9	GG1024		Gorilla Glue	Total Δ9-tetrahydrocannabinol — DAB	12.6 – 15.4% of the labelled amount	13.34%	n/a — Purely Plant in-house CoA (Batch GG1024, no certificate/report number printed)	23.04.2025	IPH / UKIM Faculty of Pharmacy [accredited labs per PP in-house CoA footnote**; lab not attributed per-row]	https://drive.google.com/file/d/1hBg1kL2hM7OlvFCwu488aNMj0Rrny_JC/view
9	GG1024		Gorilla Glue	Total Cannabidiol — DAB	< 1.0%	0.03%	n/a — Purely Plant in-house CoA (Batch GG1024, no certificate/report number printed)	23.04.2025	IPH / UKIM Faculty of Pharmacy [accredited labs per PP in-house CoA footnote**; lab not attributed per-row]	https://drive.google.com/file/d/1hBg1kL2hM7OlvFCwu488aNMj0Rrny_JC/view
9	GG1024		Gorilla Glue	Cannabinol — DAB	< 1.0%	N.D.	n/a — Purely Plant in-house CoA (Batch GG1024, no certificate/report number printed)	23.04.2025	IPH / UKIM Faculty of Pharmacy [accredited labs per PP in-house CoA footnote**; lab not attributed per-row]	https://drive.google.com/file/d/1hBg1kL2hM7OlvFCwu488aNMj0Rrny_JC/view
9	GG1024		Gorilla Glue	Total aflatoxines — Ph. Eur. 2.8.18 / Afla test Fluorometric method	< 4 µg/kg	< 2 µg/kg	n/a — Purely Plant in-house CoA (Batch GG1024, no certificate/report number printed)	23.04.2025	IPH / UKIM Faculty of Pharmacy [accredited labs per PP in-house CoA footnote**; lab not attributed per-row]	https://drive.google.com/file/d/1hBg1kL2hM7OlvFCwu488aNMj0Rrny_JC/view
9	GG1024		Gorilla Glue	Deltamethrin — Ph. Eur. 2.8.13 / MKC EN 15662:2020	< 0.5 mg/kg	N.D.	n/a — Purely Plant in-house CoA (Batch GG1024, no certificate/report number printed)	23.04.2025	IPH / UKIM Faculty of Pharmacy [accredited labs per PP in-house CoA footnote**; lab not attributed per-row]	https://drive.google.com/file/d/1hBg1kL2hM7OlvFCwu488aNMj0Rrny_JC/view
9	GG1024		Gorilla Glue	Chlorpyriphos-methyl — Ph. Eur. 2.8.13 / MKC EN 15662:2020	< 0.1 mg/kg	N.D.	n/a — Purely Plant in-house CoA (Batch GG1024, no certificate/report number printed)	23.04.2025	IPH / UKIM Faculty of Pharmacy [accredited labs per PP in-house CoA footnote**; lab not attributed per-row]	https://drive.google.com/file/d/1hBg1kL2hM7OlvFCwu488aNMj0Rrny_JC/view
9	GG1024		Gorilla Glue	Chlorpyriphos-ethyl — Ph. Eur. 2.8.13 / MKC EN 15662:2020	< 0.2 mg/kg	N.D.	n/a — Purely Plant in-house CoA (Batch GG1024, no certificate/report number printed)	23.04.2025	IPH / UKIM Faculty of Pharmacy [accredited labs per PP in-house CoA footnote**; lab not attributed per-row]	https://drive.google.com/file/d/1hBg1kL2hM7OlvFCwu488aNMj0Rrny_JC/view
9	GG1024		Gorilla Glue	Endosulfan (sum of isomers and endosulfan sulfate) — Ph. Eur. 2.8.13 / MKC EN 15662:2020	< 3 mg/kg	N.D.	n/a — Purely Plant in-house CoA (Batch GG1024, no certificate/report number printed)	23.04.2025	IPH / UKIM Faculty of Pharmacy [accredited labs per PP in-house CoA footnote**; lab not attributed per-row]	https://drive.google.com/file/d/1hBg1kL2hM7OlvFCwu488aNMj0Rrny_JC/view
9	GG1024		Gorilla Glue	Lindan — Ph. Eur. 2.8.13 / MKC EN 15662:2020	< 0.6 mg/kg	N.D.	n/a — Purely Plant in-house CoA (Batch GG1024, no certificate/report number printed)	23.04.2025	IPH / UKIM Faculty of Pharmacy [accredited labs per PP in-house CoA footnote**; lab not attributed per-row]	https://drive.google.com/file/d/1hBg1kL2hM7OlvFCwu488aNMj0Rrny_JC/view
9	GG1024		Gorilla Glue	Aldrin and dieldrin (sum of) — Ph. Eur. 2.8.13 / MKC EN 15662:2020	< 0.05 mg/kg	N.D.	n/a — Purely Plant in-house CoA (Batch GG1024, no certificate/report number printed)	23.04.2025	IPH / UKIM Faculty of Pharmacy [accredited labs per PP in-house CoA footnote**; lab not attributed per-row]	https://drive.google.com/file/d/1hBg1kL2hM7OlvFCwu488aNMj0Rrny_JC/view
9	GG1024		Gorilla Glue	HCH (sum of α-, β-, δ- and ε) — Ph. Eur. 2.8.13 / MKC EN 15662:2020	< 0.3 mg/kg	N.D.	n/a — Purely Plant in-house CoA (Batch GG1024, no certificate/report number printed)	23.04.2025	IPH / UKIM Faculty of Pharmacy [accredited labs per PP in-house CoA footnote**; lab not attributed per-row]	https://drive.google.com/file/d/1hBg1kL2hM7OlvFCwu488aNMj0Rrny_JC/view
9	GG1024		Gorilla Glue	HCB (Hexachlorobenzene) — Ph. Eur. 2.8.13 / MKC EN 15662:2020	< 0.1 mg/kg	N.D.	n/a — Purely Plant in-house CoA (Batch GG1024, no certificate/report number printed)	23.04.2025	IPH / UKIM Faculty of Pharmacy [accredited labs per PP in-house CoA footnote**; lab not attributed per-row]	https://drive.google.com/file/d/1hBg1kL2hM7OlvFCwu488aNMj0Rrny_JC/view
9	GG1024		Gorilla Glue	DDT (total) — Ph. Eur. 2.8.13 / MKC EN 15662:2020	< 1 mg/kg	N.D.	n/a — Purely Plant in-house CoA (Batch GG1024, no certificate/report number printed)	23.04.2025	IPH / UKIM Faculty of Pharmacy [accredited labs per PP in-house CoA footnote**; lab not attributed per-row]	https://drive.google.com/file/d/1hBg1kL2hM7OlvFCwu488aNMj0Rrny_JC/view
9	GG1024		Gorilla Glue	Heptachlor (sum of heptachlor and heptachloroepoxide) — Ph. Eur. 2.8.13 / MKC EN 15662:2020	< 0.05 mg/kg	N.D.	n/a — Purely Plant in-house CoA (Batch GG1024, no certificate/report number printed)	23.04.2025	IPH / UKIM Faculty of Pharmacy [accredited labs per PP in-house CoA footnote**; lab not attributed per-row]	https://drive.google.com/file/d/1hBg1kL2hM7OlvFCwu488aNMj0Rrny_JC/view
9	GG1024		Gorilla Glue	Endrin — Ph. Eur. 2.8.13 / MKC EN 15662:2020	< 0.05 mg/kg	N.D.	n/a — Purely Plant in-house CoA (Batch GG1024, no certificate/report number printed)	23.04.2025	IPH / UKIM Faculty of Pharmacy [accredited labs per PP in-house CoA footnote**; lab not attributed per-row]	https://drive.google.com/file/d/1hBg1kL2hM7OlvFCwu488aNMj0Rrny_JC/view
9	GG1024		Gorilla Glue	Chlordane (sum of cis- and trans-) — Ph. Eur. 2.8.13 / MKC EN 15662:2020	< 0.05 mg/kg	N.D.	n/a — Purely Plant in-house CoA (Batch GG1024, no certificate/report number printed)	23.04.2025	IPH / UKIM Faculty of Pharmacy [accredited labs per PP in-house CoA footnote**; lab not attributed per-row]	https://drive.google.com/file/d/1hBg1kL2hM7OlvFCwu488aNMj0Rrny_JC/view
9	GG1024		Gorilla Glue	Metoxychlor — Ph. Eur. 2.8.13 / MKC EN 15662:2020	< 0.05 mg/kg	N.D.	n/a — Purely Plant in-house CoA (Batch GG1024, no certificate/report number printed)	23.04.2025	IPH / UKIM Faculty of Pharmacy [accredited labs per PP in-house CoA footnote**; lab not attributed per-row]	https://drive.google.com/file/d/1hBg1kL2hM7OlvFCwu488aNMj0Rrny_JC/view
9	GG1024		Gorilla Glue	Cadmium — Ph. Eur. 2.4.27 / MKC EN 17853:2023	< 0.3 mg/kg	0.016 mg/kg	n/a — Purely Plant in-house CoA (Batch GG1024, no certificate/report number printed)	23.04.2025	IPH / UKIM Faculty of Pharmacy [accredited labs per PP in-house CoA footnote**; lab not attributed per-row]	https://drive.google.com/file/d/1hBg1kL2hM7OlvFCwu488aNMj0Rrny_JC/view
9	GG1024		Gorilla Glue	Lead — Ph. Eur. 2.4.27 / MKC EN 17853:2023	< 0.5 mg/kg	0.052 mg/kg	n/a — Purely Plant in-house CoA (Batch GG1024, no certificate/report number printed)	23.04.2025	IPH / UKIM Faculty of Pharmacy [accredited labs per PP in-house CoA footnote**; lab not attributed per-row]	https://drive.google.com/file/d/1hBg1kL2hM7OlvFCwu488aNMj0Rrny_JC/view
9	GG1024		Gorilla Glue	Mercury — Ph. Eur. 2.4.27 / MKC EN 17853:2023	< 0.1 mg/kg	0.004 mg/kg	n/a — Purely Plant in-house CoA (Batch GG1024, no certificate/report number printed)	23.04.2025	IPH / UKIM Faculty of Pharmacy [accredited labs per PP in-house CoA footnote**; lab not attributed per-row]	https://drive.google.com/file/d/1hBg1kL2hM7OlvFCwu488aNMj0Rrny_JC/view
9	GG1024		Gorilla Glue	Arsenic — Ph. Eur. 2.4.27 / MKC EN 17853:2023	< 0.2 mg/kg	0.04 mg/kg	n/a — Purely Plant in-house CoA (Batch GG1024, no certificate/report number printed)	23.04.2025	IPH / UKIM Faculty of Pharmacy [accredited labs per PP in-house CoA footnote**; lab not attributed per-row]	https://drive.google.com/file/d/1hBg1kL2hM7OlvFCwu488aNMj0Rrny_JC/view
9	GG1024		Gorilla Glue	Total aerobic microbial count (TAMC) — Ph. Eur. 5.1.8, category C	<10^5, max 500 000 CFU/g	1.1·10^4 CFU/g	n/a — Purely Plant in-house CoA (Batch GG1024, no certificate/report number printed)	23.04.2025	IPH / UKIM Faculty of Pharmacy [accredited labs per PP in-house CoA footnote**; lab not attributed per-row]	https://drive.google.com/file/d/1hBg1kL2hM7OlvFCwu488aNMj0Rrny_JC/view
9	GG1024		Gorilla Glue	Total combined yeasts/moulds count (TYMC) — Ph. Eur. 5.1.8, category C	<10^4, max 50 000 CFU/g	<10 CFU/g	n/a — Purely Plant in-house CoA (Batch GG1024, no certificate/report number printed)	23.04.2025	IPH / UKIM Faculty of Pharmacy [accredited labs per PP in-house CoA footnote**; lab not attributed per-row]	https://drive.google.com/file/d/1hBg1kL2hM7OlvFCwu488aNMj0Rrny_JC/view
9	GG1024		Gorilla Glue	Bile-tolerant gram-negative bacteria — Ph. Eur. 2.6.12	<10^2 CFU/g	<10^2 >10 CFU/g	n/a — Purely Plant in-house CoA (Batch GG1024, no certificate/report number printed)	23.04.2025	IPH / UKIM Faculty of Pharmacy [accredited labs per PP in-house CoA footnote**; lab not attributed per-row]	https://drive.google.com/file/d/1hBg1kL2hM7OlvFCwu488aNMj0Rrny_JC/view
9	GG1024		Gorilla Glue	Escherichia coli/g	To be absent	Absent	n/a — Purely Plant in-house CoA (Batch GG1024, no certificate/report number printed)	23.04.2025	IPH / UKIM Faculty of Pharmacy [accredited labs per PP in-house CoA footnote**; lab not attributed per-row]	https://drive.google.com/file/d/1hBg1kL2hM7OlvFCwu488aNMj0Rrny_JC/view
9	GG1024		Gorilla Glue	Salmonella/25g	To be absent	Absent	n/a — Purely Plant in-house CoA (Batch GG1024, no certificate/report number printed)	23.04.2025	IPH / UKIM Faculty of Pharmacy [accredited labs per PP in-house CoA footnote**; lab not attributed per-row]	https://drive.google.com/file/d/1hBg1kL2hM7OlvFCwu488aNMj0Rrny_JC/view
10	HPA1024		High Pro Amnesia	Appearance — Visual	Dark green to pale yellow or light brown to reddish-brown female inflorescence, with characteristic aromatic odour	Confirms	n/a — Purely Plant in-house CoA (Batch HPA1024, no certificate/report number printed)	23.01.2025	Not stated on PP in-house CoA (row unmarked, not attributed to an accredited lab)	https://drive.google.com/file/d/1MIhYvfj3rHj3MqkKE2wfGAW0xlMQVzRo/view
10	HPA1024		High Pro Amnesia	Identification — DAB	The retention time of each cannabinoid of the test solution corresponds to its of the standard solution	Confirms	n/a — Purely Plant in-house CoA (Batch HPA1024, no certificate/report number printed)	23.01.2025	IPH / UKIM Faculty of Pharmacy [accredited labs per PP in-house CoA footnote**; lab not attributed per-row]	https://drive.google.com/file/d/1MIhYvfj3rHj3MqkKE2wfGAW0xlMQVzRo/view
10	HPA1024		High Pro Amnesia	Foreign matter — Ph. Eur. 2.8.2	< 2.0%	Confirms	n/a — Purely Plant in-house CoA (Batch HPA1024, no certificate/report number printed)	23.01.2025	Not stated on PP in-house CoA (row unmarked, not attributed to an accredited lab)	https://drive.google.com/file/d/1MIhYvfj3rHj3MqkKE2wfGAW0xlMQVzRo/view
10	HPA1024		High Pro Amnesia	Total Δ9-tetrahydrocannabinol — DAB	12.6 – 15.4% of the labelled amount	14.97%	n/a — Purely Plant in-house CoA (Batch HPA1024, no certificate/report number printed)	23.01.2025	IPH / UKIM Faculty of Pharmacy [accredited labs per PP in-house CoA footnote**; lab not attributed per-row]	https://drive.google.com/file/d/1MIhYvfj3rHj3MqkKE2wfGAW0xlMQVzRo/view
10	HPA1024		High Pro Amnesia	Total Cannabidiol — DAB	< 1.0%	0.04%	n/a — Purely Plant in-house CoA (Batch HPA1024, no certificate/report number printed)	23.01.2025	IPH / UKIM Faculty of Pharmacy [accredited labs per PP in-house CoA footnote**; lab not attributed per-row]	https://drive.google.com/file/d/1MIhYvfj3rHj3MqkKE2wfGAW0xlMQVzRo/view
10	HPA1024		High Pro Amnesia	Cannabinol — DAB	< 1.0%	N.D.	n/a — Purely Plant in-house CoA (Batch HPA1024, no certificate/report number printed)	23.01.2025	IPH / UKIM Faculty of Pharmacy [accredited labs per PP in-house CoA footnote**; lab not attributed per-row]	https://drive.google.com/file/d/1MIhYvfj3rHj3MqkKE2wfGAW0xlMQVzRo/view
10	HPA1024		High Pro Amnesia	Total aflatoxines — Ph. Eur. 2.8.18 / Afla test Fluorometric method	< 4 µg/kg	< 2 µg/kg	n/a — Purely Plant in-house CoA (Batch HPA1024, no certificate/report number printed)	23.01.2025	IPH / UKIM Faculty of Pharmacy [accredited labs per PP in-house CoA footnote**; lab not attributed per-row]	https://drive.google.com/file/d/1MIhYvfj3rHj3MqkKE2wfGAW0xlMQVzRo/view
10	HPA1024		High Pro Amnesia	Deltamethrin — Ph. Eur. 2.8.13 / MKC EN 15662:2020	< 0.5 mg/kg	N.D.	n/a — Purely Plant in-house CoA (Batch HPA1024, no certificate/report number printed)	23.01.2025	IPH / UKIM Faculty of Pharmacy [accredited labs per PP in-house CoA footnote**; lab not attributed per-row]	https://drive.google.com/file/d/1MIhYvfj3rHj3MqkKE2wfGAW0xlMQVzRo/view
10	HPA1024		High Pro Amnesia	Chlorpyriphos-methyl — Ph. Eur. 2.8.13 / MKC EN 15662:2020	< 0.1 mg/kg	N.D.	n/a — Purely Plant in-house CoA (Batch HPA1024, no certificate/report number printed)	23.01.2025	IPH / UKIM Faculty of Pharmacy [accredited labs per PP in-house CoA footnote**; lab not attributed per-row]	https://drive.google.com/file/d/1MIhYvfj3rHj3MqkKE2wfGAW0xlMQVzRo/view
10	HPA1024		High Pro Amnesia	Chlorpyriphos-ethyl — Ph. Eur. 2.8.13 / MKC EN 15662:2020	< 0.2 mg/kg	N.D.	n/a — Purely Plant in-house CoA (Batch HPA1024, no certificate/report number printed)	23.01.2025	IPH / UKIM Faculty of Pharmacy [accredited labs per PP in-house CoA footnote**; lab not attributed per-row]	https://drive.google.com/file/d/1MIhYvfj3rHj3MqkKE2wfGAW0xlMQVzRo/view
10	HPA1024		High Pro Amnesia	Endosulfan (sum of isomers and endosulfan sulfate) — Ph. Eur. 2.8.13 / MKC EN 15662:2020	< 3 mg/kg	N.D.	n/a — Purely Plant in-house CoA (Batch HPA1024, no certificate/report number printed)	23.01.2025	IPH / UKIM Faculty of Pharmacy [accredited labs per PP in-house CoA footnote**; lab not attributed per-row]	https://drive.google.com/file/d/1MIhYvfj3rHj3MqkKE2wfGAW0xlMQVzRo/view
10	HPA1024		High Pro Amnesia	Lindan — Ph. Eur. 2.8.13 / MKC EN 15662:2020	< 0.6 mg/kg	N.D.	n/a — Purely Plant in-house CoA (Batch HPA1024, no certificate/report number printed)	23.01.2025	IPH / UKIM Faculty of Pharmacy [accredited labs per PP in-house CoA footnote**; lab not attributed per-row]	https://drive.google.com/file/d/1MIhYvfj3rHj3MqkKE2wfGAW0xlMQVzRo/view
10	HPA1024		High Pro Amnesia	Aldrin and dieldrin (sum of) — Ph. Eur. 2.8.13 / MKC EN 15662:2020	< 0.05 mg/kg	N.D.	n/a — Purely Plant in-house CoA (Batch HPA1024, no certificate/report number printed)	23.01.2025	IPH / UKIM Faculty of Pharmacy [accredited labs per PP in-house CoA footnote**; lab not attributed per-row]	https://drive.google.com/file/d/1MIhYvfj3rHj3MqkKE2wfGAW0xlMQVzRo/view
10	HPA1024		High Pro Amnesia	HCH (sum of α-, β-, δ- and ε) — Ph. Eur. 2.8.13 / MKC EN 15662:2020	< 0.3 mg/kg	N.D.	n/a — Purely Plant in-house CoA (Batch HPA1024, no certificate/report number printed)	23.01.2025	IPH / UKIM Faculty of Pharmacy [accredited labs per PP in-house CoA footnote**; lab not attributed per-row]	https://drive.google.com/file/d/1MIhYvfj3rHj3MqkKE2wfGAW0xlMQVzRo/view
10	HPA1024		High Pro Amnesia	HCB (Hexachlorobenzene) — Ph. Eur. 2.8.13 / MKC EN 15662:2020	< 0.1 mg/kg	N.D.	n/a — Purely Plant in-house CoA (Batch HPA1024, no certificate/report number printed)	23.01.2025	IPH / UKIM Faculty of Pharmacy [accredited labs per PP in-house CoA footnote**; lab not attributed per-row]	https://drive.google.com/file/d/1MIhYvfj3rHj3MqkKE2wfGAW0xlMQVzRo/view
10	HPA1024		High Pro Amnesia	DDT (total) — Ph. Eur. 2.8.13 / MKC EN 15662:2020	< 1 mg/kg	N.D.	n/a — Purely Plant in-house CoA (Batch HPA1024, no certificate/report number printed)	23.01.2025	IPH / UKIM Faculty of Pharmacy [accredited labs per PP in-house CoA footnote**; lab not attributed per-row]	https://drive.google.com/file/d/1MIhYvfj3rHj3MqkKE2wfGAW0xlMQVzRo/view
10	HPA1024		High Pro Amnesia	Heptachlor (sum of heptachlor and heptachlorepoxide) — Ph. Eur. 2.8.13 / MKC EN 15662:2020	< 0.05 mg/kg	N.D.	n/a — Purely Plant in-house CoA (Batch HPA1024, no certificate/report number printed)	23.01.2025	IPH / UKIM Faculty of Pharmacy [accredited labs per PP in-house CoA footnote**; lab not attributed per-row]	https://drive.google.com/file/d/1MIhYvfj3rHj3MqkKE2wfGAW0xlMQVzRo/view
10	HPA1024		High Pro Amnesia	Endrin — Ph. Eur. 2.8.13 / MKC EN 15662:2020	< 0.05 mg/kg	N.D.	n/a — Purely Plant in-house CoA (Batch HPA1024, no certificate/report number printed)	23.01.2025	IPH / UKIM Faculty of Pharmacy [accredited labs per PP in-house CoA footnote**; lab not attributed per-row]	https://drive.google.com/file/d/1MIhYvfj3rHj3MqkKE2wfGAW0xlMQVzRo/view
10	HPA1024		High Pro Amnesia	Chlordane (sum of cis- and trans-) — Ph. Eur. 2.8.13 / MKC EN 15662:2020	< 0.05 mg/kg	N.D.	n/a — Purely Plant in-house CoA (Batch HPA1024, no certificate/report number printed)	23.01.2025	IPH / UKIM Faculty of Pharmacy [accredited labs per PP in-house CoA footnote**; lab not attributed per-row]	https://drive.google.com/file/d/1MIhYvfj3rHj3MqkKE2wfGAW0xlMQVzRo/view
10	HPA1024		High Pro Amnesia	Metoxychlor — Ph. Eur. 2.8.13 / MKC EN 15662:2020	< 0.05 mg/kg	N.D.	n/a — Purely Plant in-house CoA (Batch HPA1024, no certificate/report number printed)	23.01.2025	IPH / UKIM Faculty of Pharmacy [accredited labs per PP in-house CoA footnote**; lab not attributed per-row]	https://drive.google.com/file/d/1MIhYvfj3rHj3MqkKE2wfGAW0xlMQVzRo/view
10	HPA1024		High Pro Amnesia	Cadmium — Ph. Eur. 2.4.27 / MKC EN 17853:2023	< 0.3 mg/kg	0.013 mg/kg	n/a — Purely Plant in-house CoA (Batch HPA1024, no certificate/report number printed)	23.01.2025	IPH / UKIM Faculty of Pharmacy [accredited labs per PP in-house CoA footnote**; lab not attributed per-row]	https://drive.google.com/file/d/1MIhYvfj3rHj3MqkKE2wfGAW0xlMQVzRo/view
10	HPA1024		High Pro Amnesia	Lead — Ph. Eur. 2.4.27 / MKC EN 17853:2023	< 0.5 mg/kg	0.02 mg/kg	n/a — Purely Plant in-house CoA (Batch HPA1024, no certificate/report number printed)	23.01.2025	IPH / UKIM Faculty of Pharmacy [accredited labs per PP in-house CoA footnote**; lab not attributed per-row]	https://drive.google.com/file/d/1MIhYvfj3rHj3MqkKE2wfGAW0xlMQVzRo/view
10	HPA1024		High Pro Amnesia	Mercury — Ph. Eur. 2.4.27 / MKC EN 17853:2023	< 0.1 mg/kg	0.0026 mg/kg	n/a — Purely Plant in-house CoA (Batch HPA1024, no certificate/report number printed)	23.01.2025	IPH / UKIM Faculty of Pharmacy [accredited labs per PP in-house CoA footnote**; lab not attributed per-row]	https://drive.google.com/file/d/1MIhYvfj3rHj3MqkKE2wfGAW0xlMQVzRo/view
10	HPA1024		High Pro Amnesia	Arsenic — Ph. Eur. 2.4.27 / MKC EN 17853:2023	< 0.2 mg/kg	0.017 mg/kg	n/a — Purely Plant in-house CoA (Batch HPA1024, no certificate/report number printed)	23.01.2025	IPH / UKIM Faculty of Pharmacy [accredited labs per PP in-house CoA footnote**; lab not attributed per-row]	https://drive.google.com/file/d/1MIhYvfj3rHj3MqkKE2wfGAW0xlMQVzRo/view
10	HPA1024		High Pro Amnesia	Total aerobic microbial count (TAMC) — Ph. Eur. 5.1.8, category C	<10^5, max 500 000 CFU/g	5.2·10^4 CFU/g	n/a — Purely Plant in-house CoA (Batch HPA1024, no certificate/report number printed)	23.01.2025	IPH / UKIM Faculty of Pharmacy [accredited labs per PP in-house CoA footnote**; lab not attributed per-row]	https://drive.google.com/file/d/1MIhYvfj3rHj3MqkKE2wfGAW0xlMQVzRo/view
10	HPA1024		High Pro Amnesia	Total combined yeasts/moulds count (TYMC) — Ph. Eur. 5.1.8, category C	<10^4, max 50 000 CFU/g	7·10^2 CFU/g	n/a — Purely Plant in-house CoA (Batch HPA1024, no certificate/report number printed)	23.01.2025	IPH / UKIM Faculty of Pharmacy [accredited labs per PP in-house CoA footnote**; lab not attributed per-row]	https://drive.google.com/file/d/1MIhYvfj3rHj3MqkKE2wfGAW0xlMQVzRo/view
10	HPA1024		High Pro Amnesia	Bile-tolerant gram-negative bacteria — Ph. Eur. 2.6.12	<10^CFU/g	<10 CFU/g [DATA INTEGRITY FLAG — see source]	n/a — Purely Plant in-house CoA (Batch HPA1024, no certificate/report number printed)	23.01.2025	IPH / UKIM Faculty of Pharmacy [accredited labs per PP in-house CoA footnote**; lab not attributed per-row]	https://drive.google.com/file/d/1MIhYvfj3rHj3MqkKE2wfGAW0xlMQVzRo/view
10	HPA1024		High Pro Amnesia	Escherichia coli/g	To be absent	Absent	n/a — Purely Plant in-house CoA (Batch HPA1024, no certificate/report number printed)	23.01.2025	IPH / UKIM Faculty of Pharmacy [accredited labs per PP in-house CoA footnote**; lab not attributed per-row]	https://drive.google.com/file/d/1MIhYvfj3rHj3MqkKE2wfGAW0xlMQVzRo/view
10	HPA1024		High Pro Amnesia	Salmonella/25g	To be absent	Absent	n/a — Purely Plant in-house CoA (Batch HPA1024, no certificate/report number printed)	23.01.2025	IPH / UKIM Faculty of Pharmacy [accredited labs per PP in-house CoA footnote**; lab not attributed per-row]	https://drive.google.com/file/d/1MIhYvfj3rHj3MqkKE2wfGAW0xlMQVzRo/view
10	HPA1024		High Pro Amnesia	Total Δ9-THC (Вкупно Δ9-THC, as Δ9-THC) — HPLC/DAD	min 5.00% (PP release spec)	17.31 %w/w (U 1.06 %w/w, k=2)	197-13-К/26	07.08.2026	Farmahem DOOEL — Laboratory for Environment (Лабораторија за животна средина), Skopje	https://drive.google.com/file/d/1zzMmCWQubbSkLgWnseUwK_rf_AnYysPJ/view
10	HPA1024		High Pro Amnesia	Total CBN (Вкупен CBN) — HPLC/DAD	max 1.00% (PP release spec)	0.36 %w/w (U 0.02 %w/w, k=2)	197-13-К/26	07.08.2026	Farmahem DOOEL — Laboratory for Environment (Лабораторија за животна средина), Skopje	https://drive.google.com/file/d/1zzMmCWQubbSkLgWnseUwK_rf_AnYysPJ/view
10	HPA1024		High Pro Amnesia	Total CBD (Вкупен CBD, as CBD) — HPLC/DAD	max 1.00% (PP release spec)	<LOQ %w/w	197-13-К/26	07.08.2026	Farmahem DOOEL — Laboratory for Environment (Лабораторија за животна средина), Skopje	https://drive.google.com/file/d/1zzMmCWQubbSkLgWnseUwK_rf_AnYysPJ/view
10	HPA1024		High Pro Amnesia	Aflatoxin B1	≤ 2 µg/kg (Ph.Eur. ref — confirm vs PP spec)	ND µg/kg	197-13-М/26	10.08.2026	Farmahem DOOEL — Laboratory for Environment (Лабораторија за животна средина), Skopje	https://drive.google.com/file/d/1c_wT0Ug3BML51zz1EewHzrkl85UImWWQ/view
10	HPA1024		High Pro Amnesia	Aflatoxin B2	(included in Σ aflatoxins)	ND µg/kg	197-13-М/26	10.08.2026	Farmahem DOOEL — Laboratory for Environment (Лабораторија за животна средина), Skopje	https://drive.google.com/file/d/1c_wT0Ug3BML51zz1EewHzrkl85UImWWQ/view
10	HPA1024		High Pro Amnesia	Aflatoxin G1	(included in Σ aflatoxins)	ND µg/kg	197-13-М/26	10.08.2026	Farmahem DOOEL — Laboratory for Environment (Лабораторија за животна средина), Skopje	https://drive.google.com/file/d/1c_wT0Ug3BML51zz1EewHzrkl85UImWWQ/view
10	HPA1024		High Pro Amnesia	Aflatoxin G2	(included in Σ aflatoxins)	ND µg/kg	197-13-М/26	10.08.2026	Farmahem DOOEL — Laboratory for Environment (Лабораторија за животна средина), Skopje	https://drive.google.com/file/d/1c_wT0Ug3BML51zz1EewHzrkl85UImWWQ/view
10	HPA1024		High Pro Amnesia	Sum aflatoxins B1+B2+G1+G2	≤ 4 µg/kg (Ph.Eur. ref)	ND (all four aflatoxins not detected)	197-13-М/26	10.08.2026	Farmahem DOOEL — Laboratory for Environment (Лабораторија за животна средина), Skopje	https://drive.google.com/file/d/1c_wT0Ug3BML51zz1EewHzrkl85UImWWQ/view
10	HPA1024		High Pro Amnesia	Ochratoxin A	per PP spec (confirm; Ph.Eur. ref commonly ≤ 20 µg/kg)	<LOQ µg/kg	197-13-М/26	10.08.2026	Farmahem DOOEL — Laboratory for Environment (Лабораторија за животна средина), Skopje	https://drive.google.com/file/d/1c_wT0Ug3BML51zz1EewHzrkl85UImWWQ/view
11	OPM1024		Orange Punch Mimosa	Appearance — Visual	Dark green to pale yellow or light brown to reddish-brown female inflorescence, with characteristic aromatic odour	Confirms	n/a — Purely Plant in-house CoA (Batch OPM1024, no certificate/report number printed)	23.04.2025	Not stated on PP in-house CoA (row unmarked, not attributed to an accredited lab)	https://drive.google.com/file/d/1ekMcYjkE4pdgxKw00geQ0_tIy37FF50m/view
11	OPM1024		Orange Punch Mimosa	Identification — DAB	The retention time of each cannabinoid of the test solution corresponds to its of the standard solution	Confirms	n/a — Purely Plant in-house CoA (Batch OPM1024, no certificate/report number printed)	23.04.2025	IPH / UKIM Faculty of Pharmacy [accredited labs per PP in-house CoA footnote**; lab not attributed per-row]	https://drive.google.com/file/d/1ekMcYjkE4pdgxKw00geQ0_tIy37FF50m/view
11	OPM1024		Orange Punch Mimosa	Foreign matter — Ph. Eur. 2.8.2	< 2.0%	Confirms	n/a — Purely Plant in-house CoA (Batch OPM1024, no certificate/report number printed)	23.04.2025	Not stated on PP in-house CoA (row unmarked, not attributed to an accredited lab)	https://drive.google.com/file/d/1ekMcYjkE4pdgxKw00geQ0_tIy37FF50m/view
11	OPM1024		Orange Punch Mimosa	Total Δ9-tetrahydrocannabinol — DAB	18.0 – 22.0% of the labelled amount	19.96%	n/a — Purely Plant in-house CoA (Batch OPM1024, no certificate/report number printed)	23.04.2025	IPH / UKIM Faculty of Pharmacy [accredited labs per PP in-house CoA footnote**; lab not attributed per-row]	https://drive.google.com/file/d/1ekMcYjkE4pdgxKw00geQ0_tIy37FF50m/view
11	OPM1024		Orange Punch Mimosa	Total Cannabidiol — DAB	< 1.0%	0.05%	n/a — Purely Plant in-house CoA (Batch OPM1024, no certificate/report number printed)	23.04.2025	IPH / UKIM Faculty of Pharmacy [accredited labs per PP in-house CoA footnote**; lab not attributed per-row]	https://drive.google.com/file/d/1ekMcYjkE4pdgxKw00geQ0_tIy37FF50m/view
11	OPM1024		Orange Punch Mimosa	Cannabinol — DAB	< 1.0%	0.02%	n/a — Purely Plant in-house CoA (Batch OPM1024, no certificate/report number printed)	23.04.2025	IPH / UKIM Faculty of Pharmacy [accredited labs per PP in-house CoA footnote**; lab not attributed per-row]	https://drive.google.com/file/d/1ekMcYjkE4pdgxKw00geQ0_tIy37FF50m/view
11	OPM1024		Orange Punch Mimosa	Total aflatoxines — Ph. Eur. 2.8.18 / Alfa test Fluorometric method	< 4 µg/kg	< 2 µg/kg	n/a — Purely Plant in-house CoA (Batch OPM1024, no certificate/report number printed)	23.04.2025	IPH / UKIM Faculty of Pharmacy [accredited labs per PP in-house CoA footnote**; lab not attributed per-row]	https://drive.google.com/file/d/1ekMcYjkE4pdgxKw00geQ0_tIy37FF50m/view
11	OPM1024		Orange Punch Mimosa	Deltamethrin — Ph. Eur. 2.8.13 / MKC EN 15662:2020	< 0.5 mg/kg	N.D.	n/a — Purely Plant in-house CoA (Batch OPM1024, no certificate/report number printed)	23.04.2025	IPH / UKIM Faculty of Pharmacy [accredited labs per PP in-house CoA footnote**; lab not attributed per-row]	https://drive.google.com/file/d/1ekMcYjkE4pdgxKw00geQ0_tIy37FF50m/view
11	OPM1024		Orange Punch Mimosa	Chlorpyriphos-methyl — Ph. Eur. 2.8.13 / MKC EN 15662:2020	< 0.1 mg/kg	N.D.	n/a — Purely Plant in-house CoA (Batch OPM1024, no certificate/report number printed)	23.04.2025	IPH / UKIM Faculty of Pharmacy [accredited labs per PP in-house CoA footnote**; lab not attributed per-row]	https://drive.google.com/file/d/1ekMcYjkE4pdgxKw00geQ0_tIy37FF50m/view
11	OPM1024		Orange Punch Mimosa	Chlorpyriphos-ethyl — Ph. Eur. 2.8.13 / MKC EN 15662:2020	< 0.2 mg/kg	N.D.	n/a — Purely Plant in-house CoA (Batch OPM1024, no certificate/report number printed)	23.04.2025	IPH / UKIM Faculty of Pharmacy [accredited labs per PP in-house CoA footnote**; lab not attributed per-row]	https://drive.google.com/file/d/1ekMcYjkE4pdgxKw00geQ0_tIy37FF50m/view
11	OPM1024		Orange Punch Mimosa	Endosulfan (sum of isomers and endosulfan sulfate) — Ph. Eur. 2.8.13 / MKC EN 15662:2020	< 3 mg/kg	N.D.	n/a — Purely Plant in-house CoA (Batch OPM1024, no certificate/report number printed)	23.04.2025	IPH / UKIM Faculty of Pharmacy [accredited labs per PP in-house CoA footnote**; lab not attributed per-row]	https://drive.google.com/file/d/1ekMcYjkE4pdgxKw00geQ0_tIy37FF50m/view
11	OPM1024		Orange Punch Mimosa	Lindan — Ph. Eur. 2.8.13 / MKC EN 15662:2020	< 0.6 mg/kg	N.D.	n/a — Purely Plant in-house CoA (Batch OPM1024, no certificate/report number printed)	23.04.2025	IPH / UKIM Faculty of Pharmacy [accredited labs per PP in-house CoA footnote**; lab not attributed per-row]	https://drive.google.com/file/d/1ekMcYjkE4pdgxKw00geQ0_tIy37FF50m/view
11	OPM1024		Orange Punch Mimosa	Aldrin and dieldrin (sum of) — Ph. Eur. 2.8.13 / MKC EN 15662:2020	< 0.05 mg/kg	N.D.	n/a — Purely Plant in-house CoA (Batch OPM1024, no certificate/report number printed)	23.04.2025	IPH / UKIM Faculty of Pharmacy [accredited labs per PP in-house CoA footnote**; lab not attributed per-row]	https://drive.google.com/file/d/1ekMcYjkE4pdgxKw00geQ0_tIy37FF50m/view
11	OPM1024		Orange Punch Mimosa	HCH (sum of α-, β-, δ- and ε) — Ph. Eur. 2.8.13 / MKC EN 15662:2020	< 0.3 mg/kg	N.D.	n/a — Purely Plant in-house CoA (Batch OPM1024, no certificate/report number printed)	23.04.2025	IPH / UKIM Faculty of Pharmacy [accredited labs per PP in-house CoA footnote**; lab not attributed per-row]	https://drive.google.com/file/d/1ekMcYjkE4pdgxKw00geQ0_tIy37FF50m/view
11	OPM1024		Orange Punch Mimosa	HCB (Hexachlorbenzene) — Ph. Eur. 2.8.13 / MKC EN 15662:2020	< 0.1 mg/kg	N.D.	n/a — Purely Plant in-house CoA (Batch OPM1024, no certificate/report number printed)	23.04.2025	IPH / UKIM Faculty of Pharmacy [accredited labs per PP in-house CoA footnote**; lab not attributed per-row]	https://drive.google.com/file/d/1ekMcYjkE4pdgxKw00geQ0_tIy37FF50m/view
11	OPM1024		Orange Punch Mimosa	DDT (total) — Ph. Eur. 2.8.13 / MKC EN 15662:2020	< 1 mg/kg	N.D.	n/a — Purely Plant in-house CoA (Batch OPM1024, no certificate/report number printed)	23.04.2025	IPH / UKIM Faculty of Pharmacy [accredited labs per PP in-house CoA footnote**; lab not attributed per-row]	https://drive.google.com/file/d/1ekMcYjkE4pdgxKw00geQ0_tIy37FF50m/view
11	OPM1024		Orange Punch Mimosa	Heptachlor (sum of heptachlor and heptachlorepoxide) — Ph. Eur. 2.8.13 / MKC EN 15662:2020	< 0.05 mg/kg	N.D.	n/a — Purely Plant in-house CoA (Batch OPM1024, no certificate/report number printed)	23.04.2025	IPH / UKIM Faculty of Pharmacy [accredited labs per PP in-house CoA footnote**; lab not attributed per-row]	https://drive.google.com/file/d/1ekMcYjkE4pdgxKw00geQ0_tIy37FF50m/view
11	OPM1024		Orange Punch Mimosa	Endrin — Ph. Eur. 2.8.13 / MKC EN 15662:2020	< 0.05 mg/kg	N.D.	n/a — Purely Plant in-house CoA (Batch OPM1024, no certificate/report number printed)	23.04.2025	IPH / UKIM Faculty of Pharmacy [accredited labs per PP in-house CoA footnote**; lab not attributed per-row]	https://drive.google.com/file/d/1ekMcYjkE4pdgxKw00geQ0_tIy37FF50m/view
11	OPM1024		Orange Punch Mimosa	Chlordane (sum of cis- and trans-) — Ph. Eur. 2.8.13 / MKC EN 15662:2020	< 0.05 mg/kg	N.D.	n/a — Purely Plant in-house CoA (Batch OPM1024, no certificate/report number printed)	23.04.2025	IPH / UKIM Faculty of Pharmacy [accredited labs per PP in-house CoA footnote**; lab not attributed per-row]	https://drive.google.com/file/d/1ekMcYjkE4pdgxKw00geQ0_tIy37FF50m/view
11	OPM1024		Orange Punch Mimosa	Metoxychlor — Ph. Eur. 2.8.13 / MKC EN 15662:2020	< 0.05 mg/kg	N.D.	n/a — Purely Plant in-house CoA (Batch OPM1024, no certificate/report number printed)	23.04.2025	IPH / UKIM Faculty of Pharmacy [accredited labs per PP in-house CoA footnote**; lab not attributed per-row]	https://drive.google.com/file/d/1ekMcYjkE4pdgxKw00geQ0_tIy37FF50m/view
11	OPM1024		Orange Punch Mimosa	Cadmium — Ph. Eur. 2.4.27 / MKC EN 17853:2023	< 0.3 mg/kg	0.017 mg/kg	n/a — Purely Plant in-house CoA (Batch OPM1024, no certificate/report number printed)	23.04.2025	IPH / UKIM Faculty of Pharmacy [accredited labs per PP in-house CoA footnote**; lab not attributed per-row]	https://drive.google.com/file/d/1ekMcYjkE4pdgxKw00geQ0_tIy37FF50m/view
11	OPM1024		Orange Punch Mimosa	Lead — Ph. Eur. 2.4.27 / MKC EN 17853:2023	< 0.5 mg/kg	0.031 mg/kg	n/a — Purely Plant in-house CoA (Batch OPM1024, no certificate/report number printed)	23.04.2025	IPH / UKIM Faculty of Pharmacy [accredited labs per PP in-house CoA footnote**; lab not attributed per-row]	https://drive.google.com/file/d/1ekMcYjkE4pdgxKw00geQ0_tIy37FF50m/view
11	OPM1024		Orange Punch Mimosa	Mercury — Ph. Eur. 2.4.27 / MKC EN 17853:2023	< 0.1 mg/kg	0.005 mg/kg	n/a — Purely Plant in-house CoA (Batch OPM1024, no certificate/report number printed)	23.04.2025	IPH / UKIM Faculty of Pharmacy [accredited labs per PP in-house CoA footnote**; lab not attributed per-row]	https://drive.google.com/file/d/1ekMcYjkE4pdgxKw00geQ0_tIy37FF50m/view
11	OPM1024		Orange Punch Mimosa	Arsenic — Ph. Eur. 2.4.27 / MKC EN 17853:2023	< 0.2 mg/kg	0.045 mg/kg	n/a — Purely Plant in-house CoA (Batch OPM1024, no certificate/report number printed)	23.04.2025	IPH / UKIM Faculty of Pharmacy [accredited labs per PP in-house CoA footnote**; lab not attributed per-row]	https://drive.google.com/file/d/1ekMcYjkE4pdgxKw00geQ0_tIy37FF50m/view
11	OPM1024		Orange Punch Mimosa	Total aerobic microbial count (TAMC) — Ph. Eur. 5.1.8, category C	<10^5, max 500 000 CFU/g	1.3·10^4 CFU/g	n/a — Purely Plant in-house CoA (Batch OPM1024, no certificate/report number printed)	23.04.2025	IPH / UKIM Faculty of Pharmacy [accredited labs per PP in-house CoA footnote**; lab not attributed per-row]	https://drive.google.com/file/d/1ekMcYjkE4pdgxKw00geQ0_tIy37FF50m/view
11	OPM1024		Orange Punch Mimosa	Total combined yeasts/moulds count (TYMC) — Ph. Eur. 5.1.8, category C	<10^4, max 50 000 CFU/g	7·10^2 CFU/g	n/a — Purely Plant in-house CoA (Batch OPM1024, no certificate/report number printed)	23.04.2025	IPH / UKIM Faculty of Pharmacy [accredited labs per PP in-house CoA footnote**; lab not attributed per-row]	https://drive.google.com/file/d/1ekMcYjkE4pdgxKw00geQ0_tIy37FF50m/view
11	OPM1024		Orange Punch Mimosa	Bile-tolerant gram-negative bacteria — Ph. Eur. 2.6.12	<10² CFU/g	<10²>10³ CFU/g [DATA INTEGRITY FLAG — see source]	n/a — Purely Plant in-house CoA (Batch OPM1024, no certificate/report number printed)	23.04.2025	IPH / UKIM Faculty of Pharmacy [accredited labs per PP in-house CoA footnote**; lab not attributed per-row]	https://drive.google.com/file/d/1ekMcYjkE4pdgxKw00geQ0_tIy37FF50m/view
11	OPM1024		Orange Punch Mimosa	Escherichia coli/g	To be absent	Absent	n/a — Purely Plant in-house CoA (Batch OPM1024, no certificate/report number printed)	23.04.2025	IPH / UKIM Faculty of Pharmacy [accredited labs per PP in-house CoA footnote**; lab not attributed per-row]	https://drive.google.com/file/d/1ekMcYjkE4pdgxKw00geQ0_tIy37FF50m/view
11	OPM1024		Orange Punch Mimosa	Salmonella/25g	To be absent	Absent	n/a — Purely Plant in-house CoA (Batch OPM1024, no certificate/report number printed)	23.04.2025	IPH / UKIM Faculty of Pharmacy [accredited labs per PP in-house CoA footnote**; lab not attributed per-row]	https://drive.google.com/file/d/1ekMcYjkE4pdgxKw00geQ0_tIy37FF50m/view
11	OPM1024		Orange Punch Mimosa	Total Δ9-THC (Вкупно Δ9-THC, as Δ9-THC) — HPLC/DAD	min 5.00% (PP release spec)	20.03 %w/w (U 1.23 %w/w, k=2)	197-17-К/26	07.08.2026	Farmahem DOOEL — Laboratory for Environment (Лабораторија за животна средина), Skopje	https://drive.google.com/file/d/1OKEkhB2Cf7iwgHHUqax2oq6XKQ6Y_2Ta/view
11	OPM1024		Orange Punch Mimosa	Total CBN (Вкупен CBN) — HPLC/DAD	max 1.00% (PP release spec)	<LOQ %w/w	197-17-К/26	07.08.2026	Farmahem DOOEL — Laboratory for Environment (Лабораторија за животна средина), Skopje	https://drive.google.com/file/d/1OKEkhB2Cf7iwgHHUqax2oq6XKQ6Y_2Ta/view
11	OPM1024		Orange Punch Mimosa	Total CBD (Вкупен CBD, as CBD) — HPLC/DAD	max 1.00% (PP release spec)	<LOQ %w/w	197-17-К/26	07.08.2026	Farmahem DOOEL — Laboratory for Environment (Лабораторија за животна средина), Skopje	https://drive.google.com/file/d/1OKEkhB2Cf7iwgHHUqax2oq6XKQ6Y_2Ta/view
11	OPM1024		Orange Punch Mimosa	Aflatoxin B1	≤ 2 µg/kg (Ph.Eur. ref — confirm vs PP spec)	ND µg/kg	197-17-М/26	10.08.2026	Farmahem DOOEL — Laboratory for Environment (Лабораторија за животна средина), Skopje	https://drive.google.com/file/d/11QRbzK5sPsI_qF_y0qMUt0Y3dO7vAl6x/view
11	OPM1024		Orange Punch Mimosa	Aflatoxin B2	(included in Σ aflatoxins)	ND µg/kg	197-17-М/26	10.08.2026	Farmahem DOOEL — Laboratory for Environment (Лабораторија за животна средина), Skopje	https://drive.google.com/file/d/11QRbzK5sPsI_qF_y0qMUt0Y3dO7vAl6x/view
11	OPM1024		Orange Punch Mimosa	Aflatoxin G1	(included in Σ aflatoxins)	ND µg/kg	197-17-М/26	10.08.2026	Farmahem DOOEL — Laboratory for Environment (Лабораторија за животна средина), Skopje	https://drive.google.com/file/d/11QRbzK5sPsI_qF_y0qMUt0Y3dO7vAl6x/view
11	OPM1024		Orange Punch Mimosa	Aflatoxin G2	(included in Σ aflatoxins)	ND µg/kg	197-17-М/26	10.08.2026	Farmahem DOOEL — Laboratory for Environment (Лабораторија за животна средина), Skopje	https://drive.google.com/file/d/11QRbzK5sPsI_qF_y0qMUt0Y3dO7vAl6x/view
11	OPM1024		Orange Punch Mimosa	Sum aflatoxins B1+B2+G1+G2	≤ 4 µg/kg (Ph.Eur. ref)	ND (all four aflatoxins not detected)	197-17-М/26	10.08.2026	Farmahem DOOEL — Laboratory for Environment (Лабораторија за животна средина), Skopje	https://drive.google.com/file/d/11QRbzK5sPsI_qF_y0qMUt0Y3dO7vAl6x/view
11	OPM1024		Orange Punch Mimosa	Ochratoxin A	per PP spec (confirm; Ph.Eur. ref commonly ≤ 20 µg/kg)	ND µg/kg	197-17-М/26	10.08.2026	Farmahem DOOEL — Laboratory for Environment (Лабораторија за животна средина), Skopje	https://drive.google.com/file/d/11QRbzK5sPsI_qF_y0qMUt0Y3dO7vAl6x/view
12	GG1024_02	P050012	Gorilla Glue	Loss on Drying	≤ 10.00%	6.88%	ППК25140	22.05.2025 (completed 20.05.2025)	UKIM Faculty of Pharmacy — Center for Natural Products	https://drive.google.com/file/d/1HScgMCsyoLuhV6J5ph0JW4byRfLnYyU-/view
12	GG1024_02	P050012	Gorilla Glue	Cannabidiolic acid (CBDA) content	/	0.06%	ППК25140	22.05.2025 (completed 20.05.2025)	UKIM Faculty of Pharmacy — Center for Natural Products	https://drive.google.com/file/d/1HScgMCsyoLuhV6J5ph0JW4byRfLnYyU-/view
12	GG1024_02	P050012	Gorilla Glue	Cannabidiol (CBD) content	/	BLQ	ППК25140	22.05.2025 (completed 20.05.2025)	UKIM Faculty of Pharmacy — Center for Natural Products	https://drive.google.com/file/d/1HScgMCsyoLuhV6J5ph0JW4byRfLnYyU-/view
12	GG1024_02	P050012	Gorilla Glue	Cannabinol (CBN) content	≤ 1.00%	0.01%	ППК25140	22.05.2025 (completed 20.05.2025)	UKIM Faculty of Pharmacy — Center for Natural Products	https://drive.google.com/file/d/1HScgMCsyoLuhV6J5ph0JW4byRfLnYyU-/view
12	GG1024_02	P050012	Gorilla Glue	Delta-9-THC content	/	0.42%	ППК25140	22.05.2025 (completed 20.05.2025)	UKIM Faculty of Pharmacy — Center for Natural Products	https://drive.google.com/file/d/1HScgMCsyoLuhV6J5ph0JW4byRfLnYyU-/view
12	GG1024_02	P050012	Gorilla Glue	Delta-9-THCA content	/	17.70%	ППК25140	22.05.2025 (completed 20.05.2025)	UKIM Faculty of Pharmacy — Center for Natural Products	https://drive.google.com/file/d/1HScgMCsyoLuhV6J5ph0JW4byRfLnYyU-/view
12	GG1024_02	P050012	Gorilla Glue	Total CBD (CBD + CBDA x 0.877)	/	0.05%	ППК25140	22.05.2025 (completed 20.05.2025)	UKIM Faculty of Pharmacy — Center for Natural Products	https://drive.google.com/file/d/1HScgMCsyoLuhV6J5ph0JW4byRfLnYyU-/view
12	GG1024_02	P050012	Gorilla Glue	Total Delta-9-THC (THC + THCA x 0.877)	/	15.95%	ППК25140	22.05.2025 (completed 20.05.2025)	UKIM Faculty of Pharmacy — Center for Natural Products	https://drive.google.com/file/d/1HScgMCsyoLuhV6J5ph0JW4byRfLnYyU-/view
12	GG1024_02	P050012	Gorilla Glue	Deltamethrin	<0.5 mg/kg	N.D.	2472/2025	30.05.2025	IPH — Institute of Public Health	https://drive.google.com/file/d/1HScgMCsyoLuhV6J5ph0JW4byRfLnYyU-/view
12	GG1024_02	P050012	Gorilla Glue	Chlorpyriphos-methyl	<0.1 mg/kg	N.D.	2472/2025	30.05.2025	IPH — Institute of Public Health	https://drive.google.com/file/d/1HScgMCsyoLuhV6J5ph0JW4byRfLnYyU-/view
12	GG1024_02	P050012	Gorilla Glue	Chlorpyriphos-ethyl	<0.2 mg/kg	N.D.	2472/2025	30.05.2025	IPH — Institute of Public Health	https://drive.google.com/file/d/1HScgMCsyoLuhV6J5ph0JW4byRfLnYyU-/view
12	GG1024_02	P050012	Gorilla Glue	Endosulfan (sum of isomers and endosulfan sulfate)	<3 mg/kg	N.D.	2472/2025	30.05.2025	IPH — Institute of Public Health	https://drive.google.com/file/d/1HScgMCsyoLuhV6J5ph0JW4byRfLnYyU-/view
12	GG1024_02	P050012	Gorilla Glue	Lindan	<0.6 mg/kg	N.D.	2472/2025	30.05.2025	IPH — Institute of Public Health	https://drive.google.com/file/d/1HScgMCsyoLuhV6J5ph0JW4byRfLnYyU-/view
12	GG1024_02	P050012	Gorilla Glue	Aldrin and dieldrin (sum of)	<0.05 mg/kg	N.D.	2472/2025	30.05.2025	IPH — Institute of Public Health	https://drive.google.com/file/d/1HScgMCsyoLuhV6J5ph0JW4byRfLnYyU-/view
12	GG1024_02	P050012	Gorilla Glue	HCH (sum of alpha-, beta-, delta- and epsilon-)	<0.3 mg/kg	N.D.	2472/2025	30.05.2025	IPH — Institute of Public Health	https://drive.google.com/file/d/1HScgMCsyoLuhV6J5ph0JW4byRfLnYyU-/view
12	GG1024_02	P050012	Gorilla Glue	HCB (Hexachlorbenzene)	<0.1 mg/kg	N.D.	2472/2025	30.05.2025	IPH — Institute of Public Health	https://drive.google.com/file/d/1HScgMCsyoLuhV6J5ph0JW4byRfLnYyU-/view
12	GG1024_02	P050012	Gorilla Glue	DDT (total)	<1 mg/kg	N.D.	2472/2025	30.05.2025	IPH — Institute of Public Health	https://drive.google.com/file/d/1HScgMCsyoLuhV6J5ph0JW4byRfLnYyU-/view
12	GG1024_02	P050012	Gorilla Glue	Heptachlor (sum of heptachlor and heptachlorepoxide)	<0.05 mg/kg	N.D.	2472/2025	30.05.2025	IPH — Institute of Public Health	https://drive.google.com/file/d/1HScgMCsyoLuhV6J5ph0JW4byRfLnYyU-/view
12	GG1024_02	P050012	Gorilla Glue	Endrin	<0.05 mg/kg	N.D.	2472/2025	30.05.2025	IPH — Institute of Public Health	https://drive.google.com/file/d/1HScgMCsyoLuhV6J5ph0JW4byRfLnYyU-/view
12	GG1024_02	P050012	Gorilla Glue	Chlordane (sum of cis- and trans-)	<0.05 mg/kg	N.D.	2472/2025	30.05.2025	IPH — Institute of Public Health	https://drive.google.com/file/d/1HScgMCsyoLuhV6J5ph0JW4byRfLnYyU-/view
12	GG1024_02	P050012	Gorilla Glue	Metoxychlor	<0.05 mg/kg	N.D.	2472/2025	30.05.2025	IPH — Institute of Public Health	https://drive.google.com/file/d/1HScgMCsyoLuhV6J5ph0JW4byRfLnYyU-/view
12	GG1024_02	P050012	Gorilla Glue	Cadmium	<0.3 mg/kg (≤ 1)	N.D.	2472/2025	30.05.2025	IPH — Institute of Public Health	https://drive.google.com/file/d/1HScgMCsyoLuhV6J5ph0JW4byRfLnYyU-/view
12	GG1024_02	P050012	Gorilla Glue	Lead	<0.5 mg/kg (≤ 5)	N.D.	2472/2025	30.05.2025	IPH — Institute of Public Health	https://drive.google.com/file/d/1HScgMCsyoLuhV6J5ph0JW4byRfLnYyU-/view
12	GG1024_02	P050012	Gorilla Glue	Mercury	<0.1 mg/kg	N.D.	2472/2025	30.05.2025	IPH — Institute of Public Health	https://drive.google.com/file/d/1HScgMCsyoLuhV6J5ph0JW4byRfLnYyU-/view
12	GG1024_02	P050012	Gorilla Glue	Arsenic	<0.2 mg/kg (≤ 2)	N.D.	2472/2025	30.05.2025	IPH — Institute of Public Health	https://drive.google.com/file/d/1HScgMCsyoLuhV6J5ph0JW4byRfLnYyU-/view
12	GG1024_02	P050012	Gorilla Glue	Total aflatoxins	<4 µg/kg	<2 µg/kg	2472/2025	30.05.2025	IPH — Institute of Public Health	https://drive.google.com/file/d/1HScgMCsyoLuhV6J5ph0JW4byRfLnYyU-/view
12	GG1024_02	P050012	Gorilla Glue	Total aerobic microbial count (TAMC)	≤ 10⁵ CFU/g	2.1×10⁴ CFU/g	472/0863/25	22.05.2025	IPH — Institute of Public Health	https://drive.google.com/file/d/1HScgMCsyoLuhV6J5ph0JW4byRfLnYyU-/view
12	GG1024_02	P050012	Gorilla Glue	Total combined yeasts/moulds count (TYMC)	≤ 10⁴ CFU/g	1.9×10⁴ CFU/g	472/0863/25	22.05.2025	IPH — Institute of Public Health	https://drive.google.com/file/d/1HScgMCsyoLuhV6J5ph0JW4byRfLnYyU-/view
12	GG1024_02	P050012	Gorilla Glue	Bile-tolerant gram-negative bacteria	≤ 10⁴ CFU/g	<10 CFU/g	472/0863/25	22.05.2025	IPH — Institute of Public Health	https://drive.google.com/file/d/1HScgMCsyoLuhV6J5ph0JW4byRfLnYyU-/view
12	GG1024_02	P050012	Gorilla Glue	Escherichia coli	absent/g	Одговара (absent)	472/0863/25	22.05.2025	IPH — Institute of Public Health	https://drive.google.com/file/d/1HScgMCsyoLuhV6J5ph0JW4byRfLnYyU-/view
12	GG1024_02	P050012	Gorilla Glue	Salmonella	absent/25g	Одговара (absent)	472/0863/25	22.05.2025	IPH — Institute of Public Health	https://drive.google.com/file/d/1HScgMCsyoLuhV6J5ph0JW4byRfLnYyU-/view
13	OPM1024_01	P050042	Orange Punch Mimosa	Loss on Drying	≤ 10.00%	5.86%	ППК25117	06.05.2025 (completed 05.05.2025)	UKIM Faculty of Pharmacy — Center for Natural Products	https://drive.google.com/file/d/1oUzDfQkTn1r3yt3aoOj0OPtFLU7efLJp/view
13	OPM1024_01	P050042	Orange Punch Mimosa	Cannabidiolic acid (CBDA) content	/	0.05%	ППК25117	06.05.2025 (completed 05.05.2025)	UKIM Faculty of Pharmacy — Center for Natural Products	https://drive.google.com/file/d/1oUzDfQkTn1r3yt3aoOj0OPtFLU7efLJp/view
13	OPM1024_01	P050042	Orange Punch Mimosa	Cannabidiol (CBD) content	/	ND	ППК25117	06.05.2025 (completed 05.05.2025)	UKIM Faculty of Pharmacy — Center for Natural Products	https://drive.google.com/file/d/1oUzDfQkTn1r3yt3aoOj0OPtFLU7efLJp/view
13	OPM1024_01	P050042	Orange Punch Mimosa	Cannabinol (CBN) content	≤ 1.00%	0.01%	ППК25117	06.05.2025 (completed 05.05.2025)	UKIM Faculty of Pharmacy — Center for Natural Products	https://drive.google.com/file/d/1oUzDfQkTn1r3yt3aoOj0OPtFLU7efLJp/view
13	OPM1024_01	P050042	Orange Punch Mimosa	Delta-9-THC content	/	0.46%	ППК25117	06.05.2025 (completed 05.05.2025)	UKIM Faculty of Pharmacy — Center for Natural Products	https://drive.google.com/file/d/1oUzDfQkTn1r3yt3aoOj0OPtFLU7efLJp/view
13	OPM1024_01	P050042	Orange Punch Mimosa	Delta-9-THCA content	/	17.01%	ППК25117	06.05.2025 (completed 05.05.2025)	UKIM Faculty of Pharmacy — Center for Natural Products	https://drive.google.com/file/d/1oUzDfQkTn1r3yt3aoOj0OPtFLU7efLJp/view
13	OPM1024_01	P050042	Orange Punch Mimosa	Total CBD (CBD + CBDA x 0.877)	/	0.04%	ППК25117	06.05.2025 (completed 05.05.2025)	UKIM Faculty of Pharmacy — Center for Natural Products	https://drive.google.com/file/d/1oUzDfQkTn1r3yt3aoOj0OPtFLU7efLJp/view
13	OPM1024_01	P050042	Orange Punch Mimosa	Total Delta-9-THC (THC + THCA x 0.877)	/	15.38%	ППК25117	06.05.2025 (completed 05.05.2025)	UKIM Faculty of Pharmacy — Center for Natural Products	https://drive.google.com/file/d/1oUzDfQkTn1r3yt3aoOj0OPtFLU7efLJp/view
13	OPM1024_01	P050042	Orange Punch Mimosa	Deltamethrin	<0.5 mg/kg	N.D.	2156/2025	07.05.2025	IPH — Institute of Public Health	https://drive.google.com/file/d/1oUzDfQkTn1r3yt3aoOj0OPtFLU7efLJp/view
13	OPM1024_01	P050042	Orange Punch Mimosa	Chlorpyriphos-methyl	<0.1 mg/kg	N.D.	2156/2025	07.05.2025	IPH — Institute of Public Health	https://drive.google.com/file/d/1oUzDfQkTn1r3yt3aoOj0OPtFLU7efLJp/view
13	OPM1024_01	P050042	Orange Punch Mimosa	Chlorpyriphos-ethyl	<0.2 mg/kg	N.D.	2156/2025	07.05.2025	IPH — Institute of Public Health	https://drive.google.com/file/d/1oUzDfQkTn1r3yt3aoOj0OPtFLU7efLJp/view
13	OPM1024_01	P050042	Orange Punch Mimosa	Endosulfan (sum of isomers and endosulfan sulfate)	<3 mg/kg	N.D.	2156/2025	07.05.2025	IPH — Institute of Public Health	https://drive.google.com/file/d/1oUzDfQkTn1r3yt3aoOj0OPtFLU7efLJp/view
13	OPM1024_01	P050042	Orange Punch Mimosa	Lindan	<0.6 mg/kg	N.D.	2156/2025	07.05.2025	IPH — Institute of Public Health	https://drive.google.com/file/d/1oUzDfQkTn1r3yt3aoOj0OPtFLU7efLJp/view
13	OPM1024_01	P050042	Orange Punch Mimosa	Aldrin and dieldrin (sum of)	<0.05 mg/kg	N.D.	2156/2025	07.05.2025	IPH — Institute of Public Health	https://drive.google.com/file/d/1oUzDfQkTn1r3yt3aoOj0OPtFLU7efLJp/view
13	OPM1024_01	P050042	Orange Punch Mimosa	HCH (sum of alpha-, beta-, delta- and epsilon-)	<0.3 mg/kg	N.D.	2156/2025	07.05.2025	IPH — Institute of Public Health	https://drive.google.com/file/d/1oUzDfQkTn1r3yt3aoOj0OPtFLU7efLJp/view
13	OPM1024_01	P050042	Orange Punch Mimosa	HCB (Hexachlorbenzene)	<0.1 mg/kg	N.D.	2156/2025	07.05.2025	IPH — Institute of Public Health	https://drive.google.com/file/d/1oUzDfQkTn1r3yt3aoOj0OPtFLU7efLJp/view
13	OPM1024_01	P050042	Orange Punch Mimosa	DDT (total)	<1 mg/kg	N.D.	2156/2025	07.05.2025	IPH — Institute of Public Health	https://drive.google.com/file/d/1oUzDfQkTn1r3yt3aoOj0OPtFLU7efLJp/view
13	OPM1024_01	P050042	Orange Punch Mimosa	Heptachlor (sum of heptachlor and heptachlorepoxide)	<0.05 mg/kg	N.D.	2156/2025	07.05.2025	IPH — Institute of Public Health	https://drive.google.com/file/d/1oUzDfQkTn1r3yt3aoOj0OPtFLU7efLJp/view
13	OPM1024_01	P050042	Orange Punch Mimosa	Endrin	<0.05 mg/kg	N.D.	2156/2025	07.05.2025	IPH — Institute of Public Health	https://drive.google.com/file/d/1oUzDfQkTn1r3yt3aoOj0OPtFLU7efLJp/view
13	OPM1024_01	P050042	Orange Punch Mimosa	Chlordane (sum of cis- and trans-)	<0.05 mg/kg	N.D.	2156/2025	07.05.2025	IPH — Institute of Public Health	https://drive.google.com/file/d/1oUzDfQkTn1r3yt3aoOj0OPtFLU7efLJp/view
13	OPM1024_01	P050042	Orange Punch Mimosa	Metoxychlor	<0.05 mg/kg	N.D.	2156/2025	07.05.2025	IPH — Institute of Public Health	https://drive.google.com/file/d/1oUzDfQkTn1r3yt3aoOj0OPtFLU7efLJp/view
13	OPM1024_01	P050042	Orange Punch Mimosa	Cadmium	<0.3 mg/kg (≤ 1)	0.004 mg/kg	2156/2025	07.05.2025	IPH — Institute of Public Health	https://drive.google.com/file/d/1oUzDfQkTn1r3yt3aoOj0OPtFLU7efLJp/view
13	OPM1024_01	P050042	Orange Punch Mimosa	Lead	<0.5 mg/kg (≤ 5)	0.031 mg/kg	2156/2025	07.05.2025	IPH — Institute of Public Health	https://drive.google.com/file/d/1oUzDfQkTn1r3yt3aoOj0OPtFLU7efLJp/view
13	OPM1024_01	P050042	Orange Punch Mimosa	Mercury	<0.1 mg/kg	0.001 mg/kg	2156/2025	07.05.2025	IPH — Institute of Public Health	https://drive.google.com/file/d/1oUzDfQkTn1r3yt3aoOj0OPtFLU7efLJp/view
13	OPM1024_01	P050042	Orange Punch Mimosa	Arsenic	<0.2 mg/kg (≤ 2)	0.01 mg/kg	2156/2025	07.05.2025	IPH — Institute of Public Health	https://drive.google.com/file/d/1oUzDfQkTn1r3yt3aoOj0OPtFLU7efLJp/view
13	OPM1024_01	P050042	Orange Punch Mimosa	Total aflatoxins	<4 µg/kg	<2 µg/kg	2156/2025	07.05.2025	IPH — Institute of Public Health	https://drive.google.com/file/d/1oUzDfQkTn1r3yt3aoOj0OPtFLU7efLJp/view
13	OPM1024_01	P050042	Orange Punch Mimosa	Total aerobic microbial count (TAMC)	≤ 10⁵ CFU/g	<10 CFU/g	407/0745/25	07.05.2025	IPH — Institute of Public Health	https://drive.google.com/file/d/1oUzDfQkTn1r3yt3aoOj0OPtFLU7efLJp/view
13	OPM1024_01	P050042	Orange Punch Mimosa	Total combined yeasts/moulds count (TYMC)	≤ 10⁴ CFU/g	<10 CFU/g	407/0745/25	07.05.2025	IPH — Institute of Public Health	https://drive.google.com/file/d/1oUzDfQkTn1r3yt3aoOj0OPtFLU7efLJp/view
13	OPM1024_01	P050042	Orange Punch Mimosa	Bile-tolerant gram-negative bacteria	≤ 10⁴ CFU/g	<10² and >10 CFU/g	407/0745/25	07.05.2025	IPH — Institute of Public Health	https://drive.google.com/file/d/1oUzDfQkTn1r3yt3aoOj0OPtFLU7efLJp/view
13	OPM1024_01	P050042	Orange Punch Mimosa	Escherichia coli	absent/g	Absent	407/0745/25	07.05.2025	IPH — Institute of Public Health	https://drive.google.com/file/d/1oUzDfQkTn1r3yt3aoOj0OPtFLU7efLJp/view
13	OPM1024_01	P050042	Orange Punch Mimosa	Salmonella	absent/25g	Absent	407/0745/25	07.05.2025	IPH — Institute of Public Health	https://drive.google.com/file/d/1oUzDfQkTn1r3yt3aoOj0OPtFLU7efLJp/view
14	HPA1024_01	P050052	High Pro Amnesia	Loss on Drying	≤ 10.00%	6.36%	НИК22155	24.06.2025 (completed 20.06.2025)	UKIM Faculty of Pharmacy — Center for Natural Products	https://drive.google.com/file/d/1xL5BG7FCbGqo12tIeprRjH-XjG3ZDTd6/view
14	HPA1024_01	P050052	High Pro Amnesia	Cannabidiolic acid (CBDA) content	/	0.12%	НИК22155	24.06.2025 (completed 20.06.2025)	UKIM Faculty of Pharmacy — Center for Natural Products	https://drive.google.com/file/d/1xL5BG7FCbGqo12tIeprRjH-XjG3ZDTd6/view
14	HPA1024_01	P050052	High Pro Amnesia	Cannabidiol (CBD) content	/	ND	НИК22155	24.06.2025 (completed 20.06.2025)	UKIM Faculty of Pharmacy — Center for Natural Products	https://drive.google.com/file/d/1xL5BG7FCbGqo12tIeprRjH-XjG3ZDTd6/view
14	HPA1024_01	P050052	High Pro Amnesia	Cannabinol (CBN) content	≤ 1.00%	0.02%	НИК22155	24.06.2025 (completed 20.06.2025)	UKIM Faculty of Pharmacy — Center for Natural Products	https://drive.google.com/file/d/1xL5BG7FCbGqo12tIeprRjH-XjG3ZDTd6/view
14	HPA1024_01	P050052	High Pro Amnesia	Delta-9-THC content	/	0.76%	НИК22155	24.06.2025 (completed 20.06.2025)	UKIM Faculty of Pharmacy — Center for Natural Products	https://drive.google.com/file/d/1xL5BG7FCbGqo12tIeprRjH-XjG3ZDTd6/view
14	HPA1024_01	P050052	High Pro Amnesia	Delta-9-THCA content	/	/ [DATA INTEGRITY FLAG — see source]	НИК22155	24.06.2025 (completed 20.06.2025)	UKIM Faculty of Pharmacy — Center for Natural Products	https://drive.google.com/file/d/1xL5BG7FCbGqo12tIeprRjH-XjG3ZDTd6/view
14	HPA1024_01	P050052	High Pro Amnesia	Total CBD (CBD + CBDA x 0.877)	/	24.70% [DATA INTEGRITY FLAG — see source]	НИК22155	24.06.2025 (completed 20.06.2025)	UKIM Faculty of Pharmacy — Center for Natural Products	https://drive.google.com/file/d/1xL5BG7FCbGqo12tIeprRjH-XjG3ZDTd6/view
14	HPA1024_01	P050052	High Pro Amnesia	Total Delta-9-THC (THC + THCA x 0.877)	/	22.43%	НИК22155	24.06.2025 (completed 20.06.2025)	UKIM Faculty of Pharmacy — Center for Natural Products	https://drive.google.com/file/d/1xL5BG7FCbGqo12tIeprRjH-XjG3ZDTd6/view
14	HPA1024_01	P050052	High Pro Amnesia	Deltamethrin	<0.5 mg/kg	N.D.	2995/2025	19.06.2025	IPH — Institute of Public Health	https://drive.google.com/file/d/1xL5BG7FCbGqo12tIeprRjH-XjG3ZDTd6/view
14	HPA1024_01	P050052	High Pro Amnesia	Chlorpyriphos-methyl	<0.1 mg/kg	N.D.	2995/2025	19.06.2025	IPH — Institute of Public Health	https://drive.google.com/file/d/1xL5BG7FCbGqo12tIeprRjH-XjG3ZDTd6/view
14	HPA1024_01	P050052	High Pro Amnesia	Chlorpyriphos-ethyl	<0.2 mg/kg	N.D.	2995/2025	19.06.2025	IPH — Institute of Public Health	https://drive.google.com/file/d/1xL5BG7FCbGqo12tIeprRjH-XjG3ZDTd6/view
14	HPA1024_01	P050052	High Pro Amnesia	Endosulfan (sum of isomers and endosulfan sulfate)	<3 mg/kg	N.D.	2995/2025	19.06.2025	IPH — Institute of Public Health	https://drive.google.com/file/d/1xL5BG7FCbGqo12tIeprRjH-XjG3ZDTd6/view
14	HPA1024_01	P050052	High Pro Amnesia	Lindan	<0.6 mg/kg	N.D.	2995/2025	19.06.2025	IPH — Institute of Public Health	https://drive.google.com/file/d/1xL5BG7FCbGqo12tIeprRjH-XjG3ZDTd6/view
14	HPA1024_01	P050052	High Pro Amnesia	Aldrin and dieldrin (sum of)	<0.05 mg/kg	N.D.	2995/2025	19.06.2025	IPH — Institute of Public Health	https://drive.google.com/file/d/1xL5BG7FCbGqo12tIeprRjH-XjG3ZDTd6/view
14	HPA1024_01	P050052	High Pro Amnesia	HCH (sum of alpha-, beta-, delta- and epsilon-)	<0.3 mg/kg	N.D.	2995/2025	19.06.2025	IPH — Institute of Public Health	https://drive.google.com/file/d/1xL5BG7FCbGqo12tIeprRjH-XjG3ZDTd6/view
14	HPA1024_01	P050052	High Pro Amnesia	HCB (Hexachlorbenzene)	<0.1 mg/kg	N.D.	2995/2025	19.06.2025	IPH — Institute of Public Health	https://drive.google.com/file/d/1xL5BG7FCbGqo12tIeprRjH-XjG3ZDTd6/view
14	HPA1024_01	P050052	High Pro Amnesia	DDT (total)	<1 mg/kg	N.D.	2995/2025	19.06.2025	IPH — Institute of Public Health	https://drive.google.com/file/d/1xL5BG7FCbGqo12tIeprRjH-XjG3ZDTd6/view
14	HPA1024_01	P050052	High Pro Amnesia	Heptachlor (sum of heptachlor and heptachlorepoxide)	<0.05 mg/kg	N.D.	2995/2025	19.06.2025	IPH — Institute of Public Health	https://drive.google.com/file/d/1xL5BG7FCbGqo12tIeprRjH-XjG3ZDTd6/view
14	HPA1024_01	P050052	High Pro Amnesia	Endrin	<0.05 mg/kg	N.D.	2995/2025	19.06.2025	IPH — Institute of Public Health	https://drive.google.com/file/d/1xL5BG7FCbGqo12tIeprRjH-XjG3ZDTd6/view
14	HPA1024_01	P050052	High Pro Amnesia	Chlordane (sum of cis- and trans-)	<0.05 mg/kg	N.D.	2995/2025	19.06.2025	IPH — Institute of Public Health	https://drive.google.com/file/d/1xL5BG7FCbGqo12tIeprRjH-XjG3ZDTd6/view
14	HPA1024_01	P050052	High Pro Amnesia	Metoxychlor	<0.05 mg/kg	N.D.	2995/2025	19.06.2025	IPH — Institute of Public Health	https://drive.google.com/file/d/1xL5BG7FCbGqo12tIeprRjH-XjG3ZDTd6/view
14	HPA1024_01	P050052	High Pro Amnesia	Cadmium	<0.3 mg/kg (≤ 1)	0.014 mg/kg	2995/2025	19.06.2025	IPH — Institute of Public Health	https://drive.google.com/file/d/1xL5BG7FCbGqo12tIeprRjH-XjG3ZDTd6/view
14	HPA1024_01	P050052	High Pro Amnesia	Lead	<0.5 mg/kg (≤ 5)	0.059 mg/kg	2995/2025	19.06.2025	IPH — Institute of Public Health	https://drive.google.com/file/d/1xL5BG7FCbGqo12tIeprRjH-XjG3ZDTd6/view
14	HPA1024_01	P050052	High Pro Amnesia	Mercury	<0.1 mg/kg	0.008 mg/kg	2995/2025	19.06.2025	IPH — Institute of Public Health	https://drive.google.com/file/d/1xL5BG7FCbGqo12tIeprRjH-XjG3ZDTd6/view
14	HPA1024_01	P050052	High Pro Amnesia	Arsenic	<0.2 mg/kg (≤ 2)	0.037 mg/kg	2995/2025	19.06.2025	IPH — Institute of Public Health	https://drive.google.com/file/d/1xL5BG7FCbGqo12tIeprRjH-XjG3ZDTd6/view
14	HPA1024_01	P050052	High Pro Amnesia	Total aflatoxins	<4 µg/kg	<2 µg/kg	2995/2025	19.06.2025	IPH — Institute of Public Health	https://drive.google.com/file/d/1xL5BG7FCbGqo12tIeprRjH-XjG3ZDTd6/view
14	HPA1024_01	P050052	High Pro Amnesia	Total aerobic microbial count (TAMC)	≤ 10⁵ CFU/g	9.6×10³ CFU/g	587/1066/25	18.06.2025	IPH — Institute of Public Health	https://drive.google.com/file/d/1xL5BG7FCbGqo12tIeprRjH-XjG3ZDTd6/view
14	HPA1024_01	P050052	High Pro Amnesia	Total combined yeasts/moulds count (TYMC)	≤ 10⁴ CFU/g	1.5×10⁴ CFU/g	587/1066/25	18.06.2025	IPH — Institute of Public Health	https://drive.google.com/file/d/1xL5BG7FCbGqo12tIeprRjH-XjG3ZDTd6/view
14	HPA1024_01	P050052	High Pro Amnesia	Bile-tolerant gram-negative bacteria	≤ 10² CFU/g	<10 CFU/g	587/1066/25	18.06.2025	IPH — Institute of Public Health	https://drive.google.com/file/d/1xL5BG7FCbGqo12tIeprRjH-XjG3ZDTd6/view
14	HPA1024_01	P050052	High Pro Amnesia	Escherichia coli	absent/g	Одговара (absent)	587/1066/25	18.06.2025	IPH — Institute of Public Health	https://drive.google.com/file/d/1xL5BG7FCbGqo12tIeprRjH-XjG3ZDTd6/view
14	HPA1024_01	P050052	High Pro Amnesia	Salmonella	absent/25g	Одговара (absent)	587/1066/25	18.06.2025	IPH — Institute of Public Health	https://drive.google.com/file/d/1xL5BG7FCbGqo12tIeprRjH-XjG3ZDTd6/view
14	HPA1024_01	P050052	High Pro Amnesia	Total Delta-9-THC (Farmahem retest)	min 5.00% (PP release spec)	21.61 %w/w (U 1.33)	197-14-К/26	07.08.2026 (received 27.07.2026, analysed 30.07.2026)	Farmahem — Laboratorija za zivotna sredina	https://drive.google.com/file/d/1c33CMKYs_zqEVtG15nfLZWt5kt27a-C4/view
14	HPA1024_01	P050052	High Pro Amnesia	Total CBN (Farmahem retest)	max 1.00% (PP release spec)	<LOQ %w/w	197-14-К/26	07.08.2026 (received 27.07.2026, analysed 30.07.2026)	Farmahem — Laboratorija za zivotna sredina	https://drive.google.com/file/d/1c33CMKYs_zqEVtG15nfLZWt5kt27a-C4/view
14	HPA1024_01	P050052	High Pro Amnesia	Total CBD (Farmahem retest)	max 1.00% (PP release spec)	<LOQ %w/w	197-14-К/26	07.08.2026 (received 27.07.2026, analysed 30.07.2026)	Farmahem — Laboratorija za zivotna sredina	https://drive.google.com/file/d/1c33CMKYs_zqEVtG15nfLZWt5kt27a-C4/view
14	HPA1024_01	P050052	High Pro Amnesia	Aflatoxin B1 (Farmahem retest)	≤ 2 µg/kg (Ph.Eur. ref)	ND	197-14-М/26	10.08.2026 (received 29.07.2026, analysed 06.08.2026)	Farmahem — Laboratorija za zivotna sredina	https://drive.google.com/file/d/1sHQDJRDGVpGPPUZ2ZnpeT5qIOGYEXrKY/view
14	HPA1024_01	P050052	High Pro Amnesia	Aflatoxin B2 (Farmahem retest)	(included in Σ aflatoxins)	ND	197-14-М/26	10.08.2026 (received 29.07.2026, analysed 06.08.2026)	Farmahem — Laboratorija za zivotna sredina	https://drive.google.com/file/d/1sHQDJRDGVpGPPUZ2ZnpeT5qIOGYEXrKY/view
14	HPA1024_01	P050052	High Pro Amnesia	Aflatoxin G1 (Farmahem retest)	(included in Σ aflatoxins)	ND	197-14-М/26	10.08.2026 (received 29.07.2026, analysed 06.08.2026)	Farmahem — Laboratorija za zivotna sredina	https://drive.google.com/file/d/1sHQDJRDGVpGPPUZ2ZnpeT5qIOGYEXrKY/view
14	HPA1024_01	P050052	High Pro Amnesia	Aflatoxin G2 (Farmahem retest)	(included in Σ aflatoxins)	ND	197-14-М/26	10.08.2026 (received 29.07.2026, analysed 06.08.2026)	Farmahem — Laboratorija za zivotna sredina	https://drive.google.com/file/d/1sHQDJRDGVpGPPUZ2ZnpeT5qIOGYEXrKY/view
14	HPA1024_01	P050052	High Pro Amnesia	Sum aflatoxins B1+B2+G1+G2 (Farmahem retest)	≤ 4 µg/kg (Ph.Eur. ref)	ND (all four not detected)	197-14-М/26	10.08.2026 (received 29.07.2026, analysed 06.08.2026)	Farmahem — Laboratorija za zivotna sredina	https://drive.google.com/file/d/1sHQDJRDGVpGPPUZ2ZnpeT5qIOGYEXrKY/view
14	HPA1024_01	P050052	High Pro Amnesia	Ochratoxin A (Farmahem retest)	per PP spec (Ph.Eur. ref ≤ 20 µg/kg)	2.06 µg/kg (U 11.80%) — DETECTED, >LOQ	197-14-М/26	10.08.2026 (received 29.07.2026, analysed 06.08.2026)	Farmahem — Laboratorija za zivotna sredina	https://drive.google.com/file/d/1sHQDJRDGVpGPPUZ2ZnpeT5qIOGYEXrKY/view
15	OPM1024_02	P050062	Orange Punch Mimosa	Loss on Drying	≤ 10.00%	6.89%	ППК21554	24.06.2025 (completed 20.06.2025)	UKIM Faculty of Pharmacy — Center for Natural Products	https://drive.google.com/file/d/1U1nSPl5fDy-tmVm25pxkFnzM9Bj1XfDT/view
15	OPM1024_02	P050062	Orange Punch Mimosa	Cannabidiolic acid (CBDA) content	/	0.06%	ППК21554	24.06.2025 (completed 20.06.2025)	UKIM Faculty of Pharmacy — Center for Natural Products	https://drive.google.com/file/d/1U1nSPl5fDy-tmVm25pxkFnzM9Bj1XfDT/view
15	OPM1024_02	P050062	Orange Punch Mimosa	Cannabidiol (CBD) content	/	ND	ППК21554	24.06.2025 (completed 20.06.2025)	UKIM Faculty of Pharmacy — Center for Natural Products	https://drive.google.com/file/d/1U1nSPl5fDy-tmVm25pxkFnzM9Bj1XfDT/view
15	OPM1024_02	P050062	Orange Punch Mimosa	Cannabinol (CBN) content	≤ 1.00%	0.02%	ППК21554	24.06.2025 (completed 20.06.2025)	UKIM Faculty of Pharmacy — Center for Natural Products	https://drive.google.com/file/d/1U1nSPl5fDy-tmVm25pxkFnzM9Bj1XfDT/view
15	OPM1024_02	P050062	Orange Punch Mimosa	Delta-9-THC content	/	0.41%	ППК21554	24.06.2025 (completed 20.06.2025)	UKIM Faculty of Pharmacy — Center for Natural Products	https://drive.google.com/file/d/1U1nSPl5fDy-tmVm25pxkFnzM9Bj1XfDT/view
15	OPM1024_02	P050062	Orange Punch Mimosa	Delta-9-THCA content	/	20.37%	ППК21554	24.06.2025 (completed 20.06.2025)	UKIM Faculty of Pharmacy — Center for Natural Products	https://drive.google.com/file/d/1U1nSPl5fDy-tmVm25pxkFnzM9Bj1XfDT/view
15	OPM1024_02	P050062	Orange Punch Mimosa	Total CBD (CBD + CBDA x 0.877)	/	0.05%	ППК21554	24.06.2025 (completed 20.06.2025)	UKIM Faculty of Pharmacy — Center for Natural Products	https://drive.google.com/file/d/1U1nSPl5fDy-tmVm25pxkFnzM9Bj1XfDT/view
15	OPM1024_02	P050062	Orange Punch Mimosa	Total Delta-9-THC (THC + THCA x 0.877)	/	18.27%	ППК21554	24.06.2025 (completed 20.06.2025)	UKIM Faculty of Pharmacy — Center for Natural Products	https://drive.google.com/file/d/1U1nSPl5fDy-tmVm25pxkFnzM9Bj1XfDT/view
15	OPM1024_02	P050062	Orange Punch Mimosa	Deltamethrin	<0.5 mg/kg	N.D.	2994/2025	19.06.2025	IPH — Institute of Public Health	https://drive.google.com/file/d/1U1nSPl5fDy-tmVm25pxkFnzM9Bj1XfDT/view
15	OPM1024_02	P050062	Orange Punch Mimosa	Chlorpyriphos-methyl	<0.1 mg/kg	N.D.	2994/2025	19.06.2025	IPH — Institute of Public Health	https://drive.google.com/file/d/1U1nSPl5fDy-tmVm25pxkFnzM9Bj1XfDT/view
15	OPM1024_02	P050062	Orange Punch Mimosa	Chlorpyriphos-ethyl	<0.2 mg/kg	N.D.	2994/2025	19.06.2025	IPH — Institute of Public Health	https://drive.google.com/file/d/1U1nSPl5fDy-tmVm25pxkFnzM9Bj1XfDT/view
15	OPM1024_02	P050062	Orange Punch Mimosa	Endosulfan (sum of isomers and endosulfan sulfate)	<3 mg/kg	N.D.	2994/2025	19.06.2025	IPH — Institute of Public Health	https://drive.google.com/file/d/1U1nSPl5fDy-tmVm25pxkFnzM9Bj1XfDT/view
15	OPM1024_02	P050062	Orange Punch Mimosa	Lindan	<0.6 mg/kg	N.D.	2994/2025	19.06.2025	IPH — Institute of Public Health	https://drive.google.com/file/d/1U1nSPl5fDy-tmVm25pxkFnzM9Bj1XfDT/view
15	OPM1024_02	P050062	Orange Punch Mimosa	Aldrin and dieldrin (sum of)	<0.05 mg/kg	N.D.	2994/2025	19.06.2025	IPH — Institute of Public Health	https://drive.google.com/file/d/1U1nSPl5fDy-tmVm25pxkFnzM9Bj1XfDT/view
15	OPM1024_02	P050062	Orange Punch Mimosa	HCH (sum of alpha-, beta-, delta- and epsilon-)	<0.3 mg/kg	N.D.	2994/2025	19.06.2025	IPH — Institute of Public Health	https://drive.google.com/file/d/1U1nSPl5fDy-tmVm25pxkFnzM9Bj1XfDT/view
15	OPM1024_02	P050062	Orange Punch Mimosa	HCB (Hexachlorbenzene)	<0.1 mg/kg	N.D.	2994/2025	19.06.2025	IPH — Institute of Public Health	https://drive.google.com/file/d/1U1nSPl5fDy-tmVm25pxkFnzM9Bj1XfDT/view
15	OPM1024_02	P050062	Orange Punch Mimosa	DDT (total)	<1 mg/kg	N.D.	2994/2025	19.06.2025	IPH — Institute of Public Health	https://drive.google.com/file/d/1U1nSPl5fDy-tmVm25pxkFnzM9Bj1XfDT/view
15	OPM1024_02	P050062	Orange Punch Mimosa	Heptachlor (sum of heptachlor and heptachlorepoxide)	<0.05 mg/kg	N.D.	2994/2025	19.06.2025	IPH — Institute of Public Health	https://drive.google.com/file/d/1U1nSPl5fDy-tmVm25pxkFnzM9Bj1XfDT/view
15	OPM1024_02	P050062	Orange Punch Mimosa	Endrin	<0.05 mg/kg	N.D.	2994/2025	19.06.2025	IPH — Institute of Public Health	https://drive.google.com/file/d/1U1nSPl5fDy-tmVm25pxkFnzM9Bj1XfDT/view
15	OPM1024_02	P050062	Orange Punch Mimosa	Chlordane (sum of cis- and trans-)	<0.05 mg/kg	N.D.	2994/2025	19.06.2025	IPH — Institute of Public Health	https://drive.google.com/file/d/1U1nSPl5fDy-tmVm25pxkFnzM9Bj1XfDT/view
15	OPM1024_02	P050062	Orange Punch Mimosa	Metoxychlor	<0.05 mg/kg	N.D.	2994/2025	19.06.2025	IPH — Institute of Public Health	https://drive.google.com/file/d/1U1nSPl5fDy-tmVm25pxkFnzM9Bj1XfDT/view
15	OPM1024_02	P050062	Orange Punch Mimosa	Cadmium	<0.3 mg/kg (≤ 1)	0.011 mg/kg	2994/2025	19.06.2025	IPH — Institute of Public Health	https://drive.google.com/file/d/1U1nSPl5fDy-tmVm25pxkFnzM9Bj1XfDT/view
15	OPM1024_02	P050062	Orange Punch Mimosa	Lead	<0.5 mg/kg (≤ 5)	0.052 mg/kg	2994/2025	19.06.2025	IPH — Institute of Public Health	https://drive.google.com/file/d/1U1nSPl5fDy-tmVm25pxkFnzM9Bj1XfDT/view
15	OPM1024_02	P050062	Orange Punch Mimosa	Mercury	<0.1 mg/kg	0.061 mg/kg	2994/2025	19.06.2025	IPH — Institute of Public Health	https://drive.google.com/file/d/1U1nSPl5fDy-tmVm25pxkFnzM9Bj1XfDT/view
15	OPM1024_02	P050062	Orange Punch Mimosa	Arsenic	<0.2 mg/kg (≤ 2)	0.028 mg/kg	2994/2025	19.06.2025	IPH — Institute of Public Health	https://drive.google.com/file/d/1U1nSPl5fDy-tmVm25pxkFnzM9Bj1XfDT/view
15	OPM1024_02	P050062	Orange Punch Mimosa	Total aflatoxins	<4 µg/kg	<2 µg/kg	2994/2025	19.06.2025	IPH — Institute of Public Health	https://drive.google.com/file/d/1U1nSPl5fDy-tmVm25pxkFnzM9Bj1XfDT/view
15	OPM1024_02	P050062	Orange Punch Mimosa	Total aerobic microbial count (TAMC)	≤ 10⁵ CFU/g	3.4×10³ CFU/g	588/1067/25	13.06.2025	IPH — Institute of Public Health	https://drive.google.com/file/d/1U1nSPl5fDy-tmVm25pxkFnzM9Bj1XfDT/view
15	OPM1024_02	P050062	Orange Punch Mimosa	Total combined yeasts/moulds count (TYMC)	≤ 10⁴ CFU/g	3.6×10³ CFU/g	588/1067/25	13.06.2025	IPH — Institute of Public Health	https://drive.google.com/file/d/1U1nSPl5fDy-tmVm25pxkFnzM9Bj1XfDT/view
15	OPM1024_02	P050062	Orange Punch Mimosa	Bile-tolerant gram-negative bacteria	≤ 10⁴ CFU/g	<10 CFU/g	588/1067/25	13.06.2025	IPH — Institute of Public Health	https://drive.google.com/file/d/1U1nSPl5fDy-tmVm25pxkFnzM9Bj1XfDT/view
15	OPM1024_02	P050062	Orange Punch Mimosa	Escherichia coli	absent/g	Одговара (absent)	588/1067/25	13.06.2025	IPH — Institute of Public Health	https://drive.google.com/file/d/1U1nSPl5fDy-tmVm25pxkFnzM9Bj1XfDT/view
15	OPM1024_02	P050062	Orange Punch Mimosa	Salmonella	absent/25g	Одговара (absent)	588/1067/25	13.06.2025	IPH — Institute of Public Health	https://drive.google.com/file/d/1U1nSPl5fDy-tmVm25pxkFnzM9Bj1XfDT/view
15	OPM1024_02	P050062	Orange Punch Mimosa	Total Delta-9-THC (Farmahem retest)	min 5.00% (PP release spec)	18.04 %w/w (U 1.11)	197-18-К/26	07.08.2026 (received 27.07.2026, analysed 30.07.2026)	Farmahem — Laboratorija za zivotna sredina	https://drive.google.com/file/d/1APxx4uu2FDqJKGn0UT507_bcWrbpRO4d/view
15	OPM1024_02	P050062	Orange Punch Mimosa	Total CBN (Farmahem retest)	max 1.00% (PP release spec)	<LOQ %w/w	197-18-К/26	07.08.2026 (received 27.07.2026, analysed 30.07.2026)	Farmahem — Laboratorija za zivotna sredina	https://drive.google.com/file/d/1APxx4uu2FDqJKGn0UT507_bcWrbpRO4d/view
15	OPM1024_02	P050062	Orange Punch Mimosa	Total CBD (Farmahem retest)	max 1.00% (PP release spec)	<LOQ %w/w	197-18-К/26	07.08.2026 (received 27.07.2026, analysed 30.07.2026)	Farmahem — Laboratorija za zivotna sredina	https://drive.google.com/file/d/1APxx4uu2FDqJKGn0UT507_bcWrbpRO4d/view
15	OPM1024_02	P050062	Orange Punch Mimosa	Aflatoxin B1 (Farmahem retest)	≤ 2 µg/kg (Ph.Eur. ref)	ND	197-18-М/26	10.08.2026 (received 29.07.2026, analysed 06.08.2026)	Farmahem — Laboratorija za zivotna sredina	https://drive.google.com/file/d/1F1ygc27ntshq3bbZcY3-8JHHjW1XWGQO/view
15	OPM1024_02	P050062	Orange Punch Mimosa	Aflatoxin B2 (Farmahem retest)	(included in Σ aflatoxins)	ND	197-18-М/26	10.08.2026 (received 29.07.2026, analysed 06.08.2026)	Farmahem — Laboratorija za zivotna sredina	https://drive.google.com/file/d/1F1ygc27ntshq3bbZcY3-8JHHjW1XWGQO/view
15	OPM1024_02	P050062	Orange Punch Mimosa	Aflatoxin G1 (Farmahem retest)	(included in Σ aflatoxins)	ND	197-18-М/26	10.08.2026 (received 29.07.2026, analysed 06.08.2026)	Farmahem — Laboratorija za zivotna sredina	https://drive.google.com/file/d/1F1ygc27ntshq3bbZcY3-8JHHjW1XWGQO/view
15	OPM1024_02	P050062	Orange Punch Mimosa	Aflatoxin G2 (Farmahem retest)	(included in Σ aflatoxins)	ND	197-18-М/26	10.08.2026 (received 29.07.2026, analysed 06.08.2026)	Farmahem — Laboratorija za zivotna sredina	https://drive.google.com/file/d/1F1ygc27ntshq3bbZcY3-8JHHjW1XWGQO/view
15	OPM1024_02	P050062	Orange Punch Mimosa	Sum aflatoxins B1+B2+G1+G2 (Farmahem retest)	≤ 4 µg/kg (Ph.Eur. ref)	ND (all four not detected)	197-18-М/26	10.08.2026 (received 29.07.2026, analysed 06.08.2026)	Farmahem — Laboratorija za zivotna sredina	https://drive.google.com/file/d/1F1ygc27ntshq3bbZcY3-8JHHjW1XWGQO/view
15	OPM1024_02	P050062	Orange Punch Mimosa	Ochratoxin A (Farmahem retest)	per PP spec (Ph.Eur. ref ≤ 20 µg/kg)	ND	197-18-М/26	10.08.2026 (received 29.07.2026, analysed 06.08.2026)	Farmahem — Laboratorija za zivotna sredina	https://drive.google.com/file/d/1F1ygc27ntshq3bbZcY3-8JHHjW1XWGQO/view
16	OPM1024_03	P050082	Orange Punch Mimosa	Loss on Drying	≤ 10.00%	6.38%	ППК25210	28.07.2025 (completed 24.07.2025)	UKIM Faculty of Pharmacy — Center for Natural Products	https://drive.google.com/file/d/1b5TdGvgVCsLFfbDIMnFmegV-kCgDv_e6/view
16	OPM1024_03	P050082	Orange Punch Mimosa	Cannabidiolic acid (CBDA) content	/	0.05%	ППК25210	28.07.2025 (completed 24.07.2025)	UKIM Faculty of Pharmacy — Center for Natural Products	https://drive.google.com/file/d/1b5TdGvgVCsLFfbDIMnFmegV-kCgDv_e6/view
16	OPM1024_03	P050082	Orange Punch Mimosa	Cannabidiol (CBD) content	/	ND	ППК25210	28.07.2025 (completed 24.07.2025)	UKIM Faculty of Pharmacy — Center for Natural Products	https://drive.google.com/file/d/1b5TdGvgVCsLFfbDIMnFmegV-kCgDv_e6/view
16	OPM1024_03	P050082	Orange Punch Mimosa	Cannabinol (CBN) content	≤ 1.00%	0.01%	ППК25210	28.07.2025 (completed 24.07.2025)	UKIM Faculty of Pharmacy — Center for Natural Products	https://drive.google.com/file/d/1b5TdGvgVCsLFfbDIMnFmegV-kCgDv_e6/view
16	OPM1024_03	P050082	Orange Punch Mimosa	Delta-9-THC content	/	0.48%	ППК25210	28.07.2025 (completed 24.07.2025)	UKIM Faculty of Pharmacy — Center for Natural Products	https://drive.google.com/file/d/1b5TdGvgVCsLFfbDIMnFmegV-kCgDv_e6/view
16	OPM1024_03	P050082	Orange Punch Mimosa	Delta-9-THCA content	/	18.33%	ППК25210	28.07.2025 (completed 24.07.2025)	UKIM Faculty of Pharmacy — Center for Natural Products	https://drive.google.com/file/d/1b5TdGvgVCsLFfbDIMnFmegV-kCgDv_e6/view
16	OPM1024_03	P050082	Orange Punch Mimosa	Total CBD (CBD + CBDA x 0.877)	/	0.04%	ППК25210	28.07.2025 (completed 24.07.2025)	UKIM Faculty of Pharmacy — Center for Natural Products	https://drive.google.com/file/d/1b5TdGvgVCsLFfbDIMnFmegV-kCgDv_e6/view
16	OPM1024_03	P050082	Orange Punch Mimosa	Total Delta-9-THC (THC + THCA x 0.877)	/	16.55%	ППК25210	28.07.2025 (completed 24.07.2025)	UKIM Faculty of Pharmacy — Center for Natural Products	https://drive.google.com/file/d/1b5TdGvgVCsLFfbDIMnFmegV-kCgDv_e6/view
16	OPM1024_03	P050082	Orange Punch Mimosa	Deltamethrin	<0.5 mg/kg	N.D.	3636/2025	28.07.2025	IPH — Institute of Public Health	https://drive.google.com/file/d/1b5TdGvgVCsLFfbDIMnFmegV-kCgDv_e6/view
16	OPM1024_03	P050082	Orange Punch Mimosa	Chlorpyriphos-methyl	<0.1 mg/kg	N.D.	3636/2025	28.07.2025	IPH — Institute of Public Health	https://drive.google.com/file/d/1b5TdGvgVCsLFfbDIMnFmegV-kCgDv_e6/view
16	OPM1024_03	P050082	Orange Punch Mimosa	Chlorpyriphos-ethyl	<0.2 mg/kg	N.D.	3636/2025	28.07.2025	IPH — Institute of Public Health	https://drive.google.com/file/d/1b5TdGvgVCsLFfbDIMnFmegV-kCgDv_e6/view
16	OPM1024_03	P050082	Orange Punch Mimosa	Endosulfan (sum of isomers and endosulfan sulfate)	<3 mg/kg	N.D.	3636/2025	28.07.2025	IPH — Institute of Public Health	https://drive.google.com/file/d/1b5TdGvgVCsLFfbDIMnFmegV-kCgDv_e6/view
16	OPM1024_03	P050082	Orange Punch Mimosa	Lindan	<0.6 mg/kg	N.D.	3636/2025	28.07.2025	IPH — Institute of Public Health	https://drive.google.com/file/d/1b5TdGvgVCsLFfbDIMnFmegV-kCgDv_e6/view
16	OPM1024_03	P050082	Orange Punch Mimosa	Aldrin and dieldrin (sum of)	<0.05 mg/kg	N.D.	3636/2025	28.07.2025	IPH — Institute of Public Health	https://drive.google.com/file/d/1b5TdGvgVCsLFfbDIMnFmegV-kCgDv_e6/view
16	OPM1024_03	P050082	Orange Punch Mimosa	HCH (sum of alpha-, beta-, delta- and epsilon-)	<0.3 mg/kg	N.D.	3636/2025	28.07.2025	IPH — Institute of Public Health	https://drive.google.com/file/d/1b5TdGvgVCsLFfbDIMnFmegV-kCgDv_e6/view
16	OPM1024_03	P050082	Orange Punch Mimosa	HCB (Hexachlorbenzene)	<0.1 mg/kg	N.D.	3636/2025	28.07.2025	IPH — Institute of Public Health	https://drive.google.com/file/d/1b5TdGvgVCsLFfbDIMnFmegV-kCgDv_e6/view
16	OPM1024_03	P050082	Orange Punch Mimosa	DDT (total)	<1 mg/kg	N.D.	3636/2025	28.07.2025	IPH — Institute of Public Health	https://drive.google.com/file/d/1b5TdGvgVCsLFfbDIMnFmegV-kCgDv_e6/view
16	OPM1024_03	P050082	Orange Punch Mimosa	Heptachlor (sum of heptachlor and heptachlorepoxide)	<0.05 mg/kg	N.D.	3636/2025	28.07.2025	IPH — Institute of Public Health	https://drive.google.com/file/d/1b5TdGvgVCsLFfbDIMnFmegV-kCgDv_e6/view
16	OPM1024_03	P050082	Orange Punch Mimosa	Endrin	<0.05 mg/kg	N.D.	3636/2025	28.07.2025	IPH — Institute of Public Health	https://drive.google.com/file/d/1b5TdGvgVCsLFfbDIMnFmegV-kCgDv_e6/view
16	OPM1024_03	P050082	Orange Punch Mimosa	Chlordane (sum of cis- and trans-)	<0.05 mg/kg	N.D.	3636/2025	28.07.2025	IPH — Institute of Public Health	https://drive.google.com/file/d/1b5TdGvgVCsLFfbDIMnFmegV-kCgDv_e6/view
16	OPM1024_03	P050082	Orange Punch Mimosa	Metoxychlor	<0.05 mg/kg	N.D.	3636/2025	28.07.2025	IPH — Institute of Public Health	https://drive.google.com/file/d/1b5TdGvgVCsLFfbDIMnFmegV-kCgDv_e6/view
16	OPM1024_03	P050082	Orange Punch Mimosa	Cadmium	<0.3 mg/kg (≤ 1)	N.D.	3636/2025	28.07.2025	IPH — Institute of Public Health	https://drive.google.com/file/d/1b5TdGvgVCsLFfbDIMnFmegV-kCgDv_e6/view
16	OPM1024_03	P050082	Orange Punch Mimosa	Lead	<0.5 mg/kg (≤ 5)	N.D.	3636/2025	28.07.2025	IPH — Institute of Public Health	https://drive.google.com/file/d/1b5TdGvgVCsLFfbDIMnFmegV-kCgDv_e6/view
16	OPM1024_03	P050082	Orange Punch Mimosa	Mercury	<0.1 mg/kg	0.03 mg/kg	3636/2025	28.07.2025	IPH — Institute of Public Health	https://drive.google.com/file/d/1b5TdGvgVCsLFfbDIMnFmegV-kCgDv_e6/view
16	OPM1024_03	P050082	Orange Punch Mimosa	Arsenic	<0.2 mg/kg (≤ 2)	0.135 mg/kg	3636/2025	28.07.2025	IPH — Institute of Public Health	https://drive.google.com/file/d/1b5TdGvgVCsLFfbDIMnFmegV-kCgDv_e6/view
16	OPM1024_03	P050082	Orange Punch Mimosa	Total aflatoxins	<4 µg/kg	2.1 µg/kg	3636/2025	28.07.2025	IPH — Institute of Public Health	https://drive.google.com/file/d/1b5TdGvgVCsLFfbDIMnFmegV-kCgDv_e6/view
16	OPM1024_03	P050082	Orange Punch Mimosa	Total aerobic microbial count (TAMC)	≤ 10⁵ CFU/g	2×10² CFU/g	766/1375/25	29.07.2025	IPH — Institute of Public Health	https://drive.google.com/file/d/1b5TdGvgVCsLFfbDIMnFmegV-kCgDv_e6/view
16	OPM1024_03	P050082	Orange Punch Mimosa	Total combined yeasts/moulds count (TYMC)	≤ 10⁴ CFU/g	3×10² CFU/g	766/1375/25	29.07.2025	IPH — Institute of Public Health	https://drive.google.com/file/d/1b5TdGvgVCsLFfbDIMnFmegV-kCgDv_e6/view
16	OPM1024_03	P050082	Orange Punch Mimosa	Bile-tolerant gram-negative bacteria	≤ 10⁴ CFU/g	<10 CFU/g	766/1375/25	29.07.2025	IPH — Institute of Public Health	https://drive.google.com/file/d/1b5TdGvgVCsLFfbDIMnFmegV-kCgDv_e6/view
16	OPM1024_03	P050082	Orange Punch Mimosa	Escherichia coli	absent/g	Одговара (absent)	766/1375/25	29.07.2025	IPH — Institute of Public Health	https://drive.google.com/file/d/1b5TdGvgVCsLFfbDIMnFmegV-kCgDv_e6/view
16	OPM1024_03	P050082	Orange Punch Mimosa	Salmonella	absent/25g	Одговара (absent)	766/1375/25	29.07.2025	IPH — Institute of Public Health	https://drive.google.com/file/d/1b5TdGvgVCsLFfbDIMnFmegV-kCgDv_e6/view
17	GG1024_01	P050092	Gorilla Glue	Loss on Drying	≤ 10.00%	7.54%	ППК25104	17.04.2025 (completed 15.04.2025)	UKIM Faculty of Pharmacy — Center for Natural Products	https://drive.google.com/file/d/1vodJSpzDimLc6DNMJDUgfcVSVF0APdbE/view
17	GG1024_01	P050092	Gorilla Glue	Cannabidiolic acid (CBDA) content	/	0.05%	ППК25104	17.04.2025 (completed 15.04.2025)	UKIM Faculty of Pharmacy — Center for Natural Products	https://drive.google.com/file/d/1vodJSpzDimLc6DNMJDUgfcVSVF0APdbE/view
17	GG1024_01	P050092	Gorilla Glue	Cannabidiol (CBD) content	/	ND	ППК25104	17.04.2025 (completed 15.04.2025)	UKIM Faculty of Pharmacy — Center for Natural Products	https://drive.google.com/file/d/1vodJSpzDimLc6DNMJDUgfcVSVF0APdbE/view
17	GG1024_01	P050092	Gorilla Glue	Cannabinol (CBN) content	≤ 1.00%	ND	ППК25104	17.04.2025 (completed 15.04.2025)	UKIM Faculty of Pharmacy — Center for Natural Products	https://drive.google.com/file/d/1vodJSpzDimLc6DNMJDUgfcVSVF0APdbE/view
17	GG1024_01	P050092	Gorilla Glue	Delta-9-THC content	/	0.39%	ППК25104	17.04.2025 (completed 15.04.2025)	UKIM Faculty of Pharmacy — Center for Natural Products	https://drive.google.com/file/d/1vodJSpzDimLc6DNMJDUgfcVSVF0APdbE/view
17	GG1024_01	P050092	Gorilla Glue	Delta-9-THCA content	/	19.19%	ППК25104	17.04.2025 (completed 15.04.2025)	UKIM Faculty of Pharmacy — Center for Natural Products	https://drive.google.com/file/d/1vodJSpzDimLc6DNMJDUgfcVSVF0APdbE/view
17	GG1024_01	P050092	Gorilla Glue	Total CBD (CBD + CBDA x 0.877)	/	0.05%	ППК25104	17.04.2025 (completed 15.04.2025)	UKIM Faculty of Pharmacy — Center for Natural Products	https://drive.google.com/file/d/1vodJSpzDimLc6DNMJDUgfcVSVF0APdbE/view
17	GG1024_01	P050092	Gorilla Glue	Total Delta-9-THC (THC + THCA x 0.877)	/	17.22%	ППК25104	17.04.2025 (completed 15.04.2025)	UKIM Faculty of Pharmacy — Center for Natural Products	https://drive.google.com/file/d/1vodJSpzDimLc6DNMJDUgfcVSVF0APdbE/view
17	GG1024_01	P050092	Gorilla Glue	Deltamethrin	<0.5 mg/kg	N.D.	1766/2025	11.04.2025	IPH — Institute of Public Health	https://drive.google.com/file/d/1vodJSpzDimLc6DNMJDUgfcVSVF0APdbE/view
17	GG1024_01	P050092	Gorilla Glue	Chlorpyriphos-methyl	<0.1 mg/kg	N.D.	1766/2025	11.04.2025	IPH — Institute of Public Health	https://drive.google.com/file/d/1vodJSpzDimLc6DNMJDUgfcVSVF0APdbE/view
17	GG1024_01	P050092	Gorilla Glue	Chlorpyriphos-ethyl	<0.2 mg/kg	N.D.	1766/2025	11.04.2025	IPH — Institute of Public Health	https://drive.google.com/file/d/1vodJSpzDimLc6DNMJDUgfcVSVF0APdbE/view
17	GG1024_01	P050092	Gorilla Glue	Endosulfan (sum of isomers and endosulfan sulfate)	<3 mg/kg	N.D.	1766/2025	11.04.2025	IPH — Institute of Public Health	https://drive.google.com/file/d/1vodJSpzDimLc6DNMJDUgfcVSVF0APdbE/view
17	GG1024_01	P050092	Gorilla Glue	Lindan	<0.6 mg/kg	N.D.	1766/2025	11.04.2025	IPH — Institute of Public Health	https://drive.google.com/file/d/1vodJSpzDimLc6DNMJDUgfcVSVF0APdbE/view
17	GG1024_01	P050092	Gorilla Glue	Aldrin and dieldrin (sum of)	<0.05 mg/kg	N.D.	1766/2025	11.04.2025	IPH — Institute of Public Health	https://drive.google.com/file/d/1vodJSpzDimLc6DNMJDUgfcVSVF0APdbE/view
17	GG1024_01	P050092	Gorilla Glue	HCH (sum of alpha-, beta-, delta- and epsilon-)	<0.3 mg/kg	N.D.	1766/2025	11.04.2025	IPH — Institute of Public Health	https://drive.google.com/file/d/1vodJSpzDimLc6DNMJDUgfcVSVF0APdbE/view
17	GG1024_01	P050092	Gorilla Glue	HCB (Hexachlorbenzene)	<0.1 mg/kg	N.D.	1766/2025	11.04.2025	IPH — Institute of Public Health	https://drive.google.com/file/d/1vodJSpzDimLc6DNMJDUgfcVSVF0APdbE/view
17	GG1024_01	P050092	Gorilla Glue	DDT (total)	<1 mg/kg	N.D.	1766/2025	11.04.2025	IPH — Institute of Public Health	https://drive.google.com/file/d/1vodJSpzDimLc6DNMJDUgfcVSVF0APdbE/view
17	GG1024_01	P050092	Gorilla Glue	Heptachlor (sum of heptachlor and heptachlorepoxide)	<0.05 mg/kg	N.D.	1766/2025	11.04.2025	IPH — Institute of Public Health	https://drive.google.com/file/d/1vodJSpzDimLc6DNMJDUgfcVSVF0APdbE/view
17	GG1024_01	P050092	Gorilla Glue	Endrin	<0.05 mg/kg	N.D.	1766/2025	11.04.2025	IPH — Institute of Public Health	https://drive.google.com/file/d/1vodJSpzDimLc6DNMJDUgfcVSVF0APdbE/view
17	GG1024_01	P050092	Gorilla Glue	Chlordane (sum of cis- and trans-)	<0.05 mg/kg	N.D.	1766/2025	11.04.2025	IPH — Institute of Public Health	https://drive.google.com/file/d/1vodJSpzDimLc6DNMJDUgfcVSVF0APdbE/view
17	GG1024_01	P050092	Gorilla Glue	Metoxychlor	<0.05 mg/kg	N.D.	1766/2025	11.04.2025	IPH — Institute of Public Health	https://drive.google.com/file/d/1vodJSpzDimLc6DNMJDUgfcVSVF0APdbE/view
17	GG1024_01	P050092	Gorilla Glue	Cadmium	<0.3 mg/kg (≤ 1)	0.007 mg/kg	1766/2025	11.04.2025	IPH — Institute of Public Health	https://drive.google.com/file/d/1vodJSpzDimLc6DNMJDUgfcVSVF0APdbE/view
17	GG1024_01	P050092	Gorilla Glue	Lead	<0.5 mg/kg (≤ 5)	0.02 mg/kg	1766/2025	11.04.2025	IPH — Institute of Public Health	https://drive.google.com/file/d/1vodJSpzDimLc6DNMJDUgfcVSVF0APdbE/view
17	GG1024_01	P050092	Gorilla Glue	Mercury	<0.1 mg/kg	0.005 mg/kg	1766/2025	11.04.2025	IPH — Institute of Public Health	https://drive.google.com/file/d/1vodJSpzDimLc6DNMJDUgfcVSVF0APdbE/view
17	GG1024_01	P050092	Gorilla Glue	Arsenic	<0.2 mg/kg (≤ 2)	0.015 mg/kg	1766/2025	11.04.2025	IPH — Institute of Public Health	https://drive.google.com/file/d/1vodJSpzDimLc6DNMJDUgfcVSVF0APdbE/view
17	GG1024_01	P050092	Gorilla Glue	Total aflatoxins	<4 µg/kg	<2 µg/kg	1766/2025	11.04.2025	IPH — Institute of Public Health	https://drive.google.com/file/d/1vodJSpzDimLc6DNMJDUgfcVSVF0APdbE/view
17	GG1024_01	P050092	Gorilla Glue	Total aerobic microbial count (TAMC)	≤ 10⁵ CFU/g	5.1×10⁴ CFU/g	320/0587/25	14.04.2025	IPH — Institute of Public Health	https://drive.google.com/file/d/1vodJSpzDimLc6DNMJDUgfcVSVF0APdbE/view
17	GG1024_01	P050092	Gorilla Glue	Total combined yeasts/moulds count (TYMC)	≤ 10⁴ CFU/g	4.2×10³ CFU/g	320/0587/25	14.04.2025	IPH — Institute of Public Health	https://drive.google.com/file/d/1vodJSpzDimLc6DNMJDUgfcVSVF0APdbE/view
17	GG1024_01	P050092	Gorilla Glue	Bile-tolerant gram-negative bacteria	≤ 10⁴ CFU/g	<10 CFU/g	320/0587/25	14.04.2025	IPH — Institute of Public Health	https://drive.google.com/file/d/1vodJSpzDimLc6DNMJDUgfcVSVF0APdbE/view
17	GG1024_01	P050092	Gorilla Glue	Escherichia coli	absent/g	Одговара (absent)	320/0587/25	14.04.2025	IPH — Institute of Public Health	https://drive.google.com/file/d/1vodJSpzDimLc6DNMJDUgfcVSVF0APdbE/view
17	GG1024_01	P050092	Gorilla Glue	Salmonella	absent/25g	Одговара (absent)	320/0587/25	14.04.2025	IPH — Institute of Public Health	https://drive.google.com/file/d/1vodJSpzDimLc6DNMJDUgfcVSVF0APdbE/view
17	GG1024_01	P050092	Gorilla Glue	Total Delta-9-THC (Farmahem retest)	min 5.00% (PP release spec)	18.67 %w/w (U 1.15)	197-9-К/26	07.08.2026 (received 27.07.2026, analysed 28.07.2026)	Farmahem — Laboratorija za zivotna sredina	https://drive.google.com/file/d/1E931TCyqxT92ofVFQ8ylkKiAzZkbmI1U/view
17	GG1024_01	P050092	Gorilla Glue	Total CBN (Farmahem retest)	max 1.00% (PP release spec)	0.20 %w/w (U 0.01)	197-9-К/26	07.08.2026 (received 27.07.2026, analysed 28.07.2026)	Farmahem — Laboratorija za zivotna sredina	https://drive.google.com/file/d/1E931TCyqxT92ofVFQ8ylkKiAzZkbmI1U/view
17	GG1024_01	P050092	Gorilla Glue	Total CBD (Farmahem retest)	max 1.00% (PP release spec)	<LOQ %w/w	197-9-К/26	07.08.2026 (received 27.07.2026, analysed 28.07.2026)	Farmahem — Laboratorija za zivotna sredina	https://drive.google.com/file/d/1E931TCyqxT92ofVFQ8ylkKiAzZkbmI1U/view
17	GG1024_01	P050092	Gorilla Glue	Aflatoxin B1 (Farmahem retest)	≤ 2 µg/kg (Ph.Eur. ref)	ND	197-9-М/26	10.08.2026 (received 29.07.2026, analysed 06.08.2026)	Farmahem — Laboratorija za zivotna sredina	https://drive.google.com/file/d/1VZsTyuyINQIWgDXCWRIan2P1itsmd8xD/view
17	GG1024_01	P050092	Gorilla Glue	Aflatoxin B2 (Farmahem retest)	(included in Σ aflatoxins)	ND	197-9-М/26	10.08.2026 (received 29.07.2026, analysed 06.08.2026)	Farmahem — Laboratorija za zivotna sredina	https://drive.google.com/file/d/1VZsTyuyINQIWgDXCWRIan2P1itsmd8xD/view
17	GG1024_01	P050092	Gorilla Glue	Aflatoxin G1 (Farmahem retest)	(included in Σ aflatoxins)	ND	197-9-М/26	10.08.2026 (received 29.07.2026, analysed 06.08.2026)	Farmahem — Laboratorija za zivotna sredina	https://drive.google.com/file/d/1VZsTyuyINQIWgDXCWRIan2P1itsmd8xD/view
17	GG1024_01	P050092	Gorilla Glue	Aflatoxin G2 (Farmahem retest)	(included in Σ aflatoxins)	ND	197-9-М/26	10.08.2026 (received 29.07.2026, analysed 06.08.2026)	Farmahem — Laboratorija za zivotna sredina	https://drive.google.com/file/d/1VZsTyuyINQIWgDXCWRIan2P1itsmd8xD/view
17	GG1024_01	P050092	Gorilla Glue	Sum aflatoxins B1+B2+G1+G2 (Farmahem retest)	≤ 4 µg/kg (Ph.Eur. ref)	ND (all four not detected)	197-9-М/26	10.08.2026 (received 29.07.2026, analysed 06.08.2026)	Farmahem — Laboratorija za zivotna sredina	https://drive.google.com/file/d/1VZsTyuyINQIWgDXCWRIan2P1itsmd8xD/view
17	GG1024_01	P050092	Gorilla Glue	Ochratoxin A (Farmahem retest)	per PP spec (Ph.Eur. ref ≤ 20 µg/kg)	ND	197-9-М/26	10.08.2026 (received 29.07.2026, analysed 06.08.2026)	Farmahem — Laboratorija za zivotna sredina	https://drive.google.com/file/d/1VZsTyuyINQIWgDXCWRIan2P1itsmd8xD/view
18	BSS1024_01	P050122	Blue Sunset Sherbet	Loss on Drying	≤ 10.00%	6.38%	ППК25176	10.07.2025 (completed 09.07.2025)	UKIM Faculty of Pharmacy — Center for Natural Products	https://drive.google.com/file/d/1VX40PSsMrrwSgisplU4xDM4Zh6PQXk_S/view
18	BSS1024_01	P050122	Blue Sunset Sherbet	Cannabidiolic acid (CBDA) content	/	0.07%	ППК25176	10.07.2025 (completed 09.07.2025)	UKIM Faculty of Pharmacy — Center for Natural Products	https://drive.google.com/file/d/1VX40PSsMrrwSgisplU4xDM4Zh6PQXk_S/view
18	BSS1024_01	P050122	Blue Sunset Sherbet	Cannabidiol (CBD) content	/	ND	ППК25176	10.07.2025 (completed 09.07.2025)	UKIM Faculty of Pharmacy — Center for Natural Products	https://drive.google.com/file/d/1VX40PSsMrrwSgisplU4xDM4Zh6PQXk_S/view
18	BSS1024_01	P050122	Blue Sunset Sherbet	Cannabinol (CBN) content	≤ 1.00%	BLQ	ППК25176	10.07.2025 (completed 09.07.2025)	UKIM Faculty of Pharmacy — Center for Natural Products	https://drive.google.com/file/d/1VX40PSsMrrwSgisplU4xDM4Zh6PQXk_S/view
18	BSS1024_01	P050122	Blue Sunset Sherbet	Delta-9-THC content	/	0.79% [DATA INTEGRITY FLAG — see source]	ППК25176	10.07.2025 (completed 09.07.2025)	UKIM Faculty of Pharmacy — Center for Natural Products	https://drive.google.com/file/d/1VX40PSsMrrwSgisplU4xDM4Zh6PQXk_S/view
18	BSS1024_01	P050122	Blue Sunset Sherbet	Delta-9-THCA content	/	25.80%	ППК25176	10.07.2025 (completed 09.07.2025)	UKIM Faculty of Pharmacy — Center for Natural Products	https://drive.google.com/file/d/1VX40PSsMrrwSgisplU4xDM4Zh6PQXk_S/view
18	BSS1024_01	P050122	Blue Sunset Sherbet	Total CBD (CBD + CBDA x 0.877)	/	0.06%	ППК25176	10.07.2025 (completed 09.07.2025)	UKIM Faculty of Pharmacy — Center for Natural Products	https://drive.google.com/file/d/1VX40PSsMrrwSgisplU4xDM4Zh6PQXk_S/view
18	BSS1024_01	P050122	Blue Sunset Sherbet	Total Delta-9-THC (THC + THCA x 0.877)	/	23.42%	ППК25176	10.07.2025 (completed 09.07.2025)	UKIM Faculty of Pharmacy — Center for Natural Products	https://drive.google.com/file/d/1VX40PSsMrrwSgisplU4xDM4Zh6PQXk_S/view
18	BSS1024_01	P050122	Blue Sunset Sherbet	Deltamethrin	<0.5 mg/kg	N.D.	3177/2025	26.06.2025	IPH — Institute of Public Health	https://drive.google.com/file/d/1VX40PSsMrrwSgisplU4xDM4Zh6PQXk_S/view
18	BSS1024_01	P050122	Blue Sunset Sherbet	Chlorpyriphos-methyl	<0.1 mg/kg	N.D.	3177/2025	26.06.2025	IPH — Institute of Public Health	https://drive.google.com/file/d/1VX40PSsMrrwSgisplU4xDM4Zh6PQXk_S/view
18	BSS1024_01	P050122	Blue Sunset Sherbet	Chlorpyriphos-ethyl	<0.2 mg/kg	N.D.	3177/2025	26.06.2025	IPH — Institute of Public Health	https://drive.google.com/file/d/1VX40PSsMrrwSgisplU4xDM4Zh6PQXk_S/view
18	BSS1024_01	P050122	Blue Sunset Sherbet	Endosulfan (sum of isomers and endosulfan sulfate)	<3 mg/kg	N.D.	3177/2025	26.06.2025	IPH — Institute of Public Health	https://drive.google.com/file/d/1VX40PSsMrrwSgisplU4xDM4Zh6PQXk_S/view
18	BSS1024_01	P050122	Blue Sunset Sherbet	Lindan	<0.6 mg/kg	N.D.	3177/2025	26.06.2025	IPH — Institute of Public Health	https://drive.google.com/file/d/1VX40PSsMrrwSgisplU4xDM4Zh6PQXk_S/view
18	BSS1024_01	P050122	Blue Sunset Sherbet	Aldrin and dieldrin (sum of)	<0.05 mg/kg	N.D.	3177/2025	26.06.2025	IPH — Institute of Public Health	https://drive.google.com/file/d/1VX40PSsMrrwSgisplU4xDM4Zh6PQXk_S/view
18	BSS1024_01	P050122	Blue Sunset Sherbet	HCH (sum of alpha-, beta-, delta- and epsilon-)	<0.3 mg/kg	N.D.	3177/2025	26.06.2025	IPH — Institute of Public Health	https://drive.google.com/file/d/1VX40PSsMrrwSgisplU4xDM4Zh6PQXk_S/view
18	BSS1024_01	P050122	Blue Sunset Sherbet	HCB (Hexachlorbenzene)	<0.1 mg/kg	N.D.	3177/2025	26.06.2025	IPH — Institute of Public Health	https://drive.google.com/file/d/1VX40PSsMrrwSgisplU4xDM4Zh6PQXk_S/view
18	BSS1024_01	P050122	Blue Sunset Sherbet	DDT (total)	<1 mg/kg	N.D.	3177/2025	26.06.2025	IPH — Institute of Public Health	https://drive.google.com/file/d/1VX40PSsMrrwSgisplU4xDM4Zh6PQXk_S/view
18	BSS1024_01	P050122	Blue Sunset Sherbet	Heptachlor (sum of heptachlor and heptachlorepoxide)	<0.05 mg/kg	N.D.	3177/2025	26.06.2025	IPH — Institute of Public Health	https://drive.google.com/file/d/1VX40PSsMrrwSgisplU4xDM4Zh6PQXk_S/view
18	BSS1024_01	P050122	Blue Sunset Sherbet	Endrin	<0.05 mg/kg	N.D.	3177/2025	26.06.2025	IPH — Institute of Public Health	https://drive.google.com/file/d/1VX40PSsMrrwSgisplU4xDM4Zh6PQXk_S/view
18	BSS1024_01	P050122	Blue Sunset Sherbet	Chlordane (sum of cis- and trans-)	<0.05 mg/kg	N.D.	3177/2025	26.06.2025	IPH — Institute of Public Health	https://drive.google.com/file/d/1VX40PSsMrrwSgisplU4xDM4Zh6PQXk_S/view
18	BSS1024_01	P050122	Blue Sunset Sherbet	Metoxychlor	<0.05 mg/kg	N.D.	3177/2025	26.06.2025	IPH — Institute of Public Health	https://drive.google.com/file/d/1VX40PSsMrrwSgisplU4xDM4Zh6PQXk_S/view
18	BSS1024_01	P050122	Blue Sunset Sherbet	Cadmium	<0.3 mg/kg (≤ 1)	N.D.	3177/2025	26.06.2025	IPH — Institute of Public Health	https://drive.google.com/file/d/1VX40PSsMrrwSgisplU4xDM4Zh6PQXk_S/view
18	BSS1024_01	P050122	Blue Sunset Sherbet	Lead	<0.5 mg/kg (≤ 5)	N.D.	3177/2025	26.06.2025	IPH — Institute of Public Health	https://drive.google.com/file/d/1VX40PSsMrrwSgisplU4xDM4Zh6PQXk_S/view
18	BSS1024_01	P050122	Blue Sunset Sherbet	Mercury	<0.1 mg/kg	N.D.	3177/2025	26.06.2025	IPH — Institute of Public Health	https://drive.google.com/file/d/1VX40PSsMrrwSgisplU4xDM4Zh6PQXk_S/view
18	BSS1024_01	P050122	Blue Sunset Sherbet	Arsenic	<0.2 mg/kg (≤ 2)	0.112 mg/kg	3177/2025	26.06.2025	IPH — Institute of Public Health	https://drive.google.com/file/d/1VX40PSsMrrwSgisplU4xDM4Zh6PQXk_S/view
18	BSS1024_01	P050122	Blue Sunset Sherbet	Total aflatoxins	<4 µg/kg	<2 µg/kg	3177/2025	26.06.2025	IPH — Institute of Public Health	https://drive.google.com/file/d/1VX40PSsMrrwSgisplU4xDM4Zh6PQXk_S/view
18	BSS1024_01	P050122	Blue Sunset Sherbet	Total aerobic microbial count (TAMC)	≤ 10⁵ CFU/g	<10 CFU/g	626/1127/25	02.07.2025	IPH — Institute of Public Health	https://drive.google.com/file/d/1VX40PSsMrrwSgisplU4xDM4Zh6PQXk_S/view
18	BSS1024_01	P050122	Blue Sunset Sherbet	Total combined yeasts/moulds count (TYMC)	≤ 10⁴ CFU/g	<10 CFU/g	626/1127/25	02.07.2025	IPH — Institute of Public Health	https://drive.google.com/file/d/1VX40PSsMrrwSgisplU4xDM4Zh6PQXk_S/view
18	BSS1024_01	P050122	Blue Sunset Sherbet	Bile-tolerant gram-negative bacteria	≤ 10⁴ CFU/g	<10 CFU/g	626/1127/25	02.07.2025	IPH — Institute of Public Health	https://drive.google.com/file/d/1VX40PSsMrrwSgisplU4xDM4Zh6PQXk_S/view
18	BSS1024_01	P050122	Blue Sunset Sherbet	Escherichia coli	absent/g	Одговара (absent)	626/1127/25	02.07.2025	IPH — Institute of Public Health	https://drive.google.com/file/d/1VX40PSsMrrwSgisplU4xDM4Zh6PQXk_S/view
18	BSS1024_01	P050122	Blue Sunset Sherbet	Salmonella	absent/25g	Одговара (absent)	626/1127/25	02.07.2025	IPH — Institute of Public Health	https://drive.google.com/file/d/1VX40PSsMrrwSgisplU4xDM4Zh6PQXk_S/view
19	OPM052501	P050132	Orange Punch Mimosa	Loss on Drying	≤ 10.00%	8.28%	ППК52557	05.09.2025 (completed 03.09.2025)	UKIM Faculty of Pharmacy — Center for Natural Products	https://drive.google.com/file/d/1E-VSIHygIV9UFA4rOjq0v4jzeLw5WiWD/view
19	OPM052501	P050132	Orange Punch Mimosa	Cannabidiolic acid (CBDA) content	/	0.04%	ППК52557	05.09.2025 (completed 03.09.2025)	UKIM Faculty of Pharmacy — Center for Natural Products	https://drive.google.com/file/d/1E-VSIHygIV9UFA4rOjq0v4jzeLw5WiWD/view
19	OPM052501	P050132	Orange Punch Mimosa	Cannabidiol (CBD) content	/	ND	ППК52557	05.09.2025 (completed 03.09.2025)	UKIM Faculty of Pharmacy — Center for Natural Products	https://drive.google.com/file/d/1E-VSIHygIV9UFA4rOjq0v4jzeLw5WiWD/view
19	OPM052501	P050132	Orange Punch Mimosa	Cannabinol (CBN) content	≤ 1.00%	0.02%	ППК52557	05.09.2025 (completed 03.09.2025)	UKIM Faculty of Pharmacy — Center for Natural Products	https://drive.google.com/file/d/1E-VSIHygIV9UFA4rOjq0v4jzeLw5WiWD/view
19	OPM052501	P050132	Orange Punch Mimosa	Delta-9-THC content	/	0.37%	ППК52557	05.09.2025 (completed 03.09.2025)	UKIM Faculty of Pharmacy — Center for Natural Products	https://drive.google.com/file/d/1E-VSIHygIV9UFA4rOjq0v4jzeLw5WiWD/view
19	OPM052501	P050132	Orange Punch Mimosa	Delta-9-THCA content	/	15.73%	ППК52557	05.09.2025 (completed 03.09.2025)	UKIM Faculty of Pharmacy — Center for Natural Products	https://drive.google.com/file/d/1E-VSIHygIV9UFA4rOjq0v4jzeLw5WiWD/view
19	OPM052501	P050132	Orange Punch Mimosa	Total CBD (CBD + CBDA x 0.877)	/	0.04%	ППК52557	05.09.2025 (completed 03.09.2025)	UKIM Faculty of Pharmacy — Center for Natural Products	https://drive.google.com/file/d/1E-VSIHygIV9UFA4rOjq0v4jzeLw5WiWD/view
19	OPM052501	P050132	Orange Punch Mimosa	Total Delta-9-THC (THC + THCA x 0.877)	/	14.16%	ППК52557	05.09.2025 (completed 03.09.2025)	UKIM Faculty of Pharmacy — Center for Natural Products	https://drive.google.com/file/d/1E-VSIHygIV9UFA4rOjq0v4jzeLw5WiWD/view
19	OPM052501	P050132	Orange Punch Mimosa	Deltamethrin	<0.5 mg/kg	N.D.	4157/2025	29.08.2025	IPH — Institute of Public Health	https://drive.google.com/file/d/1E-VSIHygIV9UFA4rOjq0v4jzeLw5WiWD/view
19	OPM052501	P050132	Orange Punch Mimosa	Chlorpyriphos-methyl	<0.1 mg/kg	N.D.	4157/2025	29.08.2025	IPH — Institute of Public Health	https://drive.google.com/file/d/1E-VSIHygIV9UFA4rOjq0v4jzeLw5WiWD/view
19	OPM052501	P050132	Orange Punch Mimosa	Chlorpyriphos-ethyl	<0.2 mg/kg	N.D.	4157/2025	29.08.2025	IPH — Institute of Public Health	https://drive.google.com/file/d/1E-VSIHygIV9UFA4rOjq0v4jzeLw5WiWD/view
19	OPM052501	P050132	Orange Punch Mimosa	Endosulfan (sum of isomers and endosulfan sulfate)	<3 mg/kg	N.D.	4157/2025	29.08.2025	IPH — Institute of Public Health	https://drive.google.com/file/d/1E-VSIHygIV9UFA4rOjq0v4jzeLw5WiWD/view
19	OPM052501	P050132	Orange Punch Mimosa	Lindan	<0.6 mg/kg	N.D.	4157/2025	29.08.2025	IPH — Institute of Public Health	https://drive.google.com/file/d/1E-VSIHygIV9UFA4rOjq0v4jzeLw5WiWD/view
19	OPM052501	P050132	Orange Punch Mimosa	Aldrin and dieldrin (sum of)	<0.05 mg/kg	N.D.	4157/2025	29.08.2025	IPH — Institute of Public Health	https://drive.google.com/file/d/1E-VSIHygIV9UFA4rOjq0v4jzeLw5WiWD/view
19	OPM052501	P050132	Orange Punch Mimosa	HCH (sum of alpha-, beta-, delta- and epsilon-)	<0.3 mg/kg	N.D.	4157/2025	29.08.2025	IPH — Institute of Public Health	https://drive.google.com/file/d/1E-VSIHygIV9UFA4rOjq0v4jzeLw5WiWD/view
19	OPM052501	P050132	Orange Punch Mimosa	HCB (Hexachlorbenzene)	<0.1 mg/kg	N.D.	4157/2025	29.08.2025	IPH — Institute of Public Health	https://drive.google.com/file/d/1E-VSIHygIV9UFA4rOjq0v4jzeLw5WiWD/view
19	OPM052501	P050132	Orange Punch Mimosa	DDT (total)	<1 mg/kg	N.D.	4157/2025	29.08.2025	IPH — Institute of Public Health	https://drive.google.com/file/d/1E-VSIHygIV9UFA4rOjq0v4jzeLw5WiWD/view
19	OPM052501	P050132	Orange Punch Mimosa	Heptachlor (sum of heptachlor and heptachlorepoxide)	<0.05 mg/kg	N.D.	4157/2025	29.08.2025	IPH — Institute of Public Health	https://drive.google.com/file/d/1E-VSIHygIV9UFA4rOjq0v4jzeLw5WiWD/view
19	OPM052501	P050132	Orange Punch Mimosa	Endrin	<0.05 mg/kg	N.D.	4157/2025	29.08.2025	IPH — Institute of Public Health	https://drive.google.com/file/d/1E-VSIHygIV9UFA4rOjq0v4jzeLw5WiWD/view
19	OPM052501	P050132	Orange Punch Mimosa	Chlordane (sum of cis- and trans-)	<0.05 mg/kg	N.D.	4157/2025	29.08.2025	IPH — Institute of Public Health	https://drive.google.com/file/d/1E-VSIHygIV9UFA4rOjq0v4jzeLw5WiWD/view
19	OPM052501	P050132	Orange Punch Mimosa	Metoxychlor	<0.05 mg/kg	N.D.	4157/2025	29.08.2025	IPH — Institute of Public Health	https://drive.google.com/file/d/1E-VSIHygIV9UFA4rOjq0v4jzeLw5WiWD/view
19	OPM052501	P050132	Orange Punch Mimosa	Cadmium	<0.3 mg/kg (≤ 1)	N.D.	4157/2025	29.08.2025	IPH — Institute of Public Health	https://drive.google.com/file/d/1E-VSIHygIV9UFA4rOjq0v4jzeLw5WiWD/view
19	OPM052501	P050132	Orange Punch Mimosa	Lead	<0.5 mg/kg (≤ 5)	N.D.	4157/2025	29.08.2025	IPH — Institute of Public Health	https://drive.google.com/file/d/1E-VSIHygIV9UFA4rOjq0v4jzeLw5WiWD/view
19	OPM052501	P050132	Orange Punch Mimosa	Mercury	<0.1 mg/kg	N.D.	4157/2025	29.08.2025	IPH — Institute of Public Health	https://drive.google.com/file/d/1E-VSIHygIV9UFA4rOjq0v4jzeLw5WiWD/view
19	OPM052501	P050132	Orange Punch Mimosa	Arsenic	<0.2 mg/kg (≤ 2)	N.D.	4157/2025	29.08.2025	IPH — Institute of Public Health	https://drive.google.com/file/d/1E-VSIHygIV9UFA4rOjq0v4jzeLw5WiWD/view
19	OPM052501	P050132	Orange Punch Mimosa	Total aflatoxins	<4 µg/kg	2.1 µg/kg	4157/2025	29.08.2025	IPH — Institute of Public Health	https://drive.google.com/file/d/1E-VSIHygIV9UFA4rOjq0v4jzeLw5WiWD/view
19	OPM052501	P050132	Orange Punch Mimosa	Total aerobic microbial count (TAMC)	≤ 10⁵ CFU/g	1.2×10⁴ CFU/g	904/1589/25	02.09.2025	IPH — Institute of Public Health	https://drive.google.com/file/d/1E-VSIHygIV9UFA4rOjq0v4jzeLw5WiWD/view
19	OPM052501	P050132	Orange Punch Mimosa	Total combined yeasts/moulds count (TYMC)	≤ 10⁴ CFU/g	3.3×10³ CFU/g	904/1589/25	02.09.2025	IPH — Institute of Public Health	https://drive.google.com/file/d/1E-VSIHygIV9UFA4rOjq0v4jzeLw5WiWD/view
19	OPM052501	P050132	Orange Punch Mimosa	Bile-tolerant gram-negative bacteria	≤ 10⁴ CFU/g	<10 CFU/g	904/1589/25	02.09.2025	IPH — Institute of Public Health	https://drive.google.com/file/d/1E-VSIHygIV9UFA4rOjq0v4jzeLw5WiWD/view
19	OPM052501	P050132	Orange Punch Mimosa	Escherichia coli	absent/g	Одговара (absent)	904/1589/25	02.09.2025	IPH — Institute of Public Health	https://drive.google.com/file/d/1E-VSIHygIV9UFA4rOjq0v4jzeLw5WiWD/view
19	OPM052501	P050132	Orange Punch Mimosa	Salmonella	absent/25g	Одговара (absent)	904/1589/25	02.09.2025	IPH — Institute of Public Health	https://drive.google.com/file/d/1E-VSIHygIV9UFA4rOjq0v4jzeLw5WiWD/view
20	GP052501	P050152	Grape Pie	Loss on Drying	≤ 10.00%	7.30%	ППК25279	19.09.2025 (completed 16.09.2025)	UKIM Faculty of Pharmacy — Center for Natural Products	https://drive.google.com/file/d/12-hGsiYPij_QPAbTfvG4ak0CJYAmScq3/view
20	GP052501	P050152	Grape Pie	Cannabidiolic acid (CBDA) content	/	0.09%	ППК25279	19.09.2025 (completed 16.09.2025)	UKIM Faculty of Pharmacy — Center for Natural Products	https://drive.google.com/file/d/12-hGsiYPij_QPAbTfvG4ak0CJYAmScq3/view
20	GP052501	P050152	Grape Pie	Cannabidiol (CBD) content	/	ND	ППК25279	19.09.2025 (completed 16.09.2025)	UKIM Faculty of Pharmacy — Center for Natural Products	https://drive.google.com/file/d/12-hGsiYPij_QPAbTfvG4ak0CJYAmScq3/view
20	GP052501	P050152	Grape Pie	Cannabinol (CBN) content	≤ 1.00%	0.03%	ППК25279	19.09.2025 (completed 16.09.2025)	UKIM Faculty of Pharmacy — Center for Natural Products	https://drive.google.com/file/d/12-hGsiYPij_QPAbTfvG4ak0CJYAmScq3/view
20	GP052501	P050152	Grape Pie	Delta-9-THC content	/	1.15%	ППК25279	19.09.2025 (completed 16.09.2025)	UKIM Faculty of Pharmacy — Center for Natural Products	https://drive.google.com/file/d/12-hGsiYPij_QPAbTfvG4ak0CJYAmScq3/view
20	GP052501	P050152	Grape Pie	Delta-9-THCA content	/	20.32%	ППК25279	19.09.2025 (completed 16.09.2025)	UKIM Faculty of Pharmacy — Center for Natural Products	https://drive.google.com/file/d/12-hGsiYPij_QPAbTfvG4ak0CJYAmScq3/view
20	GP052501	P050152	Grape Pie	Total CBD (CBD + CBDA x 0.877)	/	0.08%	ППК25279	19.09.2025 (completed 16.09.2025)	UKIM Faculty of Pharmacy — Center for Natural Products	https://drive.google.com/file/d/12-hGsiYPij_QPAbTfvG4ak0CJYAmScq3/view
20	GP052501	P050152	Grape Pie	Total Delta-9-THC (THC + THCA x 0.877)	/	18.98%	ППК25279	19.09.2025 (completed 16.09.2025)	UKIM Faculty of Pharmacy — Center for Natural Products	https://drive.google.com/file/d/12-hGsiYPij_QPAbTfvG4ak0CJYAmScq3/view
20	GP052501	P050152	Grape Pie	Deltamethrin	<0.5 mg/kg	N.D.	4348/2025	15.09.2025	IPH — Institute of Public Health	https://drive.google.com/file/d/12-hGsiYPij_QPAbTfvG4ak0CJYAmScq3/view
20	GP052501	P050152	Grape Pie	Chlorpyriphos-methyl	<0.1 mg/kg	N.D.	4348/2025	15.09.2025	IPH — Institute of Public Health	https://drive.google.com/file/d/12-hGsiYPij_QPAbTfvG4ak0CJYAmScq3/view
20	GP052501	P050152	Grape Pie	Chlorpyriphos-ethyl	<0.2 mg/kg	N.D.	4348/2025	15.09.2025	IPH — Institute of Public Health	https://drive.google.com/file/d/12-hGsiYPij_QPAbTfvG4ak0CJYAmScq3/view
20	GP052501	P050152	Grape Pie	Endosulfan (sum of isomers and endosulfan sulfate)	<3 mg/kg	N.D.	4348/2025	15.09.2025	IPH — Institute of Public Health	https://drive.google.com/file/d/12-hGsiYPij_QPAbTfvG4ak0CJYAmScq3/view
20	GP052501	P050152	Grape Pie	Lindan	<0.6 mg/kg	N.D.	4348/2025	15.09.2025	IPH — Institute of Public Health	https://drive.google.com/file/d/12-hGsiYPij_QPAbTfvG4ak0CJYAmScq3/view
20	GP052501	P050152	Grape Pie	Aldrin and dieldrin (sum of)	<0.05 mg/kg	N.D.	4348/2025	15.09.2025	IPH — Institute of Public Health	https://drive.google.com/file/d/12-hGsiYPij_QPAbTfvG4ak0CJYAmScq3/view
20	GP052501	P050152	Grape Pie	HCH (sum of alpha-, beta-, delta- and epsilon-)	<0.3 mg/kg	N.D.	4348/2025	15.09.2025	IPH — Institute of Public Health	https://drive.google.com/file/d/12-hGsiYPij_QPAbTfvG4ak0CJYAmScq3/view
20	GP052501	P050152	Grape Pie	HCB (Hexachlorbenzene)	<0.1 mg/kg	N.D.	4348/2025	15.09.2025	IPH — Institute of Public Health	https://drive.google.com/file/d/12-hGsiYPij_QPAbTfvG4ak0CJYAmScq3/view
20	GP052501	P050152	Grape Pie	DDT (total)	<1 mg/kg	N.D.	4348/2025	15.09.2025	IPH — Institute of Public Health	https://drive.google.com/file/d/12-hGsiYPij_QPAbTfvG4ak0CJYAmScq3/view
20	GP052501	P050152	Grape Pie	Heptachlor (sum of heptachlor and heptachlorepoxide)	<0.05 mg/kg	N.D.	4348/2025	15.09.2025	IPH — Institute of Public Health	https://drive.google.com/file/d/12-hGsiYPij_QPAbTfvG4ak0CJYAmScq3/view
20	GP052501	P050152	Grape Pie	Endrin	<0.05 mg/kg	N.D.	4348/2025	15.09.2025	IPH — Institute of Public Health	https://drive.google.com/file/d/12-hGsiYPij_QPAbTfvG4ak0CJYAmScq3/view
20	GP052501	P050152	Grape Pie	Chlordane (sum of cis- and trans-)	<0.05 mg/kg	N.D.	4348/2025	15.09.2025	IPH — Institute of Public Health	https://drive.google.com/file/d/12-hGsiYPij_QPAbTfvG4ak0CJYAmScq3/view
20	GP052501	P050152	Grape Pie	Metoxychlor	<0.05 mg/kg	N.D.	4348/2025	15.09.2025	IPH — Institute of Public Health	https://drive.google.com/file/d/12-hGsiYPij_QPAbTfvG4ak0CJYAmScq3/view
20	GP052501	P050152	Grape Pie	Cadmium	<0.3 mg/kg (≤ 1)	N.D.	4348/2025	15.09.2025	IPH — Institute of Public Health	https://drive.google.com/file/d/12-hGsiYPij_QPAbTfvG4ak0CJYAmScq3/view
20	GP052501	P050152	Grape Pie	Lead	<0.5 mg/kg (≤ 5)	0.06 mg/kg	4348/2025	15.09.2025	IPH — Institute of Public Health	https://drive.google.com/file/d/12-hGsiYPij_QPAbTfvG4ak0CJYAmScq3/view
20	GP052501	P050152	Grape Pie	Mercury	<0.1 mg/kg	N.D.	4348/2025	15.09.2025	IPH — Institute of Public Health	https://drive.google.com/file/d/12-hGsiYPij_QPAbTfvG4ak0CJYAmScq3/view
20	GP052501	P050152	Grape Pie	Arsenic	<0.2 mg/kg (≤ 2)	N.D.	4348/2025	15.09.2025	IPH — Institute of Public Health	https://drive.google.com/file/d/12-hGsiYPij_QPAbTfvG4ak0CJYAmScq3/view
20	GP052501	P050152	Grape Pie	Total aflatoxins	<4 µg/kg	<2 µg/kg	4348/2025	15.09.2025	IPH — Institute of Public Health	https://drive.google.com/file/d/12-hGsiYPij_QPAbTfvG4ak0CJYAmScq3/view
20	GP052501	P050152	Grape Pie	Total aerobic microbial count (TAMC)	≤ 10⁵ CFU/g	2.1×10⁴ CFU/g	946/1684/25	17.09.2025	IPH — Institute of Public Health	https://drive.google.com/file/d/12-hGsiYPij_QPAbTfvG4ak0CJYAmScq3/view
20	GP052501	P050152	Grape Pie	Total combined yeasts/moulds count (TYMC)	≤ 10⁴ CFU/g	3.6×10³ CFU/g [DATA INTEGRITY FLAG — see source]	946/1684/25	17.09.2025	IPH — Institute of Public Health	https://drive.google.com/file/d/12-hGsiYPij_QPAbTfvG4ak0CJYAmScq3/view
20	GP052501	P050152	Grape Pie	Bile-tolerant gram-negative bacteria	≤ 10⁴ CFU/g	<10² and >10¹ CFU/g	946/1684/25	17.09.2025	IPH — Institute of Public Health	https://drive.google.com/file/d/12-hGsiYPij_QPAbTfvG4ak0CJYAmScq3/view
20	GP052501	P050152	Grape Pie	Escherichia coli	absent/g	Одговара (absent)	946/1684/25	17.09.2025	IPH — Institute of Public Health	https://drive.google.com/file/d/12-hGsiYPij_QPAbTfvG4ak0CJYAmScq3/view
20	GP052501	P050152	Grape Pie	Salmonella	absent/25g	Одговара (absent)	946/1684/25	17.09.2025	IPH — Institute of Public Health	https://drive.google.com/file/d/12-hGsiYPij_QPAbTfvG4ak0CJYAmScq3/view
20	GP052501	P050152	Grape Pie	Total Delta-9-THC (Farmahem retest)	min 5.00% (PP release spec)	18.52 %w/w (U 1.14)	197-10-К/26	07.08.2026 (received 27.07.2026, analysed 28.07.2026)	Farmahem — Laboratorija za zivotna sredina	https://drive.google.com/file/d/1m4iQUoehqQlquGKkQVeqbu2V733aJLAx/view
20	GP052501	P050152	Grape Pie	Total CBN (Farmahem retest)	max 1.00% (PP release spec)	<LOQ %w/w	197-10-К/26	07.08.2026 (received 27.07.2026, analysed 28.07.2026)	Farmahem — Laboratorija za zivotna sredina	https://drive.google.com/file/d/1m4iQUoehqQlquGKkQVeqbu2V733aJLAx/view
20	GP052501	P050152	Grape Pie	Total CBD (Farmahem retest)	max 1.00% (PP release spec)	<LOQ %w/w	197-10-К/26	07.08.2026 (received 27.07.2026, analysed 28.07.2026)	Farmahem — Laboratorija za zivotna sredina	https://drive.google.com/file/d/1m4iQUoehqQlquGKkQVeqbu2V733aJLAx/view
20	GP052501	P050152	Grape Pie	Aflatoxin B1 (Farmahem retest)	≤ 2 µg/kg (Ph.Eur. ref)	ND	197-10-М/26	10.08.2026 (received 29.07.2026, analysed 06.08.2026)	Farmahem — Laboratorija za zivotna sredina	https://drive.google.com/file/d/1GKzRnXGc1v7wOKfhvk8tDHWJgIe9o0Hc/view
20	GP052501	P050152	Grape Pie	Aflatoxin B2 (Farmahem retest)	(included in Σ aflatoxins)	ND	197-10-М/26	10.08.2026 (received 29.07.2026, analysed 06.08.2026)	Farmahem — Laboratorija za zivotna sredina	https://drive.google.com/file/d/1GKzRnXGc1v7wOKfhvk8tDHWJgIe9o0Hc/view
20	GP052501	P050152	Grape Pie	Aflatoxin G1 (Farmahem retest)	(included in Σ aflatoxins)	ND	197-10-М/26	10.08.2026 (received 29.07.2026, analysed 06.08.2026)	Farmahem — Laboratorija za zivotna sredina	https://drive.google.com/file/d/1GKzRnXGc1v7wOKfhvk8tDHWJgIe9o0Hc/view
20	GP052501	P050152	Grape Pie	Aflatoxin G2 (Farmahem retest)	(included in Σ aflatoxins)	ND	197-10-М/26	10.08.2026 (received 29.07.2026, analysed 06.08.2026)	Farmahem — Laboratorija za zivotna sredina	https://drive.google.com/file/d/1GKzRnXGc1v7wOKfhvk8tDHWJgIe9o0Hc/view
20	GP052501	P050152	Grape Pie	Sum aflatoxins B1+B2+G1+G2 (Farmahem retest)	≤ 4 µg/kg (Ph.Eur. ref)	ND (all four not detected)	197-10-М/26	10.08.2026 (received 29.07.2026, analysed 06.08.2026)	Farmahem — Laboratorija za zivotna sredina	https://drive.google.com/file/d/1GKzRnXGc1v7wOKfhvk8tDHWJgIe9o0Hc/view
20	GP052501	P050152	Grape Pie	Ochratoxin A (Farmahem retest)	per PP spec (Ph.Eur. ref ≤ 20 µg/kg)	ND	197-10-М/26	10.08.2026 (received 29.07.2026, analysed 06.08.2026)	Farmahem — Laboratorija za zivotna sredina	https://drive.google.com/file/d/1GKzRnXGc1v7wOKfhvk8tDHWJgIe9o0Hc/view
21	CJ052501/1	P050162	Cap Junky	Loss on Drying	≤ 10.00%	7.93%	ППК25280	17.09.2025 (completed 16.09.2025)	UKIM Faculty of Pharmacy — Center for Natural Products	https://drive.google.com/file/d/1u2Gl5g2bNKJj8MLnGalV6Kzhk95gLfMk/view
21	CJ052501/1	P050162	Cap Junky	Cannabidiolic acid (CBDA) content	/	0.08%	ППК25280	17.09.2025 (completed 16.09.2025)	UKIM Faculty of Pharmacy — Center for Natural Products	https://drive.google.com/file/d/1u2Gl5g2bNKJj8MLnGalV6Kzhk95gLfMk/view
21	CJ052501/1	P050162	Cap Junky	Cannabidiol (CBD) content	/	ND	ППК25280	17.09.2025 (completed 16.09.2025)	UKIM Faculty of Pharmacy — Center for Natural Products	https://drive.google.com/file/d/1u2Gl5g2bNKJj8MLnGalV6Kzhk95gLfMk/view
21	CJ052501/1	P050162	Cap Junky	Cannabinol (CBN) content	≤ 1.00%	0.02%	ППК25280	17.09.2025 (completed 16.09.2025)	UKIM Faculty of Pharmacy — Center for Natural Products	https://drive.google.com/file/d/1u2Gl5g2bNKJj8MLnGalV6Kzhk95gLfMk/view
21	CJ052501/1	P050162	Cap Junky	Delta-9-THC content	/	0.76% [DATA INTEGRITY FLAG — see source]	ППК25280	17.09.2025 (completed 16.09.2025)	UKIM Faculty of Pharmacy — Center for Natural Products	https://drive.google.com/file/d/1u2Gl5g2bNKJj8MLnGalV6Kzhk95gLfMk/view
21	CJ052501/1	P050162	Cap Junky	Delta-9-THCA content	/	22.27%	ППК25280	17.09.2025 (completed 16.09.2025)	UKIM Faculty of Pharmacy — Center for Natural Products	https://drive.google.com/file/d/1u2Gl5g2bNKJj8MLnGalV6Kzhk95gLfMk/view
21	CJ052501/1	P050162	Cap Junky	Total CBD (CBD + CBDA x 0.877)	/	0.07%	ППК25280	17.09.2025 (completed 16.09.2025)	UKIM Faculty of Pharmacy — Center for Natural Products	https://drive.google.com/file/d/1u2Gl5g2bNKJj8MLnGalV6Kzhk95gLfMk/view
21	CJ052501/1	P050162	Cap Junky	Total Delta-9-THC (THC + THCA x 0.877)	/	20.29%	ППК25280	17.09.2025 (completed 16.09.2025)	UKIM Faculty of Pharmacy — Center for Natural Products	https://drive.google.com/file/d/1u2Gl5g2bNKJj8MLnGalV6Kzhk95gLfMk/view
21	CJ052501/1	P050162	Cap Junky	Deltamethrin	<0.5 mg/kg	N.D.	4350/2025	15.09.2025	IPH — Institute of Public Health	https://drive.google.com/file/d/1u2Gl5g2bNKJj8MLnGalV6Kzhk95gLfMk/view
21	CJ052501/1	P050162	Cap Junky	Chlorpyriphos-methyl	<0.1 mg/kg	N.D.	4350/2025	15.09.2025	IPH — Institute of Public Health	https://drive.google.com/file/d/1u2Gl5g2bNKJj8MLnGalV6Kzhk95gLfMk/view
21	CJ052501/1	P050162	Cap Junky	Chlorpyriphos-ethyl	<0.2 mg/kg	N.D.	4350/2025	15.09.2025	IPH — Institute of Public Health	https://drive.google.com/file/d/1u2Gl5g2bNKJj8MLnGalV6Kzhk95gLfMk/view
21	CJ052501/1	P050162	Cap Junky	Endosulfan (sum of isomers and endosulfan sulfate)	<3 mg/kg	N.D.	4350/2025	15.09.2025	IPH — Institute of Public Health	https://drive.google.com/file/d/1u2Gl5g2bNKJj8MLnGalV6Kzhk95gLfMk/view
21	CJ052501/1	P050162	Cap Junky	Lindan	<0.6 mg/kg	N.D.	4350/2025	15.09.2025	IPH — Institute of Public Health	https://drive.google.com/file/d/1u2Gl5g2bNKJj8MLnGalV6Kzhk95gLfMk/view
21	CJ052501/1	P050162	Cap Junky	Aldrin and dieldrin (sum of)	<0.05 mg/kg	N.D.	4350/2025	15.09.2025	IPH — Institute of Public Health	https://drive.google.com/file/d/1u2Gl5g2bNKJj8MLnGalV6Kzhk95gLfMk/view
21	CJ052501/1	P050162	Cap Junky	HCH (sum of alpha-, beta-, delta- and epsilon-)	<0.3 mg/kg	N.D.	4350/2025	15.09.2025	IPH — Institute of Public Health	https://drive.google.com/file/d/1u2Gl5g2bNKJj8MLnGalV6Kzhk95gLfMk/view
21	CJ052501/1	P050162	Cap Junky	HCB (Hexachlorbenzene)	<0.1 mg/kg	N.D.	4350/2025	15.09.2025	IPH — Institute of Public Health	https://drive.google.com/file/d/1u2Gl5g2bNKJj8MLnGalV6Kzhk95gLfMk/view
21	CJ052501/1	P050162	Cap Junky	DDT (total)	<1 mg/kg	N.D.	4350/2025	15.09.2025	IPH — Institute of Public Health	https://drive.google.com/file/d/1u2Gl5g2bNKJj8MLnGalV6Kzhk95gLfMk/view
21	CJ052501/1	P050162	Cap Junky	Heptachlor (sum of heptachlor and heptachlorepoxide)	<0.05 mg/kg	N.D.	4350/2025	15.09.2025	IPH — Institute of Public Health	https://drive.google.com/file/d/1u2Gl5g2bNKJj8MLnGalV6Kzhk95gLfMk/view
21	CJ052501/1	P050162	Cap Junky	Endrin	<0.05 mg/kg	N.D.	4350/2025	15.09.2025	IPH — Institute of Public Health	https://drive.google.com/file/d/1u2Gl5g2bNKJj8MLnGalV6Kzhk95gLfMk/view
21	CJ052501/1	P050162	Cap Junky	Chlordane (sum of cis- and trans-)	<0.05 mg/kg	N.D.	4350/2025	15.09.2025	IPH — Institute of Public Health	https://drive.google.com/file/d/1u2Gl5g2bNKJj8MLnGalV6Kzhk95gLfMk/view
21	CJ052501/1	P050162	Cap Junky	Metoxychlor	<0.05 mg/kg	N.D.	4350/2025	15.09.2025	IPH — Institute of Public Health	https://drive.google.com/file/d/1u2Gl5g2bNKJj8MLnGalV6Kzhk95gLfMk/view
21	CJ052501/1	P050162	Cap Junky	Cadmium	<0.3 mg/kg (≤ 1)	N.D.	4350/2025	15.09.2025	IPH — Institute of Public Health	https://drive.google.com/file/d/1u2Gl5g2bNKJj8MLnGalV6Kzhk95gLfMk/view
21	CJ052501/1	P050162	Cap Junky	Lead	<0.5 mg/kg (≤ 5)	0.085 mg/kg	4350/2025	15.09.2025	IPH — Institute of Public Health	https://drive.google.com/file/d/1u2Gl5g2bNKJj8MLnGalV6Kzhk95gLfMk/view
21	CJ052501/1	P050162	Cap Junky	Mercury	<0.1 mg/kg	N.D.	4350/2025	15.09.2025	IPH — Institute of Public Health	https://drive.google.com/file/d/1u2Gl5g2bNKJj8MLnGalV6Kzhk95gLfMk/view
21	CJ052501/1	P050162	Cap Junky	Arsenic	<0.2 mg/kg (≤ 2)	N.D.	4350/2025	15.09.2025	IPH — Institute of Public Health	https://drive.google.com/file/d/1u2Gl5g2bNKJj8MLnGalV6Kzhk95gLfMk/view
21	CJ052501/1	P050162	Cap Junky	Total aflatoxins	<4 µg/kg	<2 µg/kg	4350/2025	15.09.2025	IPH — Institute of Public Health	https://drive.google.com/file/d/1u2Gl5g2bNKJj8MLnGalV6Kzhk95gLfMk/view
21	CJ052501/1	P050162	Cap Junky	Total aerobic microbial count (TAMC)	≤ 10⁵ CFU/g	2.8×10⁴ CFU/g	949/1687/25	17.09.2025	IPH — Institute of Public Health	https://drive.google.com/file/d/1u2Gl5g2bNKJj8MLnGalV6Kzhk95gLfMk/view
21	CJ052501/1	P050162	Cap Junky	Total combined yeasts/moulds count (TYMC)	≤ 10⁴ CFU/g	1.7×10⁴ CFU/g [DATA INTEGRITY FLAG — see source]	949/1687/25	17.09.2025	IPH — Institute of Public Health	https://drive.google.com/file/d/1u2Gl5g2bNKJj8MLnGalV6Kzhk95gLfMk/view
21	CJ052501/1	P050162	Cap Junky	Bile-tolerant gram-negative bacteria	≤ 10⁴ CFU/g	<10³ and >10² CFU/g	949/1687/25	17.09.2025	IPH — Institute of Public Health	https://drive.google.com/file/d/1u2Gl5g2bNKJj8MLnGalV6Kzhk95gLfMk/view
21	CJ052501/1	P050162	Cap Junky	Escherichia coli	absent/g	Одговара (absent)	949/1687/25	17.09.2025	IPH — Institute of Public Health	https://drive.google.com/file/d/1u2Gl5g2bNKJj8MLnGalV6Kzhk95gLfMk/view
21	CJ052501/1	P050162	Cap Junky	Salmonella	absent/25g	Одговара (absent)	949/1687/25	17.09.2025	IPH — Institute of Public Health	https://drive.google.com/file/d/1u2Gl5g2bNKJj8MLnGalV6Kzhk95gLfMk/view
21	CJ052501/1	P050162	Cap Junky	Total Delta-9-THC (Farmahem retest)	min 5.00% (PP release spec)	24.05 %w/w (U 1.48)	197-3-К/26	07.08.2026 (received 27.07.2026, analysed 28.07.2026)	Farmahem — Laboratorija za zivotna sredina	https://drive.google.com/file/d/14O9FtYCROxqEN08mcN38D2vRVeQFwUA4/view
21	CJ052501/1	P050162	Cap Junky	Total CBN (Farmahem retest)	max 1.00% (PP release spec)	<LOQ %w/w	197-3-К/26	07.08.2026 (received 27.07.2026, analysed 28.07.2026)	Farmahem — Laboratorija za zivotna sredina	https://drive.google.com/file/d/14O9FtYCROxqEN08mcN38D2vRVeQFwUA4/view
21	CJ052501/1	P050162	Cap Junky	Total CBD (Farmahem retest)	max 1.00% (PP release spec)	<LOQ %w/w	197-3-К/26	07.08.2026 (received 27.07.2026, analysed 28.07.2026)	Farmahem — Laboratorija za zivotna sredina	https://drive.google.com/file/d/14O9FtYCROxqEN08mcN38D2vRVeQFwUA4/view
21	CJ052501/1	P050162	Cap Junky	Aflatoxin B1 (Farmahem retest)	≤ 2 µg/kg (Ph.Eur. ref)	ND	197-3-М/26	10.08.2026 (received 29.07.2026, analysed 06.08.2026)	Farmahem — Laboratorija za zivotna sredina	https://drive.google.com/file/d/1svjD069NlqcTxR5MskHFY0CLzolxs6Q6/view
21	CJ052501/1	P050162	Cap Junky	Aflatoxin B2 (Farmahem retest)	(included in Σ aflatoxins)	ND	197-3-М/26	10.08.2026 (received 29.07.2026, analysed 06.08.2026)	Farmahem — Laboratorija za zivotna sredina	https://drive.google.com/file/d/1svjD069NlqcTxR5MskHFY0CLzolxs6Q6/view
21	CJ052501/1	P050162	Cap Junky	Aflatoxin G1 (Farmahem retest)	(included in Σ aflatoxins)	ND	197-3-М/26	10.08.2026 (received 29.07.2026, analysed 06.08.2026)	Farmahem — Laboratorija za zivotna sredina	https://drive.google.com/file/d/1svjD069NlqcTxR5MskHFY0CLzolxs6Q6/view
21	CJ052501/1	P050162	Cap Junky	Aflatoxin G2 (Farmahem retest)	(included in Σ aflatoxins)	ND	197-3-М/26	10.08.2026 (received 29.07.2026, analysed 06.08.2026)	Farmahem — Laboratorija za zivotna sredina	https://drive.google.com/file/d/1svjD069NlqcTxR5MskHFY0CLzolxs6Q6/view
21	CJ052501/1	P050162	Cap Junky	Sum aflatoxins B1+B2+G1+G2 (Farmahem retest)	≤ 4 µg/kg (Ph.Eur. ref)	ND (all four not detected)	197-3-М/26	10.08.2026 (received 29.07.2026, analysed 06.08.2026)	Farmahem — Laboratorija za zivotna sredina	https://drive.google.com/file/d/1svjD069NlqcTxR5MskHFY0CLzolxs6Q6/view
21	CJ052501/1	P050162	Cap Junky	Ochratoxin A (Farmahem retest)	per PP spec (Ph.Eur. ref ≤ 20 µg/kg)	ND	197-3-М/26	10.08.2026 (received 29.07.2026, analysed 06.08.2026)	Farmahem — Laboratorija za zivotna sredina	https://drive.google.com/file/d/1svjD069NlqcTxR5MskHFY0CLzolxs6Q6/view
22	CJ052501/2	P050172	Cap Junky	Loss on Drying	≤ 10.00%	6.63%	ППК25281	17.09.2025 (completed 16.09.2025)	UKIM Faculty of Pharmacy — Center for Natural Products	https://drive.google.com/file/d/1tyKNsDnXlHzcpH1jkYcQGueo45KB6Kbf/view
22	CJ052501/2	P050172	Cap Junky	Cannabidiolic acid (CBDA) content	/	0.12%	ППК25281	17.09.2025 (completed 16.09.2025)	UKIM Faculty of Pharmacy — Center for Natural Products	https://drive.google.com/file/d/1tyKNsDnXlHzcpH1jkYcQGueo45KB6Kbf/view
22	CJ052501/2	P050172	Cap Junky	Cannabidiol (CBD) content	/	ND	ППК25281	17.09.2025 (completed 16.09.2025)	UKIM Faculty of Pharmacy — Center for Natural Products	https://drive.google.com/file/d/1tyKNsDnXlHzcpH1jkYcQGueo45KB6Kbf/view
22	CJ052501/2	P050172	Cap Junky	Cannabinol (CBN) content	≤ 1.00%	0.02%	ППК25281	17.09.2025 (completed 16.09.2025)	UKIM Faculty of Pharmacy — Center for Natural Products	https://drive.google.com/file/d/1tyKNsDnXlHzcpH1jkYcQGueo45KB6Kbf/view
22	CJ052501/2	P050172	Cap Junky	Delta-9-THC content	/	0.55%	ППК25281	17.09.2025 (completed 16.09.2025)	UKIM Faculty of Pharmacy — Center for Natural Products	https://drive.google.com/file/d/1tyKNsDnXlHzcpH1jkYcQGueo45KB6Kbf/view
22	CJ052501/2	P050172	Cap Junky	Delta-9-THCA content	/	16.39%	ППК25281	17.09.2025 (completed 16.09.2025)	UKIM Faculty of Pharmacy — Center for Natural Products	https://drive.google.com/file/d/1tyKNsDnXlHzcpH1jkYcQGueo45KB6Kbf/view
22	CJ052501/2	P050172	Cap Junky	Total CBD (CBD + CBDA x 0.877)	/	0.10%	ППК25281	17.09.2025 (completed 16.09.2025)	UKIM Faculty of Pharmacy — Center for Natural Products	https://drive.google.com/file/d/1tyKNsDnXlHzcpH1jkYcQGueo45KB6Kbf/view
22	CJ052501/2	P050172	Cap Junky	Total Delta-9-THC (THC + THCA x 0.877)	/	14.93%	ППК25281	17.09.2025 (completed 16.09.2025)	UKIM Faculty of Pharmacy — Center for Natural Products	https://drive.google.com/file/d/1tyKNsDnXlHzcpH1jkYcQGueo45KB6Kbf/view
22	CJ052501/2	P050172	Cap Junky	Deltamethrin	<0.5 mg/kg	N.D.	4349/2025	15.09.2025	IPH — Institute of Public Health	https://drive.google.com/file/d/1tyKNsDnXlHzcpH1jkYcQGueo45KB6Kbf/view
22	CJ052501/2	P050172	Cap Junky	Chlorpyriphos-methyl	<0.1 mg/kg	N.D.	4349/2025	15.09.2025	IPH — Institute of Public Health	https://drive.google.com/file/d/1tyKNsDnXlHzcpH1jkYcQGueo45KB6Kbf/view
22	CJ052501/2	P050172	Cap Junky	Chlorpyriphos-ethyl	<0.2 mg/kg	N.D.	4349/2025	15.09.2025	IPH — Institute of Public Health	https://drive.google.com/file/d/1tyKNsDnXlHzcpH1jkYcQGueo45KB6Kbf/view
22	CJ052501/2	P050172	Cap Junky	Endosulfan (sum of isomers and endosulfan sulfate)	<3 mg/kg	N.D.	4349/2025	15.09.2025	IPH — Institute of Public Health	https://drive.google.com/file/d/1tyKNsDnXlHzcpH1jkYcQGueo45KB6Kbf/view
22	CJ052501/2	P050172	Cap Junky	Lindan	<0.6 mg/kg	N.D.	4349/2025	15.09.2025	IPH — Institute of Public Health	https://drive.google.com/file/d/1tyKNsDnXlHzcpH1jkYcQGueo45KB6Kbf/view
22	CJ052501/2	P050172	Cap Junky	Aldrin and dieldrin (sum of)	<0.05 mg/kg	N.D.	4349/2025	15.09.2025	IPH — Institute of Public Health	https://drive.google.com/file/d/1tyKNsDnXlHzcpH1jkYcQGueo45KB6Kbf/view
22	CJ052501/2	P050172	Cap Junky	HCH (sum of alpha-, beta-, delta- and epsilon-)	<0.3 mg/kg	N.D.	4349/2025	15.09.2025	IPH — Institute of Public Health	https://drive.google.com/file/d/1tyKNsDnXlHzcpH1jkYcQGueo45KB6Kbf/view
22	CJ052501/2	P050172	Cap Junky	HCB (Hexachlorbenzene)	<0.1 mg/kg	N.D.	4349/2025	15.09.2025	IPH — Institute of Public Health	https://drive.google.com/file/d/1tyKNsDnXlHzcpH1jkYcQGueo45KB6Kbf/view
22	CJ052501/2	P050172	Cap Junky	DDT (total)	<1 mg/kg	N.D.	4349/2025	15.09.2025	IPH — Institute of Public Health	https://drive.google.com/file/d/1tyKNsDnXlHzcpH1jkYcQGueo45KB6Kbf/view
22	CJ052501/2	P050172	Cap Junky	Heptachlor (sum of heptachlor and heptachlorepoxide)	<0.05 mg/kg	N.D.	4349/2025	15.09.2025	IPH — Institute of Public Health	https://drive.google.com/file/d/1tyKNsDnXlHzcpH1jkYcQGueo45KB6Kbf/view
22	CJ052501/2	P050172	Cap Junky	Endrin	<0.05 mg/kg	N.D.	4349/2025	15.09.2025	IPH — Institute of Public Health	https://drive.google.com/file/d/1tyKNsDnXlHzcpH1jkYcQGueo45KB6Kbf/view
22	CJ052501/2	P050172	Cap Junky	Chlordane (sum of cis- and trans-)	<0.05 mg/kg	N.D.	4349/2025	15.09.2025	IPH — Institute of Public Health	https://drive.google.com/file/d/1tyKNsDnXlHzcpH1jkYcQGueo45KB6Kbf/view
22	CJ052501/2	P050172	Cap Junky	Metoxychlor	<0.05 mg/kg	N.D.	4349/2025	15.09.2025	IPH — Institute of Public Health	https://drive.google.com/file/d/1tyKNsDnXlHzcpH1jkYcQGueo45KB6Kbf/view
22	CJ052501/2	P050172	Cap Junky	Cadmium	<0.3 mg/kg (≤ 1)	N.D.	4349/2025	15.09.2025	IPH — Institute of Public Health	https://drive.google.com/file/d/1tyKNsDnXlHzcpH1jkYcQGueo45KB6Kbf/view
22	CJ052501/2	P050172	Cap Junky	Lead	<0.5 mg/kg (≤ 5)	0.02 mg/kg	4349/2025	15.09.2025	IPH — Institute of Public Health	https://drive.google.com/file/d/1tyKNsDnXlHzcpH1jkYcQGueo45KB6Kbf/view
22	CJ052501/2	P050172	Cap Junky	Mercury	<0.1 mg/kg	N.D.	4349/2025	15.09.2025	IPH — Institute of Public Health	https://drive.google.com/file/d/1tyKNsDnXlHzcpH1jkYcQGueo45KB6Kbf/view
22	CJ052501/2	P050172	Cap Junky	Arsenic	<0.2 mg/kg (≤ 2)	0.042 mg/kg	4349/2025	15.09.2025	IPH — Institute of Public Health	https://drive.google.com/file/d/1tyKNsDnXlHzcpH1jkYcQGueo45KB6Kbf/view
22	CJ052501/2	P050172	Cap Junky	Total aflatoxins	<4 µg/kg	<2 µg/kg	4349/2025	15.09.2025	IPH — Institute of Public Health	https://drive.google.com/file/d/1tyKNsDnXlHzcpH1jkYcQGueo45KB6Kbf/view
22	CJ052501/2	P050172	Cap Junky	Total aerobic microbial count (TAMC)	≤ 10⁵ CFU/g	9×10³ CFU/g	947/1685/25	17.09.2025	IPH — Institute of Public Health	https://drive.google.com/file/d/1tyKNsDnXlHzcpH1jkYcQGueo45KB6Kbf/view
22	CJ052501/2	P050172	Cap Junky	Total combined yeasts/moulds count (TYMC)	≤ 10⁴ CFU/g	6.3×10³ CFU/g	947/1685/25	17.09.2025	IPH — Institute of Public Health	https://drive.google.com/file/d/1tyKNsDnXlHzcpH1jkYcQGueo45KB6Kbf/view
22	CJ052501/2	P050172	Cap Junky	Bile-tolerant gram-negative bacteria	≤ 10⁴ CFU/g	<10 CFU/g	947/1685/25	17.09.2025	IPH — Institute of Public Health	https://drive.google.com/file/d/1tyKNsDnXlHzcpH1jkYcQGueo45KB6Kbf/view
22	CJ052501/2	P050172	Cap Junky	Escherichia coli	absent/g	Одговара (absent)	947/1685/25	17.09.2025	IPH — Institute of Public Health	https://drive.google.com/file/d/1tyKNsDnXlHzcpH1jkYcQGueo45KB6Kbf/view
22	CJ052501/2	P050172	Cap Junky	Salmonella	absent/25g	Одговара (absent)	947/1685/25	17.09.2025	IPH — Institute of Public Health	https://drive.google.com/file/d/1tyKNsDnXlHzcpH1jkYcQGueo45KB6Kbf/view
23	HPA052501	P050182	High Pro Amnesia	Loss on Drying	≤ 10.00%	7.29%	ППК25278	19.09.2025 (completed 17.09.2025)	UKIM Faculty of Pharmacy — Center for Natural Products	https://drive.google.com/file/d/1PpTTE4ocL7d78uNIZTolZz7DEPZ5V6-0/view
23	HPA052501	P050182	High Pro Amnesia	Cannabidiolic acid (CBDA) content	/	0.10%	ППК25278	19.09.2025 (completed 17.09.2025)	UKIM Faculty of Pharmacy — Center for Natural Products	https://drive.google.com/file/d/1PpTTE4ocL7d78uNIZTolZz7DEPZ5V6-0/view
23	HPA052501	P050182	High Pro Amnesia	Cannabidiol (CBD) content	/	ND	ППК25278	19.09.2025 (completed 17.09.2025)	UKIM Faculty of Pharmacy — Center for Natural Products	https://drive.google.com/file/d/1PpTTE4ocL7d78uNIZTolZz7DEPZ5V6-0/view
23	HPA052501	P050182	High Pro Amnesia	Cannabinol (CBN) content	≤ 1.00%	0.02%	ППК25278	19.09.2025 (completed 17.09.2025)	UKIM Faculty of Pharmacy — Center for Natural Products	https://drive.google.com/file/d/1PpTTE4ocL7d78uNIZTolZz7DEPZ5V6-0/view
23	HPA052501	P050182	High Pro Amnesia	Delta-9-THC content	/	0.90%	ППК25278	19.09.2025 (completed 17.09.2025)	UKIM Faculty of Pharmacy — Center for Natural Products	https://drive.google.com/file/d/1PpTTE4ocL7d78uNIZTolZz7DEPZ5V6-0/view
23	HPA052501	P050182	High Pro Amnesia	Delta-9-THCA content	/	22.22%	ППК25278	19.09.2025 (completed 17.09.2025)	UKIM Faculty of Pharmacy — Center for Natural Products	https://drive.google.com/file/d/1PpTTE4ocL7d78uNIZTolZz7DEPZ5V6-0/view
23	HPA052501	P050182	High Pro Amnesia	Total CBD (CBD + CBDA x 0.877)	/	0.09%	ППК25278	19.09.2025 (completed 17.09.2025)	UKIM Faculty of Pharmacy — Center for Natural Products	https://drive.google.com/file/d/1PpTTE4ocL7d78uNIZTolZz7DEPZ5V6-0/view
23	HPA052501	P050182	High Pro Amnesia	Total Delta-9-THC (THC + THCA x 0.877)	/	20.39%	ППК25278	19.09.2025 (completed 17.09.2025)	UKIM Faculty of Pharmacy — Center for Natural Products	https://drive.google.com/file/d/1PpTTE4ocL7d78uNIZTolZz7DEPZ5V6-0/view
23	HPA052501	P050182	High Pro Amnesia	Deltamethrin	<0.5 mg/kg	N.D.	4352/2025	15.09.2025	IPH — Institute of Public Health	https://drive.google.com/file/d/1PpTTE4ocL7d78uNIZTolZz7DEPZ5V6-0/view
23	HPA052501	P050182	High Pro Amnesia	Chlorpyriphos-methyl	<0.1 mg/kg	N.D.	4352/2025	15.09.2025	IPH — Institute of Public Health	https://drive.google.com/file/d/1PpTTE4ocL7d78uNIZTolZz7DEPZ5V6-0/view
23	HPA052501	P050182	High Pro Amnesia	Chlorpyriphos-ethyl	<0.2 mg/kg	N.D.	4352/2025	15.09.2025	IPH — Institute of Public Health	https://drive.google.com/file/d/1PpTTE4ocL7d78uNIZTolZz7DEPZ5V6-0/view
23	HPA052501	P050182	High Pro Amnesia	Endosulfan (sum of isomers and endosulfan sulfate)	<3 mg/kg	N.D.	4352/2025	15.09.2025	IPH — Institute of Public Health	https://drive.google.com/file/d/1PpTTE4ocL7d78uNIZTolZz7DEPZ5V6-0/view
23	HPA052501	P050182	High Pro Amnesia	Lindan	<0.6 mg/kg	N.D.	4352/2025	15.09.2025	IPH — Institute of Public Health	https://drive.google.com/file/d/1PpTTE4ocL7d78uNIZTolZz7DEPZ5V6-0/view
23	HPA052501	P050182	High Pro Amnesia	Aldrin and dieldrin (sum of)	<0.05 mg/kg	N.D.	4352/2025	15.09.2025	IPH — Institute of Public Health	https://drive.google.com/file/d/1PpTTE4ocL7d78uNIZTolZz7DEPZ5V6-0/view
23	HPA052501	P050182	High Pro Amnesia	HCH (sum of alpha-, beta-, delta- and epsilon-)	<0.3 mg/kg	N.D.	4352/2025	15.09.2025	IPH — Institute of Public Health	https://drive.google.com/file/d/1PpTTE4ocL7d78uNIZTolZz7DEPZ5V6-0/view
23	HPA052501	P050182	High Pro Amnesia	HCB (Hexachlorbenzene)	<0.1 mg/kg	N.D.	4352/2025	15.09.2025	IPH — Institute of Public Health	https://drive.google.com/file/d/1PpTTE4ocL7d78uNIZTolZz7DEPZ5V6-0/view
23	HPA052501	P050182	High Pro Amnesia	DDT (total)	<1 mg/kg	N.D.	4352/2025	15.09.2025	IPH — Institute of Public Health	https://drive.google.com/file/d/1PpTTE4ocL7d78uNIZTolZz7DEPZ5V6-0/view
23	HPA052501	P050182	High Pro Amnesia	Heptachlor (sum of heptachlor and heptachlorepoxide)	<0.05 mg/kg	N.D.	4352/2025	15.09.2025	IPH — Institute of Public Health	https://drive.google.com/file/d/1PpTTE4ocL7d78uNIZTolZz7DEPZ5V6-0/view
23	HPA052501	P050182	High Pro Amnesia	Endrin	<0.05 mg/kg	N.D.	4352/2025	15.09.2025	IPH — Institute of Public Health	https://drive.google.com/file/d/1PpTTE4ocL7d78uNIZTolZz7DEPZ5V6-0/view
23	HPA052501	P050182	High Pro Amnesia	Chlordane (sum of cis- and trans-)	<0.05 mg/kg	N.D.	4352/2025	15.09.2025	IPH — Institute of Public Health	https://drive.google.com/file/d/1PpTTE4ocL7d78uNIZTolZz7DEPZ5V6-0/view
23	HPA052501	P050182	High Pro Amnesia	Metoxychlor	<0.05 mg/kg	N.D.	4352/2025	15.09.2025	IPH — Institute of Public Health	https://drive.google.com/file/d/1PpTTE4ocL7d78uNIZTolZz7DEPZ5V6-0/view
23	HPA052501	P050182	High Pro Amnesia	Cadmium	<0.3 mg/kg (≤ 1)	N.D.	4352/2025	15.09.2025	IPH — Institute of Public Health	https://drive.google.com/file/d/1PpTTE4ocL7d78uNIZTolZz7DEPZ5V6-0/view
23	HPA052501	P050182	High Pro Amnesia	Lead	<0.5 mg/kg (≤ 5)	0.034 mg/kg	4352/2025	15.09.2025	IPH — Institute of Public Health	https://drive.google.com/file/d/1PpTTE4ocL7d78uNIZTolZz7DEPZ5V6-0/view
23	HPA052501	P050182	High Pro Amnesia	Mercury	<0.1 mg/kg	N.D.	4352/2025	15.09.2025	IPH — Institute of Public Health	https://drive.google.com/file/d/1PpTTE4ocL7d78uNIZTolZz7DEPZ5V6-0/view
23	HPA052501	P050182	High Pro Amnesia	Arsenic	<0.2 mg/kg (≤ 2)	N.D.	4352/2025	15.09.2025	IPH — Institute of Public Health	https://drive.google.com/file/d/1PpTTE4ocL7d78uNIZTolZz7DEPZ5V6-0/view
23	HPA052501	P050182	High Pro Amnesia	Total aflatoxins	<4 µg/kg	<2 µg/kg	4352/2025	15.09.2025	IPH — Institute of Public Health	https://drive.google.com/file/d/1PpTTE4ocL7d78uNIZTolZz7DEPZ5V6-0/view
23	HPA052501	P050182	High Pro Amnesia	Total aerobic microbial count (TAMC)	≤ 10⁵ CFU/g	2.7×10⁴ CFU/g	948/1686/25	17.09.2025	IPH — Institute of Public Health	https://drive.google.com/file/d/1PpTTE4ocL7d78uNIZTolZz7DEPZ5V6-0/view
23	HPA052501	P050182	High Pro Amnesia	Total combined yeasts/moulds count (TYMC)	≤ 10⁴ CFU/g	2.6×10⁴ CFU/g	948/1686/25	17.09.2025	IPH — Institute of Public Health	https://drive.google.com/file/d/1PpTTE4ocL7d78uNIZTolZz7DEPZ5V6-0/view
23	HPA052501	P050182	High Pro Amnesia	Bile-tolerant gram-negative bacteria	≤ 10⁴ CFU/g	<10¹ CFU/g	948/1686/25	17.09.2025	IPH — Institute of Public Health	https://drive.google.com/file/d/1PpTTE4ocL7d78uNIZTolZz7DEPZ5V6-0/view
23	HPA052501	P050182	High Pro Amnesia	Escherichia coli	absent/g	Одговара (absent)	948/1686/25	17.09.2025	IPH — Institute of Public Health	https://drive.google.com/file/d/1PpTTE4ocL7d78uNIZTolZz7DEPZ5V6-0/view
23	HPA052501	P050182	High Pro Amnesia	Salmonella	absent/25g	Одговара (absent)	948/1686/25	17.09.2025	IPH — Institute of Public Health	https://drive.google.com/file/d/1PpTTE4ocL7d78uNIZTolZz7DEPZ5V6-0/view
24	BSS052501	P050192	Blue Sunset Sherbet	Appearance	Dark green to pale yellow or light brown to reddish-brown female inflorescence, characteristic aromatic odour	Confirms	PP CoA #017	04.12.2025	Purely Plant GmbH (in-house QC, Visual)	https://drive.google.com/file/d/1G8lB-ZnWuZwX-rA9IxREAKP6-pKiFxC0/view
24	BSS052501	P050192	Blue Sunset Sherbet	Identification (retention time matches standard solution)	Confirms	Confirms	In-house GC cross-check NGP/QCG/SOP-024	~28.11.2025 (batch record)	Purely Plant GmbH (in-house GC potency cross-check)	https://drive.google.com/file/d/1G8lB-ZnWuZwX-rA9IxREAKP6-pKiFxC0/view
24	BSS052501	P050192	Blue Sunset Sherbet	Loss on drying	< 12.0%	8.60%	In-house GC cross-check NGP/QCG/SOP-024	~28.11.2025 (batch record)	Purely Plant GmbH (in-house GC potency cross-check)	https://drive.google.com/file/d/1G8lB-ZnWuZwX-rA9IxREAKP6-pKiFxC0/view
24	BSS052501	P050192	Blue Sunset Sherbet	Foreign matter	< 2.0%	Confirms	PP CoA #017	04.12.2025	Purely Plant GmbH (in-house QC)	https://drive.google.com/file/d/1G8lB-ZnWuZwX-rA9IxREAKP6-pKiFxC0/view
24	BSS052501	P050192	Blue Sunset Sherbet	Assay — Total Δ9-tetrahydrocannabinol	19.8-24.2% of labelled amount	20.39%	In-house GC cross-check NGP/QCG/SOP-024	~28.11.2025 (batch record)	Purely Plant GmbH (in-house GC potency cross-check)	https://drive.google.com/file/d/1G8lB-ZnWuZwX-rA9IxREAKP6-pKiFxC0/view
24	BSS052501	P050192	Blue Sunset Sherbet	Assay — Total Cannabidiol	< 1.0%	0.11%	In-house GC cross-check NGP/QCG/SOP-024	~28.11.2025 (batch record)	Purely Plant GmbH (in-house GC potency cross-check)	https://drive.google.com/file/d/1G8lB-ZnWuZwX-rA9IxREAKP6-pKiFxC0/view
24	BSS052501	P050192	Blue Sunset Sherbet	Related substances — Cannabinol	< 1.0%	0.01%	PP CoA #017	04.12.2025	Purely Plant GmbH (in-house QC)	https://drive.google.com/file/d/1G8lB-ZnWuZwX-rA9IxREAKP6-pKiFxC0/view
24	BSS052501	P050192	Blue Sunset Sherbet	Pesticide residue screen (471 residues: 265 LC/MS/MS Annex 1 + 206 GC/MS/MS Annex 2, MKC EN 15662:2011)	LOQ 0.01 mg/kg; no MRL assigned	Not found any pesticide above LOQ (≤LOQ) — COMPLIES with USP and Ph.Eur.	10802_2845/2	Archived/issued 17.11.2025 (sampled 14.11.2025)	State Phytosanitary Laboratory (Државна Фитосанитарна Лабораторија), Skopje — accredited LT-036	https://drive.google.com/file/d/1G8lB-ZnWuZwX-rA9IxREAKP6-pKiFxC0/view
24	BSS052501	P050192	Blue Sunset Sherbet	Heavy metals (Ph.Eur. 2.4.27, MKC EN 17851:2023) — Lead (olovo/Pb)	≤ 0.5 mg/kg	0.024 mg/kg	5661/2025	Issued 01.12.2025	IPH — Institute of Public Health (ЈЗУ Институт за јавно здравје на РСМ)	https://drive.google.com/file/d/1G8lB-ZnWuZwX-rA9IxREAKP6-pKiFxC0/view
24	BSS052501	P050192	Blue Sunset Sherbet	Heavy metals (Ph.Eur. 2.4.27, MKC EN 17851:2023) — Cadmium (kadmium/Cd)	≤ 0.3 mg/kg	0.004 mg/kg	5661/2025	Issued 01.12.2025	IPH — Institute of Public Health (ЈЗУ Институт за јавно здравје на РСМ)	https://drive.google.com/file/d/1G8lB-ZnWuZwX-rA9IxREAKP6-pKiFxC0/view
24	BSS052501	P050192	Blue Sunset Sherbet	Heavy metals (Ph.Eur. 2.4.27, MKC EN 17851:2023) — Arsenic (arsen/As)	≤ 0.2 mg/kg	0.025 mg/kg	5661/2025	Issued 01.12.2025	IPH — Institute of Public Health (ЈЗУ Институт за јавно здравје на РСМ)	https://drive.google.com/file/d/1G8lB-ZnWuZwX-rA9IxREAKP6-pKiFxC0/view
24	BSS052501	P050192	Blue Sunset Sherbet	Heavy metals (Ph.Eur. 2.4.27, MKC EN 17851:2023) — Mercury (ziva/Hg)	≤ 0.1 mg/kg	0.0036 mg/kg	5661/2025	Issued 01.12.2025	IPH — Institute of Public Health (ЈЗУ Институт за јавно здравје на РСМ)	https://drive.google.com/file/d/1G8lB-ZnWuZwX-rA9IxREAKP6-pKiFxC0/view
24	BSS052501	P050192	Blue Sunset Sherbet	Mycotoxins — Aflatoxin B1/B2/G1/G2 (sum)	ND at <0.5 µg/kg (method LOD)	ND	276-31-М/25	Issued 04.12.2025 (analysis 03.12.2025)	Farmahem DOOEL — Laboratorija za zivotna sredina, Skopje	https://drive.google.com/file/d/1G8lB-ZnWuZwX-rA9IxREAKP6-pKiFxC0/view
24	BSS052501	P050192	Blue Sunset Sherbet	Mycotoxins — Ochratoxin A	<LOQ at <1 µg/kg (method LOQ)	<LOQ	276-31-М/25	Issued 04.12.2025 (analysis 03.12.2025)	Farmahem DOOEL — Laboratorija za zivotna sredina, Skopje	https://drive.google.com/file/d/1G8lB-ZnWuZwX-rA9IxREAKP6-pKiFxC0/view
24	BSS052501	P050192	Blue Sunset Sherbet	Microbiology (Ph.Eur. 5.1.8 cat C) — Total aerobic microbial count (TAMC)	≤ 10^5 CFU/g	200 CFU/g	1157/2058/25	Received 17.11.2025, issued 24.11.2025	IPH — Institute of Public Health (ЈЗУ Институт за јавно здравје на РСМ)	https://drive.google.com/file/d/1G8lB-ZnWuZwX-rA9IxREAKP6-pKiFxC0/view
24	BSS052501	P050192	Blue Sunset Sherbet	Microbiology (Ph.Eur. 5.1.8 cat C) — Total combined yeasts/moulds count (TYMC)	≤ 10^4 CFU/g	200 CFU/g	1157/2058/25	Received 17.11.2025, issued 24.11.2025	IPH — Institute of Public Health (ЈЗУ Институт за јавно здравје на РСМ)	https://drive.google.com/file/d/1G8lB-ZnWuZwX-rA9IxREAKP6-pKiFxC0/view
24	BSS052501	P050192	Blue Sunset Sherbet	Microbiology (Ph.Eur. 2.6.12) — Bile-tolerant gram-negative bacteria	≤ 10^4 CFU/g	< 10^2 and > 10	1157/2058/25	Received 17.11.2025, issued 24.11.2025	IPH — Institute of Public Health (ЈЗУ Институт за јавно здравје на РСМ)	https://drive.google.com/file/d/1G8lB-ZnWuZwX-rA9IxREAKP6-pKiFxC0/view
24	BSS052501	P050192	Blue Sunset Sherbet	Microbiology (Ph.Eur. 2.6.12) — Escherichia coli /g	To be absent	Odgovara (Absent)	1157/2058/25	Received 17.11.2025, issued 24.11.2025	IPH — Institute of Public Health (ЈЗУ Институт за јавно здравје на РСМ)	https://drive.google.com/file/d/1G8lB-ZnWuZwX-rA9IxREAKP6-pKiFxC0/view
24	BSS052501	P050192	Blue Sunset Sherbet	Microbiology (Ph.Eur. 2.6.31) — Salmonella /25g	To be absent	Odgovara (Absent)	1157/2058/25	Received 17.11.2025, issued 24.11.2025	IPH — Institute of Public Health (ЈЗУ Институт за јавно здравје на РСМ)	https://drive.google.com/file/d/1G8lB-ZnWuZwX-rA9IxREAKP6-pKiFxC0/view
24	BSS052501	P050192	Blue Sunset Sherbet	Packaging — Closure integrity / Labeling / Weight	According to standard	Confirms	PP CoA #017	04.12.2025	Purely Plant GmbH (in-house QC)	https://drive.google.com/file/d/1G8lB-ZnWuZwX-rA9IxREAKP6-pKiFxC0/view
25	GP062501	P050202	Grape Pie	Appearance	Dark green to pale yellow or light brown to reddish-brown female inflorescence, characteristic aromatic odour	Confirms	PP CoA #016	04.10.2025	Purely Plant GmbH (in-house QC, Visual)	https://drive.google.com/drive/folders/1eeMBa2sjh7BTX5HJvNIZLTZ2kWNumzoz (folder, exact file unmatched)
25	GP062501	P050202	Grape Pie	Identification (retention time of each cannabinoid matches standard solution)	Confirms	Confirms	In-house HPLC cross-check NPCCC/SCP-02, NGP/QCG/SOP-024	28.11.2025	Purely Plant GmbH (in-house HPLC potency cross-check)	https://drive.google.com/file/d/1Rjfrp711cZnXxVJ13Vc23fejhFSbErM_/view
25	GP062501	P050202	Grape Pie	Loss on drying	< 12.0%	8.19% (avg of 4 weighings 51-1,51-2,52-1,52-2)	In-house HPLC cross-check NPCCC/SCP-02, NGP/QCG/SOP-024	28.11.2025	Purely Plant GmbH (in-house HPLC potency cross-check)	https://drive.google.com/file/d/1Rjfrp711cZnXxVJ13Vc23fejhFSbErM_/view
25	GP062501	P050202	Grape Pie	Foreign matter	< 2.0%	Confirms	PP CoA #016	04.10.2025	Purely Plant GmbH (in-house QC)	https://drive.google.com/drive/folders/1eeMBa2sjh7BTX5HJvNIZLTZ2kWNumzoz (folder, exact file unmatched)
25	GP062501	P050202	Grape Pie	Assay — Total Δ9-tetrahydrocannabinol	19.8-24.2% of labelled amount	24.89%	In-house HPLC cross-check NPCCC/SCP-02, NGP/QCG/SOP-024	28.11.2025	Purely Plant GmbH (in-house HPLC potency cross-check)	https://drive.google.com/file/d/1Rjfrp711cZnXxVJ13Vc23fejhFSbErM_/view
25	GP062501	P050202	Grape Pie	Assay — Total Cannabidiol	< 1.0%	0.17%	In-house HPLC cross-check NPCCC/SCP-02, NGP/QCG/SOP-024	28.11.2025	Purely Plant GmbH (in-house HPLC potency cross-check)	https://drive.google.com/file/d/1Rjfrp711cZnXxVJ13Vc23fejhFSbErM_/view
25	GP062501	P050202	Grape Pie	Related substances — Cannabinol	< 1.0%	0.02%	PP CoA #016	04.10.2025	Purely Plant GmbH (in-house QC)	https://drive.google.com/drive/folders/1eeMBa2sjh7BTX5HJvNIZLTZ2kWNumzoz (folder, exact file unmatched)
25	GP062501	P050202	Grape Pie	Mycotoxins (Ph.Eur. 2.8.18, AflaTest fluorometric) — Total aflatoxins (sum B1+B2+G1+G2)	≤ 4 µg/kg	< 2 µg/kg	4762/2025	Issued 08.10.2025 (testing completed 02.10.2025)	IPH — Institute of Public Health (ЈЗУ Институт за јавно здравје на РСМ)	https://drive.google.com/file/d/1Rjfrp711cZnXxVJ13Vc23fejhFSbErM_/view
25	GP062501	P050202	Grape Pie	Pesticide/insecticide screen (Ph.Eur. 2.8.13, MKC EN 15662:2020) — Lindan (Gama HCH)	≤ 0.6 mg/kg	Н.д. (not detected)	4762/2025	Issued 08.10.2025 (testing completed 08.10.2025)	IPH — Institute of Public Health (ЈЗУ Институт за јавно здравје на РСМ)	https://drive.google.com/file/d/1Rjfrp711cZnXxVJ13Vc23fejhFSbErM_/view
25	GP062501	P050202	Grape Pie	Pesticide/insecticide screen (Ph.Eur. 2.8.13, MKC EN 15662:2020) — Aldrin	≤ 0.05 mg/kg	Н.д. (not detected)	4762/2025	Issued 08.10.2025 (testing completed 08.10.2025)	IPH — Institute of Public Health (ЈЗУ Институт за јавно здравје на РСМ)	https://drive.google.com/file/d/1Rjfrp711cZnXxVJ13Vc23fejhFSbErM_/view
25	GP062501	P050202	Grape Pie	Pesticide/insecticide screen (Ph.Eur. 2.8.13, MKC EN 15662:2020) — Dieldrin i Aldrin (expressed as Dieldrin)	≤ 0.05 mg/kg	Н.д. (not detected)	4762/2025	Issued 08.10.2025 (testing completed 08.10.2025)	IPH — Institute of Public Health (ЈЗУ Институт за јавно здравје на РСМ)	https://drive.google.com/file/d/1Rjfrp711cZnXxVJ13Vc23fejhFSbErM_/view
25	GP062501	P050202	Grape Pie	Pesticide/insecticide screen (Ph.Eur. 2.8.13, MKC EN 15662:2020) — HCB (Hexachlorobenzene)	≤ 0.1 mg/kg	Н.д. (not detected)	4762/2025	Issued 08.10.2025 (testing completed 08.10.2025)	IPH — Institute of Public Health (ЈЗУ Институт за јавно здравје на РСМ)	https://drive.google.com/file/d/1Rjfrp711cZnXxVJ13Vc23fejhFSbErM_/view
25	GP062501	P050202	Grape Pie	Pesticide/insecticide screen (Ph.Eur. 2.8.13, MKC EN 15662:2020) — 4,4' DDE	≤ 1 mg/kg	Н.д. (not detected)	4762/2025	Issued 08.10.2025 (testing completed 08.10.2025)	IPH — Institute of Public Health (ЈЗУ Институт за јавно здравје на РСМ)	https://drive.google.com/file/d/1Rjfrp711cZnXxVJ13Vc23fejhFSbErM_/view
25	GP062501	P050202	Grape Pie	Pesticide/insecticide screen (Ph.Eur. 2.8.13, MKC EN 15662:2020) — 4,4' DDD	≤ 1 mg/kg	Н.д. (not detected)	4762/2025	Issued 08.10.2025 (testing completed 08.10.2025)	IPH — Institute of Public Health (ЈЗУ Институт за јавно здравје на РСМ)	https://drive.google.com/file/d/1Rjfrp711cZnXxVJ13Vc23fejhFSbErM_/view
25	GP062501	P050202	Grape Pie	Pesticide/insecticide screen (Ph.Eur. 2.8.13, MKC EN 15662:2020) — 4,4' DDT	≤ 1 mg/kg	Н.д. (not detected)	4762/2025	Issued 08.10.2025 (testing completed 08.10.2025)	IPH — Institute of Public Health (ЈЗУ Институт за јавно здравје на РСМ)	https://drive.google.com/file/d/1Rjfrp711cZnXxVJ13Vc23fejhFSbErM_/view
25	GP062501	P050202	Grape Pie	Pesticide/insecticide screen (Ph.Eur. 2.8.13, MKC EN 15662:2020) — Vkupno DDT (Total DDT)	≤ 1 mg/kg	Н.д. (not detected)	4762/2025	Issued 08.10.2025 (testing completed 08.10.2025)	IPH — Institute of Public Health (ЈЗУ Институт за јавно здравје на РСМ)	https://drive.google.com/file/d/1Rjfrp711cZnXxVJ13Vc23fejhFSbErM_/view
25	GP062501	P050202	Grape Pie	Pesticide/insecticide screen (Ph.Eur. 2.8.13, MKC EN 15662:2020) — delta HCH	≤ 0.3 mg/kg	Н.д. (not detected)	4762/2025	Issued 08.10.2025 (testing completed 08.10.2025)	IPH — Institute of Public Health (ЈЗУ Институт за јавно здравје на РСМ)	https://drive.google.com/file/d/1Rjfrp711cZnXxVJ13Vc23fejhFSbErM_/view
25	GP062501	P050202	Grape Pie	Pesticide/insecticide screen (Ph.Eur. 2.8.13, MKC EN 15662:2020) — alpha HCH	≤ 0.3 mg/kg	Н.д. (not detected)	4762/2025	Issued 08.10.2025 (testing completed 08.10.2025)	IPH — Institute of Public Health (ЈЗУ Институт за јавно здравје на РСМ)	https://drive.google.com/file/d/1Rjfrp711cZnXxVJ13Vc23fejhFSbErM_/view
25	GP062501	P050202	Grape Pie	Pesticide/insecticide screen (Ph.Eur. 2.8.13, MKC EN 15662:2020) — beta HCH	≤ 0.3 mg/kg	Н.д. (not detected)	4762/2025	Issued 08.10.2025 (testing completed 08.10.2025)	IPH — Institute of Public Health (ЈЗУ Институт за јавно здравје на РСМ)	https://drive.google.com/file/d/1Rjfrp711cZnXxVJ13Vc23fejhFSbErM_/view
25	GP062501	P050202	Grape Pie	Pesticide/insecticide screen (Ph.Eur. 2.8.13, MKC EN 15662:2020) — Endrin	≤ 0.05 mg/kg	Н.д. (not detected)	4762/2025	Issued 08.10.2025 (testing completed 08.10.2025)	IPH — Institute of Public Health (ЈЗУ Институт за јавно здравје на РСМ)	https://drive.google.com/file/d/1Rjfrp711cZnXxVJ13Vc23fejhFSbErM_/view
25	GP062501	P050202	Grape Pie	Pesticide/insecticide screen (Ph.Eur. 2.8.13, MKC EN 15662:2020) — Chlorpyriphos-methyl	≤ 0.1 mg/kg	Н.д. (not detected)	4762/2025	Issued 08.10.2025 (testing completed 08.10.2025)	IPH — Institute of Public Health (ЈЗУ Институт за јавно здравје на РСМ)	https://drive.google.com/file/d/1Rjfrp711cZnXxVJ13Vc23fejhFSbErM_/view
25	GP062501	P050202	Grape Pie	Pesticide/insecticide screen (Ph.Eur. 2.8.13, MKC EN 15662:2020) — Chlorpyrifos (Chlorpyriphos-ethyl)	≤ 0.2 mg/kg	Н.д. (not detected)	4762/2025	Issued 08.10.2025 (testing completed 08.10.2025)	IPH — Institute of Public Health (ЈЗУ Институт за јавно здравје на РСМ)	https://drive.google.com/file/d/1Rjfrp711cZnXxVJ13Vc23fejhFSbErM_/view
25	GP062501	P050202	Grape Pie	Pesticide/insecticide screen (Ph.Eur. 2.8.13, MKC EN 15662:2020) — Heptachlor (sum of Heptachlor + Heptachlor epoxide)	≤ 0.05 mg/kg	Н.д. (not detected)	4762/2025	Issued 08.10.2025 (testing completed 08.10.2025)	IPH — Institute of Public Health (ЈЗУ Институт за јавно здравје на РСМ)	https://drive.google.com/file/d/1Rjfrp711cZnXxVJ13Vc23fejhFSbErM_/view
25	GP062501	P050202	Grape Pie	Pesticide/insecticide screen (Ph.Eur. 2.8.13, MKC EN 15662:2020) — Endosulfan (alpha, beta and endosulfan sulfate)	≤ 3 mg/kg	Н.д. (not detected)	4762/2025	Issued 08.10.2025 (testing completed 08.10.2025)	IPH — Institute of Public Health (ЈЗУ Институт за јавно здравје на РСМ)	https://drive.google.com/file/d/1Rjfrp711cZnXxVJ13Vc23fejhFSbErM_/view
25	GP062501	P050202	Grape Pie	Pesticide/insecticide screen (Ph.Eur. 2.8.13, MKC EN 15662:2020) — Deltamethrin	≤ 0.5 mg/kg	Н.д. (not detected)	4762/2025	Issued 08.10.2025 (testing completed 08.10.2025)	IPH — Institute of Public Health (ЈЗУ Институт за јавно здравје на РСМ)	https://drive.google.com/file/d/1Rjfrp711cZnXxVJ13Vc23fejhFSbErM_/view
25	GP062501	P050202	Grape Pie	Pesticide/insecticide screen (Ph.Eur. 2.8.13, MKC EN 15662:2020) — Chlordane (sum of cis- and trans-chlordane)	≤ 0.05 mg/kg	Н.д. (not detected)	4762/2025	Issued 08.10.2025 (testing completed 08.10.2025)	IPH — Institute of Public Health (ЈЗУ Институт за јавно здравје на РСМ)	https://drive.google.com/file/d/1Rjfrp711cZnXxVJ13Vc23fejhFSbErM_/view
25	GP062501	P050202	Grape Pie	Pesticide/insecticide screen (Ph.Eur. 2.8.13, MKC EN 15662:2020) — Metoxychlor	≤ 0.05 mg/kg	Н.д. (not detected)	4762/2025	Issued 08.10.2025 (testing completed 08.10.2025)	IPH — Institute of Public Health (ЈЗУ Институт за јавно здравје на РСМ)	https://drive.google.com/file/d/1Rjfrp711cZnXxVJ13Vc23fejhFSbErM_/view
25	GP062501	P050202	Grape Pie	Pesticide/insecticide screen (Ph.Eur. 2.8.13, MKC EN 15662:2020) — Heptachlor epoxide	≤ 0.05 mg/kg	Н.д. (not detected)	4762/2025	Issued 08.10.2025 (testing completed 08.10.2025)	IPH — Institute of Public Health (ЈЗУ Институт за јавно здравје на РСМ)	https://drive.google.com/file/d/1Rjfrp711cZnXxVJ13Vc23fejhFSbErM_/view
25	GP062501	P050202	Grape Pie	Pesticide/insecticide screen (Ph.Eur. 2.8.13, MKC EN 15662:2020) — Endrin aldehyde	≤ 0.05 mg/kg	Н.д. (not detected)	4762/2025	Issued 08.10.2025 (testing completed 08.10.2025)	IPH — Institute of Public Health (ЈЗУ Институт за јавно здравје на РСМ)	https://drive.google.com/file/d/1Rjfrp711cZnXxVJ13Vc23fejhFSbErM_/view
25	GP062501	P050202	Grape Pie	Pesticide/insecticide screen (Ph.Eur. 2.8.13, MKC EN 15662:2020) — alpha Endosulfan	≤ 3 mg/kg	Н.д. (not detected)	4762/2025	Issued 08.10.2025 (testing completed 08.10.2025)	IPH — Institute of Public Health (ЈЗУ Институт за јавно здравје на РСМ)	https://drive.google.com/file/d/1Rjfrp711cZnXxVJ13Vc23fejhFSbErM_/view
25	GP062501	P050202	Grape Pie	Pesticide/insecticide screen (Ph.Eur. 2.8.13, MKC EN 15662:2020) — beta Endosulfan	≤ 3 mg/kg	Н.д. (not detected)	4762/2025	Issued 08.10.2025 (testing completed 08.10.2025)	IPH — Institute of Public Health (ЈЗУ Институт за јавно здравје на РСМ)	https://drive.google.com/file/d/1Rjfrp711cZnXxVJ13Vc23fejhFSbErM_/view
25	GP062501	P050202	Grape Pie	Pesticide/insecticide screen (Ph.Eur. 2.8.13, MKC EN 15662:2020) — Endrin keton	≤ 0.05 mg/kg	Н.д. (not detected)	4762/2025	Issued 08.10.2025 (testing completed 08.10.2025)	IPH — Institute of Public Health (ЈЗУ Институт за јавно здравје на РСМ)	https://drive.google.com/file/d/1Rjfrp711cZnXxVJ13Vc23fejhFSbErM_/view
25	GP062501	P050202	Grape Pie	Pesticide/insecticide screen (Ph.Eur. 2.8.13, MKC EN 15662:2020) — trans-Chlordane	≤ 0.05 mg/kg	Н.д. (not detected)	4762/2025	Issued 08.10.2025 (testing completed 08.10.2025)	IPH — Institute of Public Health (ЈЗУ Институт за јавно здравје на РСМ)	https://drive.google.com/file/d/1Rjfrp711cZnXxVJ13Vc23fejhFSbErM_/view
25	GP062501	P050202	Grape Pie	Pesticide/insecticide screen (Ph.Eur. 2.8.13, MKC EN 15662:2020) — cis-Chlordane	≤ 0.05 mg/kg	Н.д. (not detected)	4762/2025	Issued 08.10.2025 (testing completed 08.10.2025)	IPH — Institute of Public Health (ЈЗУ Институт за јавно здравје на РСМ)	https://drive.google.com/file/d/1Rjfrp711cZnXxVJ13Vc23fejhFSbErM_/view
25	GP062501	P050202	Grape Pie	Pesticide/insecticide screen (Ph.Eur. 2.8.13, MKC EN 15662:2020) — Dieldrin	≤ 0.05 mg/kg	Н.д. (not detected)	4762/2025	Issued 08.10.2025 (testing completed 08.10.2025)	IPH — Institute of Public Health (ЈЗУ Институт за јавно здравје на РСМ)	https://drive.google.com/file/d/1Rjfrp711cZnXxVJ13Vc23fejhFSbErM_/view
25	GP062501	P050202	Grape Pie	Pesticide/insecticide screen (Ph.Eur. 2.8.13, MKC EN 15662:2020) — Heptachlor	≤ 0.05 mg/kg	Н.д. (not detected)	4762/2025	Issued 08.10.2025 (testing completed 08.10.2025)	IPH — Institute of Public Health (ЈЗУ Институт за јавно здравје на РСМ)	https://drive.google.com/file/d/1Rjfrp711cZnXxVJ13Vc23fejhFSbErM_/view
25	GP062501	P050202	Grape Pie	Pesticide/insecticide screen (Ph.Eur. 2.8.13, MKC EN 15662:2020) — Endosulfan sulfate	≤ 3 mg/kg	Н.д. (not detected)	4762/2025	Issued 08.10.2025 (testing completed 08.10.2025)	IPH — Institute of Public Health (ЈЗУ Институт за јавно здравје на РСМ)	https://drive.google.com/file/d/1Rjfrp711cZnXxVJ13Vc23fejhFSbErM_/view
25	GP062501	P050202	Grape Pie	Heavy metals (Ph.Eur. 2.4.27, MKC EN 17851:2023) — Lead (olovo/Pb)	≤ 5 mg/kg	0.077 mg/kg	4762/2025	Issued 08.10.2025	IPH — Institute of Public Health (ЈЗУ Институт за јавно здравје на РСМ)	https://drive.google.com/file/d/1Rjfrp711cZnXxVJ13Vc23fejhFSbErM_/view
25	GP062501	P050202	Grape Pie	Heavy metals (Ph.Eur. 2.4.27, MKC EN 17851:2023) — Cadmium (kadmium/Cd)	≤ 1 mg/kg	0.014 mg/kg	4762/2025	Issued 08.10.2025	IPH — Institute of Public Health (ЈЗУ Институт за јавно здравје на РСМ)	https://drive.google.com/file/d/1Rjfrp711cZnXxVJ13Vc23fejhFSbErM_/view
25	GP062501	P050202	Grape Pie	Heavy metals (Ph.Eur. 2.4.27, MKC EN 17851:2023) — Arsenic (arsen/As)	≤ 2 mg/kg	0.024 mg/kg	4762/2025	Issued 08.10.2025	IPH — Institute of Public Health (ЈЗУ Институт за јавно здравје на РСМ)	https://drive.google.com/file/d/1Rjfrp711cZnXxVJ13Vc23fejhFSbErM_/view
25	GP062501	P050202	Grape Pie	Heavy metals (Ph.Eur. 2.4.27, MKC EN 17851:2023) — Mercury (ziva/Hg)	≤ 0.1 mg/kg	0.011 mg/kg	4762/2025	Issued 08.10.2025	IPH — Institute of Public Health (ЈЗУ Институт за јавно здравје на РСМ)	https://drive.google.com/file/d/1Rjfrp711cZnXxVJ13Vc23fejhFSbErM_/view
25	GP062501	P050202	Grape Pie	Microbiology (Ph.Eur. 5.1.8 cat C) — Total aerobic microbial count (TAMC)	≤ 10^5 CFU/g	1.3×10^4 CFU/g	1009/1813/25	Received 02.10.2025, issued 08.10.2025	IPH — Institute of Public Health (ЈЗУ Институт за јавно здравје на РСМ)	https://drive.google.com/file/d/1Rjfrp711cZnXxVJ13Vc23fejhFSbErM_/view
25	GP062501	P050202	Grape Pie	Microbiology (Ph.Eur. 5.1.8 cat C) — Total combined yeasts/moulds count (TYMC)	≤ 10^4 CFU/g	4.2×10^3 CFU/g	1009/1813/25	Received 02.10.2025, issued 08.10.2025	IPH — Institute of Public Health (ЈЗУ Институт за јавно здравје на РСМ)	https://drive.google.com/file/d/1Rjfrp711cZnXxVJ13Vc23fejhFSbErM_/view
25	GP062501	P050202	Grape Pie	Microbiology (Ph.Eur. 2.6.12) — Bile-tolerant gram-negative bacteria	≤ 10^4 CFU/g	<10^1 and >10^1	1009/1813/25	Received 02.10.2025, issued 08.10.2025	IPH — Institute of Public Health (ЈЗУ Институт за јавно здравје на РСМ)	https://drive.google.com/file/d/1Rjfrp711cZnXxVJ13Vc23fejhFSbErM_/view
25	GP062501	P050202	Grape Pie	Microbiology (Ph.Eur. 2.6.12) — Escherichia coli /g	To be absent	Odgovara (Absent)	1009/1813/25	Received 02.10.2025, issued 08.10.2025	IPH — Institute of Public Health (ЈЗУ Институт за јавно здравје на РСМ)	https://drive.google.com/file/d/1Rjfrp711cZnXxVJ13Vc23fejhFSbErM_/view
25	GP062501	P050202	Grape Pie	Microbiology (Ph.Eur. 2.6.31) — Salmonella /25g	To be absent	Odgovara (Absent)	1009/1813/25	Received 02.10.2025, issued 08.10.2025	IPH — Institute of Public Health (ЈЗУ Институт за јавно здравје на РСМ)	https://drive.google.com/file/d/1Rjfrp711cZnXxVJ13Vc23fejhFSbErM_/view
25	GP062501	P050202	Grape Pie	Microbiology (Ph.Eur. 5.1.8 cat C) — Total aerobic microbial count (TAMC)	≤ 10^5 CFU/g	600 CFU/g	1155/2056/25	Received 17.11.2025, issued 24.11.2025	IPH — Institute of Public Health (ЈЗУ Институт за јавно здравје на РСМ)	https://drive.google.com/file/d/1Rjfrp711cZnXxVJ13Vc23fejhFSbErM_/view
25	GP062501	P050202	Grape Pie	Microbiology (Ph.Eur. 5.1.8 cat C) — Total combined yeasts/moulds count (TYMC)	≤ 10^4 CFU/g	400 CFU/g	1155/2056/25	Received 17.11.2025, issued 24.11.2025	IPH — Institute of Public Health (ЈЗУ Институт за јавно здравје на РСМ)	https://drive.google.com/file/d/1Rjfrp711cZnXxVJ13Vc23fejhFSbErM_/view
25	GP062501	P050202	Grape Pie	Microbiology (Ph.Eur. 2.6.12) — Bile-tolerant gram-negative bacteria	≤ 10^4 CFU/g	< 10	1155/2056/25	Received 17.11.2025, issued 24.11.2025	IPH — Institute of Public Health (ЈЗУ Институт за јавно здравје на РСМ)	https://drive.google.com/file/d/1Rjfrp711cZnXxVJ13Vc23fejhFSbErM_/view
25	GP062501	P050202	Grape Pie	Microbiology (Ph.Eur. 2.6.12) — Escherichia coli /g	To be absent	Odgovara (Absent)	1155/2056/25	Received 17.11.2025, issued 24.11.2025	IPH — Institute of Public Health (ЈЗУ Институт за јавно здравје на РСМ)	https://drive.google.com/file/d/1Rjfrp711cZnXxVJ13Vc23fejhFSbErM_/view
25	GP062501	P050202	Grape Pie	Microbiology (Ph.Eur. 2.6.31) — Salmonella /25g	To be absent	Odgovara (Absent)	1155/2056/25	Received 17.11.2025, issued 24.11.2025	IPH — Institute of Public Health (ЈЗУ Институт за јавно здравје на РСМ)	https://drive.google.com/file/d/1Rjfrp711cZnXxVJ13Vc23fejhFSbErM_/view
25	GP062501	P050202	Grape Pie	Stability — Loss on Drying (Month 3, 25°C/60%RH)	≤ 10.00%	5.83%	ППК26036	Issued 05.03.2026 (completed 04.03.2026)	UKIM Faculty of Pharmacy — Center for Natural Products	https://drive.google.com/file/d/1rkhu64sbDf9tjGNn2NaLys1XKwpbiNER/view
25	GP062501	P050202	Grape Pie	Stability — Cannabinoid profile (Month 3, 25°C/60%RH): CBDA/CBD/CBN/Δ9-THC/Δ9-THCA	n/a (informational)	CBDA 0.05% | CBD BLQ | CBN 0.05% | Δ9-THC 7.90% | Δ9-THCA 17.03%	ППК26036	Issued 05.03.2026 (completed 04.03.2026)	UKIM Faculty of Pharmacy — Center for Natural Products	https://drive.google.com/file/d/1rkhu64sbDf9tjGNn2NaLys1XKwpbiNER/view
25	GP062501	P050202	Grape Pie	Stability — Total CBD / Total Δ9-THC (Month 3, 25°C/60%RH)	Total CBD ≤1.00%	Total CBD 0.05% | Total Δ9-THC 22.83%	ППК26036	Issued 05.03.2026 (completed 04.03.2026)	UKIM Faculty of Pharmacy — Center for Natural Products	https://drive.google.com/file/d/1rkhu64sbDf9tjGNn2NaLys1XKwpbiNER/view
25	GP062501	P050202	Grape Pie	Stability — Loss on Drying (Month 3, 40°C/75%RH)	≤ 10.00%	5.38%	ППК26037	Issued 05.03.2026 (completed 04.03.2026)	UKIM Faculty of Pharmacy — Center for Natural Products	https://drive.google.com/file/d/1Yyi_122CyAcDIG3XGrK4q9l40RZrQ7Gt/view
25	GP062501	P050202	Grape Pie	Stability — Cannabinoid profile (Month 3, 40°C/75%RH): CBDA/CBD/CBN/Δ9-THC/Δ9-THCA	n/a (informational)	CBDA 0.02% | CBD 0.03% | CBN 1.00% | Δ9-THC 1.09% | Δ9-THCA 18.47% [DATA INTEGRITY FLAG — see source]	ППК26037	Issued 05.03.2026 (completed 04.03.2026)	UKIM Faculty of Pharmacy — Center for Natural Products	https://drive.google.com/file/d/1Yyi_122CyAcDIG3XGrK4q9l40RZrQ7Gt/view
25	GP062501	P050202	Grape Pie	Stability — Total CBD / Total Δ9-THC (Month 3, 40°C/75%RH)	Total CBD ≤1.00%	Total CBD 0.04% | Total Δ9-THC 18.62% [DATA INTEGRITY FLAG — see source; mass-balance fails, no corrected value established]	ППК26037	Issued 05.03.2026 (completed 04.03.2026)	UKIM Faculty of Pharmacy — Center for Natural Products	https://drive.google.com/file/d/1Yyi_122CyAcDIG3XGrK4q9l40RZrQ7Gt/view
25	GP062501	P050202	Grape Pie	Stability — Loss on Drying (Month 6, 25°C/60%RH)	≤ 10.00%	6.85%	ППК26057	Issued 11.05.2026 (completed 07.05.2026)	UKIM Faculty of Pharmacy — Center for Natural Products	https://drive.google.com/file/d/1AMk7B7GaWbb_IANEWiGb2jqOxQEhCFc-/view
25	GP062501	P050202	Grape Pie	Stability — Cannabinoid profile (Month 6, 25°C/60%RH): CBDA/CBD/CBN/Δ9-THC/Δ9-THCA	n/a (informational)	CBDA 0.05% | CBD 0.01% | CBN 0.04% | Δ9-THC 13.49% | Δ9-THCA 12.57%	ППК26057	Issued 11.05.2026 (completed 07.05.2026)	UKIM Faculty of Pharmacy — Center for Natural Products	https://drive.google.com/file/d/1AMk7B7GaWbb_IANEWiGb2jqOxQEhCFc-/view
25	GP062501	P050202	Grape Pie	Stability — Total CBD / Total Δ9-THC (Month 6, 25°C/60%RH)	Total CBD ≤1.00%	Total CBD 0.05% | Total Δ9-THC 24.51%	ППК26057	Issued 11.05.2026 (completed 07.05.2026)	UKIM Faculty of Pharmacy — Center for Natural Products	https://drive.google.com/file/d/1AMk7B7GaWbb_IANEWiGb2jqOxQEhCFc-/view
25	GP062501	P050202	Grape Pie	Stability — Loss on Drying (Month 6, 40°C/75%RH)	≤ 10.00%	6.60%	ППК26058	Issued 11.05.2026 (completed 08.05.2026)	UKIM Faculty of Pharmacy — Center for Natural Products	https://drive.google.com/file/d/1O8RwPq9iLUlB97QzCxgdmi3MOJy4u_Qj/view
25	GP062501	P050202	Grape Pie	Stability — Cannabinoid profile (Month 6, 40°C/75%RH): CBDA/CBD/CBN/Δ9-THC/Δ9-THCA	n/a (informational)	CBDA 0.02% | CBD 0.01% | CBN 2.05% | Δ9-THC 16.99% | Δ9-THCA 0.07%	ППК26058	Issued 11.05.2026 (completed 08.05.2026)	UKIM Faculty of Pharmacy — Center for Natural Products	https://drive.google.com/file/d/1O8RwPq9iLUlB97QzCxgdmi3MOJy4u_Qj/view
25	GP062501	P050202	Grape Pie	Stability — Total CBD / Total Δ9-THC (Month 6, 40°C/75%RH)	Total CBD ≤1.00%	Total CBD 0.03% | Total Δ9-THC 17.05%	ППК26058	Issued 11.05.2026 (completed 08.05.2026)	UKIM Faculty of Pharmacy — Center for Natural Products	https://drive.google.com/file/d/1O8RwPq9iLUlB97QzCxgdmi3MOJy4u_Qj/view
25	GP062501	P050202	Grape Pie	Packaging — Closure integrity / Labeling / Weight	According to standard	Confirms	PP CoA #016	04.10.2025	Purely Plant GmbH (in-house QC)	https://drive.google.com/drive/folders/1eeMBa2sjh7BTX5HJvNIZLTZ2kWNumzoz (folder, exact file unmatched)
26	CJ062501/2	P050212	Cap Junky	Appearance	Dark green to pale yellow or light brown to reddish-brown female inflorescence, characteristic aromatic odour	Confirms	PP CoA #028	24.01.2026	Purely Plant GmbH (in-house QC, Visual)	https://drive.google.com/drive/folders/18cq_J-2LgdJkfgAn6DVey-knx3hMDGez (folder, exact file unmatched)
26	CJ062501/2	P050212	Cap Junky	Identification (retention time matches standard solution)	Confirms	Confirms	ППК25322	Issued 23.10.2025 (completed 21.10.2025)	UKIM Faculty of Pharmacy — Center for Natural Products	https://drive.google.com/file/d/1dAgJ6V4k2PRTlIpFVNjKiKhrTGsC7Bu4/view
26	CJ062501/2	P050212	Cap Junky	Loss on drying	< 12.0%	6.70%	ППК25322	Issued 23.10.2025 (completed 21.10.2025)	UKIM Faculty of Pharmacy — Center for Natural Products	https://drive.google.com/file/d/1dAgJ6V4k2PRTlIpFVNjKiKhrTGsC7Bu4/view
26	CJ062501/2	P050212	Cap Junky	Foreign matter	< 2.0%	Confirms	PP CoA #028	24.01.2026	Purely Plant GmbH (in-house QC)	https://drive.google.com/drive/folders/18cq_J-2LgdJkfgAn6DVey-knx3hMDGez (folder, exact file unmatched)
26	CJ062501/2	P050212	Cap Junky	Cannabinoid profile — CBDA	n/a (informational)	0.16%	ППК25322	Issued 23.10.2025 (completed 21.10.2025)	UKIM Faculty of Pharmacy — Center for Natural Products	https://drive.google.com/file/d/1dAgJ6V4k2PRTlIpFVNjKiKhrTGsC7Bu4/view
26	CJ062501/2	P050212	Cap Junky	Cannabinoid profile — CBD	n/a (informational)	BLQ	ППК25322	Issued 23.10.2025 (completed 21.10.2025)	UKIM Faculty of Pharmacy — Center for Natural Products	https://drive.google.com/file/d/1dAgJ6V4k2PRTlIpFVNjKiKhrTGsC7Bu4/view
26	CJ062501/2	P050212	Cap Junky	Cannabinoid profile — CBN	≤ 1.00%	BLQ	ППК25322	Issued 23.10.2025 (completed 21.10.2025)	UKIM Faculty of Pharmacy — Center for Natural Products	https://drive.google.com/file/d/1dAgJ6V4k2PRTlIpFVNjKiKhrTGsC7Bu4/view
26	CJ062501/2	P050212	Cap Junky	Cannabinoid profile — Δ9-THC	n/a (informational)	0.82%	ППК25322	Issued 23.10.2025 (completed 21.10.2025)	UKIM Faculty of Pharmacy — Center for Natural Products	https://drive.google.com/file/d/1dAgJ6V4k2PRTlIpFVNjKiKhrTGsC7Bu4/view
26	CJ062501/2	P050212	Cap Junky	Cannabinoid profile — Δ9-THCA	n/a (informational)	17.94%	ППК25322	Issued 23.10.2025 (completed 21.10.2025)	UKIM Faculty of Pharmacy — Center for Natural Products	https://drive.google.com/file/d/1dAgJ6V4k2PRTlIpFVNjKiKhrTGsC7Bu4/view
26	CJ062501/2	P050212	Cap Junky	Assay — Total Cannabidiol	< 1.0%	0.14%	ППК25322	Issued 23.10.2025 (completed 21.10.2025)	UKIM Faculty of Pharmacy — Center for Natural Products	https://drive.google.com/file/d/1dAgJ6V4k2PRTlIpFVNjKiKhrTGsC7Bu4/view
26	CJ062501/2	P050212	Cap Junky	Assay — Total Δ9-tetrahydrocannabinol	14.9-18.2%	16.56%	ППК25322	Issued 23.10.2025 (completed 21.10.2025)	UKIM Faculty of Pharmacy — Center for Natural Products	https://drive.google.com/file/d/1dAgJ6V4k2PRTlIpFVNjKiKhrTGsC7Bu4/view
26	CJ062501/2	P050212	Cap Junky	Mycotoxins (Ph.Eur. 2.8.18, AflaTest fluorometric) — Total aflatoxins (sum B1+B2+G1+G2)	≤ 4 µg/kg	< 2 µg/kg	4908/2025	Issued 24.10.2025 (testing completed 14.10.2025)	IPH — Institute of Public Health (ЈЗУ Институт за јавно здравје на РСМ)	https://drive.google.com/file/d/1dAgJ6V4k2PRTlIpFVNjKiKhrTGsC7Bu4/view
26	CJ062501/2	P050212	Cap Junky	Pesticide/insecticide screen (Ph.Eur. 2.8.13, MKC EN 15662:2020) — Lindan (Gama HCH)	≤ 0.6 mg/kg	Н.д. (not detected)	4908/2025	Issued 24.10.2025 (testing completed 22.10.2025)	IPH — Institute of Public Health (ЈЗУ Институт за јавно здравје на РСМ)	https://drive.google.com/file/d/1dAgJ6V4k2PRTlIpFVNjKiKhrTGsC7Bu4/view
26	CJ062501/2	P050212	Cap Junky	Pesticide/insecticide screen (Ph.Eur. 2.8.13, MKC EN 15662:2020) — Aldrin	≤ 0.05 mg/kg	Н.д. (not detected)	4908/2025	Issued 24.10.2025 (testing completed 22.10.2025)	IPH — Institute of Public Health (ЈЗУ Институт за јавно здравје на РСМ)	https://drive.google.com/file/d/1dAgJ6V4k2PRTlIpFVNjKiKhrTGsC7Bu4/view
26	CJ062501/2	P050212	Cap Junky	Pesticide/insecticide screen (Ph.Eur. 2.8.13, MKC EN 15662:2020) — Dieldrin i Aldrin (expressed as Dieldrin)	≤ 0.05 mg/kg	Н.д. (not detected)	4908/2025	Issued 24.10.2025 (testing completed 22.10.2025)	IPH — Institute of Public Health (ЈЗУ Институт за јавно здравје на РСМ)	https://drive.google.com/file/d/1dAgJ6V4k2PRTlIpFVNjKiKhrTGsC7Bu4/view
26	CJ062501/2	P050212	Cap Junky	Pesticide/insecticide screen (Ph.Eur. 2.8.13, MKC EN 15662:2020) — HCB (Hexachlorobenzene)	≤ 0.1 mg/kg	Н.д. (not detected)	4908/2025	Issued 24.10.2025 (testing completed 22.10.2025)	IPH — Institute of Public Health (ЈЗУ Институт за јавно здравје на РСМ)	https://drive.google.com/file/d/1dAgJ6V4k2PRTlIpFVNjKiKhrTGsC7Bu4/view
26	CJ062501/2	P050212	Cap Junky	Pesticide/insecticide screen (Ph.Eur. 2.8.13, MKC EN 15662:2020) — 4,4' DDE	≤ 1 mg/kg	Н.д. (not detected)	4908/2025	Issued 24.10.2025 (testing completed 22.10.2025)	IPH — Institute of Public Health (ЈЗУ Институт за јавно здравје на РСМ)	https://drive.google.com/file/d/1dAgJ6V4k2PRTlIpFVNjKiKhrTGsC7Bu4/view
26	CJ062501/2	P050212	Cap Junky	Pesticide/insecticide screen (Ph.Eur. 2.8.13, MKC EN 15662:2020) — 4,4' DDD	≤ 1 mg/kg	Н.д. (not detected)	4908/2025	Issued 24.10.2025 (testing completed 22.10.2025)	IPH — Institute of Public Health (ЈЗУ Институт за јавно здравје на РСМ)	https://drive.google.com/file/d/1dAgJ6V4k2PRTlIpFVNjKiKhrTGsC7Bu4/view
26	CJ062501/2	P050212	Cap Junky	Pesticide/insecticide screen (Ph.Eur. 2.8.13, MKC EN 15662:2020) — 4,4' DDT	≤ 1 mg/kg	Н.д. (not detected)	4908/2025	Issued 24.10.2025 (testing completed 22.10.2025)	IPH — Institute of Public Health (ЈЗУ Институт за јавно здравје на РСМ)	https://drive.google.com/file/d/1dAgJ6V4k2PRTlIpFVNjKiKhrTGsC7Bu4/view
26	CJ062501/2	P050212	Cap Junky	Pesticide/insecticide screen (Ph.Eur. 2.8.13, MKC EN 15662:2020) — Vkupno DDT (Total DDT)	≤ 1 mg/kg	Н.д. (not detected)	4908/2025	Issued 24.10.2025 (testing completed 22.10.2025)	IPH — Institute of Public Health (ЈЗУ Институт за јавно здравје на РСМ)	https://drive.google.com/file/d/1dAgJ6V4k2PRTlIpFVNjKiKhrTGsC7Bu4/view
26	CJ062501/2	P050212	Cap Junky	Pesticide/insecticide screen (Ph.Eur. 2.8.13, MKC EN 15662:2020) — delta HCH	≤ 0.3 mg/kg	Н.д. (not detected)	4908/2025	Issued 24.10.2025 (testing completed 22.10.2025)	IPH — Institute of Public Health (ЈЗУ Институт за јавно здравје на РСМ)	https://drive.google.com/file/d/1dAgJ6V4k2PRTlIpFVNjKiKhrTGsC7Bu4/view
26	CJ062501/2	P050212	Cap Junky	Pesticide/insecticide screen (Ph.Eur. 2.8.13, MKC EN 15662:2020) — alpha HCH	≤ 0.3 mg/kg	Н.д. (not detected)	4908/2025	Issued 24.10.2025 (testing completed 22.10.2025)	IPH — Institute of Public Health (ЈЗУ Институт за јавно здравје на РСМ)	https://drive.google.com/file/d/1dAgJ6V4k2PRTlIpFVNjKiKhrTGsC7Bu4/view
26	CJ062501/2	P050212	Cap Junky	Pesticide/insecticide screen (Ph.Eur. 2.8.13, MKC EN 15662:2020) — beta HCH	≤ 0.3 mg/kg	Н.д. (not detected)	4908/2025	Issued 24.10.2025 (testing completed 22.10.2025)	IPH — Institute of Public Health (ЈЗУ Институт за јавно здравје на РСМ)	https://drive.google.com/file/d/1dAgJ6V4k2PRTlIpFVNjKiKhrTGsC7Bu4/view
26	CJ062501/2	P050212	Cap Junky	Pesticide/insecticide screen (Ph.Eur. 2.8.13, MKC EN 15662:2020) — Endrin	≤ 0.05 mg/kg	Н.д. (not detected)	4908/2025	Issued 24.10.2025 (testing completed 22.10.2025)	IPH — Institute of Public Health (ЈЗУ Институт за јавно здравје на РСМ)	https://drive.google.com/file/d/1dAgJ6V4k2PRTlIpFVNjKiKhrTGsC7Bu4/view
26	CJ062501/2	P050212	Cap Junky	Pesticide/insecticide screen (Ph.Eur. 2.8.13, MKC EN 15662:2020) — Chlorpyriphos-methyl	≤ 0.1 mg/kg	Н.д. (not detected)	4908/2025	Issued 24.10.2025 (testing completed 22.10.2025)	IPH — Institute of Public Health (ЈЗУ Институт за јавно здравје на РСМ)	https://drive.google.com/file/d/1dAgJ6V4k2PRTlIpFVNjKiKhrTGsC7Bu4/view
26	CJ062501/2	P050212	Cap Junky	Pesticide/insecticide screen (Ph.Eur. 2.8.13, MKC EN 15662:2020) — Chlorpyrifos (Chlorpyriphos-ethyl)	≤ 0.2 mg/kg	Н.д. (not detected)	4908/2025	Issued 24.10.2025 (testing completed 22.10.2025)	IPH — Institute of Public Health (ЈЗУ Институт за јавно здравје на РСМ)	https://drive.google.com/file/d/1dAgJ6V4k2PRTlIpFVNjKiKhrTGsC7Bu4/view
26	CJ062501/2	P050212	Cap Junky	Pesticide/insecticide screen (Ph.Eur. 2.8.13, MKC EN 15662:2020) — Heptachlor (sum of Heptachlor + Heptachlor epoxide)	≤ 0.05 mg/kg	Н.д. (not detected)	4908/2025	Issued 24.10.2025 (testing completed 22.10.2025)	IPH — Institute of Public Health (ЈЗУ Институт за јавно здравје на РСМ)	https://drive.google.com/file/d/1dAgJ6V4k2PRTlIpFVNjKiKhrTGsC7Bu4/view
26	CJ062501/2	P050212	Cap Junky	Pesticide/insecticide screen (Ph.Eur. 2.8.13, MKC EN 15662:2020) — Endosulfan (alpha, beta and endosulfan sulfate)	≤ 3 mg/kg	Н.д. (not detected)	4908/2025	Issued 24.10.2025 (testing completed 22.10.2025)	IPH — Institute of Public Health (ЈЗУ Институт за јавно здравје на РСМ)	https://drive.google.com/file/d/1dAgJ6V4k2PRTlIpFVNjKiKhrTGsC7Bu4/view
26	CJ062501/2	P050212	Cap Junky	Pesticide/insecticide screen (Ph.Eur. 2.8.13, MKC EN 15662:2020) — Deltamethrin	≤ 0.5 mg/kg	Н.д. (not detected)	4908/2025	Issued 24.10.2025 (testing completed 22.10.2025)	IPH — Institute of Public Health (ЈЗУ Институт за јавно здравје на РСМ)	https://drive.google.com/file/d/1dAgJ6V4k2PRTlIpFVNjKiKhrTGsC7Bu4/view
26	CJ062501/2	P050212	Cap Junky	Pesticide/insecticide screen (Ph.Eur. 2.8.13, MKC EN 15662:2020) — Chlordane (sum of cis- and trans-chlordane)	≤ 0.05 mg/kg	Н.д. (not detected)	4908/2025	Issued 24.10.2025 (testing completed 22.10.2025)	IPH — Institute of Public Health (ЈЗУ Институт за јавно здравје на РСМ)	https://drive.google.com/file/d/1dAgJ6V4k2PRTlIpFVNjKiKhrTGsC7Bu4/view
26	CJ062501/2	P050212	Cap Junky	Pesticide/insecticide screen (Ph.Eur. 2.8.13, MKC EN 15662:2020) — Metoxychlor	≤ 0.05 mg/kg	Н.д. (not detected)	4908/2025	Issued 24.10.2025 (testing completed 22.10.2025)	IPH — Institute of Public Health (ЈЗУ Институт за јавно здравје на РСМ)	https://drive.google.com/file/d/1dAgJ6V4k2PRTlIpFVNjKiKhrTGsC7Bu4/view
26	CJ062501/2	P050212	Cap Junky	Pesticide/insecticide screen (Ph.Eur. 2.8.13, MKC EN 15662:2020) — Heptachlor epoxide	≤ 0.05 mg/kg	Н.д. (not detected)	4908/2025	Issued 24.10.2025 (testing completed 22.10.2025)	IPH — Institute of Public Health (ЈЗУ Институт за јавно здравје на РСМ)	https://drive.google.com/file/d/1dAgJ6V4k2PRTlIpFVNjKiKhrTGsC7Bu4/view
26	CJ062501/2	P050212	Cap Junky	Pesticide/insecticide screen (Ph.Eur. 2.8.13, MKC EN 15662:2020) — Endrin aldehyde	≤ 0.05 mg/kg	Н.д. (not detected)	4908/2025	Issued 24.10.2025 (testing completed 22.10.2025)	IPH — Institute of Public Health (ЈЗУ Институт за јавно здравје на РСМ)	https://drive.google.com/file/d/1dAgJ6V4k2PRTlIpFVNjKiKhrTGsC7Bu4/view
26	CJ062501/2	P050212	Cap Junky	Pesticide/insecticide screen (Ph.Eur. 2.8.13, MKC EN 15662:2020) — alpha Endosulfan	≤ 3 mg/kg	Н.д. (not detected)	4908/2025	Issued 24.10.2025 (testing completed 22.10.2025)	IPH — Institute of Public Health (ЈЗУ Институт за јавно здравје на РСМ)	https://drive.google.com/file/d/1dAgJ6V4k2PRTlIpFVNjKiKhrTGsC7Bu4/view
26	CJ062501/2	P050212	Cap Junky	Pesticide/insecticide screen (Ph.Eur. 2.8.13, MKC EN 15662:2020) — beta Endosulfan	≤ 3 mg/kg	Н.д. (not detected)	4908/2025	Issued 24.10.2025 (testing completed 22.10.2025)	IPH — Institute of Public Health (ЈЗУ Институт за јавно здравје на РСМ)	https://drive.google.com/file/d/1dAgJ6V4k2PRTlIpFVNjKiKhrTGsC7Bu4/view
26	CJ062501/2	P050212	Cap Junky	Pesticide/insecticide screen (Ph.Eur. 2.8.13, MKC EN 15662:2020) — Endrin keton	≤ 0.05 mg/kg	Н.д. (not detected)	4908/2025	Issued 24.10.2025 (testing completed 22.10.2025)	IPH — Institute of Public Health (ЈЗУ Институт за јавно здравје на РСМ)	https://drive.google.com/file/d/1dAgJ6V4k2PRTlIpFVNjKiKhrTGsC7Bu4/view
26	CJ062501/2	P050212	Cap Junky	Pesticide/insecticide screen (Ph.Eur. 2.8.13, MKC EN 15662:2020) — trans-Chlordane	≤ 0.05 mg/kg	Н.д. (not detected)	4908/2025	Issued 24.10.2025 (testing completed 22.10.2025)	IPH — Institute of Public Health (ЈЗУ Институт за јавно здравје на РСМ)	https://drive.google.com/file/d/1dAgJ6V4k2PRTlIpFVNjKiKhrTGsC7Bu4/view
26	CJ062501/2	P050212	Cap Junky	Pesticide/insecticide screen (Ph.Eur. 2.8.13, MKC EN 15662:2020) — cis-Chlordane	≤ 0.05 mg/kg	Н.д. (not detected)	4908/2025	Issued 24.10.2025 (testing completed 22.10.2025)	IPH — Institute of Public Health (ЈЗУ Институт за јавно здравје на РСМ)	https://drive.google.com/file/d/1dAgJ6V4k2PRTlIpFVNjKiKhrTGsC7Bu4/view
26	CJ062501/2	P050212	Cap Junky	Pesticide/insecticide screen (Ph.Eur. 2.8.13, MKC EN 15662:2020) — Dieldrin	≤ 0.05 mg/kg	Н.д. (not detected)	4908/2025	Issued 24.10.2025 (testing completed 22.10.2025)	IPH — Institute of Public Health (ЈЗУ Институт за јавно здравје на РСМ)	https://drive.google.com/file/d/1dAgJ6V4k2PRTlIpFVNjKiKhrTGsC7Bu4/view
26	CJ062501/2	P050212	Cap Junky	Pesticide/insecticide screen (Ph.Eur. 2.8.13, MKC EN 15662:2020) — Heptachlor	≤ 0.05 mg/kg	Н.д. (not detected)	4908/2025	Issued 24.10.2025 (testing completed 22.10.2025)	IPH — Institute of Public Health (ЈЗУ Институт за јавно здравје на РСМ)	https://drive.google.com/file/d/1dAgJ6V4k2PRTlIpFVNjKiKhrTGsC7Bu4/view
26	CJ062501/2	P050212	Cap Junky	Pesticide/insecticide screen (Ph.Eur. 2.8.13, MKC EN 15662:2020) — Endosulfan sulfate	≤ 3 mg/kg	Н.д. (not detected)	4908/2025	Issued 24.10.2025 (testing completed 22.10.2025)	IPH — Institute of Public Health (ЈЗУ Институт за јавно здравје на РСМ)	https://drive.google.com/file/d/1dAgJ6V4k2PRTlIpFVNjKiKhrTGsC7Bu4/view
26	CJ062501/2	P050212	Cap Junky	Heavy metals (Ph.Eur. 2.4.27, MKC EN 17851:2023) — Lead (olovo/Pb)	≤ 5 mg/kg	0.026 mg/kg	4908/2025	Issued 24.10.2025 (testing completed 22.10.2025)	IPH — Institute of Public Health (ЈЗУ Институт за јавно здравје на РСМ)	https://drive.google.com/file/d/1dAgJ6V4k2PRTlIpFVNjKiKhrTGsC7Bu4/view
26	CJ062501/2	P050212	Cap Junky	Heavy metals (Ph.Eur. 2.4.27, MKC EN 17851:2023) — Cadmium (kadmium/Cd)	≤ 1 mg/kg	0.002 mg/kg	4908/2025	Issued 24.10.2025 (testing completed 22.10.2025)	IPH — Institute of Public Health (ЈЗУ Институт за јавно здравје на РСМ)	https://drive.google.com/file/d/1dAgJ6V4k2PRTlIpFVNjKiKhrTGsC7Bu4/view
26	CJ062501/2	P050212	Cap Junky	Heavy metals (Ph.Eur. 2.4.27, MKC EN 17851:2023) — Arsenic (arsen/As)	≤ 2 mg/kg	0.011 mg/kg	4908/2025	Issued 24.10.2025 (testing completed 22.10.2025)	IPH — Institute of Public Health (ЈЗУ Институт за јавно здравје на РСМ)	https://drive.google.com/file/d/1dAgJ6V4k2PRTlIpFVNjKiKhrTGsC7Bu4/view
26	CJ062501/2	P050212	Cap Junky	Heavy metals (Ph.Eur. 2.4.27, MKC EN 17851:2023) — Mercury (ziva/Hg)	≤ 0.1 mg/kg	0.012 mg/kg	4908/2025	Issued 24.10.2025 (testing completed 22.10.2025)	IPH — Institute of Public Health (ЈЗУ Институт за јавно здравје на РСМ)	https://drive.google.com/file/d/1dAgJ6V4k2PRTlIpFVNjKiKhrTGsC7Bu4/view
26	CJ062501/2	P050212	Cap Junky	Microbiology (Ph.Eur. 5.1.8 cat C) — Total aerobic microbial count (TAMC)	≤ 10^5 CFU/g	2.2×10^4 CFU/g	1032/1851/25	Received 13.10.2025, issued 17.10.2025	IPH — Institute of Public Health (ЈЗУ Институт за јавно здравје на РСМ)	https://drive.google.com/file/d/1dAgJ6V4k2PRTlIpFVNjKiKhrTGsC7Bu4/view
26	CJ062501/2	P050212	Cap Junky	Microbiology (Ph.Eur. 5.1.8 cat C) — Total combined yeasts/moulds count (TYMC)	≤ 10^4 CFU/g	4.9×10^3 CFU/g	1032/1851/25	Received 13.10.2025, issued 17.10.2025	IPH — Institute of Public Health (ЈЗУ Институт за јавно здравје на РСМ)	https://drive.google.com/file/d/1dAgJ6V4k2PRTlIpFVNjKiKhrTGsC7Bu4/view
26	CJ062501/2	P050212	Cap Junky	Microbiology (Ph.Eur. 2.6.12) — Bile-tolerant gram-negative bacteria	≤ 10^4 CFU/g	< 10^4 and > 10^3	1032/1851/25	Received 13.10.2025, issued 17.10.2025	IPH — Institute of Public Health (ЈЗУ Институт за јавно здравје на РСМ)	https://drive.google.com/file/d/1dAgJ6V4k2PRTlIpFVNjKiKhrTGsC7Bu4/view
26	CJ062501/2	P050212	Cap Junky	Microbiology (Ph.Eur. 2.6.12) — Escherichia coli /g	To be absent	Odgovara (Absent)	1032/1851/25	Received 13.10.2025, issued 17.10.2025	IPH — Institute of Public Health (ЈЗУ Институт за јавно здравје на РСМ)	https://drive.google.com/file/d/1dAgJ6V4k2PRTlIpFVNjKiKhrTGsC7Bu4/view
26	CJ062501/2	P050212	Cap Junky	Microbiology (Ph.Eur. 2.6.31) — Salmonella /25g	To be absent	Odgovara (Absent)	1032/1851/25	Received 13.10.2025, issued 17.10.2025	IPH — Institute of Public Health (ЈЗУ Институт за јавно здравје на РСМ)	https://drive.google.com/file/d/1dAgJ6V4k2PRTlIpFVNjKiKhrTGsC7Bu4/view
26	CJ062501/2	P050212	Cap Junky	Retest cannabinoids — Total Δ9-THC (HPLC/DAD)	min 5.00% (PP release spec)	18.91% w/w (U 1.16% w/w)	197-4-К/26	Issued 07.08.2026 (analysis 28.07.2026)	Farmahem DOOEL — Laboratorija za zivotna sredina, Skopje	https://drive.google.com/file/d/11int6IhHY9t7QgeqdjhyYPW-VyKcISaw/view
26	CJ062501/2	P050212	Cap Junky	Retest cannabinoids — Total CBN (HPLC/DAD)	max 1.00% (PP release spec)	<LOQ %w/w	197-4-К/26	Issued 07.08.2026 (analysis 28.07.2026)	Farmahem DOOEL — Laboratorija za zivotna sredina, Skopje	https://drive.google.com/file/d/11int6IhHY9t7QgeqdjhyYPW-VyKcISaw/view
26	CJ062501/2	P050212	Cap Junky	Retest cannabinoids — Total CBD (HPLC/DAD)	max 1.00% (PP release spec)	<LOQ %w/w	197-4-К/26	Issued 07.08.2026 (analysis 28.07.2026)	Farmahem DOOEL — Laboratorija za zivotna sredina, Skopje	https://drive.google.com/file/d/11int6IhHY9t7QgeqdjhyYPW-VyKcISaw/view
26	CJ062501/2	P050212	Cap Junky	Retest mycotoxins — Aflatoxin B1	≤ 2 µg/kg (Ph.Eur. ref)	ND µg/kg	197-4-М/26	Issued 10.08.2026 (analysis 06.08.2026)	Farmahem DOOEL — Laboratorija za zivotna sredina, Skopje	https://drive.google.com/file/d/1Wc1oaI-X7uC5Om5ViP-8vD7r6vgJ9fdZ/view
26	CJ062501/2	P050212	Cap Junky	Retest mycotoxins — Aflatoxin B2	(included in Σ aflatoxins)	ND µg/kg	197-4-М/26	Issued 10.08.2026 (analysis 06.08.2026)	Farmahem DOOEL — Laboratorija za zivotna sredina, Skopje	https://drive.google.com/file/d/1Wc1oaI-X7uC5Om5ViP-8vD7r6vgJ9fdZ/view
26	CJ062501/2	P050212	Cap Junky	Retest mycotoxins — Aflatoxin G1	(included in Σ aflatoxins)	ND µg/kg	197-4-М/26	Issued 10.08.2026 (analysis 06.08.2026)	Farmahem DOOEL — Laboratorija za zivotna sredina, Skopje	https://drive.google.com/file/d/1Wc1oaI-X7uC5Om5ViP-8vD7r6vgJ9fdZ/view
26	CJ062501/2	P050212	Cap Junky	Retest mycotoxins — Aflatoxin G2	(included in Σ aflatoxins)	ND µg/kg	197-4-М/26	Issued 10.08.2026 (analysis 06.08.2026)	Farmahem DOOEL — Laboratorija za zivotna sredina, Skopje	https://drive.google.com/file/d/1Wc1oaI-X7uC5Om5ViP-8vD7r6vgJ9fdZ/view
26	CJ062501/2	P050212	Cap Junky	Retest mycotoxins — Sum aflatoxins B1+B2+G1+G2	≤ 4 µg/kg (Ph.Eur. ref)	ND (all four not detected)	197-4-М/26	Issued 10.08.2026 (analysis 06.08.2026)	Farmahem DOOEL — Laboratorija za zivotna sredina, Skopje	https://drive.google.com/file/d/1Wc1oaI-X7uC5Om5ViP-8vD7r6vgJ9fdZ/view
26	CJ062501/2	P050212	Cap Junky	Retest mycotoxins — Ochratoxin A	per PP spec (Ph.Eur. ref commonly ≤20 µg/kg)	ND µg/kg	197-4-М/26	Issued 10.08.2026 (analysis 06.08.2026)	Farmahem DOOEL — Laboratorija za zivotna sredina, Skopje	https://drive.google.com/file/d/1Wc1oaI-X7uC5Om5ViP-8vD7r6vgJ9fdZ/view
26	CJ062501/2	P050212	Cap Junky	Cannabinol (release)	< 1.0%	BLQ	PP CoA #028	24.01.2026	Purely Plant GmbH (in-house QC, transcribed from UKIM ППК25322)	https://drive.google.com/drive/folders/18cq_J-2LgdJkfgAn6DVey-knx3hMDGez (folder, exact file unmatched)
26	CJ062501/2	P050212	Cap Junky	Packaging — Closure integrity / Labeling / Weight	According to standard	Confirms	PP CoA #028	24.01.2026	Purely Plant GmbH (in-house QC)	https://drive.google.com/drive/folders/18cq_J-2LgdJkfgAn6DVey-knx3hMDGez (folder, exact file unmatched)
27	CJ062501/1	P050222	Cap Junky	Identification (retention time matches standard solution)	Confirms	Confirms	ППК25321	Issued 23.10.2025 (completed 21.10.2025)	UKIM Faculty of Pharmacy — Center for Natural Products	https://drive.google.com/file/d/1fkUDfS6LlulEpRzNL248cfVHvq-vDAqo/view
27	CJ062501/1	P050222	Cap Junky	Loss on drying	≤ 10.00%	7.77%	ППК25321	Issued 23.10.2025 (completed 21.10.2025)	UKIM Faculty of Pharmacy — Center for Natural Products	https://drive.google.com/file/d/1fkUDfS6LlulEpRzNL248cfVHvq-vDAqo/view
27	CJ062501/1	P050222	Cap Junky	Cannabinoid profile — CBDA	n/a (informational)	0.08%	ППК25321	Issued 23.10.2025 (completed 21.10.2025)	UKIM Faculty of Pharmacy — Center for Natural Products	https://drive.google.com/file/d/1fkUDfS6LlulEpRzNL248cfVHvq-vDAqo/view
27	CJ062501/1	P050222	Cap Junky	Cannabinoid profile — CBD	n/a (informational)	0.01%	ППК25321	Issued 23.10.2025 (completed 21.10.2025)	UKIM Faculty of Pharmacy — Center for Natural Products	https://drive.google.com/file/d/1fkUDfS6LlulEpRzNL248cfVHvq-vDAqo/view
27	CJ062501/1	P050222	Cap Junky	Cannabinoid profile — CBN	≤ 1.00%	0.02%	ППК25321	Issued 23.10.2025 (completed 21.10.2025)	UKIM Faculty of Pharmacy — Center for Natural Products	https://drive.google.com/file/d/1fkUDfS6LlulEpRzNL248cfVHvq-vDAqo/view
27	CJ062501/1	P050222	Cap Junky	Cannabinoid profile — Δ9-THC	n/a (informational)	1.12%	ППК25321	Issued 23.10.2025 (completed 21.10.2025)	UKIM Faculty of Pharmacy — Center for Natural Products	https://drive.google.com/file/d/1fkUDfS6LlulEpRzNL248cfVHvq-vDAqo/view
27	CJ062501/1	P050222	Cap Junky	Cannabinoid profile — Δ9-THCA	n/a (informational)	23.24%	ППК25321	Issued 23.10.2025 (completed 21.10.2025)	UKIM Faculty of Pharmacy — Center for Natural Products	https://drive.google.com/file/d/1fkUDfS6LlulEpRzNL248cfVHvq-vDAqo/view
27	CJ062501/1	P050222	Cap Junky	Assay — Total Cannabidiol	n/a (informational)	0.07%	ППК25321	Issued 23.10.2025 (completed 21.10.2025)	UKIM Faculty of Pharmacy — Center for Natural Products	https://drive.google.com/file/d/1fkUDfS6LlulEpRzNL248cfVHvq-vDAqo/view
27	CJ062501/1	P050222	Cap Junky	Assay — Total Δ9-tetrahydrocannabinol	n/a (informational)	21.51%	ППК25321	Issued 23.10.2025 (completed 21.10.2025)	UKIM Faculty of Pharmacy — Center for Natural Products	https://drive.google.com/file/d/1fkUDfS6LlulEpRzNL248cfVHvq-vDAqo/view
27	CJ062501/1	P050222	Cap Junky	Mycotoxins (Ph.Eur. 2.8.18, AflaTest fluorometric) — Total aflatoxins (sum B1+B2+G1+G2)	≤ 4 µg/kg	< 2 µg/kg	4907/2025	Issued 24.10.2025 (testing completed 14.10.2025)	IPH — Institute of Public Health (ЈЗУ Институт за јавно здравје на РСМ)	https://drive.google.com/file/d/1fkUDfS6LlulEpRzNL248cfVHvq-vDAqo/view
27	CJ062501/1	P050222	Cap Junky	Pesticide/insecticide screen (Ph.Eur. 2.8.13, MKC EN 15662:2020) — Lindan (Gama HCH)	≤ 0.6 mg/kg	Н.д. (not detected)	4907/2025	Issued 24.10.2025 (testing completed 22.10.2025)	IPH — Institute of Public Health (ЈЗУ Институт за јавно здравје на РСМ)	https://drive.google.com/file/d/1fkUDfS6LlulEpRzNL248cfVHvq-vDAqo/view
27	CJ062501/1	P050222	Cap Junky	Pesticide/insecticide screen (Ph.Eur. 2.8.13, MKC EN 15662:2020) — Aldrin	≤ 0.05 mg/kg	Н.д. (not detected)	4907/2025	Issued 24.10.2025 (testing completed 22.10.2025)	IPH — Institute of Public Health (ЈЗУ Институт за јавно здравје на РСМ)	https://drive.google.com/file/d/1fkUDfS6LlulEpRzNL248cfVHvq-vDAqo/view
27	CJ062501/1	P050222	Cap Junky	Pesticide/insecticide screen (Ph.Eur. 2.8.13, MKC EN 15662:2020) — Dieldrin i Aldrin (expressed as Dieldrin)	≤ 0.05 mg/kg	Н.д. (not detected)	4907/2025	Issued 24.10.2025 (testing completed 22.10.2025)	IPH — Institute of Public Health (ЈЗУ Институт за јавно здравје на РСМ)	https://drive.google.com/file/d/1fkUDfS6LlulEpRzNL248cfVHvq-vDAqo/view
27	CJ062501/1	P050222	Cap Junky	Pesticide/insecticide screen (Ph.Eur. 2.8.13, MKC EN 15662:2020) — HCB (Hexachlorobenzene)	≤ 0.1 mg/kg	Н.д. (not detected)	4907/2025	Issued 24.10.2025 (testing completed 22.10.2025)	IPH — Institute of Public Health (ЈЗУ Институт за јавно здравје на РСМ)	https://drive.google.com/file/d/1fkUDfS6LlulEpRzNL248cfVHvq-vDAqo/view
27	CJ062501/1	P050222	Cap Junky	Pesticide/insecticide screen (Ph.Eur. 2.8.13, MKC EN 15662:2020) — 4,4' DDE	≤ 1 mg/kg	Н.д. (not detected)	4907/2025	Issued 24.10.2025 (testing completed 22.10.2025)	IPH — Institute of Public Health (ЈЗУ Институт за јавно здравје на РСМ)	https://drive.google.com/file/d/1fkUDfS6LlulEpRzNL248cfVHvq-vDAqo/view
27	CJ062501/1	P050222	Cap Junky	Pesticide/insecticide screen (Ph.Eur. 2.8.13, MKC EN 15662:2020) — 4,4' DDD	≤ 1 mg/kg	Н.д. (not detected)	4907/2025	Issued 24.10.2025 (testing completed 22.10.2025)	IPH — Institute of Public Health (ЈЗУ Институт за јавно здравје на РСМ)	https://drive.google.com/file/d/1fkUDfS6LlulEpRzNL248cfVHvq-vDAqo/view
27	CJ062501/1	P050222	Cap Junky	Pesticide/insecticide screen (Ph.Eur. 2.8.13, MKC EN 15662:2020) — 4,4' DDT	≤ 1 mg/kg	Н.д. (not detected)	4907/2025	Issued 24.10.2025 (testing completed 22.10.2025)	IPH — Institute of Public Health (ЈЗУ Институт за јавно здравје на РСМ)	https://drive.google.com/file/d/1fkUDfS6LlulEpRzNL248cfVHvq-vDAqo/view
27	CJ062501/1	P050222	Cap Junky	Pesticide/insecticide screen (Ph.Eur. 2.8.13, MKC EN 15662:2020) — Vkupno DDT (Total DDT)	≤ 1 mg/kg	Н.д. (not detected)	4907/2025	Issued 24.10.2025 (testing completed 22.10.2025)	IPH — Institute of Public Health (ЈЗУ Институт за јавно здравје на РСМ)	https://drive.google.com/file/d/1fkUDfS6LlulEpRzNL248cfVHvq-vDAqo/view
27	CJ062501/1	P050222	Cap Junky	Pesticide/insecticide screen (Ph.Eur. 2.8.13, MKC EN 15662:2020) — delta HCH	≤ 0.3 mg/kg	Н.д. (not detected)	4907/2025	Issued 24.10.2025 (testing completed 22.10.2025)	IPH — Institute of Public Health (ЈЗУ Институт за јавно здравје на РСМ)	https://drive.google.com/file/d/1fkUDfS6LlulEpRzNL248cfVHvq-vDAqo/view
27	CJ062501/1	P050222	Cap Junky	Pesticide/insecticide screen (Ph.Eur. 2.8.13, MKC EN 15662:2020) — alpha HCH	≤ 0.3 mg/kg	Н.д. (not detected)	4907/2025	Issued 24.10.2025 (testing completed 22.10.2025)	IPH — Institute of Public Health (ЈЗУ Институт за јавно здравје на РСМ)	https://drive.google.com/file/d/1fkUDfS6LlulEpRzNL248cfVHvq-vDAqo/view
27	CJ062501/1	P050222	Cap Junky	Pesticide/insecticide screen (Ph.Eur. 2.8.13, MKC EN 15662:2020) — beta HCH	≤ 0.3 mg/kg	Н.д. (not detected)	4907/2025	Issued 24.10.2025 (testing completed 22.10.2025)	IPH — Institute of Public Health (ЈЗУ Институт за јавно здравје на РСМ)	https://drive.google.com/file/d/1fkUDfS6LlulEpRzNL248cfVHvq-vDAqo/view
27	CJ062501/1	P050222	Cap Junky	Pesticide/insecticide screen (Ph.Eur. 2.8.13, MKC EN 15662:2020) — Endrin	≤ 0.05 mg/kg	Н.д. (not detected)	4907/2025	Issued 24.10.2025 (testing completed 22.10.2025)	IPH — Institute of Public Health (ЈЗУ Институт за јавно здравје на РСМ)	https://drive.google.com/file/d/1fkUDfS6LlulEpRzNL248cfVHvq-vDAqo/view
27	CJ062501/1	P050222	Cap Junky	Pesticide/insecticide screen (Ph.Eur. 2.8.13, MKC EN 15662:2020) — Chlorpyriphos-methyl	≤ 0.1 mg/kg	Н.д. (not detected)	4907/2025	Issued 24.10.2025 (testing completed 22.10.2025)	IPH — Institute of Public Health (ЈЗУ Институт за јавно здравје на РСМ)	https://drive.google.com/file/d/1fkUDfS6LlulEpRzNL248cfVHvq-vDAqo/view
27	CJ062501/1	P050222	Cap Junky	Pesticide/insecticide screen (Ph.Eur. 2.8.13, MKC EN 15662:2020) — Chlorpyrifos (Chlorpyriphos-ethyl)	≤ 0.2 mg/kg	Н.д. (not detected)	4907/2025	Issued 24.10.2025 (testing completed 22.10.2025)	IPH — Institute of Public Health (ЈЗУ Институт за јавно здравје на РСМ)	https://drive.google.com/file/d/1fkUDfS6LlulEpRzNL248cfVHvq-vDAqo/view
27	CJ062501/1	P050222	Cap Junky	Pesticide/insecticide screen (Ph.Eur. 2.8.13, MKC EN 15662:2020) — Heptachlor (sum of Heptachlor + Heptachlor epoxide)	≤ 0.05 mg/kg	Н.д. (not detected)	4907/2025	Issued 24.10.2025 (testing completed 22.10.2025)	IPH — Institute of Public Health (ЈЗУ Институт за јавно здравје на РСМ)	https://drive.google.com/file/d/1fkUDfS6LlulEpRzNL248cfVHvq-vDAqo/view
27	CJ062501/1	P050222	Cap Junky	Pesticide/insecticide screen (Ph.Eur. 2.8.13, MKC EN 15662:2020) — Endosulfan (alpha, beta and endosulfan sulfate)	≤ 3 mg/kg	Н.д. (not detected)	4907/2025	Issued 24.10.2025 (testing completed 22.10.2025)	IPH — Institute of Public Health (ЈЗУ Институт за јавно здравје на РСМ)	https://drive.google.com/file/d/1fkUDfS6LlulEpRzNL248cfVHvq-vDAqo/view
27	CJ062501/1	P050222	Cap Junky	Pesticide/insecticide screen (Ph.Eur. 2.8.13, MKC EN 15662:2020) — Deltamethrin	≤ 0.5 mg/kg	Н.д. (not detected)	4907/2025	Issued 24.10.2025 (testing completed 22.10.2025)	IPH — Institute of Public Health (ЈЗУ Институт за јавно здравје на РСМ)	https://drive.google.com/file/d/1fkUDfS6LlulEpRzNL248cfVHvq-vDAqo/view
27	CJ062501/1	P050222	Cap Junky	Pesticide/insecticide screen (Ph.Eur. 2.8.13, MKC EN 15662:2020) — Chlordane (sum of cis- and trans-chlordane)	≤ 0.05 mg/kg	Н.д. (not detected)	4907/2025	Issued 24.10.2025 (testing completed 22.10.2025)	IPH — Institute of Public Health (ЈЗУ Институт за јавно здравје на РСМ)	https://drive.google.com/file/d/1fkUDfS6LlulEpRzNL248cfVHvq-vDAqo/view
27	CJ062501/1	P050222	Cap Junky	Pesticide/insecticide screen (Ph.Eur. 2.8.13, MKC EN 15662:2020) — Metoxychlor	≤ 0.05 mg/kg	Н.д. (not detected)	4907/2025	Issued 24.10.2025 (testing completed 22.10.2025)	IPH — Institute of Public Health (ЈЗУ Институт за јавно здравје на РСМ)	https://drive.google.com/file/d/1fkUDfS6LlulEpRzNL248cfVHvq-vDAqo/view
27	CJ062501/1	P050222	Cap Junky	Pesticide/insecticide screen (Ph.Eur. 2.8.13, MKC EN 15662:2020) — Heptachlor epoxide	≤ 0.05 mg/kg	Н.д. (not detected)	4907/2025	Issued 24.10.2025 (testing completed 22.10.2025)	IPH — Institute of Public Health (ЈЗУ Институт за јавно здравје на РСМ)	https://drive.google.com/file/d/1fkUDfS6LlulEpRzNL248cfVHvq-vDAqo/view
27	CJ062501/1	P050222	Cap Junky	Pesticide/insecticide screen (Ph.Eur. 2.8.13, MKC EN 15662:2020) — Endrin aldehyde	≤ 0.05 mg/kg	Н.д. (not detected)	4907/2025	Issued 24.10.2025 (testing completed 22.10.2025)	IPH — Institute of Public Health (ЈЗУ Институт за јавно здравје на РСМ)	https://drive.google.com/file/d/1fkUDfS6LlulEpRzNL248cfVHvq-vDAqo/view
27	CJ062501/1	P050222	Cap Junky	Pesticide/insecticide screen (Ph.Eur. 2.8.13, MKC EN 15662:2020) — alpha Endosulfan	≤ 3 mg/kg	Н.д. (not detected)	4907/2025	Issued 24.10.2025 (testing completed 22.10.2025)	IPH — Institute of Public Health (ЈЗУ Институт за јавно здравје на РСМ)	https://drive.google.com/file/d/1fkUDfS6LlulEpRzNL248cfVHvq-vDAqo/view
27	CJ062501/1	P050222	Cap Junky	Pesticide/insecticide screen (Ph.Eur. 2.8.13, MKC EN 15662:2020) — beta Endosulfan	≤ 3 mg/kg	Н.д. (not detected)	4907/2025	Issued 24.10.2025 (testing completed 22.10.2025)	IPH — Institute of Public Health (ЈЗУ Институт за јавно здравје на РСМ)	https://drive.google.com/file/d/1fkUDfS6LlulEpRzNL248cfVHvq-vDAqo/view
27	CJ062501/1	P050222	Cap Junky	Pesticide/insecticide screen (Ph.Eur. 2.8.13, MKC EN 15662:2020) — Endrin keton	≤ 0.05 mg/kg	Н.д. (not detected)	4907/2025	Issued 24.10.2025 (testing completed 22.10.2025)	IPH — Institute of Public Health (ЈЗУ Институт за јавно здравје на РСМ)	https://drive.google.com/file/d/1fkUDfS6LlulEpRzNL248cfVHvq-vDAqo/view
27	CJ062501/1	P050222	Cap Junky	Pesticide/insecticide screen (Ph.Eur. 2.8.13, MKC EN 15662:2020) — trans-Chlordane	≤ 0.05 mg/kg	Н.д. (not detected)	4907/2025	Issued 24.10.2025 (testing completed 22.10.2025)	IPH — Institute of Public Health (ЈЗУ Институт за јавно здравје на РСМ)	https://drive.google.com/file/d/1fkUDfS6LlulEpRzNL248cfVHvq-vDAqo/view
27	CJ062501/1	P050222	Cap Junky	Pesticide/insecticide screen (Ph.Eur. 2.8.13, MKC EN 15662:2020) — cis-Chlordane	≤ 0.05 mg/kg	Н.д. (not detected)	4907/2025	Issued 24.10.2025 (testing completed 22.10.2025)	IPH — Institute of Public Health (ЈЗУ Институт за јавно здравје на РСМ)	https://drive.google.com/file/d/1fkUDfS6LlulEpRzNL248cfVHvq-vDAqo/view
27	CJ062501/1	P050222	Cap Junky	Pesticide/insecticide screen (Ph.Eur. 2.8.13, MKC EN 15662:2020) — Dieldrin	≤ 0.05 mg/kg	Н.д. (not detected)	4907/2025	Issued 24.10.2025 (testing completed 22.10.2025)	IPH — Institute of Public Health (ЈЗУ Институт за јавно здравје на РСМ)	https://drive.google.com/file/d/1fkUDfS6LlulEpRzNL248cfVHvq-vDAqo/view
27	CJ062501/1	P050222	Cap Junky	Pesticide/insecticide screen (Ph.Eur. 2.8.13, MKC EN 15662:2020) — Heptachlor	≤ 0.05 mg/kg	Н.д. (not detected)	4907/2025	Issued 24.10.2025 (testing completed 22.10.2025)	IPH — Institute of Public Health (ЈЗУ Институт за јавно здравје на РСМ)	https://drive.google.com/file/d/1fkUDfS6LlulEpRzNL248cfVHvq-vDAqo/view
27	CJ062501/1	P050222	Cap Junky	Pesticide/insecticide screen (Ph.Eur. 2.8.13, MKC EN 15662:2020) — Endosulfan sulfate	≤ 3 mg/kg	Н.д. (not detected)	4907/2025	Issued 24.10.2025 (testing completed 22.10.2025)	IPH — Institute of Public Health (ЈЗУ Институт за јавно здравје на РСМ)	https://drive.google.com/file/d/1fkUDfS6LlulEpRzNL248cfVHvq-vDAqo/view
27	CJ062501/1	P050222	Cap Junky	Heavy metals (Ph.Eur. 2.4.27, MKC EN 17851:2023) — Lead (olovo/Pb)	≤ 5 mg/kg	0.037 mg/kg	4907/2025	Issued 24.10.2025 (testing completed 22.10.2025)	IPH — Institute of Public Health (ЈЗУ Институт за јавно здравје на РСМ)	https://drive.google.com/file/d/1fkUDfS6LlulEpRzNL248cfVHvq-vDAqo/view
27	CJ062501/1	P050222	Cap Junky	Heavy metals (Ph.Eur. 2.4.27, MKC EN 17851:2023) — Cadmium (kadmium/Cd)	≤ 1 mg/kg	0.002 mg/kg	4907/2025	Issued 24.10.2025 (testing completed 22.10.2025)	IPH — Institute of Public Health (ЈЗУ Институт за јавно здравје на РСМ)	https://drive.google.com/file/d/1fkUDfS6LlulEpRzNL248cfVHvq-vDAqo/view
27	CJ062501/1	P050222	Cap Junky	Heavy metals (Ph.Eur. 2.4.27, MKC EN 17851:2023) — Arsenic (arsen/As)	≤ 2 mg/kg	0.027 mg/kg	4907/2025	Issued 24.10.2025 (testing completed 22.10.2025)	IPH — Institute of Public Health (ЈЗУ Институт за јавно здравје на РСМ)	https://drive.google.com/file/d/1fkUDfS6LlulEpRzNL248cfVHvq-vDAqo/view
27	CJ062501/1	P050222	Cap Junky	Heavy metals (Ph.Eur. 2.4.27, MKC EN 17851:2023) — Mercury (ziva/Hg)	≤ 0.1 mg/kg	0.017 mg/kg	4907/2025	Issued 24.10.2025 (testing completed 22.10.2025)	IPH — Institute of Public Health (ЈЗУ Институт за јавно здравје на РСМ)	https://drive.google.com/file/d/1fkUDfS6LlulEpRzNL248cfVHvq-vDAqo/view
27	CJ062501/1	P050222	Cap Junky	Microbiology (Ph.Eur. 5.1.8 cat C) — Total aerobic microbial count (TAMC)	≤ 10^5 CFU/g	< 10 CFU/g	1217/2168/25	Received 26.11.2025, issued 01.12.2025	IPH — Institute of Public Health (ЈЗУ Институт за јавно здравје на РСМ)	https://drive.google.com/file/d/1fkUDfS6LlulEpRzNL248cfVHvq-vDAqo/view
27	CJ062501/1	P050222	Cap Junky	Microbiology (Ph.Eur. 5.1.8 cat C) — Total combined yeasts/moulds count (TYMC)	≤ 10^4 CFU/g	20 CFU/g	1217/2168/25	Received 26.11.2025, issued 01.12.2025	IPH — Institute of Public Health (ЈЗУ Институт за јавно здравје на РСМ)	https://drive.google.com/file/d/1fkUDfS6LlulEpRzNL248cfVHvq-vDAqo/view
27	CJ062501/1	P050222	Cap Junky	Microbiology (Ph.Eur. 2.6.12) — Bile-tolerant gram-negative bacteria	≤ 10^4 CFU/g	< 10	1217/2168/25	Received 26.11.2025, issued 01.12.2025	IPH — Institute of Public Health (ЈЗУ Институт за јавно здравје на РСМ)	https://drive.google.com/file/d/1fkUDfS6LlulEpRzNL248cfVHvq-vDAqo/view
27	CJ062501/1	P050222	Cap Junky	Microbiology (Ph.Eur. 2.6.12) — Escherichia coli /g	To be absent	Odgovara (Absent)	1217/2168/25	Received 26.11.2025, issued 01.12.2025	IPH — Institute of Public Health (ЈЗУ Институт за јавно здравје на РСМ)	https://drive.google.com/file/d/1fkUDfS6LlulEpRzNL248cfVHvq-vDAqo/view
27	CJ062501/1	P050222	Cap Junky	Microbiology (Ph.Eur. 2.6.31) — Salmonella /25g	To be absent	Odgovara (Absent)	1217/2168/25	Received 26.11.2025, issued 01.12.2025	IPH — Institute of Public Health (ЈЗУ Институт за јавно здравје на РСМ)	https://drive.google.com/file/d/1fkUDfS6LlulEpRzNL248cfVHvq-vDAqo/view
28	CJ072501	P050252	Cap Junky	Loss on drying	≤ 10.00%	8.22%	ППК25367	Issued 28.11.2025	UKIM Faculty of Pharmacy — Center for Natural Products	https://drive.google.com/file/d/1QnEUz7BY3nAjzhZ_NY6GDo8jGJZaeLlM/view
28	CJ072501	P050252	Cap Junky	Cannabinoid profile — CBDA	n/a (informational)	0.10%	ППК25367	Issued 28.11.2025	UKIM Faculty of Pharmacy — Center for Natural Products	https://drive.google.com/file/d/1QnEUz7BY3nAjzhZ_NY6GDo8jGJZaeLlM/view
28	CJ072501	P050252	Cap Junky	Cannabinoid profile — CBD	n/a (informational)	ND	ППК25367	Issued 28.11.2025	UKIM Faculty of Pharmacy — Center for Natural Products	https://drive.google.com/file/d/1QnEUz7BY3nAjzhZ_NY6GDo8jGJZaeLlM/view
28	CJ072501	P050252	Cap Junky	Cannabinoid profile — CBN	≤ 1.00%	BLQ	ППК25367	Issued 28.11.2025	UKIM Faculty of Pharmacy — Center for Natural Products	https://drive.google.com/file/d/1QnEUz7BY3nAjzhZ_NY6GDo8jGJZaeLlM/view
28	CJ072501	P050252	Cap Junky	Cannabinoid profile — Δ9-THC	n/a (informational)	0.72% [DATA INTEGRITY FLAG — see source; PP-QC-ERR-002 cross-reference notes possible column-shift in Bundle cross-reference]	ППК25367	Issued 28.11.2025	UKIM Faculty of Pharmacy — Center for Natural Products	https://drive.google.com/file/d/1QnEUz7BY3nAjzhZ_NY6GDo8jGJZaeLlM/view
28	CJ072501	P050252	Cap Junky	Cannabinoid profile — Δ9-THCA	n/a (informational)	26.20% [DATA INTEGRITY FLAG — see source; PP-QC-ERR-002 cross-reference notes possible column-shift in Bundle cross-reference]	ППК25367	Issued 28.11.2025	UKIM Faculty of Pharmacy — Center for Natural Products	https://drive.google.com/file/d/1QnEUz7BY3nAjzhZ_NY6GDo8jGJZaeLlM/view
28	CJ072501	P050252	Cap Junky	Assay — Total Cannabidiol	n/a (informational)	0.09%	ППК25367	Issued 28.11.2025	UKIM Faculty of Pharmacy — Center for Natural Products	https://drive.google.com/file/d/1QnEUz7BY3nAjzhZ_NY6GDo8jGJZaeLlM/view
28	CJ072501	P050252	Cap Junky	Assay — Total Δ9-tetrahydrocannabinol	n/a (informational)	23.70%	ППК25367	Issued 28.11.2025	UKIM Faculty of Pharmacy — Center for Natural Products	https://drive.google.com/file/d/1QnEUz7BY3nAjzhZ_NY6GDo8jGJZaeLlM/view
28	CJ072501	P050252	Cap Junky	Mycotoxins (Ph.Eur. 2.8.18, AflaTest fluorometric) — Total aflatoxins (sum B1+B2+G1+G2)	≤ 4 µg/kg	< 2 µg/kg	5697/2025	Issued 02.12.2025 (testing completed 25.11.2025)	IPH — Institute of Public Health (ЈЗУ Институт за јавно здравје на РСМ)	https://drive.google.com/file/d/1QnEUz7BY3nAjzhZ_NY6GDo8jGJZaeLlM/view
28	CJ072501	P050252	Cap Junky	Pesticide/insecticide screen (Ph.Eur. 2.8.13, MKC EN 15662:2020) — Lindan (Gama HCH)	≤ 0.6 mg/kg	Н.д. (not detected)	5697/2025	Issued 02.12.2025	IPH — Institute of Public Health (ЈЗУ Институт за јавно здравје на РСМ)	https://drive.google.com/file/d/1QnEUz7BY3nAjzhZ_NY6GDo8jGJZaeLlM/view
28	CJ072501	P050252	Cap Junky	Pesticide/insecticide screen (Ph.Eur. 2.8.13, MKC EN 15662:2020) — Aldrin	≤ 0.05 mg/kg	Н.д. (not detected)	5697/2025	Issued 02.12.2025	IPH — Institute of Public Health (ЈЗУ Институт за јавно здравје на РСМ)	https://drive.google.com/file/d/1QnEUz7BY3nAjzhZ_NY6GDo8jGJZaeLlM/view
28	CJ072501	P050252	Cap Junky	Pesticide/insecticide screen (Ph.Eur. 2.8.13, MKC EN 15662:2020) — Dieldrin i Aldrin (expressed as Dieldrin)	≤ 0.05 mg/kg	Н.д. (not detected)	5697/2025	Issued 02.12.2025	IPH — Institute of Public Health (ЈЗУ Институт за јавно здравје на РСМ)	https://drive.google.com/file/d/1QnEUz7BY3nAjzhZ_NY6GDo8jGJZaeLlM/view
28	CJ072501	P050252	Cap Junky	Pesticide/insecticide screen (Ph.Eur. 2.8.13, MKC EN 15662:2020) — HCB (Hexachlorobenzene)	≤ 0.1 mg/kg	Н.д. (not detected)	5697/2025	Issued 02.12.2025	IPH — Institute of Public Health (ЈЗУ Институт за јавно здравје на РСМ)	https://drive.google.com/file/d/1QnEUz7BY3nAjzhZ_NY6GDo8jGJZaeLlM/view
28	CJ072501	P050252	Cap Junky	Pesticide/insecticide screen (Ph.Eur. 2.8.13, MKC EN 15662:2020) — 4,4' DDE	≤ 1 mg/kg	Н.д. (not detected)	5697/2025	Issued 02.12.2025	IPH — Institute of Public Health (ЈЗУ Институт за јавно здравје на РСМ)	https://drive.google.com/file/d/1QnEUz7BY3nAjzhZ_NY6GDo8jGJZaeLlM/view
28	CJ072501	P050252	Cap Junky	Pesticide/insecticide screen (Ph.Eur. 2.8.13, MKC EN 15662:2020) — 4,4' DDD	≤ 1 mg/kg	Н.д. (not detected)	5697/2025	Issued 02.12.2025	IPH — Institute of Public Health (ЈЗУ Институт за јавно здравје на РСМ)	https://drive.google.com/file/d/1QnEUz7BY3nAjzhZ_NY6GDo8jGJZaeLlM/view
28	CJ072501	P050252	Cap Junky	Pesticide/insecticide screen (Ph.Eur. 2.8.13, MKC EN 15662:2020) — 4,4' DDT	≤ 1 mg/kg	Н.д. (not detected)	5697/2025	Issued 02.12.2025	IPH — Institute of Public Health (ЈЗУ Институт за јавно здравје на РСМ)	https://drive.google.com/file/d/1QnEUz7BY3nAjzhZ_NY6GDo8jGJZaeLlM/view
28	CJ072501	P050252	Cap Junky	Pesticide/insecticide screen (Ph.Eur. 2.8.13, MKC EN 15662:2020) — Vkupno DDT (Total DDT)	≤ 1 mg/kg	Н.д. (not detected)	5697/2025	Issued 02.12.2025	IPH — Institute of Public Health (ЈЗУ Институт за јавно здравје на РСМ)	https://drive.google.com/file/d/1QnEUz7BY3nAjzhZ_NY6GDo8jGJZaeLlM/view
28	CJ072501	P050252	Cap Junky	Pesticide/insecticide screen (Ph.Eur. 2.8.13, MKC EN 15662:2020) — delta HCH	≤ 0.3 mg/kg	Н.д. (not detected)	5697/2025	Issued 02.12.2025	IPH — Institute of Public Health (ЈЗУ Институт за јавно здравје на РСМ)	https://drive.google.com/file/d/1QnEUz7BY3nAjzhZ_NY6GDo8jGJZaeLlM/view
28	CJ072501	P050252	Cap Junky	Pesticide/insecticide screen (Ph.Eur. 2.8.13, MKC EN 15662:2020) — alpha HCH	≤ 0.3 mg/kg	Н.д. (not detected)	5697/2025	Issued 02.12.2025	IPH — Institute of Public Health (ЈЗУ Институт за јавно здравје на РСМ)	https://drive.google.com/file/d/1QnEUz7BY3nAjzhZ_NY6GDo8jGJZaeLlM/view
28	CJ072501	P050252	Cap Junky	Pesticide/insecticide screen (Ph.Eur. 2.8.13, MKC EN 15662:2020) — beta HCH	≤ 0.3 mg/kg	Н.д. (not detected)	5697/2025	Issued 02.12.2025	IPH — Institute of Public Health (ЈЗУ Институт за јавно здравје на РСМ)	https://drive.google.com/file/d/1QnEUz7BY3nAjzhZ_NY6GDo8jGJZaeLlM/view
28	CJ072501	P050252	Cap Junky	Pesticide/insecticide screen (Ph.Eur. 2.8.13, MKC EN 15662:2020) — Endrin	≤ 0.05 mg/kg	Н.д. (not detected)	5697/2025	Issued 02.12.2025	IPH — Institute of Public Health (ЈЗУ Институт за јавно здравје на РСМ)	https://drive.google.com/file/d/1QnEUz7BY3nAjzhZ_NY6GDo8jGJZaeLlM/view
28	CJ072501	P050252	Cap Junky	Pesticide/insecticide screen (Ph.Eur. 2.8.13, MKC EN 15662:2020) — Chlorpyriphos-methyl	≤ 0.1 mg/kg	Н.д. (not detected)	5697/2025	Issued 02.12.2025	IPH — Institute of Public Health (ЈЗУ Институт за јавно здравје на РСМ)	https://drive.google.com/file/d/1QnEUz7BY3nAjzhZ_NY6GDo8jGJZaeLlM/view
28	CJ072501	P050252	Cap Junky	Pesticide/insecticide screen (Ph.Eur. 2.8.13, MKC EN 15662:2020) — Chlorpyrifos (Chlorpyriphos-ethyl)	≤ 0.2 mg/kg	Н.д. (not detected)	5697/2025	Issued 02.12.2025	IPH — Institute of Public Health (ЈЗУ Институт за јавно здравје на РСМ)	https://drive.google.com/file/d/1QnEUz7BY3nAjzhZ_NY6GDo8jGJZaeLlM/view
28	CJ072501	P050252	Cap Junky	Pesticide/insecticide screen (Ph.Eur. 2.8.13, MKC EN 15662:2020) — Heptachlor (sum of Heptachlor + Heptachlor epoxide)	≤ 0.05 mg/kg	Н.д. (not detected)	5697/2025	Issued 02.12.2025	IPH — Institute of Public Health (ЈЗУ Институт за јавно здравје на РСМ)	https://drive.google.com/file/d/1QnEUz7BY3nAjzhZ_NY6GDo8jGJZaeLlM/view
28	CJ072501	P050252	Cap Junky	Pesticide/insecticide screen (Ph.Eur. 2.8.13, MKC EN 15662:2020) — Endosulfan (alpha, beta and endosulfan sulfate)	≤ 3 mg/kg	Н.д. (not detected)	5697/2025	Issued 02.12.2025	IPH — Institute of Public Health (ЈЗУ Институт за јавно здравје на РСМ)	https://drive.google.com/file/d/1QnEUz7BY3nAjzhZ_NY6GDo8jGJZaeLlM/view
28	CJ072501	P050252	Cap Junky	Pesticide/insecticide screen (Ph.Eur. 2.8.13, MKC EN 15662:2020) — Deltamethrin	≤ 0.5 mg/kg	Н.д. (not detected)	5697/2025	Issued 02.12.2025	IPH — Institute of Public Health (ЈЗУ Институт за јавно здравје на РСМ)	https://drive.google.com/file/d/1QnEUz7BY3nAjzhZ_NY6GDo8jGJZaeLlM/view
28	CJ072501	P050252	Cap Junky	Pesticide/insecticide screen (Ph.Eur. 2.8.13, MKC EN 15662:2020) — Chlordane (sum of cis- and trans-chlordane)	≤ 0.05 mg/kg	Н.д. (not detected)	5697/2025	Issued 02.12.2025	IPH — Institute of Public Health (ЈЗУ Институт за јавно здравје на РСМ)	https://drive.google.com/file/d/1QnEUz7BY3nAjzhZ_NY6GDo8jGJZaeLlM/view
28	CJ072501	P050252	Cap Junky	Pesticide/insecticide screen (Ph.Eur. 2.8.13, MKC EN 15662:2020) — Metoxychlor	≤ 0.05 mg/kg	Н.д. (not detected)	5697/2025	Issued 02.12.2025	IPH — Institute of Public Health (ЈЗУ Институт за јавно здравје на РСМ)	https://drive.google.com/file/d/1QnEUz7BY3nAjzhZ_NY6GDo8jGJZaeLlM/view
28	CJ072501	P050252	Cap Junky	Pesticide/insecticide screen (Ph.Eur. 2.8.13, MKC EN 15662:2020) — Heptachlor epoxide	≤ 0.05 mg/kg	Н.д. (not detected)	5697/2025	Issued 02.12.2025	IPH — Institute of Public Health (ЈЗУ Институт за јавно здравје на РСМ)	https://drive.google.com/file/d/1QnEUz7BY3nAjzhZ_NY6GDo8jGJZaeLlM/view
28	CJ072501	P050252	Cap Junky	Pesticide/insecticide screen (Ph.Eur. 2.8.13, MKC EN 15662:2020) — Endrin aldehyde	≤ 0.05 mg/kg	Н.д. (not detected)	5697/2025	Issued 02.12.2025	IPH — Institute of Public Health (ЈЗУ Институт за јавно здравје на РСМ)	https://drive.google.com/file/d/1QnEUz7BY3nAjzhZ_NY6GDo8jGJZaeLlM/view
28	CJ072501	P050252	Cap Junky	Pesticide/insecticide screen (Ph.Eur. 2.8.13, MKC EN 15662:2020) — alpha Endosulfan	≤ 3 mg/kg	Н.д. (not detected)	5697/2025	Issued 02.12.2025	IPH — Institute of Public Health (ЈЗУ Институт за јавно здравје на РСМ)	https://drive.google.com/file/d/1QnEUz7BY3nAjzhZ_NY6GDo8jGJZaeLlM/view
28	CJ072501	P050252	Cap Junky	Pesticide/insecticide screen (Ph.Eur. 2.8.13, MKC EN 15662:2020) — beta Endosulfan	≤ 3 mg/kg	Н.д. (not detected)	5697/2025	Issued 02.12.2025	IPH — Institute of Public Health (ЈЗУ Институт за јавно здравје на РСМ)	https://drive.google.com/file/d/1QnEUz7BY3nAjzhZ_NY6GDo8jGJZaeLlM/view
28	CJ072501	P050252	Cap Junky	Pesticide/insecticide screen (Ph.Eur. 2.8.13, MKC EN 15662:2020) — Endrin keton	≤ 0.05 mg/kg	Н.д. (not detected)	5697/2025	Issued 02.12.2025	IPH — Institute of Public Health (ЈЗУ Институт за јавно здравје на РСМ)	https://drive.google.com/file/d/1QnEUz7BY3nAjzhZ_NY6GDo8jGJZaeLlM/view
28	CJ072501	P050252	Cap Junky	Pesticide/insecticide screen (Ph.Eur. 2.8.13, MKC EN 15662:2020) — trans-Chlordane	≤ 0.05 mg/kg	Н.д. (not detected)	5697/2025	Issued 02.12.2025	IPH — Institute of Public Health (ЈЗУ Институт за јавно здравје на РСМ)	https://drive.google.com/file/d/1QnEUz7BY3nAjzhZ_NY6GDo8jGJZaeLlM/view
28	CJ072501	P050252	Cap Junky	Pesticide/insecticide screen (Ph.Eur. 2.8.13, MKC EN 15662:2020) — cis-Chlordane	≤ 0.05 mg/kg	Н.д. (not detected)	5697/2025	Issued 02.12.2025	IPH — Institute of Public Health (ЈЗУ Институт за јавно здравје на РСМ)	https://drive.google.com/file/d/1QnEUz7BY3nAjzhZ_NY6GDo8jGJZaeLlM/view
28	CJ072501	P050252	Cap Junky	Pesticide/insecticide screen (Ph.Eur. 2.8.13, MKC EN 15662:2020) — Dieldrin	≤ 0.05 mg/kg	Н.д. (not detected)	5697/2025	Issued 02.12.2025	IPH — Institute of Public Health (ЈЗУ Институт за јавно здравје на РСМ)	https://drive.google.com/file/d/1QnEUz7BY3nAjzhZ_NY6GDo8jGJZaeLlM/view
28	CJ072501	P050252	Cap Junky	Pesticide/insecticide screen (Ph.Eur. 2.8.13, MKC EN 15662:2020) — Heptachlor	≤ 0.05 mg/kg	Н.д. (not detected)	5697/2025	Issued 02.12.2025	IPH — Institute of Public Health (ЈЗУ Институт за јавно здравје на РСМ)	https://drive.google.com/file/d/1QnEUz7BY3nAjzhZ_NY6GDo8jGJZaeLlM/view
28	CJ072501	P050252	Cap Junky	Pesticide/insecticide screen (Ph.Eur. 2.8.13, MKC EN 15662:2020) — Endosulfan sulfate	≤ 3 mg/kg	Н.д. (not detected)	5697/2025	Issued 02.12.2025	IPH — Institute of Public Health (ЈЗУ Институт за јавно здравје на РСМ)	https://drive.google.com/file/d/1QnEUz7BY3nAjzhZ_NY6GDo8jGJZaeLlM/view
28	CJ072501	P050252	Cap Junky	Heavy metals (Ph.Eur. 2.4.27, MKC EN 17851:2023) — Lead (olovo/Pb)	≤ 0.5 mg/kg	0.013 mg/kg	5697/2025	Issued 02.12.2025	IPH — Institute of Public Health (ЈЗУ Институт за јавно здравје на РСМ)	https://drive.google.com/file/d/1QnEUz7BY3nAjzhZ_NY6GDo8jGJZaeLlM/view
28	CJ072501	P050252	Cap Junky	Heavy metals (Ph.Eur. 2.4.27, MKC EN 17851:2023) — Cadmium (kadmium/Cd)	≤ 0.3 mg/kg	0.004 mg/kg	5697/2025	Issued 02.12.2025	IPH — Institute of Public Health (ЈЗУ Институт за јавно здравје на РСМ)	https://drive.google.com/file/d/1QnEUz7BY3nAjzhZ_NY6GDo8jGJZaeLlM/view
28	CJ072501	P050252	Cap Junky	Heavy metals (Ph.Eur. 2.4.27, MKC EN 17851:2023) — Arsenic (arsen/As)	≤ 0.2 mg/kg	0.011 mg/kg	5697/2025	Issued 02.12.2025	IPH — Institute of Public Health (ЈЗУ Институт за јавно здравје на РСМ)	https://drive.google.com/file/d/1QnEUz7BY3nAjzhZ_NY6GDo8jGJZaeLlM/view
28	CJ072501	P050252	Cap Junky	Heavy metals (Ph.Eur. 2.4.27, MKC EN 17851:2023) — Mercury (ziva/Hg)	≤ 0.01 mg/kg	0.002 mg/kg	5697/2025	Issued 02.12.2025	IPH — Institute of Public Health (ЈЗУ Институт за јавно здравје на РСМ)	https://drive.google.com/file/d/1QnEUz7BY3nAjzhZ_NY6GDo8jGJZaeLlM/view
28	CJ072501	P050252	Cap Junky	Microbiology (Ph.Eur. 5.1.8 cat C) — Total aerobic microbial count (TAMC)	≤ 10^5 CFU/g	4.5×10^3 CFU/g	1218/2169/25	Received 26.11.2025, issued 01.12.2025	IPH — Institute of Public Health (ЈЗУ Институт за јавно здравје на РСМ)	https://drive.google.com/file/d/1QnEUz7BY3nAjzhZ_NY6GDo8jGJZaeLlM/view
28	CJ072501	P050252	Cap Junky	Microbiology (Ph.Eur. 5.1.8 cat C) — Total combined yeasts/moulds count (TYMC)	≤ 10^4 CFU/g	3.5×10^3 CFU/g	1218/2169/25	Received 26.11.2025, issued 01.12.2025	IPH — Institute of Public Health (ЈЗУ Институт за јавно здравје на РСМ)	https://drive.google.com/file/d/1QnEUz7BY3nAjzhZ_NY6GDo8jGJZaeLlM/view
28	CJ072501	P050252	Cap Junky	Microbiology (Ph.Eur. 2.6.12) — Bile-tolerant gram-negative bacteria	≤ 10^4 CFU/g	< 10	1218/2169/25	Received 26.11.2025, issued 01.12.2025	IPH — Institute of Public Health (ЈЗУ Институт за јавно здравје на РСМ)	https://drive.google.com/file/d/1QnEUz7BY3nAjzhZ_NY6GDo8jGJZaeLlM/view
28	CJ072501	P050252	Cap Junky	Microbiology (Ph.Eur. 2.6.12) — Escherichia coli /g	To be absent	Odgovara (Absent)	1218/2169/25	Received 26.11.2025, issued 01.12.2025	IPH — Institute of Public Health (ЈЗУ Институт за јавно здравје на РСМ)	https://drive.google.com/file/d/1QnEUz7BY3nAjzhZ_NY6GDo8jGJZaeLlM/view
28	CJ072501	P050252	Cap Junky	Microbiology (Ph.Eur. 2.6.31) — Salmonella /25g	To be absent	Odgovara (Absent)	1218/2169/25	Received 26.11.2025, issued 01.12.2025	IPH — Institute of Public Health (ЈЗУ Институт за јавно здравје на РСМ)	https://drive.google.com/file/d/1QnEUz7BY3nAjzhZ_NY6GDo8jGJZaeLlM/view
29	WC072501	P050262	Wedding Crasher	Loss on drying	≤ 10.00%	8.94%	ППК25369	Completed 28.11.2025	UKIM Faculty of Pharmacy — Center for Natural Products	https://drive.google.com/file/d/10YIBUwi6c0IVJQ-OMlkPj1dLmeAeavva/view
29	WC072501	P050262	Wedding Crasher	Cannabinoid profile — CBDA	n/a (informational)	0.06%	ППК25369	Completed 28.11.2025	UKIM Faculty of Pharmacy — Center for Natural Products	https://drive.google.com/file/d/10YIBUwi6c0IVJQ-OMlkPj1dLmeAeavva/view
29	WC072501	P050262	Wedding Crasher	Cannabinoid profile — CBD	n/a (informational)	ND	ППК25369	Completed 28.11.2025	UKIM Faculty of Pharmacy — Center for Natural Products	https://drive.google.com/file/d/10YIBUwi6c0IVJQ-OMlkPj1dLmeAeavva/view
29	WC072501	P050262	Wedding Crasher	Cannabinoid profile — CBN	≤ 1.00%	0.01%	ППК25369	Completed 28.11.2025	UKIM Faculty of Pharmacy — Center for Natural Products	https://drive.google.com/file/d/10YIBUwi6c0IVJQ-OMlkPj1dLmeAeavva/view
29	WC072501	P050262	Wedding Crasher	Cannabinoid profile — Δ9-THC	n/a (informational)	1.13%	ППК25369	Completed 28.11.2025	UKIM Faculty of Pharmacy — Center for Natural Products	https://drive.google.com/file/d/10YIBUwi6c0IVJQ-OMlkPj1dLmeAeavva/view
29	WC072501	P050262	Wedding Crasher	Cannabinoid profile — Δ9-THCA	n/a (informational)	23.92%	ППК25369	Completed 28.11.2025	UKIM Faculty of Pharmacy — Center for Natural Products	https://drive.google.com/file/d/10YIBUwi6c0IVJQ-OMlkPj1dLmeAeavva/view
29	WC072501	P050262	Wedding Crasher	Assay — Total Cannabidiol	n/a (informational)	0.06%	ППК25369	Completed 28.11.2025	UKIM Faculty of Pharmacy — Center for Natural Products	https://drive.google.com/file/d/10YIBUwi6c0IVJQ-OMlkPj1dLmeAeavva/view
29	WC072501	P050262	Wedding Crasher	Assay — Total Δ9-tetrahydrocannabinol	n/a (informational)	22.11%	ППК25369	Completed 28.11.2025	UKIM Faculty of Pharmacy — Center for Natural Products	https://drive.google.com/file/d/10YIBUwi6c0IVJQ-OMlkPj1dLmeAeavva/view
29	WC072501	P050262	Wedding Crasher	Mycotoxins (Ph.Eur. 2.8.18, AflaTest fluorometric) — Total aflatoxins (sum B1+B2+G1+G2)	≤ 4 µg/kg	< 2 µg/kg	5699/2025	Issued 02.12.2025	IPH — Institute of Public Health (ЈЗУ Институт за јавно здравје на РСМ)	https://drive.google.com/file/d/10YIBUwi6c0IVJQ-OMlkPj1dLmeAeavva/view
29	WC072501	P050262	Wedding Crasher	Pesticide/insecticide screen (Ph.Eur. 2.8.13, MKC EN 15662:2020) — Lindan (Gama HCH)	≤ 0.6 mg/kg	Н.д. (not detected)	5699/2025	Issued 02.12.2025	IPH — Institute of Public Health (ЈЗУ Институт за јавно здравје на РСМ)	https://drive.google.com/file/d/10YIBUwi6c0IVJQ-OMlkPj1dLmeAeavva/view
29	WC072501	P050262	Wedding Crasher	Pesticide/insecticide screen (Ph.Eur. 2.8.13, MKC EN 15662:2020) — Aldrin	≤ 0.05 mg/kg	Н.д. (not detected)	5699/2025	Issued 02.12.2025	IPH — Institute of Public Health (ЈЗУ Институт за јавно здравје на РСМ)	https://drive.google.com/file/d/10YIBUwi6c0IVJQ-OMlkPj1dLmeAeavva/view
29	WC072501	P050262	Wedding Crasher	Pesticide/insecticide screen (Ph.Eur. 2.8.13, MKC EN 15662:2020) — Dieldrin i Aldrin (expressed as Dieldrin)	≤ 0.05 mg/kg	Н.д. (not detected)	5699/2025	Issued 02.12.2025	IPH — Institute of Public Health (ЈЗУ Институт за јавно здравје на РСМ)	https://drive.google.com/file/d/10YIBUwi6c0IVJQ-OMlkPj1dLmeAeavva/view
29	WC072501	P050262	Wedding Crasher	Pesticide/insecticide screen (Ph.Eur. 2.8.13, MKC EN 15662:2020) — HCB (Hexachlorobenzene)	≤ 0.1 mg/kg	Н.д. (not detected)	5699/2025	Issued 02.12.2025	IPH — Institute of Public Health (ЈЗУ Институт за јавно здравје на РСМ)	https://drive.google.com/file/d/10YIBUwi6c0IVJQ-OMlkPj1dLmeAeavva/view
29	WC072501	P050262	Wedding Crasher	Pesticide/insecticide screen (Ph.Eur. 2.8.13, MKC EN 15662:2020) — 4,4' DDE	≤ 1 mg/kg	Н.д. (not detected)	5699/2025	Issued 02.12.2025	IPH — Institute of Public Health (ЈЗУ Институт за јавно здравје на РСМ)	https://drive.google.com/file/d/10YIBUwi6c0IVJQ-OMlkPj1dLmeAeavva/view
29	WC072501	P050262	Wedding Crasher	Pesticide/insecticide screen (Ph.Eur. 2.8.13, MKC EN 15662:2020) — 4,4' DDD	≤ 1 mg/kg	Н.д. (not detected)	5699/2025	Issued 02.12.2025	IPH — Institute of Public Health (ЈЗУ Институт за јавно здравје на РСМ)	https://drive.google.com/file/d/10YIBUwi6c0IVJQ-OMlkPj1dLmeAeavva/view
29	WC072501	P050262	Wedding Crasher	Pesticide/insecticide screen (Ph.Eur. 2.8.13, MKC EN 15662:2020) — 4,4' DDT	≤ 1 mg/kg	Н.д. (not detected)	5699/2025	Issued 02.12.2025	IPH — Institute of Public Health (ЈЗУ Институт за јавно здравје на РСМ)	https://drive.google.com/file/d/10YIBUwi6c0IVJQ-OMlkPj1dLmeAeavva/view
29	WC072501	P050262	Wedding Crasher	Pesticide/insecticide screen (Ph.Eur. 2.8.13, MKC EN 15662:2020) — Vkupno DDT (Total DDT)	≤ 1 mg/kg	Н.д. (not detected)	5699/2025	Issued 02.12.2025	IPH — Institute of Public Health (ЈЗУ Институт за јавно здравје на РСМ)	https://drive.google.com/file/d/10YIBUwi6c0IVJQ-OMlkPj1dLmeAeavva/view
29	WC072501	P050262	Wedding Crasher	Pesticide/insecticide screen (Ph.Eur. 2.8.13, MKC EN 15662:2020) — delta HCH	≤ 0.3 mg/kg	Н.д. (not detected)	5699/2025	Issued 02.12.2025	IPH — Institute of Public Health (ЈЗУ Институт за јавно здравје на РСМ)	https://drive.google.com/file/d/10YIBUwi6c0IVJQ-OMlkPj1dLmeAeavva/view
29	WC072501	P050262	Wedding Crasher	Pesticide/insecticide screen (Ph.Eur. 2.8.13, MKC EN 15662:2020) — alpha HCH	≤ 0.3 mg/kg	Н.д. (not detected)	5699/2025	Issued 02.12.2025	IPH — Institute of Public Health (ЈЗУ Институт за јавно здравје на РСМ)	https://drive.google.com/file/d/10YIBUwi6c0IVJQ-OMlkPj1dLmeAeavva/view
29	WC072501	P050262	Wedding Crasher	Pesticide/insecticide screen (Ph.Eur. 2.8.13, MKC EN 15662:2020) — beta HCH	≤ 0.3 mg/kg	Н.д. (not detected)	5699/2025	Issued 02.12.2025	IPH — Institute of Public Health (ЈЗУ Институт за јавно здравје на РСМ)	https://drive.google.com/file/d/10YIBUwi6c0IVJQ-OMlkPj1dLmeAeavva/view
29	WC072501	P050262	Wedding Crasher	Pesticide/insecticide screen (Ph.Eur. 2.8.13, MKC EN 15662:2020) — Endrin	≤ 0.05 mg/kg	Н.д. (not detected)	5699/2025	Issued 02.12.2025	IPH — Institute of Public Health (ЈЗУ Институт за јавно здравје на РСМ)	https://drive.google.com/file/d/10YIBUwi6c0IVJQ-OMlkPj1dLmeAeavva/view
29	WC072501	P050262	Wedding Crasher	Pesticide/insecticide screen (Ph.Eur. 2.8.13, MKC EN 15662:2020) — Chlorpyriphos-methyl	≤ 0.1 mg/kg	Н.д. (not detected)	5699/2025	Issued 02.12.2025	IPH — Institute of Public Health (ЈЗУ Институт за јавно здравје на РСМ)	https://drive.google.com/file/d/10YIBUwi6c0IVJQ-OMlkPj1dLmeAeavva/view
29	WC072501	P050262	Wedding Crasher	Pesticide/insecticide screen (Ph.Eur. 2.8.13, MKC EN 15662:2020) — Chlorpyrifos (Chlorpyriphos-ethyl)	≤ 0.2 mg/kg	Н.д. (not detected)	5699/2025	Issued 02.12.2025	IPH — Institute of Public Health (ЈЗУ Институт за јавно здравје на РСМ)	https://drive.google.com/file/d/10YIBUwi6c0IVJQ-OMlkPj1dLmeAeavva/view
29	WC072501	P050262	Wedding Crasher	Pesticide/insecticide screen (Ph.Eur. 2.8.13, MKC EN 15662:2020) — Heptachlor (sum of Heptachlor + Heptachlor epoxide)	≤ 0.05 mg/kg	Н.д. (not detected)	5699/2025	Issued 02.12.2025	IPH — Institute of Public Health (ЈЗУ Институт за јавно здравје на РСМ)	https://drive.google.com/file/d/10YIBUwi6c0IVJQ-OMlkPj1dLmeAeavva/view
29	WC072501	P050262	Wedding Crasher	Pesticide/insecticide screen (Ph.Eur. 2.8.13, MKC EN 15662:2020) — Endosulfan (alpha, beta and endosulfan sulfate)	≤ 3 mg/kg	Н.д. (not detected)	5699/2025	Issued 02.12.2025	IPH — Institute of Public Health (ЈЗУ Институт за јавно здравје на РСМ)	https://drive.google.com/file/d/10YIBUwi6c0IVJQ-OMlkPj1dLmeAeavva/view
29	WC072501	P050262	Wedding Crasher	Pesticide/insecticide screen (Ph.Eur. 2.8.13, MKC EN 15662:2020) — Deltamethrin	≤ 0.5 mg/kg	Н.д. (not detected)	5699/2025	Issued 02.12.2025	IPH — Institute of Public Health (ЈЗУ Институт за јавно здравје на РСМ)	https://drive.google.com/file/d/10YIBUwi6c0IVJQ-OMlkPj1dLmeAeavva/view
29	WC072501	P050262	Wedding Crasher	Pesticide/insecticide screen (Ph.Eur. 2.8.13, MKC EN 15662:2020) — Chlordane (sum of cis- and trans-chlordane)	≤ 0.05 mg/kg	Н.д. (not detected)	5699/2025	Issued 02.12.2025	IPH — Institute of Public Health (ЈЗУ Институт за јавно здравје на РСМ)	https://drive.google.com/file/d/10YIBUwi6c0IVJQ-OMlkPj1dLmeAeavva/view
29	WC072501	P050262	Wedding Crasher	Pesticide/insecticide screen (Ph.Eur. 2.8.13, MKC EN 15662:2020) — Metoxychlor	≤ 0.05 mg/kg	Н.д. (not detected)	5699/2025	Issued 02.12.2025	IPH — Institute of Public Health (ЈЗУ Институт за јавно здравје на РСМ)	https://drive.google.com/file/d/10YIBUwi6c0IVJQ-OMlkPj1dLmeAeavva/view
29	WC072501	P050262	Wedding Crasher	Pesticide/insecticide screen (Ph.Eur. 2.8.13, MKC EN 15662:2020) — Heptachlor epoxide	≤ 0.05 mg/kg	Н.д. (not detected)	5699/2025	Issued 02.12.2025	IPH — Institute of Public Health (ЈЗУ Институт за јавно здравје на РСМ)	https://drive.google.com/file/d/10YIBUwi6c0IVJQ-OMlkPj1dLmeAeavva/view
29	WC072501	P050262	Wedding Crasher	Pesticide/insecticide screen (Ph.Eur. 2.8.13, MKC EN 15662:2020) — Endrin aldehyde	≤ 0.05 mg/kg	Н.д. (not detected)	5699/2025	Issued 02.12.2025	IPH — Institute of Public Health (ЈЗУ Институт за јавно здравје на РСМ)	https://drive.google.com/file/d/10YIBUwi6c0IVJQ-OMlkPj1dLmeAeavva/view
29	WC072501	P050262	Wedding Crasher	Pesticide/insecticide screen (Ph.Eur. 2.8.13, MKC EN 15662:2020) — alpha Endosulfan	≤ 3 mg/kg	Н.д. (not detected)	5699/2025	Issued 02.12.2025	IPH — Institute of Public Health (ЈЗУ Институт за јавно здравје на РСМ)	https://drive.google.com/file/d/10YIBUwi6c0IVJQ-OMlkPj1dLmeAeavva/view
29	WC072501	P050262	Wedding Crasher	Pesticide/insecticide screen (Ph.Eur. 2.8.13, MKC EN 15662:2020) — beta Endosulfan	≤ 3 mg/kg	Н.д. (not detected)	5699/2025	Issued 02.12.2025	IPH — Institute of Public Health (ЈЗУ Институт за јавно здравје на РСМ)	https://drive.google.com/file/d/10YIBUwi6c0IVJQ-OMlkPj1dLmeAeavva/view
29	WC072501	P050262	Wedding Crasher	Pesticide/insecticide screen (Ph.Eur. 2.8.13, MKC EN 15662:2020) — Endrin keton	≤ 0.05 mg/kg	Н.д. (not detected)	5699/2025	Issued 02.12.2025	IPH — Institute of Public Health (ЈЗУ Институт за јавно здравје на РСМ)	https://drive.google.com/file/d/10YIBUwi6c0IVJQ-OMlkPj1dLmeAeavva/view
29	WC072501	P050262	Wedding Crasher	Pesticide/insecticide screen (Ph.Eur. 2.8.13, MKC EN 15662:2020) — trans-Chlordane	≤ 0.05 mg/kg	Н.д. (not detected)	5699/2025	Issued 02.12.2025	IPH — Institute of Public Health (ЈЗУ Институт за јавно здравје на РСМ)	https://drive.google.com/file/d/10YIBUwi6c0IVJQ-OMlkPj1dLmeAeavva/view
29	WC072501	P050262	Wedding Crasher	Pesticide/insecticide screen (Ph.Eur. 2.8.13, MKC EN 15662:2020) — cis-Chlordane	≤ 0.05 mg/kg	Н.д. (not detected)	5699/2025	Issued 02.12.2025	IPH — Institute of Public Health (ЈЗУ Институт за јавно здравје на РСМ)	https://drive.google.com/file/d/10YIBUwi6c0IVJQ-OMlkPj1dLmeAeavva/view
29	WC072501	P050262	Wedding Crasher	Pesticide/insecticide screen (Ph.Eur. 2.8.13, MKC EN 15662:2020) — Dieldrin	≤ 0.05 mg/kg	Н.д. (not detected)	5699/2025	Issued 02.12.2025	IPH — Institute of Public Health (ЈЗУ Институт за јавно здравје на РСМ)	https://drive.google.com/file/d/10YIBUwi6c0IVJQ-OMlkPj1dLmeAeavva/view
29	WC072501	P050262	Wedding Crasher	Pesticide/insecticide screen (Ph.Eur. 2.8.13, MKC EN 15662:2020) — Heptachlor	≤ 0.05 mg/kg	Н.д. (not detected)	5699/2025	Issued 02.12.2025	IPH — Institute of Public Health (ЈЗУ Институт за јавно здравје на РСМ)	https://drive.google.com/file/d/10YIBUwi6c0IVJQ-OMlkPj1dLmeAeavva/view
29	WC072501	P050262	Wedding Crasher	Pesticide/insecticide screen (Ph.Eur. 2.8.13, MKC EN 15662:2020) — Endosulfan sulfate	≤ 3 mg/kg	Н.д. (not detected)	5699/2025	Issued 02.12.2025	IPH — Institute of Public Health (ЈЗУ Институт за јавно здравје на РСМ)	https://drive.google.com/file/d/10YIBUwi6c0IVJQ-OMlkPj1dLmeAeavva/view
29	WC072501	P050262	Wedding Crasher	Heavy metals (Ph.Eur. 2.4.27, MKC EN 17851:2023) — Lead (olovo/Pb)	≤ 0.5 mg/kg	0.023 mg/kg	5699/2025	Issued 02.12.2025	IPH — Institute of Public Health (ЈЗУ Институт за јавно здравје на РСМ)	https://drive.google.com/file/d/10YIBUwi6c0IVJQ-OMlkPj1dLmeAeavva/view
29	WC072501	P050262	Wedding Crasher	Heavy metals (Ph.Eur. 2.4.27, MKC EN 17851:2023) — Cadmium (kadmium/Cd)	≤ 0.3 mg/kg	0.005 mg/kg	5699/2025	Issued 02.12.2025	IPH — Institute of Public Health (ЈЗУ Институт за јавно здравје на РСМ)	https://drive.google.com/file/d/10YIBUwi6c0IVJQ-OMlkPj1dLmeAeavva/view
29	WC072501	P050262	Wedding Crasher	Heavy metals (Ph.Eur. 2.4.27, MKC EN 17851:2023) — Arsenic (arsen/As)	≤ 0.2 mg/kg	0.006 mg/kg	5699/2025	Issued 02.12.2025	IPH — Institute of Public Health (ЈЗУ Институт за јавно здравје на РСМ)	https://drive.google.com/file/d/10YIBUwi6c0IVJQ-OMlkPj1dLmeAeavva/view
29	WC072501	P050262	Wedding Crasher	Heavy metals (Ph.Eur. 2.4.27, MKC EN 17851:2023) — Mercury (ziva/Hg)	≤ 0.1 mg/kg	0.01 mg/kg	5699/2025	Issued 02.12.2025	IPH — Institute of Public Health (ЈЗУ Институт за јавно здравје на РСМ)	https://drive.google.com/file/d/10YIBUwi6c0IVJQ-OMlkPj1dLmeAeavva/view
29	WC072501	P050262	Wedding Crasher	Microbiology — Total aerobic microbial count (TAMC)	≤ 10^4 CFU/g	100 CFU/g	1221/2172/25	Received 26.11.2025, issued 01.12.2025	IPH — Institute of Public Health (ЈЗУ Институт за јавно здравје на РСМ)	https://drive.google.com/file/d/10YIBUwi6c0IVJQ-OMlkPj1dLmeAeavva/view
29	WC072501	P050262	Wedding Crasher	Microbiology — Total combined yeasts/moulds count (TYMC)	≤ 10^2 CFU/g	90 CFU/g	1221/2172/25	Received 26.11.2025, issued 01.12.2025	IPH — Institute of Public Health (ЈЗУ Институт за јавно здравје на РСМ)	https://drive.google.com/file/d/10YIBUwi6c0IVJQ-OMlkPj1dLmeAeavva/view
29	WC072501	P050262	Wedding Crasher	Microbiology — Bile-tolerant gram-negative bacteria	≤ 10^2 CFU/g	< 10 CFU/g	1221/2172/25	Received 26.11.2025, issued 01.12.2025	IPH — Institute of Public Health (ЈЗУ Институт за јавно здравје на РСМ)	https://drive.google.com/file/d/10YIBUwi6c0IVJQ-OMlkPj1dLmeAeavva/view
29	WC072501	P050262	Wedding Crasher	Microbiology — Staphylococcus aureus /g	To be absent	Odgovara (Absent)	1221/2172/25	Received 26.11.2025, issued 01.12.2025	IPH — Institute of Public Health (ЈЗУ Институт за јавно здравје на РСМ)	https://drive.google.com/file/d/10YIBUwi6c0IVJQ-OMlkPj1dLmeAeavva/view
29	WC072501	P050262	Wedding Crasher	Microbiology — Pseudomonas aeruginosa /g	To be absent	Odgovara (Absent)	1221/2172/25	Received 26.11.2025, issued 01.12.2025	IPH — Institute of Public Health (ЈЗУ Институт за јавно здравје на РСМ)	https://drive.google.com/file/d/10YIBUwi6c0IVJQ-OMlkPj1dLmeAeavva/view
29	WC072501	P050262	Wedding Crasher	Microbiology — Escherichia coli /g	To be absent	Odgovara (Absent)	1221/2172/25	Received 26.11.2025, issued 01.12.2025	IPH — Institute of Public Health (ЈЗУ Институт за јавно здравје на РСМ)	https://drive.google.com/file/d/10YIBUwi6c0IVJQ-OMlkPj1dLmeAeavva/view
29	WC072501	P050262	Wedding Crasher	Microbiology — Salmonella /25g	To be absent	Odgovara (Absent)	1221/2172/25	Received 26.11.2025, issued 01.12.2025	IPH — Institute of Public Health (ЈЗУ Институт за јавно здравје на РСМ)	https://drive.google.com/file/d/10YIBUwi6c0IVJQ-OMlkPj1dLmeAeavva/view
30	PM072501	P050272	Permanent Market	Appearance	Dark green to pale yellow or light brown to reddish-brown female inflorescence, characteristic aromatic odour	Confirms	PP CoA #026	21.01.2026	Purely Plant GmbH (in-house QC, Visual)	https://drive.google.com/file/d/191sz9a4D35-WD5SZW4jjMi3l3ounYT3y/view
30	PM072501	P050272	Permanent Market	Identification (retention time matches standard solution)	Confirms	Confirms	ППК25368	Completed 28.11.2025	UKIM Faculty of Pharmacy — Center for Natural Products	https://drive.google.com/file/d/191sz9a4D35-WD5SZW4jjMi3l3ounYT3y/view
30	PM072501	P050272	Permanent Market	Loss on drying	< 12.0%	9.52%	ППК25368	Completed 28.11.2025	UKIM Faculty of Pharmacy — Center for Natural Products	https://drive.google.com/file/d/191sz9a4D35-WD5SZW4jjMi3l3ounYT3y/view
30	PM072501	P050272	Permanent Market	Foreign matter	< 2.0%	Confirms	PP CoA #026	21.01.2026	Purely Plant GmbH (in-house QC)	https://drive.google.com/file/d/191sz9a4D35-WD5SZW4jjMi3l3ounYT3y/view
30	PM072501	P050272	Permanent Market	Cannabinoid profile — CBDA	n/a (informational)	0.05%	ППК25368	Completed 28.11.2025	UKIM Faculty of Pharmacy — Center for Natural Products	https://drive.google.com/file/d/191sz9a4D35-WD5SZW4jjMi3l3ounYT3y/view
30	PM072501	P050272	Permanent Market	Cannabinoid profile — CBD	n/a (informational)	ND	ППК25368	Completed 28.11.2025	UKIM Faculty of Pharmacy — Center for Natural Products	https://drive.google.com/file/d/191sz9a4D35-WD5SZW4jjMi3l3ounYT3y/view
30	PM072501	P050272	Permanent Market	Cannabinoid profile — Δ9-THC	n/a (informational)	0.42%	ППК25368	Completed 28.11.2025	UKIM Faculty of Pharmacy — Center for Natural Products	https://drive.google.com/file/d/191sz9a4D35-WD5SZW4jjMi3l3ounYT3y/view
30	PM072501	P050272	Permanent Market	Cannabinoid profile — Δ9-THCA	n/a (informational)	10.93%	ППК25368	Completed 28.11.2025	UKIM Faculty of Pharmacy — Center for Natural Products	https://drive.google.com/file/d/191sz9a4D35-WD5SZW4jjMi3l3ounYT3y/view
30	PM072501	P050272	Permanent Market	Assay — Total Cannabidiol	< 1.0%	0.04%	ППК25368	Completed 28.11.2025	UKIM Faculty of Pharmacy — Center for Natural Products	https://drive.google.com/file/d/191sz9a4D35-WD5SZW4jjMi3l3ounYT3y/view
30	PM072501	P050272	Permanent Market	Assay — Total Δ9-tetrahydrocannabinol	9-11.01% of labelled amount	10.01%	ППК25368	Completed 28.11.2025	UKIM Faculty of Pharmacy — Center for Natural Products	https://drive.google.com/file/d/191sz9a4D35-WD5SZW4jjMi3l3ounYT3y/view
30	PM072501	P050272	Permanent Market	Related substances — Cannabinol	< 1.0%	N.D	ППК25368	Completed 28.11.2025	UKIM Faculty of Pharmacy — Center for Natural Products	https://drive.google.com/file/d/191sz9a4D35-WD5SZW4jjMi3l3ounYT3y/view
30	PM072501	P050272	Permanent Market	Mycotoxins (Ph.Eur. 2.8.18, AflaTest fluorometric) — Total aflatoxins (sum B1+B2+G1+G2)	≤ 4 µg/kg	< 2 µg/kg	5698/2025	Issued 02.12.2025	IPH — Institute of Public Health (ЈЗУ Институт за јавно здравје на РСМ)	https://drive.google.com/file/d/191sz9a4D35-WD5SZW4jjMi3l3ounYT3y/view
30	PM072501	P050272	Permanent Market	Pesticide/insecticide screen (Ph.Eur. 2.8.13, MKC EN 15662:2020) — Lindan (Gama HCH)	≤ 0.6 mg/kg	Н.д. (not detected)	5698/2025	Issued 02.12.2025	IPH — Institute of Public Health (ЈЗУ Институт за јавно здравје на РСМ)	https://drive.google.com/file/d/191sz9a4D35-WD5SZW4jjMi3l3ounYT3y/view
30	PM072501	P050272	Permanent Market	Pesticide/insecticide screen (Ph.Eur. 2.8.13, MKC EN 15662:2020) — Aldrin	≤ 0.05 mg/kg	Н.д. (not detected)	5698/2025	Issued 02.12.2025	IPH — Institute of Public Health (ЈЗУ Институт за јавно здравје на РСМ)	https://drive.google.com/file/d/191sz9a4D35-WD5SZW4jjMi3l3ounYT3y/view
30	PM072501	P050272	Permanent Market	Pesticide/insecticide screen (Ph.Eur. 2.8.13, MKC EN 15662:2020) — Dieldrin i Aldrin (expressed as Dieldrin)	≤ 0.05 mg/kg	Н.д. (not detected)	5698/2025	Issued 02.12.2025	IPH — Institute of Public Health (ЈЗУ Институт за јавно здравје на РСМ)	https://drive.google.com/file/d/191sz9a4D35-WD5SZW4jjMi3l3ounYT3y/view
30	PM072501	P050272	Permanent Market	Pesticide/insecticide screen (Ph.Eur. 2.8.13, MKC EN 15662:2020) — HCB (Hexachlorobenzene)	≤ 0.1 mg/kg	Н.д. (not detected)	5698/2025	Issued 02.12.2025	IPH — Institute of Public Health (ЈЗУ Институт за јавно здравје на РСМ)	https://drive.google.com/file/d/191sz9a4D35-WD5SZW4jjMi3l3ounYT3y/view
30	PM072501	P050272	Permanent Market	Pesticide/insecticide screen (Ph.Eur. 2.8.13, MKC EN 15662:2020) — 4,4' DDE	≤ 1 mg/kg	Н.д. (not detected)	5698/2025	Issued 02.12.2025	IPH — Institute of Public Health (ЈЗУ Институт за јавно здравје на РСМ)	https://drive.google.com/file/d/191sz9a4D35-WD5SZW4jjMi3l3ounYT3y/view
30	PM072501	P050272	Permanent Market	Pesticide/insecticide screen (Ph.Eur. 2.8.13, MKC EN 15662:2020) — 4,4' DDD	≤ 1 mg/kg	Н.д. (not detected)	5698/2025	Issued 02.12.2025	IPH — Institute of Public Health (ЈЗУ Институт за јавно здравје на РСМ)	https://drive.google.com/file/d/191sz9a4D35-WD5SZW4jjMi3l3ounYT3y/view
30	PM072501	P050272	Permanent Market	Pesticide/insecticide screen (Ph.Eur. 2.8.13, MKC EN 15662:2020) — 4,4' DDT	≤ 1 mg/kg	Н.д. (not detected)	5698/2025	Issued 02.12.2025	IPH — Institute of Public Health (ЈЗУ Институт за јавно здравје на РСМ)	https://drive.google.com/file/d/191sz9a4D35-WD5SZW4jjMi3l3ounYT3y/view
30	PM072501	P050272	Permanent Market	Pesticide/insecticide screen (Ph.Eur. 2.8.13, MKC EN 15662:2020) — Vkupno DDT (Total DDT)	≤ 1 mg/kg	Н.д. (not detected)	5698/2025	Issued 02.12.2025	IPH — Institute of Public Health (ЈЗУ Институт за јавно здравје на РСМ)	https://drive.google.com/file/d/191sz9a4D35-WD5SZW4jjMi3l3ounYT3y/view
30	PM072501	P050272	Permanent Market	Pesticide/insecticide screen (Ph.Eur. 2.8.13, MKC EN 15662:2020) — delta HCH	≤ 0.3 mg/kg	Н.д. (not detected)	5698/2025	Issued 02.12.2025	IPH — Institute of Public Health (ЈЗУ Институт за јавно здравје на РСМ)	https://drive.google.com/file/d/191sz9a4D35-WD5SZW4jjMi3l3ounYT3y/view
30	PM072501	P050272	Permanent Market	Pesticide/insecticide screen (Ph.Eur. 2.8.13, MKC EN 15662:2020) — alpha HCH	≤ 0.3 mg/kg	Н.д. (not detected)	5698/2025	Issued 02.12.2025	IPH — Institute of Public Health (ЈЗУ Институт за јавно здравје на РСМ)	https://drive.google.com/file/d/191sz9a4D35-WD5SZW4jjMi3l3ounYT3y/view
30	PM072501	P050272	Permanent Market	Pesticide/insecticide screen (Ph.Eur. 2.8.13, MKC EN 15662:2020) — beta HCH	≤ 0.3 mg/kg	Н.д. (not detected)	5698/2025	Issued 02.12.2025	IPH — Institute of Public Health (ЈЗУ Институт за јавно здравје на РСМ)	https://drive.google.com/file/d/191sz9a4D35-WD5SZW4jjMi3l3ounYT3y/view
30	PM072501	P050272	Permanent Market	Pesticide/insecticide screen (Ph.Eur. 2.8.13, MKC EN 15662:2020) — Endrin	≤ 0.05 mg/kg	Н.д. (not detected)	5698/2025	Issued 02.12.2025	IPH — Institute of Public Health (ЈЗУ Институт за јавно здравје на РСМ)	https://drive.google.com/file/d/191sz9a4D35-WD5SZW4jjMi3l3ounYT3y/view
30	PM072501	P050272	Permanent Market	Pesticide/insecticide screen (Ph.Eur. 2.8.13, MKC EN 15662:2020) — Chlorpyriphos-methyl	≤ 0.1 mg/kg	Н.д. (not detected)	5698/2025	Issued 02.12.2025	IPH — Institute of Public Health (ЈЗУ Институт за јавно здравје на РСМ)	https://drive.google.com/file/d/191sz9a4D35-WD5SZW4jjMi3l3ounYT3y/view
30	PM072501	P050272	Permanent Market	Pesticide/insecticide screen (Ph.Eur. 2.8.13, MKC EN 15662:2020) — Chlorpyrifos (Chlorpyriphos-ethyl)	≤ 0.2 mg/kg	Н.д. (not detected)	5698/2025	Issued 02.12.2025	IPH — Institute of Public Health (ЈЗУ Институт за јавно здравје на РСМ)	https://drive.google.com/file/d/191sz9a4D35-WD5SZW4jjMi3l3ounYT3y/view
30	PM072501	P050272	Permanent Market	Pesticide/insecticide screen (Ph.Eur. 2.8.13, MKC EN 15662:2020) — Heptachlor (sum of Heptachlor + Heptachlor epoxide)	≤ 0.05 mg/kg	Н.д. (not detected)	5698/2025	Issued 02.12.2025	IPH — Institute of Public Health (ЈЗУ Институт за јавно здравје на РСМ)	https://drive.google.com/file/d/191sz9a4D35-WD5SZW4jjMi3l3ounYT3y/view
30	PM072501	P050272	Permanent Market	Pesticide/insecticide screen (Ph.Eur. 2.8.13, MKC EN 15662:2020) — Endosulfan (alpha, beta and endosulfan sulfate)	≤ 3 mg/kg	Н.д. (not detected)	5698/2025	Issued 02.12.2025	IPH — Institute of Public Health (ЈЗУ Институт за јавно здравје на РСМ)	https://drive.google.com/file/d/191sz9a4D35-WD5SZW4jjMi3l3ounYT3y/view
30	PM072501	P050272	Permanent Market	Pesticide/insecticide screen (Ph.Eur. 2.8.13, MKC EN 15662:2020) — Deltamethrin	≤ 0.5 mg/kg	Н.д. (not detected)	5698/2025	Issued 02.12.2025	IPH — Institute of Public Health (ЈЗУ Институт за јавно здравје на РСМ)	https://drive.google.com/file/d/191sz9a4D35-WD5SZW4jjMi3l3ounYT3y/view
30	PM072501	P050272	Permanent Market	Pesticide/insecticide screen (Ph.Eur. 2.8.13, MKC EN 15662:2020) — Chlordane (sum of cis- and trans-chlordane)	≤ 0.05 mg/kg	Н.д. (not detected)	5698/2025	Issued 02.12.2025	IPH — Institute of Public Health (ЈЗУ Институт за јавно здравје на РСМ)	https://drive.google.com/file/d/191sz9a4D35-WD5SZW4jjMi3l3ounYT3y/view
30	PM072501	P050272	Permanent Market	Pesticide/insecticide screen (Ph.Eur. 2.8.13, MKC EN 15662:2020) — Metoxychlor	≤ 0.05 mg/kg	Н.д. (not detected)	5698/2025	Issued 02.12.2025	IPH — Institute of Public Health (ЈЗУ Институт за јавно здравје на РСМ)	https://drive.google.com/file/d/191sz9a4D35-WD5SZW4jjMi3l3ounYT3y/view
30	PM072501	P050272	Permanent Market	Pesticide/insecticide screen (Ph.Eur. 2.8.13, MKC EN 15662:2020) — Heptachlor epoxide	≤ 0.05 mg/kg	Н.д. (not detected)	5698/2025	Issued 02.12.2025	IPH — Institute of Public Health (ЈЗУ Институт за јавно здравје на РСМ)	https://drive.google.com/file/d/191sz9a4D35-WD5SZW4jjMi3l3ounYT3y/view
30	PM072501	P050272	Permanent Market	Pesticide/insecticide screen (Ph.Eur. 2.8.13, MKC EN 15662:2020) — Endrin aldehyde	≤ 0.05 mg/kg	Н.д. (not detected)	5698/2025	Issued 02.12.2025	IPH — Institute of Public Health (ЈЗУ Институт за јавно здравје на РСМ)	https://drive.google.com/file/d/191sz9a4D35-WD5SZW4jjMi3l3ounYT3y/view
30	PM072501	P050272	Permanent Market	Pesticide/insecticide screen (Ph.Eur. 2.8.13, MKC EN 15662:2020) — alpha Endosulfan	≤ 3 mg/kg	Н.д. (not detected)	5698/2025	Issued 02.12.2025	IPH — Institute of Public Health (ЈЗУ Институт за јавно здравје на РСМ)	https://drive.google.com/file/d/191sz9a4D35-WD5SZW4jjMi3l3ounYT3y/view
30	PM072501	P050272	Permanent Market	Pesticide/insecticide screen (Ph.Eur. 2.8.13, MKC EN 15662:2020) — beta Endosulfan	≤ 3 mg/kg	Н.д. (not detected)	5698/2025	Issued 02.12.2025	IPH — Institute of Public Health (ЈЗУ Институт за јавно здравје на РСМ)	https://drive.google.com/file/d/191sz9a4D35-WD5SZW4jjMi3l3ounYT3y/view
30	PM072501	P050272	Permanent Market	Pesticide/insecticide screen (Ph.Eur. 2.8.13, MKC EN 15662:2020) — Endrin keton	≤ 0.05 mg/kg	Н.д. (not detected)	5698/2025	Issued 02.12.2025	IPH — Institute of Public Health (ЈЗУ Институт за јавно здравје на РСМ)	https://drive.google.com/file/d/191sz9a4D35-WD5SZW4jjMi3l3ounYT3y/view
30	PM072501	P050272	Permanent Market	Pesticide/insecticide screen (Ph.Eur. 2.8.13, MKC EN 15662:2020) — trans-Chlordane	≤ 0.05 mg/kg	Н.д. (not detected)	5698/2025	Issued 02.12.2025	IPH — Institute of Public Health (ЈЗУ Институт за јавно здравје на РСМ)	https://drive.google.com/file/d/191sz9a4D35-WD5SZW4jjMi3l3ounYT3y/view
30	PM072501	P050272	Permanent Market	Pesticide/insecticide screen (Ph.Eur. 2.8.13, MKC EN 15662:2020) — cis-Chlordane	≤ 0.05 mg/kg	Н.д. (not detected)	5698/2025	Issued 02.12.2025	IPH — Institute of Public Health (ЈЗУ Институт за јавно здравје на РСМ)	https://drive.google.com/file/d/191sz9a4D35-WD5SZW4jjMi3l3ounYT3y/view
30	PM072501	P050272	Permanent Market	Pesticide/insecticide screen (Ph.Eur. 2.8.13, MKC EN 15662:2020) — Dieldrin	≤ 0.05 mg/kg	Н.д. (not detected)	5698/2025	Issued 02.12.2025	IPH — Institute of Public Health (ЈЗУ Институт за јавно здравје на РСМ)	https://drive.google.com/file/d/191sz9a4D35-WD5SZW4jjMi3l3ounYT3y/view
30	PM072501	P050272	Permanent Market	Pesticide/insecticide screen (Ph.Eur. 2.8.13, MKC EN 15662:2020) — Heptachlor	≤ 0.05 mg/kg	Н.д. (not detected)	5698/2025	Issued 02.12.2025	IPH — Institute of Public Health (ЈЗУ Институт за јавно здравје на РСМ)	https://drive.google.com/file/d/191sz9a4D35-WD5SZW4jjMi3l3ounYT3y/view
30	PM072501	P050272	Permanent Market	Pesticide/insecticide screen (Ph.Eur. 2.8.13, MKC EN 15662:2020) — Endosulfan sulfate	≤ 3 mg/kg	Н.д. (not detected)	5698/2025	Issued 02.12.2025	IPH — Institute of Public Health (ЈЗУ Институт за јавно здравје на РСМ)	https://drive.google.com/file/d/191sz9a4D35-WD5SZW4jjMi3l3ounYT3y/view
30	PM072501	P050272	Permanent Market	Heavy metals (Ph.Eur. 2.4.27, MKC EN 17851:2023) — Lead (olovo/Pb)	≤ 0.5 mg/kg	0.021 mg/kg	5698/2025	Issued 02.12.2025	IPH — Institute of Public Health (ЈЗУ Институт за јавно здравје на РСМ)	https://drive.google.com/file/d/191sz9a4D35-WD5SZW4jjMi3l3ounYT3y/view
30	PM072501	P050272	Permanent Market	Heavy metals (Ph.Eur. 2.4.27, MKC EN 17851:2023) — Cadmium (kadmium/Cd)	≤ 0.2 mg/kg	0.001 mg/kg	5698/2025	Issued 02.12.2025	IPH — Institute of Public Health (ЈЗУ Институт за јавно здравје на РСМ)	https://drive.google.com/file/d/191sz9a4D35-WD5SZW4jjMi3l3ounYT3y/view
30	PM072501	P050272	Permanent Market	Heavy metals (Ph.Eur. 2.4.27, MKC EN 17851:2023) — Arsenic (arsen/As)	≤ 0.2 mg/kg	0.012 mg/kg	5698/2025	Issued 02.12.2025	IPH — Institute of Public Health (ЈЗУ Институт за јавно здравје на РСМ)	https://drive.google.com/file/d/191sz9a4D35-WD5SZW4jjMi3l3ounYT3y/view
30	PM072501	P050272	Permanent Market	Heavy metals (Ph.Eur. 2.4.27, MKC EN 17851:2023) — Mercury (ziva/Hg)	≤ 0.1 mg/kg	0.003 mg/kg	5698/2025	Issued 02.12.2025	IPH — Institute of Public Health (ЈЗУ Институт за јавно здравје на РСМ)	https://drive.google.com/file/d/191sz9a4D35-WD5SZW4jjMi3l3ounYT3y/view
30	PM072501	P050272	Permanent Market	Microbiology — Total aerobic microbial count (TAMC)	≤ 10^4 CFU/g	110 CFU/g	1220/2171/25	Issued ~01.12.2025	IPH — Institute of Public Health (ЈЗУ Институт за јавно здравје на РСМ)	https://drive.google.com/file/d/191sz9a4D35-WD5SZW4jjMi3l3ounYT3y/view
30	PM072501	P050272	Permanent Market	Microbiology — Total combined yeasts/moulds count (TYMC)	≤ 10^2 CFU/g	200 CFU/g	1220/2171/25	Issued ~01.12.2025	IPH — Institute of Public Health (ЈЗУ Институт за јавно здравје на РСМ)	https://drive.google.com/file/d/191sz9a4D35-WD5SZW4jjMi3l3ounYT3y/view
30	PM072501	P050272	Permanent Market	Microbiology — Bile-tolerant gram-negative bacteria	≤ 10^2 CFU/g	< 10 CFU/g	1220/2171/25	Issued ~01.12.2025	IPH — Institute of Public Health (ЈЗУ Институт за јавно здравје на РСМ)	https://drive.google.com/file/d/191sz9a4D35-WD5SZW4jjMi3l3ounYT3y/view
30	PM072501	P050272	Permanent Market	Microbiology — Staphylococcus aureus /g	To be absent	Odgovara (Absent)	1220/2171/25	Issued ~01.12.2025	IPH — Institute of Public Health (ЈЗУ Институт за јавно здравје на РСМ)	https://drive.google.com/file/d/191sz9a4D35-WD5SZW4jjMi3l3ounYT3y/view
30	PM072501	P050272	Permanent Market	Microbiology — Pseudomonas aeruginosa /g	To be absent	Odgovara (Absent)	1220/2171/25	Issued ~01.12.2025	IPH — Institute of Public Health (ЈЗУ Институт за јавно здравје на РСМ)	https://drive.google.com/file/d/191sz9a4D35-WD5SZW4jjMi3l3ounYT3y/view
30	PM072501	P050272	Permanent Market	Microbiology — Escherichia coli /g	To be absent	Odgovara (Absent)	1220/2171/25	Issued ~01.12.2025	IPH — Institute of Public Health (ЈЗУ Институт за јавно здравје на РСМ)	https://drive.google.com/file/d/191sz9a4D35-WD5SZW4jjMi3l3ounYT3y/view
30	PM072501	P050272	Permanent Market	Microbiology — Salmonella /25g	To be absent	Odgovara (Absent)	1220/2171/25	Issued ~01.12.2025	IPH — Institute of Public Health (ЈЗУ Институт за јавно здравје на РСМ)	https://drive.google.com/file/d/191sz9a4D35-WD5SZW4jjMi3l3ounYT3y/view
30	PM072501	P050272	Permanent Market	Packaging — Closure integrity / Labeling / Weight	According to standard	Confirms	PP CoA #026	21.01.2026	Purely Plant GmbH (in-house QC)	https://drive.google.com/file/d/191sz9a4D35-WD5SZW4jjMi3l3ounYT3y/view
31	CLE072501	P050282	Clemosa a bud	Assay — Total Δ9-tetrahydrocannabinol	7.2-8.82% of labelled amount	8.02%	PP CoA #027 / ППК25370	21.01.2026 (UKIM completed 28.11.2025)	Purely Plant GmbH (in-house QC) / UKIM Faculty of Pharmacy	https://drive.google.com/file/d/1_DquROd31IAVKT8ostmfDz_kZQcapBGv/view
31	CLE072501	P050282	Clemosa a bud	Assay — Total Cannabidiol	< 1.0%	0.04%	PP CoA #027 / ППК25370	21.01.2026 (UKIM completed 28.11.2025)	Purely Plant GmbH (in-house QC) / UKIM Faculty of Pharmacy	https://drive.google.com/file/d/1_DquROd31IAVKT8ostmfDz_kZQcapBGv/view
31	CLE072501	P050282	Clemosa a bud	Related substances — Cannabinol	n/a (printed without spec on CoA)	BLQ	PP CoA #027 / ППК25370	21.01.2026 (UKIM completed 28.11.2025)	Purely Plant GmbH (in-house QC) / UKIM Faculty of Pharmacy	https://drive.google.com/file/d/1_DquROd31IAVKT8ostmfDz_kZQcapBGv/view
31	CLE072501	P050282	Clemosa a bud	Cannabinoid profile — CBDA	n/a (informational)	0.04%	ППК25370	Completed 28.11.2025	UKIM Faculty of Pharmacy — Center for Natural Products	https://drive.google.com/file/d/1_DquROd31IAVKT8ostmfDz_kZQcapBGv/view
31	CLE072501	P050282	Clemosa a bud	Cannabinoid profile — Δ9-THC	n/a (informational)	0.33%	ППК25370	Completed 28.11.2025	UKIM Faculty of Pharmacy — Center for Natural Products	https://drive.google.com/file/d/1_DquROd31IAVKT8ostmfDz_kZQcapBGv/view
31	CLE072501	P050282	Clemosa a bud	Cannabinoid profile — Δ9-THCA	n/a (informational)	8.76%	ППК25370	Completed 28.11.2025	UKIM Faculty of Pharmacy — Center for Natural Products	https://drive.google.com/file/d/1_DquROd31IAVKT8ostmfDz_kZQcapBGv/view
31	CLE072501	P050282	Clemosa a bud	Loss on drying	n/a (printed without spec on CoA; UKIM spec ≤10.00%)	9.68%	PP CoA #027 / ППК25370	21.01.2026 (UKIM completed 28.11.2025)	Purely Plant GmbH (in-house QC) / UKIM Faculty of Pharmacy	https://drive.google.com/file/d/1_DquROd31IAVKT8ostmfDz_kZQcapBGv/view
31	CLE072501	P050282	Clemosa a bud	Mycotoxins — Total aflatoxins	n/a (printed without spec on CoA; Ph.Eur ref ≤4 µg/kg)	2.2 µg/kg	5700/2025	Issued 02.12.2025	IPH — Institute of Public Health (ЈЗУ Институт за јавно здравје на РСМ)	https://drive.google.com/file/d/1_DquROd31IAVKT8ostmfDz_kZQcapBGv/view
31	CLE072501	P050282	Clemosa a bud	Pesticide/insecticide screen (Ph.Eur. 2.8.13, MKC EN 15662:2020) — Lindan (Gama HCH)	≤ 0.6 mg/kg	Н.д. (not detected)	5700/2025	Issued 02.12.2025	IPH — Institute of Public Health (ЈЗУ Институт за јавно здравје на РСМ)	https://drive.google.com/file/d/1_DquROd31IAVKT8ostmfDz_kZQcapBGv/view
31	CLE072501	P050282	Clemosa a bud	Pesticide/insecticide screen (Ph.Eur. 2.8.13, MKC EN 15662:2020) — Aldrin	≤ 0.05 mg/kg	Н.д. (not detected)	5700/2025	Issued 02.12.2025	IPH — Institute of Public Health (ЈЗУ Институт за јавно здравје на РСМ)	https://drive.google.com/file/d/1_DquROd31IAVKT8ostmfDz_kZQcapBGv/view
31	CLE072501	P050282	Clemosa a bud	Pesticide/insecticide screen (Ph.Eur. 2.8.13, MKC EN 15662:2020) — Dieldrin i Aldrin (expressed as Dieldrin)	≤ 0.05 mg/kg	Н.д. (not detected)	5700/2025	Issued 02.12.2025	IPH — Institute of Public Health (ЈЗУ Институт за јавно здравје на РСМ)	https://drive.google.com/file/d/1_DquROd31IAVKT8ostmfDz_kZQcapBGv/view
31	CLE072501	P050282	Clemosa a bud	Pesticide/insecticide screen (Ph.Eur. 2.8.13, MKC EN 15662:2020) — HCB (Hexachlorobenzene)	≤ 0.1 mg/kg	Н.д. (not detected)	5700/2025	Issued 02.12.2025	IPH — Institute of Public Health (ЈЗУ Институт за јавно здравје на РСМ)	https://drive.google.com/file/d/1_DquROd31IAVKT8ostmfDz_kZQcapBGv/view
31	CLE072501	P050282	Clemosa a bud	Pesticide/insecticide screen (Ph.Eur. 2.8.13, MKC EN 15662:2020) — 4,4' DDE	≤ 1 mg/kg	Н.д. (not detected)	5700/2025	Issued 02.12.2025	IPH — Institute of Public Health (ЈЗУ Институт за јавно здравје на РСМ)	https://drive.google.com/file/d/1_DquROd31IAVKT8ostmfDz_kZQcapBGv/view
31	CLE072501	P050282	Clemosa a bud	Pesticide/insecticide screen (Ph.Eur. 2.8.13, MKC EN 15662:2020) — 4,4' DDD	≤ 1 mg/kg	Н.д. (not detected)	5700/2025	Issued 02.12.2025	IPH — Institute of Public Health (ЈЗУ Институт за јавно здравје на РСМ)	https://drive.google.com/file/d/1_DquROd31IAVKT8ostmfDz_kZQcapBGv/view
31	CLE072501	P050282	Clemosa a bud	Pesticide/insecticide screen (Ph.Eur. 2.8.13, MKC EN 15662:2020) — 4,4' DDT	≤ 1 mg/kg	Н.д. (not detected)	5700/2025	Issued 02.12.2025	IPH — Institute of Public Health (ЈЗУ Институт за јавно здравје на РСМ)	https://drive.google.com/file/d/1_DquROd31IAVKT8ostmfDz_kZQcapBGv/view
31	CLE072501	P050282	Clemosa a bud	Pesticide/insecticide screen (Ph.Eur. 2.8.13, MKC EN 15662:2020) — Vkupno DDT (Total DDT)	≤ 1 mg/kg	Н.д. (not detected)	5700/2025	Issued 02.12.2025	IPH — Institute of Public Health (ЈЗУ Институт за јавно здравје на РСМ)	https://drive.google.com/file/d/1_DquROd31IAVKT8ostmfDz_kZQcapBGv/view
31	CLE072501	P050282	Clemosa a bud	Pesticide/insecticide screen (Ph.Eur. 2.8.13, MKC EN 15662:2020) — delta HCH	≤ 0.3 mg/kg	Н.д. (not detected)	5700/2025	Issued 02.12.2025	IPH — Institute of Public Health (ЈЗУ Институт за јавно здравје на РСМ)	https://drive.google.com/file/d/1_DquROd31IAVKT8ostmfDz_kZQcapBGv/view
31	CLE072501	P050282	Clemosa a bud	Pesticide/insecticide screen (Ph.Eur. 2.8.13, MKC EN 15662:2020) — alpha HCH	≤ 0.3 mg/kg	Н.д. (not detected)	5700/2025	Issued 02.12.2025	IPH — Institute of Public Health (ЈЗУ Институт за јавно здравје на РСМ)	https://drive.google.com/file/d/1_DquROd31IAVKT8ostmfDz_kZQcapBGv/view
31	CLE072501	P050282	Clemosa a bud	Pesticide/insecticide screen (Ph.Eur. 2.8.13, MKC EN 15662:2020) — beta HCH	≤ 0.3 mg/kg	Н.д. (not detected)	5700/2025	Issued 02.12.2025	IPH — Institute of Public Health (ЈЗУ Институт за јавно здравје на РСМ)	https://drive.google.com/file/d/1_DquROd31IAVKT8ostmfDz_kZQcapBGv/view
31	CLE072501	P050282	Clemosa a bud	Pesticide/insecticide screen (Ph.Eur. 2.8.13, MKC EN 15662:2020) — Endrin	≤ 0.05 mg/kg	Н.д. (not detected)	5700/2025	Issued 02.12.2025	IPH — Institute of Public Health (ЈЗУ Институт за јавно здравје на РСМ)	https://drive.google.com/file/d/1_DquROd31IAVKT8ostmfDz_kZQcapBGv/view
31	CLE072501	P050282	Clemosa a bud	Pesticide/insecticide screen (Ph.Eur. 2.8.13, MKC EN 15662:2020) — Chlorpyriphos-methyl	≤ 0.1 mg/kg	Н.д. (not detected)	5700/2025	Issued 02.12.2025	IPH — Institute of Public Health (ЈЗУ Институт за јавно здравје на РСМ)	https://drive.google.com/file/d/1_DquROd31IAVKT8ostmfDz_kZQcapBGv/view
31	CLE072501	P050282	Clemosa a bud	Pesticide/insecticide screen (Ph.Eur. 2.8.13, MKC EN 15662:2020) — Chlorpyrifos (Chlorpyriphos-ethyl)	≤ 0.2 mg/kg	Н.д. (not detected)	5700/2025	Issued 02.12.2025	IPH — Institute of Public Health (ЈЗУ Институт за јавно здравје на РСМ)	https://drive.google.com/file/d/1_DquROd31IAVKT8ostmfDz_kZQcapBGv/view
31	CLE072501	P050282	Clemosa a bud	Pesticide/insecticide screen (Ph.Eur. 2.8.13, MKC EN 15662:2020) — Heptachlor (sum of Heptachlor + Heptachlor epoxide)	≤ 0.05 mg/kg	Н.д. (not detected)	5700/2025	Issued 02.12.2025	IPH — Institute of Public Health (ЈЗУ Институт за јавно здравје на РСМ)	https://drive.google.com/file/d/1_DquROd31IAVKT8ostmfDz_kZQcapBGv/view
31	CLE072501	P050282	Clemosa a bud	Pesticide/insecticide screen (Ph.Eur. 2.8.13, MKC EN 15662:2020) — Endosulfan (alpha, beta and endosulfan sulfate)	≤ 3 mg/kg	Н.д. (not detected)	5700/2025	Issued 02.12.2025	IPH — Institute of Public Health (ЈЗУ Институт за јавно здравје на РСМ)	https://drive.google.com/file/d/1_DquROd31IAVKT8ostmfDz_kZQcapBGv/view
31	CLE072501	P050282	Clemosa a bud	Pesticide/insecticide screen (Ph.Eur. 2.8.13, MKC EN 15662:2020) — Deltamethrin	≤ 0.5 mg/kg	Н.д. (not detected)	5700/2025	Issued 02.12.2025	IPH — Institute of Public Health (ЈЗУ Институт за јавно здравје на РСМ)	https://drive.google.com/file/d/1_DquROd31IAVKT8ostmfDz_kZQcapBGv/view
31	CLE072501	P050282	Clemosa a bud	Pesticide/insecticide screen (Ph.Eur. 2.8.13, MKC EN 15662:2020) — Chlordane (sum of cis- and trans-chlordane)	≤ 0.05 mg/kg	Н.д. (not detected)	5700/2025	Issued 02.12.2025	IPH — Institute of Public Health (ЈЗУ Институт за јавно здравје на РСМ)	https://drive.google.com/file/d/1_DquROd31IAVKT8ostmfDz_kZQcapBGv/view
31	CLE072501	P050282	Clemosa a bud	Pesticide/insecticide screen (Ph.Eur. 2.8.13, MKC EN 15662:2020) — Metoxychlor	≤ 0.05 mg/kg	Н.д. (not detected)	5700/2025	Issued 02.12.2025	IPH — Institute of Public Health (ЈЗУ Институт за јавно здравје на РСМ)	https://drive.google.com/file/d/1_DquROd31IAVKT8ostmfDz_kZQcapBGv/view
31	CLE072501	P050282	Clemosa a bud	Pesticide/insecticide screen (Ph.Eur. 2.8.13, MKC EN 15662:2020) — Heptachlor epoxide	≤ 0.05 mg/kg	Н.д. (not detected)	5700/2025	Issued 02.12.2025	IPH — Institute of Public Health (ЈЗУ Институт за јавно здравје на РСМ)	https://drive.google.com/file/d/1_DquROd31IAVKT8ostmfDz_kZQcapBGv/view
31	CLE072501	P050282	Clemosa a bud	Pesticide/insecticide screen (Ph.Eur. 2.8.13, MKC EN 15662:2020) — Endrin aldehyde	≤ 0.05 mg/kg	Н.д. (not detected)	5700/2025	Issued 02.12.2025	IPH — Institute of Public Health (ЈЗУ Институт за јавно здравје на РСМ)	https://drive.google.com/file/d/1_DquROd31IAVKT8ostmfDz_kZQcapBGv/view
31	CLE072501	P050282	Clemosa a bud	Pesticide/insecticide screen (Ph.Eur. 2.8.13, MKC EN 15662:2020) — alpha Endosulfan	≤ 3 mg/kg	Н.д. (not detected)	5700/2025	Issued 02.12.2025	IPH — Institute of Public Health (ЈЗУ Институт за јавно здравје на РСМ)	https://drive.google.com/file/d/1_DquROd31IAVKT8ostmfDz_kZQcapBGv/view
31	CLE072501	P050282	Clemosa a bud	Pesticide/insecticide screen (Ph.Eur. 2.8.13, MKC EN 15662:2020) — beta Endosulfan	≤ 3 mg/kg	Н.д. (not detected)	5700/2025	Issued 02.12.2025	IPH — Institute of Public Health (ЈЗУ Институт за јавно здравје на РСМ)	https://drive.google.com/file/d/1_DquROd31IAVKT8ostmfDz_kZQcapBGv/view
31	CLE072501	P050282	Clemosa a bud	Pesticide/insecticide screen (Ph.Eur. 2.8.13, MKC EN 15662:2020) — Endrin keton	≤ 0.05 mg/kg	Н.д. (not detected)	5700/2025	Issued 02.12.2025	IPH — Institute of Public Health (ЈЗУ Институт за јавно здравје на РСМ)	https://drive.google.com/file/d/1_DquROd31IAVKT8ostmfDz_kZQcapBGv/view
31	CLE072501	P050282	Clemosa a bud	Pesticide/insecticide screen (Ph.Eur. 2.8.13, MKC EN 15662:2020) — trans-Chlordane	≤ 0.05 mg/kg	Н.д. (not detected)	5700/2025	Issued 02.12.2025	IPH — Institute of Public Health (ЈЗУ Институт за јавно здравје на РСМ)	https://drive.google.com/file/d/1_DquROd31IAVKT8ostmfDz_kZQcapBGv/view
31	CLE072501	P050282	Clemosa a bud	Pesticide/insecticide screen (Ph.Eur. 2.8.13, MKC EN 15662:2020) — cis-Chlordane	≤ 0.05 mg/kg	Н.д. (not detected)	5700/2025	Issued 02.12.2025	IPH — Institute of Public Health (ЈЗУ Институт за јавно здравје на РСМ)	https://drive.google.com/file/d/1_DquROd31IAVKT8ostmfDz_kZQcapBGv/view
31	CLE072501	P050282	Clemosa a bud	Pesticide/insecticide screen (Ph.Eur. 2.8.13, MKC EN 15662:2020) — Dieldrin	≤ 0.05 mg/kg	Н.д. (not detected)	5700/2025	Issued 02.12.2025	IPH — Institute of Public Health (ЈЗУ Институт за јавно здравје на РСМ)	https://drive.google.com/file/d/1_DquROd31IAVKT8ostmfDz_kZQcapBGv/view
31	CLE072501	P050282	Clemosa a bud	Pesticide/insecticide screen (Ph.Eur. 2.8.13, MKC EN 15662:2020) — Heptachlor	≤ 0.05 mg/kg	Н.д. (not detected)	5700/2025	Issued 02.12.2025	IPH — Institute of Public Health (ЈЗУ Институт за јавно здравје на РСМ)	https://drive.google.com/file/d/1_DquROd31IAVKT8ostmfDz_kZQcapBGv/view
31	CLE072501	P050282	Clemosa a bud	Pesticide/insecticide screen (Ph.Eur. 2.8.13, MKC EN 15662:2020) — Endosulfan sulfate	≤ 3 mg/kg	Н.д. (not detected)	5700/2025	Issued 02.12.2025	IPH — Institute of Public Health (ЈЗУ Институт за јавно здравје на РСМ)	https://drive.google.com/file/d/1_DquROd31IAVKT8ostmfDz_kZQcapBGv/view
31	CLE072501	P050282	Clemosa a bud	Heavy metals (Ph.Eur. 2.4.27, MKC EN 17851:2023) — Lead (olovo/Pb)	≤ 0.5 mg/kg	0.032 mg/kg	5700/2025	Issued 02.12.2025 (metals table page image OCR-unreadable; values per PP CoA cross-check)	IPH — Institute of Public Health (ЈЗУ Институт за јавно здравје на РСМ)	https://drive.google.com/file/d/1_DquROd31IAVKT8ostmfDz_kZQcapBGv/view
31	CLE072501	P050282	Clemosa a bud	Heavy metals (Ph.Eur. 2.4.27, MKC EN 17851:2023) — Cadmium (kadmium/Cd)	≤ 0.3 mg/kg	0.002 mg/kg	5700/2025	Issued 02.12.2025 (metals table page image OCR-unreadable; values per PP CoA cross-check)	IPH — Institute of Public Health (ЈЗУ Институт за јавно здравје на РСМ)	https://drive.google.com/file/d/1_DquROd31IAVKT8ostmfDz_kZQcapBGv/view
31	CLE072501	P050282	Clemosa a bud	Heavy metals (Ph.Eur. 2.4.27, MKC EN 17851:2023) — Arsenic (arsen/As)	≤ 0.2 mg/kg	0.013 mg/kg	5700/2025	Issued 02.12.2025 (metals table page image OCR-unreadable; values per PP CoA cross-check)	IPH — Institute of Public Health (ЈЗУ Институт за јавно здравје на РСМ)	https://drive.google.com/file/d/1_DquROd31IAVKT8ostmfDz_kZQcapBGv/view
31	CLE072501	P050282	Clemosa a bud	Heavy metals (Ph.Eur. 2.4.27, MKC EN 17851:2023) — Mercury (ziva/Hg)	≤ 0.1 mg/kg	0.021 mg/kg	5700/2025	Issued 02.12.2025 (metals table page image OCR-unreadable; values per PP CoA cross-check)	IPH — Institute of Public Health (ЈЗУ Институт за јавно здравје на РСМ)	https://drive.google.com/file/d/1_DquROd31IAVKT8ostmfDz_kZQcapBGv/view
31	CLE072501	P050282	Clemosa a bud	Microbiology — Total aerobic microbial count (TAMC)	≤ 10^5 CFU/g	< 10 CFU/g	1219/2170/25	Received ~26.11.2025, issued ~01.12.2025	IPH — Institute of Public Health (ЈЗУ Институт за јавно здравје на РСМ)	https://drive.google.com/file/d/1_DquROd31IAVKT8ostmfDz_kZQcapBGv/view
31	CLE072501	P050282	Clemosa a bud	Microbiology — Total combined yeasts/moulds count (TYMC)	≤ 10^4 CFU/g	< 10 CFU/g	1219/2170/25	Received ~26.11.2025, issued ~01.12.2025	IPH — Institute of Public Health (ЈЗУ Институт за јавно здравје на РСМ)	https://drive.google.com/file/d/1_DquROd31IAVKT8ostmfDz_kZQcapBGv/view
31	CLE072501	P050282	Clemosa a bud	Microbiology — Bile-tolerant gram-negative bacteria	≤ 10^4 CFU/g	< 10 CFU/g	1219/2170/25	Received ~26.11.2025, issued ~01.12.2025	IPH — Institute of Public Health (ЈЗУ Институт за јавно здравје на РСМ)	https://drive.google.com/file/d/1_DquROd31IAVKT8ostmfDz_kZQcapBGv/view
31	CLE072501	P050282	Clemosa a bud	Microbiology — Escherichia coli /g	To be absent	Odgovara (Absent)	1219/2170/25	Received ~26.11.2025, issued ~01.12.2025	IPH — Institute of Public Health (ЈЗУ Институт за јавно здравје на РСМ)	https://drive.google.com/file/d/1_DquROd31IAVKT8ostmfDz_kZQcapBGv/view
31	CLE072501	P050282	Clemosa a bud	Microbiology — Salmonella /25g	To be absent	Odgovara (Absent)	1219/2170/25	Received ~26.11.2025, issued ~01.12.2025	IPH — Institute of Public Health (ЈЗУ Институт за јавно здравје на РСМ)	https://drive.google.com/file/d/1_DquROd31IAVKT8ostmfDz_kZQcapBGv/view
32	GP072501/1	P050292	Grape Pie	Assay — Total Δ9-tetrahydrocannabinol	19.2-23.4% of labelled amount	21.36%	PP CoA #018 / ППК25378	21.01.2026 (UKIM completed Nov-Dec 2025)	Purely Plant GmbH (in-house QC) / UKIM Faculty of Pharmacy	https://drive.google.com/file/d/1aOn1obLWCokQiMQe3hDS8JXD5sj4EOKb/view
32	GP072501/1	P050292	Grape Pie	Assay — Total Cannabidiol	< 1.0%	0.11%	PP CoA #018 / ППК25378	21.01.2026 (UKIM completed Nov-Dec 2025)	Purely Plant GmbH (in-house QC) / UKIM Faculty of Pharmacy	https://drive.google.com/file/d/1aOn1obLWCokQiMQe3hDS8JXD5sj4EOKb/view
32	GP072501/1	P050292	Grape Pie	Related substances — Cannabinol	n/a (printed without spec on CoA)	0.02%	PP CoA #018 / ППК25378	21.01.2026 (UKIM completed Nov-Dec 2025)	Purely Plant GmbH (in-house QC) / UKIM Faculty of Pharmacy	https://drive.google.com/file/d/1aOn1obLWCokQiMQe3hDS8JXD5sj4EOKb/view
32	GP072501/1	P050292	Grape Pie	Cannabinoid profile — CBDA	n/a (informational)	0.12%	ППК25378	Completed Nov-Dec 2025	UKIM Faculty of Pharmacy — Center for Natural Products	https://drive.google.com/file/d/1aOn1obLWCokQiMQe3hDS8JXD5sj4EOKb/view
32	GP072501/1	P050292	Grape Pie	Cannabinoid profile — Δ9-THC	n/a (informational)	0.98%	ППК25378	Completed Nov-Dec 2025	UKIM Faculty of Pharmacy — Center for Natural Products	https://drive.google.com/file/d/1aOn1obLWCokQiMQe3hDS8JXD5sj4EOKb/view
32	GP072501/1	P050292	Grape Pie	Cannabinoid profile — Δ9-THCA	n/a (informational)	23.24%	ППК25378	Completed Nov-Dec 2025	UKIM Faculty of Pharmacy — Center for Natural Products	https://drive.google.com/file/d/1aOn1obLWCokQiMQe3hDS8JXD5sj4EOKb/view
32	GP072501/1	P050292	Grape Pie	Loss on drying	≤ 10.00% (UKIM spec)	6.62%	PP CoA #018 / ППК25378	21.01.2026 (UKIM completed Nov-Dec 2025)	Purely Plant GmbH (in-house QC) / UKIM Faculty of Pharmacy	https://drive.google.com/file/d/1aOn1obLWCokQiMQe3hDS8JXD5sj4EOKb/view
32	GP072501/1	P050292	Grape Pie	Mycotoxins (Ph.Eur. 2.8.18, AflaTest fluorometric) — Total aflatoxins (sum B1+B2+G1+G2)	≤ 4 µg/kg	< 2 µg/kg	5886/2025	Issued 12.12.2025	IPH — Institute of Public Health (ЈЗУ Институт за јавно здравје на РСМ)	https://drive.google.com/file/d/1aOn1obLWCokQiMQe3hDS8JXD5sj4EOKb/view
32	GP072501/1	P050292	Grape Pie	Pesticide/insecticide screen (Ph.Eur. 2.8.13, MKC EN 15662:2020) — Lindan (Gama HCH)	≤ 0.6 mg/kg	Н.д. (not detected)	5886/2025	Issued 12.12.2025	IPH — Institute of Public Health (ЈЗУ Институт за јавно здравје на РСМ)	https://drive.google.com/file/d/1aOn1obLWCokQiMQe3hDS8JXD5sj4EOKb/view
32	GP072501/1	P050292	Grape Pie	Pesticide/insecticide screen (Ph.Eur. 2.8.13, MKC EN 15662:2020) — Aldrin	≤ 0.05 mg/kg	Н.д. (not detected)	5886/2025	Issued 12.12.2025	IPH — Institute of Public Health (ЈЗУ Институт за јавно здравје на РСМ)	https://drive.google.com/file/d/1aOn1obLWCokQiMQe3hDS8JXD5sj4EOKb/view
32	GP072501/1	P050292	Grape Pie	Pesticide/insecticide screen (Ph.Eur. 2.8.13, MKC EN 15662:2020) — Dieldrin i Aldrin (expressed as Dieldrin)	≤ 0.05 mg/kg	Н.д. (not detected)	5886/2025	Issued 12.12.2025	IPH — Institute of Public Health (ЈЗУ Институт за јавно здравје на РСМ)	https://drive.google.com/file/d/1aOn1obLWCokQiMQe3hDS8JXD5sj4EOKb/view
32	GP072501/1	P050292	Grape Pie	Pesticide/insecticide screen (Ph.Eur. 2.8.13, MKC EN 15662:2020) — HCB (Hexachlorobenzene)	≤ 0.1 mg/kg	Н.д. (not detected)	5886/2025	Issued 12.12.2025	IPH — Institute of Public Health (ЈЗУ Институт за јавно здравје на РСМ)	https://drive.google.com/file/d/1aOn1obLWCokQiMQe3hDS8JXD5sj4EOKb/view
32	GP072501/1	P050292	Grape Pie	Pesticide/insecticide screen (Ph.Eur. 2.8.13, MKC EN 15662:2020) — 4,4' DDE	≤ 1 mg/kg	Н.д. (not detected)	5886/2025	Issued 12.12.2025	IPH — Institute of Public Health (ЈЗУ Институт за јавно здравје на РСМ)	https://drive.google.com/file/d/1aOn1obLWCokQiMQe3hDS8JXD5sj4EOKb/view
32	GP072501/1	P050292	Grape Pie	Pesticide/insecticide screen (Ph.Eur. 2.8.13, MKC EN 15662:2020) — 4,4' DDD	≤ 1 mg/kg	Н.д. (not detected)	5886/2025	Issued 12.12.2025	IPH — Institute of Public Health (ЈЗУ Институт за јавно здравје на РСМ)	https://drive.google.com/file/d/1aOn1obLWCokQiMQe3hDS8JXD5sj4EOKb/view
32	GP072501/1	P050292	Grape Pie	Pesticide/insecticide screen (Ph.Eur. 2.8.13, MKC EN 15662:2020) — 4,4' DDT	≤ 1 mg/kg	Н.д. (not detected)	5886/2025	Issued 12.12.2025	IPH — Institute of Public Health (ЈЗУ Институт за јавно здравје на РСМ)	https://drive.google.com/file/d/1aOn1obLWCokQiMQe3hDS8JXD5sj4EOKb/view
32	GP072501/1	P050292	Grape Pie	Pesticide/insecticide screen (Ph.Eur. 2.8.13, MKC EN 15662:2020) — Vkupno DDT (Total DDT)	≤ 1 mg/kg	Н.д. (not detected)	5886/2025	Issued 12.12.2025	IPH — Institute of Public Health (ЈЗУ Институт за јавно здравје на РСМ)	https://drive.google.com/file/d/1aOn1obLWCokQiMQe3hDS8JXD5sj4EOKb/view
32	GP072501/1	P050292	Grape Pie	Pesticide/insecticide screen (Ph.Eur. 2.8.13, MKC EN 15662:2020) — delta HCH	≤ 0.3 mg/kg	Н.д. (not detected)	5886/2025	Issued 12.12.2025	IPH — Institute of Public Health (ЈЗУ Институт за јавно здравје на РСМ)	https://drive.google.com/file/d/1aOn1obLWCokQiMQe3hDS8JXD5sj4EOKb/view
32	GP072501/1	P050292	Grape Pie	Pesticide/insecticide screen (Ph.Eur. 2.8.13, MKC EN 15662:2020) — alpha HCH	≤ 0.3 mg/kg	Н.д. (not detected)	5886/2025	Issued 12.12.2025	IPH — Institute of Public Health (ЈЗУ Институт за јавно здравје на РСМ)	https://drive.google.com/file/d/1aOn1obLWCokQiMQe3hDS8JXD5sj4EOKb/view
32	GP072501/1	P050292	Grape Pie	Pesticide/insecticide screen (Ph.Eur. 2.8.13, MKC EN 15662:2020) — beta HCH	≤ 0.3 mg/kg	Н.д. (not detected)	5886/2025	Issued 12.12.2025	IPH — Institute of Public Health (ЈЗУ Институт за јавно здравје на РСМ)	https://drive.google.com/file/d/1aOn1obLWCokQiMQe3hDS8JXD5sj4EOKb/view
32	GP072501/1	P050292	Grape Pie	Pesticide/insecticide screen (Ph.Eur. 2.8.13, MKC EN 15662:2020) — Endrin	≤ 0.05 mg/kg	Н.д. (not detected)	5886/2025	Issued 12.12.2025	IPH — Institute of Public Health (ЈЗУ Институт за јавно здравје на РСМ)	https://drive.google.com/file/d/1aOn1obLWCokQiMQe3hDS8JXD5sj4EOKb/view
32	GP072501/1	P050292	Grape Pie	Pesticide/insecticide screen (Ph.Eur. 2.8.13, MKC EN 15662:2020) — Chlorpyriphos-methyl	≤ 0.1 mg/kg	Н.д. (not detected)	5886/2025	Issued 12.12.2025	IPH — Institute of Public Health (ЈЗУ Институт за јавно здравје на РСМ)	https://drive.google.com/file/d/1aOn1obLWCokQiMQe3hDS8JXD5sj4EOKb/view
32	GP072501/1	P050292	Grape Pie	Pesticide/insecticide screen (Ph.Eur. 2.8.13, MKC EN 15662:2020) — Chlorpyrifos (Chlorpyriphos-ethyl)	≤ 0.2 mg/kg	Н.д. (not detected)	5886/2025	Issued 12.12.2025	IPH — Institute of Public Health (ЈЗУ Институт за јавно здравје на РСМ)	https://drive.google.com/file/d/1aOn1obLWCokQiMQe3hDS8JXD5sj4EOKb/view
32	GP072501/1	P050292	Grape Pie	Pesticide/insecticide screen (Ph.Eur. 2.8.13, MKC EN 15662:2020) — Heptachlor (sum of Heptachlor + Heptachlor epoxide)	≤ 0.05 mg/kg	Н.д. (not detected)	5886/2025	Issued 12.12.2025	IPH — Institute of Public Health (ЈЗУ Институт за јавно здравје на РСМ)	https://drive.google.com/file/d/1aOn1obLWCokQiMQe3hDS8JXD5sj4EOKb/view
32	GP072501/1	P050292	Grape Pie	Pesticide/insecticide screen (Ph.Eur. 2.8.13, MKC EN 15662:2020) — Endosulfan (alpha, beta and endosulfan sulfate)	≤ 3 mg/kg	Н.д. (not detected)	5886/2025	Issued 12.12.2025	IPH — Institute of Public Health (ЈЗУ Институт за јавно здравје на РСМ)	https://drive.google.com/file/d/1aOn1obLWCokQiMQe3hDS8JXD5sj4EOKb/view
32	GP072501/1	P050292	Grape Pie	Pesticide/insecticide screen (Ph.Eur. 2.8.13, MKC EN 15662:2020) — Deltamethrin	≤ 0.5 mg/kg	Н.д. (not detected)	5886/2025	Issued 12.12.2025	IPH — Institute of Public Health (ЈЗУ Институт за јавно здравје на РСМ)	https://drive.google.com/file/d/1aOn1obLWCokQiMQe3hDS8JXD5sj4EOKb/view
32	GP072501/1	P050292	Grape Pie	Pesticide/insecticide screen (Ph.Eur. 2.8.13, MKC EN 15662:2020) — Chlordane (sum of cis- and trans-chlordane)	≤ 0.05 mg/kg	Н.д. (not detected)	5886/2025	Issued 12.12.2025	IPH — Institute of Public Health (ЈЗУ Институт за јавно здравје на РСМ)	https://drive.google.com/file/d/1aOn1obLWCokQiMQe3hDS8JXD5sj4EOKb/view
32	GP072501/1	P050292	Grape Pie	Pesticide/insecticide screen (Ph.Eur. 2.8.13, MKC EN 15662:2020) — Metoxychlor	≤ 0.05 mg/kg	Н.д. (not detected)	5886/2025	Issued 12.12.2025	IPH — Institute of Public Health (ЈЗУ Институт за јавно здравје на РСМ)	https://drive.google.com/file/d/1aOn1obLWCokQiMQe3hDS8JXD5sj4EOKb/view
32	GP072501/1	P050292	Grape Pie	Pesticide/insecticide screen (Ph.Eur. 2.8.13, MKC EN 15662:2020) — Heptachlor epoxide	≤ 0.05 mg/kg	Н.д. (not detected)	5886/2025	Issued 12.12.2025	IPH — Institute of Public Health (ЈЗУ Институт за јавно здравје на РСМ)	https://drive.google.com/file/d/1aOn1obLWCokQiMQe3hDS8JXD5sj4EOKb/view
32	GP072501/1	P050292	Grape Pie	Pesticide/insecticide screen (Ph.Eur. 2.8.13, MKC EN 15662:2020) — Endrin aldehyde	≤ 0.05 mg/kg	Н.д. (not detected)	5886/2025	Issued 12.12.2025	IPH — Institute of Public Health (ЈЗУ Институт за јавно здравје на РСМ)	https://drive.google.com/file/d/1aOn1obLWCokQiMQe3hDS8JXD5sj4EOKb/view
32	GP072501/1	P050292	Grape Pie	Pesticide/insecticide screen (Ph.Eur. 2.8.13, MKC EN 15662:2020) — alpha Endosulfan	≤ 3 mg/kg	Н.д. (not detected)	5886/2025	Issued 12.12.2025	IPH — Institute of Public Health (ЈЗУ Институт за јавно здравје на РСМ)	https://drive.google.com/file/d/1aOn1obLWCokQiMQe3hDS8JXD5sj4EOKb/view
32	GP072501/1	P050292	Grape Pie	Pesticide/insecticide screen (Ph.Eur. 2.8.13, MKC EN 15662:2020) — beta Endosulfan	≤ 3 mg/kg	Н.д. (not detected)	5886/2025	Issued 12.12.2025	IPH — Institute of Public Health (ЈЗУ Институт за јавно здравје на РСМ)	https://drive.google.com/file/d/1aOn1obLWCokQiMQe3hDS8JXD5sj4EOKb/view
32	GP072501/1	P050292	Grape Pie	Pesticide/insecticide screen (Ph.Eur. 2.8.13, MKC EN 15662:2020) — Endrin keton	≤ 0.05 mg/kg	Н.д. (not detected)	5886/2025	Issued 12.12.2025	IPH — Institute of Public Health (ЈЗУ Институт за јавно здравје на РСМ)	https://drive.google.com/file/d/1aOn1obLWCokQiMQe3hDS8JXD5sj4EOKb/view
32	GP072501/1	P050292	Grape Pie	Pesticide/insecticide screen (Ph.Eur. 2.8.13, MKC EN 15662:2020) — trans-Chlordane	≤ 0.05 mg/kg	Н.д. (not detected)	5886/2025	Issued 12.12.2025	IPH — Institute of Public Health (ЈЗУ Институт за јавно здравје на РСМ)	https://drive.google.com/file/d/1aOn1obLWCokQiMQe3hDS8JXD5sj4EOKb/view
32	GP072501/1	P050292	Grape Pie	Pesticide/insecticide screen (Ph.Eur. 2.8.13, MKC EN 15662:2020) — cis-Chlordane	≤ 0.05 mg/kg	Н.д. (not detected)	5886/2025	Issued 12.12.2025	IPH — Institute of Public Health (ЈЗУ Институт за јавно здравје на РСМ)	https://drive.google.com/file/d/1aOn1obLWCokQiMQe3hDS8JXD5sj4EOKb/view
32	GP072501/1	P050292	Grape Pie	Pesticide/insecticide screen (Ph.Eur. 2.8.13, MKC EN 15662:2020) — Dieldrin	≤ 0.05 mg/kg	Н.д. (not detected)	5886/2025	Issued 12.12.2025	IPH — Institute of Public Health (ЈЗУ Институт за јавно здравје на РСМ)	https://drive.google.com/file/d/1aOn1obLWCokQiMQe3hDS8JXD5sj4EOKb/view
32	GP072501/1	P050292	Grape Pie	Pesticide/insecticide screen (Ph.Eur. 2.8.13, MKC EN 15662:2020) — Heptachlor	≤ 0.05 mg/kg	Н.д. (not detected)	5886/2025	Issued 12.12.2025	IPH — Institute of Public Health (ЈЗУ Институт за јавно здравје на РСМ)	https://drive.google.com/file/d/1aOn1obLWCokQiMQe3hDS8JXD5sj4EOKb/view
32	GP072501/1	P050292	Grape Pie	Pesticide/insecticide screen (Ph.Eur. 2.8.13, MKC EN 15662:2020) — Endosulfan sulfate	≤ 3 mg/kg	Н.д. (not detected)	5886/2025	Issued 12.12.2025	IPH — Institute of Public Health (ЈЗУ Институт за јавно здравје на РСМ)	https://drive.google.com/file/d/1aOn1obLWCokQiMQe3hDS8JXD5sj4EOKb/view
32	GP072501/1	P050292	Grape Pie	Heavy metals (Ph.Eur. 2.4.27, MKC EN 17851:2023) — Lead (olovo/Pb)	≤ 0.5 mg/kg	0.028 mg/kg	5886/2025	Issued 12.12.2025	IPH — Institute of Public Health (ЈЗУ Институт за јавно здравје на РСМ)	https://drive.google.com/file/d/1aOn1obLWCokQiMQe3hDS8JXD5sj4EOKb/view
32	GP072501/1	P050292	Grape Pie	Heavy metals (Ph.Eur. 2.4.27, MKC EN 17851:2023) — Cadmium (kadmium/Cd)	≤ 0.2 mg/kg	0.003 mg/kg	5886/2025	Issued 12.12.2025	IPH — Institute of Public Health (ЈЗУ Институт за јавно здравје на РСМ)	https://drive.google.com/file/d/1aOn1obLWCokQiMQe3hDS8JXD5sj4EOKb/view
32	GP072501/1	P050292	Grape Pie	Heavy metals (Ph.Eur. 2.4.27, MKC EN 17851:2023) — Arsenic (arsen/As)	≤ 0.2 mg/kg	0.03 mg/kg	5886/2025	Issued 12.12.2025	IPH — Institute of Public Health (ЈЗУ Институт за јавно здравје на РСМ)	https://drive.google.com/file/d/1aOn1obLWCokQiMQe3hDS8JXD5sj4EOKb/view
32	GP072501/1	P050292	Grape Pie	Heavy metals (Ph.Eur. 2.4.27, MKC EN 17851:2023) — Mercury (ziva/Hg)	≤ 0.1 mg/kg	0.025 mg/kg	5886/2025	Issued 12.12.2025	IPH — Institute of Public Health (ЈЗУ Институт за јавно здравје на РСМ)	https://drive.google.com/file/d/1aOn1obLWCokQiMQe3hDS8JXD5sj4EOKb/view
32	GP072501/1	P050292	Grape Pie	Microbiology (Ph.Eur. 5.1.8 cat C) — Total aerobic microbial count (TAMC)	≤ 10^5 CFU/g	6×10^3 CFU/g	1228/2194/25	Issued ~Dec 2025	IPH — Institute of Public Health (ЈЗУ Институт за јавно здравје на РСМ)	https://drive.google.com/file/d/1aOn1obLWCokQiMQe3hDS8JXD5sj4EOKb/view
32	GP072501/1	P050292	Grape Pie	Microbiology (Ph.Eur. 5.1.8 cat C) — Total combined yeasts/moulds count (TYMC)	≤ 10^4 CFU/g	6.5×10^3 CFU/g	1228/2194/25	Issued ~Dec 2025	IPH — Institute of Public Health (ЈЗУ Институт за јавно здравје на РСМ)	https://drive.google.com/file/d/1aOn1obLWCokQiMQe3hDS8JXD5sj4EOKb/view
32	GP072501/1	P050292	Grape Pie	Microbiology (Ph.Eur. 2.6.12) — Bile-tolerant gram-negative bacteria	≤ 10^4 CFU/g	< 10	1228/2194/25	Issued ~Dec 2025	IPH — Institute of Public Health (ЈЗУ Институт за јавно здравје на РСМ)	https://drive.google.com/file/d/1aOn1obLWCokQiMQe3hDS8JXD5sj4EOKb/view
32	GP072501/1	P050292	Grape Pie	Microbiology (Ph.Eur. 2.6.12) — Escherichia coli /g	To be absent	Odgovara (Absent)	1228/2194/25	Issued ~Dec 2025	IPH — Institute of Public Health (ЈЗУ Институт за јавно здравје на РСМ)	https://drive.google.com/file/d/1aOn1obLWCokQiMQe3hDS8JXD5sj4EOKb/view
32	GP072501/1	P050292	Grape Pie	Microbiology (Ph.Eur. 2.6.31) — Salmonella /25g	To be absent	Odgovara (Absent)	1228/2194/25	Issued ~Dec 2025	IPH — Institute of Public Health (ЈЗУ Институт за јавно здравје на РСМ)	https://drive.google.com/file/d/1aOn1obLWCokQiMQe3hDS8JXD5sj4EOKb/view
33	GP072501/2	P050302	Grape Pie	Assay — Total Δ9-tetrahydrocannabinol	17.8-21.7% of labelled amount	19.81%	PP CoA #019 / ППК25379	21.01.2026 (UKIM completed Nov-Dec 2025)	Purely Plant GmbH (in-house QC) / UKIM Faculty of Pharmacy	https://drive.google.com/file/d/15CnjXMVH2X9VnvqI-1FwqfrmeZ91ZnSC/view
33	GP072501/2	P050302	Grape Pie	Assay — Total Cannabidiol	< 1.0%	0.10%	PP CoA #019 / ППК25379	21.01.2026 (UKIM completed Nov-Dec 2025)	Purely Plant GmbH (in-house QC) / UKIM Faculty of Pharmacy	https://drive.google.com/file/d/15CnjXMVH2X9VnvqI-1FwqfrmeZ91ZnSC/view
33	GP072501/2	P050302	Grape Pie	Related substances — Cannabinol	n/a (printed without spec on CoA)	0.03%	PP CoA #019 / ППК25379	21.01.2026 (UKIM completed Nov-Dec 2025)	Purely Plant GmbH (in-house QC) / UKIM Faculty of Pharmacy	https://drive.google.com/file/d/15CnjXMVH2X9VnvqI-1FwqfrmeZ91ZnSC/view
33	GP072501/2	P050302	Grape Pie	Cannabinoid profile — CBDA	n/a (informational)	0.11%	ППК25379	Completed Nov-Dec 2025	UKIM Faculty of Pharmacy — Center for Natural Products	https://drive.google.com/file/d/15CnjXMVH2X9VnvqI-1FwqfrmeZ91ZnSC/view
33	GP072501/2	P050302	Grape Pie	Cannabinoid profile — Δ9-THC	n/a (informational)	1.07%	ППК25379	Completed Nov-Dec 2025	UKIM Faculty of Pharmacy — Center for Natural Products	https://drive.google.com/file/d/15CnjXMVH2X9VnvqI-1FwqfrmeZ91ZnSC/view
33	GP072501/2	P050302	Grape Pie	Cannabinoid profile — Δ9-THCA	n/a (informational)	21.37%	ППК25379	Completed Nov-Dec 2025	UKIM Faculty of Pharmacy — Center for Natural Products	https://drive.google.com/file/d/15CnjXMVH2X9VnvqI-1FwqfrmeZ91ZnSC/view
33	GP072501/2	P050302	Grape Pie	Loss on drying	≤ 10.00% (UKIM spec)	7.41%	PP CoA #019 / ППК25379	21.01.2026 (UKIM completed Nov-Dec 2025)	Purely Plant GmbH (in-house QC) / UKIM Faculty of Pharmacy	https://drive.google.com/file/d/15CnjXMVH2X9VnvqI-1FwqfrmeZ91ZnSC/view
33	GP072501/2	P050302	Grape Pie	Mycotoxins (Ph.Eur. 2.8.18, AflaTest fluorometric) — Total aflatoxins (sum B1+B2+G1+G2)	≤ 4 µg/kg	< 2 µg/kg	5887/2025	Issued 12.12.2025	IPH — Institute of Public Health (ЈЗУ Институт за јавно здравје на РСМ)	https://drive.google.com/file/d/15CnjXMVH2X9VnvqI-1FwqfrmeZ91ZnSC/view
33	GP072501/2	P050302	Grape Pie	Pesticide/insecticide screen (Ph.Eur. 2.8.13, MKC EN 15662:2020) — Lindan (Gama HCH)	≤ 0.6 mg/kg	Н.д. (not detected)	5887/2025	Issued 12.12.2025	IPH — Institute of Public Health (ЈЗУ Институт за јавно здравје на РСМ)	https://drive.google.com/file/d/15CnjXMVH2X9VnvqI-1FwqfrmeZ91ZnSC/view
33	GP072501/2	P050302	Grape Pie	Pesticide/insecticide screen (Ph.Eur. 2.8.13, MKC EN 15662:2020) — Aldrin	≤ 0.05 mg/kg	Н.д. (not detected)	5887/2025	Issued 12.12.2025	IPH — Institute of Public Health (ЈЗУ Институт за јавно здравје на РСМ)	https://drive.google.com/file/d/15CnjXMVH2X9VnvqI-1FwqfrmeZ91ZnSC/view
33	GP072501/2	P050302	Grape Pie	Pesticide/insecticide screen (Ph.Eur. 2.8.13, MKC EN 15662:2020) — Dieldrin i Aldrin (expressed as Dieldrin)	≤ 0.05 mg/kg	Н.д. (not detected)	5887/2025	Issued 12.12.2025	IPH — Institute of Public Health (ЈЗУ Институт за јавно здравје на РСМ)	https://drive.google.com/file/d/15CnjXMVH2X9VnvqI-1FwqfrmeZ91ZnSC/view
33	GP072501/2	P050302	Grape Pie	Pesticide/insecticide screen (Ph.Eur. 2.8.13, MKC EN 15662:2020) — HCB (Hexachlorobenzene)	≤ 0.1 mg/kg	Н.д. (not detected)	5887/2025	Issued 12.12.2025	IPH — Institute of Public Health (ЈЗУ Институт за јавно здравје на РСМ)	https://drive.google.com/file/d/15CnjXMVH2X9VnvqI-1FwqfrmeZ91ZnSC/view
33	GP072501/2	P050302	Grape Pie	Pesticide/insecticide screen (Ph.Eur. 2.8.13, MKC EN 15662:2020) — 4,4' DDE	≤ 1 mg/kg	Н.д. (not detected)	5887/2025	Issued 12.12.2025	IPH — Institute of Public Health (ЈЗУ Институт за јавно здравје на РСМ)	https://drive.google.com/file/d/15CnjXMVH2X9VnvqI-1FwqfrmeZ91ZnSC/view
33	GP072501/2	P050302	Grape Pie	Pesticide/insecticide screen (Ph.Eur. 2.8.13, MKC EN 15662:2020) — 4,4' DDD	≤ 1 mg/kg	Н.д. (not detected)	5887/2025	Issued 12.12.2025	IPH — Institute of Public Health (ЈЗУ Институт за јавно здравје на РСМ)	https://drive.google.com/file/d/15CnjXMVH2X9VnvqI-1FwqfrmeZ91ZnSC/view
33	GP072501/2	P050302	Grape Pie	Pesticide/insecticide screen (Ph.Eur. 2.8.13, MKC EN 15662:2020) — 4,4' DDT	≤ 1 mg/kg	Н.д. (not detected)	5887/2025	Issued 12.12.2025	IPH — Institute of Public Health (ЈЗУ Институт за јавно здравје на РСМ)	https://drive.google.com/file/d/15CnjXMVH2X9VnvqI-1FwqfrmeZ91ZnSC/view
33	GP072501/2	P050302	Grape Pie	Pesticide/insecticide screen (Ph.Eur. 2.8.13, MKC EN 15662:2020) — Vkupno DDT (Total DDT)	≤ 1 mg/kg	Н.д. (not detected)	5887/2025	Issued 12.12.2025	IPH — Institute of Public Health (ЈЗУ Институт за јавно здравје на РСМ)	https://drive.google.com/file/d/15CnjXMVH2X9VnvqI-1FwqfrmeZ91ZnSC/view
33	GP072501/2	P050302	Grape Pie	Pesticide/insecticide screen (Ph.Eur. 2.8.13, MKC EN 15662:2020) — delta HCH	≤ 0.3 mg/kg	Н.д. (not detected)	5887/2025	Issued 12.12.2025	IPH — Institute of Public Health (ЈЗУ Институт за јавно здравје на РСМ)	https://drive.google.com/file/d/15CnjXMVH2X9VnvqI-1FwqfrmeZ91ZnSC/view
33	GP072501/2	P050302	Grape Pie	Pesticide/insecticide screen (Ph.Eur. 2.8.13, MKC EN 15662:2020) — alpha HCH	≤ 0.3 mg/kg	Н.д. (not detected)	5887/2025	Issued 12.12.2025	IPH — Institute of Public Health (ЈЗУ Институт за јавно здравје на РСМ)	https://drive.google.com/file/d/15CnjXMVH2X9VnvqI-1FwqfrmeZ91ZnSC/view
33	GP072501/2	P050302	Grape Pie	Pesticide/insecticide screen (Ph.Eur. 2.8.13, MKC EN 15662:2020) — beta HCH	≤ 0.3 mg/kg	Н.д. (not detected)	5887/2025	Issued 12.12.2025	IPH — Institute of Public Health (ЈЗУ Институт за јавно здравје на РСМ)	https://drive.google.com/file/d/15CnjXMVH2X9VnvqI-1FwqfrmeZ91ZnSC/view
33	GP072501/2	P050302	Grape Pie	Pesticide/insecticide screen (Ph.Eur. 2.8.13, MKC EN 15662:2020) — Endrin	≤ 0.05 mg/kg	Н.д. (not detected)	5887/2025	Issued 12.12.2025	IPH — Institute of Public Health (ЈЗУ Институт за јавно здравје на РСМ)	https://drive.google.com/file/d/15CnjXMVH2X9VnvqI-1FwqfrmeZ91ZnSC/view
33	GP072501/2	P050302	Grape Pie	Pesticide/insecticide screen (Ph.Eur. 2.8.13, MKC EN 15662:2020) — Chlorpyriphos-methyl	≤ 0.1 mg/kg	Н.д. (not detected)	5887/2025	Issued 12.12.2025	IPH — Institute of Public Health (ЈЗУ Институт за јавно здравје на РСМ)	https://drive.google.com/file/d/15CnjXMVH2X9VnvqI-1FwqfrmeZ91ZnSC/view
33	GP072501/2	P050302	Grape Pie	Pesticide/insecticide screen (Ph.Eur. 2.8.13, MKC EN 15662:2020) — Chlorpyrifos (Chlorpyriphos-ethyl)	≤ 0.2 mg/kg	Н.д. (not detected)	5887/2025	Issued 12.12.2025	IPH — Institute of Public Health (ЈЗУ Институт за јавно здравје на РСМ)	https://drive.google.com/file/d/15CnjXMVH2X9VnvqI-1FwqfrmeZ91ZnSC/view
33	GP072501/2	P050302	Grape Pie	Pesticide/insecticide screen (Ph.Eur. 2.8.13, MKC EN 15662:2020) — Heptachlor (sum of Heptachlor + Heptachlor epoxide)	≤ 0.05 mg/kg	Н.д. (not detected)	5887/2025	Issued 12.12.2025	IPH — Institute of Public Health (ЈЗУ Институт за јавно здравје на РСМ)	https://drive.google.com/file/d/15CnjXMVH2X9VnvqI-1FwqfrmeZ91ZnSC/view
33	GP072501/2	P050302	Grape Pie	Pesticide/insecticide screen (Ph.Eur. 2.8.13, MKC EN 15662:2020) — Endosulfan (alpha, beta and endosulfan sulfate)	≤ 3 mg/kg	Н.д. (not detected)	5887/2025	Issued 12.12.2025	IPH — Institute of Public Health (ЈЗУ Институт за јавно здравје на РСМ)	https://drive.google.com/file/d/15CnjXMVH2X9VnvqI-1FwqfrmeZ91ZnSC/view
33	GP072501/2	P050302	Grape Pie	Pesticide/insecticide screen (Ph.Eur. 2.8.13, MKC EN 15662:2020) — Deltamethrin	≤ 0.5 mg/kg	Н.д. (not detected)	5887/2025	Issued 12.12.2025	IPH — Institute of Public Health (ЈЗУ Институт за јавно здравје на РСМ)	https://drive.google.com/file/d/15CnjXMVH2X9VnvqI-1FwqfrmeZ91ZnSC/view
33	GP072501/2	P050302	Grape Pie	Pesticide/insecticide screen (Ph.Eur. 2.8.13, MKC EN 15662:2020) — Chlordane (sum of cis- and trans-chlordane)	≤ 0.05 mg/kg	Н.д. (not detected)	5887/2025	Issued 12.12.2025	IPH — Institute of Public Health (ЈЗУ Институт за јавно здравје на РСМ)	https://drive.google.com/file/d/15CnjXMVH2X9VnvqI-1FwqfrmeZ91ZnSC/view
33	GP072501/2	P050302	Grape Pie	Pesticide/insecticide screen (Ph.Eur. 2.8.13, MKC EN 15662:2020) — Metoxychlor	≤ 0.05 mg/kg	Н.д. (not detected)	5887/2025	Issued 12.12.2025	IPH — Institute of Public Health (ЈЗУ Институт за јавно здравје на РСМ)	https://drive.google.com/file/d/15CnjXMVH2X9VnvqI-1FwqfrmeZ91ZnSC/view
33	GP072501/2	P050302	Grape Pie	Pesticide/insecticide screen (Ph.Eur. 2.8.13, MKC EN 15662:2020) — Heptachlor epoxide	≤ 0.05 mg/kg	Н.д. (not detected)	5887/2025	Issued 12.12.2025	IPH — Institute of Public Health (ЈЗУ Институт за јавно здравје на РСМ)	https://drive.google.com/file/d/15CnjXMVH2X9VnvqI-1FwqfrmeZ91ZnSC/view
33	GP072501/2	P050302	Grape Pie	Pesticide/insecticide screen (Ph.Eur. 2.8.13, MKC EN 15662:2020) — Endrin aldehyde	≤ 0.05 mg/kg	Н.д. (not detected)	5887/2025	Issued 12.12.2025	IPH — Institute of Public Health (ЈЗУ Институт за јавно здравје на РСМ)	https://drive.google.com/file/d/15CnjXMVH2X9VnvqI-1FwqfrmeZ91ZnSC/view
33	GP072501/2	P050302	Grape Pie	Pesticide/insecticide screen (Ph.Eur. 2.8.13, MKC EN 15662:2020) — alpha Endosulfan	≤ 3 mg/kg	Н.д. (not detected)	5887/2025	Issued 12.12.2025	IPH — Institute of Public Health (ЈЗУ Институт за јавно здравје на РСМ)	https://drive.google.com/file/d/15CnjXMVH2X9VnvqI-1FwqfrmeZ91ZnSC/view
33	GP072501/2	P050302	Grape Pie	Pesticide/insecticide screen (Ph.Eur. 2.8.13, MKC EN 15662:2020) — beta Endosulfan	≤ 3 mg/kg	Н.д. (not detected)	5887/2025	Issued 12.12.2025	IPH — Institute of Public Health (ЈЗУ Институт за јавно здравје на РСМ)	https://drive.google.com/file/d/15CnjXMVH2X9VnvqI-1FwqfrmeZ91ZnSC/view
33	GP072501/2	P050302	Grape Pie	Pesticide/insecticide screen (Ph.Eur. 2.8.13, MKC EN 15662:2020) — Endrin keton	≤ 0.05 mg/kg	Н.д. (not detected)	5887/2025	Issued 12.12.2025	IPH — Institute of Public Health (ЈЗУ Институт за јавно здравје на РСМ)	https://drive.google.com/file/d/15CnjXMVH2X9VnvqI-1FwqfrmeZ91ZnSC/view
33	GP072501/2	P050302	Grape Pie	Pesticide/insecticide screen (Ph.Eur. 2.8.13, MKC EN 15662:2020) — trans-Chlordane	≤ 0.05 mg/kg	Н.д. (not detected)	5887/2025	Issued 12.12.2025	IPH — Institute of Public Health (ЈЗУ Институт за јавно здравје на РСМ)	https://drive.google.com/file/d/15CnjXMVH2X9VnvqI-1FwqfrmeZ91ZnSC/view
33	GP072501/2	P050302	Grape Pie	Pesticide/insecticide screen (Ph.Eur. 2.8.13, MKC EN 15662:2020) — cis-Chlordane	≤ 0.05 mg/kg	Н.д. (not detected)	5887/2025	Issued 12.12.2025	IPH — Institute of Public Health (ЈЗУ Институт за јавно здравје на РСМ)	https://drive.google.com/file/d/15CnjXMVH2X9VnvqI-1FwqfrmeZ91ZnSC/view
33	GP072501/2	P050302	Grape Pie	Pesticide/insecticide screen (Ph.Eur. 2.8.13, MKC EN 15662:2020) — Dieldrin	≤ 0.05 mg/kg	Н.д. (not detected)	5887/2025	Issued 12.12.2025	IPH — Institute of Public Health (ЈЗУ Институт за јавно здравје на РСМ)	https://drive.google.com/file/d/15CnjXMVH2X9VnvqI-1FwqfrmeZ91ZnSC/view
33	GP072501/2	P050302	Grape Pie	Pesticide/insecticide screen (Ph.Eur. 2.8.13, MKC EN 15662:2020) — Heptachlor	≤ 0.05 mg/kg	Н.д. (not detected)	5887/2025	Issued 12.12.2025	IPH — Institute of Public Health (ЈЗУ Институт за јавно здравје на РСМ)	https://drive.google.com/file/d/15CnjXMVH2X9VnvqI-1FwqfrmeZ91ZnSC/view
33	GP072501/2	P050302	Grape Pie	Pesticide/insecticide screen (Ph.Eur. 2.8.13, MKC EN 15662:2020) — Endosulfan sulfate	≤ 3 mg/kg	Н.д. (not detected)	5887/2025	Issued 12.12.2025	IPH — Institute of Public Health (ЈЗУ Институт за јавно здравје на РСМ)	https://drive.google.com/file/d/15CnjXMVH2X9VnvqI-1FwqfrmeZ91ZnSC/view
33	GP072501/2	P050302	Grape Pie	Heavy metals (Ph.Eur. 2.4.27, MKC EN 17851:2023) — Lead (olovo/Pb)	≤ 0.5 mg/kg	0.017 mg/kg	5887/2025	Issued 12.12.2025	IPH — Institute of Public Health (ЈЗУ Институт за јавно здравје на РСМ)	https://drive.google.com/file/d/15CnjXMVH2X9VnvqI-1FwqfrmeZ91ZnSC/view
33	GP072501/2	P050302	Grape Pie	Heavy metals (Ph.Eur. 2.4.27, MKC EN 17851:2023) — Cadmium (kadmium/Cd)	≤ 0.3 mg/kg	0.0028 mg/kg	5887/2025	Issued 12.12.2025	IPH — Institute of Public Health (ЈЗУ Институт за јавно здравје на РСМ)	https://drive.google.com/file/d/15CnjXMVH2X9VnvqI-1FwqfrmeZ91ZnSC/view
33	GP072501/2	P050302	Grape Pie	Heavy metals (Ph.Eur. 2.4.27, MKC EN 17851:2023) — Arsenic (arsen/As)	≤ 0.2 mg/kg	0.02 mg/kg	5887/2025	Issued 12.12.2025	IPH — Institute of Public Health (ЈЗУ Институт за јавно здравје на РСМ)	https://drive.google.com/file/d/15CnjXMVH2X9VnvqI-1FwqfrmeZ91ZnSC/view
33	GP072501/2	P050302	Grape Pie	Heavy metals (Ph.Eur. 2.4.27, MKC EN 17851:2023) — Mercury (ziva/Hg)	≤ 0.1 mg/kg	0.019 mg/kg	5887/2025	Issued 12.12.2025	IPH — Institute of Public Health (ЈЗУ Институт за јавно здравје на РСМ)	https://drive.google.com/file/d/15CnjXMVH2X9VnvqI-1FwqfrmeZ91ZnSC/view
33	GP072501/2	P050302	Grape Pie	Microbiology (Ph.Eur. 5.1.8 cat C) — Total aerobic microbial count (TAMC)	≤ 10^5 CFU/g	2×10^2 CFU/g	1229/2195/25	Issued ~Dec 2025	IPH — Institute of Public Health (ЈЗУ Институт за јавно здравје на РСМ)	https://drive.google.com/file/d/15CnjXMVH2X9VnvqI-1FwqfrmeZ91ZnSC/view
33	GP072501/2	P050302	Grape Pie	Microbiology (Ph.Eur. 5.1.8 cat C) — Total combined yeasts/moulds count (TYMC)	≤ 10^4 CFU/g	3×10^2 CFU/g	1229/2195/25	Issued ~Dec 2025	IPH — Institute of Public Health (ЈЗУ Институт за јавно здравје на РСМ)	https://drive.google.com/file/d/15CnjXMVH2X9VnvqI-1FwqfrmeZ91ZnSC/view
33	GP072501/2	P050302	Grape Pie	Microbiology (Ph.Eur. 2.6.12) — Bile-tolerant gram-negative bacteria	≤ 10^4 CFU/g	< 10	1229/2195/25	Issued ~Dec 2025	IPH — Institute of Public Health (ЈЗУ Институт за јавно здравје на РСМ)	https://drive.google.com/file/d/15CnjXMVH2X9VnvqI-1FwqfrmeZ91ZnSC/view
33	GP072501/2	P050302	Grape Pie	Microbiology (Ph.Eur. 2.6.12) — Escherichia coli /g	To be absent	Odgovara (Absent)	1229/2195/25	Issued ~Dec 2025	IPH — Institute of Public Health (ЈЗУ Институт за јавно здравје на РСМ)	https://drive.google.com/file/d/15CnjXMVH2X9VnvqI-1FwqfrmeZ91ZnSC/view
33	GP072501/2	P050302	Grape Pie	Microbiology (Ph.Eur. 2.6.31) — Salmonella /25g	To be absent	Odgovara (Absent)	1229/2195/25	Issued ~Dec 2025	IPH — Institute of Public Health (ЈЗУ Институт за јавно здравје на РСМ)	https://drive.google.com/file/d/15CnjXMVH2X9VnvqI-1FwqfrmeZ91ZnSC/view
34	GP082501/1	P050312	Grape Pie	Assay — Total Δ9-tetrahydrocannabinol	19.1-23.4% of labelled amount	21.29%	PP CoA #020 / ППК25380	21.01.2026 (UKIM completed Nov-Dec 2025)	Purely Plant GmbH (in-house QC) / UKIM Faculty of Pharmacy	https://drive.google.com/file/d/13WTfTmr_Hff07rGk_fanJzPD6vrz8JIa/view
34	GP082501/1	P050312	Grape Pie	Assay — Total Cannabidiol	< 1.0%	0.08%	PP CoA #020 / ППК25380	21.01.2026 (UKIM completed Nov-Dec 2025)	Purely Plant GmbH (in-house QC) / UKIM Faculty of Pharmacy	https://drive.google.com/file/d/13WTfTmr_Hff07rGk_fanJzPD6vrz8JIa/view
34	GP082501/1	P050312	Grape Pie	Related substances — Cannabinol	≤ 1.00%	0.03%	ППК25380	Completed Nov-Dec 2025	UKIM Faculty of Pharmacy — Center for Natural Products	https://drive.google.com/file/d/13WTfTmr_Hff07rGk_fanJzPD6vrz8JIa/view
34	GP082501/1	P050312	Grape Pie	Cannabinoid profile — CBDA	n/a (informational)	0.09%	ППК25380	Completed Nov-Dec 2025	UKIM Faculty of Pharmacy — Center for Natural Products	https://drive.google.com/file/d/13WTfTmr_Hff07rGk_fanJzPD6vrz8JIa/view
34	GP082501/1	P050312	Grape Pie	Cannabinoid profile — Δ9-THC	n/a (informational)	1.14%	ППК25380	Completed Nov-Dec 2025	UKIM Faculty of Pharmacy — Center for Natural Products	https://drive.google.com/file/d/13WTfTmr_Hff07rGk_fanJzPD6vrz8JIa/view
34	GP082501/1	P050312	Grape Pie	Cannabinoid profile — Δ9-THCA	n/a (informational)	22.98%	ППК25380	Completed Nov-Dec 2025	UKIM Faculty of Pharmacy — Center for Natural Products	https://drive.google.com/file/d/13WTfTmr_Hff07rGk_fanJzPD6vrz8JIa/view
34	GP082501/1	P050312	Grape Pie	Loss on drying	≤ 10.00% (UKIM spec)	6.29%	PP CoA #020 / ППК25380	21.01.2026 (UKIM completed Nov-Dec 2025)	Purely Plant GmbH (in-house QC) / UKIM Faculty of Pharmacy	https://drive.google.com/file/d/13WTfTmr_Hff07rGk_fanJzPD6vrz8JIa/view
34	GP082501/1	P050312	Grape Pie	Mycotoxins (Ph.Eur. 2.8.18, AflaTest fluorometric) — Total aflatoxins (sum B1+B2+G1+G2)	≤ 4 µg/kg	< 2 µg/kg	5888/2025	Issued 12.12.2025	IPH — Institute of Public Health (ЈЗУ Институт за јавно здравје на РСМ)	https://drive.google.com/file/d/13WTfTmr_Hff07rGk_fanJzPD6vrz8JIa/view
34	GP082501/1	P050312	Grape Pie	Pesticide/insecticide screen (Ph.Eur. 2.8.13, MKC EN 15662:2020) — Lindan (Gama HCH)	≤ 0.6 mg/kg	Н.д. (not detected)	5888/2025	Issued 12.12.2025	IPH — Institute of Public Health (ЈЗУ Институт за јавно здравје на РСМ)	https://drive.google.com/file/d/13WTfTmr_Hff07rGk_fanJzPD6vrz8JIa/view
34	GP082501/1	P050312	Grape Pie	Pesticide/insecticide screen (Ph.Eur. 2.8.13, MKC EN 15662:2020) — Aldrin	≤ 0.05 mg/kg	Н.д. (not detected)	5888/2025	Issued 12.12.2025	IPH — Institute of Public Health (ЈЗУ Институт за јавно здравје на РСМ)	https://drive.google.com/file/d/13WTfTmr_Hff07rGk_fanJzPD6vrz8JIa/view
34	GP082501/1	P050312	Grape Pie	Pesticide/insecticide screen (Ph.Eur. 2.8.13, MKC EN 15662:2020) — Dieldrin i Aldrin (expressed as Dieldrin)	≤ 0.05 mg/kg	Н.д. (not detected)	5888/2025	Issued 12.12.2025	IPH — Institute of Public Health (ЈЗУ Институт за јавно здравје на РСМ)	https://drive.google.com/file/d/13WTfTmr_Hff07rGk_fanJzPD6vrz8JIa/view
34	GP082501/1	P050312	Grape Pie	Pesticide/insecticide screen (Ph.Eur. 2.8.13, MKC EN 15662:2020) — HCB (Hexachlorobenzene)	≤ 0.1 mg/kg	Н.д. (not detected)	5888/2025	Issued 12.12.2025	IPH — Institute of Public Health (ЈЗУ Институт за јавно здравје на РСМ)	https://drive.google.com/file/d/13WTfTmr_Hff07rGk_fanJzPD6vrz8JIa/view
34	GP082501/1	P050312	Grape Pie	Pesticide/insecticide screen (Ph.Eur. 2.8.13, MKC EN 15662:2020) — 4,4' DDE	≤ 1 mg/kg	Н.д. (not detected)	5888/2025	Issued 12.12.2025	IPH — Institute of Public Health (ЈЗУ Институт за јавно здравје на РСМ)	https://drive.google.com/file/d/13WTfTmr_Hff07rGk_fanJzPD6vrz8JIa/view
34	GP082501/1	P050312	Grape Pie	Pesticide/insecticide screen (Ph.Eur. 2.8.13, MKC EN 15662:2020) — 4,4' DDD	≤ 1 mg/kg	Н.д. (not detected)	5888/2025	Issued 12.12.2025	IPH — Institute of Public Health (ЈЗУ Институт за јавно здравје на РСМ)	https://drive.google.com/file/d/13WTfTmr_Hff07rGk_fanJzPD6vrz8JIa/view
34	GP082501/1	P050312	Grape Pie	Pesticide/insecticide screen (Ph.Eur. 2.8.13, MKC EN 15662:2020) — 4,4' DDT	≤ 1 mg/kg	Н.д. (not detected)	5888/2025	Issued 12.12.2025	IPH — Institute of Public Health (ЈЗУ Институт за јавно здравје на РСМ)	https://drive.google.com/file/d/13WTfTmr_Hff07rGk_fanJzPD6vrz8JIa/view
34	GP082501/1	P050312	Grape Pie	Pesticide/insecticide screen (Ph.Eur. 2.8.13, MKC EN 15662:2020) — Vkupno DDT (Total DDT)	≤ 1 mg/kg	Н.д. (not detected)	5888/2025	Issued 12.12.2025	IPH — Institute of Public Health (ЈЗУ Институт за јавно здравје на РСМ)	https://drive.google.com/file/d/13WTfTmr_Hff07rGk_fanJzPD6vrz8JIa/view
34	GP082501/1	P050312	Grape Pie	Pesticide/insecticide screen (Ph.Eur. 2.8.13, MKC EN 15662:2020) — delta HCH	≤ 0.3 mg/kg	Н.д. (not detected)	5888/2025	Issued 12.12.2025	IPH — Institute of Public Health (ЈЗУ Институт за јавно здравје на РСМ)	https://drive.google.com/file/d/13WTfTmr_Hff07rGk_fanJzPD6vrz8JIa/view
34	GP082501/1	P050312	Grape Pie	Pesticide/insecticide screen (Ph.Eur. 2.8.13, MKC EN 15662:2020) — alpha HCH	≤ 0.3 mg/kg	Н.д. (not detected)	5888/2025	Issued 12.12.2025	IPH — Institute of Public Health (ЈЗУ Институт за јавно здравје на РСМ)	https://drive.google.com/file/d/13WTfTmr_Hff07rGk_fanJzPD6vrz8JIa/view
34	GP082501/1	P050312	Grape Pie	Pesticide/insecticide screen (Ph.Eur. 2.8.13, MKC EN 15662:2020) — beta HCH	≤ 0.3 mg/kg	Н.д. (not detected)	5888/2025	Issued 12.12.2025	IPH — Institute of Public Health (ЈЗУ Институт за јавно здравје на РСМ)	https://drive.google.com/file/d/13WTfTmr_Hff07rGk_fanJzPD6vrz8JIa/view
34	GP082501/1	P050312	Grape Pie	Pesticide/insecticide screen (Ph.Eur. 2.8.13, MKC EN 15662:2020) — Endrin	≤ 0.05 mg/kg	Н.д. (not detected)	5888/2025	Issued 12.12.2025	IPH — Institute of Public Health (ЈЗУ Институт за јавно здравје на РСМ)	https://drive.google.com/file/d/13WTfTmr_Hff07rGk_fanJzPD6vrz8JIa/view
34	GP082501/1	P050312	Grape Pie	Pesticide/insecticide screen (Ph.Eur. 2.8.13, MKC EN 15662:2020) — Chlorpyriphos-methyl	≤ 0.1 mg/kg	Н.д. (not detected)	5888/2025	Issued 12.12.2025	IPH — Institute of Public Health (ЈЗУ Институт за јавно здравје на РСМ)	https://drive.google.com/file/d/13WTfTmr_Hff07rGk_fanJzPD6vrz8JIa/view
34	GP082501/1	P050312	Grape Pie	Pesticide/insecticide screen (Ph.Eur. 2.8.13, MKC EN 15662:2020) — Chlorpyrifos (Chlorpyriphos-ethyl)	≤ 0.2 mg/kg	Н.д. (not detected)	5888/2025	Issued 12.12.2025	IPH — Institute of Public Health (ЈЗУ Институт за јавно здравје на РСМ)	https://drive.google.com/file/d/13WTfTmr_Hff07rGk_fanJzPD6vrz8JIa/view
34	GP082501/1	P050312	Grape Pie	Pesticide/insecticide screen (Ph.Eur. 2.8.13, MKC EN 15662:2020) — Heptachlor (sum of Heptachlor + Heptachlor epoxide)	≤ 0.05 mg/kg	Н.д. (not detected)	5888/2025	Issued 12.12.2025	IPH — Institute of Public Health (ЈЗУ Институт за јавно здравје на РСМ)	https://drive.google.com/file/d/13WTfTmr_Hff07rGk_fanJzPD6vrz8JIa/view
34	GP082501/1	P050312	Grape Pie	Pesticide/insecticide screen (Ph.Eur. 2.8.13, MKC EN 15662:2020) — Endosulfan (alpha, beta and endosulfan sulfate)	≤ 3 mg/kg	Н.д. (not detected)	5888/2025	Issued 12.12.2025	IPH — Institute of Public Health (ЈЗУ Институт за јавно здравје на РСМ)	https://drive.google.com/file/d/13WTfTmr_Hff07rGk_fanJzPD6vrz8JIa/view
34	GP082501/1	P050312	Grape Pie	Pesticide/insecticide screen (Ph.Eur. 2.8.13, MKC EN 15662:2020) — Deltamethrin	≤ 0.5 mg/kg	Н.д. (not detected)	5888/2025	Issued 12.12.2025	IPH — Institute of Public Health (ЈЗУ Институт за јавно здравје на РСМ)	https://drive.google.com/file/d/13WTfTmr_Hff07rGk_fanJzPD6vrz8JIa/view
34	GP082501/1	P050312	Grape Pie	Pesticide/insecticide screen (Ph.Eur. 2.8.13, MKC EN 15662:2020) — Chlordane (sum of cis- and trans-chlordane)	≤ 0.05 mg/kg	Н.д. (not detected)	5888/2025	Issued 12.12.2025	IPH — Institute of Public Health (ЈЗУ Институт за јавно здравје на РСМ)	https://drive.google.com/file/d/13WTfTmr_Hff07rGk_fanJzPD6vrz8JIa/view
34	GP082501/1	P050312	Grape Pie	Pesticide/insecticide screen (Ph.Eur. 2.8.13, MKC EN 15662:2020) — Metoxychlor	≤ 0.05 mg/kg	Н.д. (not detected)	5888/2025	Issued 12.12.2025	IPH — Institute of Public Health (ЈЗУ Институт за јавно здравје на РСМ)	https://drive.google.com/file/d/13WTfTmr_Hff07rGk_fanJzPD6vrz8JIa/view
34	GP082501/1	P050312	Grape Pie	Pesticide/insecticide screen (Ph.Eur. 2.8.13, MKC EN 15662:2020) — Heptachlor epoxide	≤ 0.05 mg/kg	Н.д. (not detected)	5888/2025	Issued 12.12.2025	IPH — Institute of Public Health (ЈЗУ Институт за јавно здравје на РСМ)	https://drive.google.com/file/d/13WTfTmr_Hff07rGk_fanJzPD6vrz8JIa/view
34	GP082501/1	P050312	Grape Pie	Pesticide/insecticide screen (Ph.Eur. 2.8.13, MKC EN 15662:2020) — Endrin aldehyde	≤ 0.05 mg/kg	Н.д. (not detected)	5888/2025	Issued 12.12.2025	IPH — Institute of Public Health (ЈЗУ Институт за јавно здравје на РСМ)	https://drive.google.com/file/d/13WTfTmr_Hff07rGk_fanJzPD6vrz8JIa/view
34	GP082501/1	P050312	Grape Pie	Pesticide/insecticide screen (Ph.Eur. 2.8.13, MKC EN 15662:2020) — alpha Endosulfan	≤ 3 mg/kg	Н.д. (not detected)	5888/2025	Issued 12.12.2025	IPH — Institute of Public Health (ЈЗУ Институт за јавно здравје на РСМ)	https://drive.google.com/file/d/13WTfTmr_Hff07rGk_fanJzPD6vrz8JIa/view
34	GP082501/1	P050312	Grape Pie	Pesticide/insecticide screen (Ph.Eur. 2.8.13, MKC EN 15662:2020) — beta Endosulfan	≤ 3 mg/kg	Н.д. (not detected)	5888/2025	Issued 12.12.2025	IPH — Institute of Public Health (ЈЗУ Институт за јавно здравје на РСМ)	https://drive.google.com/file/d/13WTfTmr_Hff07rGk_fanJzPD6vrz8JIa/view
34	GP082501/1	P050312	Grape Pie	Pesticide/insecticide screen (Ph.Eur. 2.8.13, MKC EN 15662:2020) — Endrin keton	≤ 0.05 mg/kg	Н.д. (not detected)	5888/2025	Issued 12.12.2025	IPH — Institute of Public Health (ЈЗУ Институт за јавно здравје на РСМ)	https://drive.google.com/file/d/13WTfTmr_Hff07rGk_fanJzPD6vrz8JIa/view
34	GP082501/1	P050312	Grape Pie	Pesticide/insecticide screen (Ph.Eur. 2.8.13, MKC EN 15662:2020) — trans-Chlordane	≤ 0.05 mg/kg	Н.д. (not detected)	5888/2025	Issued 12.12.2025	IPH — Institute of Public Health (ЈЗУ Институт за јавно здравје на РСМ)	https://drive.google.com/file/d/13WTfTmr_Hff07rGk_fanJzPD6vrz8JIa/view
34	GP082501/1	P050312	Grape Pie	Pesticide/insecticide screen (Ph.Eur. 2.8.13, MKC EN 15662:2020) — cis-Chlordane	≤ 0.05 mg/kg	Н.д. (not detected)	5888/2025	Issued 12.12.2025	IPH — Institute of Public Health (ЈЗУ Институт за јавно здравје на РСМ)	https://drive.google.com/file/d/13WTfTmr_Hff07rGk_fanJzPD6vrz8JIa/view
34	GP082501/1	P050312	Grape Pie	Pesticide/insecticide screen (Ph.Eur. 2.8.13, MKC EN 15662:2020) — Dieldrin	≤ 0.05 mg/kg	Н.д. (not detected)	5888/2025	Issued 12.12.2025	IPH — Institute of Public Health (ЈЗУ Институт за јавно здравје на РСМ)	https://drive.google.com/file/d/13WTfTmr_Hff07rGk_fanJzPD6vrz8JIa/view
34	GP082501/1	P050312	Grape Pie	Pesticide/insecticide screen (Ph.Eur. 2.8.13, MKC EN 15662:2020) — Heptachlor	≤ 0.05 mg/kg	Н.д. (not detected)	5888/2025	Issued 12.12.2025	IPH — Institute of Public Health (ЈЗУ Институт за јавно здравје на РСМ)	https://drive.google.com/file/d/13WTfTmr_Hff07rGk_fanJzPD6vrz8JIa/view
34	GP082501/1	P050312	Grape Pie	Pesticide/insecticide screen (Ph.Eur. 2.8.13, MKC EN 15662:2020) — Endosulfan sulfate	≤ 3 mg/kg	Н.д. (not detected)	5888/2025	Issued 12.12.2025	IPH — Institute of Public Health (ЈЗУ Институт за јавно здравје на РСМ)	https://drive.google.com/file/d/13WTfTmr_Hff07rGk_fanJzPD6vrz8JIa/view
34	GP082501/1	P050312	Grape Pie	Heavy metals (Ph.Eur. 2.4.27, MKC EN 17851:2023) — Lead (olovo/Pb)	≤ 0.5 mg/kg	0.014 mg/kg	5888/2025	Issued 12.12.2025	IPH — Institute of Public Health (ЈЗУ Институт за јавно здравје на РСМ)	https://drive.google.com/file/d/13WTfTmr_Hff07rGk_fanJzPD6vrz8JIa/view
34	GP082501/1	P050312	Grape Pie	Heavy metals (Ph.Eur. 2.4.27, MKC EN 17851:2023) — Cadmium (kadmium/Cd)	≤ 0.2 mg/kg	0.003 mg/kg	5888/2025	Issued 12.12.2025	IPH — Institute of Public Health (ЈЗУ Институт за јавно здравје на РСМ)	https://drive.google.com/file/d/13WTfTmr_Hff07rGk_fanJzPD6vrz8JIa/view
34	GP082501/1	P050312	Grape Pie	Heavy metals (Ph.Eur. 2.4.27, MKC EN 17851:2023) — Arsenic (arsen/As)	≤ 0.2 mg/kg	0.02 mg/kg	5888/2025	Issued 12.12.2025	IPH — Institute of Public Health (ЈЗУ Институт за јавно здравје на РСМ)	https://drive.google.com/file/d/13WTfTmr_Hff07rGk_fanJzPD6vrz8JIa/view
34	GP082501/1	P050312	Grape Pie	Heavy metals (Ph.Eur. 2.4.27, MKC EN 17851:2023) — Mercury (ziva/Hg)	≤ 0.1 mg/kg	0.017 mg/kg	5888/2025	Issued 12.12.2025	IPH — Institute of Public Health (ЈЗУ Институт за јавно здравје на РСМ)	https://drive.google.com/file/d/13WTfTmr_Hff07rGk_fanJzPD6vrz8JIa/view
34	GP082501/1	P050312	Grape Pie	Microbiology — Total aerobic microbial count (TAMC)	≤ 10^5 CFU/g	4.3×10^2 CFU/g	1226/2192/25	Issued Dec 2025	IPH — Institute of Public Health (ЈЗУ Институт за јавно здравје на РСМ)	https://drive.google.com/file/d/13WTfTmr_Hff07rGk_fanJzPD6vrz8JIa/view
34	GP082501/1	P050312	Grape Pie	Microbiology — Total combined yeasts/moulds count (TYMC)	≤ 10^4 CFU/g	1×10^3 CFU/g	1226/2192/25	Issued Dec 2025	IPH — Institute of Public Health (ЈЗУ Институт за јавно здравје на РСМ)	https://drive.google.com/file/d/13WTfTmr_Hff07rGk_fanJzPD6vrz8JIa/view
34	GP082501/1	P050312	Grape Pie	Microbiology — Bile-tolerant gram-negative bacteria	≤ 10^4 CFU/g	< 10^3 and > 10^2 CFU/g	1226/2192/25	Issued Dec 2025	IPH — Institute of Public Health (ЈЗУ Институт за јавно здравје на РСМ)	https://drive.google.com/file/d/13WTfTmr_Hff07rGk_fanJzPD6vrz8JIa/view
34	GP082501/1	P050312	Grape Pie	Microbiology — Escherichia coli /g	To be absent	Odgovara (Absent)	1226/2192/25	Issued Dec 2025	IPH — Institute of Public Health (ЈЗУ Институт за јавно здравје на РСМ)	https://drive.google.com/file/d/13WTfTmr_Hff07rGk_fanJzPD6vrz8JIa/view
34	GP082501/1	P050312	Grape Pie	Microbiology — Salmonella /25g	To be absent	Odgovara (Absent)	1226/2192/25	Issued Dec 2025	IPH — Institute of Public Health (ЈЗУ Институт за јавно здравје на РСМ)	https://drive.google.com/file/d/13WTfTmr_Hff07rGk_fanJzPD6vrz8JIa/view
35	GP082501/2	P050322	Grape Pie	Assay — Total Δ9-tetrahydrocannabinol	13.3-16.3% of labelled amount	14.83%	PP CoA #021 / ППК25381	21.01.2026 (UKIM completed Nov-Dec 2025)	Purely Plant GmbH (in-house QC) / UKIM Faculty of Pharmacy	https://drive.google.com/file/d/1yJ-rtaH6oamqmbXO1EteVfg2DxH5sgIL/view
35	GP082501/2	P050322	Grape Pie	Assay — Total Cannabidiol	< 1.0%	0.11%	PP CoA #021 / ППК25381	21.01.2026 (UKIM completed Nov-Dec 2025)	Purely Plant GmbH (in-house QC) / UKIM Faculty of Pharmacy	https://drive.google.com/file/d/1yJ-rtaH6oamqmbXO1EteVfg2DxH5sgIL/view
35	GP082501/2	P050322	Grape Pie	Related substances — Cannabinol	≤ 1.00%	0.02%	ППК25381	Completed Nov-Dec 2025	UKIM Faculty of Pharmacy — Center for Natural Products	https://drive.google.com/file/d/1yJ-rtaH6oamqmbXO1EteVfg2DxH5sgIL/view
35	GP082501/2	P050322	Grape Pie	Cannabinoid profile — CBDA	n/a (informational)	0.12%	ППК25381	Completed Nov-Dec 2025	UKIM Faculty of Pharmacy — Center for Natural Products	https://drive.google.com/file/d/1yJ-rtaH6oamqmbXO1EteVfg2DxH5sgIL/view
35	GP082501/2	P050322	Grape Pie	Cannabinoid profile — Δ9-THC	n/a (informational)	0.84%	ППК25381	Completed Nov-Dec 2025	UKIM Faculty of Pharmacy — Center for Natural Products	https://drive.google.com/file/d/1yJ-rtaH6oamqmbXO1EteVfg2DxH5sgIL/view
35	GP082501/2	P050322	Grape Pie	Cannabinoid profile — Δ9-THCA	n/a (informational)	15.95%	ППК25381	Completed Nov-Dec 2025	UKIM Faculty of Pharmacy — Center for Natural Products	https://drive.google.com/file/d/1yJ-rtaH6oamqmbXO1EteVfg2DxH5sgIL/view
35	GP082501/2	P050322	Grape Pie	Loss on drying	≤ 10.00% (UKIM spec)	6.88%	PP CoA #021 / ППК25381	21.01.2026 (UKIM completed Nov-Dec 2025)	Purely Plant GmbH (in-house QC) / UKIM Faculty of Pharmacy	https://drive.google.com/file/d/1yJ-rtaH6oamqmbXO1EteVfg2DxH5sgIL/view
35	GP082501/2	P050322	Grape Pie	Mycotoxins (Ph.Eur. 2.8.18, AflaTest fluorometric) — Total aflatoxins (sum B1+B2+G1+G2)	≤ 4 µg/kg	< 2 µg/kg	5889/2025	Issued 12.12.2025	IPH — Institute of Public Health (ЈЗУ Институт за јавно здравје на РСМ)	https://drive.google.com/file/d/1yJ-rtaH6oamqmbXO1EteVfg2DxH5sgIL/view
35	GP082501/2	P050322	Grape Pie	Pesticide/insecticide screen (Ph.Eur. 2.8.13, MKC EN 15662:2020) — Lindan (Gama HCH)	≤ 0.6 mg/kg	Н.д. (not detected)	5889/2025	Issued 12.12.2025	IPH — Institute of Public Health (ЈЗУ Институт за јавно здравје на РСМ)	https://drive.google.com/file/d/1yJ-rtaH6oamqmbXO1EteVfg2DxH5sgIL/view
35	GP082501/2	P050322	Grape Pie	Pesticide/insecticide screen (Ph.Eur. 2.8.13, MKC EN 15662:2020) — Aldrin	≤ 0.05 mg/kg	Н.д. (not detected)	5889/2025	Issued 12.12.2025	IPH — Institute of Public Health (ЈЗУ Институт за јавно здравје на РСМ)	https://drive.google.com/file/d/1yJ-rtaH6oamqmbXO1EteVfg2DxH5sgIL/view
35	GP082501/2	P050322	Grape Pie	Pesticide/insecticide screen (Ph.Eur. 2.8.13, MKC EN 15662:2020) — Dieldrin i Aldrin (expressed as Dieldrin)	≤ 0.05 mg/kg	Н.д. (not detected)	5889/2025	Issued 12.12.2025	IPH — Institute of Public Health (ЈЗУ Институт за јавно здравје на РСМ)	https://drive.google.com/file/d/1yJ-rtaH6oamqmbXO1EteVfg2DxH5sgIL/view
35	GP082501/2	P050322	Grape Pie	Pesticide/insecticide screen (Ph.Eur. 2.8.13, MKC EN 15662:2020) — HCB (Hexachlorobenzene)	≤ 0.1 mg/kg	Н.д. (not detected)	5889/2025	Issued 12.12.2025	IPH — Institute of Public Health (ЈЗУ Институт за јавно здравје на РСМ)	https://drive.google.com/file/d/1yJ-rtaH6oamqmbXO1EteVfg2DxH5sgIL/view
35	GP082501/2	P050322	Grape Pie	Pesticide/insecticide screen (Ph.Eur. 2.8.13, MKC EN 15662:2020) — 4,4' DDE	≤ 1 mg/kg	Н.д. (not detected)	5889/2025	Issued 12.12.2025	IPH — Institute of Public Health (ЈЗУ Институт за јавно здравје на РСМ)	https://drive.google.com/file/d/1yJ-rtaH6oamqmbXO1EteVfg2DxH5sgIL/view
35	GP082501/2	P050322	Grape Pie	Pesticide/insecticide screen (Ph.Eur. 2.8.13, MKC EN 15662:2020) — 4,4' DDD	≤ 1 mg/kg	Н.д. (not detected)	5889/2025	Issued 12.12.2025	IPH — Institute of Public Health (ЈЗУ Институт за јавно здравје на РСМ)	https://drive.google.com/file/d/1yJ-rtaH6oamqmbXO1EteVfg2DxH5sgIL/view
35	GP082501/2	P050322	Grape Pie	Pesticide/insecticide screen (Ph.Eur. 2.8.13, MKC EN 15662:2020) — 4,4' DDT	≤ 1 mg/kg	Н.д. (not detected)	5889/2025	Issued 12.12.2025	IPH — Institute of Public Health (ЈЗУ Институт за јавно здравје на РСМ)	https://drive.google.com/file/d/1yJ-rtaH6oamqmbXO1EteVfg2DxH5sgIL/view
35	GP082501/2	P050322	Grape Pie	Pesticide/insecticide screen (Ph.Eur. 2.8.13, MKC EN 15662:2020) — Vkupno DDT (Total DDT)	≤ 1 mg/kg	Н.д. (not detected)	5889/2025	Issued 12.12.2025	IPH — Institute of Public Health (ЈЗУ Институт за јавно здравје на РСМ)	https://drive.google.com/file/d/1yJ-rtaH6oamqmbXO1EteVfg2DxH5sgIL/view
35	GP082501/2	P050322	Grape Pie	Pesticide/insecticide screen (Ph.Eur. 2.8.13, MKC EN 15662:2020) — delta HCH	≤ 0.3 mg/kg	Н.д. (not detected)	5889/2025	Issued 12.12.2025	IPH — Institute of Public Health (ЈЗУ Институт за јавно здравје на РСМ)	https://drive.google.com/file/d/1yJ-rtaH6oamqmbXO1EteVfg2DxH5sgIL/view
35	GP082501/2	P050322	Grape Pie	Pesticide/insecticide screen (Ph.Eur. 2.8.13, MKC EN 15662:2020) — alpha HCH	≤ 0.3 mg/kg	Н.д. (not detected)	5889/2025	Issued 12.12.2025	IPH — Institute of Public Health (ЈЗУ Институт за јавно здравје на РСМ)	https://drive.google.com/file/d/1yJ-rtaH6oamqmbXO1EteVfg2DxH5sgIL/view
35	GP082501/2	P050322	Grape Pie	Pesticide/insecticide screen (Ph.Eur. 2.8.13, MKC EN 15662:2020) — beta HCH	≤ 0.3 mg/kg	Н.д. (not detected)	5889/2025	Issued 12.12.2025	IPH — Institute of Public Health (ЈЗУ Институт за јавно здравје на РСМ)	https://drive.google.com/file/d/1yJ-rtaH6oamqmbXO1EteVfg2DxH5sgIL/view
35	GP082501/2	P050322	Grape Pie	Pesticide/insecticide screen (Ph.Eur. 2.8.13, MKC EN 15662:2020) — Endrin	≤ 0.05 mg/kg	Н.д. (not detected)	5889/2025	Issued 12.12.2025	IPH — Institute of Public Health (ЈЗУ Институт за јавно здравје на РСМ)	https://drive.google.com/file/d/1yJ-rtaH6oamqmbXO1EteVfg2DxH5sgIL/view
35	GP082501/2	P050322	Grape Pie	Pesticide/insecticide screen (Ph.Eur. 2.8.13, MKC EN 15662:2020) — Chlorpyriphos-methyl	≤ 0.1 mg/kg	Н.д. (not detected)	5889/2025	Issued 12.12.2025	IPH — Institute of Public Health (ЈЗУ Институт за јавно здравје на РСМ)	https://drive.google.com/file/d/1yJ-rtaH6oamqmbXO1EteVfg2DxH5sgIL/view
35	GP082501/2	P050322	Grape Pie	Pesticide/insecticide screen (Ph.Eur. 2.8.13, MKC EN 15662:2020) — Chlorpyrifos (Chlorpyriphos-ethyl)	≤ 0.2 mg/kg	Н.д. (not detected)	5889/2025	Issued 12.12.2025	IPH — Institute of Public Health (ЈЗУ Институт за јавно здравје на РСМ)	https://drive.google.com/file/d/1yJ-rtaH6oamqmbXO1EteVfg2DxH5sgIL/view
35	GP082501/2	P050322	Grape Pie	Pesticide/insecticide screen (Ph.Eur. 2.8.13, MKC EN 15662:2020) — Heptachlor (sum of Heptachlor + Heptachlor epoxide)	≤ 0.05 mg/kg	Н.д. (not detected)	5889/2025	Issued 12.12.2025	IPH — Institute of Public Health (ЈЗУ Институт за јавно здравје на РСМ)	https://drive.google.com/file/d/1yJ-rtaH6oamqmbXO1EteVfg2DxH5sgIL/view
35	GP082501/2	P050322	Grape Pie	Pesticide/insecticide screen (Ph.Eur. 2.8.13, MKC EN 15662:2020) — Endosulfan (alpha, beta and endosulfan sulfate)	≤ 3 mg/kg	Н.д. (not detected)	5889/2025	Issued 12.12.2025	IPH — Institute of Public Health (ЈЗУ Институт за јавно здравје на РСМ)	https://drive.google.com/file/d/1yJ-rtaH6oamqmbXO1EteVfg2DxH5sgIL/view
35	GP082501/2	P050322	Grape Pie	Pesticide/insecticide screen (Ph.Eur. 2.8.13, MKC EN 15662:2020) — Deltamethrin	≤ 0.5 mg/kg	Н.д. (not detected)	5889/2025	Issued 12.12.2025	IPH — Institute of Public Health (ЈЗУ Институт за јавно здравје на РСМ)	https://drive.google.com/file/d/1yJ-rtaH6oamqmbXO1EteVfg2DxH5sgIL/view
35	GP082501/2	P050322	Grape Pie	Pesticide/insecticide screen (Ph.Eur. 2.8.13, MKC EN 15662:2020) — Chlordane (sum of cis- and trans-chlordane)	≤ 0.05 mg/kg	Н.д. (not detected)	5889/2025	Issued 12.12.2025	IPH — Institute of Public Health (ЈЗУ Институт за јавно здравје на РСМ)	https://drive.google.com/file/d/1yJ-rtaH6oamqmbXO1EteVfg2DxH5sgIL/view
35	GP082501/2	P050322	Grape Pie	Pesticide/insecticide screen (Ph.Eur. 2.8.13, MKC EN 15662:2020) — Metoxychlor	≤ 0.05 mg/kg	Н.д. (not detected)	5889/2025	Issued 12.12.2025	IPH — Institute of Public Health (ЈЗУ Институт за јавно здравје на РСМ)	https://drive.google.com/file/d/1yJ-rtaH6oamqmbXO1EteVfg2DxH5sgIL/view
35	GP082501/2	P050322	Grape Pie	Pesticide/insecticide screen (Ph.Eur. 2.8.13, MKC EN 15662:2020) — Heptachlor epoxide	≤ 0.05 mg/kg	Н.д. (not detected)	5889/2025	Issued 12.12.2025	IPH — Institute of Public Health (ЈЗУ Институт за јавно здравје на РСМ)	https://drive.google.com/file/d/1yJ-rtaH6oamqmbXO1EteVfg2DxH5sgIL/view
35	GP082501/2	P050322	Grape Pie	Pesticide/insecticide screen (Ph.Eur. 2.8.13, MKC EN 15662:2020) — Endrin aldehyde	≤ 0.05 mg/kg	Н.д. (not detected)	5889/2025	Issued 12.12.2025	IPH — Institute of Public Health (ЈЗУ Институт за јавно здравје на РСМ)	https://drive.google.com/file/d/1yJ-rtaH6oamqmbXO1EteVfg2DxH5sgIL/view
35	GP082501/2	P050322	Grape Pie	Pesticide/insecticide screen (Ph.Eur. 2.8.13, MKC EN 15662:2020) — alpha Endosulfan	≤ 3 mg/kg	Н.д. (not detected)	5889/2025	Issued 12.12.2025	IPH — Institute of Public Health (ЈЗУ Институт за јавно здравје на РСМ)	https://drive.google.com/file/d/1yJ-rtaH6oamqmbXO1EteVfg2DxH5sgIL/view
35	GP082501/2	P050322	Grape Pie	Pesticide/insecticide screen (Ph.Eur. 2.8.13, MKC EN 15662:2020) — beta Endosulfan	≤ 3 mg/kg	Н.д. (not detected)	5889/2025	Issued 12.12.2025	IPH — Institute of Public Health (ЈЗУ Институт за јавно здравје на РСМ)	https://drive.google.com/file/d/1yJ-rtaH6oamqmbXO1EteVfg2DxH5sgIL/view
35	GP082501/2	P050322	Grape Pie	Pesticide/insecticide screen (Ph.Eur. 2.8.13, MKC EN 15662:2020) — Endrin keton	≤ 0.05 mg/kg	Н.д. (not detected)	5889/2025	Issued 12.12.2025	IPH — Institute of Public Health (ЈЗУ Институт за јавно здравје на РСМ)	https://drive.google.com/file/d/1yJ-rtaH6oamqmbXO1EteVfg2DxH5sgIL/view
35	GP082501/2	P050322	Grape Pie	Pesticide/insecticide screen (Ph.Eur. 2.8.13, MKC EN 15662:2020) — trans-Chlordane	≤ 0.05 mg/kg	Н.д. (not detected)	5889/2025	Issued 12.12.2025	IPH — Institute of Public Health (ЈЗУ Институт за јавно здравје на РСМ)	https://drive.google.com/file/d/1yJ-rtaH6oamqmbXO1EteVfg2DxH5sgIL/view
35	GP082501/2	P050322	Grape Pie	Pesticide/insecticide screen (Ph.Eur. 2.8.13, MKC EN 15662:2020) — cis-Chlordane	≤ 0.05 mg/kg	Н.д. (not detected)	5889/2025	Issued 12.12.2025	IPH — Institute of Public Health (ЈЗУ Институт за јавно здравје на РСМ)	https://drive.google.com/file/d/1yJ-rtaH6oamqmbXO1EteVfg2DxH5sgIL/view
35	GP082501/2	P050322	Grape Pie	Pesticide/insecticide screen (Ph.Eur. 2.8.13, MKC EN 15662:2020) — Dieldrin	≤ 0.05 mg/kg	Н.д. (not detected)	5889/2025	Issued 12.12.2025	IPH — Institute of Public Health (ЈЗУ Институт за јавно здравје на РСМ)	https://drive.google.com/file/d/1yJ-rtaH6oamqmbXO1EteVfg2DxH5sgIL/view
35	GP082501/2	P050322	Grape Pie	Pesticide/insecticide screen (Ph.Eur. 2.8.13, MKC EN 15662:2020) — Heptachlor	≤ 0.05 mg/kg	Н.д. (not detected)	5889/2025	Issued 12.12.2025	IPH — Institute of Public Health (ЈЗУ Институт за јавно здравје на РСМ)	https://drive.google.com/file/d/1yJ-rtaH6oamqmbXO1EteVfg2DxH5sgIL/view
35	GP082501/2	P050322	Grape Pie	Pesticide/insecticide screen (Ph.Eur. 2.8.13, MKC EN 15662:2020) — Endosulfan sulfate	≤ 3 mg/kg	Н.д. (not detected)	5889/2025	Issued 12.12.2025	IPH — Institute of Public Health (ЈЗУ Институт за јавно здравје на РСМ)	https://drive.google.com/file/d/1yJ-rtaH6oamqmbXO1EteVfg2DxH5sgIL/view
35	GP082501/2	P050322	Grape Pie	Heavy metals (Ph.Eur. 2.4.27, MKC EN 17851:2023) — Lead (olovo/Pb)	≤ 0.5 mg/kg	0.013 mg/kg	5889/2025	Issued 12.12.2025	IPH — Institute of Public Health (ЈЗУ Институт за јавно здравје на РСМ)	https://drive.google.com/file/d/1yJ-rtaH6oamqmbXO1EteVfg2DxH5sgIL/view
35	GP082501/2	P050322	Grape Pie	Heavy metals (Ph.Eur. 2.4.27, MKC EN 17851:2023) — Cadmium (kadmium/Cd)	≤ 0.3 mg/kg	0.003 mg/kg	5889/2025	Issued 12.12.2025	IPH — Institute of Public Health (ЈЗУ Институт за јавно здравје на РСМ)	https://drive.google.com/file/d/1yJ-rtaH6oamqmbXO1EteVfg2DxH5sgIL/view
35	GP082501/2	P050322	Grape Pie	Heavy metals (Ph.Eur. 2.4.27, MKC EN 17851:2023) — Arsenic (arsen/As)	≤ 0.2 mg/kg	0.02 mg/kg	5889/2025	Issued 12.12.2025	IPH — Institute of Public Health (ЈЗУ Институт за јавно здравје на РСМ)	https://drive.google.com/file/d/1yJ-rtaH6oamqmbXO1EteVfg2DxH5sgIL/view
35	GP082501/2	P050322	Grape Pie	Heavy metals (Ph.Eur. 2.4.27, MKC EN 17851:2023) — Mercury (ziva/Hg)	≤ 0.1 mg/kg	0.016 mg/kg	5889/2025	Issued 12.12.2025	IPH — Institute of Public Health (ЈЗУ Институт за јавно здравје на РСМ)	https://drive.google.com/file/d/1yJ-rtaH6oamqmbXO1EteVfg2DxH5sgIL/view
35	GP082501/2	P050322	Grape Pie	Microbiology — Total aerobic microbial count (TAMC)	≤ 10^5 CFU/g	3.2×10^3 CFU/g	1227/2193/25	05.12.2025	IPH — Institute of Public Health (ЈЗУ Институт за јавно здравје на РСМ)	https://drive.google.com/file/d/1yJ-rtaH6oamqmbXO1EteVfg2DxH5sgIL/view
35	GP082501/2	P050322	Grape Pie	Microbiology — Total combined yeasts/moulds count (TYMC)	≤ 10^4 CFU/g	5.8×10^3 CFU/g	1227/2193/25	05.12.2025	IPH — Institute of Public Health (ЈЗУ Институт за јавно здравје на РСМ)	https://drive.google.com/file/d/1yJ-rtaH6oamqmbXO1EteVfg2DxH5sgIL/view
35	GP082501/2	P050322	Grape Pie	Microbiology — Bile-tolerant gram-negative bacteria	≤ 10^2 CFU/g	<10¹ and >10³ CFU/g	1227/2193/25	05.12.2025	IPH — Institute of Public Health (ЈЗУ Институт за јавно здравје на РСМ)	https://drive.google.com/file/d/1yJ-rtaH6oamqmbXO1EteVfg2DxH5sgIL/view
35	GP082501/2	P050322	Grape Pie	Microbiology — Escherichia coli /g	To be absent	Odgovara (Absent)	1227/2193/25	05.12.2025	IPH — Institute of Public Health (ЈЗУ Институт за јавно здравје на РСМ)	https://drive.google.com/file/d/1yJ-rtaH6oamqmbXO1EteVfg2DxH5sgIL/view
35	GP082501/2	P050322	Grape Pie	Microbiology — Salmonella /25g	To be absent	Odgovara (Absent)	1227/2193/25	05.12.2025	IPH — Institute of Public Health (ЈЗУ Институт за јавно здравје на РСМ)	https://drive.google.com/file/d/1yJ-rtaH6oamqmbXO1EteVfg2DxH5sgIL/view
35	GP082501/2	P050322	Grape Pie	Retest cannabinoids — Total Δ9-THC (HPLC/DAD)	min 5.00% (PP release spec)	15.70% w/w (U 0.96% w/w)	197-12-К/26	Issued 07.08.2026 (analysis 30.07.2026)	Farmahem DOOEL — Laboratorija za zivotna sredina, Skopje	https://drive.google.com/file/d/1NVeIBvQEZnwROpsIbwdUUWpUHZVdklqd/view
35	GP082501/2	P050322	Grape Pie	Retest cannabinoids — Total CBN (HPLC/DAD)	max 1.00% (PP release spec)	<LOQ %w/w	197-12-К/26	Issued 07.08.2026 (analysis 30.07.2026)	Farmahem DOOEL — Laboratorija za zivotna sredina, Skopje	https://drive.google.com/file/d/1NVeIBvQEZnwROpsIbwdUUWpUHZVdklqd/view
35	GP082501/2	P050322	Grape Pie	Retest cannabinoids — Total CBD (HPLC/DAD)	max 1.00% (PP release spec)	<LOQ %w/w	197-12-К/26	Issued 07.08.2026 (analysis 30.07.2026)	Farmahem DOOEL — Laboratorija za zivotna sredina, Skopje	https://drive.google.com/file/d/1NVeIBvQEZnwROpsIbwdUUWpUHZVdklqd/view
35	GP082501/2	P050322	Grape Pie	Retest mycotoxins — Aflatoxin B1/B2/G1/G2 (each)	≤2 µg/kg (B1) / included in Σ (others)	ND µg/kg (all four)	197-12-М/26	Issued 10.08.2026 (analysis 06.08.2026)	Farmahem DOOEL — Laboratorija za zivotna sredina, Skopje	https://drive.google.com/file/d/1mlHqpqtpbKnF5JvOJoSGaQsWnuunH5Rp/view
35	GP082501/2	P050322	Grape Pie	Retest mycotoxins — Sum aflatoxins B1+B2+G1+G2	≤ 4 µg/kg (Ph.Eur. ref)	ND (all four not detected)	197-12-М/26	Issued 10.08.2026 (analysis 06.08.2026)	Farmahem DOOEL — Laboratorija za zivotna sredina, Skopje	https://drive.google.com/file/d/1mlHqpqtpbKnF5JvOJoSGaQsWnuunH5Rp/view
35	GP082501/2	P050322	Grape Pie	Retest mycotoxins — Ochratoxin A	per PP spec (Ph.Eur. ref commonly ≤20 µg/kg)	ND µg/kg	197-12-М/26	Issued 10.08.2026 (analysis 06.08.2026)	Farmahem DOOEL — Laboratorija za zivotna sredina, Skopje	https://drive.google.com/file/d/1mlHqpqtpbKnF5JvOJoSGaQsWnuunH5Rp/view
36	WC082501	P060012	Wedding Crasher	Appearance	Dark green to pale yellow or light brown to reddish-brown female inflorescence, characteristic aromatic odour	Confirms	PP CoA #035	20.02.2026	Purely Plant GmbH (in-house QC, Visual)	https://drive.google.com/file/d/1Ta7QLjGdInkLd9o4aAfkp0EgXs-C0LYB/view
36	WC082501	P060012	Wedding Crasher	Identification (retention time matches standard solution)	Confirms	Confirms	ППК26001	Issued 21.01.2026	UKIM Faculty of Pharmacy — Center for Natural Products	https://drive.google.com/file/d/1Ta7QLjGdInkLd9o4aAfkp0EgXs-C0LYB/view
36	WC082501	P060012	Wedding Crasher	Loss on drying	< 12.0%	7.50%	ППК26001	Issued 21.01.2026	UKIM Faculty of Pharmacy — Center for Natural Products	https://drive.google.com/file/d/1Ta7QLjGdInkLd9o4aAfkp0EgXs-C0LYB/view
36	WC082501	P060012	Wedding Crasher	Foreign matter	< 2.0%	Confirms	PP CoA #035	20.02.2026	Purely Plant GmbH (in-house QC)	https://drive.google.com/file/d/1Ta7QLjGdInkLd9o4aAfkp0EgXs-C0LYB/view
36	WC082501	P060012	Wedding Crasher	Cannabinoid profile — CBDA	n/a (informational)	0.09%	ППК26001	Issued 21.01.2026	UKIM Faculty of Pharmacy — Center for Natural Products	https://drive.google.com/file/d/1Ta7QLjGdInkLd9o4aAfkp0EgXs-C0LYB/view
36	WC082501	P060012	Wedding Crasher	Cannabinoid profile — CBD	n/a (informational)	BLQ	ППК26001	Issued 21.01.2026	UKIM Faculty of Pharmacy — Center for Natural Products	https://drive.google.com/file/d/1Ta7QLjGdInkLd9o4aAfkp0EgXs-C0LYB/view
36	WC082501	P060012	Wedding Crasher	Cannabinoid profile — Δ9-THC	n/a (informational)	0.68%	ППК26001	Issued 21.01.2026	UKIM Faculty of Pharmacy — Center for Natural Products	https://drive.google.com/file/d/1Ta7QLjGdInkLd9o4aAfkp0EgXs-C0LYB/view
36	WC082501	P060012	Wedding Crasher	Cannabinoid profile — Δ9-THCA	n/a (informational)	23.93%	ППК26001	Issued 21.01.2026	UKIM Faculty of Pharmacy — Center for Natural Products	https://drive.google.com/file/d/1Ta7QLjGdInkLd9o4aAfkp0EgXs-C0LYB/view
36	WC082501	P060012	Wedding Crasher	Assay — Total Δ9-tetrahydrocannabinol	19.5-23.83% of labelled amount	21.67%	ППК26001	Issued 21.01.2026	UKIM Faculty of Pharmacy — Center for Natural Products	https://drive.google.com/file/d/1Ta7QLjGdInkLd9o4aAfkp0EgXs-C0LYB/view
36	WC082501	P060012	Wedding Crasher	Assay — Total Cannabidiol	< 1.0%	0.08%	ППК26001	Issued 21.01.2026	UKIM Faculty of Pharmacy — Center for Natural Products	https://drive.google.com/file/d/1Ta7QLjGdInkLd9o4aAfkp0EgXs-C0LYB/view
36	WC082501	P060012	Wedding Crasher	Related substances — Cannabinol	< 1.0%	0.02%	PP CoA #035	20.02.2026	Purely Plant GmbH (in-house QC, transcribed from UKIM ППК26001)	https://drive.google.com/file/d/1Ta7QLjGdInkLd9o4aAfkp0EgXs-C0LYB/view
36	WC082501	P060012	Wedding Crasher	Mycotoxins (Ph.Eur. 2.8.18, AflaTest fluorometric) — Total aflatoxins (sum B1+B2+G1+G2)	≤ 4 µg/kg	< 2 µg/kg	80/2026	Issued 02.02.2026	IPH — Institute of Public Health (ЈЗУ Институт за јавно здравје на РСМ)	https://drive.google.com/file/d/1Ta7QLjGdInkLd9o4aAfkp0EgXs-C0LYB/view
36	WC082501	P060012	Wedding Crasher	Pesticide/insecticide screen (Ph.Eur. 2.8.13, MKC EN 15662:2020) — Lindan (Gama HCH)	≤ 0.6 mg/kg	Н.д. (not detected)	80/2026	Issued 02.02.2026	IPH — Institute of Public Health (ЈЗУ Институт за јавно здравје на РСМ)	https://drive.google.com/file/d/1Ta7QLjGdInkLd9o4aAfkp0EgXs-C0LYB/view
36	WC082501	P060012	Wedding Crasher	Pesticide/insecticide screen (Ph.Eur. 2.8.13, MKC EN 15662:2020) — Aldrin	≤ 0.05 mg/kg	Н.д. (not detected)	80/2026	Issued 02.02.2026	IPH — Institute of Public Health (ЈЗУ Институт за јавно здравје на РСМ)	https://drive.google.com/file/d/1Ta7QLjGdInkLd9o4aAfkp0EgXs-C0LYB/view
36	WC082501	P060012	Wedding Crasher	Pesticide/insecticide screen (Ph.Eur. 2.8.13, MKC EN 15662:2020) — Dieldrin i Aldrin (expressed as Dieldrin)	≤ 0.05 mg/kg	Н.д. (not detected)	80/2026	Issued 02.02.2026	IPH — Institute of Public Health (ЈЗУ Институт за јавно здравје на РСМ)	https://drive.google.com/file/d/1Ta7QLjGdInkLd9o4aAfkp0EgXs-C0LYB/view
36	WC082501	P060012	Wedding Crasher	Pesticide/insecticide screen (Ph.Eur. 2.8.13, MKC EN 15662:2020) — HCB (Hexachlorobenzene)	≤ 0.1 mg/kg	Н.д. (not detected)	80/2026	Issued 02.02.2026	IPH — Institute of Public Health (ЈЗУ Институт за јавно здравје на РСМ)	https://drive.google.com/file/d/1Ta7QLjGdInkLd9o4aAfkp0EgXs-C0LYB/view
36	WC082501	P060012	Wedding Crasher	Pesticide/insecticide screen (Ph.Eur. 2.8.13, MKC EN 15662:2020) — 4,4' DDE	≤ 1 mg/kg	Н.д. (not detected)	80/2026	Issued 02.02.2026	IPH — Institute of Public Health (ЈЗУ Институт за јавно здравје на РСМ)	https://drive.google.com/file/d/1Ta7QLjGdInkLd9o4aAfkp0EgXs-C0LYB/view
36	WC082501	P060012	Wedding Crasher	Pesticide/insecticide screen (Ph.Eur. 2.8.13, MKC EN 15662:2020) — 4,4' DDD	≤ 1 mg/kg	Н.д. (not detected)	80/2026	Issued 02.02.2026	IPH — Institute of Public Health (ЈЗУ Институт за јавно здравје на РСМ)	https://drive.google.com/file/d/1Ta7QLjGdInkLd9o4aAfkp0EgXs-C0LYB/view
36	WC082501	P060012	Wedding Crasher	Pesticide/insecticide screen (Ph.Eur. 2.8.13, MKC EN 15662:2020) — 4,4' DDT	≤ 1 mg/kg	Н.д. (not detected)	80/2026	Issued 02.02.2026	IPH — Institute of Public Health (ЈЗУ Институт за јавно здравје на РСМ)	https://drive.google.com/file/d/1Ta7QLjGdInkLd9o4aAfkp0EgXs-C0LYB/view
36	WC082501	P060012	Wedding Crasher	Pesticide/insecticide screen (Ph.Eur. 2.8.13, MKC EN 15662:2020) — Vkupno DDT (Total DDT)	≤ 1 mg/kg	Н.д. (not detected)	80/2026	Issued 02.02.2026	IPH — Institute of Public Health (ЈЗУ Институт за јавно здравје на РСМ)	https://drive.google.com/file/d/1Ta7QLjGdInkLd9o4aAfkp0EgXs-C0LYB/view
36	WC082501	P060012	Wedding Crasher	Pesticide/insecticide screen (Ph.Eur. 2.8.13, MKC EN 15662:2020) — delta HCH	≤ 0.3 mg/kg	Н.д. (not detected)	80/2026	Issued 02.02.2026	IPH — Institute of Public Health (ЈЗУ Институт за јавно здравје на РСМ)	https://drive.google.com/file/d/1Ta7QLjGdInkLd9o4aAfkp0EgXs-C0LYB/view
36	WC082501	P060012	Wedding Crasher	Pesticide/insecticide screen (Ph.Eur. 2.8.13, MKC EN 15662:2020) — alpha HCH	≤ 0.3 mg/kg	Н.д. (not detected)	80/2026	Issued 02.02.2026	IPH — Institute of Public Health (ЈЗУ Институт за јавно здравје на РСМ)	https://drive.google.com/file/d/1Ta7QLjGdInkLd9o4aAfkp0EgXs-C0LYB/view
36	WC082501	P060012	Wedding Crasher	Pesticide/insecticide screen (Ph.Eur. 2.8.13, MKC EN 15662:2020) — beta HCH	≤ 0.3 mg/kg	Н.д. (not detected)	80/2026	Issued 02.02.2026	IPH — Institute of Public Health (ЈЗУ Институт за јавно здравје на РСМ)	https://drive.google.com/file/d/1Ta7QLjGdInkLd9o4aAfkp0EgXs-C0LYB/view
36	WC082501	P060012	Wedding Crasher	Pesticide/insecticide screen (Ph.Eur. 2.8.13, MKC EN 15662:2020) — Endrin	≤ 0.05 mg/kg	Н.д. (not detected)	80/2026	Issued 02.02.2026	IPH — Institute of Public Health (ЈЗУ Институт за јавно здравје на РСМ)	https://drive.google.com/file/d/1Ta7QLjGdInkLd9o4aAfkp0EgXs-C0LYB/view
36	WC082501	P060012	Wedding Crasher	Pesticide/insecticide screen (Ph.Eur. 2.8.13, MKC EN 15662:2020) — Chlorpyriphos-methyl	≤ 0.1 mg/kg	Н.д. (not detected)	80/2026	Issued 02.02.2026	IPH — Institute of Public Health (ЈЗУ Институт за јавно здравје на РСМ)	https://drive.google.com/file/d/1Ta7QLjGdInkLd9o4aAfkp0EgXs-C0LYB/view
36	WC082501	P060012	Wedding Crasher	Pesticide/insecticide screen (Ph.Eur. 2.8.13, MKC EN 15662:2020) — Chlorpyrifos (Chlorpyriphos-ethyl)	≤ 0.2 mg/kg	Н.д. (not detected)	80/2026	Issued 02.02.2026	IPH — Institute of Public Health (ЈЗУ Институт за јавно здравје на РСМ)	https://drive.google.com/file/d/1Ta7QLjGdInkLd9o4aAfkp0EgXs-C0LYB/view
36	WC082501	P060012	Wedding Crasher	Pesticide/insecticide screen (Ph.Eur. 2.8.13, MKC EN 15662:2020) — Heptachlor (sum of Heptachlor + Heptachlor epoxide)	≤ 0.05 mg/kg	Н.д. (not detected)	80/2026	Issued 02.02.2026	IPH — Institute of Public Health (ЈЗУ Институт за јавно здравје на РСМ)	https://drive.google.com/file/d/1Ta7QLjGdInkLd9o4aAfkp0EgXs-C0LYB/view
36	WC082501	P060012	Wedding Crasher	Pesticide/insecticide screen (Ph.Eur. 2.8.13, MKC EN 15662:2020) — Endosulfan (alpha, beta and endosulfan sulfate)	≤ 3 mg/kg	Н.д. (not detected)	80/2026	Issued 02.02.2026	IPH — Institute of Public Health (ЈЗУ Институт за јавно здравје на РСМ)	https://drive.google.com/file/d/1Ta7QLjGdInkLd9o4aAfkp0EgXs-C0LYB/view
36	WC082501	P060012	Wedding Crasher	Pesticide/insecticide screen (Ph.Eur. 2.8.13, MKC EN 15662:2020) — Deltamethrin	≤ 0.5 mg/kg	Н.д. (not detected)	80/2026	Issued 02.02.2026	IPH — Institute of Public Health (ЈЗУ Институт за јавно здравје на РСМ)	https://drive.google.com/file/d/1Ta7QLjGdInkLd9o4aAfkp0EgXs-C0LYB/view
36	WC082501	P060012	Wedding Crasher	Pesticide/insecticide screen (Ph.Eur. 2.8.13, MKC EN 15662:2020) — Chlordane (sum of cis- and trans-chlordane)	≤ 0.05 mg/kg	Н.д. (not detected)	80/2026	Issued 02.02.2026	IPH — Institute of Public Health (ЈЗУ Институт за јавно здравје на РСМ)	https://drive.google.com/file/d/1Ta7QLjGdInkLd9o4aAfkp0EgXs-C0LYB/view
36	WC082501	P060012	Wedding Crasher	Pesticide/insecticide screen (Ph.Eur. 2.8.13, MKC EN 15662:2020) — Metoxychlor	≤ 0.05 mg/kg	Н.д. (not detected)	80/2026	Issued 02.02.2026	IPH — Institute of Public Health (ЈЗУ Институт за јавно здравје на РСМ)	https://drive.google.com/file/d/1Ta7QLjGdInkLd9o4aAfkp0EgXs-C0LYB/view
36	WC082501	P060012	Wedding Crasher	Pesticide/insecticide screen (Ph.Eur. 2.8.13, MKC EN 15662:2020) — Heptachlor epoxide	≤ 0.05 mg/kg	Н.д. (not detected)	80/2026	Issued 02.02.2026	IPH — Institute of Public Health (ЈЗУ Институт за јавно здравје на РСМ)	https://drive.google.com/file/d/1Ta7QLjGdInkLd9o4aAfkp0EgXs-C0LYB/view
36	WC082501	P060012	Wedding Crasher	Pesticide/insecticide screen (Ph.Eur. 2.8.13, MKC EN 15662:2020) — Endrin aldehyde	≤ 0.05 mg/kg	Н.д. (not detected)	80/2026	Issued 02.02.2026	IPH — Institute of Public Health (ЈЗУ Институт за јавно здравје на РСМ)	https://drive.google.com/file/d/1Ta7QLjGdInkLd9o4aAfkp0EgXs-C0LYB/view
36	WC082501	P060012	Wedding Crasher	Pesticide/insecticide screen (Ph.Eur. 2.8.13, MKC EN 15662:2020) — alpha Endosulfan	≤ 3 mg/kg	Н.д. (not detected)	80/2026	Issued 02.02.2026	IPH — Institute of Public Health (ЈЗУ Институт за јавно здравје на РСМ)	https://drive.google.com/file/d/1Ta7QLjGdInkLd9o4aAfkp0EgXs-C0LYB/view
36	WC082501	P060012	Wedding Crasher	Pesticide/insecticide screen (Ph.Eur. 2.8.13, MKC EN 15662:2020) — beta Endosulfan	≤ 3 mg/kg	Н.д. (not detected)	80/2026	Issued 02.02.2026	IPH — Institute of Public Health (ЈЗУ Институт за јавно здравје на РСМ)	https://drive.google.com/file/d/1Ta7QLjGdInkLd9o4aAfkp0EgXs-C0LYB/view
36	WC082501	P060012	Wedding Crasher	Pesticide/insecticide screen (Ph.Eur. 2.8.13, MKC EN 15662:2020) — Endrin keton	≤ 0.05 mg/kg	Н.д. (not detected)	80/2026	Issued 02.02.2026	IPH — Institute of Public Health (ЈЗУ Институт за јавно здравје на РСМ)	https://drive.google.com/file/d/1Ta7QLjGdInkLd9o4aAfkp0EgXs-C0LYB/view
36	WC082501	P060012	Wedding Crasher	Pesticide/insecticide screen (Ph.Eur. 2.8.13, MKC EN 15662:2020) — trans-Chlordane	≤ 0.05 mg/kg	Н.д. (not detected)	80/2026	Issued 02.02.2026	IPH — Institute of Public Health (ЈЗУ Институт за јавно здравје на РСМ)	https://drive.google.com/file/d/1Ta7QLjGdInkLd9o4aAfkp0EgXs-C0LYB/view
36	WC082501	P060012	Wedding Crasher	Pesticide/insecticide screen (Ph.Eur. 2.8.13, MKC EN 15662:2020) — cis-Chlordane	≤ 0.05 mg/kg	Н.д. (not detected)	80/2026	Issued 02.02.2026	IPH — Institute of Public Health (ЈЗУ Институт за јавно здравје на РСМ)	https://drive.google.com/file/d/1Ta7QLjGdInkLd9o4aAfkp0EgXs-C0LYB/view
36	WC082501	P060012	Wedding Crasher	Pesticide/insecticide screen (Ph.Eur. 2.8.13, MKC EN 15662:2020) — Dieldrin	≤ 0.05 mg/kg	Н.д. (not detected)	80/2026	Issued 02.02.2026	IPH — Institute of Public Health (ЈЗУ Институт за јавно здравје на РСМ)	https://drive.google.com/file/d/1Ta7QLjGdInkLd9o4aAfkp0EgXs-C0LYB/view
36	WC082501	P060012	Wedding Crasher	Pesticide/insecticide screen (Ph.Eur. 2.8.13, MKC EN 15662:2020) — Heptachlor	≤ 0.05 mg/kg	Н.д. (not detected)	80/2026	Issued 02.02.2026	IPH — Institute of Public Health (ЈЗУ Институт за јавно здравје на РСМ)	https://drive.google.com/file/d/1Ta7QLjGdInkLd9o4aAfkp0EgXs-C0LYB/view
36	WC082501	P060012	Wedding Crasher	Pesticide/insecticide screen (Ph.Eur. 2.8.13, MKC EN 15662:2020) — Endosulfan sulfate	≤ 3 mg/kg	Н.д. (not detected)	80/2026	Issued 02.02.2026	IPH — Institute of Public Health (ЈЗУ Институт за јавно здравје на РСМ)	https://drive.google.com/file/d/1Ta7QLjGdInkLd9o4aAfkp0EgXs-C0LYB/view
36	WC082501	P060012	Wedding Crasher	Heavy metals (Ph.Eur. 2.4.27, MKC EN 17851:2023) — Lead (olovo/Pb)	≤ 0.5 mg/kg	Н.д. mg/kg	80/2026	Issued 02.02.2026	IPH — Institute of Public Health (ЈЗУ Институт за јавно здравје на РСМ)	https://drive.google.com/file/d/1Ta7QLjGdInkLd9o4aAfkp0EgXs-C0LYB/view
36	WC082501	P060012	Wedding Crasher	Heavy metals (Ph.Eur. 2.4.27, MKC EN 17851:2023) — Cadmium (kadmium/Cd)	≤ 0.3 mg/kg	Н.д. mg/kg	80/2026	Issued 02.02.2026	IPH — Institute of Public Health (ЈЗУ Институт за јавно здравје на РСМ)	https://drive.google.com/file/d/1Ta7QLjGdInkLd9o4aAfkp0EgXs-C0LYB/view
36	WC082501	P060012	Wedding Crasher	Heavy metals (Ph.Eur. 2.4.27, MKC EN 17851:2023) — Arsenic (arsen/As)	≤ 0.2 mg/kg	Н.д. mg/kg	80/2026	Issued 02.02.2026	IPH — Institute of Public Health (ЈЗУ Институт за јавно здравје на РСМ)	https://drive.google.com/file/d/1Ta7QLjGdInkLd9o4aAfkp0EgXs-C0LYB/view
36	WC082501	P060012	Wedding Crasher	Heavy metals (Ph.Eur. 2.4.27, MKC EN 17851:2023) — Mercury (ziva/Hg)	≤ 0.1 mg/kg	Н.д. mg/kg	80/2026	Issued 02.02.2026	IPH — Institute of Public Health (ЈЗУ Институт за јавно здравје на РСМ)	https://drive.google.com/file/d/1Ta7QLjGdInkLd9o4aAfkp0EgXs-C0LYB/view
36	WC082501	P060012	Wedding Crasher	Heavy metals (Ph.Eur. 2.4.27, MKC EN 17851:2023) — Copper (bakar/Cu)	not on PP release spec (informational)	1.859 mg/kg	80/2026	Issued 02.02.2026	IPH — Institute of Public Health (ЈЗУ Институт за јавно здравје на РСМ)	https://drive.google.com/file/d/1Ta7QLjGdInkLd9o4aAfkp0EgXs-C0LYB/view
36	WC082501	P060012	Wedding Crasher	Microbiology — Total aerobic microbial count (TAMC)	≤ 10^5 CFU/g	10 CFU/g	3/0006/26	Issued 20.01.2026	IPH — Institute of Public Health (ЈЗУ Институт за јавно здравје на РСМ)	https://drive.google.com/file/d/1Ta7QLjGdInkLd9o4aAfkp0EgXs-C0LYB/view
36	WC082501	P060012	Wedding Crasher	Microbiology — Total combined yeasts/moulds count (TYMC)	≤ 10^4 CFU/g	30 CFU/g	3/0006/26	Issued 20.01.2026	IPH — Institute of Public Health (ЈЗУ Институт за јавно здравје на РСМ)	https://drive.google.com/file/d/1Ta7QLjGdInkLd9o4aAfkp0EgXs-C0LYB/view
36	WC082501	P060012	Wedding Crasher	Microbiology — Bile-tolerant gram-negative bacteria	≤ 10^4 CFU/g	< 10 CFU/g	3/0006/26	Issued 20.01.2026	IPH — Institute of Public Health (ЈЗУ Институт за јавно здравје на РСМ)	https://drive.google.com/file/d/1Ta7QLjGdInkLd9o4aAfkp0EgXs-C0LYB/view
36	WC082501	P060012	Wedding Crasher	Microbiology — Escherichia coli /g	To be absent	< 10 CFU/g	3/0006/26	Issued 20.01.2026	IPH — Institute of Public Health (ЈЗУ Институт за јавно здравје на РСМ)	https://drive.google.com/file/d/1Ta7QLjGdInkLd9o4aAfkp0EgXs-C0LYB/view
36	WC082501	P060012	Wedding Crasher	Microbiology — Salmonella /25g	To be absent	Odgovara (Absent)	3/0006/26	Issued 20.01.2026	IPH — Institute of Public Health (ЈЗУ Институт за јавно здравје на РСМ)	https://drive.google.com/file/d/1Ta7QLjGdInkLd9o4aAfkp0EgXs-C0LYB/view
36	WC082501	P060012	Wedding Crasher	Packaging — Closure integrity / Labeling / Weight	According to standard	Confirms	PP CoA #035	20.02.2026	Purely Plant GmbH (in-house QC)	https://drive.google.com/file/d/1Ta7QLjGdInkLd9o4aAfkp0EgXs-C0LYB/view
37	CJ082501/1	P060022	Cap Junky	Appearance	Dark green to pale yellow or light brown to reddish-brown female inflorescence, characteristic aromatic odour	Confirms	PP CoA #041	20.02.2026	Purely Plant GmbH (in-house QC, Visual)	https://drive.google.com/file/d/1WHoF_gHN-Ck_G1j7j6qJggCaLmD1b85w/view
37	CJ082501/1	P060022	Cap Junky	Identification (retention time matches standard solution)	Confirms	Confirms	ППК26002	Issued 21.01.2026 (completed 16.01.2026)	UKIM Faculty of Pharmacy — Center for Natural Products	https://drive.google.com/file/d/1WHoF_gHN-Ck_G1j7j6qJggCaLmD1b85w/view
37	CJ082501/1	P060022	Cap Junky	Loss on drying	< 12.0%	7.21%	ППК26002	Issued 21.01.2026 (completed 16.01.2026)	UKIM Faculty of Pharmacy — Center for Natural Products	https://drive.google.com/file/d/1WHoF_gHN-Ck_G1j7j6qJggCaLmD1b85w/view
37	CJ082501/1	P060022	Cap Junky	Foreign matter	< 2.0%	Confirms	PP CoA #041	20.02.2026	Purely Plant GmbH (in-house QC)	https://drive.google.com/file/d/1WHoF_gHN-Ck_G1j7j6qJggCaLmD1b85w/view
37	CJ082501/1	P060022	Cap Junky	Cannabinoid profile — CBDA	n/a (informational)	0.59%	ППК26002	Issued 21.01.2026 (completed 16.01.2026)	UKIM Faculty of Pharmacy — Center for Natural Products	https://drive.google.com/file/d/1WHoF_gHN-Ck_G1j7j6qJggCaLmD1b85w/view
37	CJ082501/1	P060022	Cap Junky	Cannabinoid profile — CBD	n/a (informational)	ND	ППК26002	Issued 21.01.2026 (completed 16.01.2026)	UKIM Faculty of Pharmacy — Center for Natural Products	https://drive.google.com/file/d/1WHoF_gHN-Ck_G1j7j6qJggCaLmD1b85w/view
37	CJ082501/1	P060022	Cap Junky	Cannabinoid profile — CBN	n/a (informational)	0.11%	ППК26002	Issued 21.01.2026 (completed 16.01.2026)	UKIM Faculty of Pharmacy — Center for Natural Products	https://drive.google.com/file/d/1WHoF_gHN-Ck_G1j7j6qJggCaLmD1b85w/view
37	CJ082501/1	P060022	Cap Junky	Cannabinoid profile — Δ9-THC / Δ9-THCA	n/a (informational)	Δ9-THC 27.79% / Δ9-THCA 0.0% [DATA INTEGRITY FLAG — see source; PP-QC-ERR-002 column-shift defect noted, free Δ9-THC likely over-stated, authoritative value is the scanned report]	ППК26002	Issued 21.01.2026 (completed 16.01.2026)	UKIM Faculty of Pharmacy — Center for Natural Products	https://drive.google.com/file/d/1WHoF_gHN-Ck_G1j7j6qJggCaLmD1b85w/view
37	CJ082501/1	P060022	Cap Junky	Assay — Total Δ9-tetrahydrocannabinol	22.46-27.45% of labelled amount	24.96%	ППК26002	Issued 21.01.2026 (completed 16.01.2026)	UKIM Faculty of Pharmacy — Center for Natural Products	https://drive.google.com/file/d/1WHoF_gHN-Ck_G1j7j6qJggCaLmD1b85w/view
37	CJ082501/1	P060022	Cap Junky	Assay — Total Cannabidiol	< 1.0%	0.09%	ППК26002	Issued 21.01.2026 (completed 16.01.2026)	UKIM Faculty of Pharmacy — Center for Natural Products	https://drive.google.com/file/d/1WHoF_gHN-Ck_G1j7j6qJggCaLmD1b85w/view
37	CJ082501/1	P060022	Cap Junky	Related substances — Cannabinol	< 1.0%	0.02%	PP CoA #041	20.02.2026	Purely Plant GmbH (in-house QC, transcribed from UKIM ППК26002)	https://drive.google.com/file/d/1WHoF_gHN-Ck_G1j7j6qJggCaLmD1b85w/view
37	CJ082501/1	P060022	Cap Junky	Mycotoxins (Ph.Eur. 2.8.18, AflaTest fluorometric) — Total aflatoxins (sum B1+B2+G1+G2)	≤ 4 µg/kg	< 2 µg/kg	81/2026	Issued 02.02.2026	IPH — Institute of Public Health (ЈЗУ Институт за јавно здравје на РСМ)	https://drive.google.com/file/d/1WHoF_gHN-Ck_G1j7j6qJggCaLmD1b85w/view
37	CJ082501/1	P060022	Cap Junky	Pesticide/insecticide screen (Ph.Eur. 2.8.13, MKC EN 15662:2020) — Lindan (Gama HCH)	≤ 0.6 mg/kg	Н.д. (not detected)	81/2026	Issued 02.02.2026	IPH — Institute of Public Health (ЈЗУ Институт за јавно здравје на РСМ)	https://drive.google.com/file/d/1WHoF_gHN-Ck_G1j7j6qJggCaLmD1b85w/view
37	CJ082501/1	P060022	Cap Junky	Pesticide/insecticide screen (Ph.Eur. 2.8.13, MKC EN 15662:2020) — Aldrin	≤ 0.05 mg/kg	Н.д. (not detected)	81/2026	Issued 02.02.2026	IPH — Institute of Public Health (ЈЗУ Институт за јавно здравје на РСМ)	https://drive.google.com/file/d/1WHoF_gHN-Ck_G1j7j6qJggCaLmD1b85w/view
37	CJ082501/1	P060022	Cap Junky	Pesticide/insecticide screen (Ph.Eur. 2.8.13, MKC EN 15662:2020) — Dieldrin i Aldrin (expressed as Dieldrin)	≤ 0.05 mg/kg	Н.д. (not detected)	81/2026	Issued 02.02.2026	IPH — Institute of Public Health (ЈЗУ Институт за јавно здравје на РСМ)	https://drive.google.com/file/d/1WHoF_gHN-Ck_G1j7j6qJggCaLmD1b85w/view
37	CJ082501/1	P060022	Cap Junky	Pesticide/insecticide screen (Ph.Eur. 2.8.13, MKC EN 15662:2020) — HCB (Hexachlorobenzene)	≤ 0.1 mg/kg	Н.д. (not detected)	81/2026	Issued 02.02.2026	IPH — Institute of Public Health (ЈЗУ Институт за јавно здравје на РСМ)	https://drive.google.com/file/d/1WHoF_gHN-Ck_G1j7j6qJggCaLmD1b85w/view
37	CJ082501/1	P060022	Cap Junky	Pesticide/insecticide screen (Ph.Eur. 2.8.13, MKC EN 15662:2020) — 4,4' DDE	≤ 1 mg/kg	Н.д. (not detected)	81/2026	Issued 02.02.2026	IPH — Institute of Public Health (ЈЗУ Институт за јавно здравје на РСМ)	https://drive.google.com/file/d/1WHoF_gHN-Ck_G1j7j6qJggCaLmD1b85w/view
37	CJ082501/1	P060022	Cap Junky	Pesticide/insecticide screen (Ph.Eur. 2.8.13, MKC EN 15662:2020) — 4,4' DDD	≤ 1 mg/kg	Н.д. (not detected)	81/2026	Issued 02.02.2026	IPH — Institute of Public Health (ЈЗУ Институт за јавно здравје на РСМ)	https://drive.google.com/file/d/1WHoF_gHN-Ck_G1j7j6qJggCaLmD1b85w/view
37	CJ082501/1	P060022	Cap Junky	Pesticide/insecticide screen (Ph.Eur. 2.8.13, MKC EN 15662:2020) — 4,4' DDT	≤ 1 mg/kg	Н.д. (not detected)	81/2026	Issued 02.02.2026	IPH — Institute of Public Health (ЈЗУ Институт за јавно здравје на РСМ)	https://drive.google.com/file/d/1WHoF_gHN-Ck_G1j7j6qJggCaLmD1b85w/view
37	CJ082501/1	P060022	Cap Junky	Pesticide/insecticide screen (Ph.Eur. 2.8.13, MKC EN 15662:2020) — Vkupno DDT (Total DDT)	≤ 1 mg/kg	Н.д. (not detected)	81/2026	Issued 02.02.2026	IPH — Institute of Public Health (ЈЗУ Институт за јавно здравје на РСМ)	https://drive.google.com/file/d/1WHoF_gHN-Ck_G1j7j6qJggCaLmD1b85w/view
37	CJ082501/1	P060022	Cap Junky	Pesticide/insecticide screen (Ph.Eur. 2.8.13, MKC EN 15662:2020) — delta HCH	≤ 0.3 mg/kg	Н.д. (not detected)	81/2026	Issued 02.02.2026	IPH — Institute of Public Health (ЈЗУ Институт за јавно здравје на РСМ)	https://drive.google.com/file/d/1WHoF_gHN-Ck_G1j7j6qJggCaLmD1b85w/view
37	CJ082501/1	P060022	Cap Junky	Pesticide/insecticide screen (Ph.Eur. 2.8.13, MKC EN 15662:2020) — alpha HCH	≤ 0.3 mg/kg	Н.д. (not detected)	81/2026	Issued 02.02.2026	IPH — Institute of Public Health (ЈЗУ Институт за јавно здравје на РСМ)	https://drive.google.com/file/d/1WHoF_gHN-Ck_G1j7j6qJggCaLmD1b85w/view
37	CJ082501/1	P060022	Cap Junky	Pesticide/insecticide screen (Ph.Eur. 2.8.13, MKC EN 15662:2020) — beta HCH	≤ 0.3 mg/kg	Н.д. (not detected)	81/2026	Issued 02.02.2026	IPH — Institute of Public Health (ЈЗУ Институт за јавно здравје на РСМ)	https://drive.google.com/file/d/1WHoF_gHN-Ck_G1j7j6qJggCaLmD1b85w/view
37	CJ082501/1	P060022	Cap Junky	Pesticide/insecticide screen (Ph.Eur. 2.8.13, MKC EN 15662:2020) — Endrin	≤ 0.05 mg/kg	Н.д. (not detected)	81/2026	Issued 02.02.2026	IPH — Institute of Public Health (ЈЗУ Институт за јавно здравје на РСМ)	https://drive.google.com/file/d/1WHoF_gHN-Ck_G1j7j6qJggCaLmD1b85w/view
37	CJ082501/1	P060022	Cap Junky	Pesticide/insecticide screen (Ph.Eur. 2.8.13, MKC EN 15662:2020) — Chlorpyriphos-methyl	≤ 0.1 mg/kg	Н.д. (not detected)	81/2026	Issued 02.02.2026	IPH — Institute of Public Health (ЈЗУ Институт за јавно здравје на РСМ)	https://drive.google.com/file/d/1WHoF_gHN-Ck_G1j7j6qJggCaLmD1b85w/view
37	CJ082501/1	P060022	Cap Junky	Pesticide/insecticide screen (Ph.Eur. 2.8.13, MKC EN 15662:2020) — Chlorpyrifos (Chlorpyriphos-ethyl)	≤ 0.2 mg/kg	Н.д. (not detected)	81/2026	Issued 02.02.2026	IPH — Institute of Public Health (ЈЗУ Институт за јавно здравје на РСМ)	https://drive.google.com/file/d/1WHoF_gHN-Ck_G1j7j6qJggCaLmD1b85w/view
37	CJ082501/1	P060022	Cap Junky	Pesticide/insecticide screen (Ph.Eur. 2.8.13, MKC EN 15662:2020) — Heptachlor (sum of Heptachlor + Heptachlor epoxide)	≤ 0.05 mg/kg	Н.д. (not detected)	81/2026	Issued 02.02.2026	IPH — Institute of Public Health (ЈЗУ Институт за јавно здравје на РСМ)	https://drive.google.com/file/d/1WHoF_gHN-Ck_G1j7j6qJggCaLmD1b85w/view
37	CJ082501/1	P060022	Cap Junky	Pesticide/insecticide screen (Ph.Eur. 2.8.13, MKC EN 15662:2020) — Endosulfan (alpha, beta and endosulfan sulfate)	≤ 3 mg/kg	Н.д. (not detected)	81/2026	Issued 02.02.2026	IPH — Institute of Public Health (ЈЗУ Институт за јавно здравје на РСМ)	https://drive.google.com/file/d/1WHoF_gHN-Ck_G1j7j6qJggCaLmD1b85w/view
37	CJ082501/1	P060022	Cap Junky	Pesticide/insecticide screen (Ph.Eur. 2.8.13, MKC EN 15662:2020) — Deltamethrin	≤ 0.5 mg/kg	Н.д. (not detected)	81/2026	Issued 02.02.2026	IPH — Institute of Public Health (ЈЗУ Институт за јавно здравје на РСМ)	https://drive.google.com/file/d/1WHoF_gHN-Ck_G1j7j6qJggCaLmD1b85w/view
37	CJ082501/1	P060022	Cap Junky	Pesticide/insecticide screen (Ph.Eur. 2.8.13, MKC EN 15662:2020) — Chlordane (sum of cis- and trans-chlordane)	≤ 0.05 mg/kg	Н.д. (not detected)	81/2026	Issued 02.02.2026	IPH — Institute of Public Health (ЈЗУ Институт за јавно здравје на РСМ)	https://drive.google.com/file/d/1WHoF_gHN-Ck_G1j7j6qJggCaLmD1b85w/view
37	CJ082501/1	P060022	Cap Junky	Pesticide/insecticide screen (Ph.Eur. 2.8.13, MKC EN 15662:2020) — Metoxychlor	≤ 0.05 mg/kg	Н.д. (not detected)	81/2026	Issued 02.02.2026	IPH — Institute of Public Health (ЈЗУ Институт за јавно здравје на РСМ)	https://drive.google.com/file/d/1WHoF_gHN-Ck_G1j7j6qJggCaLmD1b85w/view
37	CJ082501/1	P060022	Cap Junky	Pesticide/insecticide screen (Ph.Eur. 2.8.13, MKC EN 15662:2020) — Heptachlor epoxide	≤ 0.05 mg/kg	Н.д. (not detected)	81/2026	Issued 02.02.2026	IPH — Institute of Public Health (ЈЗУ Институт за јавно здравје на РСМ)	https://drive.google.com/file/d/1WHoF_gHN-Ck_G1j7j6qJggCaLmD1b85w/view
37	CJ082501/1	P060022	Cap Junky	Pesticide/insecticide screen (Ph.Eur. 2.8.13, MKC EN 15662:2020) — Endrin aldehyde	≤ 0.05 mg/kg	Н.д. (not detected)	81/2026	Issued 02.02.2026	IPH — Institute of Public Health (ЈЗУ Институт за јавно здравје на РСМ)	https://drive.google.com/file/d/1WHoF_gHN-Ck_G1j7j6qJggCaLmD1b85w/view
37	CJ082501/1	P060022	Cap Junky	Pesticide/insecticide screen (Ph.Eur. 2.8.13, MKC EN 15662:2020) — alpha Endosulfan	≤ 3 mg/kg	Н.д. (not detected)	81/2026	Issued 02.02.2026	IPH — Institute of Public Health (ЈЗУ Институт за јавно здравје на РСМ)	https://drive.google.com/file/d/1WHoF_gHN-Ck_G1j7j6qJggCaLmD1b85w/view
37	CJ082501/1	P060022	Cap Junky	Pesticide/insecticide screen (Ph.Eur. 2.8.13, MKC EN 15662:2020) — beta Endosulfan	≤ 3 mg/kg	Н.д. (not detected)	81/2026	Issued 02.02.2026	IPH — Institute of Public Health (ЈЗУ Институт за јавно здравје на РСМ)	https://drive.google.com/file/d/1WHoF_gHN-Ck_G1j7j6qJggCaLmD1b85w/view
37	CJ082501/1	P060022	Cap Junky	Pesticide/insecticide screen (Ph.Eur. 2.8.13, MKC EN 15662:2020) — Endrin keton	≤ 0.05 mg/kg	Н.д. (not detected)	81/2026	Issued 02.02.2026	IPH — Institute of Public Health (ЈЗУ Институт за јавно здравје на РСМ)	https://drive.google.com/file/d/1WHoF_gHN-Ck_G1j7j6qJggCaLmD1b85w/view
37	CJ082501/1	P060022	Cap Junky	Pesticide/insecticide screen (Ph.Eur. 2.8.13, MKC EN 15662:2020) — trans-Chlordane	≤ 0.05 mg/kg	Н.д. (not detected)	81/2026	Issued 02.02.2026	IPH — Institute of Public Health (ЈЗУ Институт за јавно здравје на РСМ)	https://drive.google.com/file/d/1WHoF_gHN-Ck_G1j7j6qJggCaLmD1b85w/view
37	CJ082501/1	P060022	Cap Junky	Pesticide/insecticide screen (Ph.Eur. 2.8.13, MKC EN 15662:2020) — cis-Chlordane	≤ 0.05 mg/kg	Н.д. (not detected)	81/2026	Issued 02.02.2026	IPH — Institute of Public Health (ЈЗУ Институт за јавно здравје на РСМ)	https://drive.google.com/file/d/1WHoF_gHN-Ck_G1j7j6qJggCaLmD1b85w/view
37	CJ082501/1	P060022	Cap Junky	Pesticide/insecticide screen (Ph.Eur. 2.8.13, MKC EN 15662:2020) — Dieldrin	≤ 0.05 mg/kg	Н.д. (not detected)	81/2026	Issued 02.02.2026	IPH — Institute of Public Health (ЈЗУ Институт за јавно здравје на РСМ)	https://drive.google.com/file/d/1WHoF_gHN-Ck_G1j7j6qJggCaLmD1b85w/view
37	CJ082501/1	P060022	Cap Junky	Pesticide/insecticide screen (Ph.Eur. 2.8.13, MKC EN 15662:2020) — Heptachlor	≤ 0.05 mg/kg	Н.д. (not detected)	81/2026	Issued 02.02.2026	IPH — Institute of Public Health (ЈЗУ Институт за јавно здравје на РСМ)	https://drive.google.com/file/d/1WHoF_gHN-Ck_G1j7j6qJggCaLmD1b85w/view
37	CJ082501/1	P060022	Cap Junky	Pesticide/insecticide screen (Ph.Eur. 2.8.13, MKC EN 15662:2020) — Endosulfan sulfate	≤ 3 mg/kg	Н.д. (not detected)	81/2026	Issued 02.02.2026	IPH — Institute of Public Health (ЈЗУ Институт за јавно здравје на РСМ)	https://drive.google.com/file/d/1WHoF_gHN-Ck_G1j7j6qJggCaLmD1b85w/view
37	CJ082501/1	P060022	Cap Junky	Heavy metals (Ph.Eur. 2.4.27, MKC EN 17851:2023) — Lead (olovo/Pb)	≤ 0.5 mg/kg	0.075 mg/kg	81/2026	Issued 02.02.2026	IPH — Institute of Public Health (ЈЗУ Институт за јавно здравје на РСМ)	https://drive.google.com/file/d/1WHoF_gHN-Ck_G1j7j6qJggCaLmD1b85w/view
37	CJ082501/1	P060022	Cap Junky	Heavy metals (Ph.Eur. 2.4.27, MKC EN 17851:2023) — Cadmium (kadmium/Cd)	≤ 0.3 mg/kg	Н.д. mg/kg	81/2026	Issued 02.02.2026	IPH — Institute of Public Health (ЈЗУ Институт за јавно здравје на РСМ)	https://drive.google.com/file/d/1WHoF_gHN-Ck_G1j7j6qJggCaLmD1b85w/view
37	CJ082501/1	P060022	Cap Junky	Heavy metals (Ph.Eur. 2.4.27, MKC EN 17851:2023) — Arsenic (arsen/As)	≤ 0.2 mg/kg	Н.д. mg/kg	81/2026	Issued 02.02.2026	IPH — Institute of Public Health (ЈЗУ Институт за јавно здравје на РСМ)	https://drive.google.com/file/d/1WHoF_gHN-Ck_G1j7j6qJggCaLmD1b85w/view
37	CJ082501/1	P060022	Cap Junky	Heavy metals (Ph.Eur. 2.4.27, MKC EN 17851:2023) — Mercury (ziva/Hg)	≤ 0.1 mg/kg	Н.д. mg/kg	81/2026	Issued 02.02.2026	IPH — Institute of Public Health (ЈЗУ Институт за јавно здравје на РСМ)	https://drive.google.com/file/d/1WHoF_gHN-Ck_G1j7j6qJggCaLmD1b85w/view
37	CJ082501/1	P060022	Cap Junky	Heavy metals (Ph.Eur. 2.4.27, MKC EN 17851:2023) — Copper (bakar/Cu)	not on PP release spec (informational)	2.55 mg/kg	81/2026	Issued 02.02.2026	IPH — Institute of Public Health (ЈЗУ Институт за јавно здравје на РСМ)	https://drive.google.com/file/d/1WHoF_gHN-Ck_G1j7j6qJggCaLmD1b85w/view
37	CJ082501/1	P060022	Cap Junky	Microbiology — Total aerobic microbial count (TAMC)	≤ 10^5 CFU/g	1.5×10^2 CFU/g	8/0011/26	Issued 20.01.2026	IPH — Institute of Public Health (ЈЗУ Институт за јавно здравје на РСМ)	https://drive.google.com/file/d/1WHoF_gHN-Ck_G1j7j6qJggCaLmD1b85w/view
37	CJ082501/1	P060022	Cap Junky	Microbiology — Total combined yeasts/moulds count (TYMC)	≤ 10^4 CFU/g	1.3×10^2 CFU/g	8/0011/26	Issued 20.01.2026	IPH — Institute of Public Health (ЈЗУ Институт за јавно здравје на РСМ)	https://drive.google.com/file/d/1WHoF_gHN-Ck_G1j7j6qJggCaLmD1b85w/view
37	CJ082501/1	P060022	Cap Junky	Microbiology — Bile-tolerant gram-negative bacteria	≤ 10^4 CFU/g	< 10 CFU/g	8/0011/26	Issued 20.01.2026	IPH — Institute of Public Health (ЈЗУ Институт за јавно здравје на РСМ)	https://drive.google.com/file/d/1WHoF_gHN-Ck_G1j7j6qJggCaLmD1b85w/view
37	CJ082501/1	P060022	Cap Junky	Microbiology — Escherichia coli /g	To be absent	Odgovara (Absent)	8/0011/26	Issued 20.01.2026	IPH — Institute of Public Health (ЈЗУ Институт за јавно здравје на РСМ)	https://drive.google.com/file/d/1WHoF_gHN-Ck_G1j7j6qJggCaLmD1b85w/view
37	CJ082501/1	P060022	Cap Junky	Microbiology — Salmonella /25g	To be absent	Odgovara (Absent)	8/0011/26	Issued 20.01.2026	IPH — Institute of Public Health (ЈЗУ Институт за јавно здравје на РСМ)	https://drive.google.com/file/d/1WHoF_gHN-Ck_G1j7j6qJggCaLmD1b85w/view
37	CJ082501/1	P060022	Cap Junky	Packaging — Closure integrity / Labeling / Weight	According to standard	Confirms	PP CoA #041	20.02.2026	Purely Plant GmbH (in-house QC)	https://drive.google.com/file/d/1WHoF_gHN-Ck_G1j7j6qJggCaLmD1b85w/view
38	CJ082501/2	P060032	Cap Junky	Appearance	Dark green to pale yellow or light brown to reddish-brown female inflorescence, characteristic aromatic odour	Confirms	PP CoA #034	20.02.2026	Purely Plant GmbH (in-house QC, Visual)	https://drive.google.com/file/d/1-T_eJ0vOMapKJL-_YbrpSEmVU1cQQkQz/view
38	CJ082501/2	P060032	Cap Junky	Identification (retention time matches standard solution)	Confirms	Confirms	ППК26003	Issued 21.01.2026	UKIM Faculty of Pharmacy — Center for Natural Products	https://drive.google.com/file/d/1-T_eJ0vOMapKJL-_YbrpSEmVU1cQQkQz/view
38	CJ082501/2	P060032	Cap Junky	Loss on drying	< 12.0%	7.37%	ППК26003	Issued 21.01.2026	UKIM Faculty of Pharmacy — Center for Natural Products	https://drive.google.com/file/d/1-T_eJ0vOMapKJL-_YbrpSEmVU1cQQkQz/view
38	CJ082501/2	P060032	Cap Junky	Foreign matter	< 2.0%	Confirms	PP CoA #034	20.02.2026	Purely Plant GmbH (in-house QC)	https://drive.google.com/file/d/1-T_eJ0vOMapKJL-_YbrpSEmVU1cQQkQz/view
38	CJ082501/2	P060032	Cap Junky	Cannabinoid profile — CBDA	n/a (informational)	0.09%	ППК26003	Issued 21.01.2026	UKIM Faculty of Pharmacy — Center for Natural Products	https://drive.google.com/file/d/1-T_eJ0vOMapKJL-_YbrpSEmVU1cQQkQz/view
38	CJ082501/2	P060032	Cap Junky	Cannabinoid profile — CBD	n/a (informational)	ND	ППК26003	Issued 21.01.2026	UKIM Faculty of Pharmacy — Center for Natural Products	https://drive.google.com/file/d/1-T_eJ0vOMapKJL-_YbrpSEmVU1cQQkQz/view
38	CJ082501/2	P060032	Cap Junky	Cannabinoid profile — CBN	n/a (informational)	ND	ППК26003	Issued 21.01.2026	UKIM Faculty of Pharmacy — Center for Natural Products	https://drive.google.com/file/d/1-T_eJ0vOMapKJL-_YbrpSEmVU1cQQkQz/view
38	CJ082501/2	P060032	Cap Junky	Cannabinoid profile — Δ9-THC	n/a (informational)	0.86%	ППК26003	Issued 21.01.2026	UKIM Faculty of Pharmacy — Center for Natural Products	https://drive.google.com/file/d/1-T_eJ0vOMapKJL-_YbrpSEmVU1cQQkQz/view
38	CJ082501/2	P060032	Cap Junky	Cannabinoid profile — Δ9-THCA	n/a (informational)	22.78%	ППК26003	Issued 21.01.2026	UKIM Faculty of Pharmacy — Center for Natural Products	https://drive.google.com/file/d/1-T_eJ0vOMapKJL-_YbrpSEmVU1cQQkQz/view
38	CJ082501/2	P060032	Cap Junky	Assay — Total Δ9-tetrahydrocannabinol	18.75-22.92% of labelled amount	20.84%	ППК26003	Issued 21.01.2026	UKIM Faculty of Pharmacy — Center for Natural Products	https://drive.google.com/file/d/1-T_eJ0vOMapKJL-_YbrpSEmVU1cQQkQz/view
38	CJ082501/2	P060032	Cap Junky	Assay — Total Cannabidiol	< 1.0%	0.08%	ППК26003	Issued 21.01.2026	UKIM Faculty of Pharmacy — Center for Natural Products	https://drive.google.com/file/d/1-T_eJ0vOMapKJL-_YbrpSEmVU1cQQkQz/view
38	CJ082501/2	P060032	Cap Junky	Related substances — Cannabinol	< 1.0%	N.D.	PP CoA #034	20.02.2026	Purely Plant GmbH (in-house QC, transcribed from UKIM ППК26003)	https://drive.google.com/file/d/1-T_eJ0vOMapKJL-_YbrpSEmVU1cQQkQz/view
38	CJ082501/2	P060032	Cap Junky	Mycotoxins (Ph.Eur. 2.8.18, AflaTest fluorometric) — Total aflatoxins (sum B1+B2+G1+G2)	≤ 4 µg/kg	< 2 µg/kg	82/2026	Issued 02.02.2026	IPH — Institute of Public Health (ЈЗУ Институт за јавно здравје на РСМ)	https://drive.google.com/file/d/1-T_eJ0vOMapKJL-_YbrpSEmVU1cQQkQz/view
38	CJ082501/2	P060032	Cap Junky	Pesticide/insecticide screen (Ph.Eur. 2.8.13, MKC EN 15662:2020) — Lindan (Gama HCH)	≤ 0.6 mg/kg	Н.д. (not detected)	82/2026	Issued 02.02.2026	IPH — Institute of Public Health (ЈЗУ Институт за јавно здравје на РСМ)	https://drive.google.com/file/d/1-T_eJ0vOMapKJL-_YbrpSEmVU1cQQkQz/view
38	CJ082501/2	P060032	Cap Junky	Pesticide/insecticide screen (Ph.Eur. 2.8.13, MKC EN 15662:2020) — Aldrin	≤ 0.05 mg/kg	Н.д. (not detected)	82/2026	Issued 02.02.2026	IPH — Institute of Public Health (ЈЗУ Институт за јавно здравје на РСМ)	https://drive.google.com/file/d/1-T_eJ0vOMapKJL-_YbrpSEmVU1cQQkQz/view
38	CJ082501/2	P060032	Cap Junky	Pesticide/insecticide screen (Ph.Eur. 2.8.13, MKC EN 15662:2020) — Dieldrin i Aldrin (expressed as Dieldrin)	≤ 0.05 mg/kg	Н.д. (not detected)	82/2026	Issued 02.02.2026	IPH — Institute of Public Health (ЈЗУ Институт за јавно здравје на РСМ)	https://drive.google.com/file/d/1-T_eJ0vOMapKJL-_YbrpSEmVU1cQQkQz/view
38	CJ082501/2	P060032	Cap Junky	Pesticide/insecticide screen (Ph.Eur. 2.8.13, MKC EN 15662:2020) — HCB (Hexachlorobenzene)	≤ 0.1 mg/kg	Н.д. (not detected)	82/2026	Issued 02.02.2026	IPH — Institute of Public Health (ЈЗУ Институт за јавно здравје на РСМ)	https://drive.google.com/file/d/1-T_eJ0vOMapKJL-_YbrpSEmVU1cQQkQz/view
38	CJ082501/2	P060032	Cap Junky	Pesticide/insecticide screen (Ph.Eur. 2.8.13, MKC EN 15662:2020) — 4,4' DDE	≤ 1 mg/kg	Н.д. (not detected)	82/2026	Issued 02.02.2026	IPH — Institute of Public Health (ЈЗУ Институт за јавно здравје на РСМ)	https://drive.google.com/file/d/1-T_eJ0vOMapKJL-_YbrpSEmVU1cQQkQz/view
38	CJ082501/2	P060032	Cap Junky	Pesticide/insecticide screen (Ph.Eur. 2.8.13, MKC EN 15662:2020) — 4,4' DDD	≤ 1 mg/kg	Н.д. (not detected)	82/2026	Issued 02.02.2026	IPH — Institute of Public Health (ЈЗУ Институт за јавно здравје на РСМ)	https://drive.google.com/file/d/1-T_eJ0vOMapKJL-_YbrpSEmVU1cQQkQz/view
38	CJ082501/2	P060032	Cap Junky	Pesticide/insecticide screen (Ph.Eur. 2.8.13, MKC EN 15662:2020) — 4,4' DDT	≤ 1 mg/kg	Н.д. (not detected)	82/2026	Issued 02.02.2026	IPH — Institute of Public Health (ЈЗУ Институт за јавно здравје на РСМ)	https://drive.google.com/file/d/1-T_eJ0vOMapKJL-_YbrpSEmVU1cQQkQz/view
38	CJ082501/2	P060032	Cap Junky	Pesticide/insecticide screen (Ph.Eur. 2.8.13, MKC EN 15662:2020) — Vkupno DDT (Total DDT)	≤ 1 mg/kg	Н.д. (not detected)	82/2026	Issued 02.02.2026	IPH — Institute of Public Health (ЈЗУ Институт за јавно здравје на РСМ)	https://drive.google.com/file/d/1-T_eJ0vOMapKJL-_YbrpSEmVU1cQQkQz/view
38	CJ082501/2	P060032	Cap Junky	Pesticide/insecticide screen (Ph.Eur. 2.8.13, MKC EN 15662:2020) — delta HCH	≤ 0.3 mg/kg	Н.д. (not detected)	82/2026	Issued 02.02.2026	IPH — Institute of Public Health (ЈЗУ Институт за јавно здравје на РСМ)	https://drive.google.com/file/d/1-T_eJ0vOMapKJL-_YbrpSEmVU1cQQkQz/view
38	CJ082501/2	P060032	Cap Junky	Pesticide/insecticide screen (Ph.Eur. 2.8.13, MKC EN 15662:2020) — alpha HCH	≤ 0.3 mg/kg	Н.д. (not detected)	82/2026	Issued 02.02.2026	IPH — Institute of Public Health (ЈЗУ Институт за јавно здравје на РСМ)	https://drive.google.com/file/d/1-T_eJ0vOMapKJL-_YbrpSEmVU1cQQkQz/view
38	CJ082501/2	P060032	Cap Junky	Pesticide/insecticide screen (Ph.Eur. 2.8.13, MKC EN 15662:2020) — beta HCH	≤ 0.3 mg/kg	Н.д. (not detected)	82/2026	Issued 02.02.2026	IPH — Institute of Public Health (ЈЗУ Институт за јавно здравје на РСМ)	https://drive.google.com/file/d/1-T_eJ0vOMapKJL-_YbrpSEmVU1cQQkQz/view
38	CJ082501/2	P060032	Cap Junky	Pesticide/insecticide screen (Ph.Eur. 2.8.13, MKC EN 15662:2020) — Endrin	≤ 0.05 mg/kg	Н.д. (not detected)	82/2026	Issued 02.02.2026	IPH — Institute of Public Health (ЈЗУ Институт за јавно здравје на РСМ)	https://drive.google.com/file/d/1-T_eJ0vOMapKJL-_YbrpSEmVU1cQQkQz/view
38	CJ082501/2	P060032	Cap Junky	Pesticide/insecticide screen (Ph.Eur. 2.8.13, MKC EN 15662:2020) — Chlorpyriphos-methyl	≤ 0.1 mg/kg	Н.д. (not detected)	82/2026	Issued 02.02.2026	IPH — Institute of Public Health (ЈЗУ Институт за јавно здравје на РСМ)	https://drive.google.com/file/d/1-T_eJ0vOMapKJL-_YbrpSEmVU1cQQkQz/view
38	CJ082501/2	P060032	Cap Junky	Pesticide/insecticide screen (Ph.Eur. 2.8.13, MKC EN 15662:2020) — Chlorpyrifos (Chlorpyriphos-ethyl)	≤ 0.2 mg/kg	Н.д. (not detected)	82/2026	Issued 02.02.2026	IPH — Institute of Public Health (ЈЗУ Институт за јавно здравје на РСМ)	https://drive.google.com/file/d/1-T_eJ0vOMapKJL-_YbrpSEmVU1cQQkQz/view
38	CJ082501/2	P060032	Cap Junky	Pesticide/insecticide screen (Ph.Eur. 2.8.13, MKC EN 15662:2020) — Heptachlor (sum of Heptachlor + Heptachlor epoxide)	≤ 0.05 mg/kg	Н.д. (not detected)	82/2026	Issued 02.02.2026	IPH — Institute of Public Health (ЈЗУ Институт за јавно здравје на РСМ)	https://drive.google.com/file/d/1-T_eJ0vOMapKJL-_YbrpSEmVU1cQQkQz/view
38	CJ082501/2	P060032	Cap Junky	Pesticide/insecticide screen (Ph.Eur. 2.8.13, MKC EN 15662:2020) — Endosulfan (alpha, beta and endosulfan sulfate)	≤ 3 mg/kg	Н.д. (not detected)	82/2026	Issued 02.02.2026	IPH — Institute of Public Health (ЈЗУ Институт за јавно здравје на РСМ)	https://drive.google.com/file/d/1-T_eJ0vOMapKJL-_YbrpSEmVU1cQQkQz/view
38	CJ082501/2	P060032	Cap Junky	Pesticide/insecticide screen (Ph.Eur. 2.8.13, MKC EN 15662:2020) — Deltamethrin	≤ 0.5 mg/kg	Н.д. (not detected)	82/2026	Issued 02.02.2026	IPH — Institute of Public Health (ЈЗУ Институт за јавно здравје на РСМ)	https://drive.google.com/file/d/1-T_eJ0vOMapKJL-_YbrpSEmVU1cQQkQz/view
38	CJ082501/2	P060032	Cap Junky	Pesticide/insecticide screen (Ph.Eur. 2.8.13, MKC EN 15662:2020) — Chlordane (sum of cis- and trans-chlordane)	≤ 0.05 mg/kg	Н.д. (not detected)	82/2026	Issued 02.02.2026	IPH — Institute of Public Health (ЈЗУ Институт за јавно здравје на РСМ)	https://drive.google.com/file/d/1-T_eJ0vOMapKJL-_YbrpSEmVU1cQQkQz/view
38	CJ082501/2	P060032	Cap Junky	Pesticide/insecticide screen (Ph.Eur. 2.8.13, MKC EN 15662:2020) — Metoxychlor	≤ 0.05 mg/kg	Н.д. (not detected)	82/2026	Issued 02.02.2026	IPH — Institute of Public Health (ЈЗУ Институт за јавно здравје на РСМ)	https://drive.google.com/file/d/1-T_eJ0vOMapKJL-_YbrpSEmVU1cQQkQz/view
38	CJ082501/2	P060032	Cap Junky	Pesticide/insecticide screen (Ph.Eur. 2.8.13, MKC EN 15662:2020) — Heptachlor epoxide	≤ 0.05 mg/kg	Н.д. (not detected)	82/2026	Issued 02.02.2026	IPH — Institute of Public Health (ЈЗУ Институт за јавно здравје на РСМ)	https://drive.google.com/file/d/1-T_eJ0vOMapKJL-_YbrpSEmVU1cQQkQz/view
38	CJ082501/2	P060032	Cap Junky	Pesticide/insecticide screen (Ph.Eur. 2.8.13, MKC EN 15662:2020) — Endrin aldehyde	≤ 0.05 mg/kg	Н.д. (not detected)	82/2026	Issued 02.02.2026	IPH — Institute of Public Health (ЈЗУ Институт за јавно здравје на РСМ)	https://drive.google.com/file/d/1-T_eJ0vOMapKJL-_YbrpSEmVU1cQQkQz/view
38	CJ082501/2	P060032	Cap Junky	Pesticide/insecticide screen (Ph.Eur. 2.8.13, MKC EN 15662:2020) — alpha Endosulfan	≤ 3 mg/kg	Н.д. (not detected)	82/2026	Issued 02.02.2026	IPH — Institute of Public Health (ЈЗУ Институт за јавно здравје на РСМ)	https://drive.google.com/file/d/1-T_eJ0vOMapKJL-_YbrpSEmVU1cQQkQz/view
38	CJ082501/2	P060032	Cap Junky	Pesticide/insecticide screen (Ph.Eur. 2.8.13, MKC EN 15662:2020) — beta Endosulfan	≤ 3 mg/kg	Н.д. (not detected)	82/2026	Issued 02.02.2026	IPH — Institute of Public Health (ЈЗУ Институт за јавно здравје на РСМ)	https://drive.google.com/file/d/1-T_eJ0vOMapKJL-_YbrpSEmVU1cQQkQz/view
38	CJ082501/2	P060032	Cap Junky	Pesticide/insecticide screen (Ph.Eur. 2.8.13, MKC EN 15662:2020) — Endrin keton	≤ 0.05 mg/kg	Н.д. (not detected)	82/2026	Issued 02.02.2026	IPH — Institute of Public Health (ЈЗУ Институт за јавно здравје на РСМ)	https://drive.google.com/file/d/1-T_eJ0vOMapKJL-_YbrpSEmVU1cQQkQz/view
38	CJ082501/2	P060032	Cap Junky	Pesticide/insecticide screen (Ph.Eur. 2.8.13, MKC EN 15662:2020) — trans-Chlordane	≤ 0.05 mg/kg	Н.д. (not detected)	82/2026	Issued 02.02.2026	IPH — Institute of Public Health (ЈЗУ Институт за јавно здравје на РСМ)	https://drive.google.com/file/d/1-T_eJ0vOMapKJL-_YbrpSEmVU1cQQkQz/view
38	CJ082501/2	P060032	Cap Junky	Pesticide/insecticide screen (Ph.Eur. 2.8.13, MKC EN 15662:2020) — cis-Chlordane	≤ 0.05 mg/kg	Н.д. (not detected)	82/2026	Issued 02.02.2026	IPH — Institute of Public Health (ЈЗУ Институт за јавно здравје на РСМ)	https://drive.google.com/file/d/1-T_eJ0vOMapKJL-_YbrpSEmVU1cQQkQz/view
38	CJ082501/2	P060032	Cap Junky	Pesticide/insecticide screen (Ph.Eur. 2.8.13, MKC EN 15662:2020) — Dieldrin	≤ 0.05 mg/kg	Н.д. (not detected)	82/2026	Issued 02.02.2026	IPH — Institute of Public Health (ЈЗУ Институт за јавно здравје на РСМ)	https://drive.google.com/file/d/1-T_eJ0vOMapKJL-_YbrpSEmVU1cQQkQz/view
38	CJ082501/2	P060032	Cap Junky	Pesticide/insecticide screen (Ph.Eur. 2.8.13, MKC EN 15662:2020) — Heptachlor	≤ 0.05 mg/kg	Н.д. (not detected)	82/2026	Issued 02.02.2026	IPH — Institute of Public Health (ЈЗУ Институт за јавно здравје на РСМ)	https://drive.google.com/file/d/1-T_eJ0vOMapKJL-_YbrpSEmVU1cQQkQz/view
38	CJ082501/2	P060032	Cap Junky	Pesticide/insecticide screen (Ph.Eur. 2.8.13, MKC EN 15662:2020) — Endosulfan sulfate	≤ 3 mg/kg	Н.д. (not detected)	82/2026	Issued 02.02.2026	IPH — Institute of Public Health (ЈЗУ Институт за јавно здравје на РСМ)	https://drive.google.com/file/d/1-T_eJ0vOMapKJL-_YbrpSEmVU1cQQkQz/view
38	CJ082501/2	P060032	Cap Junky	Heavy metals (Ph.Eur. 2.4.27, MKC EN 17851:2023) — Lead (olovo/Pb)	≤ 0.5 mg/kg	0.073 mg/kg	82/2026	Issued 02.02.2026	IPH — Institute of Public Health (ЈЗУ Институт за јавно здравје на РСМ)	https://drive.google.com/file/d/1-T_eJ0vOMapKJL-_YbrpSEmVU1cQQkQz/view
38	CJ082501/2	P060032	Cap Junky	Heavy metals (Ph.Eur. 2.4.27, MKC EN 17851:2023) — Cadmium (kadmium/Cd)	≤ 0.3 mg/kg	Н.д. mg/kg	82/2026	Issued 02.02.2026	IPH — Institute of Public Health (ЈЗУ Институт за јавно здравје на РСМ)	https://drive.google.com/file/d/1-T_eJ0vOMapKJL-_YbrpSEmVU1cQQkQz/view
38	CJ082501/2	P060032	Cap Junky	Heavy metals (Ph.Eur. 2.4.27, MKC EN 17851:2023) — Arsenic (arsen/As)	≤ 0.2 mg/kg	Н.д. mg/kg	82/2026	Issued 02.02.2026	IPH — Institute of Public Health (ЈЗУ Институт за јавно здравје на РСМ)	https://drive.google.com/file/d/1-T_eJ0vOMapKJL-_YbrpSEmVU1cQQkQz/view
38	CJ082501/2	P060032	Cap Junky	Heavy metals (Ph.Eur. 2.4.27, MKC EN 17851:2023) — Mercury (ziva/Hg)	≤ 0.1 mg/kg	Н.д. mg/kg	82/2026	Issued 02.02.2026	IPH — Institute of Public Health (ЈЗУ Институт за јавно здравје на РСМ)	https://drive.google.com/file/d/1-T_eJ0vOMapKJL-_YbrpSEmVU1cQQkQz/view
38	CJ082501/2	P060032	Cap Junky	Heavy metals (Ph.Eur. 2.4.27, MKC EN 17851:2023) — Copper (bakar/Cu)	not on PP release spec (informational)	3.661 mg/kg	82/2026	Issued 02.02.2026	IPH — Institute of Public Health (ЈЗУ Институт за јавно здравје на РСМ)	https://drive.google.com/file/d/1-T_eJ0vOMapKJL-_YbrpSEmVU1cQQkQz/view
38	CJ082501/2	P060032	Cap Junky	Microbiology — Total aerobic microbial count (TAMC)	≤ 10^5 CFU/g	9.5×10^2 CFU/g	4/0007/26	Issued 20.01.2026	IPH — Institute of Public Health (ЈЗУ Институт за јавно здравје на РСМ)	https://drive.google.com/file/d/1-T_eJ0vOMapKJL-_YbrpSEmVU1cQQkQz/view
38	CJ082501/2	P060032	Cap Junky	Microbiology — Total combined yeasts/moulds count (TYMC)	≤ 10^4 CFU/g	1.2×10^3 CFU/g	4/0007/26	Issued 20.01.2026	IPH — Institute of Public Health (ЈЗУ Институт за јавно здравје на РСМ)	https://drive.google.com/file/d/1-T_eJ0vOMapKJL-_YbrpSEmVU1cQQkQz/view
38	CJ082501/2	P060032	Cap Junky	Microbiology — Bile-tolerant gram-negative bacteria	≤ 10^2 CFU/g	< 10^2 and > 10 CFU/g	4/0007/26	Issued 20.01.2026	IPH — Institute of Public Health (ЈЗУ Институт за јавно здравје на РСМ)	https://drive.google.com/file/d/1-T_eJ0vOMapKJL-_YbrpSEmVU1cQQkQz/view
38	CJ082501/2	P060032	Cap Junky	Microbiology — Escherichia coli /g	To be absent	< 10 CFU/g	4/0007/26	Issued 20.01.2026	IPH — Institute of Public Health (ЈЗУ Институт за јавно здравје на РСМ)	https://drive.google.com/file/d/1-T_eJ0vOMapKJL-_YbrpSEmVU1cQQkQz/view
38	CJ082501/2	P060032	Cap Junky	Microbiology — Salmonella /25g	To be absent	Odgovara (Absent)	4/0007/26	Issued 20.01.2026	IPH — Institute of Public Health (ЈЗУ Институт за јавно здравје на РСМ)	https://drive.google.com/file/d/1-T_eJ0vOMapKJL-_YbrpSEmVU1cQQkQz/view
38	CJ082501/2	P060032	Cap Junky	Packaging — Closure integrity / Labeling / Weight	According to standard	Confirms	PP CoA #034	20.02.2026	Purely Plant GmbH (in-house QC)	https://drive.google.com/file/d/1-T_eJ0vOMapKJL-_YbrpSEmVU1cQQkQz/view
38	CJ082501/2	P060032	Cap Junky	Retest cannabinoids — Total Δ9-THC (HPLC/DAD)	min 5.00% (PP release spec)	18.29% w/w (U 1.12% w/w)	197-5-К/26	Issued 07.08.2026 (analysis 28.07.2026)	Farmahem DOOEL — Laboratorija za zivotna sredina, Skopje	https://drive.google.com/file/d/1q7wMEf0cQ6BXQrXZqazYMIhtlcQfPnTv/view
38	CJ082501/2	P060032	Cap Junky	Retest cannabinoids — Total CBN (HPLC/DAD)	max 1.00% (PP release spec)	<LOQ %w/w	197-5-К/26	Issued 07.08.2026 (analysis 28.07.2026)	Farmahem DOOEL — Laboratorija za zivotna sredina, Skopje	https://drive.google.com/file/d/1q7wMEf0cQ6BXQrXZqazYMIhtlcQfPnTv/view
38	CJ082501/2	P060032	Cap Junky	Retest cannabinoids — Total CBD (HPLC/DAD)	max 1.00% (PP release spec)	<LOQ %w/w	197-5-К/26	Issued 07.08.2026 (analysis 28.07.2026)	Farmahem DOOEL — Laboratorija za zivotna sredina, Skopje	https://drive.google.com/file/d/1q7wMEf0cQ6BXQrXZqazYMIhtlcQfPnTv/view
38	CJ082501/2	P060032	Cap Junky	Retest mycotoxins — Aflatoxin B1/B2/G1/G2 (each)	≤2 µg/kg (B1) / included in Σ (others)	ND µg/kg (all four)	197-5-М/26	Issued 10.08.2026 (analysis 06.08.2026)	Farmahem DOOEL — Laboratorija za zivotna sredina, Skopje	https://drive.google.com/file/d/1opLw-6u0wp8TaoaYOR3Xg5bpVyP5akgn/view
38	CJ082501/2	P060032	Cap Junky	Retest mycotoxins — Sum aflatoxins B1+B2+G1+G2	≤ 4 µg/kg (Ph.Eur. ref)	ND (all four not detected)	197-5-М/26	Issued 10.08.2026 (analysis 06.08.2026)	Farmahem DOOEL — Laboratorija za zivotna sredina, Skopje	https://drive.google.com/file/d/1opLw-6u0wp8TaoaYOR3Xg5bpVyP5akgn/view
38	CJ082501/2	P060032	Cap Junky	Retest mycotoxins — Ochratoxin A	per PP spec (Ph.Eur. ref commonly ≤20 µg/kg)	ND µg/kg	197-5-М/26	Issued 10.08.2026 (analysis 06.08.2026)	Farmahem DOOEL — Laboratorija za zivotna sredina, Skopje	https://drive.google.com/file/d/1opLw-6u0wp8TaoaYOR3Xg5bpVyP5akgn/view
39	OPM092501	P060042	Orange Punch Mimosa	Appearance	Dark green to pale yellow or light brown to reddish-brown female inflorescence, characteristic aromatic odour	Confirms	PP CoA #040	20.02.2026	Purely Plant GmbH (in-house QC, Visual)	https://drive.google.com/file/d/1-kEEo2-pS7_0uxxCDFgX-jwvCKL2SYEd/view
39	OPM092501	P060042	Orange Punch Mimosa	Identification (retention time matches standard solution)	Confirms	Confirms	ППК26008	Issued 21.01.2026	UKIM Faculty of Pharmacy — Center for Natural Products	https://drive.google.com/file/d/1-kEEo2-pS7_0uxxCDFgX-jwvCKL2SYEd/view
39	OPM092501	P060042	Orange Punch Mimosa	Loss on drying	< 12.0%	7.85%	ППК26008	Issued 21.01.2026	UKIM Faculty of Pharmacy — Center for Natural Products	https://drive.google.com/file/d/1-kEEo2-pS7_0uxxCDFgX-jwvCKL2SYEd/view
39	OPM092501	P060042	Orange Punch Mimosa	Foreign matter	< 2.0%	Confirms	PP CoA #040	20.02.2026	Purely Plant GmbH (in-house QC)	https://drive.google.com/file/d/1-kEEo2-pS7_0uxxCDFgX-jwvCKL2SYEd/view
39	OPM092501	P060042	Orange Punch Mimosa	Cannabinoid profile — CBDA	n/a (informational)	0.05%	ППК26008	Issued 21.01.2026	UKIM Faculty of Pharmacy — Center for Natural Products	https://drive.google.com/file/d/1-kEEo2-pS7_0uxxCDFgX-jwvCKL2SYEd/view
39	OPM092501	P060042	Orange Punch Mimosa	Cannabinoid profile — CBD	n/a (informational)	BLQ	ППК26008	Issued 21.01.2026	UKIM Faculty of Pharmacy — Center for Natural Products	https://drive.google.com/file/d/1-kEEo2-pS7_0uxxCDFgX-jwvCKL2SYEd/view
39	OPM092501	P060042	Orange Punch Mimosa	Cannabinoid profile — CBN	n/a (informational)	ND	ППК26008	Issued 21.01.2026	UKIM Faculty of Pharmacy — Center for Natural Products	https://drive.google.com/file/d/1-kEEo2-pS7_0uxxCDFgX-jwvCKL2SYEd/view
39	OPM092501	P060042	Orange Punch Mimosa	Cannabinoid profile — Δ9-THC	n/a (informational)	0.26%	ППК26008	Issued 21.01.2026	UKIM Faculty of Pharmacy — Center for Natural Products	https://drive.google.com/file/d/1-kEEo2-pS7_0uxxCDFgX-jwvCKL2SYEd/view
39	OPM092501	P060042	Orange Punch Mimosa	Cannabinoid profile — Δ9-THCA	n/a (informational)	10.45%	ППК26008	Issued 21.01.2026	UKIM Faculty of Pharmacy — Center for Natural Products	https://drive.google.com/file/d/1-kEEo2-pS7_0uxxCDFgX-jwvCKL2SYEd/view
39	OPM092501	P060042	Orange Punch Mimosa	Assay — Total Δ9-tetrahydrocannabinol	8.48-10.37% of labelled amount	9.43%	ППК26008	Issued 21.01.2026	UKIM Faculty of Pharmacy — Center for Natural Products	https://drive.google.com/file/d/1-kEEo2-pS7_0uxxCDFgX-jwvCKL2SYEd/view
39	OPM092501	P060042	Orange Punch Mimosa	Assay — Total Cannabidiol	< 1.0%	0.04%	ППК26008	Issued 21.01.2026	UKIM Faculty of Pharmacy — Center for Natural Products	https://drive.google.com/file/d/1-kEEo2-pS7_0uxxCDFgX-jwvCKL2SYEd/view
39	OPM092501	P060042	Orange Punch Mimosa	Related substances — Cannabinol	< 1.0%	N.D.	PP CoA #040	20.02.2026	Purely Plant GmbH (in-house QC, transcribed from UKIM ППК26008)	https://drive.google.com/file/d/1-kEEo2-pS7_0uxxCDFgX-jwvCKL2SYEd/view
39	OPM092501	P060042	Orange Punch Mimosa	Mycotoxins — Total aflatoxins	≤ 4 µg/kg	2.2 µg/kg	87/2026	Issued 03.02.2026	IPH — Institute of Public Health (ЈЗУ Институт за јавно здравје на РСМ)	https://drive.google.com/file/d/1-kEEo2-pS7_0uxxCDFgX-jwvCKL2SYEd/view
39	OPM092501	P060042	Orange Punch Mimosa	Pesticide/insecticide screen (Ph.Eur. 2.8.13, MKC EN 15662:2020) — Lindan (Gama HCH)	≤ 0.6 mg/kg	Н.д. (not detected)	87/2026	Issued 03.02.2026	IPH — Institute of Public Health (ЈЗУ Институт за јавно здравје на РСМ)	https://drive.google.com/file/d/1-kEEo2-pS7_0uxxCDFgX-jwvCKL2SYEd/view
39	OPM092501	P060042	Orange Punch Mimosa	Pesticide/insecticide screen (Ph.Eur. 2.8.13, MKC EN 15662:2020) — Aldrin	≤ 0.05 mg/kg	Н.д. (not detected)	87/2026	Issued 03.02.2026	IPH — Institute of Public Health (ЈЗУ Институт за јавно здравје на РСМ)	https://drive.google.com/file/d/1-kEEo2-pS7_0uxxCDFgX-jwvCKL2SYEd/view
39	OPM092501	P060042	Orange Punch Mimosa	Pesticide/insecticide screen (Ph.Eur. 2.8.13, MKC EN 15662:2020) — Dieldrin i Aldrin (expressed as Dieldrin)	≤ 0.05 mg/kg	Н.д. (not detected)	87/2026	Issued 03.02.2026	IPH — Institute of Public Health (ЈЗУ Институт за јавно здравје на РСМ)	https://drive.google.com/file/d/1-kEEo2-pS7_0uxxCDFgX-jwvCKL2SYEd/view
39	OPM092501	P060042	Orange Punch Mimosa	Pesticide/insecticide screen (Ph.Eur. 2.8.13, MKC EN 15662:2020) — HCB (Hexachlorobenzene)	≤ 0.1 mg/kg	Н.д. (not detected)	87/2026	Issued 03.02.2026	IPH — Institute of Public Health (ЈЗУ Институт за јавно здравје на РСМ)	https://drive.google.com/file/d/1-kEEo2-pS7_0uxxCDFgX-jwvCKL2SYEd/view
39	OPM092501	P060042	Orange Punch Mimosa	Pesticide/insecticide screen (Ph.Eur. 2.8.13, MKC EN 15662:2020) — 4,4' DDE	≤ 1 mg/kg	Н.д. (not detected)	87/2026	Issued 03.02.2026	IPH — Institute of Public Health (ЈЗУ Институт за јавно здравје на РСМ)	https://drive.google.com/file/d/1-kEEo2-pS7_0uxxCDFgX-jwvCKL2SYEd/view
39	OPM092501	P060042	Orange Punch Mimosa	Pesticide/insecticide screen (Ph.Eur. 2.8.13, MKC EN 15662:2020) — 4,4' DDD	≤ 1 mg/kg	Н.д. (not detected)	87/2026	Issued 03.02.2026	IPH — Institute of Public Health (ЈЗУ Институт за јавно здравје на РСМ)	https://drive.google.com/file/d/1-kEEo2-pS7_0uxxCDFgX-jwvCKL2SYEd/view
39	OPM092501	P060042	Orange Punch Mimosa	Pesticide/insecticide screen (Ph.Eur. 2.8.13, MKC EN 15662:2020) — 4,4' DDT	≤ 1 mg/kg	Н.д. (not detected)	87/2026	Issued 03.02.2026	IPH — Institute of Public Health (ЈЗУ Институт за јавно здравје на РСМ)	https://drive.google.com/file/d/1-kEEo2-pS7_0uxxCDFgX-jwvCKL2SYEd/view
39	OPM092501	P060042	Orange Punch Mimosa	Pesticide/insecticide screen (Ph.Eur. 2.8.13, MKC EN 15662:2020) — Vkupno DDT (Total DDT)	≤ 1 mg/kg	Н.д. (not detected)	87/2026	Issued 03.02.2026	IPH — Institute of Public Health (ЈЗУ Институт за јавно здравје на РСМ)	https://drive.google.com/file/d/1-kEEo2-pS7_0uxxCDFgX-jwvCKL2SYEd/view
39	OPM092501	P060042	Orange Punch Mimosa	Pesticide/insecticide screen (Ph.Eur. 2.8.13, MKC EN 15662:2020) — delta HCH	≤ 0.3 mg/kg	Н.д. (not detected)	87/2026	Issued 03.02.2026	IPH — Institute of Public Health (ЈЗУ Институт за јавно здравје на РСМ)	https://drive.google.com/file/d/1-kEEo2-pS7_0uxxCDFgX-jwvCKL2SYEd/view
39	OPM092501	P060042	Orange Punch Mimosa	Pesticide/insecticide screen (Ph.Eur. 2.8.13, MKC EN 15662:2020) — alpha HCH	≤ 0.3 mg/kg	Н.д. (not detected)	87/2026	Issued 03.02.2026	IPH — Institute of Public Health (ЈЗУ Институт за јавно здравје на РСМ)	https://drive.google.com/file/d/1-kEEo2-pS7_0uxxCDFgX-jwvCKL2SYEd/view
39	OPM092501	P060042	Orange Punch Mimosa	Pesticide/insecticide screen (Ph.Eur. 2.8.13, MKC EN 15662:2020) — beta HCH	≤ 0.3 mg/kg	Н.д. (not detected)	87/2026	Issued 03.02.2026	IPH — Institute of Public Health (ЈЗУ Институт за јавно здравје на РСМ)	https://drive.google.com/file/d/1-kEEo2-pS7_0uxxCDFgX-jwvCKL2SYEd/view
39	OPM092501	P060042	Orange Punch Mimosa	Pesticide/insecticide screen (Ph.Eur. 2.8.13, MKC EN 15662:2020) — Endrin	≤ 0.05 mg/kg	Н.д. (not detected)	87/2026	Issued 03.02.2026	IPH — Institute of Public Health (ЈЗУ Институт за јавно здравје на РСМ)	https://drive.google.com/file/d/1-kEEo2-pS7_0uxxCDFgX-jwvCKL2SYEd/view
39	OPM092501	P060042	Orange Punch Mimosa	Pesticide/insecticide screen (Ph.Eur. 2.8.13, MKC EN 15662:2020) — Chlorpyriphos-methyl	≤ 0.1 mg/kg	Н.д. (not detected)	87/2026	Issued 03.02.2026	IPH — Institute of Public Health (ЈЗУ Институт за јавно здравје на РСМ)	https://drive.google.com/file/d/1-kEEo2-pS7_0uxxCDFgX-jwvCKL2SYEd/view
39	OPM092501	P060042	Orange Punch Mimosa	Pesticide/insecticide screen (Ph.Eur. 2.8.13, MKC EN 15662:2020) — Chlorpyrifos (Chlorpyriphos-ethyl)	≤ 0.2 mg/kg	Н.д. (not detected)	87/2026	Issued 03.02.2026	IPH — Institute of Public Health (ЈЗУ Институт за јавно здравје на РСМ)	https://drive.google.com/file/d/1-kEEo2-pS7_0uxxCDFgX-jwvCKL2SYEd/view
39	OPM092501	P060042	Orange Punch Mimosa	Pesticide/insecticide screen (Ph.Eur. 2.8.13, MKC EN 15662:2020) — Heptachlor (sum of Heptachlor + Heptachlor epoxide)	≤ 0.05 mg/kg	Н.д. (not detected)	87/2026	Issued 03.02.2026	IPH — Institute of Public Health (ЈЗУ Институт за јавно здравје на РСМ)	https://drive.google.com/file/d/1-kEEo2-pS7_0uxxCDFgX-jwvCKL2SYEd/view
39	OPM092501	P060042	Orange Punch Mimosa	Pesticide/insecticide screen (Ph.Eur. 2.8.13, MKC EN 15662:2020) — Endosulfan (alpha, beta and endosulfan sulfate)	≤ 3 mg/kg	Н.д. (not detected)	87/2026	Issued 03.02.2026	IPH — Institute of Public Health (ЈЗУ Институт за јавно здравје на РСМ)	https://drive.google.com/file/d/1-kEEo2-pS7_0uxxCDFgX-jwvCKL2SYEd/view
39	OPM092501	P060042	Orange Punch Mimosa	Pesticide/insecticide screen (Ph.Eur. 2.8.13, MKC EN 15662:2020) — Deltamethrin	≤ 0.5 mg/kg	Н.д. (not detected)	87/2026	Issued 03.02.2026	IPH — Institute of Public Health (ЈЗУ Институт за јавно здравје на РСМ)	https://drive.google.com/file/d/1-kEEo2-pS7_0uxxCDFgX-jwvCKL2SYEd/view
39	OPM092501	P060042	Orange Punch Mimosa	Pesticide/insecticide screen (Ph.Eur. 2.8.13, MKC EN 15662:2020) — Chlordane (sum of cis- and trans-chlordane)	≤ 0.05 mg/kg	Н.д. (not detected)	87/2026	Issued 03.02.2026	IPH — Institute of Public Health (ЈЗУ Институт за јавно здравје на РСМ)	https://drive.google.com/file/d/1-kEEo2-pS7_0uxxCDFgX-jwvCKL2SYEd/view
39	OPM092501	P060042	Orange Punch Mimosa	Pesticide/insecticide screen (Ph.Eur. 2.8.13, MKC EN 15662:2020) — Metoxychlor	≤ 0.05 mg/kg	Н.д. (not detected)	87/2026	Issued 03.02.2026	IPH — Institute of Public Health (ЈЗУ Институт за јавно здравје на РСМ)	https://drive.google.com/file/d/1-kEEo2-pS7_0uxxCDFgX-jwvCKL2SYEd/view
39	OPM092501	P060042	Orange Punch Mimosa	Pesticide/insecticide screen (Ph.Eur. 2.8.13, MKC EN 15662:2020) — Heptachlor epoxide	≤ 0.05 mg/kg	Н.д. (not detected)	87/2026	Issued 03.02.2026	IPH — Institute of Public Health (ЈЗУ Институт за јавно здравје на РСМ)	https://drive.google.com/file/d/1-kEEo2-pS7_0uxxCDFgX-jwvCKL2SYEd/view
39	OPM092501	P060042	Orange Punch Mimosa	Pesticide/insecticide screen (Ph.Eur. 2.8.13, MKC EN 15662:2020) — Endrin aldehyde	≤ 0.05 mg/kg	Н.д. (not detected)	87/2026	Issued 03.02.2026	IPH — Institute of Public Health (ЈЗУ Институт за јавно здравје на РСМ)	https://drive.google.com/file/d/1-kEEo2-pS7_0uxxCDFgX-jwvCKL2SYEd/view
39	OPM092501	P060042	Orange Punch Mimosa	Pesticide/insecticide screen (Ph.Eur. 2.8.13, MKC EN 15662:2020) — alpha Endosulfan	≤ 3 mg/kg	Н.д. (not detected)	87/2026	Issued 03.02.2026	IPH — Institute of Public Health (ЈЗУ Институт за јавно здравје на РСМ)	https://drive.google.com/file/d/1-kEEo2-pS7_0uxxCDFgX-jwvCKL2SYEd/view
39	OPM092501	P060042	Orange Punch Mimosa	Pesticide/insecticide screen (Ph.Eur. 2.8.13, MKC EN 15662:2020) — beta Endosulfan	≤ 3 mg/kg	Н.д. (not detected)	87/2026	Issued 03.02.2026	IPH — Institute of Public Health (ЈЗУ Институт за јавно здравје на РСМ)	https://drive.google.com/file/d/1-kEEo2-pS7_0uxxCDFgX-jwvCKL2SYEd/view
39	OPM092501	P060042	Orange Punch Mimosa	Pesticide/insecticide screen (Ph.Eur. 2.8.13, MKC EN 15662:2020) — Endrin keton	≤ 0.05 mg/kg	Н.д. (not detected)	87/2026	Issued 03.02.2026	IPH — Institute of Public Health (ЈЗУ Институт за јавно здравје на РСМ)	https://drive.google.com/file/d/1-kEEo2-pS7_0uxxCDFgX-jwvCKL2SYEd/view
39	OPM092501	P060042	Orange Punch Mimosa	Pesticide/insecticide screen (Ph.Eur. 2.8.13, MKC EN 15662:2020) — trans-Chlordane	≤ 0.05 mg/kg	Н.д. (not detected)	87/2026	Issued 03.02.2026	IPH — Institute of Public Health (ЈЗУ Институт за јавно здравје на РСМ)	https://drive.google.com/file/d/1-kEEo2-pS7_0uxxCDFgX-jwvCKL2SYEd/view
39	OPM092501	P060042	Orange Punch Mimosa	Pesticide/insecticide screen (Ph.Eur. 2.8.13, MKC EN 15662:2020) — cis-Chlordane	≤ 0.05 mg/kg	Н.д. (not detected)	87/2026	Issued 03.02.2026	IPH — Institute of Public Health (ЈЗУ Институт за јавно здравје на РСМ)	https://drive.google.com/file/d/1-kEEo2-pS7_0uxxCDFgX-jwvCKL2SYEd/view
39	OPM092501	P060042	Orange Punch Mimosa	Pesticide/insecticide screen (Ph.Eur. 2.8.13, MKC EN 15662:2020) — Dieldrin	≤ 0.05 mg/kg	Н.д. (not detected)	87/2026	Issued 03.02.2026	IPH — Institute of Public Health (ЈЗУ Институт за јавно здравје на РСМ)	https://drive.google.com/file/d/1-kEEo2-pS7_0uxxCDFgX-jwvCKL2SYEd/view
39	OPM092501	P060042	Orange Punch Mimosa	Pesticide/insecticide screen (Ph.Eur. 2.8.13, MKC EN 15662:2020) — Heptachlor	≤ 0.05 mg/kg	Н.д. (not detected)	87/2026	Issued 03.02.2026	IPH — Institute of Public Health (ЈЗУ Институт за јавно здравје на РСМ)	https://drive.google.com/file/d/1-kEEo2-pS7_0uxxCDFgX-jwvCKL2SYEd/view
39	OPM092501	P060042	Orange Punch Mimosa	Pesticide/insecticide screen (Ph.Eur. 2.8.13, MKC EN 15662:2020) — Endosulfan sulfate	≤ 3 mg/kg	Н.д. (not detected)	87/2026	Issued 03.02.2026	IPH — Institute of Public Health (ЈЗУ Институт за јавно здравје на РСМ)	https://drive.google.com/file/d/1-kEEo2-pS7_0uxxCDFgX-jwvCKL2SYEd/view
39	OPM092501	P060042	Orange Punch Mimosa	Heavy metals (Ph.Eur. 2.4.27, MKC EN 17851:2023) — Lead (olovo/Pb)	≤ 0.5 mg/kg	0.022 mg/kg	87/2026	Issued 03.02.2026	IPH — Institute of Public Health (ЈЗУ Институт за јавно здравје на РСМ)	https://drive.google.com/file/d/1-kEEo2-pS7_0uxxCDFgX-jwvCKL2SYEd/view
39	OPM092501	P060042	Orange Punch Mimosa	Heavy metals (Ph.Eur. 2.4.27, MKC EN 17851:2023) — Cadmium (kadmium/Cd)	≤ 0.3 mg/kg	Н.д. mg/kg	87/2026	Issued 03.02.2026	IPH — Institute of Public Health (ЈЗУ Институт за јавно здравје на РСМ)	https://drive.google.com/file/d/1-kEEo2-pS7_0uxxCDFgX-jwvCKL2SYEd/view
39	OPM092501	P060042	Orange Punch Mimosa	Heavy metals (Ph.Eur. 2.4.27, MKC EN 17851:2023) — Arsenic (arsen/As)	≤ 0.2 mg/kg	Н.д. mg/kg	87/2026	Issued 03.02.2026	IPH — Institute of Public Health (ЈЗУ Институт за јавно здравје на РСМ)	https://drive.google.com/file/d/1-kEEo2-pS7_0uxxCDFgX-jwvCKL2SYEd/view
39	OPM092501	P060042	Orange Punch Mimosa	Heavy metals (Ph.Eur. 2.4.27, MKC EN 17851:2023) — Mercury (ziva/Hg)	≤ 0.1 mg/kg	Н.д. mg/kg	87/2026	Issued 03.02.2026	IPH — Institute of Public Health (ЈЗУ Институт за јавно здравје на РСМ)	https://drive.google.com/file/d/1-kEEo2-pS7_0uxxCDFgX-jwvCKL2SYEd/view
39	OPM092501	P060042	Orange Punch Mimosa	Heavy metals (Ph.Eur. 2.4.27, MKC EN 17851:2023) — Copper (bakar/Cu)	not on PP release spec (informational)	3.153 mg/kg	87/2026	Issued 03.02.2026	IPH — Institute of Public Health (ЈЗУ Институт за јавно здравје на РСМ)	https://drive.google.com/file/d/1-kEEo2-pS7_0uxxCDFgX-jwvCKL2SYEd/view
39	OPM092501	P060042	Orange Punch Mimosa	Microbiology (Ph.Eur. 5.1.8 cat C) — Total aerobic microbial count (TAMC)	≤ 10^5 CFU/g	10 CFU/g	2/0005/26	Issued 20.01.2026	IPH — Institute of Public Health (ЈЗУ Институт за јавно здравје на РСМ)	https://drive.google.com/file/d/1-kEEo2-pS7_0uxxCDFgX-jwvCKL2SYEd/view
39	OPM092501	P060042	Orange Punch Mimosa	Microbiology (Ph.Eur. 5.1.8 cat C) — Total combined yeasts/moulds count (TYMC)	≤ 10^4 CFU/g	10 CFU/g	2/0005/26	Issued 20.01.2026	IPH — Institute of Public Health (ЈЗУ Институт за јавно здравје на РСМ)	https://drive.google.com/file/d/1-kEEo2-pS7_0uxxCDFgX-jwvCKL2SYEd/view
39	OPM092501	P060042	Orange Punch Mimosa	Microbiology (Ph.Eur. 2.6.12) — Bile-tolerant gram-negative bacteria	≤ 10^4 CFU/g	< 10^2 and > 10	2/0005/26	Issued 20.01.2026	IPH — Institute of Public Health (ЈЗУ Институт за јавно здравје на РСМ)	https://drive.google.com/file/d/1-kEEo2-pS7_0uxxCDFgX-jwvCKL2SYEd/view
39	OPM092501	P060042	Orange Punch Mimosa	Microbiology (Ph.Eur. 2.6.12) — Escherichia coli /g	To be absent	Odgovara (Absent)	2/0005/26	Issued 20.01.2026	IPH — Institute of Public Health (ЈЗУ Институт за јавно здравје на РСМ)	https://drive.google.com/file/d/1-kEEo2-pS7_0uxxCDFgX-jwvCKL2SYEd/view
39	OPM092501	P060042	Orange Punch Mimosa	Microbiology (Ph.Eur. 2.6.31) — Salmonella /25g	To be absent	Odgovara (Absent)	2/0005/26	Issued 20.01.2026	IPH — Institute of Public Health (ЈЗУ Институт за јавно здравје на РСМ)	https://drive.google.com/file/d/1-kEEo2-pS7_0uxxCDFgX-jwvCKL2SYEd/view
39	OPM092501	P060042	Orange Punch Mimosa	Packaging — Closure integrity / Labeling / Weight	According to standard	Confirms	PP CoA #040	20.02.2026	Purely Plant GmbH (in-house QC)	https://drive.google.com/file/d/1-kEEo2-pS7_0uxxCDFgX-jwvCKL2SYEd/view
40	AB092501	P060052	Apple and Banana	Assay — Total Δ9-tetrahydrocannabinol	15.23-18.62% of labelled amount	16.93%	PP CoA #037 / ППК26005	20.02.2026 (UKIM issued 21.01.2026, completed 16.01.2026)	Purely Plant GmbH (in-house QC) / UKIM Faculty of Pharmacy	https://drive.google.com/file/d/1E0HbtZ2Zb2eVH6xgQVcWwMZCgku3Yx9S/view
40	AB092501	P060052	Apple and Banana	Assay — Total Cannabidiol	n/a (printed without spec on CoA)	0.07%	PP CoA #037 / ППК26005	20.02.2026 (UKIM issued 21.01.2026, completed 16.01.2026)	Purely Plant GmbH (in-house QC) / UKIM Faculty of Pharmacy	https://drive.google.com/file/d/1E0HbtZ2Zb2eVH6xgQVcWwMZCgku3Yx9S/view
40	AB092501	P060052	Apple and Banana	Related substances — Cannabinol	n/a (printed without spec on CoA)	N.D.	PP CoA #037	20.02.2026	Purely Plant GmbH (in-house QC)	https://drive.google.com/file/d/1E0HbtZ2Zb2eVH6xgQVcWwMZCgku3Yx9S/view
40	AB092501	P060052	Apple and Banana	Cannabinoid profile — CBDA	n/a (informational)	0.48%	ППК26005	Issued 21.01.2026 (completed 16.01.2026)	UKIM Faculty of Pharmacy — Center for Natural Products	https://drive.google.com/file/d/1E0HbtZ2Zb2eVH6xgQVcWwMZCgku3Yx9S/view
40	AB092501	P060052	Apple and Banana	Cannabinoid profile — CBN	n/a (informational)	0.08%	ППК26005	Issued 21.01.2026 (completed 16.01.2026)	UKIM Faculty of Pharmacy — Center for Natural Products	https://drive.google.com/file/d/1E0HbtZ2Zb2eVH6xgQVcWwMZCgku3Yx9S/view
40	AB092501	P060052	Apple and Banana	Cannabinoid profile — Δ9-THC / Δ9-THCA	n/a (informational)	Δ9-THC 18.77% / Δ9-THCA 0.0% [DATA INTEGRITY FLAG — see source; PP-QC-ERR-002 column-shift defect noted, free Δ9-THC likely over-stated, authoritative value is the scanned report]	ППК26005	Issued 21.01.2026 (completed 16.01.2026)	UKIM Faculty of Pharmacy — Center for Natural Products	https://drive.google.com/file/d/1E0HbtZ2Zb2eVH6xgQVcWwMZCgku3Yx9S/view
40	AB092501	P060052	Apple and Banana	Loss on drying	≤ 10.00% (UKIM spec)	6.77%	PP CoA #037 / ППК26005	20.02.2026 (UKIM issued 21.01.2026, completed 16.01.2026)	Purely Plant GmbH (in-house QC) / UKIM Faculty of Pharmacy	https://drive.google.com/file/d/1E0HbtZ2Zb2eVH6xgQVcWwMZCgku3Yx9S/view
40	AB092501	P060052	Apple and Banana	Mycotoxins (Ph.Eur. 2.8.18, AflaTest fluorometric) — Total aflatoxins (sum B1+B2+G1+G2)	≤ 4 µg/kg	< 2 µg/kg	84/2026	Issued 02.02.2026 (received 08.01.2026)	IPH — Institute of Public Health (ЈЗУ Институт за јавно здравје на РСМ)	https://drive.google.com/file/d/1E0HbtZ2Zb2eVH6xgQVcWwMZCgku3Yx9S/view
40	AB092501	P060052	Apple and Banana	Pesticide/insecticide screen (Ph.Eur. 2.8.13, MKC EN 15662:2020) — Lindan (Gama HCH)	≤ 0.6 mg/kg	Н.д. (not detected)	84/2026	Issued 02.02.2026 (received 08.01.2026)	IPH — Institute of Public Health (ЈЗУ Институт за јавно здравје на РСМ)	https://drive.google.com/file/d/1E0HbtZ2Zb2eVH6xgQVcWwMZCgku3Yx9S/view
40	AB092501	P060052	Apple and Banana	Pesticide/insecticide screen (Ph.Eur. 2.8.13, MKC EN 15662:2020) — Aldrin	≤ 0.05 mg/kg	Н.д. (not detected)	84/2026	Issued 02.02.2026 (received 08.01.2026)	IPH — Institute of Public Health (ЈЗУ Институт за јавно здравје на РСМ)	https://drive.google.com/file/d/1E0HbtZ2Zb2eVH6xgQVcWwMZCgku3Yx9S/view
40	AB092501	P060052	Apple and Banana	Pesticide/insecticide screen (Ph.Eur. 2.8.13, MKC EN 15662:2020) — Dieldrin i Aldrin (expressed as Dieldrin)	≤ 0.05 mg/kg	Н.д. (not detected)	84/2026	Issued 02.02.2026 (received 08.01.2026)	IPH — Institute of Public Health (ЈЗУ Институт за јавно здравје на РСМ)	https://drive.google.com/file/d/1E0HbtZ2Zb2eVH6xgQVcWwMZCgku3Yx9S/view
40	AB092501	P060052	Apple and Banana	Pesticide/insecticide screen (Ph.Eur. 2.8.13, MKC EN 15662:2020) — HCB (Hexachlorobenzene)	≤ 0.1 mg/kg	Н.д. (not detected)	84/2026	Issued 02.02.2026 (received 08.01.2026)	IPH — Institute of Public Health (ЈЗУ Институт за јавно здравје на РСМ)	https://drive.google.com/file/d/1E0HbtZ2Zb2eVH6xgQVcWwMZCgku3Yx9S/view
40	AB092501	P060052	Apple and Banana	Pesticide/insecticide screen (Ph.Eur. 2.8.13, MKC EN 15662:2020) — 4,4' DDE	≤ 1 mg/kg	Н.д. (not detected)	84/2026	Issued 02.02.2026 (received 08.01.2026)	IPH — Institute of Public Health (ЈЗУ Институт за јавно здравје на РСМ)	https://drive.google.com/file/d/1E0HbtZ2Zb2eVH6xgQVcWwMZCgku3Yx9S/view
40	AB092501	P060052	Apple and Banana	Pesticide/insecticide screen (Ph.Eur. 2.8.13, MKC EN 15662:2020) — 4,4' DDD	≤ 1 mg/kg	Н.д. (not detected)	84/2026	Issued 02.02.2026 (received 08.01.2026)	IPH — Institute of Public Health (ЈЗУ Институт за јавно здравје на РСМ)	https://drive.google.com/file/d/1E0HbtZ2Zb2eVH6xgQVcWwMZCgku3Yx9S/view
40	AB092501	P060052	Apple and Banana	Pesticide/insecticide screen (Ph.Eur. 2.8.13, MKC EN 15662:2020) — 4,4' DDT	≤ 1 mg/kg	Н.д. (not detected)	84/2026	Issued 02.02.2026 (received 08.01.2026)	IPH — Institute of Public Health (ЈЗУ Институт за јавно здравје на РСМ)	https://drive.google.com/file/d/1E0HbtZ2Zb2eVH6xgQVcWwMZCgku3Yx9S/view
40	AB092501	P060052	Apple and Banana	Pesticide/insecticide screen (Ph.Eur. 2.8.13, MKC EN 15662:2020) — Vkupno DDT (Total DDT)	≤ 1 mg/kg	Н.д. (not detected)	84/2026	Issued 02.02.2026 (received 08.01.2026)	IPH — Institute of Public Health (ЈЗУ Институт за јавно здравје на РСМ)	https://drive.google.com/file/d/1E0HbtZ2Zb2eVH6xgQVcWwMZCgku3Yx9S/view
40	AB092501	P060052	Apple and Banana	Pesticide/insecticide screen (Ph.Eur. 2.8.13, MKC EN 15662:2020) — delta HCH	≤ 0.3 mg/kg	Н.д. (not detected)	84/2026	Issued 02.02.2026 (received 08.01.2026)	IPH — Institute of Public Health (ЈЗУ Институт за јавно здравје на РСМ)	https://drive.google.com/file/d/1E0HbtZ2Zb2eVH6xgQVcWwMZCgku3Yx9S/view
40	AB092501	P060052	Apple and Banana	Pesticide/insecticide screen (Ph.Eur. 2.8.13, MKC EN 15662:2020) — alpha HCH	≤ 0.3 mg/kg	Н.д. (not detected)	84/2026	Issued 02.02.2026 (received 08.01.2026)	IPH — Institute of Public Health (ЈЗУ Институт за јавно здравје на РСМ)	https://drive.google.com/file/d/1E0HbtZ2Zb2eVH6xgQVcWwMZCgku3Yx9S/view
40	AB092501	P060052	Apple and Banana	Pesticide/insecticide screen (Ph.Eur. 2.8.13, MKC EN 15662:2020) — beta HCH	≤ 0.3 mg/kg	Н.д. (not detected)	84/2026	Issued 02.02.2026 (received 08.01.2026)	IPH — Institute of Public Health (ЈЗУ Институт за јавно здравје на РСМ)	https://drive.google.com/file/d/1E0HbtZ2Zb2eVH6xgQVcWwMZCgku3Yx9S/view
40	AB092501	P060052	Apple and Banana	Pesticide/insecticide screen (Ph.Eur. 2.8.13, MKC EN 15662:2020) — Endrin	≤ 0.05 mg/kg	Н.д. (not detected)	84/2026	Issued 02.02.2026 (received 08.01.2026)	IPH — Institute of Public Health (ЈЗУ Институт за јавно здравје на РСМ)	https://drive.google.com/file/d/1E0HbtZ2Zb2eVH6xgQVcWwMZCgku3Yx9S/view
40	AB092501	P060052	Apple and Banana	Pesticide/insecticide screen (Ph.Eur. 2.8.13, MKC EN 15662:2020) — Chlorpyriphos-methyl	≤ 0.1 mg/kg	Н.д. (not detected)	84/2026	Issued 02.02.2026 (received 08.01.2026)	IPH — Institute of Public Health (ЈЗУ Институт за јавно здравје на РСМ)	https://drive.google.com/file/d/1E0HbtZ2Zb2eVH6xgQVcWwMZCgku3Yx9S/view
40	AB092501	P060052	Apple and Banana	Pesticide/insecticide screen (Ph.Eur. 2.8.13, MKC EN 15662:2020) — Chlorpyrifos (Chlorpyriphos-ethyl)	≤ 0.2 mg/kg	Н.д. (not detected)	84/2026	Issued 02.02.2026 (received 08.01.2026)	IPH — Institute of Public Health (ЈЗУ Институт за јавно здравје на РСМ)	https://drive.google.com/file/d/1E0HbtZ2Zb2eVH6xgQVcWwMZCgku3Yx9S/view
40	AB092501	P060052	Apple and Banana	Pesticide/insecticide screen (Ph.Eur. 2.8.13, MKC EN 15662:2020) — Heptachlor (sum of Heptachlor + Heptachlor epoxide)	≤ 0.05 mg/kg	Н.д. (not detected)	84/2026	Issued 02.02.2026 (received 08.01.2026)	IPH — Institute of Public Health (ЈЗУ Институт за јавно здравје на РСМ)	https://drive.google.com/file/d/1E0HbtZ2Zb2eVH6xgQVcWwMZCgku3Yx9S/view
40	AB092501	P060052	Apple and Banana	Pesticide/insecticide screen (Ph.Eur. 2.8.13, MKC EN 15662:2020) — Endosulfan (alpha, beta and endosulfan sulfate)	≤ 3 mg/kg	Н.д. (not detected)	84/2026	Issued 02.02.2026 (received 08.01.2026)	IPH — Institute of Public Health (ЈЗУ Институт за јавно здравје на РСМ)	https://drive.google.com/file/d/1E0HbtZ2Zb2eVH6xgQVcWwMZCgku3Yx9S/view
40	AB092501	P060052	Apple and Banana	Pesticide/insecticide screen (Ph.Eur. 2.8.13, MKC EN 15662:2020) — Deltamethrin	≤ 0.5 mg/kg	Н.д. (not detected)	84/2026	Issued 02.02.2026 (received 08.01.2026)	IPH — Institute of Public Health (ЈЗУ Институт за јавно здравје на РСМ)	https://drive.google.com/file/d/1E0HbtZ2Zb2eVH6xgQVcWwMZCgku3Yx9S/view
40	AB092501	P060052	Apple and Banana	Pesticide/insecticide screen (Ph.Eur. 2.8.13, MKC EN 15662:2020) — Chlordane (sum of cis- and trans-chlordane)	≤ 0.05 mg/kg	Н.д. (not detected)	84/2026	Issued 02.02.2026 (received 08.01.2026)	IPH — Institute of Public Health (ЈЗУ Институт за јавно здравје на РСМ)	https://drive.google.com/file/d/1E0HbtZ2Zb2eVH6xgQVcWwMZCgku3Yx9S/view
40	AB092501	P060052	Apple and Banana	Pesticide/insecticide screen (Ph.Eur. 2.8.13, MKC EN 15662:2020) — Metoxychlor	≤ 0.05 mg/kg	Н.д. (not detected)	84/2026	Issued 02.02.2026 (received 08.01.2026)	IPH — Institute of Public Health (ЈЗУ Институт за јавно здравје на РСМ)	https://drive.google.com/file/d/1E0HbtZ2Zb2eVH6xgQVcWwMZCgku3Yx9S/view
40	AB092501	P060052	Apple and Banana	Pesticide/insecticide screen (Ph.Eur. 2.8.13, MKC EN 15662:2020) — Heptachlor epoxide	≤ 0.05 mg/kg	Н.д. (not detected)	84/2026	Issued 02.02.2026 (received 08.01.2026)	IPH — Institute of Public Health (ЈЗУ Институт за јавно здравје на РСМ)	https://drive.google.com/file/d/1E0HbtZ2Zb2eVH6xgQVcWwMZCgku3Yx9S/view
40	AB092501	P060052	Apple and Banana	Pesticide/insecticide screen (Ph.Eur. 2.8.13, MKC EN 15662:2020) — Endrin aldehyde	≤ 0.05 mg/kg	Н.д. (not detected)	84/2026	Issued 02.02.2026 (received 08.01.2026)	IPH — Institute of Public Health (ЈЗУ Институт за јавно здравје на РСМ)	https://drive.google.com/file/d/1E0HbtZ2Zb2eVH6xgQVcWwMZCgku3Yx9S/view
40	AB092501	P060052	Apple and Banana	Pesticide/insecticide screen (Ph.Eur. 2.8.13, MKC EN 15662:2020) — alpha Endosulfan	≤ 3 mg/kg	Н.д. (not detected)	84/2026	Issued 02.02.2026 (received 08.01.2026)	IPH — Institute of Public Health (ЈЗУ Институт за јавно здравје на РСМ)	https://drive.google.com/file/d/1E0HbtZ2Zb2eVH6xgQVcWwMZCgku3Yx9S/view
40	AB092501	P060052	Apple and Banana	Pesticide/insecticide screen (Ph.Eur. 2.8.13, MKC EN 15662:2020) — beta Endosulfan	≤ 3 mg/kg	Н.д. (not detected)	84/2026	Issued 02.02.2026 (received 08.01.2026)	IPH — Institute of Public Health (ЈЗУ Институт за јавно здравје на РСМ)	https://drive.google.com/file/d/1E0HbtZ2Zb2eVH6xgQVcWwMZCgku3Yx9S/view
40	AB092501	P060052	Apple and Banana	Pesticide/insecticide screen (Ph.Eur. 2.8.13, MKC EN 15662:2020) — Endrin keton	≤ 0.05 mg/kg	Н.д. (not detected)	84/2026	Issued 02.02.2026 (received 08.01.2026)	IPH — Institute of Public Health (ЈЗУ Институт за јавно здравје на РСМ)	https://drive.google.com/file/d/1E0HbtZ2Zb2eVH6xgQVcWwMZCgku3Yx9S/view
40	AB092501	P060052	Apple and Banana	Pesticide/insecticide screen (Ph.Eur. 2.8.13, MKC EN 15662:2020) — trans-Chlordane	≤ 0.05 mg/kg	Н.д. (not detected)	84/2026	Issued 02.02.2026 (received 08.01.2026)	IPH — Institute of Public Health (ЈЗУ Институт за јавно здравје на РСМ)	https://drive.google.com/file/d/1E0HbtZ2Zb2eVH6xgQVcWwMZCgku3Yx9S/view
40	AB092501	P060052	Apple and Banana	Pesticide/insecticide screen (Ph.Eur. 2.8.13, MKC EN 15662:2020) — cis-Chlordane	≤ 0.05 mg/kg	Н.д. (not detected)	84/2026	Issued 02.02.2026 (received 08.01.2026)	IPH — Institute of Public Health (ЈЗУ Институт за јавно здравје на РСМ)	https://drive.google.com/file/d/1E0HbtZ2Zb2eVH6xgQVcWwMZCgku3Yx9S/view
40	AB092501	P060052	Apple and Banana	Pesticide/insecticide screen (Ph.Eur. 2.8.13, MKC EN 15662:2020) — Dieldrin	≤ 0.05 mg/kg	Н.д. (not detected)	84/2026	Issued 02.02.2026 (received 08.01.2026)	IPH — Institute of Public Health (ЈЗУ Институт за јавно здравје на РСМ)	https://drive.google.com/file/d/1E0HbtZ2Zb2eVH6xgQVcWwMZCgku3Yx9S/view
40	AB092501	P060052	Apple and Banana	Pesticide/insecticide screen (Ph.Eur. 2.8.13, MKC EN 15662:2020) — Heptachlor	≤ 0.05 mg/kg	Н.д. (not detected)	84/2026	Issued 02.02.2026 (received 08.01.2026)	IPH — Institute of Public Health (ЈЗУ Институт за јавно здравје на РСМ)	https://drive.google.com/file/d/1E0HbtZ2Zb2eVH6xgQVcWwMZCgku3Yx9S/view
40	AB092501	P060052	Apple and Banana	Pesticide/insecticide screen (Ph.Eur. 2.8.13, MKC EN 15662:2020) — Endosulfan sulfate	≤ 3 mg/kg	Н.д. (not detected)	84/2026	Issued 02.02.2026 (received 08.01.2026)	IPH — Institute of Public Health (ЈЗУ Институт за јавно здравје на РСМ)	https://drive.google.com/file/d/1E0HbtZ2Zb2eVH6xgQVcWwMZCgku3Yx9S/view
40	AB092501	P060052	Apple and Banana	Heavy metals (Ph.Eur. 2.4.27, MKC EN 17851:2023) — Lead (olovo/Pb)	≤ 0.5 mg/kg	0.05 mg/kg	84/2026	Issued 02.02.2026 (received 08.01.2026)	IPH — Institute of Public Health (ЈЗУ Институт за јавно здравје на РСМ)	https://drive.google.com/file/d/1E0HbtZ2Zb2eVH6xgQVcWwMZCgku3Yx9S/view
40	AB092501	P060052	Apple and Banana	Heavy metals (Ph.Eur. 2.4.27, MKC EN 17851:2023) — Cadmium (kadmium/Cd)	≤ 0.3 mg/kg	Н.д. mg/kg	84/2026	Issued 02.02.2026 (received 08.01.2026)	IPH — Institute of Public Health (ЈЗУ Институт за јавно здравје на РСМ)	https://drive.google.com/file/d/1E0HbtZ2Zb2eVH6xgQVcWwMZCgku3Yx9S/view
40	AB092501	P060052	Apple and Banana	Heavy metals (Ph.Eur. 2.4.27, MKC EN 17851:2023) — Arsenic (arsen/As)	≤ 0.2 mg/kg	Н.д. mg/kg	84/2026	Issued 02.02.2026 (received 08.01.2026)	IPH — Institute of Public Health (ЈЗУ Институт за јавно здравје на РСМ)	https://drive.google.com/file/d/1E0HbtZ2Zb2eVH6xgQVcWwMZCgku3Yx9S/view
40	AB092501	P060052	Apple and Banana	Heavy metals (Ph.Eur. 2.4.27, MKC EN 17851:2023) — Mercury (ziva/Hg)	≤ 0.1 mg/kg	0.003 mg/kg	84/2026	Issued 02.02.2026 (received 08.01.2026)	IPH — Institute of Public Health (ЈЗУ Институт за јавно здравје на РСМ)	https://drive.google.com/file/d/1E0HbtZ2Zb2eVH6xgQVcWwMZCgku3Yx9S/view
40	AB092501	P060052	Apple and Banana	Heavy metals (Ph.Eur. 2.4.27, MKC EN 17851:2023) — Copper (bakar/Cu)	not on PP release spec (informational)	3.101 mg/kg	84/2026	Issued 02.02.2026 (received 08.01.2026)	IPH — Institute of Public Health (ЈЗУ Институт за јавно здравје на РСМ)	https://drive.google.com/file/d/1E0HbtZ2Zb2eVH6xgQVcWwMZCgku3Yx9S/view
40	AB092501	P060052	Apple and Banana	Microbiology (Ph.Eur. 5.1.8 cat C) — Total aerobic microbial count (TAMC)	≤ 10^5 CFU/g	< 10 CFU/g	7/0010/26	Issued 20.01.2026	IPH — Institute of Public Health (ЈЗУ Институт за јавно здравје на РСМ)	https://drive.google.com/file/d/1E0HbtZ2Zb2eVH6xgQVcWwMZCgku3Yx9S/view
40	AB092501	P060052	Apple and Banana	Microbiology (Ph.Eur. 5.1.8 cat C) — Total combined yeasts/moulds count (TYMC)	≤ 10^4 CFU/g	< 10 CFU/g	7/0010/26	Issued 20.01.2026	IPH — Institute of Public Health (ЈЗУ Институт за јавно здравје на РСМ)	https://drive.google.com/file/d/1E0HbtZ2Zb2eVH6xgQVcWwMZCgku3Yx9S/view
40	AB092501	P060052	Apple and Banana	Microbiology (Ph.Eur. 2.6.12) — Bile-tolerant gram-negative bacteria	≤ 10^4 CFU/g	< 10	7/0010/26	Issued 20.01.2026	IPH — Institute of Public Health (ЈЗУ Институт за јавно здравје на РСМ)	https://drive.google.com/file/d/1E0HbtZ2Zb2eVH6xgQVcWwMZCgku3Yx9S/view
40	AB092501	P060052	Apple and Banana	Microbiology (Ph.Eur. 2.6.12) — Escherichia coli /g	To be absent	Odgovara (Absent)	7/0010/26	Issued 20.01.2026	IPH — Institute of Public Health (ЈЗУ Институт за јавно здравје на РСМ)	https://drive.google.com/file/d/1E0HbtZ2Zb2eVH6xgQVcWwMZCgku3Yx9S/view
40	AB092501	P060052	Apple and Banana	Microbiology (Ph.Eur. 2.6.31) — Salmonella /25g	To be absent	Odgovara (Absent)	7/0010/26	Issued 20.01.2026	IPH — Institute of Public Health (ЈЗУ Институт за јавно здравје на РСМ)	https://drive.google.com/file/d/1E0HbtZ2Zb2eVH6xgQVcWwMZCgku3Yx9S/view
41	PM092501	P060062	Permanent Market	Appearance	Dark green to pale yellow or light brown to reddish-brown female inflorescence, characteristic aromatic odour	Confirms	PP CoA #036	20.02.2026	Purely Plant GmbH (in-house QC, Visual)	https://drive.google.com/file/d/1nPd5-t9PKdiPmrU9cNWF0YA86mqv3cmJ/view
41	PM092501	P060062	Permanent Market	Identification (retention time matches standard solution)	Confirms	Confirms	ППК26004	Issued 21.01.2026	UKIM Faculty of Pharmacy — Center for Natural Products	https://drive.google.com/file/d/1nPd5-t9PKdiPmrU9cNWF0YA86mqv3cmJ/view
41	PM092501	P060062	Permanent Market	Loss on drying	< 12.0%	7.97%	ППК26004	Issued 21.01.2026	UKIM Faculty of Pharmacy — Center for Natural Products	https://drive.google.com/file/d/1nPd5-t9PKdiPmrU9cNWF0YA86mqv3cmJ/view
41	PM092501	P060062	Permanent Market	Foreign matter	< 2.0%	Confirms	PP CoA #036	20.02.2026	Purely Plant GmbH (in-house QC)	https://drive.google.com/file/d/1nPd5-t9PKdiPmrU9cNWF0YA86mqv3cmJ/view
41	PM092501	P060062	Permanent Market	Cannabinoid profile — CBDA	n/a (informational)	0.06%	ППК26004	Issued 21.01.2026	UKIM Faculty of Pharmacy — Center for Natural Products	https://drive.google.com/file/d/1nPd5-t9PKdiPmrU9cNWF0YA86mqv3cmJ/view
41	PM092501	P060062	Permanent Market	Cannabinoid profile — CBD	n/a (informational)	BLQ	ППК26004	Issued 21.01.2026	UKIM Faculty of Pharmacy — Center for Natural Products	https://drive.google.com/file/d/1nPd5-t9PKdiPmrU9cNWF0YA86mqv3cmJ/view
41	PM092501	P060062	Permanent Market	Cannabinoid profile — CBN	n/a (informational)	BLQ	ППК26004	Issued 21.01.2026	UKIM Faculty of Pharmacy — Center for Natural Products	https://drive.google.com/file/d/1nPd5-t9PKdiPmrU9cNWF0YA86mqv3cmJ/view
41	PM092501	P060062	Permanent Market	Cannabinoid profile — Δ9-THC	n/a (informational)	0.38%	ППК26004	Issued 21.01.2026	UKIM Faculty of Pharmacy — Center for Natural Products	https://drive.google.com/file/d/1nPd5-t9PKdiPmrU9cNWF0YA86mqv3cmJ/view
41	PM092501	P060062	Permanent Market	Cannabinoid profile — Δ9-THCA	n/a (informational)	15.59%	ППК26004	Issued 21.01.2026	UKIM Faculty of Pharmacy — Center for Natural Products	https://drive.google.com/file/d/1nPd5-t9PKdiPmrU9cNWF0YA86mqv3cmJ/view
41	PM092501	P060062	Permanent Market	Assay — Total Δ9-tetrahydrocannabinol	12.65-15.46% of labelled amount	14.06%	ППК26004	Issued 21.01.2026	UKIM Faculty of Pharmacy — Center for Natural Products	https://drive.google.com/file/d/1nPd5-t9PKdiPmrU9cNWF0YA86mqv3cmJ/view
41	PM092501	P060062	Permanent Market	Assay — Total Cannabidiol	< 1.0%	0.05%	ППК26004	Issued 21.01.2026	UKIM Faculty of Pharmacy — Center for Natural Products	https://drive.google.com/file/d/1nPd5-t9PKdiPmrU9cNWF0YA86mqv3cmJ/view
41	PM092501	P060062	Permanent Market	Mycotoxins (Ph.Eur. 2.8.18, AflaTest fluorometric) — Total aflatoxins (sum B1+B2+G1+G2)	≤ 4 µg/kg	< 2 µg/kg	83/2026	Issued 02.02.2026	IPH — Institute of Public Health (ЈЗУ Институт за јавно здравје на РСМ)	https://drive.google.com/file/d/1nPd5-t9PKdiPmrU9cNWF0YA86mqv3cmJ/view
41	PM092501	P060062	Permanent Market	Pesticide/insecticide screen (Ph.Eur. 2.8.13, MKC EN 15662:2020) — Lindan (Gama HCH)	≤ 0.6 mg/kg	Н.д. (not detected)	83/2026	Issued 02.02.2026	IPH — Institute of Public Health (ЈЗУ Институт за јавно здравје на РСМ)	https://drive.google.com/file/d/1nPd5-t9PKdiPmrU9cNWF0YA86mqv3cmJ/view
41	PM092501	P060062	Permanent Market	Pesticide/insecticide screen (Ph.Eur. 2.8.13, MKC EN 15662:2020) — Aldrin	≤ 0.05 mg/kg	Н.д. (not detected)	83/2026	Issued 02.02.2026	IPH — Institute of Public Health (ЈЗУ Институт за јавно здравје на РСМ)	https://drive.google.com/file/d/1nPd5-t9PKdiPmrU9cNWF0YA86mqv3cmJ/view
41	PM092501	P060062	Permanent Market	Pesticide/insecticide screen (Ph.Eur. 2.8.13, MKC EN 15662:2020) — Dieldrin i Aldrin (expressed as Dieldrin)	≤ 0.05 mg/kg	Н.д. (not detected)	83/2026	Issued 02.02.2026	IPH — Institute of Public Health (ЈЗУ Институт за јавно здравје на РСМ)	https://drive.google.com/file/d/1nPd5-t9PKdiPmrU9cNWF0YA86mqv3cmJ/view
41	PM092501	P060062	Permanent Market	Pesticide/insecticide screen (Ph.Eur. 2.8.13, MKC EN 15662:2020) — HCB (Hexachlorobenzene)	≤ 0.1 mg/kg	Н.д. (not detected)	83/2026	Issued 02.02.2026	IPH — Institute of Public Health (ЈЗУ Институт за јавно здравје на РСМ)	https://drive.google.com/file/d/1nPd5-t9PKdiPmrU9cNWF0YA86mqv3cmJ/view
41	PM092501	P060062	Permanent Market	Pesticide/insecticide screen (Ph.Eur. 2.8.13, MKC EN 15662:2020) — 4,4' DDE	≤ 1 mg/kg	Н.д. (not detected)	83/2026	Issued 02.02.2026	IPH — Institute of Public Health (ЈЗУ Институт за јавно здравје на РСМ)	https://drive.google.com/file/d/1nPd5-t9PKdiPmrU9cNWF0YA86mqv3cmJ/view
41	PM092501	P060062	Permanent Market	Pesticide/insecticide screen (Ph.Eur. 2.8.13, MKC EN 15662:2020) — 4,4' DDD	≤ 1 mg/kg	Н.д. (not detected)	83/2026	Issued 02.02.2026	IPH — Institute of Public Health (ЈЗУ Институт за јавно здравје на РСМ)	https://drive.google.com/file/d/1nPd5-t9PKdiPmrU9cNWF0YA86mqv3cmJ/view
41	PM092501	P060062	Permanent Market	Pesticide/insecticide screen (Ph.Eur. 2.8.13, MKC EN 15662:2020) — 4,4' DDT	≤ 1 mg/kg	Н.д. (not detected)	83/2026	Issued 02.02.2026	IPH — Institute of Public Health (ЈЗУ Институт за јавно здравје на РСМ)	https://drive.google.com/file/d/1nPd5-t9PKdiPmrU9cNWF0YA86mqv3cmJ/view
41	PM092501	P060062	Permanent Market	Pesticide/insecticide screen (Ph.Eur. 2.8.13, MKC EN 15662:2020) — Vkupno DDT (Total DDT)	≤ 1 mg/kg	Н.д. (not detected)	83/2026	Issued 02.02.2026	IPH — Institute of Public Health (ЈЗУ Институт за јавно здравје на РСМ)	https://drive.google.com/file/d/1nPd5-t9PKdiPmrU9cNWF0YA86mqv3cmJ/view
41	PM092501	P060062	Permanent Market	Pesticide/insecticide screen (Ph.Eur. 2.8.13, MKC EN 15662:2020) — delta HCH	≤ 0.3 mg/kg	Н.д. (not detected)	83/2026	Issued 02.02.2026	IPH — Institute of Public Health (ЈЗУ Институт за јавно здравје на РСМ)	https://drive.google.com/file/d/1nPd5-t9PKdiPmrU9cNWF0YA86mqv3cmJ/view
41	PM092501	P060062	Permanent Market	Pesticide/insecticide screen (Ph.Eur. 2.8.13, MKC EN 15662:2020) — alpha HCH	≤ 0.3 mg/kg	Н.д. (not detected)	83/2026	Issued 02.02.2026	IPH — Institute of Public Health (ЈЗУ Институт за јавно здравје на РСМ)	https://drive.google.com/file/d/1nPd5-t9PKdiPmrU9cNWF0YA86mqv3cmJ/view
41	PM092501	P060062	Permanent Market	Pesticide/insecticide screen (Ph.Eur. 2.8.13, MKC EN 15662:2020) — beta HCH	≤ 0.3 mg/kg	Н.д. (not detected)	83/2026	Issued 02.02.2026	IPH — Institute of Public Health (ЈЗУ Институт за јавно здравје на РСМ)	https://drive.google.com/file/d/1nPd5-t9PKdiPmrU9cNWF0YA86mqv3cmJ/view
41	PM092501	P060062	Permanent Market	Pesticide/insecticide screen (Ph.Eur. 2.8.13, MKC EN 15662:2020) — Endrin	≤ 0.05 mg/kg	Н.д. (not detected)	83/2026	Issued 02.02.2026	IPH — Institute of Public Health (ЈЗУ Институт за јавно здравје на РСМ)	https://drive.google.com/file/d/1nPd5-t9PKdiPmrU9cNWF0YA86mqv3cmJ/view
41	PM092501	P060062	Permanent Market	Pesticide/insecticide screen (Ph.Eur. 2.8.13, MKC EN 15662:2020) — Chlorpyriphos-methyl	≤ 0.1 mg/kg	Н.д. (not detected)	83/2026	Issued 02.02.2026	IPH — Institute of Public Health (ЈЗУ Институт за јавно здравје на РСМ)	https://drive.google.com/file/d/1nPd5-t9PKdiPmrU9cNWF0YA86mqv3cmJ/view
41	PM092501	P060062	Permanent Market	Pesticide/insecticide screen (Ph.Eur. 2.8.13, MKC EN 15662:2020) — Chlorpyrifos (Chlorpyriphos-ethyl)	≤ 0.2 mg/kg	Н.д. (not detected)	83/2026	Issued 02.02.2026	IPH — Institute of Public Health (ЈЗУ Институт за јавно здравје на РСМ)	https://drive.google.com/file/d/1nPd5-t9PKdiPmrU9cNWF0YA86mqv3cmJ/view
41	PM092501	P060062	Permanent Market	Pesticide/insecticide screen (Ph.Eur. 2.8.13, MKC EN 15662:2020) — Heptachlor (sum of Heptachlor + Heptachlor epoxide)	≤ 0.05 mg/kg	Н.д. (not detected)	83/2026	Issued 02.02.2026	IPH — Institute of Public Health (ЈЗУ Институт за јавно здравје на РСМ)	https://drive.google.com/file/d/1nPd5-t9PKdiPmrU9cNWF0YA86mqv3cmJ/view
41	PM092501	P060062	Permanent Market	Pesticide/insecticide screen (Ph.Eur. 2.8.13, MKC EN 15662:2020) — Endosulfan (alpha, beta and endosulfan sulfate)	≤ 3 mg/kg	Н.д. (not detected)	83/2026	Issued 02.02.2026	IPH — Institute of Public Health (ЈЗУ Институт за јавно здравје на РСМ)	https://drive.google.com/file/d/1nPd5-t9PKdiPmrU9cNWF0YA86mqv3cmJ/view
41	PM092501	P060062	Permanent Market	Pesticide/insecticide screen (Ph.Eur. 2.8.13, MKC EN 15662:2020) — Deltamethrin	≤ 0.5 mg/kg	Н.д. (not detected)	83/2026	Issued 02.02.2026	IPH — Institute of Public Health (ЈЗУ Институт за јавно здравје на РСМ)	https://drive.google.com/file/d/1nPd5-t9PKdiPmrU9cNWF0YA86mqv3cmJ/view
41	PM092501	P060062	Permanent Market	Pesticide/insecticide screen (Ph.Eur. 2.8.13, MKC EN 15662:2020) — Chlordane (sum of cis- and trans-chlordane)	≤ 0.05 mg/kg	Н.д. (not detected)	83/2026	Issued 02.02.2026	IPH — Institute of Public Health (ЈЗУ Институт за јавно здравје на РСМ)	https://drive.google.com/file/d/1nPd5-t9PKdiPmrU9cNWF0YA86mqv3cmJ/view
41	PM092501	P060062	Permanent Market	Pesticide/insecticide screen (Ph.Eur. 2.8.13, MKC EN 15662:2020) — Metoxychlor	≤ 0.05 mg/kg	Н.д. (not detected)	83/2026	Issued 02.02.2026	IPH — Institute of Public Health (ЈЗУ Институт за јавно здравје на РСМ)	https://drive.google.com/file/d/1nPd5-t9PKdiPmrU9cNWF0YA86mqv3cmJ/view
41	PM092501	P060062	Permanent Market	Pesticide/insecticide screen (Ph.Eur. 2.8.13, MKC EN 15662:2020) — Heptachlor epoxide	≤ 0.05 mg/kg	Н.д. (not detected)	83/2026	Issued 02.02.2026	IPH — Institute of Public Health (ЈЗУ Институт за јавно здравје на РСМ)	https://drive.google.com/file/d/1nPd5-t9PKdiPmrU9cNWF0YA86mqv3cmJ/view
41	PM092501	P060062	Permanent Market	Pesticide/insecticide screen (Ph.Eur. 2.8.13, MKC EN 15662:2020) — Endrin aldehyde	≤ 0.05 mg/kg	Н.д. (not detected)	83/2026	Issued 02.02.2026	IPH — Institute of Public Health (ЈЗУ Институт за јавно здравје на РСМ)	https://drive.google.com/file/d/1nPd5-t9PKdiPmrU9cNWF0YA86mqv3cmJ/view
41	PM092501	P060062	Permanent Market	Pesticide/insecticide screen (Ph.Eur. 2.8.13, MKC EN 15662:2020) — alpha Endosulfan	≤ 3 mg/kg	Н.д. (not detected)	83/2026	Issued 02.02.2026	IPH — Institute of Public Health (ЈЗУ Институт за јавно здравје на РСМ)	https://drive.google.com/file/d/1nPd5-t9PKdiPmrU9cNWF0YA86mqv3cmJ/view
41	PM092501	P060062	Permanent Market	Pesticide/insecticide screen (Ph.Eur. 2.8.13, MKC EN 15662:2020) — beta Endosulfan	≤ 3 mg/kg	Н.д. (not detected)	83/2026	Issued 02.02.2026	IPH — Institute of Public Health (ЈЗУ Институт за јавно здравје на РСМ)	https://drive.google.com/file/d/1nPd5-t9PKdiPmrU9cNWF0YA86mqv3cmJ/view
41	PM092501	P060062	Permanent Market	Pesticide/insecticide screen (Ph.Eur. 2.8.13, MKC EN 15662:2020) — Endrin keton	≤ 0.05 mg/kg	Н.д. (not detected)	83/2026	Issued 02.02.2026	IPH — Institute of Public Health (ЈЗУ Институт за јавно здравје на РСМ)	https://drive.google.com/file/d/1nPd5-t9PKdiPmrU9cNWF0YA86mqv3cmJ/view
41	PM092501	P060062	Permanent Market	Pesticide/insecticide screen (Ph.Eur. 2.8.13, MKC EN 15662:2020) — trans-Chlordane	≤ 0.05 mg/kg	Н.д. (not detected)	83/2026	Issued 02.02.2026	IPH — Institute of Public Health (ЈЗУ Институт за јавно здравје на РСМ)	https://drive.google.com/file/d/1nPd5-t9PKdiPmrU9cNWF0YA86mqv3cmJ/view
41	PM092501	P060062	Permanent Market	Pesticide/insecticide screen (Ph.Eur. 2.8.13, MKC EN 15662:2020) — cis-Chlordane	≤ 0.05 mg/kg	Н.д. (not detected)	83/2026	Issued 02.02.2026	IPH — Institute of Public Health (ЈЗУ Институт за јавно здравје на РСМ)	https://drive.google.com/file/d/1nPd5-t9PKdiPmrU9cNWF0YA86mqv3cmJ/view
41	PM092501	P060062	Permanent Market	Pesticide/insecticide screen (Ph.Eur. 2.8.13, MKC EN 15662:2020) — Dieldrin	≤ 0.05 mg/kg	Н.д. (not detected)	83/2026	Issued 02.02.2026	IPH — Institute of Public Health (ЈЗУ Институт за јавно здравје на РСМ)	https://drive.google.com/file/d/1nPd5-t9PKdiPmrU9cNWF0YA86mqv3cmJ/view
41	PM092501	P060062	Permanent Market	Pesticide/insecticide screen (Ph.Eur. 2.8.13, MKC EN 15662:2020) — Heptachlor	≤ 0.05 mg/kg	Н.д. (not detected)	83/2026	Issued 02.02.2026	IPH — Institute of Public Health (ЈЗУ Институт за јавно здравје на РСМ)	https://drive.google.com/file/d/1nPd5-t9PKdiPmrU9cNWF0YA86mqv3cmJ/view
41	PM092501	P060062	Permanent Market	Pesticide/insecticide screen (Ph.Eur. 2.8.13, MKC EN 15662:2020) — Endosulfan sulfate	≤ 3 mg/kg	Н.д. (not detected)	83/2026	Issued 02.02.2026	IPH — Institute of Public Health (ЈЗУ Институт за јавно здравје на РСМ)	https://drive.google.com/file/d/1nPd5-t9PKdiPmrU9cNWF0YA86mqv3cmJ/view
41	PM092501	P060062	Permanent Market	Heavy metals (Ph.Eur. 2.4.27, MKC EN 17851:2023) — Lead (olovo/Pb)	≤ 0.5 mg/kg	0.03 mg/kg	83/2026	Issued 02.02.2026	IPH — Institute of Public Health (ЈЗУ Институт за јавно здравје на РСМ)	https://drive.google.com/file/d/1nPd5-t9PKdiPmrU9cNWF0YA86mqv3cmJ/view
41	PM092501	P060062	Permanent Market	Heavy metals (Ph.Eur. 2.4.27, MKC EN 17851:2023) — Cadmium (kadmium/Cd)	≤ 0.3 mg/kg	Н.д. mg/kg	83/2026	Issued 02.02.2026	IPH — Institute of Public Health (ЈЗУ Институт за јавно здравје на РСМ)	https://drive.google.com/file/d/1nPd5-t9PKdiPmrU9cNWF0YA86mqv3cmJ/view
41	PM092501	P060062	Permanent Market	Heavy metals (Ph.Eur. 2.4.27, MKC EN 17851:2023) — Arsenic (arsen/As)	≤ 0.2 mg/kg	Н.д. mg/kg	83/2026	Issued 02.02.2026	IPH — Institute of Public Health (ЈЗУ Институт за јавно здравје на РСМ)	https://drive.google.com/file/d/1nPd5-t9PKdiPmrU9cNWF0YA86mqv3cmJ/view
41	PM092501	P060062	Permanent Market	Heavy metals (Ph.Eur. 2.4.27, MKC EN 17851:2023) — Mercury (ziva/Hg)	≤ 0.1 mg/kg	Н.д. mg/kg	83/2026	Issued 02.02.2026	IPH — Institute of Public Health (ЈЗУ Институт за јавно здравје на РСМ)	https://drive.google.com/file/d/1nPd5-t9PKdiPmrU9cNWF0YA86mqv3cmJ/view
41	PM092501	P060062	Permanent Market	Heavy metals (Ph.Eur. 2.4.27, MKC EN 17851:2023) — Copper (bakar/Cu)	not on PP release spec (informational)	2.196 mg/kg	83/2026	Issued 02.02.2026	IPH — Institute of Public Health (ЈЗУ Институт за јавно здравје на РСМ)	https://drive.google.com/file/d/1nPd5-t9PKdiPmrU9cNWF0YA86mqv3cmJ/view
41	PM092501	P060062	Permanent Market	Microbiology (Ph.Eur. 5.1.8 cat C) — Total aerobic microbial count (TAMC)	≤ 10^5 CFU/g	2×10^3 CFU/g	6/0009/26	Issued 20.01.2026	IPH — Institute of Public Health (ЈЗУ Институт за јавно здравје на РСМ)	https://drive.google.com/file/d/1nPd5-t9PKdiPmrU9cNWF0YA86mqv3cmJ/view
41	PM092501	P060062	Permanent Market	Microbiology (Ph.Eur. 5.1.8 cat C) — Total combined yeasts/moulds count (TYMC)	≤ 10^4 CFU/g	2.2×10^3 CFU/g	6/0009/26	Issued 20.01.2026	IPH — Institute of Public Health (ЈЗУ Институт за јавно здравје на РСМ)	https://drive.google.com/file/d/1nPd5-t9PKdiPmrU9cNWF0YA86mqv3cmJ/view
41	PM092501	P060062	Permanent Market	Microbiology (Ph.Eur. 2.6.12) — Bile-tolerant gram-negative bacteria	≤ 10^4 CFU/g	< 10	6/0009/26	Issued 20.01.2026	IPH — Institute of Public Health (ЈЗУ Институт за јавно здравје на РСМ)	https://drive.google.com/file/d/1nPd5-t9PKdiPmrU9cNWF0YA86mqv3cmJ/view
41	PM092501	P060062	Permanent Market	Microbiology (Ph.Eur. 2.6.12) — Escherichia coli /g	To be absent	< 10 CFU/g	6/0009/26	Issued 20.01.2026	IPH — Institute of Public Health (ЈЗУ Институт за јавно здравје на РСМ)	https://drive.google.com/file/d/1nPd5-t9PKdiPmrU9cNWF0YA86mqv3cmJ/view
41	PM092501	P060062	Permanent Market	Microbiology (Ph.Eur. 2.6.31) — Salmonella /25g	To be absent	Odgovara (Absent)	6/0009/26	Issued 20.01.2026	IPH — Institute of Public Health (ЈЗУ Институт за јавно здравје на РСМ)	https://drive.google.com/file/d/1nPd5-t9PKdiPmrU9cNWF0YA86mqv3cmJ/view
41	PM092501	P060062	Permanent Market	Packaging — Closure integrity / Labeling / Weight	According to standard	Confirms	PP CoA #036	20.02.2026	Purely Plant GmbH (in-house QC)	https://drive.google.com/file/d/1nPd5-t9PKdiPmrU9cNWF0YA86mqv3cmJ/view
41	PM092501	P060062	Permanent Market	Retest cannabinoids — Total Δ9-THC (HPLC/DAD)	min 5.00% (PP release spec)	12.25% w/w (U 0.75% w/w)	197-20-К/26	Issued 07.08.2026 (analysis 30.07.2026)	Farmahem DOOEL — Laboratorija za zivotna sredina, Skopje	https://drive.google.com/file/d/1Et_elIOgo-XSX7XH2NQh1Yxx8_0sei5w/view
41	PM092501	P060062	Permanent Market	Retest cannabinoids — Total CBN (HPLC/DAD)	max 1.00% (PP release spec)	<LOQ %w/w	197-20-К/26	Issued 07.08.2026 (analysis 30.07.2026)	Farmahem DOOEL — Laboratorija za zivotna sredina, Skopje	https://drive.google.com/file/d/1Et_elIOgo-XSX7XH2NQh1Yxx8_0sei5w/view
41	PM092501	P060062	Permanent Market	Retest cannabinoids — Total CBD (HPLC/DAD)	max 1.00% (PP release spec)	<LOQ %w/w	197-20-К/26	Issued 07.08.2026 (analysis 30.07.2026)	Farmahem DOOEL — Laboratorija za zivotna sredina, Skopje	https://drive.google.com/file/d/1Et_elIOgo-XSX7XH2NQh1Yxx8_0sei5w/view
41	PM092501	P060062	Permanent Market	Retest mycotoxins — Aflatoxin B1/B2/G1/G2 (each)	≤2 µg/kg (B1) / included in Σ (others)	ND µg/kg (all four)	197-20-М/26	Issued 10.08.2026 (analysis 06.08.2026)	Farmahem DOOEL — Laboratorija za zivotna sredina, Skopje	https://drive.google.com/file/d/1hPk1pkFxgKOqc_qC2SQZWDJGmrO55A7Z/view
41	PM092501	P060062	Permanent Market	Retest mycotoxins — Sum aflatoxins B1+B2+G1+G2	≤ 4 µg/kg (Ph.Eur. ref)	ND (all four not detected)	197-20-М/26	Issued 10.08.2026 (analysis 06.08.2026)	Farmahem DOOEL — Laboratorija za zivotna sredina, Skopje	https://drive.google.com/file/d/1hPk1pkFxgKOqc_qC2SQZWDJGmrO55A7Z/view
41	PM092501	P060062	Permanent Market	Retest mycotoxins — Ochratoxin A	per PP spec (Ph.Eur. ref commonly ≤20 µg/kg)	ND µg/kg	197-20-М/26	Issued 10.08.2026 (analysis 06.08.2026)	Farmahem DOOEL — Laboratorija za zivotna sredina, Skopje	https://drive.google.com/file/d/1hPk1pkFxgKOqc_qC2SQZWDJGmrO55A7Z/view
42	CJ092501	P060072	Cap Junky	Appearance	Dark green to pale yellow or light brown to reddish-brown female inflorescence, characteristic aromatic odour	Confirms	PP CoA #039	20.02.2026	Purely Plant GmbH (in-house QC, Visual)	https://drive.google.com/file/d/1rzbGdwLgywT8lpsQy3bfv7c98LWbz8KX/view
42	CJ092501	P060072	Cap Junky	Identification (retention time matches standard solution)	Confirms	Confirms	ППК26007	Issued 21.01.2026	UKIM Faculty of Pharmacy — Center for Natural Products	https://drive.google.com/file/d/1rzbGdwLgywT8lpsQy3bfv7c98LWbz8KX/view
42	CJ092501	P060072	Cap Junky	Loss on drying	< 12.0%	7.64%	ППК26007	Issued 21.01.2026	UKIM Faculty of Pharmacy — Center for Natural Products	https://drive.google.com/file/d/1rzbGdwLgywT8lpsQy3bfv7c98LWbz8KX/view
42	CJ092501	P060072	Cap Junky	Foreign matter	< 2.0%	Confirms	PP CoA #039	20.02.2026	Purely Plant GmbH (in-house QC)	https://drive.google.com/file/d/1rzbGdwLgywT8lpsQy3bfv7c98LWbz8KX/view
42	CJ092501	P060072	Cap Junky	Cannabinoid profile — CBDA	n/a (informational)	0.12%	ППК26007	Issued 21.01.2026	UKIM Faculty of Pharmacy — Center for Natural Products	https://drive.google.com/file/d/1rzbGdwLgywT8lpsQy3bfv7c98LWbz8KX/view
42	CJ092501	P060072	Cap Junky	Cannabinoid profile — CBD	n/a (informational)	BLQ	ППК26007	Issued 21.01.2026	UKIM Faculty of Pharmacy — Center for Natural Products	https://drive.google.com/file/d/1rzbGdwLgywT8lpsQy3bfv7c98LWbz8KX/view
42	CJ092501	P060072	Cap Junky	Cannabinoid profile — CBN	n/a (informational)	ND	ППК26007	Issued 21.01.2026	UKIM Faculty of Pharmacy — Center for Natural Products	https://drive.google.com/file/d/1rzbGdwLgywT8lpsQy3bfv7c98LWbz8KX/view
42	CJ092501	P060072	Cap Junky	Cannabinoid profile — Δ9-THC	n/a (informational)	0.65%	ППК26007	Issued 21.01.2026	UKIM Faculty of Pharmacy — Center for Natural Products	https://drive.google.com/file/d/1rzbGdwLgywT8lpsQy3bfv7c98LWbz8KX/view
42	CJ092501	P060072	Cap Junky	Cannabinoid profile — Δ9-THCA	n/a (informational)	24.69%	ППК26007	Issued 21.01.2026	UKIM Faculty of Pharmacy — Center for Natural Products	https://drive.google.com/file/d/1rzbGdwLgywT8lpsQy3bfv7c98LWbz8KX/view
42	CJ092501	P060072	Cap Junky	Assay — Total Δ9-tetrahydrocannabinol	20.07-24.53% of labelled amount	22.30%	ППК26007	Issued 21.01.2026	UKIM Faculty of Pharmacy — Center for Natural Products	https://drive.google.com/file/d/1rzbGdwLgywT8lpsQy3bfv7c98LWbz8KX/view
42	CJ092501	P060072	Cap Junky	Assay — Total Cannabidiol	< 1.0%	0.10%	ППК26007	Issued 21.01.2026	UKIM Faculty of Pharmacy — Center for Natural Products	https://drive.google.com/file/d/1rzbGdwLgywT8lpsQy3bfv7c98LWbz8KX/view
42	CJ092501	P060072	Cap Junky	Related substances — Cannabinol	< 1.0%	N.D.	PP CoA #039	20.02.2026	Purely Plant GmbH (in-house QC, transcribed from UKIM ППК26007)	https://drive.google.com/file/d/1rzbGdwLgywT8lpsQy3bfv7c98LWbz8KX/view
42	CJ092501	P060072	Cap Junky	Mycotoxins (Ph.Eur. 2.8.18, AflaTest fluorometric) — Total aflatoxins (sum B1+B2+G1+G2)	≤ 4 µg/kg	< 2 µg/kg	86/2026	Issued 02.02.2026	IPH — Institute of Public Health (ЈЗУ Институт за јавно здравје на РСМ)	https://drive.google.com/file/d/1rzbGdwLgywT8lpsQy3bfv7c98LWbz8KX/view
42	CJ092501	P060072	Cap Junky	Pesticide/insecticide screen (Ph.Eur. 2.8.13, MKC EN 15662:2020) — Lindan (Gama HCH)	≤ 0.6 mg/kg	Н.д. (not detected)	86/2026	Issued 02.02.2026	IPH — Institute of Public Health (ЈЗУ Институт за јавно здравје на РСМ)	https://drive.google.com/file/d/1rzbGdwLgywT8lpsQy3bfv7c98LWbz8KX/view
42	CJ092501	P060072	Cap Junky	Pesticide/insecticide screen (Ph.Eur. 2.8.13, MKC EN 15662:2020) — Aldrin	≤ 0.05 mg/kg	Н.д. (not detected)	86/2026	Issued 02.02.2026	IPH — Institute of Public Health (ЈЗУ Институт за јавно здравје на РСМ)	https://drive.google.com/file/d/1rzbGdwLgywT8lpsQy3bfv7c98LWbz8KX/view
42	CJ092501	P060072	Cap Junky	Pesticide/insecticide screen (Ph.Eur. 2.8.13, MKC EN 15662:2020) — Dieldrin i Aldrin (expressed as Dieldrin)	≤ 0.05 mg/kg	Н.д. (not detected)	86/2026	Issued 02.02.2026	IPH — Institute of Public Health (ЈЗУ Институт за јавно здравје на РСМ)	https://drive.google.com/file/d/1rzbGdwLgywT8lpsQy3bfv7c98LWbz8KX/view
42	CJ092501	P060072	Cap Junky	Pesticide/insecticide screen (Ph.Eur. 2.8.13, MKC EN 15662:2020) — HCB (Hexachlorobenzene)	≤ 0.1 mg/kg	Н.д. (not detected)	86/2026	Issued 02.02.2026	IPH — Institute of Public Health (ЈЗУ Институт за јавно здравје на РСМ)	https://drive.google.com/file/d/1rzbGdwLgywT8lpsQy3bfv7c98LWbz8KX/view
42	CJ092501	P060072	Cap Junky	Pesticide/insecticide screen (Ph.Eur. 2.8.13, MKC EN 15662:2020) — 4,4' DDE	≤ 1 mg/kg	Н.д. (not detected)	86/2026	Issued 02.02.2026	IPH — Institute of Public Health (ЈЗУ Институт за јавно здравје на РСМ)	https://drive.google.com/file/d/1rzbGdwLgywT8lpsQy3bfv7c98LWbz8KX/view
42	CJ092501	P060072	Cap Junky	Pesticide/insecticide screen (Ph.Eur. 2.8.13, MKC EN 15662:2020) — 4,4' DDD	≤ 1 mg/kg	Н.д. (not detected)	86/2026	Issued 02.02.2026	IPH — Institute of Public Health (ЈЗУ Институт за јавно здравје на РСМ)	https://drive.google.com/file/d/1rzbGdwLgywT8lpsQy3bfv7c98LWbz8KX/view
42	CJ092501	P060072	Cap Junky	Pesticide/insecticide screen (Ph.Eur. 2.8.13, MKC EN 15662:2020) — 4,4' DDT	≤ 1 mg/kg	Н.д. (not detected)	86/2026	Issued 02.02.2026	IPH — Institute of Public Health (ЈЗУ Институт за јавно здравје на РСМ)	https://drive.google.com/file/d/1rzbGdwLgywT8lpsQy3bfv7c98LWbz8KX/view
42	CJ092501	P060072	Cap Junky	Pesticide/insecticide screen (Ph.Eur. 2.8.13, MKC EN 15662:2020) — Vkupno DDT (Total DDT)	≤ 1 mg/kg	Н.д. (not detected)	86/2026	Issued 02.02.2026	IPH — Institute of Public Health (ЈЗУ Институт за јавно здравје на РСМ)	https://drive.google.com/file/d/1rzbGdwLgywT8lpsQy3bfv7c98LWbz8KX/view
42	CJ092501	P060072	Cap Junky	Pesticide/insecticide screen (Ph.Eur. 2.8.13, MKC EN 15662:2020) — delta HCH	≤ 0.3 mg/kg	Н.д. (not detected)	86/2026	Issued 02.02.2026	IPH — Institute of Public Health (ЈЗУ Институт за јавно здравје на РСМ)	https://drive.google.com/file/d/1rzbGdwLgywT8lpsQy3bfv7c98LWbz8KX/view
42	CJ092501	P060072	Cap Junky	Pesticide/insecticide screen (Ph.Eur. 2.8.13, MKC EN 15662:2020) — alpha HCH	≤ 0.3 mg/kg	Н.д. (not detected)	86/2026	Issued 02.02.2026	IPH — Institute of Public Health (ЈЗУ Институт за јавно здравје на РСМ)	https://drive.google.com/file/d/1rzbGdwLgywT8lpsQy3bfv7c98LWbz8KX/view
42	CJ092501	P060072	Cap Junky	Pesticide/insecticide screen (Ph.Eur. 2.8.13, MKC EN 15662:2020) — beta HCH	≤ 0.3 mg/kg	Н.д. (not detected)	86/2026	Issued 02.02.2026	IPH — Institute of Public Health (ЈЗУ Институт за јавно здравје на РСМ)	https://drive.google.com/file/d/1rzbGdwLgywT8lpsQy3bfv7c98LWbz8KX/view
42	CJ092501	P060072	Cap Junky	Pesticide/insecticide screen (Ph.Eur. 2.8.13, MKC EN 15662:2020) — Endrin	≤ 0.05 mg/kg	Н.д. (not detected)	86/2026	Issued 02.02.2026	IPH — Institute of Public Health (ЈЗУ Институт за јавно здравје на РСМ)	https://drive.google.com/file/d/1rzbGdwLgywT8lpsQy3bfv7c98LWbz8KX/view
42	CJ092501	P060072	Cap Junky	Pesticide/insecticide screen (Ph.Eur. 2.8.13, MKC EN 15662:2020) — Chlorpyriphos-methyl	≤ 0.1 mg/kg	Н.д. (not detected)	86/2026	Issued 02.02.2026	IPH — Institute of Public Health (ЈЗУ Институт за јавно здравје на РСМ)	https://drive.google.com/file/d/1rzbGdwLgywT8lpsQy3bfv7c98LWbz8KX/view
42	CJ092501	P060072	Cap Junky	Pesticide/insecticide screen (Ph.Eur. 2.8.13, MKC EN 15662:2020) — Chlorpyrifos (Chlorpyriphos-ethyl)	≤ 0.2 mg/kg	Н.д. (not detected)	86/2026	Issued 02.02.2026	IPH — Institute of Public Health (ЈЗУ Институт за јавно здравје на РСМ)	https://drive.google.com/file/d/1rzbGdwLgywT8lpsQy3bfv7c98LWbz8KX/view
42	CJ092501	P060072	Cap Junky	Pesticide/insecticide screen (Ph.Eur. 2.8.13, MKC EN 15662:2020) — Heptachlor (sum of Heptachlor + Heptachlor epoxide)	≤ 0.05 mg/kg	Н.д. (not detected)	86/2026	Issued 02.02.2026	IPH — Institute of Public Health (ЈЗУ Институт за јавно здравје на РСМ)	https://drive.google.com/file/d/1rzbGdwLgywT8lpsQy3bfv7c98LWbz8KX/view
42	CJ092501	P060072	Cap Junky	Pesticide/insecticide screen (Ph.Eur. 2.8.13, MKC EN 15662:2020) — Endosulfan (alpha, beta and endosulfan sulfate)	≤ 3 mg/kg	Н.д. (not detected)	86/2026	Issued 02.02.2026	IPH — Institute of Public Health (ЈЗУ Институт за јавно здравје на РСМ)	https://drive.google.com/file/d/1rzbGdwLgywT8lpsQy3bfv7c98LWbz8KX/view
42	CJ092501	P060072	Cap Junky	Pesticide/insecticide screen (Ph.Eur. 2.8.13, MKC EN 15662:2020) — Deltamethrin	≤ 0.5 mg/kg	Н.д. (not detected)	86/2026	Issued 02.02.2026	IPH — Institute of Public Health (ЈЗУ Институт за јавно здравје на РСМ)	https://drive.google.com/file/d/1rzbGdwLgywT8lpsQy3bfv7c98LWbz8KX/view
42	CJ092501	P060072	Cap Junky	Pesticide/insecticide screen (Ph.Eur. 2.8.13, MKC EN 15662:2020) — Chlordane (sum of cis- and trans-chlordane)	≤ 0.05 mg/kg	Н.д. (not detected)	86/2026	Issued 02.02.2026	IPH — Institute of Public Health (ЈЗУ Институт за јавно здравје на РСМ)	https://drive.google.com/file/d/1rzbGdwLgywT8lpsQy3bfv7c98LWbz8KX/view
42	CJ092501	P060072	Cap Junky	Pesticide/insecticide screen (Ph.Eur. 2.8.13, MKC EN 15662:2020) — Metoxychlor	≤ 0.05 mg/kg	Н.д. (not detected)	86/2026	Issued 02.02.2026	IPH — Institute of Public Health (ЈЗУ Институт за јавно здравје на РСМ)	https://drive.google.com/file/d/1rzbGdwLgywT8lpsQy3bfv7c98LWbz8KX/view
42	CJ092501	P060072	Cap Junky	Pesticide/insecticide screen (Ph.Eur. 2.8.13, MKC EN 15662:2020) — Heptachlor epoxide	≤ 0.05 mg/kg	Н.д. (not detected)	86/2026	Issued 02.02.2026	IPH — Institute of Public Health (ЈЗУ Институт за јавно здравје на РСМ)	https://drive.google.com/file/d/1rzbGdwLgywT8lpsQy3bfv7c98LWbz8KX/view
42	CJ092501	P060072	Cap Junky	Pesticide/insecticide screen (Ph.Eur. 2.8.13, MKC EN 15662:2020) — Endrin aldehyde	≤ 0.05 mg/kg	Н.д. (not detected)	86/2026	Issued 02.02.2026	IPH — Institute of Public Health (ЈЗУ Институт за јавно здравје на РСМ)	https://drive.google.com/file/d/1rzbGdwLgywT8lpsQy3bfv7c98LWbz8KX/view
42	CJ092501	P060072	Cap Junky	Pesticide/insecticide screen (Ph.Eur. 2.8.13, MKC EN 15662:2020) — alpha Endosulfan	≤ 3 mg/kg	Н.д. (not detected)	86/2026	Issued 02.02.2026	IPH — Institute of Public Health (ЈЗУ Институт за јавно здравје на РСМ)	https://drive.google.com/file/d/1rzbGdwLgywT8lpsQy3bfv7c98LWbz8KX/view
42	CJ092501	P060072	Cap Junky	Pesticide/insecticide screen (Ph.Eur. 2.8.13, MKC EN 15662:2020) — beta Endosulfan	≤ 3 mg/kg	Н.д. (not detected)	86/2026	Issued 02.02.2026	IPH — Institute of Public Health (ЈЗУ Институт за јавно здравје на РСМ)	https://drive.google.com/file/d/1rzbGdwLgywT8lpsQy3bfv7c98LWbz8KX/view
42	CJ092501	P060072	Cap Junky	Pesticide/insecticide screen (Ph.Eur. 2.8.13, MKC EN 15662:2020) — Endrin keton	≤ 0.05 mg/kg	Н.д. (not detected)	86/2026	Issued 02.02.2026	IPH — Institute of Public Health (ЈЗУ Институт за јавно здравје на РСМ)	https://drive.google.com/file/d/1rzbGdwLgywT8lpsQy3bfv7c98LWbz8KX/view
42	CJ092501	P060072	Cap Junky	Pesticide/insecticide screen (Ph.Eur. 2.8.13, MKC EN 15662:2020) — trans-Chlordane	≤ 0.05 mg/kg	Н.д. (not detected)	86/2026	Issued 02.02.2026	IPH — Institute of Public Health (ЈЗУ Институт за јавно здравје на РСМ)	https://drive.google.com/file/d/1rzbGdwLgywT8lpsQy3bfv7c98LWbz8KX/view
42	CJ092501	P060072	Cap Junky	Pesticide/insecticide screen (Ph.Eur. 2.8.13, MKC EN 15662:2020) — cis-Chlordane	≤ 0.05 mg/kg	Н.д. (not detected)	86/2026	Issued 02.02.2026	IPH — Institute of Public Health (ЈЗУ Институт за јавно здравје на РСМ)	https://drive.google.com/file/d/1rzbGdwLgywT8lpsQy3bfv7c98LWbz8KX/view
42	CJ092501	P060072	Cap Junky	Pesticide/insecticide screen (Ph.Eur. 2.8.13, MKC EN 15662:2020) — Dieldrin	≤ 0.05 mg/kg	Н.д. (not detected)	86/2026	Issued 02.02.2026	IPH — Institute of Public Health (ЈЗУ Институт за јавно здравје на РСМ)	https://drive.google.com/file/d/1rzbGdwLgywT8lpsQy3bfv7c98LWbz8KX/view
42	CJ092501	P060072	Cap Junky	Pesticide/insecticide screen (Ph.Eur. 2.8.13, MKC EN 15662:2020) — Heptachlor	≤ 0.05 mg/kg	Н.д. (not detected)	86/2026	Issued 02.02.2026	IPH — Institute of Public Health (ЈЗУ Институт за јавно здравје на РСМ)	https://drive.google.com/file/d/1rzbGdwLgywT8lpsQy3bfv7c98LWbz8KX/view
42	CJ092501	P060072	Cap Junky	Pesticide/insecticide screen (Ph.Eur. 2.8.13, MKC EN 15662:2020) — Endosulfan sulfate	≤ 3 mg/kg	Н.д. (not detected)	86/2026	Issued 02.02.2026	IPH — Institute of Public Health (ЈЗУ Институт за јавно здравје на РСМ)	https://drive.google.com/file/d/1rzbGdwLgywT8lpsQy3bfv7c98LWbz8KX/view
42	CJ092501	P060072	Cap Junky	Heavy metals (Ph.Eur. 2.4.27, MKC EN 17851:2023) — Lead (olovo/Pb)	≤ 0.5 mg/kg	0.04 mg/kg	86/2026	Issued 02.02.2026	IPH — Институт за јавно здравје на РСМ	https://drive.google.com/file/d/1rzbGdwLgywT8lpsQy3bfv7c98LWbz8KX/view
42	CJ092501	P060072	Cap Junky	Heavy metals (Ph.Eur. 2.4.27, MKC EN 17851:2023) — Cadmium (kadmium/Cd)	≤ 0.3 mg/kg	Н.д. mg/kg	86/2026	Issued 02.02.2026	IPH — Институт за јавно здравје на РСМ	https://drive.google.com/file/d/1rzbGdwLgywT8lpsQy3bfv7c98LWbz8KX/view
42	CJ092501	P060072	Cap Junky	Heavy metals (Ph.Eur. 2.4.27, MKC EN 17851:2023) — Arsenic (arsen/As)	≤ 0.2 mg/kg	Н.д. mg/kg	86/2026	Issued 02.02.2026	IPH — Институт за јавно здравје на РСМ	https://drive.google.com/file/d/1rzbGdwLgywT8lpsQy3bfv7c98LWbz8KX/view
42	CJ092501	P060072	Cap Junky	Heavy metals (Ph.Eur. 2.4.27, MKC EN 17851:2023) — Mercury (ziva/Hg)	≤ 0.1 mg/kg	0.004 mg/kg	86/2026	Issued 02.02.2026	IPH — Институт за јавно здравје на РСМ	https://drive.google.com/file/d/1rzbGdwLgywT8lpsQy3bfv7c98LWbz8KX/view
42	CJ092501	P060072	Cap Junky	Heavy metals (Ph.Eur. 2.4.27, MKC EN 17851:2023) — Copper (bakar/Cu)	not on PP release spec (informational)	3.388 mg/kg	86/2026	Issued 02.02.2026	IPH — Institute of Public Health (ЈЗУ Институт за јавно здравје на РСМ)	https://drive.google.com/file/d/1rzbGdwLgywT8lpsQy3bfv7c98LWbz8KX/view
42	CJ092501	P060072	Cap Junky	Microbiology (Ph.Eur. 5.1.8 cat C) — Total aerobic microbial count (TAMC)	≤ 10^5 CFU/g	< 10 CFU/g	10/0013/26	Issued 20.01.2026	IPH — Institute of Public Health (ЈЗУ Институт за јавно здравје на РСМ)	https://drive.google.com/file/d/1rzbGdwLgywT8lpsQy3bfv7c98LWbz8KX/view
42	CJ092501	P060072	Cap Junky	Microbiology (Ph.Eur. 5.1.8 cat C) — Total combined yeasts/moulds count (TYMC)	≤ 10^4 CFU/g	< 10 CFU/g	10/0013/26	Issued 20.01.2026	IPH — Institute of Public Health (ЈЗУ Институт за јавно здравје на РСМ)	https://drive.google.com/file/d/1rzbGdwLgywT8lpsQy3bfv7c98LWbz8KX/view
42	CJ092501	P060072	Cap Junky	Microbiology (Ph.Eur. 2.6.12) — Bile-tolerant gram-negative bacteria	≤ 10^4 CFU/g	< 10	10/0013/26	Issued 20.01.2026	IPH — Institute of Public Health (ЈЗУ Институт за јавно здравје на РСМ)	https://drive.google.com/file/d/1rzbGdwLgywT8lpsQy3bfv7c98LWbz8KX/view
42	CJ092501	P060072	Cap Junky	Microbiology (Ph.Eur. 2.6.12) — Escherichia coli /g	To be absent	< 10 CFU/g	10/0013/26	Issued 20.01.2026	IPH — Institute of Public Health (ЈЗУ Институт за јавно здравје на РСМ)	https://drive.google.com/file/d/1rzbGdwLgywT8lpsQy3bfv7c98LWbz8KX/view
42	CJ092501	P060072	Cap Junky	Microbiology (Ph.Eur. 2.6.31) — Salmonella /25g	To be absent	Odgovara (Absent)	10/0013/26	Issued 20.01.2026	IPH — Institute of Public Health (ЈЗУ Институт за јавно здравје на РСМ)	https://drive.google.com/file/d/1rzbGdwLgywT8lpsQy3bfv7c98LWbz8KX/view
42	CJ092501	P060072	Cap Junky	Packaging — Closure integrity / Labeling / Weight	According to standard	Confirms	PP CoA #039	20.02.2026	Purely Plant GmbH (in-house QC)	https://drive.google.com/file/d/1rzbGdwLgywT8lpsQy3bfv7c98LWbz8KX/view
43	SJ092501	P060082	Sleepy Joy	Appearance	Dark green to pale yellow or light brown to reddish-brown female inflorescence, characteristic aromatic odour	Confirms	PP CoA #038	20.02.2026	Purely Plant GmbH (in-house QC, Visual)	https://drive.google.com/file/d/1HG13deWFIY6yYZ-h4Qy-WBc50PdF0j7b/view
43	SJ092501	P060082	Sleepy Joy	Identification (retention time matches standard solution)	Confirms	Confirms	ППК26006	Issued 21.01.2026	UKIM Faculty of Pharmacy — Center for Natural Products	https://drive.google.com/file/d/1HG13deWFIY6yYZ-h4Qy-WBc50PdF0j7b/view
43	SJ092501	P060082	Sleepy Joy	Loss on drying	< 12.0%	8.68%	ППК26006	Issued 21.01.2026	UKIM Faculty of Pharmacy — Center for Natural Products	https://drive.google.com/file/d/1HG13deWFIY6yYZ-h4Qy-WBc50PdF0j7b/view
43	SJ092501	P060082	Sleepy Joy	Foreign matter	< 2.0%	Confirms	PP CoA #038	20.02.2026	Purely Plant GmbH (in-house QC)	https://drive.google.com/file/d/1HG13deWFIY6yYZ-h4Qy-WBc50PdF0j7b/view
43	SJ092501	P060082	Sleepy Joy	Cannabinoid profile — CBDA	n/a (informational)	0.08%	ППК26006	Issued 21.01.2026	UKIM Faculty of Pharmacy — Center for Natural Products	https://drive.google.com/file/d/1HG13deWFIY6yYZ-h4Qy-WBc50PdF0j7b/view
43	SJ092501	P060082	Sleepy Joy	Cannabinoid profile — CBD	n/a (informational)	BLQ	ППК26006	Issued 21.01.2026	UKIM Faculty of Pharmacy — Center for Natural Products	https://drive.google.com/file/d/1HG13deWFIY6yYZ-h4Qy-WBc50PdF0j7b/view
43	SJ092501	P060082	Sleepy Joy	Cannabinoid profile — CBN	n/a (informational)	BLQ	ППК26006	Issued 21.01.2026	UKIM Faculty of Pharmacy — Center for Natural Products	https://drive.google.com/file/d/1HG13deWFIY6yYZ-h4Qy-WBc50PdF0j7b/view
43	SJ092501	P060082	Sleepy Joy	Cannabinoid profile — Δ9-THC	n/a (informational)	0.35%	ППК26006	Issued 21.01.2026	UKIM Faculty of Pharmacy — Center for Natural Products	https://drive.google.com/file/d/1HG13deWFIY6yYZ-h4Qy-WBc50PdF0j7b/view
43	SJ092501	P060082	Sleepy Joy	Cannabinoid profile — Δ9-THCA	n/a (informational)	12.10%	ППК26006	Issued 21.01.2026	UKIM Faculty of Pharmacy — Center for Natural Products	https://drive.google.com/file/d/1HG13deWFIY6yYZ-h4Qy-WBc50PdF0j7b/view
43	SJ092501	P060082	Sleepy Joy	Assay — Total Δ9-tetrahydrocannabinol	9.86-12.05% of labelled amount	10.96%	ППК26006	Issued 21.01.2026	UKIM Faculty of Pharmacy — Center for Natural Products	https://drive.google.com/file/d/1HG13deWFIY6yYZ-h4Qy-WBc50PdF0j7b/view
43	SJ092501	P060082	Sleepy Joy	Assay — Total Cannabidiol	< 1.0%	0.07%	ППК26006	Issued 21.01.2026	UKIM Faculty of Pharmacy — Center for Natural Products	https://drive.google.com/file/d/1HG13deWFIY6yYZ-h4Qy-WBc50PdF0j7b/view
43	SJ092501	P060082	Sleepy Joy	Mycotoxins — Total aflatoxins	≤ 4 µg/kg	2 µg/kg	85/2026	Issued 02.02.2026	IPH — Institute of Public Health (ЈЗУ Институт за јавно здравје на РСМ)	https://drive.google.com/file/d/1HG13deWFIY6yYZ-h4Qy-WBc50PdF0j7b/view
43	SJ092501	P060082	Sleepy Joy	Pesticide/insecticide screen (Ph.Eur. 2.8.13, MKC EN 15662:2020) — Lindan (Gama HCH)	≤ 0.6 mg/kg	Н.д. (not detected)	85/2026	Issued 02.02.2026	IPH — Institute of Public Health (ЈЗУ Институт за јавно здравје на РСМ)	https://drive.google.com/file/d/1HG13deWFIY6yYZ-h4Qy-WBc50PdF0j7b/view
43	SJ092501	P060082	Sleepy Joy	Pesticide/insecticide screen (Ph.Eur. 2.8.13, MKC EN 15662:2020) — Aldrin	≤ 0.05 mg/kg	Н.д. (not detected)	85/2026	Issued 02.02.2026	IPH — Institute of Public Health (ЈЗУ Институт за јавно здравје на РСМ)	https://drive.google.com/file/d/1HG13deWFIY6yYZ-h4Qy-WBc50PdF0j7b/view
43	SJ092501	P060082	Sleepy Joy	Pesticide/insecticide screen (Ph.Eur. 2.8.13, MKC EN 15662:2020) — Dieldrin i Aldrin (expressed as Dieldrin)	≤ 0.05 mg/kg	Н.д. (not detected)	85/2026	Issued 02.02.2026	IPH — Institute of Public Health (ЈЗУ Институт за јавно здравје на РСМ)	https://drive.google.com/file/d/1HG13deWFIY6yYZ-h4Qy-WBc50PdF0j7b/view
43	SJ092501	P060082	Sleepy Joy	Pesticide/insecticide screen (Ph.Eur. 2.8.13, MKC EN 15662:2020) — HCB (Hexachlorobenzene)	≤ 0.1 mg/kg	Н.д. (not detected)	85/2026	Issued 02.02.2026	IPH — Institute of Public Health (ЈЗУ Институт за јавно здравје на РСМ)	https://drive.google.com/file/d/1HG13deWFIY6yYZ-h4Qy-WBc50PdF0j7b/view
43	SJ092501	P060082	Sleepy Joy	Pesticide/insecticide screen (Ph.Eur. 2.8.13, MKC EN 15662:2020) — 4,4' DDE	≤ 1 mg/kg	Н.д. (not detected)	85/2026	Issued 02.02.2026	IPH — Institute of Public Health (ЈЗУ Институт за јавно здравје на РСМ)	https://drive.google.com/file/d/1HG13deWFIY6yYZ-h4Qy-WBc50PdF0j7b/view
43	SJ092501	P060082	Sleepy Joy	Pesticide/insecticide screen (Ph.Eur. 2.8.13, MKC EN 15662:2020) — 4,4' DDD	≤ 1 mg/kg	Н.д. (not detected)	85/2026	Issued 02.02.2026	IPH — Institute of Public Health (ЈЗУ Институт за јавно здравје на РСМ)	https://drive.google.com/file/d/1HG13deWFIY6yYZ-h4Qy-WBc50PdF0j7b/view
43	SJ092501	P060082	Sleepy Joy	Pesticide/insecticide screen (Ph.Eur. 2.8.13, MKC EN 15662:2020) — 4,4' DDT	≤ 1 mg/kg	Н.д. (not detected)	85/2026	Issued 02.02.2026	IPH — Institute of Public Health (ЈЗУ Институт за јавно здравје на РСМ)	https://drive.google.com/file/d/1HG13deWFIY6yYZ-h4Qy-WBc50PdF0j7b/view
43	SJ092501	P060082	Sleepy Joy	Pesticide/insecticide screen (Ph.Eur. 2.8.13, MKC EN 15662:2020) — Vkupno DDT (Total DDT)	≤ 1 mg/kg	Н.д. (not detected)	85/2026	Issued 02.02.2026	IPH — Institute of Public Health (ЈЗУ Институт за јавно здравје на РСМ)	https://drive.google.com/file/d/1HG13deWFIY6yYZ-h4Qy-WBc50PdF0j7b/view
43	SJ092501	P060082	Sleepy Joy	Pesticide/insecticide screen (Ph.Eur. 2.8.13, MKC EN 15662:2020) — delta HCH	≤ 0.3 mg/kg	Н.д. (not detected)	85/2026	Issued 02.02.2026	IPH — Institute of Public Health (ЈЗУ Институт за јавно здравје на РСМ)	https://drive.google.com/file/d/1HG13deWFIY6yYZ-h4Qy-WBc50PdF0j7b/view
43	SJ092501	P060082	Sleepy Joy	Pesticide/insecticide screen (Ph.Eur. 2.8.13, MKC EN 15662:2020) — alpha HCH	≤ 0.3 mg/kg	Н.д. (not detected)	85/2026	Issued 02.02.2026	IPH — Institute of Public Health (ЈЗУ Институт за јавно здравје на РСМ)	https://drive.google.com/file/d/1HG13deWFIY6yYZ-h4Qy-WBc50PdF0j7b/view
43	SJ092501	P060082	Sleepy Joy	Pesticide/insecticide screen (Ph.Eur. 2.8.13, MKC EN 15662:2020) — beta HCH	≤ 0.3 mg/kg	Н.д. (not detected)	85/2026	Issued 02.02.2026	IPH — Institute of Public Health (ЈЗУ Институт за јавно здравје на РСМ)	https://drive.google.com/file/d/1HG13deWFIY6yYZ-h4Qy-WBc50PdF0j7b/view
43	SJ092501	P060082	Sleepy Joy	Pesticide/insecticide screen (Ph.Eur. 2.8.13, MKC EN 15662:2020) — Endrin	≤ 0.05 mg/kg	Н.д. (not detected)	85/2026	Issued 02.02.2026	IPH — Institute of Public Health (ЈЗУ Институт за јавно здравје на РСМ)	https://drive.google.com/file/d/1HG13deWFIY6yYZ-h4Qy-WBc50PdF0j7b/view
43	SJ092501	P060082	Sleepy Joy	Pesticide/insecticide screen (Ph.Eur. 2.8.13, MKC EN 15662:2020) — Chlorpyriphos-methyl	≤ 0.1 mg/kg	Н.д. (not detected)	85/2026	Issued 02.02.2026	IPH — Institute of Public Health (ЈЗУ Институт за јавно здравје на РСМ)	https://drive.google.com/file/d/1HG13deWFIY6yYZ-h4Qy-WBc50PdF0j7b/view
43	SJ092501	P060082	Sleepy Joy	Pesticide/insecticide screen (Ph.Eur. 2.8.13, MKC EN 15662:2020) — Chlorpyrifos (Chlorpyriphos-ethyl)	≤ 0.2 mg/kg	Н.д. (not detected)	85/2026	Issued 02.02.2026	IPH — Institute of Public Health (ЈЗУ Институт за јавно здравје на РСМ)	https://drive.google.com/file/d/1HG13deWFIY6yYZ-h4Qy-WBc50PdF0j7b/view
43	SJ092501	P060082	Sleepy Joy	Pesticide/insecticide screen (Ph.Eur. 2.8.13, MKC EN 15662:2020) — Heptachlor (sum of Heptachlor + Heptachlor epoxide)	≤ 0.05 mg/kg	Н.д. (not detected)	85/2026	Issued 02.02.2026	IPH — Institute of Public Health (ЈЗУ Институт за јавно здравје на РСМ)	https://drive.google.com/file/d/1HG13deWFIY6yYZ-h4Qy-WBc50PdF0j7b/view
43	SJ092501	P060082	Sleepy Joy	Pesticide/insecticide screen (Ph.Eur. 2.8.13, MKC EN 15662:2020) — Endosulfan (alpha, beta and endosulfan sulfate)	≤ 3 mg/kg	Н.д. (not detected)	85/2026	Issued 02.02.2026	IPH — Institute of Public Health (ЈЗУ Институт за јавно здравје на РСМ)	https://drive.google.com/file/d/1HG13deWFIY6yYZ-h4Qy-WBc50PdF0j7b/view
43	SJ092501	P060082	Sleepy Joy	Pesticide/insecticide screen (Ph.Eur. 2.8.13, MKC EN 15662:2020) — Deltamethrin	≤ 0.5 mg/kg	Н.д. (not detected)	85/2026	Issued 02.02.2026	IPH — Institute of Public Health (ЈЗУ Институт за јавно здравје на РСМ)	https://drive.google.com/file/d/1HG13deWFIY6yYZ-h4Qy-WBc50PdF0j7b/view
43	SJ092501	P060082	Sleepy Joy	Pesticide/insecticide screen (Ph.Eur. 2.8.13, MKC EN 15662:2020) — Chlordane (sum of cis- and trans-chlordane)	≤ 0.05 mg/kg	Н.д. (not detected)	85/2026	Issued 02.02.2026	IPH — Institute of Public Health (ЈЗУ Институт за јавно здравје на РСМ)	https://drive.google.com/file/d/1HG13deWFIY6yYZ-h4Qy-WBc50PdF0j7b/view
43	SJ092501	P060082	Sleepy Joy	Pesticide/insecticide screen (Ph.Eur. 2.8.13, MKC EN 15662:2020) — Metoxychlor	≤ 0.05 mg/kg	Н.д. (not detected)	85/2026	Issued 02.02.2026	IPH — Institute of Public Health (ЈЗУ Институт за јавно здравје на РСМ)	https://drive.google.com/file/d/1HG13deWFIY6yYZ-h4Qy-WBc50PdF0j7b/view
43	SJ092501	P060082	Sleepy Joy	Pesticide/insecticide screen (Ph.Eur. 2.8.13, MKC EN 15662:2020) — Heptachlor epoxide	≤ 0.05 mg/kg	Н.д. (not detected)	85/2026	Issued 02.02.2026	IPH — Institute of Public Health (ЈЗУ Институт за јавно здравје на РСМ)	https://drive.google.com/file/d/1HG13deWFIY6yYZ-h4Qy-WBc50PdF0j7b/view
43	SJ092501	P060082	Sleepy Joy	Pesticide/insecticide screen (Ph.Eur. 2.8.13, MKC EN 15662:2020) — Endrin aldehyde	≤ 0.05 mg/kg	Н.д. (not detected)	85/2026	Issued 02.02.2026	IPH — Institute of Public Health (ЈЗУ Институт за јавно здравје на РСМ)	https://drive.google.com/file/d/1HG13deWFIY6yYZ-h4Qy-WBc50PdF0j7b/view
43	SJ092501	P060082	Sleepy Joy	Pesticide/insecticide screen (Ph.Eur. 2.8.13, MKC EN 15662:2020) — alpha Endosulfan	≤ 3 mg/kg	Н.д. (not detected)	85/2026	Issued 02.02.2026	IPH — Institute of Public Health (ЈЗУ Институт за јавно здравје на РСМ)	https://drive.google.com/file/d/1HG13deWFIY6yYZ-h4Qy-WBc50PdF0j7b/view
43	SJ092501	P060082	Sleepy Joy	Pesticide/insecticide screen (Ph.Eur. 2.8.13, MKC EN 15662:2020) — beta Endosulfan	≤ 3 mg/kg	Н.д. (not detected)	85/2026	Issued 02.02.2026	IPH — Institute of Public Health (ЈЗУ Институт за јавно здравје на РСМ)	https://drive.google.com/file/d/1HG13deWFIY6yYZ-h4Qy-WBc50PdF0j7b/view
43	SJ092501	P060082	Sleepy Joy	Pesticide/insecticide screen (Ph.Eur. 2.8.13, MKC EN 15662:2020) — Endrin keton	≤ 0.05 mg/kg	Н.д. (not detected)	85/2026	Issued 02.02.2026	IPH — Institute of Public Health (ЈЗУ Институт за јавно здравје на РСМ)	https://drive.google.com/file/d/1HG13deWFIY6yYZ-h4Qy-WBc50PdF0j7b/view
43	SJ092501	P060082	Sleepy Joy	Pesticide/insecticide screen (Ph.Eur. 2.8.13, MKC EN 15662:2020) — trans-Chlordane	≤ 0.05 mg/kg	Н.д. (not detected)	85/2026	Issued 02.02.2026	IPH — Institute of Public Health (ЈЗУ Институт за јавно здравје на РСМ)	https://drive.google.com/file/d/1HG13deWFIY6yYZ-h4Qy-WBc50PdF0j7b/view
43	SJ092501	P060082	Sleepy Joy	Pesticide/insecticide screen (Ph.Eur. 2.8.13, MKC EN 15662:2020) — cis-Chlordane	≤ 0.05 mg/kg	Н.д. (not detected)	85/2026	Issued 02.02.2026	IPH — Institute of Public Health (ЈЗУ Институт за јавно здравје на РСМ)	https://drive.google.com/file/d/1HG13deWFIY6yYZ-h4Qy-WBc50PdF0j7b/view
43	SJ092501	P060082	Sleepy Joy	Pesticide/insecticide screen (Ph.Eur. 2.8.13, MKC EN 15662:2020) — Dieldrin	≤ 0.05 mg/kg	Н.д. (not detected)	85/2026	Issued 02.02.2026	IPH — Institute of Public Health (ЈЗУ Институт за јавно здравје на РСМ)	https://drive.google.com/file/d/1HG13deWFIY6yYZ-h4Qy-WBc50PdF0j7b/view
43	SJ092501	P060082	Sleepy Joy	Pesticide/insecticide screen (Ph.Eur. 2.8.13, MKC EN 15662:2020) — Heptachlor	≤ 0.05 mg/kg	Н.д. (not detected)	85/2026	Issued 02.02.2026	IPH — Institute of Public Health (ЈЗУ Институт за јавно здравје на РСМ)	https://drive.google.com/file/d/1HG13deWFIY6yYZ-h4Qy-WBc50PdF0j7b/view
43	SJ092501	P060082	Sleepy Joy	Pesticide/insecticide screen (Ph.Eur. 2.8.13, MKC EN 15662:2020) — Endosulfan sulfate	≤ 3 mg/kg	Н.д. (not detected)	85/2026	Issued 02.02.2026	IPH — Institute of Public Health (ЈЗУ Институт за јавно здравје на РСМ)	https://drive.google.com/file/d/1HG13deWFIY6yYZ-h4Qy-WBc50PdF0j7b/view
43	SJ092501	P060082	Sleepy Joy	Heavy metals (Ph.Eur. 2.4.27, MKC EN 17851:2023) — Lead (olovo/Pb)	≤ 0.5 mg/kg	0.08 mg/kg	85/2026	Issued 02.02.2026	IPH — Institute of Public Health (ЈЗУ Институт за јавно здравје на РСМ)	https://drive.google.com/file/d/1HG13deWFIY6yYZ-h4Qy-WBc50PdF0j7b/view
43	SJ092501	P060082	Sleepy Joy	Heavy metals (Ph.Eur. 2.4.27, MKC EN 17851:2023) — Cadmium (kadmium/Cd)	≤ 0.3 mg/kg	Н.д. mg/kg	85/2026	Issued 02.02.2026	IPH — Institute of Public Health (ЈЗУ Институт за јавно здравје на РСМ)	https://drive.google.com/file/d/1HG13deWFIY6yYZ-h4Qy-WBc50PdF0j7b/view
43	SJ092501	P060082	Sleepy Joy	Heavy metals (Ph.Eur. 2.4.27, MKC EN 17851:2023) — Arsenic (arsen/As)	≤ 0.2 mg/kg	Н.д. mg/kg	85/2026	Issued 02.02.2026	IPH — Institute of Public Health (ЈЗУ Институт за јавно здравје на РСМ)	https://drive.google.com/file/d/1HG13deWFIY6yYZ-h4Qy-WBc50PdF0j7b/view
43	SJ092501	P060082	Sleepy Joy	Heavy metals (Ph.Eur. 2.4.27, MKC EN 17851:2023) — Mercury (ziva/Hg)	≤ 0.1 mg/kg	0.003 mg/kg	85/2026	Issued 02.02.2026	IPH — Institute of Public Health (ЈЗУ Институт за јавно здравје на РСМ)	https://drive.google.com/file/d/1HG13deWFIY6yYZ-h4Qy-WBc50PdF0j7b/view
43	SJ092501	P060082	Sleepy Joy	Heavy metals (Ph.Eur. 2.4.27, MKC EN 17851:2023) — Copper (bakar/Cu)	not on PP release spec (informational)	3.341 mg/kg	85/2026	Issued 02.02.2026	IPH — Institute of Public Health (ЈЗУ Институт за јавно здравје на РСМ)	https://drive.google.com/file/d/1HG13deWFIY6yYZ-h4Qy-WBc50PdF0j7b/view
43	SJ092501	P060082	Sleepy Joy	Microbiology (Ph.Eur. 5.1.8 cat C) — Total aerobic microbial count (TAMC)	≤ 10^5 CFU/g	< 10 CFU/g	9/0012/26	Issued 20.01.2026	IPH — Institute of Public Health (ЈЗУ Институт за јавно здравје на РСМ)	https://drive.google.com/file/d/1HG13deWFIY6yYZ-h4Qy-WBc50PdF0j7b/view
43	SJ092501	P060082	Sleepy Joy	Microbiology (Ph.Eur. 5.1.8 cat C) — Total combined yeasts/moulds count (TYMC)	≤ 10^4 CFU/g	< 10 CFU/g	9/0012/26	Issued 20.01.2026	IPH — Institute of Public Health (ЈЗУ Институт за јавно здравје на РСМ)	https://drive.google.com/file/d/1HG13deWFIY6yYZ-h4Qy-WBc50PdF0j7b/view
43	SJ092501	P060082	Sleepy Joy	Microbiology (Ph.Eur. 2.6.12) — Bile-tolerant gram-negative bacteria	≤ 10^4 CFU/g	< 10	9/0012/26	Issued 20.01.2026	IPH — Institute of Public Health (ЈЗУ Институт за јавно здравје на РСМ)	https://drive.google.com/file/d/1HG13deWFIY6yYZ-h4Qy-WBc50PdF0j7b/view
43	SJ092501	P060082	Sleepy Joy	Microbiology (Ph.Eur. 2.6.12) — Escherichia coli /g	To be absent	Odgovara (Absent)	9/0012/26	Issued 20.01.2026	IPH — Institute of Public Health (ЈЗУ Институт за јавно здравје на РСМ)	https://drive.google.com/file/d/1HG13deWFIY6yYZ-h4Qy-WBc50PdF0j7b/view
43	SJ092501	P060082	Sleepy Joy	Microbiology (Ph.Eur. 2.6.31) — Salmonella /25g	To be absent	Odgovara (Absent)	9/0012/26	Issued 20.01.2026	IPH — Institute of Public Health (ЈЗУ Институт за јавно здравје на РСМ)	https://drive.google.com/file/d/1HG13deWFIY6yYZ-h4Qy-WBc50PdF0j7b/view
43	SJ092501	P060082	Sleepy Joy	Packaging — Closure integrity / Labeling / Weight	According to standard	Confirms	PP CoA #038	20.02.2026	Purely Plant GmbH (in-house QC)	https://drive.google.com/file/d/1HG13deWFIY6yYZ-h4Qy-WBc50PdF0j7b/view
44	GP092501	P060092	Grape Pie	Appearance	Dark green to pale yellow or light brown to reddish-brown female inflorescence, characteristic aromatic odour	Confirms	PP CoA #033	20.02.2020 (as printed; likely template date — predates Dec-2025 mfg, DATA INTEGRITY FLAG)	Purely Plant (in-house QC, non-accredited)	https://drive.google.com/file/d/1wos91oKOPD6nxStQOs_lfacQXPsMvI4B/view
44	GP092501	P060092	Grape Pie	Foreign matter (Ph.Eur. 2.8.2)	< 2.0%	Confirms	PP CoA #033		Purely Plant (in-house QC, non-accredited)	https://drive.google.com/file/d/1wos91oKOPD6nxStQOs_lfacQXPsMvI4B/view
44	GP092501	P060092	Grape Pie	Packaging — Closure integrity	According to standard	Confirms	PP CoA #033		Purely Plant (in-house QC, non-accredited)	https://drive.google.com/file/d/1wos91oKOPD6nxStQOs_lfacQXPsMvI4B/view
44	GP092501	P060092	Grape Pie	Packaging — Labeling	According to standard	Confirms	PP CoA #033		Purely Plant (in-house QC, non-accredited)	https://drive.google.com/file/d/1wos91oKOPD6nxStQOs_lfacQXPsMvI4B/view
44	GP092501	P060092	Grape Pie	Packaging — Weight	According to standard	Confirms	PP CoA #033		Purely Plant (in-house QC, non-accredited)	https://drive.google.com/file/d/1wos91oKOPD6nxStQOs_lfacQXPsMvI4B/view
44	GP092501	P060092	Grape Pie	Identification (retention-time match, HPLC/DAD)	Retention time of each cannabinoid matches standard solution	Confirms	ППК26009	Issued 21.01.2026 (test completed 16.01.2026)	UKIM Faculty of Pharmacy — Center for Natural Products	https://drive.google.com/file/d/1wos91oKOPD6nxStQOs_lfacQXPsMvI4B/view
44	GP092501	P060092	Grape Pie	Loss on drying (Ph.Eur. 2.2.32 / DAB)	≤ 10.00%	6.91%	ППК26009	Issued 21.01.2026 (test completed 16.01.2026)	UKIM Faculty of Pharmacy — Center for Natural Products	https://drive.google.com/file/d/1wos91oKOPD6nxStQOs_lfacQXPsMvI4B/view
44	GP092501	P060092	Grape Pie	CBDA content	/	0.12%	ППК26009	Issued 21.01.2026 (test completed 16.01.2026)	UKIM Faculty of Pharmacy — Center for Natural Products	https://drive.google.com/file/d/1wos91oKOPD6nxStQOs_lfacQXPsMvI4B/view
44	GP092501	P060092	Grape Pie	CBD content	/	ND	ППК26009	Issued 21.01.2026 (test completed 16.01.2026)	UKIM Faculty of Pharmacy — Center for Natural Products	https://drive.google.com/file/d/1wos91oKOPD6nxStQOs_lfacQXPsMvI4B/view
44	GP092501	P060092	Grape Pie	CBN content	≤ 1.00%	0.02%	ППК26009	Issued 21.01.2026 (test completed 16.01.2026)	UKIM Faculty of Pharmacy — Center for Natural Products	https://drive.google.com/file/d/1wos91oKOPD6nxStQOs_lfacQXPsMvI4B/view
44	GP092501	P060092	Grape Pie	Δ9-THC content	/	1.08%	ППК26009	Issued 21.01.2026 (test completed 16.01.2026)	UKIM Faculty of Pharmacy — Center for Natural Products	https://drive.google.com/file/d/1wos91oKOPD6nxStQOs_lfacQXPsMvI4B/view
44	GP092501	P060092	Grape Pie	Δ9-THCA content	/	28.11%	ППК26009	Issued 21.01.2026 (test completed 16.01.2026)	UKIM Faculty of Pharmacy — Center for Natural Products	https://drive.google.com/file/d/1wos91oKOPD6nxStQOs_lfacQXPsMvI4B/view
44	GP092501	P060092	Grape Pie	Total CBD (assay)	< 1.0%	0.11%	ППК26009	Issued 21.01.2026 (test completed 16.01.2026)	UKIM Faculty of Pharmacy — Center for Natural Products	https://drive.google.com/file/d/1wos91oKOPD6nxStQOs_lfacQXPsMvI4B/view
44	GP092501	P060092	Grape Pie	Total Δ9-THC (assay)	23.15–28.3% of labelled amount	25.73%	ППК26009	Issued 21.01.2026 (test completed 16.01.2026)	UKIM Faculty of Pharmacy — Center for Natural Products	https://drive.google.com/file/d/1wos91oKOPD6nxStQOs_lfacQXPsMvI4B/view
44	GP092501	P060092	Grape Pie	Microbiological quality (Ph.Eur. 5.1.8 cat. C) — Total aerobic microbial count (TAMC)	≤ 10^5 CFU/g	1 x 10^2 CFU/g	5/0008/26	Issued 20.01.2026 (received 12.01.2025 as printed — likely year typo for 2026)	IPH — Institute of Public Health, Skopje	https://drive.google.com/file/d/1wos91oKOPD6nxStQOs_lfacQXPsMvI4B/view
44	GP092501	P060092	Grape Pie	Microbiological quality (Ph.Eur. 5.1.8 cat. C) — Total combined yeasts/moulds count (TYMC)	≤ 10^4 CFU/g	< 10 CFU/g	5/0008/26	Issued 20.01.2026 (received 12.01.2025 as printed — likely year typo for 2026)	IPH — Institute of Public Health, Skopje	https://drive.google.com/file/d/1wos91oKOPD6nxStQOs_lfacQXPsMvI4B/view
44	GP092501	P060092	Grape Pie	Microbiological quality (Ph.Eur. 5.1.8 cat. C) — Bile-tolerant gram-negative bacteria	≤ 10^4 CFU/g	< 10^2 and > 10 CFU/g	5/0008/26	Issued 20.01.2026 (received 12.01.2025 as printed — likely year typo for 2026)	IPH — Institute of Public Health, Skopje	https://drive.google.com/file/d/1wos91oKOPD6nxStQOs_lfacQXPsMvI4B/view
44	GP092501	P060092	Grape Pie	Microbiological quality (Ph.Eur. 5.1.8 cat. C) — Escherichia coli	Absent/g	Одговара (Complies/Absent)	5/0008/26	Issued 20.01.2026 (received 12.01.2025 as printed — likely year typo for 2026)	IPH — Institute of Public Health, Skopje	https://drive.google.com/file/d/1wos91oKOPD6nxStQOs_lfacQXPsMvI4B/view
44	GP092501	P060092	Grape Pie	Microbiological quality (Ph.Eur. 5.1.8 cat. C) — Salmonella	Absent/25g	Одговара (Complies/Absent)	5/0008/26	Issued 20.01.2026 (received 12.01.2025 as printed — likely year typo for 2026)	IPH — Institute of Public Health, Skopje	https://drive.google.com/file/d/1wos91oKOPD6nxStQOs_lfacQXPsMvI4B/view
44	GP092501	P060092	Grape Pie	Pesticide/insecticide screen — Lindan (Gama HCH) (Ph.Eur. 2.8.13 / MKC EN 15662:2020)	≤ 0.6 mg/kg	н.д.	88/2026	Issued 03.02.2026 (test completed 14.01.2026 for pesticides section)	IPH — Institute of Public Health, Skopje	https://drive.google.com/file/d/1wos91oKOPD6nxStQOs_lfacQXPsMvI4B/view
44	GP092501	P060092	Grape Pie	Pesticide/insecticide screen — Aldrin (Ph.Eur. 2.8.13 / MKC EN 15662:2020)	≤ 0.05 mg/kg	н.д.	88/2026	Issued 03.02.2026 (test completed 14.01.2026 for pesticides section)	IPH — Institute of Public Health, Skopje	https://drive.google.com/file/d/1wos91oKOPD6nxStQOs_lfacQXPsMvI4B/view
44	GP092501	P060092	Grape Pie	Pesticide/insecticide screen — Dieldrin и Aldrin (expressed as Dieldrin) (Ph.Eur. 2.8.13 / MKC EN 15662:2020)	≤ 0.05 mg/kg	н.д.	88/2026	Issued 03.02.2026 (test completed 14.01.2026 for pesticides section)	IPH — Institute of Public Health, Skopje	https://drive.google.com/file/d/1wos91oKOPD6nxStQOs_lfacQXPsMvI4B/view
44	GP092501	P060092	Grape Pie	Pesticide/insecticide screen — HCB (Ph.Eur. 2.8.13 / MKC EN 15662:2020)	≤ 0.1 mg/kg	н.д.	88/2026	Issued 03.02.2026 (test completed 14.01.2026 for pesticides section)	IPH — Institute of Public Health, Skopje	https://drive.google.com/file/d/1wos91oKOPD6nxStQOs_lfacQXPsMvI4B/view
44	GP092501	P060092	Grape Pie	Pesticide/insecticide screen — 4,4' DDE (Ph.Eur. 2.8.13 / MKC EN 15662:2020)	≤ 1 mg/kg	н.д.	88/2026	Issued 03.02.2026 (test completed 14.01.2026 for pesticides section)	IPH — Institute of Public Health, Skopje	https://drive.google.com/file/d/1wos91oKOPD6nxStQOs_lfacQXPsMvI4B/view
44	GP092501	P060092	Grape Pie	Pesticide/insecticide screen — 4,4' DDD (Ph.Eur. 2.8.13 / MKC EN 15662:2020)	≤ 1 mg/kg	н.д.	88/2026	Issued 03.02.2026 (test completed 14.01.2026 for pesticides section)	IPH — Institute of Public Health, Skopje	https://drive.google.com/file/d/1wos91oKOPD6nxStQOs_lfacQXPsMvI4B/view
44	GP092501	P060092	Grape Pie	Pesticide/insecticide screen — 4,4' DDT (Ph.Eur. 2.8.13 / MKC EN 15662:2020)	≤ 1 mg/kg	н.д.	88/2026	Issued 03.02.2026 (test completed 14.01.2026 for pesticides section)	IPH — Institute of Public Health, Skopje	https://drive.google.com/file/d/1wos91oKOPD6nxStQOs_lfacQXPsMvI4B/view
44	GP092501	P060092	Grape Pie	Pesticide/insecticide screen — вкупно DDT (total DDT) (Ph.Eur. 2.8.13 / MKC EN 15662:2020)	≤ 1 mg/kg	н.д.	88/2026	Issued 03.02.2026 (test completed 14.01.2026 for pesticides section)	IPH — Institute of Public Health, Skopje	https://drive.google.com/file/d/1wos91oKOPD6nxStQOs_lfacQXPsMvI4B/view
44	GP092501	P060092	Grape Pie	Pesticide/insecticide screen — delta HCH (Ph.Eur. 2.8.13 / MKC EN 15662:2020)	≤ 0.3 mg/kg	н.д.	88/2026	Issued 03.02.2026 (test completed 14.01.2026 for pesticides section)	IPH — Institute of Public Health, Skopje	https://drive.google.com/file/d/1wos91oKOPD6nxStQOs_lfacQXPsMvI4B/view
44	GP092501	P060092	Grape Pie	Pesticide/insecticide screen — alpha HCH (Ph.Eur. 2.8.13 / MKC EN 15662:2020)	≤ 0.3 mg/kg	н.д.	88/2026	Issued 03.02.2026 (test completed 14.01.2026 for pesticides section)	IPH — Institute of Public Health, Skopje	https://drive.google.com/file/d/1wos91oKOPD6nxStQOs_lfacQXPsMvI4B/view
44	GP092501	P060092	Grape Pie	Pesticide/insecticide screen — beta HCH (Ph.Eur. 2.8.13 / MKC EN 15662:2020)	≤ 0.3 mg/kg	н.д.	88/2026	Issued 03.02.2026 (test completed 14.01.2026 for pesticides section)	IPH — Institute of Public Health, Skopje	https://drive.google.com/file/d/1wos91oKOPD6nxStQOs_lfacQXPsMvI4B/view
44	GP092501	P060092	Grape Pie	Pesticide/insecticide screen — Endrin (Ph.Eur. 2.8.13 / MKC EN 15662:2020)	≤ 0.05 mg/kg	н.д.	88/2026	Issued 03.02.2026 (test completed 14.01.2026 for pesticides section)	IPH — Institute of Public Health, Skopje	https://drive.google.com/file/d/1wos91oKOPD6nxStQOs_lfacQXPsMvI4B/view
44	GP092501	P060092	Grape Pie	Pesticide/insecticide screen — Chlorpyrifos-methyl (Ph.Eur. 2.8.13 / MKC EN 15662:2020)	≤ 0.1 mg/kg	н.д.	88/2026	Issued 03.02.2026 (test completed 14.01.2026 for pesticides section)	IPH — Institute of Public Health, Skopje	https://drive.google.com/file/d/1wos91oKOPD6nxStQOs_lfacQXPsMvI4B/view
44	GP092501	P060092	Grape Pie	Pesticide/insecticide screen — Chlorpyrifos (Ph.Eur. 2.8.13 / MKC EN 15662:2020)	≤ 0.2 mg/kg	н.д.	88/2026	Issued 03.02.2026 (test completed 14.01.2026 for pesticides section)	IPH — Institute of Public Health, Skopje	https://drive.google.com/file/d/1wos91oKOPD6nxStQOs_lfacQXPsMvI4B/view
44	GP092501	P060092	Grape Pie	Pesticide/insecticide screen — Heptachlor (sum of Heptachlor + Heptachlor epoxide) (Ph.Eur. 2.8.13 / MKC EN 15662:2020)	≤ 0.05 mg/kg	н.д.	88/2026	Issued 03.02.2026 (test completed 14.01.2026 for pesticides section)	IPH — Institute of Public Health, Skopje	https://drive.google.com/file/d/1wos91oKOPD6nxStQOs_lfacQXPsMvI4B/view
44	GP092501	P060092	Grape Pie	Pesticide/insecticide screen — Endosulfan (alpha, beta and endosulfan sulfate) (Ph.Eur. 2.8.13 / MKC EN 15662:2020)	≤ 3 mg/kg	н.д.	88/2026	Issued 03.02.2026 (test completed 14.01.2026 for pesticides section)	IPH — Institute of Public Health, Skopje	https://drive.google.com/file/d/1wos91oKOPD6nxStQOs_lfacQXPsMvI4B/view
44	GP092501	P060092	Grape Pie	Pesticide/insecticide screen — Deltamethrin (Ph.Eur. 2.8.13 / MKC EN 15662:2020)	≤ 0.05 mg/kg	н.д.	88/2026	Issued 03.02.2026 (test completed 14.01.2026 for pesticides section)	IPH — Institute of Public Health, Skopje	https://drive.google.com/file/d/1wos91oKOPD6nxStQOs_lfacQXPsMvI4B/view
44	GP092501	P060092	Grape Pie	Pesticide/insecticide screen — Chlordane (sum of cis- and trans-chlordane) (Ph.Eur. 2.8.13 / MKC EN 15662:2020)	≤ 0.05 mg/kg	н.д.	88/2026	Issued 03.02.2026 (test completed 14.01.2026 for pesticides section)	IPH — Institute of Public Health, Skopje	https://drive.google.com/file/d/1wos91oKOPD6nxStQOs_lfacQXPsMvI4B/view
44	GP092501	P060092	Grape Pie	Pesticide/insecticide screen — Metoxychlor (Ph.Eur. 2.8.13 / MKC EN 15662:2020)	≤ 0.05 mg/kg	н.д.	88/2026	Issued 03.02.2026 (test completed 14.01.2026 for pesticides section)	IPH — Institute of Public Health, Skopje	https://drive.google.com/file/d/1wos91oKOPD6nxStQOs_lfacQXPsMvI4B/view
44	GP092501	P060092	Grape Pie	Pesticide/insecticide screen — Heptachlor epoxide (Ph.Eur. 2.8.13 / MKC EN 15662:2020)	≤ 0.05 mg/kg	н.д.	88/2026	Issued 03.02.2026 (test completed 14.01.2026 for pesticides section)	IPH — Institute of Public Health, Skopje	https://drive.google.com/file/d/1wos91oKOPD6nxStQOs_lfacQXPsMvI4B/view
44	GP092501	P060092	Grape Pie	Pesticide/insecticide screen — Endrin aldehyde (Ph.Eur. 2.8.13 / MKC EN 15662:2020)	≤ 0.05 mg/kg	н.д.	88/2026	Issued 03.02.2026 (test completed 14.01.2026 for pesticides section)	IPH — Institute of Public Health, Skopje	https://drive.google.com/file/d/1wos91oKOPD6nxStQOs_lfacQXPsMvI4B/view
44	GP092501	P060092	Grape Pie	Pesticide/insecticide screen — alpha Endosulfan (Ph.Eur. 2.8.13 / MKC EN 15662:2020)	≤ 3 mg/kg	н.д.	88/2026	Issued 03.02.2026 (test completed 14.01.2026 for pesticides section)	IPH — Institute of Public Health, Skopje	https://drive.google.com/file/d/1wos91oKOPD6nxStQOs_lfacQXPsMvI4B/view
44	GP092501	P060092	Grape Pie	Pesticide/insecticide screen — beta Endosulfan (Ph.Eur. 2.8.13 / MKC EN 15662:2020)	≤ 3 mg/kg	н.д.	88/2026	Issued 03.02.2026 (test completed 14.01.2026 for pesticides section)	IPH — Institute of Public Health, Skopje	https://drive.google.com/file/d/1wos91oKOPD6nxStQOs_lfacQXPsMvI4B/view
44	GP092501	P060092	Grape Pie	Pesticide/insecticide screen — Endrin keton (Ph.Eur. 2.8.13 / MKC EN 15662:2020)	≤ 0.05 mg/kg	н.д.	88/2026	Issued 03.02.2026 (test completed 14.01.2026 for pesticides section)	IPH — Institute of Public Health, Skopje	https://drive.google.com/file/d/1wos91oKOPD6nxStQOs_lfacQXPsMvI4B/view
44	GP092501	P060092	Grape Pie	Pesticide/insecticide screen — trans-Chlordane (Ph.Eur. 2.8.13 / MKC EN 15662:2020)	≤ 0.05 mg/kg	н.д.	88/2026	Issued 03.02.2026 (test completed 14.01.2026 for pesticides section)	IPH — Institute of Public Health, Skopje	https://drive.google.com/file/d/1wos91oKOPD6nxStQOs_lfacQXPsMvI4B/view
44	GP092501	P060092	Grape Pie	Pesticide/insecticide screen — cis-Chlordane (Ph.Eur. 2.8.13 / MKC EN 15662:2020)	≤ 0.05 mg/kg	н.д.	88/2026	Issued 03.02.2026 (test completed 14.01.2026 for pesticides section)	IPH — Institute of Public Health, Skopje	https://drive.google.com/file/d/1wos91oKOPD6nxStQOs_lfacQXPsMvI4B/view
44	GP092501	P060092	Grape Pie	Pesticide/insecticide screen — Dieldrin (Ph.Eur. 2.8.13 / MKC EN 15662:2020)	≤ 0.05 mg/kg	н.д.	88/2026	Issued 03.02.2026 (test completed 14.01.2026 for pesticides section)	IPH — Institute of Public Health, Skopje	https://drive.google.com/file/d/1wos91oKOPD6nxStQOs_lfacQXPsMvI4B/view
44	GP092501	P060092	Grape Pie	Pesticide/insecticide screen — Heptachlor (Ph.Eur. 2.8.13 / MKC EN 15662:2020)	≤ 0.05 mg/kg	н.д.	88/2026	Issued 03.02.2026 (test completed 14.01.2026 for pesticides section)	IPH — Institute of Public Health, Skopje	https://drive.google.com/file/d/1wos91oKOPD6nxStQOs_lfacQXPsMvI4B/view
44	GP092501	P060092	Grape Pie	Pesticide/insecticide screen — Endosulfan sulfate (Ph.Eur. 2.8.13 / MKC EN 15662:2020)	≤ 3 mg/kg	н.д.	88/2026	Issued 03.02.2026 (test completed 14.01.2026 for pesticides section)	IPH — Institute of Public Health, Skopje	https://drive.google.com/file/d/1wos91oKOPD6nxStQOs_lfacQXPsMvI4B/view
44	GP092501	P060092	Grape Pie	Heavy metals (Ph.Eur. 2.4.27) — Lead (олово)	≤ 0.5 mg/kg	0.022 mg/kg	88/2026	Issued 03.02.2026	IPH — Institute of Public Health, Skopje	https://drive.google.com/file/d/1wos91oKOPD6nxStQOs_lfacQXPsMvI4B/view
44	GP092501	P060092	Grape Pie	Heavy metals (Ph.Eur. 2.4.27) — Mercury (жива)	≤ 0.1 mg/kg	0.007 mg/kg	88/2026	Issued 03.02.2026	IPH — Institute of Public Health, Skopje	https://drive.google.com/file/d/1wos91oKOPD6nxStQOs_lfacQXPsMvI4B/view
44	GP092501	P060092	Grape Pie	Heavy metals (Ph.Eur. 2.4.27) — Arsenic (арсен)	≤ 0.2 mg/kg	н.д.	88/2026	Issued 03.02.2026	IPH — Institute of Public Health, Skopje	https://drive.google.com/file/d/1wos91oKOPD6nxStQOs_lfacQXPsMvI4B/view
44	GP092501	P060092	Grape Pie	Heavy metals (Ph.Eur. 2.4.27) — Cadmium (кадмиум)	≤ 0.3 mg/kg	н.д.	88/2026	Issued 03.02.2026	IPH — Institute of Public Health, Skopje	https://drive.google.com/file/d/1wos91oKOPD6nxStQOs_lfacQXPsMvI4B/view
44	GP092501	P060092	Grape Pie	Heavy metals (Ph.Eur. 2.4.27) — Copper (бакар)	(reported, no listed max)	3.156 mg/kg	88/2026	Issued 03.02.2026	IPH — Institute of Public Health, Skopje	https://drive.google.com/file/d/1wos91oKOPD6nxStQOs_lfacQXPsMvI4B/view
44	GP092501	P060092	Grape Pie	Mycotoxins (Ph.Eur. 2.8.18) — Total aflatoxins (B1+B2+G1+G2)	≤ 4 µg/kg	< 2 µg/kg	88/2026	Issued 03.02.2026	IPH — Institute of Public Health, Skopje	https://drive.google.com/file/d/1wos91oKOPD6nxStQOs_lfacQXPsMvI4B/view
45	J31102501	P060152	Jokerz 31	Loss on drying (Ph.Eur. 2.2.32:2024)	< 12%	6.3% (U ±0.2)	051-1-GS/26	Issued 02.03.2026 (analyzed 26-27.02.2026; received 23.02.2026)	Farmahem Laboratorija za zivotna sredina (Environmental Lab)	https://drive.google.com/file/d/1zn049YmW-SHxsP6_UOyubXlUPLVfWJMt/view
45	J31102501	P060152	Jokerz 31	Total CBD	/	< LOQ (<0.20%)	051-1-K/26	Issued 04.03.2026 (analyzed 02.03.2026; received 23.02.2026)	Farmahem Laboratorija za zivotna sredina (Environmental Lab)	https://drive.google.com/file/d/1Z-5eKfRcLh7C6FEos8R_XldQuW7n_W7m/view
45	J31102501	P060152	Jokerz 31	Total CBN	/	< LOQ	051-1-K/26	Issued 04.03.2026 (analyzed 02.03.2026; received 23.02.2026)	Farmahem Laboratorija za zivotna sredina (Environmental Lab)	https://drive.google.com/file/d/1Z-5eKfRcLh7C6FEos8R_XldQuW7n_W7m/view
45	J31102501	P060152	Jokerz 31	Total Δ9-THC	/	19.14 %w/w (U ±1.18)	051-1-K/26	Issued 04.03.2026 (analyzed 02.03.2026; received 23.02.2026)	Farmahem Laboratorija za zivotna sredina (Environmental Lab)	https://drive.google.com/file/d/1Z-5eKfRcLh7C6FEos8R_XldQuW7n_W7m/view
45	J31102501	P060152	Jokerz 31	[COVERAGE GAP]						No IPH pesticide-screen record found for J31102501; Drive folder holds only the 2 Farmahem LoD/cannabinoid PDFs.
45	J31102501	P060152	Jokerz 31	[COVERAGE GAP]						No IPH heavy-metal record found for J31102501 (see pesticide gap note).
45	J31102501	P060152	Jokerz 31	[COVERAGE GAP]						No IPH mycotoxin record found for J31102501 (see pesticide gap note).
45	J31102501	P060152	Jokerz 31	[COVERAGE GAP]						No IPH microbiology record found for J31102501 (see pesticide gap note).
45	J31102501	P060152	Jokerz 31	Total Δ9-THC (Вкупно Δ9-THC, as Δ9-THC) — HPLC/DAD	min 5.00% (PP release spec)	17.32 %w/w (U 1.06 %w/w, k=2)	197-16-К/26	07.08.2026	Farmahem DOOEL — Laboratory for Environment (Лабораторија за животна средина), Skopje	https://drive.google.com/file/d/1Q4DR7cCT9qe2py4rfDiTuH-dFusVUDxD/view
45	J31102501	P060152	Jokerz 31	Total CBN (Вкупен CBN) — HPLC/DAD	max 1.00% (PP release spec)	<LOQ %w/w	197-16-К/26	07.08.2026	Farmahem DOOEL — Laboratory for Environment (Лабораторија за животна средина), Skopje	https://drive.google.com/file/d/1Q4DR7cCT9qe2py4rfDiTuH-dFusVUDxD/view
45	J31102501	P060152	Jokerz 31	Total CBD (Вкупен CBD, as CBD) — HPLC/DAD	max 1.00% (PP release spec)	<LOQ %w/w	197-16-К/26	07.08.2026	Farmahem DOOEL — Laboratory for Environment (Лабораторија за животна средина), Skopje	https://drive.google.com/file/d/1Q4DR7cCT9qe2py4rfDiTuH-dFusVUDxD/view
45	J31102501	P060152	Jokerz 31	Aflatoxin B1	≤ 2 µg/kg (Ph.Eur. ref — confirm vs PP spec)	ND µg/kg	197-16-М/26	10.08.2026	Farmahem DOOEL — Laboratory for Environment (Лабораторија за животна средина), Skopje	https://drive.google.com/file/d/1JI6MGCw1cjNSVBx8_3kewAhoRBFEH6_W/view
45	J31102501	P060152	Jokerz 31	Aflatoxin B2	(included in Σ aflatoxins)	ND µg/kg	197-16-М/26	10.08.2026	Farmahem DOOEL — Laboratory for Environment (Лабораторија за животна средина), Skopje	https://drive.google.com/file/d/1JI6MGCw1cjNSVBx8_3kewAhoRBFEH6_W/view
45	J31102501	P060152	Jokerz 31	Aflatoxin G1	(included in Σ aflatoxins)	ND µg/kg	197-16-М/26	10.08.2026	Farmahem DOOEL — Laboratory for Environment (Лабораторија за животна средина), Skopje	https://drive.google.com/file/d/1JI6MGCw1cjNSVBx8_3kewAhoRBFEH6_W/view
45	J31102501	P060152	Jokerz 31	Aflatoxin G2	(included in Σ aflatoxins)	ND µg/kg	197-16-М/26	10.08.2026	Farmahem DOOEL — Laboratory for Environment (Лабораторија за животна средина), Skopje	https://drive.google.com/file/d/1JI6MGCw1cjNSVBx8_3kewAhoRBFEH6_W/view
45	J31102501	P060152	Jokerz 31	Sum aflatoxins B1+B2+G1+G2	≤ 4 µg/kg (Ph.Eur. ref)	ND (all four aflatoxins not detected)	197-16-М/26	10.08.2026	Farmahem DOOEL — Laboratory for Environment (Лабораторија за животна средина), Skopje	https://drive.google.com/file/d/1JI6MGCw1cjNSVBx8_3kewAhoRBFEH6_W/view
45	J31102501	P060152	Jokerz 31	Ochratoxin A	per PP spec (confirm; Ph.Eur. ref commonly ≤ 20 µg/kg)	ND µg/kg	197-16-М/26	10.08.2026	Farmahem DOOEL — Laboratory for Environment (Лабораторија за животна средина), Skopje	https://drive.google.com/file/d/1JI6MGCw1cjNSVBx8_3kewAhoRBFEH6_W/view
45	J31102501	P060152	Jokerz 31	[COVERAGE GAP]	n/a	No record found in RAG for Identification, Foreign matter, or Loss on drying (Ph.Eur. 3028 physical/ID parameters), nor for Heavy metals (Cd/Pb/Hg/As), Pesticides/Insecticides panel, or Microbiological quality (TAMC/TYMC/E.coli/Salmonella/bile-tolerant GNB) for batch P060152 — only the Farmahem cannabinoid (197-16-К/26) and mycotoxin (197-16-М/26) panels are on file for this batch; no UKIM certificate, Bundle summary, or PP in-house CoA exists in this RAG for P060152.	n/a	n/a	n/a	https://drive.google.com/file/d/1Q4DR7cCT9qe2py4rfDiTuH-dFusVUDxD/view
46	SJ102501	P060162	Sleepy Joy	Loss on drying (Ph.Eur. 2.2.32:2024)	< 12%	7.8% (U ±0.2)	051-3-GS/26	Issued 02.03.2026 (analyzed 26-27.02.2026; received 23.02.2026)	Farmahem Laboratorija za zivotna sredina (Environmental Lab)	https://drive.google.com/file/d/1jwAeuXx6KJmJjOL3Kgu_PlJwWDuUPHL6/view
46	SJ102501	P060162	Sleepy Joy	Total CBD	/	< LOQ (<0.20%)	051-3-K/26	Issued 04.03.2026 (analyzed 02.03.2026; received 23.02.2026)	Farmahem Laboratorija za zivotna sredina (Environmental Lab)	https://drive.google.com/file/d/1W1zs1RTor-dR61ijaxMlafvM7WencHdE/view
46	SJ102501	P060162	Sleepy Joy	Total CBN	/	< LOQ	051-3-K/26	Issued 04.03.2026 (analyzed 02.03.2026; received 23.02.2026)	Farmahem Laboratorija za zivotna sredina (Environmental Lab)	https://drive.google.com/file/d/1W1zs1RTor-dR61ijaxMlafvM7WencHdE/view
46	SJ102501	P060162	Sleepy Joy	Total Δ9-THC	/	11.20 %w/w (U ±0.69)	051-3-K/26	Issued 04.03.2026 (analyzed 02.03.2026; received 23.02.2026)	Farmahem Laboratorija za zivotna sredina (Environmental Lab)	https://drive.google.com/file/d/1W1zs1RTor-dR61ijaxMlafvM7WencHdE/view
46	SJ102501	P060162	Sleepy Joy	[COVERAGE GAP]						No IPH pesticide-screen record found for SJ102501; Drive folder holds only the 2 Farmahem LoD/cannabinoid PDFs.
46	SJ102501	P060162	Sleepy Joy	[COVERAGE GAP]						No IPH heavy-metal record found for SJ102501 (see pesticide gap note).
46	SJ102501	P060162	Sleepy Joy	[COVERAGE GAP]						No IPH mycotoxin record found for SJ102501 (see pesticide gap note).
46	SJ102501	P060162	Sleepy Joy	[COVERAGE GAP]						No IPH microbiology record found for SJ102501 (see pesticide gap note).
47	KC102501	P060172	Kush Crasher	Loss on drying (Ph.Eur. 2.2.32:2024)	< 12%	8.6% (U ±0.2)	051-4-GS/26	Issued 02.03.2026 (analyzed 26-27.02.2026; received 23.02.2026)	Farmahem Laboratorija za zivotna sredina (Environmental Lab)	https://drive.google.com/file/d/1UVYQlcZnVwz8Ju9mlrkEQSD-AjJAwcmh/view
47	KC102501	P060172	Kush Crasher	Total CBD	/	< LOQ (<0.20%)	051-4-K/26	Issued 04.03.2026 (analyzed 02.03.2026; received 23.02.2026)	Farmahem Laboratorija za zivotna sredina (Environmental Lab)	https://drive.google.com/file/d/19bwt9Qbeyje-5-pJVHviy0gnMWPJlBPK/view
47	KC102501	P060172	Kush Crasher	Total CBN	/	< LOQ	051-4-K/26	Issued 04.03.2026 (analyzed 02.03.2026; received 23.02.2026)	Farmahem Laboratorija za zivotna sredina (Environmental Lab)	https://drive.google.com/file/d/19bwt9Qbeyje-5-pJVHviy0gnMWPJlBPK/view
47	KC102501	P060172	Kush Crasher	Total Δ9-THC	/	17.04 %w/w (U ±1.05)	051-4-K/26	Issued 04.03.2026 (analyzed 02.03.2026; received 23.02.2026)	Farmahem Laboratorija za zivotna sredina (Environmental Lab)	https://drive.google.com/file/d/19bwt9Qbeyje-5-pJVHviy0gnMWPJlBPK/view
47	KC102501	P060172	Kush Crasher	[COVERAGE GAP]						No IPH pesticide-screen record found for KC102501; Drive folder holds only the 2 Farmahem LoD/cannabinoid PDFs.
47	KC102501	P060172	Kush Crasher	[COVERAGE GAP]						No IPH heavy-metal record found for KC102501 (see pesticide gap note).
47	KC102501	P060172	Kush Crasher	[COVERAGE GAP]						No IPH mycotoxin record found for KC102501 (see pesticide gap note).
47	KC102501	P060172	Kush Crasher	[COVERAGE GAP]						No IPH microbiology record found for KC102501 (see pesticide gap note).
48	GRC102501/2	P060182	Graps & Creme	Loss on drying (Ph.Eur. 2.2.32:2024)	< 12%	7.7% (U ±0.2)	051-6-GS/26	Issued 02.03.2026 (analyzed 26-27.02.2026; received 23.02.2026)	Farmahem Laboratorija za zivotna sredina (Environmental Lab)	https://drive.google.com/file/d/1VrVoyxiSIzzhXW8h2LgoPugPMsg0_YsJ/view
48	GRC102501/2	P060182	Graps & Creme	Total CBD	/	< LOQ (<0.20%)	051-6-K/26	Issued 04.03.2026 (analyzed 02.03.2026; received 23.02.2026)	Farmahem Laboratorija za zivotna sredina (Environmental Lab)	https://drive.google.com/file/d/1_-C3-Gde90GnQnI3nKkfl3YZrpc3d9Ry/view
48	GRC102501/2	P060182	Graps & Creme	Total CBN	/	< LOQ	051-6-K/26	Issued 04.03.2026 (analyzed 02.03.2026; received 23.02.2026)	Farmahem Laboratorija za zivotna sredina (Environmental Lab)	https://drive.google.com/file/d/1_-C3-Gde90GnQnI3nKkfl3YZrpc3d9Ry/view
48	GRC102501/2	P060182	Graps & Creme	Total Δ9-THC	/	11.53 %w/w (U ±0.71)	051-6-K/26	Issued 04.03.2026 (analyzed 02.03.2026; received 23.02.2026)	Farmahem Laboratorija za zivotna sredina (Environmental Lab)	https://drive.google.com/file/d/1_-C3-Gde90GnQnI3nKkfl3YZrpc3d9Ry/view
48	GRC102501/2	P060182	Graps & Creme	[COVERAGE GAP]						No IPH pesticide-screen record found for GRC102501-2; Drive folder holds only the 2 Farmahem LoD/cannabinoid PDFs — pesticide panel appears not to have been commissioned for this batch.
48	GRC102501/2	P060182	Graps & Creme	[COVERAGE GAP]						No IPH heavy-metal record found for GRC102501-2 (see pesticide gap note).
48	GRC102501/2	P060182	Graps & Creme	[COVERAGE GAP]						No IPH mycotoxin record found for GRC102501-2 (see pesticide gap note).
48	GRC102501/2	P060182	Graps & Creme	[COVERAGE GAP]						No IPH microbiology record found for GRC102501-2 (see pesticide gap note).
49	SJ112501	P060192	Sleepy Joy	Loss on drying (Ph.Eur. 2.2.32:2024)	< 12%	6.7% (U ±0.2)	051-2-GS/26	Issued 02.03.2026 (analyzed 26-27.02.2026; received 23.02.2026)	Farmahem Laboratorija za zivotna sredina (Environmental Lab)	https://drive.google.com/file/d/1XZ2j_5T0hk-UszqsSC7Sj1UjEe2ZoOkX/view
49	SJ112501	P060192	Sleepy Joy	Total CBD	/	< LOQ (<0.20%)	051-2-K/26	Issued 04.03.2026 (analyzed 02.03.2026; received 23.02.2026)	Farmahem Laboratorija za zivotna sredina (Environmental Lab)	https://drive.google.com/file/d/1iJ8WT4Pj4hqlMTAl3prVo_2gekjGoK6f/view
49	SJ112501	P060192	Sleepy Joy	Total CBN	/	< LOQ	051-2-K/26	Issued 04.03.2026 (analyzed 02.03.2026; received 23.02.2026)	Farmahem Laboratorija za zivotna sredina (Environmental Lab)	https://drive.google.com/file/d/1iJ8WT4Pj4hqlMTAl3prVo_2gekjGoK6f/view
49	SJ112501	P060192	Sleepy Joy	Total Δ9-THC	/	9.20 %w/w (U ±0.57)	051-2-K/26	Issued 04.03.2026 (analyzed 02.03.2026; received 23.02.2026)	Farmahem Laboratorija za zivotna sredina (Environmental Lab)	https://drive.google.com/file/d/1iJ8WT4Pj4hqlMTAl3prVo_2gekjGoK6f/view
49	SJ112501	P060192	Sleepy Joy	[COVERAGE GAP]						No IPH pesticide-screen record found for SJ112501; Drive folder holds only the 2 Farmahem LoD/cannabinoid PDFs.
49	SJ112501	P060192	Sleepy Joy	[COVERAGE GAP]						No IPH heavy-metal record found for SJ112501 (see pesticide gap note).
49	SJ112501	P060192	Sleepy Joy	[COVERAGE GAP]						No IPH mycotoxin record found for SJ112501 (see pesticide gap note).
49	SJ112501	P060192	Sleepy Joy	[COVERAGE GAP]						No IPH microbiology record found for SJ112501 (see pesticide gap note).
50	J31112501	P060202	Jokerz 31	Loss on drying (Ph.Eur. 2.2.32:2024) — submission 1 (CF-77/26)	< 12%	8.4% (U ±0.2)	051-5-GS/26	Issued 02.03.2026 (analyzed 26-27.02.2026; received 23.02.2026)	Farmahem Laboratorija za zivotna sredina (Environmental Lab)	https://drive.google.com/file/d/1bfpKkgst05PLrtp-xC1MPKiodgBBUeR1/view
50	J31112501	P060202	Jokerz 31	Total CBD — submission 1 (CF-77/26)	/	< LOQ (<0.20%)	051-5-K/26	Issued 04.03.2026 (analyzed 02.03.2026; received 23.02.2026)	Farmahem Laboratorija za zivotna sredina (Environmental Lab)	https://drive.google.com/file/d/14KsYspUDnD75qdGmgsHKRwEzHdhOXMpF/view
50	J31112501	P060202	Jokerz 31	Total CBN — submission 1 (CF-77/26)	/	< LOQ	051-5-K/26	Issued 04.03.2026 (analyzed 02.03.2026; received 23.02.2026)	Farmahem Laboratorija za zivotna sredina (Environmental Lab)	https://drive.google.com/file/d/14KsYspUDnD75qdGmgsHKRwEzHdhOXMpF/view
50	J31112501	P060202	Jokerz 31	Total Δ9-THC — submission 1 (CF-77/26)	/	25.27 %w/w (U ±1.55)	051-5-K/26	Issued 04.03.2026 (analyzed 02.03.2026; received 23.02.2026)	Farmahem Laboratorija za zivotna sredina (Environmental Lab)	https://drive.google.com/file/d/14KsYspUDnD75qdGmgsHKRwEzHdhOXMpF/view
50	J31112501	P060202	Jokerz 31	Loss on drying (Ph.Eur. 2.2.32:2024) — submission 2, plastic pkg (CF-150/26)	< 12%	7.6% (U ±0.2)	100-1-GS/26	Issued 09.04.2026 (analyzed 08-09.04.2026; received 27.03.2026)	Farmahem Laboratorija za zivotna sredina (Environmental Lab)	https://drive.google.com/file/d/1tEVcqPS3V02UpqBNwd36uyr7yufsCrRe/view
50	J31112501	P060202	Jokerz 31	Total CBD — submission 2, plastic pkg (CF-149/26)	/	< LOQ (<0.20%)	100-1-K/26	Issued 09.04.2026 (analyzed 01.04.2026; received 26.03.2026)	Farmahem Laboratorija za zivotna sredina (Environmental Lab)	https://drive.google.com/file/d/1_YdJpRUaGkJsig3cmOwHyZGCzLU_-S6z/view
50	J31112501	P060202	Jokerz 31	Total CBN — submission 2, plastic pkg (CF-149/26)	/	< LOQ	100-1-K/26	Issued 09.04.2026 (analyzed 01.04.2026; received 26.03.2026)	Farmahem Laboratorija za zivotna sredina (Environmental Lab)	https://drive.google.com/file/d/1_YdJpRUaGkJsig3cmOwHyZGCzLU_-S6z/view
50	J31112501	P060202	Jokerz 31	Total Δ9-THC — submission 2, plastic pkg (CF-149/26)	/	20.21 %w/w (U ±1.24)	100-1-K/26	Issued 09.04.2026 (analyzed 01.04.2026; received 26.03.2026)	Farmahem Laboratorija za zivotna sredina (Environmental Lab)	https://drive.google.com/file/d/1_YdJpRUaGkJsig3cmOwHyZGCzLU_-S6z/view
50	J31112501	P060202	Jokerz 31	[COVERAGE GAP]						No IPH pesticide-screen record found for J31112501 itself.
50	J31112501	P060202	Jokerz 31	[COVERAGE GAP]						No IPH heavy-metal record found for J31112501 itself.
50	J31112501	P060202	Jokerz 31	[COVERAGE GAP]						No IPH mycotoxin record found for J31112501 itself.
50	J31112501	P060202	Jokerz 31	[COVERAGE GAP]						No IPH microbiology record found for J31112501 itself.
51	JD112501	P060212	Jelly Donutz	Loss on Drying (primary)	≤ 10.00%	6.69%	ППК26063	Issued 11.05.2026 (test completed 07.05.2026)	UKIM Faculty of Pharmacy — Center for Natural Products	https://drive.google.com/file/d/1xVO2NePpgJT8O2nvVBT_rtiGzyipHMxz/view
51	JD112501	P060212	Jelly Donutz	CBDA (primary)		0.07%	ППК26063	Issued 11.05.2026 (test completed 07.05.2026)	UKIM Faculty of Pharmacy — Center for Natural Products	https://drive.google.com/file/d/1xVO2NePpgJT8O2nvVBT_rtiGzyipHMxz/view
51	JD112501	P060212	Jelly Donutz	CBD (primary)		BLQ	ППК26063	Issued 11.05.2026 (test completed 07.05.2026)	UKIM Faculty of Pharmacy — Center for Natural Products	https://drive.google.com/file/d/1xVO2NePpgJT8O2nvVBT_rtiGzyipHMxz/view
51	JD112501	P060212	Jelly Donutz	CBN (primary)		BLQ	ППК26063	Issued 11.05.2026 (test completed 07.05.2026)	UKIM Faculty of Pharmacy — Center for Natural Products	https://drive.google.com/file/d/1xVO2NePpgJT8O2nvVBT_rtiGzyipHMxz/view
51	JD112501	P060212	Jelly Donutz	Δ9-THC (primary)		0.58%	ППК26063	Issued 11.05.2026 (test completed 07.05.2026)	UKIM Faculty of Pharmacy — Center for Natural Products	https://drive.google.com/file/d/1xVO2NePpgJT8O2nvVBT_rtiGzyipHMxz/view
51	JD112501	P060212	Jelly Donutz	Δ9-THCA (primary)		21.74%	ППК26063	Issued 11.05.2026 (test completed 07.05.2026)	UKIM Faculty of Pharmacy — Center for Natural Products	https://drive.google.com/file/d/1xVO2NePpgJT8O2nvVBT_rtiGzyipHMxz/view
51	JD112501	P060212	Jelly Donutz	Total CBD (primary)	≤ 1.00%	0.06%	ППК26063	Issued 11.05.2026 (test completed 07.05.2026)	UKIM Faculty of Pharmacy — Center for Natural Products	https://drive.google.com/file/d/1xVO2NePpgJT8O2nvVBT_rtiGzyipHMxz/view
51	JD112501	P060212	Jelly Donutz	Total Δ9-THC (primary)		19.64%	ППК26063	Issued 11.05.2026 (test completed 07.05.2026)	UKIM Faculty of Pharmacy — Center for Natural Products	https://drive.google.com/file/d/1xVO2NePpgJT8O2nvVBT_rtiGzyipHMxz/view
51	JD112501	P060212	Jelly Donutz	Loss on Drying (re-sample)		6.38%	ППК26065	Issued 11.05.2026 (test completed 08.05.2026)	UKIM Faculty of Pharmacy — Center for Natural Products	https://drive.google.com/file/d/1fBN8NDgcTOy7s-Nc63-BAFhaOHzaHZa-/view
51	JD112501	P060212	Jelly Donutz	CBDA (re-sample)		0.04%	ППК26065	Issued 11.05.2026 (test completed 08.05.2026)	UKIM Faculty of Pharmacy — Center for Natural Products	https://drive.google.com/file/d/1fBN8NDgcTOy7s-Nc63-BAFhaOHzaHZa-/view
51	JD112501	P060212	Jelly Donutz	CBD (re-sample)		BLQ	ППК26065	Issued 11.05.2026 (test completed 08.05.2026)	UKIM Faculty of Pharmacy — Center for Natural Products	https://drive.google.com/file/d/1fBN8NDgcTOy7s-Nc63-BAFhaOHzaHZa-/view
51	JD112501	P060212	Jelly Donutz	CBN (re-sample)		BLQ	ППК26065	Issued 11.05.2026 (test completed 08.05.2026)	UKIM Faculty of Pharmacy — Center for Natural Products	https://drive.google.com/file/d/1fBN8NDgcTOy7s-Nc63-BAFhaOHzaHZa-/view
51	JD112501	P060212	Jelly Donutz	Δ9-THC (re-sample)		1.18%	ППК26065	Issued 11.05.2026 (test completed 08.05.2026)	UKIM Faculty of Pharmacy — Center for Natural Products	https://drive.google.com/file/d/1fBN8NDgcTOy7s-Nc63-BAFhaOHzaHZa-/view
51	JD112501	P060212	Jelly Donutz	Δ9-THCA (re-sample)		14.54%	ППК26065	Issued 11.05.2026 (test completed 08.05.2026)	UKIM Faculty of Pharmacy — Center for Natural Products	https://drive.google.com/file/d/1fBN8NDgcTOy7s-Nc63-BAFhaOHzaHZa-/view
51	JD112501	P060212	Jelly Donutz	Total CBD (re-sample)	≤ 1.00%	0.04%	ППК26065	Issued 11.05.2026 (test completed 08.05.2026)	UKIM Faculty of Pharmacy — Center for Natural Products	https://drive.google.com/file/d/1fBN8NDgcTOy7s-Nc63-BAFhaOHzaHZa-/view
51	JD112501	P060212	Jelly Donutz	Total Δ9-THC (re-sample)		13.93%	ППК26065	Issued 11.05.2026 (test completed 08.05.2026)	UKIM Faculty of Pharmacy — Center for Natural Products	https://drive.google.com/file/d/1fBN8NDgcTOy7s-Nc63-BAFhaOHzaHZa-/view
51	JD112501	P060212	Jelly Donutz	[COVERAGE GAP]						No IPH pesticide-screen record found for JD112501; Drive folder holds only the 2 UKIM cannabinoid+LoD PDFs (primary + re-sample).
51	JD112501	P060212	Jelly Donutz	[COVERAGE GAP]						No IPH heavy-metal record found for JD112501 (see pesticide gap note).
51	JD112501	P060212	Jelly Donutz	[COVERAGE GAP]						No IPH mycotoxin record found for JD112501 (see pesticide gap note).
51	JD112501	P060212	Jelly Donutz	[COVERAGE GAP]						No IPH microbiology record found for JD112501 (see pesticide gap note).
51	JD112501	P060212	Jelly Donutz	Total Δ9-THC (Вкупно Δ9-THC, as Δ9-THC) — HPLC/DAD	min 5.00% (PP release spec)	20.32 %w/w (U 1.25 %w/w, k=2)	197-15-К/26	07.08.2026	Farmahem DOOEL — Laboratory for Environment (Лабораторија за животна средина), Skopje	https://drive.google.com/file/d/1V4OsxHcoTkWvb5byeHc90rDtPmvc3NM5/view
51	JD112501	P060212	Jelly Donutz	Total CBN (Вкупен CBN) — HPLC/DAD	max 1.00% (PP release spec)	<LOQ %w/w	197-15-К/26	07.08.2026	Farmahem DOOEL — Laboratory for Environment (Лабораторија за животна средина), Skopje	https://drive.google.com/file/d/1V4OsxHcoTkWvb5byeHc90rDtPmvc3NM5/view
51	JD112501	P060212	Jelly Donutz	Total CBD (Вкупен CBD, as CBD) — HPLC/DAD	max 1.00% (PP release spec)	<LOQ %w/w	197-15-К/26	07.08.2026	Farmahem DOOEL — Laboratory for Environment (Лабораторија за животна средина), Skopje	https://drive.google.com/file/d/1V4OsxHcoTkWvb5byeHc90rDtPmvc3NM5/view
51	JD112501	P060212	Jelly Donutz	Aflatoxin B1	≤ 2 µg/kg (Ph.Eur. ref — confirm vs PP spec)	ND µg/kg	197-15-М/26	10.08.2026	Farmahem DOOEL — Laboratory for Environment (Лабораторија за животна средина), Skopje	https://drive.google.com/file/d/17KtUGDULi5Z2dq6nlQ-3Jiqo8kbfeQfb/view
51	JD112501	P060212	Jelly Donutz	Aflatoxin B2	(included in Σ aflatoxins)	ND µg/kg	197-15-М/26	10.08.2026	Farmahem DOOEL — Laboratory for Environment (Лабораторија за животна средина), Skopje	https://drive.google.com/file/d/17KtUGDULi5Z2dq6nlQ-3Jiqo8kbfeQfb/view
51	JD112501	P060212	Jelly Donutz	Aflatoxin G1	(included in Σ aflatoxins)	ND µg/kg	197-15-М/26	10.08.2026	Farmahem DOOEL — Laboratory for Environment (Лабораторија за животна средина), Skopje	https://drive.google.com/file/d/17KtUGDULi5Z2dq6nlQ-3Jiqo8kbfeQfb/view
51	JD112501	P060212	Jelly Donutz	Aflatoxin G2	(included in Σ aflatoxins)	ND µg/kg	197-15-М/26	10.08.2026	Farmahem DOOEL — Laboratory for Environment (Лабораторија за животна средина), Skopje	https://drive.google.com/file/d/17KtUGDULi5Z2dq6nlQ-3Jiqo8kbfeQfb/view
51	JD112501	P060212	Jelly Donutz	Sum aflatoxins B1+B2+G1+G2	≤ 4 µg/kg (Ph.Eur. ref)	ND (all four aflatoxins not detected)	197-15-М/26	10.08.2026	Farmahem DOOEL — Laboratory for Environment (Лабораторија за животна средина), Skopje	https://drive.google.com/file/d/17KtUGDULi5Z2dq6nlQ-3Jiqo8kbfeQfb/view
51	JD112501	P060212	Jelly Donutz	Ochratoxin A	per PP spec (confirm; Ph.Eur. ref commonly ≤ 20 µg/kg)	ND µg/kg	197-15-М/26	10.08.2026	Farmahem DOOEL — Laboratory for Environment (Лабораторија за животна средина), Skopje	https://drive.google.com/file/d/17KtUGDULi5Z2dq6nlQ-3Jiqo8kbfeQfb/view
51	JD112501	P060212	Jelly Donutz	[COVERAGE GAP]	n/a	No record found in RAG for Identification, Foreign matter, or Loss on drying (Ph.Eur. 3028 physical/ID parameters), nor for Heavy metals (Cd/Pb/Hg/As), Pesticides/Insecticides panel, or Microbiological quality (TAMC/TYMC/E.coli/Salmonella/bile-tolerant GNB) for batch P060212 — only the Farmahem cannabinoid (197-15-К/26) and mycotoxin (197-15-М/26) panels are on file for this batch; no UKIM certificate, Bundle summary, or PP in-house CoA exists in this RAG for P060212.	n/a	n/a	n/a	https://drive.google.com/file/d/1V4OsxHcoTkWvb5byeHc90rDtPmvc3NM5/view
52	OPM112501	P060222	Orange Punch Mimosa	Loss on Drying	≤ 10.00%	8.06%	ППК26031	Issued 05.03.2026 (test completed 04.03.2026)	UKIM Faculty of Pharmacy — Center for Natural Products	https://drive.google.com/file/d/1tFKbbEfm302t7kxqJhIeN2ozI3xjmsk6/view
52	OPM112501	P060222	Orange Punch Mimosa	CBDA	/	0.02%	ППК26031	Issued 05.03.2026 (test completed 04.03.2026)	UKIM Faculty of Pharmacy — Center for Natural Products	https://drive.google.com/file/d/1tFKbbEfm302t7kxqJhIeN2ozI3xjmsk6/view
52	OPM112501	P060222	Orange Punch Mimosa	CBD	/	BLQ	ППК26031	Issued 05.03.2026 (test completed 04.03.2026)	UKIM Faculty of Pharmacy — Center for Natural Products	https://drive.google.com/file/d/1tFKbbEfm302t7kxqJhIeN2ozI3xjmsk6/view
52	OPM112501	P060222	Orange Punch Mimosa	CBN	/	0.01%	ППК26031	Issued 05.03.2026 (test completed 04.03.2026)	UKIM Faculty of Pharmacy — Center for Natural Products	https://drive.google.com/file/d/1tFKbbEfm302t7kxqJhIeN2ozI3xjmsk6/view
52	OPM112501	P060222	Orange Punch Mimosa	Δ9-THC	/	0.20%	ППК26031	Issued 05.03.2026 (test completed 04.03.2026)	UKIM Faculty of Pharmacy — Center for Natural Products	https://drive.google.com/file/d/1tFKbbEfm302t7kxqJhIeN2ozI3xjmsk6/view
52	OPM112501	P060222	Orange Punch Mimosa	Δ9-THCA	/	8.89%	ППК26031	Issued 05.03.2026 (test completed 04.03.2026)	UKIM Faculty of Pharmacy — Center for Natural Products	https://drive.google.com/file/d/1tFKbbEfm302t7kxqJhIeN2ozI3xjmsk6/view
52	OPM112501	P060222	Orange Punch Mimosa	Total CBD	≤ 1.00%	0.02%	ППК26031	Issued 05.03.2026 (test completed 04.03.2026)	UKIM Faculty of Pharmacy — Center for Natural Products	https://drive.google.com/file/d/1tFKbbEfm302t7kxqJhIeN2ozI3xjmsk6/view
52	OPM112501	P060222	Orange Punch Mimosa	Total Δ9-THC	/	8.00%	ППК26031	Issued 05.03.2026 (test completed 04.03.2026)	UKIM Faculty of Pharmacy — Center for Natural Products	https://drive.google.com/file/d/1tFKbbEfm302t7kxqJhIeN2ozI3xjmsk6/view
52	OPM112501	P060222	Orange Punch Mimosa	[COVERAGE GAP]						No IPH pesticide-screen record found for OPM112501; Drive folder holds only the single UKIM cannabinoid+LoD PDF.
52	OPM112501	P060222	Orange Punch Mimosa	[COVERAGE GAP]						No IPH heavy-metal record found for OPM112501 (see pesticide gap note).
52	OPM112501	P060222	Orange Punch Mimosa	[COVERAGE GAP]						No IPH mycotoxin record found for OPM112501 (see pesticide gap note).
52	OPM112501	P060222	Orange Punch Mimosa	[COVERAGE GAP]						No IPH microbiology record found for OPM112501 (see pesticide gap note).
53	PM112501	P060232	Permanent Market	Loss on Drying	≤ 10.00%	8.61%	ППК26030	Issued 05.03.2026 (test completed 04.03.2026)	UKIM Faculty of Pharmacy — Center for Natural Products	https://drive.google.com/file/d/1TtuUlLknTp5M-5aK5iM5aS6gI0smVbNY/view
53	PM112501	P060232	Permanent Market	CBDA	/	0.03%	ППК26030	Issued 05.03.2026 (test completed 04.03.2026)	UKIM Faculty of Pharmacy — Center for Natural Products	https://drive.google.com/file/d/1TtuUlLknTp5M-5aK5iM5aS6gI0smVbNY/view
53	PM112501	P060232	Permanent Market	CBD	/	BLQ	ППК26030	Issued 05.03.2026 (test completed 04.03.2026)	UKIM Faculty of Pharmacy — Center for Natural Products	https://drive.google.com/file/d/1TtuUlLknTp5M-5aK5iM5aS6gI0smVbNY/view
53	PM112501	P060232	Permanent Market	CBN	/	0.01%	ППК26030	Issued 05.03.2026 (test completed 04.03.2026)	UKIM Faculty of Pharmacy — Center for Natural Products	https://drive.google.com/file/d/1TtuUlLknTp5M-5aK5iM5aS6gI0smVbNY/view
53	PM112501	P060232	Permanent Market	Δ9-THC	/	0.41%	ППК26030	Issued 05.03.2026 (test completed 04.03.2026)	UKIM Faculty of Pharmacy — Center for Natural Products	https://drive.google.com/file/d/1TtuUlLknTp5M-5aK5iM5aS6gI0smVbNY/view
53	PM112501	P060232	Permanent Market	Δ9-THCA	/	14.73%	ППК26030	Issued 05.03.2026 (test completed 04.03.2026)	UKIM Faculty of Pharmacy — Center for Natural Products	https://drive.google.com/file/d/1TtuUlLknTp5M-5aK5iM5aS6gI0smVbNY/view
53	PM112501	P060232	Permanent Market	Total CBD	≤ 1.00%	0.03%	ППК26030	Issued 05.03.2026 (test completed 04.03.2026)	UKIM Faculty of Pharmacy — Center for Natural Products	https://drive.google.com/file/d/1TtuUlLknTp5M-5aK5iM5aS6gI0smVbNY/view
53	PM112501	P060232	Permanent Market	Total Δ9-THC	/	13.33%	ППК26030	Issued 05.03.2026 (test completed 04.03.2026)	UKIM Faculty of Pharmacy — Center for Natural Products	https://drive.google.com/file/d/1TtuUlLknTp5M-5aK5iM5aS6gI0smVbNY/view
53	PM112501	P060232	Permanent Market	[COVERAGE GAP]						No IPH pesticide-screen record found for PM112501; Drive folder holds only the single UKIM cannabinoid+LoD PDF.
53	PM112501	P060232	Permanent Market	[COVERAGE GAP]						No IPH heavy-metal record found for PM112501 (see pesticide gap note).
53	PM112501	P060232	Permanent Market	[COVERAGE GAP]						No IPH mycotoxin record found for PM112501 (see pesticide gap note).
53	PM112501	P060232	Permanent Market	[COVERAGE GAP]						No IPH microbiology record found for PM112501 (see pesticide gap note).
54	GG112501	P060252	Gorilla Glue	Loss on Drying	≤ 10.00%	6.31%	ППК26061	Issued 11.05.2026 (test completed 07.05.2026)	UKIM Faculty of Pharmacy — Center for Natural Products	https://drive.google.com/file/d/1NCfvv-MhMYqSqkSMM301Jx7ursCalJlR/view
54	GG112501	P060252	Gorilla Glue	CBDA		0.09%	ППК26061	Issued 11.05.2026 (test completed 07.05.2026)	UKIM Faculty of Pharmacy — Center for Natural Products	https://drive.google.com/file/d/1NCfvv-MhMYqSqkSMM301Jx7ursCalJlR/view
54	GG112501	P060252	Gorilla Glue	CBD		BLQ	ППК26061	Issued 11.05.2026 (test completed 07.05.2026)	UKIM Faculty of Pharmacy — Center for Natural Products	https://drive.google.com/file/d/1NCfvv-MhMYqSqkSMM301Jx7ursCalJlR/view
54	GG112501	P060252	Gorilla Glue	CBN		BLQ	ППК26061	Issued 11.05.2026 (test completed 07.05.2026)	UKIM Faculty of Pharmacy — Center for Natural Products	https://drive.google.com/file/d/1NCfvv-MhMYqSqkSMM301Jx7ursCalJlR/view
54	GG112501	P060252	Gorilla Glue	Δ9-THC		0.33%	ППК26061	Issued 11.05.2026 (test completed 07.05.2026)	UKIM Faculty of Pharmacy — Center for Natural Products	https://drive.google.com/file/d/1NCfvv-MhMYqSqkSMM301Jx7ursCalJlR/view
54	GG112501	P060252	Gorilla Glue	Δ9-THCA		20.08%	ППК26061	Issued 11.05.2026 (test completed 07.05.2026)	UKIM Faculty of Pharmacy — Center for Natural Products	https://drive.google.com/file/d/1NCfvv-MhMYqSqkSMM301Jx7ursCalJlR/view
54	GG112501	P060252	Gorilla Glue	Total CBD	≤ 1.00%	0.08%	ППК26061	Issued 11.05.2026 (test completed 07.05.2026)	UKIM Faculty of Pharmacy — Center for Natural Products	https://drive.google.com/file/d/1NCfvv-MhMYqSqkSMM301Jx7ursCalJlR/view
54	GG112501	P060252	Gorilla Glue	Total Δ9-THC		17.94%	ППК26061	Issued 11.05.2026 (test completed 07.05.2026)	UKIM Faculty of Pharmacy — Center for Natural Products	https://drive.google.com/file/d/1NCfvv-MhMYqSqkSMM301Jx7ursCalJlR/view
54	GG112501	P060252	Gorilla Glue	[COVERAGE GAP]						No IPH pesticide-screen record found for GG112501; Drive folder holds only the single UKIM cannabinoid+LoD PDF.
54	GG112501	P060252	Gorilla Glue	[COVERAGE GAP]						No IPH heavy-metal record found for GG112501 (see pesticide gap note).
54	GG112501	P060252	Gorilla Glue	[COVERAGE GAP]						No IPH mycotoxin record found for GG112501 (see pesticide gap note).
54	GG112501	P060252	Gorilla Glue	[COVERAGE GAP]						No IPH microbiology record found for GG112501 (see pesticide gap note).
55	CC112501	P060272	Cash Cow	Loss on Drying		7.39%	ППК26068	Issued 11.05.2026 (test completed 08.05.2026)	UKIM Faculty of Pharmacy — Center for Natural Products	https://drive.google.com/file/d/1Ov0TNaTbidvSsJb7aXmJBuLiwaTWGQVW/view
55	CC112501	P060272	Cash Cow	CBDA		0.04%	ППК26068	Issued 11.05.2026 (test completed 08.05.2026)	UKIM Faculty of Pharmacy — Center for Natural Products	https://drive.google.com/file/d/1Ov0TNaTbidvSsJb7aXmJBuLiwaTWGQVW/view
55	CC112501	P060272	Cash Cow	CBD		BLQ	ППК26068	Issued 11.05.2026 (test completed 08.05.2026)	UKIM Faculty of Pharmacy — Center for Natural Products	https://drive.google.com/file/d/1Ov0TNaTbidvSsJb7aXmJBuLiwaTWGQVW/view
55	CC112501	P060272	Cash Cow	CBN		BLQ	ППК26068	Issued 11.05.2026 (test completed 08.05.2026)	UKIM Faculty of Pharmacy — Center for Natural Products	https://drive.google.com/file/d/1Ov0TNaTbidvSsJb7aXmJBuLiwaTWGQVW/view
55	CC112501	P060272	Cash Cow	Δ9-THC		0.46%	ППК26068	Issued 11.05.2026 (test completed 08.05.2026)	UKIM Faculty of Pharmacy — Center for Natural Products	https://drive.google.com/file/d/1Ov0TNaTbidvSsJb7aXmJBuLiwaTWGQVW/view
55	CC112501	P060272	Cash Cow	Δ9-THCA		14.70%	ППК26068	Issued 11.05.2026 (test completed 08.05.2026)	UKIM Faculty of Pharmacy — Center for Natural Products	https://drive.google.com/file/d/1Ov0TNaTbidvSsJb7aXmJBuLiwaTWGQVW/view
55	CC112501	P060272	Cash Cow	Total CBD	≤ 1.00%	0.04%	ППК26068	Issued 11.05.2026 (test completed 08.05.2026)	UKIM Faculty of Pharmacy — Center for Natural Products	https://drive.google.com/file/d/1Ov0TNaTbidvSsJb7aXmJBuLiwaTWGQVW/view
55	CC112501	P060272	Cash Cow	Total Δ9-THC		13.35%	ППК26068	Issued 11.05.2026 (test completed 08.05.2026)	UKIM Faculty of Pharmacy — Center for Natural Products	https://drive.google.com/file/d/1Ov0TNaTbidvSsJb7aXmJBuLiwaTWGQVW/view
55	CC112501	P060272	Cash Cow	[COVERAGE GAP]						No IPH pesticide-screen record found for CC112501; Drive folder holds only the single UKIM cannabinoid+LoD PDF.
55	CC112501	P060272	Cash Cow	[COVERAGE GAP]						No IPH heavy-metal record found for CC112501 (see pesticide gap note).
55	CC112501	P060272	Cash Cow	[COVERAGE GAP]						No IPH mycotoxin record found for CC112501 (see pesticide gap note).
55	CC112501	P060272	Cash Cow	[COVERAGE GAP]						No IPH microbiology record found for CC112501 (see pesticide gap note).
56	SCR112501	P060282	Scrambler	Loss on Drying		6.84%	ППК26069	Issued 11.05.2026 (test completed 08.05.2026)	UKIM Faculty of Pharmacy — Center for Natural Products	https://drive.google.com/file/d/1uLZIOLF8c4z8RDctoi6NE5SX-hYAEdCU/view
56	SCR112501	P060282	Scrambler	CBDA		0.05%	ППК26069	Issued 11.05.2026 (test completed 08.05.2026)	UKIM Faculty of Pharmacy — Center for Natural Products	https://drive.google.com/file/d/1uLZIOLF8c4z8RDctoi6NE5SX-hYAEdCU/view
56	SCR112501	P060282	Scrambler	CBD		BLQ	ППК26069	Issued 11.05.2026 (test completed 08.05.2026)	UKIM Faculty of Pharmacy — Center for Natural Products	https://drive.google.com/file/d/1uLZIOLF8c4z8RDctoi6NE5SX-hYAEdCU/view
56	SCR112501	P060282	Scrambler	CBN		BLQ	ППК26069	Issued 11.05.2026 (test completed 08.05.2026)	UKIM Faculty of Pharmacy — Center for Natural Products	https://drive.google.com/file/d/1uLZIOLF8c4z8RDctoi6NE5SX-hYAEdCU/view
56	SCR112501	P060282	Scrambler	Δ9-THC		0.64%	ППК26069	Issued 11.05.2026 (test completed 08.05.2026)	UKIM Faculty of Pharmacy — Center for Natural Products	https://drive.google.com/file/d/1uLZIOLF8c4z8RDctoi6NE5SX-hYAEdCU/view
56	SCR112501	P060282	Scrambler	Δ9-THCA		18.80%	ППК26069	Issued 11.05.2026 (test completed 08.05.2026)	UKIM Faculty of Pharmacy — Center for Natural Products	https://drive.google.com/file/d/1uLZIOLF8c4z8RDctoi6NE5SX-hYAEdCU/view
56	SCR112501	P060282	Scrambler	Total CBD	≤ 1.00%	0.04%	ППК26069	Issued 11.05.2026 (test completed 08.05.2026)	UKIM Faculty of Pharmacy — Center for Natural Products	https://drive.google.com/file/d/1uLZIOLF8c4z8RDctoi6NE5SX-hYAEdCU/view
56	SCR112501	P060282	Scrambler	Total Δ9-THC		17.13%	ППК26069	Issued 11.05.2026 (test completed 08.05.2026)	UKIM Faculty of Pharmacy — Center for Natural Products	https://drive.google.com/file/d/1uLZIOLF8c4z8RDctoi6NE5SX-hYAEdCU/view
56	SCR112501	P060282	Scrambler	[COVERAGE GAP]						No IPH pesticide-screen record found for SCR112501; Drive folder holds only the single UKIM cannabinoid+LoD PDF.
56	SCR112501	P060282	Scrambler	[COVERAGE GAP]						No IPH heavy-metal record found for SCR112501 (see pesticide gap note).
56	SCR112501	P060282	Scrambler	[COVERAGE GAP]						No IPH mycotoxin record found for SCR112501 (see pesticide gap note).
56	SCR112501	P060282	Scrambler	[COVERAGE GAP]						No IPH microbiology record found for SCR112501 (see pesticide gap note).
57	FB112501	P060292	Fat Bastard	Loss on Drying		6.09%	ППК26066	Issued 11.05.2026 (test completed 08.05.2026)	UKIM Faculty of Pharmacy — Center for Natural Products	https://drive.google.com/file/d/1H66RnvgDE8aFFRK9O-cBkAc9L9AHqPoR/view
57	FB112501	P060292	Fat Bastard	CBDA		0.05%	ППК26066	Issued 11.05.2026 (test completed 08.05.2026)	UKIM Faculty of Pharmacy — Center for Natural Products	https://drive.google.com/file/d/1H66RnvgDE8aFFRK9O-cBkAc9L9AHqPoR/view
57	FB112501	P060292	Fat Bastard	CBD		BLQ	ППК26066	Issued 11.05.2026 (test completed 08.05.2026)	UKIM Faculty of Pharmacy — Center for Natural Products	https://drive.google.com/file/d/1H66RnvgDE8aFFRK9O-cBkAc9L9AHqPoR/view
57	FB112501	P060292	Fat Bastard	CBN		BLQ	ППК26066	Issued 11.05.2026 (test completed 08.05.2026)	UKIM Faculty of Pharmacy — Center for Natural Products	https://drive.google.com/file/d/1H66RnvgDE8aFFRK9O-cBkAc9L9AHqPoR/view
57	FB112501	P060292	Fat Bastard	Δ9-THC		0.82%	ППК26066	Issued 11.05.2026 (test completed 08.05.2026)	UKIM Faculty of Pharmacy — Center for Natural Products	https://drive.google.com/file/d/1H66RnvgDE8aFFRK9O-cBkAc9L9AHqPoR/view
57	FB112501	P060292	Fat Bastard	Δ9-THCA		18.09%	ППК26066	Issued 11.05.2026 (test completed 08.05.2026)	UKIM Faculty of Pharmacy — Center for Natural Products	https://drive.google.com/file/d/1H66RnvgDE8aFFRK9O-cBkAc9L9AHqPoR/view
57	FB112501	P060292	Fat Bastard	Total CBD	≤ 1.00%	0.05%	ППК26066	Issued 11.05.2026 (test completed 08.05.2026)	UKIM Faculty of Pharmacy — Center for Natural Products	https://drive.google.com/file/d/1H66RnvgDE8aFFRK9O-cBkAc9L9AHqPoR/view
57	FB112501	P060292	Fat Bastard	Total Δ9-THC		16.69%	ППК26066	Issued 11.05.2026 (test completed 08.05.2026)	UKIM Faculty of Pharmacy — Center for Natural Products	https://drive.google.com/file/d/1H66RnvgDE8aFFRK9O-cBkAc9L9AHqPoR/view
57	FB112501	P060292	Fat Bastard	[COVERAGE GAP]						No IPH pesticide-screen record found for FB112501; Drive folder holds only the single UKIM cannabinoid+LoD PDF.
57	FB112501	P060292	Fat Bastard	[COVERAGE GAP]						No IPH heavy-metal record found for FB112501 (see pesticide gap note).
57	FB112501	P060292	Fat Bastard	[COVERAGE GAP]						No IPH mycotoxin record found for FB112501 (see pesticide gap note).
57	FB112501	P060292	Fat Bastard	[COVERAGE GAP]						No IPH microbiology record found for FB112501 (see pesticide gap note).
58	OPM122501	P060242	Orange Punch Mimosa	Total CBD	/	< LOQ (<0.20%)	100-4-К/26	Issued 09.04.2026 (analyzed 01.04.2026; received 26.03.2026)	Farmahem Laboratorija za zivotna sredina (Environmental Lab)	https://drive.google.com/file/d/1e5BgUBjGrnznzF23gXaK7IiaKrsFGGM4/view
58	OPM122501	P060242	Orange Punch Mimosa	Total CBN	/	< LOQ	100-4-К/26	Issued 09.04.2026 (analyzed 01.04.2026; received 26.03.2026)	Farmahem Laboratorija za zivotna sredina (Environmental Lab)	https://drive.google.com/file/d/1e5BgUBjGrnznzF23gXaK7IiaKrsFGGM4/view
58	OPM122501	P060242	Orange Punch Mimosa	Total Δ9-THC	/	8.09 %w/w (U ±0.50)	100-4-К/26	Issued 09.04.2026 (analyzed 01.04.2026; received 26.03.2026)	Farmahem Laboratorija za zivotna sredina (Environmental Lab)	https://drive.google.com/file/d/1e5BgUBjGrnznzF23gXaK7IiaKrsFGGM4/view
58	OPM122501	P060242	Orange Punch Mimosa	Loss on drying (Ph.Eur. 2.2.32:2024)	< 12%	6.6% (U ±0.2)	100-4-ГС/26	Issued 09.04.2026 (analyzed 08-09.04.2026; received 27.03.2026)	Farmahem Laboratorija za zivotna sredina (Environmental Lab)	https://drive.google.com/file/d/1e5BgUBjGrnznzF23gXaK7IiaKrsFGGM4/view
58	OPM122501	P060242	Orange Punch Mimosa	Microbiological quality (Ph.Eur. 5.1.8 cat. C) — Total aerobic microbial count (TAMC)	≤ 10^5 CFU/g	120 CFU/g	229/0392/26	Issued 07.04.2026 (received 01.04.2026)	IPH — Institute of Public Health, Skopje	https://drive.google.com/file/d/1e5BgUBjGrnznzF23gXaK7IiaKrsFGGM4/view
58	OPM122501	P060242	Orange Punch Mimosa	Microbiological quality (Ph.Eur. 5.1.8 cat. C) — Total combined yeasts/moulds count (TYMC)	≤ 10^4 CFU/g	100 CFU/g	229/0392/26	Issued 07.04.2026 (received 01.04.2026)	IPH — Institute of Public Health, Skopje	https://drive.google.com/file/d/1e5BgUBjGrnznzF23gXaK7IiaKrsFGGM4/view
58	OPM122501	P060242	Orange Punch Mimosa	Microbiological quality (Ph.Eur. 5.1.8 cat. C) — Bile-tolerant gram-negative bacteria	≤ 10^4 CFU/g	< 10 CFU/g	229/0392/26	Issued 07.04.2026 (received 01.04.2026)	IPH — Institute of Public Health, Skopje	https://drive.google.com/file/d/1e5BgUBjGrnznzF23gXaK7IiaKrsFGGM4/view
58	OPM122501	P060242	Orange Punch Mimosa	Microbiological quality (Ph.Eur. 5.1.8 cat. C) — Escherichia coli	Absent/g	Одговара (Complies/Absent)	229/0392/26	Issued 07.04.2026 (received 01.04.2026)	IPH — Institute of Public Health, Skopje	https://drive.google.com/file/d/1e5BgUBjGrnznzF23gXaK7IiaKrsFGGM4/view
58	OPM122501	P060242	Orange Punch Mimosa	Microbiological quality (Ph.Eur. 5.1.8 cat. C) — Salmonella	Absent/25g	Одговара (Complies/Absent)	229/0392/26	Issued 07.04.2026 (received 01.04.2026)	IPH — Institute of Public Health, Skopje	https://drive.google.com/file/d/1e5BgUBjGrnznzF23gXaK7IiaKrsFGGM4/view
58	OPM122501	P060242	Orange Punch Mimosa	Pesticide/insecticide screen — Lindan (Gama HCH) (Ph.Eur. 2.8.13 / MKC EN 15662:2020)	≤ 0.6 mg/kg	н.д.	1627/2026	Issued 23.04.2026 (pesticides completed 31.03.2026; received 27.03.2026)	IPH — Institute of Public Health, Skopje	https://drive.google.com/file/d/1e5BgUBjGrnznzF23gXaK7IiaKrsFGGM4/view
58	OPM122501	P060242	Orange Punch Mimosa	Pesticide/insecticide screen — Aldrin (Ph.Eur. 2.8.13 / MKC EN 15662:2020)	≤ 0.05 mg/kg	н.д.	1627/2026	Issued 23.04.2026 (pesticides completed 31.03.2026; received 27.03.2026)	IPH — Institute of Public Health, Skopje	https://drive.google.com/file/d/1e5BgUBjGrnznzF23gXaK7IiaKrsFGGM4/view
58	OPM122501	P060242	Orange Punch Mimosa	Pesticide/insecticide screen — Dieldrin и Aldrin (expressed as Dieldrin) (Ph.Eur. 2.8.13 / MKC EN 15662:2020)	≤ 0.05 mg/kg	н.д.	1627/2026	Issued 23.04.2026 (pesticides completed 31.03.2026; received 27.03.2026)	IPH — Institute of Public Health, Skopje	https://drive.google.com/file/d/1e5BgUBjGrnznzF23gXaK7IiaKrsFGGM4/view
58	OPM122501	P060242	Orange Punch Mimosa	Pesticide/insecticide screen — HCB (Ph.Eur. 2.8.13 / MKC EN 15662:2020)	≤ 0.1 mg/kg	н.д.	1627/2026	Issued 23.04.2026 (pesticides completed 31.03.2026; received 27.03.2026)	IPH — Institute of Public Health, Skopje	https://drive.google.com/file/d/1e5BgUBjGrnznzF23gXaK7IiaKrsFGGM4/view
58	OPM122501	P060242	Orange Punch Mimosa	Pesticide/insecticide screen — 4,4' DDE (Ph.Eur. 2.8.13 / MKC EN 15662:2020)	≤ 1 mg/kg	н.д.	1627/2026	Issued 23.04.2026 (pesticides completed 31.03.2026; received 27.03.2026)	IPH — Institute of Public Health, Skopje	https://drive.google.com/file/d/1e5BgUBjGrnznzF23gXaK7IiaKrsFGGM4/view
58	OPM122501	P060242	Orange Punch Mimosa	Pesticide/insecticide screen — 4,4' DDD (Ph.Eur. 2.8.13 / MKC EN 15662:2020)	≤ 1 mg/kg	н.д.	1627/2026	Issued 23.04.2026 (pesticides completed 31.03.2026; received 27.03.2026)	IPH — Institute of Public Health, Skopje	https://drive.google.com/file/d/1e5BgUBjGrnznzF23gXaK7IiaKrsFGGM4/view
58	OPM122501	P060242	Orange Punch Mimosa	Pesticide/insecticide screen — 4,4' DDT (Ph.Eur. 2.8.13 / MKC EN 15662:2020)	≤ 1 mg/kg	н.д.	1627/2026	Issued 23.04.2026 (pesticides completed 31.03.2026; received 27.03.2026)	IPH — Institute of Public Health, Skopje	https://drive.google.com/file/d/1e5BgUBjGrnznzF23gXaK7IiaKrsFGGM4/view
58	OPM122501	P060242	Orange Punch Mimosa	Pesticide/insecticide screen — вкупно DDT (total DDT) (Ph.Eur. 2.8.13 / MKC EN 15662:2020)	≤ 1 mg/kg	н.д.	1627/2026	Issued 23.04.2026 (pesticides completed 31.03.2026; received 27.03.2026)	IPH — Institute of Public Health, Skopje	https://drive.google.com/file/d/1e5BgUBjGrnznzF23gXaK7IiaKrsFGGM4/view
58	OPM122501	P060242	Orange Punch Mimosa	Pesticide/insecticide screen — delta HCH (Ph.Eur. 2.8.13 / MKC EN 15662:2020)	≤ 0.3 mg/kg	н.д.	1627/2026	Issued 23.04.2026 (pesticides completed 31.03.2026; received 27.03.2026)	IPH — Institute of Public Health, Skopje	https://drive.google.com/file/d/1e5BgUBjGrnznzF23gXaK7IiaKrsFGGM4/view
58	OPM122501	P060242	Orange Punch Mimosa	Pesticide/insecticide screen — alpha HCH (Ph.Eur. 2.8.13 / MKC EN 15662:2020)	≤ 0.3 mg/kg	н.д.	1627/2026	Issued 23.04.2026 (pesticides completed 31.03.2026; received 27.03.2026)	IPH — Institute of Public Health, Skopje	https://drive.google.com/file/d/1e5BgUBjGrnznzF23gXaK7IiaKrsFGGM4/view
58	OPM122501	P060242	Orange Punch Mimosa	Pesticide/insecticide screen — beta HCH (Ph.Eur. 2.8.13 / MKC EN 15662:2020)	≤ 0.3 mg/kg	н.д.	1627/2026	Issued 23.04.2026 (pesticides completed 31.03.2026; received 27.03.2026)	IPH — Institute of Public Health, Skopje	https://drive.google.com/file/d/1e5BgUBjGrnznzF23gXaK7IiaKrsFGGM4/view
58	OPM122501	P060242	Orange Punch Mimosa	Pesticide/insecticide screen — Endrin (Ph.Eur. 2.8.13 / MKC EN 15662:2020)	≤ 0.05 mg/kg	н.д.	1627/2026	Issued 23.04.2026 (pesticides completed 31.03.2026; received 27.03.2026)	IPH — Institute of Public Health, Skopje	https://drive.google.com/file/d/1e5BgUBjGrnznzF23gXaK7IiaKrsFGGM4/view
58	OPM122501	P060242	Orange Punch Mimosa	Pesticide/insecticide screen — Chlorpyrifos-methyl (Ph.Eur. 2.8.13 / MKC EN 15662:2020)	≤ 0.1 mg/kg	н.д.	1627/2026	Issued 23.04.2026 (pesticides completed 31.03.2026; received 27.03.2026)	IPH — Institute of Public Health, Skopje	https://drive.google.com/file/d/1e5BgUBjGrnznzF23gXaK7IiaKrsFGGM4/view
58	OPM122501	P060242	Orange Punch Mimosa	Pesticide/insecticide screen — Chlorpyrifos (Ph.Eur. 2.8.13 / MKC EN 15662:2020)	≤ 0.2 mg/kg	н.д.	1627/2026	Issued 23.04.2026 (pesticides completed 31.03.2026; received 27.03.2026)	IPH — Institute of Public Health, Skopje	https://drive.google.com/file/d/1e5BgUBjGrnznzF23gXaK7IiaKrsFGGM4/view
58	OPM122501	P060242	Orange Punch Mimosa	Pesticide/insecticide screen — Heptachlor (sum of Heptachlor + Heptachlor epoxide) (Ph.Eur. 2.8.13 / MKC EN 15662:2020)	≤ 0.05 mg/kg	н.д.	1627/2026	Issued 23.04.2026 (pesticides completed 31.03.2026; received 27.03.2026)	IPH — Institute of Public Health, Skopje	https://drive.google.com/file/d/1e5BgUBjGrnznzF23gXaK7IiaKrsFGGM4/view
58	OPM122501	P060242	Orange Punch Mimosa	Pesticide/insecticide screen — Endosulfan (alpha, beta and endosulfan sulfate) (Ph.Eur. 2.8.13 / MKC EN 15662:2020)	≤ 3 mg/kg	н.д.	1627/2026	Issued 23.04.2026 (pesticides completed 31.03.2026; received 27.03.2026)	IPH — Institute of Public Health, Skopje	https://drive.google.com/file/d/1e5BgUBjGrnznzF23gXaK7IiaKrsFGGM4/view
58	OPM122501	P060242	Orange Punch Mimosa	Pesticide/insecticide screen — Deltamethrin (Ph.Eur. 2.8.13 / MKC EN 15662:2020)	≤ 0.05 mg/kg	н.д.	1627/2026	Issued 23.04.2026 (pesticides completed 31.03.2026; received 27.03.2026)	IPH — Institute of Public Health, Skopje	https://drive.google.com/file/d/1e5BgUBjGrnznzF23gXaK7IiaKrsFGGM4/view
58	OPM122501	P060242	Orange Punch Mimosa	Pesticide/insecticide screen — Chlordane (sum of cis- and trans-chlordane) (Ph.Eur. 2.8.13 / MKC EN 15662:2020)	≤ 0.05 mg/kg	н.д.	1627/2026	Issued 23.04.2026 (pesticides completed 31.03.2026; received 27.03.2026)	IPH — Institute of Public Health, Skopje	https://drive.google.com/file/d/1e5BgUBjGrnznzF23gXaK7IiaKrsFGGM4/view
58	OPM122501	P060242	Orange Punch Mimosa	Pesticide/insecticide screen — Metoxychlor (Ph.Eur. 2.8.13 / MKC EN 15662:2020)	≤ 0.05 mg/kg	н.д.	1627/2026	Issued 23.04.2026 (pesticides completed 31.03.2026; received 27.03.2026)	IPH — Institute of Public Health, Skopje	https://drive.google.com/file/d/1e5BgUBjGrnznzF23gXaK7IiaKrsFGGM4/view
58	OPM122501	P060242	Orange Punch Mimosa	Pesticide/insecticide screen — Heptachlor epoxide (Ph.Eur. 2.8.13 / MKC EN 15662:2020)	≤ 0.05 mg/kg	н.д.	1627/2026	Issued 23.04.2026 (pesticides completed 31.03.2026; received 27.03.2026)	IPH — Institute of Public Health, Skopje	https://drive.google.com/file/d/1e5BgUBjGrnznzF23gXaK7IiaKrsFGGM4/view
58	OPM122501	P060242	Orange Punch Mimosa	Pesticide/insecticide screen — Endrin aldehyde (Ph.Eur. 2.8.13 / MKC EN 15662:2020)	≤ 0.05 mg/kg	н.д.	1627/2026	Issued 23.04.2026 (pesticides completed 31.03.2026; received 27.03.2026)	IPH — Institute of Public Health, Skopje	https://drive.google.com/file/d/1e5BgUBjGrnznzF23gXaK7IiaKrsFGGM4/view
58	OPM122501	P060242	Orange Punch Mimosa	Pesticide/insecticide screen — alpha Endosulfan (Ph.Eur. 2.8.13 / MKC EN 15662:2020)	≤ 3 mg/kg	н.д.	1627/2026	Issued 23.04.2026 (pesticides completed 31.03.2026; received 27.03.2026)	IPH — Institute of Public Health, Skopje	https://drive.google.com/file/d/1e5BgUBjGrnznzF23gXaK7IiaKrsFGGM4/view
58	OPM122501	P060242	Orange Punch Mimosa	Pesticide/insecticide screen — beta Endosulfan (Ph.Eur. 2.8.13 / MKC EN 15662:2020)	≤ 3 mg/kg	н.д.	1627/2026	Issued 23.04.2026 (pesticides completed 31.03.2026; received 27.03.2026)	IPH — Institute of Public Health, Skopje	https://drive.google.com/file/d/1e5BgUBjGrnznzF23gXaK7IiaKrsFGGM4/view
58	OPM122501	P060242	Orange Punch Mimosa	Pesticide/insecticide screen — Endrin keton (Ph.Eur. 2.8.13 / MKC EN 15662:2020)	≤ 0.05 mg/kg	н.д.	1627/2026	Issued 23.04.2026 (pesticides completed 31.03.2026; received 27.03.2026)	IPH — Institute of Public Health, Skopje	https://drive.google.com/file/d/1e5BgUBjGrnznzF23gXaK7IiaKrsFGGM4/view
58	OPM122501	P060242	Orange Punch Mimosa	Pesticide/insecticide screen — trans-Chlordane (Ph.Eur. 2.8.13 / MKC EN 15662:2020)	≤ 0.05 mg/kg	н.д.	1627/2026	Issued 23.04.2026 (pesticides completed 31.03.2026; received 27.03.2026)	IPH — Institute of Public Health, Skopje	https://drive.google.com/file/d/1e5BgUBjGrnznzF23gXaK7IiaKrsFGGM4/view
58	OPM122501	P060242	Orange Punch Mimosa	Pesticide/insecticide screen — cis-Chlordane (Ph.Eur. 2.8.13 / MKC EN 15662:2020)	≤ 0.05 mg/kg	н.д.	1627/2026	Issued 23.04.2026 (pesticides completed 31.03.2026; received 27.03.2026)	IPH — Institute of Public Health, Skopje	https://drive.google.com/file/d/1e5BgUBjGrnznzF23gXaK7IiaKrsFGGM4/view
58	OPM122501	P060242	Orange Punch Mimosa	Pesticide/insecticide screen — Dieldrin (Ph.Eur. 2.8.13 / MKC EN 15662:2020)	≤ 0.05 mg/kg	н.д.	1627/2026	Issued 23.04.2026 (pesticides completed 31.03.2026; received 27.03.2026)	IPH — Institute of Public Health, Skopje	https://drive.google.com/file/d/1e5BgUBjGrnznzF23gXaK7IiaKrsFGGM4/view
58	OPM122501	P060242	Orange Punch Mimosa	Pesticide/insecticide screen — Heptachlor (Ph.Eur. 2.8.13 / MKC EN 15662:2020)	≤ 0.05 mg/kg	н.д.	1627/2026	Issued 23.04.2026 (pesticides completed 31.03.2026; received 27.03.2026)	IPH — Institute of Public Health, Skopje	https://drive.google.com/file/d/1e5BgUBjGrnznzF23gXaK7IiaKrsFGGM4/view
58	OPM122501	P060242	Orange Punch Mimosa	Pesticide/insecticide screen — Endosulfan sulfate (Ph.Eur. 2.8.13 / MKC EN 15662:2020)	≤ 3 mg/kg	н.д.	1627/2026	Issued 23.04.2026 (pesticides completed 31.03.2026; received 27.03.2026)	IPH — Institute of Public Health, Skopje	https://drive.google.com/file/d/1e5BgUBjGrnznzF23gXaK7IiaKrsFGGM4/view
58	OPM122501	P060242	Orange Punch Mimosa	Heavy metals (Ph.Eur. 2.4.27) — Lead (олово)	≤ 0.5 mg/kg	0.049 mg/kg	1627/2026	Issued 23.04.2026	IPH — Institute of Public Health, Skopje	https://drive.google.com/file/d/1e5BgUBjGrnznzF23gXaK7IiaKrsFGGM4/view
58	OPM122501	P060242	Orange Punch Mimosa	Heavy metals (Ph.Eur. 2.4.27) — Mercury (жива)	≤ 0.1 mg/kg	н.д.	1627/2026	Issued 23.04.2026	IPH — Institute of Public Health, Skopje	https://drive.google.com/file/d/1e5BgUBjGrnznzF23gXaK7IiaKrsFGGM4/view
58	OPM122501	P060242	Orange Punch Mimosa	Heavy metals (Ph.Eur. 2.4.27) — Arsenic (арсен)	≤ 0.2 mg/kg	н.д.	1627/2026	Issued 23.04.2026	IPH — Institute of Public Health, Skopje	https://drive.google.com/file/d/1e5BgUBjGrnznzF23gXaK7IiaKrsFGGM4/view
58	OPM122501	P060242	Orange Punch Mimosa	Heavy metals (Ph.Eur. 2.4.27) — Cadmium (кадмиум)	≤ 0.3 mg/kg	0.165 mg/kg	1627/2026	Issued 23.04.2026	IPH — Institute of Public Health, Skopje	https://drive.google.com/file/d/1e5BgUBjGrnznzF23gXaK7IiaKrsFGGM4/view
58	OPM122501	P060242	Orange Punch Mimosa	Mycotoxins (Ph.Eur. 2.8.18) — Total aflatoxins (B1+B2+G1+G2)	≤ 4 µg/kg	2.2 µg/kg	1627/2026	Issued 23.04.2026	IPH — Institute of Public Health, Skopje	https://drive.google.com/file/d/1e5BgUBjGrnznzF23gXaK7IiaKrsFGGM4/view
58	OPM122501	P060242	Orange Punch Mimosa	Total Δ9-THC (Вкупно Δ9-THC, as Δ9-THC) — HPLC/DAD	min 5.00% (PP release spec)	7.91 %w/w (U 0.49 %w/w, k=2)	197-19-К/26	07.08.2026	Farmahem DOOEL — Laboratory for Environment (Лабораторија за животна средина), Skopje	https://drive.google.com/file/d/1XkEO41eFU0R0fGHkCEGMIMBT1lXxl90h/view
58	OPM122501	P060242	Orange Punch Mimosa	Total CBN (Вкупен CBN) — HPLC/DAD	max 1.00% (PP release spec)	<LOQ %w/w	197-19-К/26	07.08.2026	Farmahem DOOEL — Laboratory for Environment (Лабораторија за животна средина), Skopje	https://drive.google.com/file/d/1XkEO41eFU0R0fGHkCEGMIMBT1lXxl90h/view
58	OPM122501	P060242	Orange Punch Mimosa	Total CBD (Вкупен CBD, as CBD) — HPLC/DAD	max 1.00% (PP release spec)	<LOQ %w/w	197-19-К/26	07.08.2026	Farmahem DOOEL — Laboratory for Environment (Лабораторија за животна средина), Skopje	https://drive.google.com/file/d/1XkEO41eFU0R0fGHkCEGMIMBT1lXxl90h/view
58	OPM122501	P060242	Orange Punch Mimosa	Aflatoxin B1	≤ 2 µg/kg (Ph.Eur. ref — confirm vs PP spec)	ND µg/kg	197-19-М/26	10.08.2026	Farmahem DOOEL — Laboratory for Environment (Лабораторија за животна средина), Skopje	https://drive.google.com/file/d/19S4Xh9PCOIwTuTBRhi6fvnBjqJMpyge4/view
58	OPM122501	P060242	Orange Punch Mimosa	Aflatoxin B2	(included in Σ aflatoxins)	ND µg/kg	197-19-М/26	10.08.2026	Farmahem DOOEL — Laboratory for Environment (Лабораторија за животна средина), Skopje	https://drive.google.com/file/d/19S4Xh9PCOIwTuTBRhi6fvnBjqJMpyge4/view
58	OPM122501	P060242	Orange Punch Mimosa	Aflatoxin G1	(included in Σ aflatoxins)	ND µg/kg	197-19-М/26	10.08.2026	Farmahem DOOEL — Laboratory for Environment (Лабораторија за животна средина), Skopje	https://drive.google.com/file/d/19S4Xh9PCOIwTuTBRhi6fvnBjqJMpyge4/view
58	OPM122501	P060242	Orange Punch Mimosa	Aflatoxin G2	(included in Σ aflatoxins)	ND µg/kg	197-19-М/26	10.08.2026	Farmahem DOOEL — Laboratory for Environment (Лабораторија за животна средина), Skopje	https://drive.google.com/file/d/19S4Xh9PCOIwTuTBRhi6fvnBjqJMpyge4/view
58	OPM122501	P060242	Orange Punch Mimosa	Sum aflatoxins B1+B2+G1+G2	≤ 4 µg/kg (Ph.Eur. ref)	ND (all four aflatoxins not detected)	197-19-М/26	10.08.2026	Farmahem DOOEL — Laboratory for Environment (Лабораторија за животна средина), Skopje	https://drive.google.com/file/d/19S4Xh9PCOIwTuTBRhi6fvnBjqJMpyge4/view
58	OPM122501	P060242	Orange Punch Mimosa	Ochratoxin A	per PP spec (confirm; Ph.Eur. ref commonly ≤ 20 µg/kg)	ND µg/kg	197-19-М/26	10.08.2026	Farmahem DOOEL — Laboratory for Environment (Лабораторија за животна средина), Skopje	https://drive.google.com/file/d/19S4Xh9PCOIwTuTBRhi6fvnBjqJMpyge4/view
58	OPM122501	P060242	Orange Punch Mimosa	[COVERAGE GAP]	n/a	No record found in RAG for Identification, Foreign matter, or Loss on drying (Ph.Eur. 3028 physical/ID parameters), nor for Heavy metals (Cd/Pb/Hg/As), Pesticides/Insecticides panel, or Microbiological quality (TAMC/TYMC/E.coli/Salmonella/bile-tolerant GNB) for batch P060242 — only the Farmahem cannabinoid (197-19-К/26) and mycotoxin (197-19-М/26) panels are on file for this batch; no UKIM certificate, Bundle summary, or PP in-house CoA exists in this RAG for P060242.	n/a	n/a	n/a	https://drive.google.com/file/d/1XkEO41eFU0R0fGHkCEGMIMBT1lXxl90h/view
59	J31122501	P060262	Jokerz 31	Total CBD — Racno trimiran cvet sub-lot	/	< LOQ (<0.20%)	100-2-К/26	Issued 09.04.2026 (analyzed 01.04.2026; received 26.03.2026)	Farmahem Laboratorija za zivotna sredina (Environmental Lab)	https://drive.google.com/file/d/1cgkhiaueOKYkuO_DQMiQQc8W_r4YwzqA/view
59	J31122501	P060262	Jokerz 31	Total CBN — Racno trimiran cvet sub-lot	/	< LOQ	100-2-К/26	Issued 09.04.2026 (analyzed 01.04.2026; received 26.03.2026)	Farmahem Laboratorija za zivotna sredina (Environmental Lab)	https://drive.google.com/file/d/1cgkhiaueOKYkuO_DQMiQQc8W_r4YwzqA/view
59	J31122501	P060262	Jokerz 31	Total Δ9-THC — Racno trimiran cvet sub-lot	/	19.84 %w/w (U ±1.22)	100-2-К/26	Issued 09.04.2026 (analyzed 01.04.2026; received 26.03.2026)	Farmahem Laboratorija za zivotna sredina (Environmental Lab)	https://drive.google.com/file/d/1cgkhiaueOKYkuO_DQMiQQc8W_r4YwzqA/view
59	J31122501	P060262	Jokerz 31	Loss on drying (Ph.Eur. 2.2.32:2024) — Racno trimiran cvet sub-lot	< 12%	"10.3% (U ±0.2) [DATA INTEGRITY FLAG — see source: this Farmahem report's own header/sample-line prints batch ""J31112501"", but the K-report (100-2-К, same submission CF-151/152) and Purely Plant's Bundle cross-reference both confirm this is a labelling typo for J31122501]"	100-2-ГС/26	Issued 09.04.2026 (analyzed 08-09.04.2026; received 27.03.2026)	Farmahem Laboratorija za zivotna sredina (Environmental Lab)	https://drive.google.com/file/d/1cgkhiaueOKYkuO_DQMiQQc8W_r4YwzqA/view
59	J31122501	P060262	Jokerz 31	Microbiological quality (Ph.Eur. 5.1.8 cat. C) — Total aerobic microbial count (TAMC)	≤ 10^5 CFU/g	850 CFU/g	231/0394/26	Issued 07.04.2026 (received 01.04.2026)	IPH — Institute of Public Health, Skopje	https://drive.google.com/file/d/1cgkhiaueOKYkuO_DQMiQQc8W_r4YwzqA/view
59	J31122501	P060262	Jokerz 31	Microbiological quality (Ph.Eur. 5.1.8 cat. C) — Total combined yeasts/moulds count (TYMC)	≤ 10^4 CFU/g	370 CFU/g	231/0394/26	Issued 07.04.2026 (received 01.04.2026)	IPH — Institute of Public Health, Skopje	https://drive.google.com/file/d/1cgkhiaueOKYkuO_DQMiQQc8W_r4YwzqA/view
59	J31122501	P060262	Jokerz 31	Microbiological quality (Ph.Eur. 5.1.8 cat. C) — Bile-tolerant gram-negative bacteria	≤ 10^4 CFU/g	< 10^2 and > 10 CFU/g	231/0394/26	Issued 07.04.2026 (received 01.04.2026)	IPH — Institute of Public Health, Skopje	https://drive.google.com/file/d/1cgkhiaueOKYkuO_DQMiQQc8W_r4YwzqA/view
59	J31122501	P060262	Jokerz 31	Microbiological quality (Ph.Eur. 5.1.8 cat. C) — Escherichia coli	Absent/g	Одговара (Complies/Absent)	231/0394/26	Issued 07.04.2026 (received 01.04.2026)	IPH — Institute of Public Health, Skopje	https://drive.google.com/file/d/1cgkhiaueOKYkuO_DQMiQQc8W_r4YwzqA/view
59	J31122501	P060262	Jokerz 31	Microbiological quality (Ph.Eur. 5.1.8 cat. C) — Salmonella	Absent/25g	Одговара (Complies/Absent)	231/0394/26	Issued 07.04.2026 (received 01.04.2026)	IPH — Institute of Public Health, Skopje	https://drive.google.com/file/d/1cgkhiaueOKYkuO_DQMiQQc8W_r4YwzqA/view
59	J31122501	P060262	Jokerz 31	Pesticide/insecticide screen — Lindan (Gama HCH) (Ph.Eur. 2.8.13 / MKC EN 15662:2020)	≤ 0.6 mg/kg	н.д.	1628/2026	Issued 23.04.2026 (pesticides completed 31.03.2026; received 27.03.2026)	IPH — Institute of Public Health, Skopje	https://drive.google.com/file/d/1cgkhiaueOKYkuO_DQMiQQc8W_r4YwzqA/view
59	J31122501	P060262	Jokerz 31	Pesticide/insecticide screen — Aldrin (Ph.Eur. 2.8.13 / MKC EN 15662:2020)	≤ 0.05 mg/kg	н.д.	1628/2026	Issued 23.04.2026 (pesticides completed 31.03.2026; received 27.03.2026)	IPH — Institute of Public Health, Skopje	https://drive.google.com/file/d/1cgkhiaueOKYkuO_DQMiQQc8W_r4YwzqA/view
59	J31122501	P060262	Jokerz 31	Pesticide/insecticide screen — Dieldrin и Aldrin (expressed as Dieldrin) (Ph.Eur. 2.8.13 / MKC EN 15662:2020)	≤ 0.05 mg/kg	н.д.	1628/2026	Issued 23.04.2026 (pesticides completed 31.03.2026; received 27.03.2026)	IPH — Institute of Public Health, Skopje	https://drive.google.com/file/d/1cgkhiaueOKYkuO_DQMiQQc8W_r4YwzqA/view
59	J31122501	P060262	Jokerz 31	Pesticide/insecticide screen — HCB (Ph.Eur. 2.8.13 / MKC EN 15662:2020)	≤ 0.1 mg/kg	н.д.	1628/2026	Issued 23.04.2026 (pesticides completed 31.03.2026; received 27.03.2026)	IPH — Institute of Public Health, Skopje	https://drive.google.com/file/d/1cgkhiaueOKYkuO_DQMiQQc8W_r4YwzqA/view
59	J31122501	P060262	Jokerz 31	Pesticide/insecticide screen — 4,4' DDE (Ph.Eur. 2.8.13 / MKC EN 15662:2020)	≤ 1 mg/kg	н.д.	1628/2026	Issued 23.04.2026 (pesticides completed 31.03.2026; received 27.03.2026)	IPH — Institute of Public Health, Skopje	https://drive.google.com/file/d/1cgkhiaueOKYkuO_DQMiQQc8W_r4YwzqA/view
59	J31122501	P060262	Jokerz 31	Pesticide/insecticide screen — 4,4' DDD (Ph.Eur. 2.8.13 / MKC EN 15662:2020)	≤ 1 mg/kg	н.д.	1628/2026	Issued 23.04.2026 (pesticides completed 31.03.2026; received 27.03.2026)	IPH — Institute of Public Health, Skopje	https://drive.google.com/file/d/1cgkhiaueOKYkuO_DQMiQQc8W_r4YwzqA/view
59	J31122501	P060262	Jokerz 31	Pesticide/insecticide screen — 4,4' DDT (Ph.Eur. 2.8.13 / MKC EN 15662:2020)	≤ 1 mg/kg	н.д.	1628/2026	Issued 23.04.2026 (pesticides completed 31.03.2026; received 27.03.2026)	IPH — Institute of Public Health, Skopje	https://drive.google.com/file/d/1cgkhiaueOKYkuO_DQMiQQc8W_r4YwzqA/view
59	J31122501	P060262	Jokerz 31	Pesticide/insecticide screen — вкупно DDT (total DDT) (Ph.Eur. 2.8.13 / MKC EN 15662:2020)	≤ 1 mg/kg	н.д.	1628/2026	Issued 23.04.2026 (pesticides completed 31.03.2026; received 27.03.2026)	IPH — Institute of Public Health, Skopje	https://drive.google.com/file/d/1cgkhiaueOKYkuO_DQMiQQc8W_r4YwzqA/view
59	J31122501	P060262	Jokerz 31	Pesticide/insecticide screen — delta HCH (Ph.Eur. 2.8.13 / MKC EN 15662:2020)	≤ 0.3 mg/kg	н.д.	1628/2026	Issued 23.04.2026 (pesticides completed 31.03.2026; received 27.03.2026)	IPH — Institute of Public Health, Skopje	https://drive.google.com/file/d/1cgkhiaueOKYkuO_DQMiQQc8W_r4YwzqA/view
59	J31122501	P060262	Jokerz 31	Pesticide/insecticide screen — alpha HCH (Ph.Eur. 2.8.13 / MKC EN 15662:2020)	≤ 0.3 mg/kg	н.д.	1628/2026	Issued 23.04.2026 (pesticides completed 31.03.2026; received 27.03.2026)	IPH — Institute of Public Health, Skopje	https://drive.google.com/file/d/1cgkhiaueOKYkuO_DQMiQQc8W_r4YwzqA/view
59	J31122501	P060262	Jokerz 31	Pesticide/insecticide screen — beta HCH (Ph.Eur. 2.8.13 / MKC EN 15662:2020)	≤ 0.3 mg/kg	н.д.	1628/2026	Issued 23.04.2026 (pesticides completed 31.03.2026; received 27.03.2026)	IPH — Institute of Public Health, Skopje	https://drive.google.com/file/d/1cgkhiaueOKYkuO_DQMiQQc8W_r4YwzqA/view
59	J31122501	P060262	Jokerz 31	Pesticide/insecticide screen — Endrin (Ph.Eur. 2.8.13 / MKC EN 15662:2020)	≤ 0.05 mg/kg	н.д.	1628/2026	Issued 23.04.2026 (pesticides completed 31.03.2026; received 27.03.2026)	IPH — Institute of Public Health, Skopje	https://drive.google.com/file/d/1cgkhiaueOKYkuO_DQMiQQc8W_r4YwzqA/view
59	J31122501	P060262	Jokerz 31	Pesticide/insecticide screen — Chlorpyrifos-methyl (Ph.Eur. 2.8.13 / MKC EN 15662:2020)	≤ 0.1 mg/kg	н.д.	1628/2026	Issued 23.04.2026 (pesticides completed 31.03.2026; received 27.03.2026)	IPH — Institute of Public Health, Skopje	https://drive.google.com/file/d/1cgkhiaueOKYkuO_DQMiQQc8W_r4YwzqA/view
59	J31122501	P060262	Jokerz 31	Pesticide/insecticide screen — Chlorpyrifos (Ph.Eur. 2.8.13 / MKC EN 15662:2020)	≤ 0.2 mg/kg	н.д.	1628/2026	Issued 23.04.2026 (pesticides completed 31.03.2026; received 27.03.2026)	IPH — Institute of Public Health, Skopje	https://drive.google.com/file/d/1cgkhiaueOKYkuO_DQMiQQc8W_r4YwzqA/view
59	J31122501	P060262	Jokerz 31	Pesticide/insecticide screen — Heptachlor (sum of Heptachlor + Heptachlor epoxide) (Ph.Eur. 2.8.13 / MKC EN 15662:2020)	≤ 0.05 mg/kg	н.д.	1628/2026	Issued 23.04.2026 (pesticides completed 31.03.2026; received 27.03.2026)	IPH — Institute of Public Health, Skopje	https://drive.google.com/file/d/1cgkhiaueOKYkuO_DQMiQQc8W_r4YwzqA/view
59	J31122501	P060262	Jokerz 31	Pesticide/insecticide screen — Endosulfan (alpha, beta and endosulfan sulfate) (Ph.Eur. 2.8.13 / MKC EN 15662:2020)	≤ 3 mg/kg	н.д.	1628/2026	Issued 23.04.2026 (pesticides completed 31.03.2026; received 27.03.2026)	IPH — Institute of Public Health, Skopje	https://drive.google.com/file/d/1cgkhiaueOKYkuO_DQMiQQc8W_r4YwzqA/view
59	J31122501	P060262	Jokerz 31	Pesticide/insecticide screen — Deltamethrin (Ph.Eur. 2.8.13 / MKC EN 15662:2020)	≤ 0.05 mg/kg	н.д.	1628/2026	Issued 23.04.2026 (pesticides completed 31.03.2026; received 27.03.2026)	IPH — Institute of Public Health, Skopje	https://drive.google.com/file/d/1cgkhiaueOKYkuO_DQMiQQc8W_r4YwzqA/view
59	J31122501	P060262	Jokerz 31	Pesticide/insecticide screen — Chlordane (sum of cis- and trans-chlordane) (Ph.Eur. 2.8.13 / MKC EN 15662:2020)	≤ 0.05 mg/kg	н.д.	1628/2026	Issued 23.04.2026 (pesticides completed 31.03.2026; received 27.03.2026)	IPH — Institute of Public Health, Skopje	https://drive.google.com/file/d/1cgkhiaueOKYkuO_DQMiQQc8W_r4YwzqA/view
59	J31122501	P060262	Jokerz 31	Pesticide/insecticide screen — Metoxychlor (Ph.Eur. 2.8.13 / MKC EN 15662:2020)	≤ 0.05 mg/kg	н.д.	1628/2026	Issued 23.04.2026 (pesticides completed 31.03.2026; received 27.03.2026)	IPH — Institute of Public Health, Skopje	https://drive.google.com/file/d/1cgkhiaueOKYkuO_DQMiQQc8W_r4YwzqA/view
59	J31122501	P060262	Jokerz 31	Pesticide/insecticide screen — Heptachlor epoxide (Ph.Eur. 2.8.13 / MKC EN 15662:2020)	≤ 0.05 mg/kg	н.д.	1628/2026	Issued 23.04.2026 (pesticides completed 31.03.2026; received 27.03.2026)	IPH — Institute of Public Health, Skopje	https://drive.google.com/file/d/1cgkhiaueOKYkuO_DQMiQQc8W_r4YwzqA/view
59	J31122501	P060262	Jokerz 31	Pesticide/insecticide screen — Endrin aldehyde (Ph.Eur. 2.8.13 / MKC EN 15662:2020)	≤ 0.05 mg/kg	н.д.	1628/2026	Issued 23.04.2026 (pesticides completed 31.03.2026; received 27.03.2026)	IPH — Institute of Public Health, Skopje	https://drive.google.com/file/d/1cgkhiaueOKYkuO_DQMiQQc8W_r4YwzqA/view
59	J31122501	P060262	Jokerz 31	Pesticide/insecticide screen — alpha Endosulfan (Ph.Eur. 2.8.13 / MKC EN 15662:2020)	≤ 3 mg/kg	н.д.	1628/2026	Issued 23.04.2026 (pesticides completed 31.03.2026; received 27.03.2026)	IPH — Institute of Public Health, Skopje	https://drive.google.com/file/d/1cgkhiaueOKYkuO_DQMiQQc8W_r4YwzqA/view
59	J31122501	P060262	Jokerz 31	Pesticide/insecticide screen — beta Endosulfan (Ph.Eur. 2.8.13 / MKC EN 15662:2020)	≤ 3 mg/kg	н.д.	1628/2026	Issued 23.04.2026 (pesticides completed 31.03.2026; received 27.03.2026)	IPH — Institute of Public Health, Skopje	https://drive.google.com/file/d/1cgkhiaueOKYkuO_DQMiQQc8W_r4YwzqA/view
59	J31122501	P060262	Jokerz 31	Pesticide/insecticide screen — Endrin keton (Ph.Eur. 2.8.13 / MKC EN 15662:2020)	≤ 0.05 mg/kg	н.д.	1628/2026	Issued 23.04.2026 (pesticides completed 31.03.2026; received 27.03.2026)	IPH — Institute of Public Health, Skopje	https://drive.google.com/file/d/1cgkhiaueOKYkuO_DQMiQQc8W_r4YwzqA/view
59	J31122501	P060262	Jokerz 31	Pesticide/insecticide screen — trans-Chlordane (Ph.Eur. 2.8.13 / MKC EN 15662:2020)	≤ 0.05 mg/kg	н.д.	1628/2026	Issued 23.04.2026 (pesticides completed 31.03.2026; received 27.03.2026)	IPH — Institute of Public Health, Skopje	https://drive.google.com/file/d/1cgkhiaueOKYkuO_DQMiQQc8W_r4YwzqA/view
59	J31122501	P060262	Jokerz 31	Pesticide/insecticide screen — cis-Chlordane (Ph.Eur. 2.8.13 / MKC EN 15662:2020)	≤ 0.05 mg/kg	н.д.	1628/2026	Issued 23.04.2026 (pesticides completed 31.03.2026; received 27.03.2026)	IPH — Institute of Public Health, Skopje	https://drive.google.com/file/d/1cgkhiaueOKYkuO_DQMiQQc8W_r4YwzqA/view
59	J31122501	P060262	Jokerz 31	Pesticide/insecticide screen — Dieldrin (Ph.Eur. 2.8.13 / MKC EN 15662:2020)	≤ 0.05 mg/kg	н.д.	1628/2026	Issued 23.04.2026 (pesticides completed 31.03.2026; received 27.03.2026)	IPH — Institute of Public Health, Skopje	https://drive.google.com/file/d/1cgkhiaueOKYkuO_DQMiQQc8W_r4YwzqA/view
59	J31122501	P060262	Jokerz 31	Pesticide/insecticide screen — Heptachlor (Ph.Eur. 2.8.13 / MKC EN 15662:2020)	≤ 0.05 mg/kg	н.д.	1628/2026	Issued 23.04.2026 (pesticides completed 31.03.2026; received 27.03.2026)	IPH — Institute of Public Health, Skopje	https://drive.google.com/file/d/1cgkhiaueOKYkuO_DQMiQQc8W_r4YwzqA/view
59	J31122501	P060262	Jokerz 31	Pesticide/insecticide screen — Endosulfan sulfate (Ph.Eur. 2.8.13 / MKC EN 15662:2020)	≤ 3 mg/kg	н.д.	1628/2026	Issued 23.04.2026 (pesticides completed 31.03.2026; received 27.03.2026)	IPH — Institute of Public Health, Skopje	https://drive.google.com/file/d/1cgkhiaueOKYkuO_DQMiQQc8W_r4YwzqA/view
59	J31122501	P060262	Jokerz 31	Heavy metals (Ph.Eur. 2.4.27) — Lead (олово)	≤ 0.5 mg/kg	н.д.	1628/2026	Issued 23.04.2026	IPH — Institute of Public Health, Skopje	https://drive.google.com/file/d/1cgkhiaueOKYkuO_DQMiQQc8W_r4YwzqA/view
59	J31122501	P060262	Jokerz 31	Heavy metals (Ph.Eur. 2.4.27) — Mercury (жива)	≤ 0.1 mg/kg	н.д.	1628/2026	Issued 23.04.2026	IPH — Institute of Public Health, Skopje	https://drive.google.com/file/d/1cgkhiaueOKYkuO_DQMiQQc8W_r4YwzqA/view
59	J31122501	P060262	Jokerz 31	Heavy metals (Ph.Eur. 2.4.27) — Arsenic (арсен)	≤ 0.2 mg/kg	н.д.	1628/2026	Issued 23.04.2026	IPH — Institute of Public Health, Skopje	https://drive.google.com/file/d/1cgkhiaueOKYkuO_DQMiQQc8W_r4YwzqA/view
59	J31122501	P060262	Jokerz 31	Heavy metals (Ph.Eur. 2.4.27) — Cadmium (кадмиум)	≤ 0.5 mg/kg	н.д.	1628/2026	Issued 23.04.2026	IPH — Institute of Public Health, Skopje	https://drive.google.com/file/d/1cgkhiaueOKYkuO_DQMiQQc8W_r4YwzqA/view
59	J31122501	P060262	Jokerz 31	Mycotoxins (Ph.Eur. 2.8.18) — Total aflatoxins (B1+B2+G1+G2)	≤ 4 µg/kg	2.5 µg/kg	1628/2026	Issued 23.04.2026	IPH — Institute of Public Health, Skopje	https://drive.google.com/file/d/1cgkhiaueOKYkuO_DQMiQQc8W_r4YwzqA/view
59	J31122501	P060262	Jokerz 31	Total CBD — Trimiran cvet sub-lot	/	< LOQ (<0.20%)	100-3-К/26	Issued 09.04.2026 (analyzed 01.04.2026; received 26.03.2026)	Farmahem Laboratorija za zivotna sredina (Environmental Lab)	https://drive.google.com/file/d/1YKpjrWMg6v00rTukRHzGl5FxhvZGZcdZ/view
59	J31122501	P060262	Jokerz 31	Total CBN — Trimiran cvet sub-lot	/	< LOQ	100-3-К/26	Issued 09.04.2026 (analyzed 01.04.2026; received 26.03.2026)	Farmahem Laboratorija za zivotna sredina (Environmental Lab)	https://drive.google.com/file/d/1YKpjrWMg6v00rTukRHzGl5FxhvZGZcdZ/view
59	J31122501	P060262	Jokerz 31	Total Δ9-THC — Trimiran cvet sub-lot	/	21.84 %w/w (U ±1.34)	100-3-К/26	Issued 09.04.2026 (analyzed 01.04.2026; received 26.03.2026)	Farmahem Laboratorija za zivotna sredina (Environmental Lab)	https://drive.google.com/file/d/1YKpjrWMg6v00rTukRHzGl5FxhvZGZcdZ/view
59	J31122501	P060262	Jokerz 31	Loss on drying (Ph.Eur. 2.2.32:2024) — Trimiran cvet sub-lot	< 12%	"10.3% (U ±0.2) [DATA INTEGRITY FLAG — see source: this Farmahem report's own header/sample-line prints batch ""J31112501"", but the K-report (100-3-К, same submission CF-153/154) and Purely Plant's Bundle cross-reference both confirm this is a labelling typo for J31122501]"	100-3-ГС/26	Issued 09.04.2026 (analyzed 08-09.04.2026; received 27.03.2026)	Farmahem Laboratorija za zivotna sredina (Environmental Lab)	https://drive.google.com/file/d/1bt_Nmg1rbXeF8a8duux36pdz4sX5O9iT/view
59	J31122501	P060262	Jokerz 31	Microbiological quality (Ph.Eur. 5.1.8 cat. C) — Total aerobic microbial count (TAMC)	≤ 10^5 CFU/g	1900 CFU/g	230/0393/26	Issued 07.04.2026 (received 01.04.2026)	IPH — Institute of Public Health, Skopje	https://drive.google.com/file/d/1F2reMroTCiFfVkdAlc42OiL6YGK9bCIu/view
59	J31122501	P060262	Jokerz 31	Microbiological quality (Ph.Eur. 5.1.8 cat. C) — Total combined yeasts/moulds count (TYMC)	≤ 10^4 CFU/g	840 CFU/g	230/0393/26	Issued 07.04.2026 (received 01.04.2026)	IPH — Institute of Public Health, Skopje	https://drive.google.com/file/d/1F2reMroTCiFfVkdAlc42OiL6YGK9bCIu/view
59	J31122501	P060262	Jokerz 31	Microbiological quality (Ph.Eur. 5.1.8 cat. C) — Bile-tolerant gram-negative bacteria	≤ 10^4 CFU/g	< 10^3 and > 10^2 CFU/g	230/0393/26	Issued 07.04.2026 (received 01.04.2026)	IPH — Institute of Public Health, Skopje	https://drive.google.com/file/d/1F2reMroTCiFfVkdAlc42OiL6YGK9bCIu/view
59	J31122501	P060262	Jokerz 31	Microbiological quality (Ph.Eur. 5.1.8 cat. C) — Escherichia coli	Absent/g	Одговара (Complies/Absent)	230/0393/26	Issued 07.04.2026 (received 01.04.2026)	IPH — Institute of Public Health, Skopje	https://drive.google.com/file/d/1F2reMroTCiFfVkdAlc42OiL6YGK9bCIu/view
59	J31122501	P060262	Jokerz 31	Microbiological quality (Ph.Eur. 5.1.8 cat. C) — Salmonella	Absent/25g	Одговара (Complies/Absent)	230/0393/26	Issued 07.04.2026 (received 01.04.2026)	IPH — Institute of Public Health, Skopje	https://drive.google.com/file/d/1F2reMroTCiFfVkdAlc42OiL6YGK9bCIu/view
59	J31122501	P060262	Jokerz 31	Pesticide/insecticide screen — Lindan (Gama HCH) (Ph.Eur. 2.8.13 / MKC EN 15662:2020)	≤ 0.6 mg/kg	н.д.	1625/2026	Issued 23.04.2026 (received 27.03.2026)	IPH — Institute of Public Health, Skopje	https://drive.google.com/file/d/1F2reMroTCiFfVkdAlc42OiL6YGK9bCIu/view
59	J31122501	P060262	Jokerz 31	Pesticide/insecticide screen — Aldrin (Ph.Eur. 2.8.13 / MKC EN 15662:2020)	≤ 0.05 mg/kg	н.д.	1625/2026	Issued 23.04.2026 (received 27.03.2026)	IPH — Institute of Public Health, Skopje	https://drive.google.com/file/d/1F2reMroTCiFfVkdAlc42OiL6YGK9bCIu/view
59	J31122501	P060262	Jokerz 31	Pesticide/insecticide screen — Dieldrin и Aldrin (expressed as Dieldrin) (Ph.Eur. 2.8.13 / MKC EN 15662:2020)	≤ 0.05 mg/kg	н.д.	1625/2026	Issued 23.04.2026 (received 27.03.2026)	IPH — Institute of Public Health, Skopje	https://drive.google.com/file/d/1F2reMroTCiFfVkdAlc42OiL6YGK9bCIu/view
59	J31122501	P060262	Jokerz 31	Pesticide/insecticide screen — HCB (Ph.Eur. 2.8.13 / MKC EN 15662:2020)	≤ 0.1 mg/kg	н.д.	1625/2026	Issued 23.04.2026 (received 27.03.2026)	IPH — Institute of Public Health, Skopje	https://drive.google.com/file/d/1F2reMroTCiFfVkdAlc42OiL6YGK9bCIu/view
59	J31122501	P060262	Jokerz 31	Pesticide/insecticide screen — 4,4' DDE (Ph.Eur. 2.8.13 / MKC EN 15662:2020)	≤ 1 mg/kg	н.д.	1625/2026	Issued 23.04.2026 (received 27.03.2026)	IPH — Institute of Public Health, Skopje	https://drive.google.com/file/d/1F2reMroTCiFfVkdAlc42OiL6YGK9bCIu/view
59	J31122501	P060262	Jokerz 31	Pesticide/insecticide screen — 4,4' DDD (Ph.Eur. 2.8.13 / MKC EN 15662:2020)	≤ 1 mg/kg	н.д.	1625/2026	Issued 23.04.2026 (received 27.03.2026)	IPH — Institute of Public Health, Skopje	https://drive.google.com/file/d/1F2reMroTCiFfVkdAlc42OiL6YGK9bCIu/view
59	J31122501	P060262	Jokerz 31	Pesticide/insecticide screen — 4,4' DDT (Ph.Eur. 2.8.13 / MKC EN 15662:2020)	≤ 1 mg/kg	н.д.	1625/2026	Issued 23.04.2026 (received 27.03.2026)	IPH — Institute of Public Health, Skopje	https://drive.google.com/file/d/1F2reMroTCiFfVkdAlc42OiL6YGK9bCIu/view
59	J31122501	P060262	Jokerz 31	Pesticide/insecticide screen — вкупно DDT (total DDT) (Ph.Eur. 2.8.13 / MKC EN 15662:2020)	≤ 1 mg/kg	н.д.	1625/2026	Issued 23.04.2026 (received 27.03.2026)	IPH — Institute of Public Health, Skopje	https://drive.google.com/file/d/1F2reMroTCiFfVkdAlc42OiL6YGK9bCIu/view
59	J31122501	P060262	Jokerz 31	Pesticide/insecticide screen — delta HCH (Ph.Eur. 2.8.13 / MKC EN 15662:2020)	≤ 0.3 mg/kg	н.д.	1625/2026	Issued 23.04.2026 (received 27.03.2026)	IPH — Institute of Public Health, Skopje	https://drive.google.com/file/d/1F2reMroTCiFfVkdAlc42OiL6YGK9bCIu/view
59	J31122501	P060262	Jokerz 31	Pesticide/insecticide screen — alpha HCH (Ph.Eur. 2.8.13 / MKC EN 15662:2020)	≤ 0.3 mg/kg	н.д.	1625/2026	Issued 23.04.2026 (received 27.03.2026)	IPH — Institute of Public Health, Skopje	https://drive.google.com/file/d/1F2reMroTCiFfVkdAlc42OiL6YGK9bCIu/view
59	J31122501	P060262	Jokerz 31	Pesticide/insecticide screen — beta HCH (Ph.Eur. 2.8.13 / MKC EN 15662:2020)	≤ 0.3 mg/kg	н.д.	1625/2026	Issued 23.04.2026 (received 27.03.2026)	IPH — Institute of Public Health, Skopje	https://drive.google.com/file/d/1F2reMroTCiFfVkdAlc42OiL6YGK9bCIu/view
59	J31122501	P060262	Jokerz 31	Pesticide/insecticide screen — Endrin (Ph.Eur. 2.8.13 / MKC EN 15662:2020)	≤ 0.05 mg/kg	н.д.	1625/2026	Issued 23.04.2026 (received 27.03.2026)	IPH — Institute of Public Health, Skopje	https://drive.google.com/file/d/1F2reMroTCiFfVkdAlc42OiL6YGK9bCIu/view
59	J31122501	P060262	Jokerz 31	Pesticide/insecticide screen — Chlorpyrifos-methyl (Ph.Eur. 2.8.13 / MKC EN 15662:2020)	≤ 0.1 mg/kg	н.д.	1625/2026	Issued 23.04.2026 (received 27.03.2026)	IPH — Institute of Public Health, Skopje	https://drive.google.com/file/d/1F2reMroTCiFfVkdAlc42OiL6YGK9bCIu/view
59	J31122501	P060262	Jokerz 31	Pesticide/insecticide screen — Chlorpyrifos (Ph.Eur. 2.8.13 / MKC EN 15662:2020)	≤ 0.2 mg/kg	н.д.	1625/2026	Issued 23.04.2026 (received 27.03.2026)	IPH — Institute of Public Health, Skopje	https://drive.google.com/file/d/1F2reMroTCiFfVkdAlc42OiL6YGK9bCIu/view
59	J31122501	P060262	Jokerz 31	Pesticide/insecticide screen — Heptachlor (sum of Heptachlor + Heptachlor epoxide) (Ph.Eur. 2.8.13 / MKC EN 15662:2020)	≤ 0.05 mg/kg	н.д.	1625/2026	Issued 23.04.2026 (received 27.03.2026)	IPH — Institute of Public Health, Skopje	https://drive.google.com/file/d/1F2reMroTCiFfVkdAlc42OiL6YGK9bCIu/view
59	J31122501	P060262	Jokerz 31	Pesticide/insecticide screen — Endosulfan (alpha, beta and endosulfan sulfate) (Ph.Eur. 2.8.13 / MKC EN 15662:2020)	≤ 3 mg/kg	н.д.	1625/2026	Issued 23.04.2026 (received 27.03.2026)	IPH — Institute of Public Health, Skopje	https://drive.google.com/file/d/1F2reMroTCiFfVkdAlc42OiL6YGK9bCIu/view
59	J31122501	P060262	Jokerz 31	Pesticide/insecticide screen — Deltamethrin (Ph.Eur. 2.8.13 / MKC EN 15662:2020)	≤ 0.05 mg/kg	н.д.	1625/2026	Issued 23.04.2026 (received 27.03.2026)	IPH — Institute of Public Health, Skopje	https://drive.google.com/file/d/1F2reMroTCiFfVkdAlc42OiL6YGK9bCIu/view
59	J31122501	P060262	Jokerz 31	Pesticide/insecticide screen — Chlordane (sum of cis- and trans-chlordane) (Ph.Eur. 2.8.13 / MKC EN 15662:2020)	≤ 0.05 mg/kg	н.д.	1625/2026	Issued 23.04.2026 (received 27.03.2026)	IPH — Institute of Public Health, Skopje	https://drive.google.com/file/d/1F2reMroTCiFfVkdAlc42OiL6YGK9bCIu/view
59	J31122501	P060262	Jokerz 31	Pesticide/insecticide screen — Metoxychlor (Ph.Eur. 2.8.13 / MKC EN 15662:2020)	≤ 0.05 mg/kg	н.д.	1625/2026	Issued 23.04.2026 (received 27.03.2026)	IPH — Institute of Public Health, Skopje	https://drive.google.com/file/d/1F2reMroTCiFfVkdAlc42OiL6YGK9bCIu/view
59	J31122501	P060262	Jokerz 31	Pesticide/insecticide screen — Heptachlor epoxide (Ph.Eur. 2.8.13 / MKC EN 15662:2020)	≤ 0.05 mg/kg	н.д.	1625/2026	Issued 23.04.2026 (received 27.03.2026)	IPH — Institute of Public Health, Skopje	https://drive.google.com/file/d/1F2reMroTCiFfVkdAlc42OiL6YGK9bCIu/view
59	J31122501	P060262	Jokerz 31	Pesticide/insecticide screen — Endrin aldehyde (Ph.Eur. 2.8.13 / MKC EN 15662:2020)	≤ 0.05 mg/kg	н.д.	1625/2026	Issued 23.04.2026 (received 27.03.2026)	IPH — Institute of Public Health, Skopje	https://drive.google.com/file/d/1F2reMroTCiFfVkdAlc42OiL6YGK9bCIu/view
59	J31122501	P060262	Jokerz 31	Pesticide/insecticide screen — alpha Endosulfan (Ph.Eur. 2.8.13 / MKC EN 15662:2020)	≤ 3 mg/kg	н.д.	1625/2026	Issued 23.04.2026 (received 27.03.2026)	IPH — Institute of Public Health, Skopje	https://drive.google.com/file/d/1F2reMroTCiFfVkdAlc42OiL6YGK9bCIu/view
59	J31122501	P060262	Jokerz 31	Pesticide/insecticide screen — beta Endosulfan (Ph.Eur. 2.8.13 / MKC EN 15662:2020)	≤ 3 mg/kg	н.д.	1625/2026	Issued 23.04.2026 (received 27.03.2026)	IPH — Institute of Public Health, Skopje	https://drive.google.com/file/d/1F2reMroTCiFfVkdAlc42OiL6YGK9bCIu/view
59	J31122501	P060262	Jokerz 31	Pesticide/insecticide screen — Endrin keton (Ph.Eur. 2.8.13 / MKC EN 15662:2020)	≤ 0.05 mg/kg	н.д.	1625/2026	Issued 23.04.2026 (received 27.03.2026)	IPH — Institute of Public Health, Skopje	https://drive.google.com/file/d/1F2reMroTCiFfVkdAlc42OiL6YGK9bCIu/view
59	J31122501	P060262	Jokerz 31	Pesticide/insecticide screen — trans-Chlordane (Ph.Eur. 2.8.13 / MKC EN 15662:2020)	≤ 0.05 mg/kg	н.д.	1625/2026	Issued 23.04.2026 (received 27.03.2026)	IPH — Institute of Public Health, Skopje	https://drive.google.com/file/d/1F2reMroTCiFfVkdAlc42OiL6YGK9bCIu/view
59	J31122501	P060262	Jokerz 31	Pesticide/insecticide screen — cis-Chlordane (Ph.Eur. 2.8.13 / MKC EN 15662:2020)	≤ 0.05 mg/kg	н.д.	1625/2026	Issued 23.04.2026 (received 27.03.2026)	IPH — Institute of Public Health, Skopje	https://drive.google.com/file/d/1F2reMroTCiFfVkdAlc42OiL6YGK9bCIu/view
59	J31122501	P060262	Jokerz 31	Pesticide/insecticide screen — Dieldrin (Ph.Eur. 2.8.13 / MKC EN 15662:2020)	≤ 0.05 mg/kg	н.д.	1625/2026	Issued 23.04.2026 (received 27.03.2026)	IPH — Institute of Public Health, Skopje	https://drive.google.com/file/d/1F2reMroTCiFfVkdAlc42OiL6YGK9bCIu/view
59	J31122501	P060262	Jokerz 31	Pesticide/insecticide screen — Heptachlor (Ph.Eur. 2.8.13 / MKC EN 15662:2020)	≤ 0.05 mg/kg	н.д.	1625/2026	Issued 23.04.2026 (received 27.03.2026)	IPH — Institute of Public Health, Skopje	https://drive.google.com/file/d/1F2reMroTCiFfVkdAlc42OiL6YGK9bCIu/view
59	J31122501	P060262	Jokerz 31	Pesticide/insecticide screen — Endosulfan sulfate (Ph.Eur. 2.8.13 / MKC EN 15662:2020)	≤ 3 mg/kg	н.д.	1625/2026	Issued 23.04.2026 (received 27.03.2026)	IPH — Institute of Public Health, Skopje	https://drive.google.com/file/d/1F2reMroTCiFfVkdAlc42OiL6YGK9bCIu/view
59	J31122501	P060262	Jokerz 31	Heavy metals (Ph.Eur. 2.4.27) — full panel	Cd ≤0.3 / Pb ≤0.5 / As ≤0.2 / Hg ≤0.1 mg/kg	COMPLIES (numeric per-metal values not present in captured source excerpt for report 1625/2026 — see Bundle cross-reference)	1625/2026	Issued 23.04.2026	IPH — Institute of Public Health, Skopje	https://drive.google.com/file/d/1F2reMroTCiFfVkdAlc42OiL6YGK9bCIu/view
59	J31122501	P060262	Jokerz 31	Mycotoxins (Ph.Eur. 2.8.18) — Total aflatoxins	≤ 4 µg/kg	COMPLIES (numeric value not present in captured source excerpt for report 1625/2026 — see Bundle cross-reference)	1625/2026	Issued 23.04.2026	IPH — Institute of Public Health, Skopje	https://drive.google.com/file/d/1F2reMroTCiFfVkdAlc42OiL6YGK9bCIu/view
60	FB012603		Fat Bastard	Identification (macroscopy + microscopy)	Conforms	Conforms / Одговара	ППК26112	Issued 30.06.2026 (test completed 26.06.2026; received 17.06.2026)	UKIM Faculty of Pharmacy — Center for Natural Products	https://drive.google.com/file/d/1_EWukywHdMz5-gkzza3KExwrs3pEyYhd/view
60	FB012603		Fat Bastard	Foreign matter (Ph.Eur. 2.8.2)	≤ 2.00%, no seed and no leaves >1cm	Conforms (no seed, no leaves >1cm)	ППК26112	Issued 30.06.2026 (test completed 26.06.2026; received 17.06.2026)	UKIM Faculty of Pharmacy — Center for Natural Products	https://drive.google.com/file/d/1_EWukywHdMz5-gkzza3KExwrs3pEyYhd/view
60	FB012603		Fat Bastard	Loss on drying (Ph.Eur. 2.2.32)	≤ 12.00%	7.04%	ППК26112	Issued 30.06.2026 (test completed 26.06.2026; received 17.06.2026)	UKIM Faculty of Pharmacy — Center for Natural Products	https://drive.google.com/file/d/1_EWukywHdMz5-gkzza3KExwrs3pEyYhd/view
60	FB012603		Fat Bastard	Total CBN	≤ 1.00%	0.06%	ППК26112	Issued 30.06.2026 (test completed 26.06.2026; received 17.06.2026)	UKIM Faculty of Pharmacy — Center for Natural Products	https://drive.google.com/file/d/1_EWukywHdMz5-gkzza3KExwrs3pEyYhd/view
60	FB012603		Fat Bastard	Total CBD (as CBD)	≤ 1.00%	0.21%	ППК26112	Issued 30.06.2026 (test completed 26.06.2026; received 17.06.2026)	UKIM Faculty of Pharmacy — Center for Natural Products	https://drive.google.com/file/d/1_EWukywHdMz5-gkzza3KExwrs3pEyYhd/view
60	FB012603		Fat Bastard	Total Δ9-THC (as Δ9-THC)	≥ 5.00%	20.83%	ППК26112	Issued 30.06.2026 (test completed 26.06.2026; received 17.06.2026)	UKIM Faculty of Pharmacy — Center for Natural Products	https://drive.google.com/file/d/1_EWukywHdMz5-gkzza3KExwrs3pEyYhd/view
60	FB012603		Fat Bastard	[COVERAGE GAP]						No IPH pesticide-screen record found for FB012603; Drive folder holds only the single UKIM Ph.Eur. monograph PDF (ППК26112).
60	FB012603		Fat Bastard	[COVERAGE GAP]						No IPH heavy-metal record found for FB012603 (see pesticide gap note).
60	FB012603		Fat Bastard	[COVERAGE GAP]						No IPH mycotoxin record found for FB012603 (see pesticide gap note).
60	FB012603		Fat Bastard	[COVERAGE GAP]						No IPH microbiology record found for FB012603 (see pesticide gap note).
61	GG012601	P060302	Gorilla Glue	Loss on Drying	≤ 10.00%	6.13%	ППК26062	Issued 11.05.2026 (test completed 07.05.2026)	UKIM Faculty of Pharmacy — Center for Natural Products	https://drive.google.com/file/d/1rf4-UFK-BIfIBEB1l-93fAWLmFgS8O4K/view
61	GG012601	P060302	Gorilla Glue	CBDA		0.07%	ППК26062	Issued 11.05.2026 (test completed 07.05.2026)	UKIM Faculty of Pharmacy — Center for Natural Products	https://drive.google.com/file/d/1rf4-UFK-BIfIBEB1l-93fAWLmFgS8O4K/view
61	GG012601	P060302	Gorilla Glue	CBD		BLQ	ППК26062	Issued 11.05.2026 (test completed 07.05.2026)	UKIM Faculty of Pharmacy — Center for Natural Products	https://drive.google.com/file/d/1rf4-UFK-BIfIBEB1l-93fAWLmFgS8O4K/view
61	GG012601	P060302	Gorilla Glue	CBN		BLQ	ППК26062	Issued 11.05.2026 (test completed 07.05.2026)	UKIM Faculty of Pharmacy — Center for Natural Products	https://drive.google.com/file/d/1rf4-UFK-BIfIBEB1l-93fAWLmFgS8O4K/view
61	GG012601	P060302	Gorilla Glue	Δ9-THC		0.29%	ППК26062	Issued 11.05.2026 (test completed 07.05.2026)	UKIM Faculty of Pharmacy — Center for Natural Products	https://drive.google.com/file/d/1rf4-UFK-BIfIBEB1l-93fAWLmFgS8O4K/view
61	GG012601	P060302	Gorilla Glue	Δ9-THCA		17.17%	ППК26062	Issued 11.05.2026 (test completed 07.05.2026)	UKIM Faculty of Pharmacy — Center for Natural Products	https://drive.google.com/file/d/1rf4-UFK-BIfIBEB1l-93fAWLmFgS8O4K/view
61	GG012601	P060302	Gorilla Glue	Total CBD	≤ 1.00%	0.06%	ППК26062	Issued 11.05.2026 (test completed 07.05.2026)	UKIM Faculty of Pharmacy — Center for Natural Products	https://drive.google.com/file/d/1rf4-UFK-BIfIBEB1l-93fAWLmFgS8O4K/view
61	GG012601	P060302	Gorilla Glue	Total Δ9-THC		15.35%	ППК26062	Issued 11.05.2026 (test completed 07.05.2026)	UKIM Faculty of Pharmacy — Center for Natural Products	https://drive.google.com/file/d/1rf4-UFK-BIfIBEB1l-93fAWLmFgS8O4K/view
61	GG012601	P060302	Gorilla Glue	[COVERAGE GAP]						No IPH pesticide-screen record found for GG012601; Drive folder holds only the single UKIM cannabinoid+LoD PDF.
61	GG012601	P060302	Gorilla Glue	[COVERAGE GAP]						No IPH heavy-metal record found for GG012601 (see pesticide gap note).
61	GG012601	P060302	Gorilla Glue	[COVERAGE GAP]						No IPH mycotoxin record found for GG012601 (see pesticide gap note).
61	GG012601	P060302	Gorilla Glue	[COVERAGE GAP]						No IPH microbiology record found for GG012601 (see pesticide gap note).
62	JD012601	P060312	Jelly Donutz	Loss on Drying	≤ 10.00%	6.68%	ППК26064	Issued 11.05.2026 (test completed 08.05.2026)	UKIM Faculty of Pharmacy — Center for Natural Products	https://drive.google.com/file/d/1q5vl0YY-vj__Rep2mPJKuytutL985HBq/view
62	JD012601	P060312	Jelly Donutz	CBDA		0.06%	ППК26064	Issued 11.05.2026 (test completed 08.05.2026)	UKIM Faculty of Pharmacy — Center for Natural Products	https://drive.google.com/file/d/1q5vl0YY-vj__Rep2mPJKuytutL985HBq/view
62	JD012601	P060312	Jelly Donutz	CBD		BLQ	ППК26064	Issued 11.05.2026 (test completed 08.05.2026)	UKIM Faculty of Pharmacy — Center for Natural Products	https://drive.google.com/file/d/1q5vl0YY-vj__Rep2mPJKuytutL985HBq/view
62	JD012601	P060312	Jelly Donutz	CBN		BLQ	ППК26064	Issued 11.05.2026 (test completed 08.05.2026)	UKIM Faculty of Pharmacy — Center for Natural Products	https://drive.google.com/file/d/1q5vl0YY-vj__Rep2mPJKuytutL985HBq/view
62	JD012601	P060312	Jelly Donutz	Δ9-THC		0.52%	ППК26064	Issued 11.05.2026 (test completed 08.05.2026)	UKIM Faculty of Pharmacy — Center for Natural Products	https://drive.google.com/file/d/1q5vl0YY-vj__Rep2mPJKuytutL985HBq/view
62	JD012601	P060312	Jelly Donutz	Δ9-THCA		20.12%	ППК26064	Issued 11.05.2026 (test completed 08.05.2026)	UKIM Faculty of Pharmacy — Center for Natural Products	https://drive.google.com/file/d/1q5vl0YY-vj__Rep2mPJKuytutL985HBq/view
62	JD012601	P060312	Jelly Donutz	Total CBD	≤ 1.00%	0.06%	ППК26064	Issued 11.05.2026 (test completed 08.05.2026)	UKIM Faculty of Pharmacy — Center for Natural Products	https://drive.google.com/file/d/1q5vl0YY-vj__Rep2mPJKuytutL985HBq/view
62	JD012601	P060312	Jelly Donutz	Total Δ9-THC		18.16%	ППК26064	Issued 11.05.2026 (test completed 08.05.2026)	UKIM Faculty of Pharmacy — Center for Natural Products	https://drive.google.com/file/d/1q5vl0YY-vj__Rep2mPJKuytutL985HBq/view
62	JD012601	P060312	Jelly Donutz	[COVERAGE GAP]						No IPH pesticide-screen record found for JD012601; Drive folder holds only the single UKIM cannabinoid+LoD PDF.
62	JD012601	P060312	Jelly Donutz	[COVERAGE GAP]						No IPH heavy-metal record found for JD012601 (see pesticide gap note).
62	JD012601	P060312	Jelly Donutz	[COVERAGE GAP]						No IPH mycotoxin record found for JD012601 (see pesticide gap note).
62	JD012601	P060312	Jelly Donutz	[COVERAGE GAP]						No IPH microbiology record found for JD012601 (see pesticide gap note).
63	FB012601/1	P060322	Fat Bastard	Loss on Drying		7.67%	ППК26067	Issued 11.05.2026 (test completed 08.05.2026)	UKIM Faculty of Pharmacy — Center for Natural Products	https://drive.google.com/file/d/1NjYKCbogNtZRYaK37ka3vSlYQQYXM5sB/view
63	FB012601/1	P060322	Fat Bastard	CBDA		0.04%	ППК26067	Issued 11.05.2026 (test completed 08.05.2026)	UKIM Faculty of Pharmacy — Center for Natural Products	https://drive.google.com/file/d/1NjYKCbogNtZRYaK37ka3vSlYQQYXM5sB/view
63	FB012601/1	P060322	Fat Bastard	CBD		BLQ	ППК26067	Issued 11.05.2026 (test completed 08.05.2026)	UKIM Faculty of Pharmacy — Center for Natural Products	https://drive.google.com/file/d/1NjYKCbogNtZRYaK37ka3vSlYQQYXM5sB/view
63	FB012601/1	P060322	Fat Bastard	CBN		BLQ	ППК26067	Issued 11.05.2026 (test completed 08.05.2026)	UKIM Faculty of Pharmacy — Center for Natural Products	https://drive.google.com/file/d/1NjYKCbogNtZRYaK37ka3vSlYQQYXM5sB/view
63	FB012601/1	P060322	Fat Bastard	Δ9-THC		0.56%	ППК26067	Issued 11.05.2026 (test completed 08.05.2026)	UKIM Faculty of Pharmacy — Center for Natural Products	https://drive.google.com/file/d/1NjYKCbogNtZRYaK37ka3vSlYQQYXM5sB/view
63	FB012601/1	P060322	Fat Bastard	Δ9-THCA		16.10%	ППК26067	Issued 11.05.2026 (test completed 08.05.2026)	UKIM Faculty of Pharmacy — Center for Natural Products	https://drive.google.com/file/d/1NjYKCbogNtZRYaK37ka3vSlYQQYXM5sB/view
63	FB012601/1	P060322	Fat Bastard	Total CBD	≤ 1.00%	0.04%	ППК26067	Issued 11.05.2026 (test completed 08.05.2026)	UKIM Faculty of Pharmacy — Center for Natural Products	https://drive.google.com/file/d/1NjYKCbogNtZRYaK37ka3vSlYQQYXM5sB/view
63	FB012601/1	P060322	Fat Bastard	Total Δ9-THC		14.68%	ППК26067	Issued 11.05.2026 (test completed 08.05.2026)	UKIM Faculty of Pharmacy — Center for Natural Products	https://drive.google.com/file/d/1NjYKCbogNtZRYaK37ka3vSlYQQYXM5sB/view
63	FB012601/1	P060322	Fat Bastard	[NOTE] Sample line		"reads batch ""FB012601/1"" — treated as FB012601 (sub-sample /1)"	ППК26067	Issued 11.05.2026	UKIM Faculty of Pharmacy — Center for Natural Products	https://drive.google.com/file/d/1NjYKCbogNtZRYaK37ka3vSlYQQYXM5sB/view
63	FB012601/1	P060322	Fat Bastard	[COVERAGE GAP]						No IPH pesticide-screen record found for FB012601; Drive folder holds only the single UKIM cannabinoid+LoD PDF.
63	FB012601/1	P060322	Fat Bastard	[COVERAGE GAP]						No IPH heavy-metal record found for FB012601 (see pesticide gap note).
63	FB012601/1	P060322	Fat Bastard	[COVERAGE GAP]						No IPH mycotoxin record found for FB012601 (see pesticide gap note).
63	FB012601/1	P060322	Fat Bastard	[COVERAGE GAP]						No IPH microbiology record found for FB012601 (see pesticide gap note).
64	CC012601/1	P060332	Cash Cow	Total Δ9-THC (Вкупно Δ9-THC, as Δ9-THC) — HPLC/DAD	min 5.00% (PP release spec)	17.67 %w/w (U 1.09 %w/w, k=2)	197-6-К/26	07.08.2026	Farmahem DOOEL — Laboratory for Environment (Лабораторија за животна средина), Skopje	https://drive.google.com/file/d/1i86I5tYl3_MgKFxQtY9FbKtfMxVrF4y6/view
64	CC012601/1	P060332	Cash Cow	Total CBN (Вкупен CBN) — HPLC/DAD	max 1.00% (PP release spec)	<LOQ %w/w	197-6-К/26	07.08.2026	Farmahem DOOEL — Laboratory for Environment (Лабораторија за животна средина), Skopje	https://drive.google.com/file/d/1i86I5tYl3_MgKFxQtY9FbKtfMxVrF4y6/view
64	CC012601/1	P060332	Cash Cow	Total CBD (Вкупен CBD, as CBD) — HPLC/DAD	max 1.00% (PP release spec)	<LOQ %w/w	197-6-К/26	07.08.2026	Farmahem DOOEL — Laboratory for Environment (Лабораторија за животна средина), Skopje	https://drive.google.com/file/d/1i86I5tYl3_MgKFxQtY9FbKtfMxVrF4y6/view
64	CC012601/1	P060332	Cash Cow	Aflatoxin B1	≤ 2 µg/kg (Ph.Eur. ref — confirm vs PP spec)	ND µg/kg	197-6-М/26	10.08.2026	Farmahem DOOEL — Laboratory for Environment (Лабораторија за животна средина), Skopje	https://drive.google.com/file/d/1RZtxOuLBGpiRkI0NG6cfTkx0iJtjm8pu/view
64	CC012601/1	P060332	Cash Cow	Aflatoxin B2	(included in Σ aflatoxins)	ND µg/kg	197-6-М/26	10.08.2026	Farmahem DOOEL — Laboratory for Environment (Лабораторија за животна средина), Skopje	https://drive.google.com/file/d/1RZtxOuLBGpiRkI0NG6cfTkx0iJtjm8pu/view
64	CC012601/1	P060332	Cash Cow	Aflatoxin G1	(included in Σ aflatoxins)	ND µg/kg	197-6-М/26	10.08.2026	Farmahem DOOEL — Laboratory for Environment (Лабораторија за животна средина), Skopje	https://drive.google.com/file/d/1RZtxOuLBGpiRkI0NG6cfTkx0iJtjm8pu/view
64	CC012601/1	P060332	Cash Cow	Aflatoxin G2	(included in Σ aflatoxins)	ND µg/kg	197-6-М/26	10.08.2026	Farmahem DOOEL — Laboratory for Environment (Лабораторија за животна средина), Skopje	https://drive.google.com/file/d/1RZtxOuLBGpiRkI0NG6cfTkx0iJtjm8pu/view
64	CC012601/1	P060332	Cash Cow	Sum aflatoxins B1+B2+G1+G2	≤ 4 µg/kg (Ph.Eur. ref)	ND (all four aflatoxins not detected)	197-6-М/26	10.08.2026	Farmahem DOOEL — Laboratory for Environment (Лабораторија за животна средина), Skopje	https://drive.google.com/file/d/1RZtxOuLBGpiRkI0NG6cfTkx0iJtjm8pu/view
64	CC012601/1	P060332	Cash Cow	Ochratoxin A	per PP spec (confirm; Ph.Eur. ref commonly ≤ 20 µg/kg)	ND µg/kg	197-6-М/26	10.08.2026	Farmahem DOOEL — Laboratory for Environment (Лабораторија за животна средина), Skopje	https://drive.google.com/file/d/1RZtxOuLBGpiRkI0NG6cfTkx0iJtjm8pu/view
64	CC012601/1	P060332	Cash Cow	[COVERAGE GAP]	n/a	No record found in RAG for Identification, Foreign matter, or Loss on drying (Ph.Eur. 3028 physical/ID parameters), nor for Heavy metals (Cd/Pb/Hg/As), Pesticides/Insecticides panel, or Microbiological quality (TAMC/TYMC/E.coli/Salmonella/bile-tolerant GNB) for batch P060332 — only the Farmahem cannabinoid (197-6-К/26) and mycotoxin (197-6-М/26) panels are on file for this batch; no UKIM certificate, Bundle summary, or PP in-house CoA exists in this RAG for P060332.	n/a	n/a	n/a	https://drive.google.com/file/d/1i86I5tYl3_MgKFxQtY9FbKtfMxVrF4y6/view
65	FB012602	P060352	Fat Bastard	Total Δ9-THC (Вкупно Δ9-THC, as Δ9-THC) — HPLC/DAD	min 5.00% (PP release spec)	18.86 %w/w (U 1.16 %w/w, k=2)	197-7-К/26	07.08.2026	Farmahem DOOEL — Laboratory for Environment (Лабораторија за животна средина), Skopje	https://drive.google.com/file/d/19lm-miugDA04I5eEhXlTylJpBZoyGmQ_/view
65	FB012602	P060352	Fat Bastard	Total CBN (Вкупен CBN) — HPLC/DAD	max 1.00% (PP release spec)	0.22 %w/w (U 0.01 %w/w, k=2)	197-7-К/26	07.08.2026	Farmahem DOOEL — Laboratory for Environment (Лабораторија за животна средина), Skopje	https://drive.google.com/file/d/19lm-miugDA04I5eEhXlTylJpBZoyGmQ_/view
65	FB012602	P060352	Fat Bastard	Total CBD (Вкупен CBD, as CBD) — HPLC/DAD	max 1.00% (PP release spec)	<LOQ %w/w	197-7-К/26	07.08.2026	Farmahem DOOEL — Laboratory for Environment (Лабораторија за животна средина), Skopje	https://drive.google.com/file/d/19lm-miugDA04I5eEhXlTylJpBZoyGmQ_/view
65	FB012602	P060352	Fat Bastard	Aflatoxin B1	≤ 2 µg/kg (Ph.Eur. ref — confirm vs PP spec)	ND µg/kg	197-7-М/26	10.08.2026	Farmahem DOOEL — Laboratory for Environment (Лабораторија за животна средина), Skopje	https://drive.google.com/file/d/10atb89xk04ta_TbByfdGFNf_nyjOGDKG/view
65	FB012602	P060352	Fat Bastard	Aflatoxin B2	(included in Σ aflatoxins)	ND µg/kg	197-7-М/26	10.08.2026	Farmahem DOOEL — Laboratory for Environment (Лабораторија за животна средина), Skopje	https://drive.google.com/file/d/10atb89xk04ta_TbByfdGFNf_nyjOGDKG/view
65	FB012602	P060352	Fat Bastard	Aflatoxin G1	(included in Σ aflatoxins)	ND µg/kg	197-7-М/26	10.08.2026	Farmahem DOOEL — Laboratory for Environment (Лабораторија за животна средина), Skopje	https://drive.google.com/file/d/10atb89xk04ta_TbByfdGFNf_nyjOGDKG/view
65	FB012602	P060352	Fat Bastard	Aflatoxin G2	(included in Σ aflatoxins)	ND µg/kg	197-7-М/26	10.08.2026	Farmahem DOOEL — Laboratory for Environment (Лабораторија за животна средина), Skopje	https://drive.google.com/file/d/10atb89xk04ta_TbByfdGFNf_nyjOGDKG/view
65	FB012602	P060352	Fat Bastard	Sum aflatoxins B1+B2+G1+G2	≤ 4 µg/kg (Ph.Eur. ref)	ND (all four aflatoxins not detected)	197-7-М/26	10.08.2026	Farmahem DOOEL — Laboratory for Environment (Лабораторија за животна средина), Skopje	https://drive.google.com/file/d/10atb89xk04ta_TbByfdGFNf_nyjOGDKG/view
65	FB012602	P060352	Fat Bastard	Ochratoxin A	per PP spec (confirm; Ph.Eur. ref commonly ≤ 20 µg/kg)	ND µg/kg	197-7-М/26	10.08.2026	Farmahem DOOEL — Laboratory for Environment (Лабораторија за животна средина), Skopje	https://drive.google.com/file/d/10atb89xk04ta_TbByfdGFNf_nyjOGDKG/view
65	FB012602	P060352	Fat Bastard	[COVERAGE GAP]	n/a	No record found in RAG for Identification, Foreign matter, or Loss on drying (Ph.Eur. 3028 physical/ID parameters), nor for Heavy metals (Cd/Pb/Hg/As), Pesticides/Insecticides panel, or Microbiological quality (TAMC/TYMC/E.coli/Salmonella/bile-tolerant GNB) for batch P060352 — only the Farmahem cannabinoid (197-7-К/26) and mycotoxin (197-7-М/26) panels are on file for this batch; no UKIM certificate, Bundle summary, or PP in-house CoA exists in this RAG for P060352.	n/a	n/a	n/a	https://drive.google.com/file/d/19lm-miugDA04I5eEhXlTylJpBZoyGmQ_/view
66	SCR012603	P060382	Scrambler	Total Δ9-THC (Вкупно Δ9-THC, as Δ9-THC) — HPLC/DAD	min 5.00% (PP release spec)	17.84 %w/w (U 1.10 %w/w, k=2)	197-21-К/26	07.08.2026	Farmahem DOOEL — Laboratory for Environment (Лабораторија за животна средина), Skopje	https://drive.google.com/file/d/1j8B764vu5I2i6jYy4Pe12npFL3hODuNg/view
66	SCR012603	P060382	Scrambler	Total CBN (Вкупен CBN) — HPLC/DAD	max 1.00% (PP release spec)	<LOQ %w/w	197-21-К/26	07.08.2026	Farmahem DOOEL — Laboratory for Environment (Лабораторија за животна средина), Skopje	https://drive.google.com/file/d/1j8B764vu5I2i6jYy4Pe12npFL3hODuNg/view
66	SCR012603	P060382	Scrambler	Total CBD (Вкупен CBD, as CBD) — HPLC/DAD	max 1.00% (PP release spec)	<LOQ %w/w	197-21-К/26	07.08.2026	Farmahem DOOEL — Laboratory for Environment (Лабораторија за животна средина), Skopje	https://drive.google.com/file/d/1j8B764vu5I2i6jYy4Pe12npFL3hODuNg/view
66	SCR012603	P060382	Scrambler	Aflatoxin B1	≤ 2 µg/kg (Ph.Eur. ref — confirm vs PP spec)	ND µg/kg	197-21-М/26	10.08.2026	Farmahem DOOEL — Laboratory for Environment (Лабораторија за животна средина), Skopje	https://drive.google.com/file/d/1S7KDKNhVEHFBs-pX1F-co_T6LsSuh7w3/view
66	SCR012603	P060382	Scrambler	Aflatoxin B2	(included in Σ aflatoxins)	ND µg/kg	197-21-М/26	10.08.2026	Farmahem DOOEL — Laboratory for Environment (Лабораторија за животна средина), Skopje	https://drive.google.com/file/d/1S7KDKNhVEHFBs-pX1F-co_T6LsSuh7w3/view
66	SCR012603	P060382	Scrambler	Aflatoxin G1	(included in Σ aflatoxins)	ND µg/kg	197-21-М/26	10.08.2026	Farmahem DOOEL — Laboratory for Environment (Лабораторија за животна средина), Skopje	https://drive.google.com/file/d/1S7KDKNhVEHFBs-pX1F-co_T6LsSuh7w3/view
66	SCR012603	P060382	Scrambler	Aflatoxin G2	(included in Σ aflatoxins)	ND µg/kg	197-21-М/26	10.08.2026	Farmahem DOOEL — Laboratory for Environment (Лабораторија за животна средина), Skopje	https://drive.google.com/file/d/1S7KDKNhVEHFBs-pX1F-co_T6LsSuh7w3/view
66	SCR012603	P060382	Scrambler	Sum aflatoxins B1+B2+G1+G2	≤ 4 µg/kg (Ph.Eur. ref)	ND (all four aflatoxins not detected)	197-21-М/26	10.08.2026	Farmahem DOOEL — Laboratory for Environment (Лабораторија за животна средина), Skopje	https://drive.google.com/file/d/1S7KDKNhVEHFBs-pX1F-co_T6LsSuh7w3/view
66	SCR012603	P060382	Scrambler	Ochratoxin A	per PP spec (confirm; Ph.Eur. ref commonly ≤ 20 µg/kg)	ND µg/kg	197-21-М/26	10.08.2026	Farmahem DOOEL — Laboratory for Environment (Лабораторија за животна средина), Skopje	https://drive.google.com/file/d/1S7KDKNhVEHFBs-pX1F-co_T6LsSuh7w3/view
66	SCR012603	P060382	Scrambler	[COVERAGE GAP]	n/a	No record found in RAG for Identification, Foreign matter, or Loss on drying (Ph.Eur. 3028 physical/ID parameters), nor for Heavy metals (Cd/Pb/Hg/As), Pesticides/Insecticides panel, or Microbiological quality (TAMC/TYMC/E.coli/Salmonella/bile-tolerant GNB) for batch P060382 — only the Farmahem cannabinoid (197-21-К/26) and mycotoxin (197-21-М/26) panels are on file for this batch; no UKIM certificate, Bundle summary, or PP in-house CoA exists in this RAG for P060382.	n/a	n/a	n/a	https://drive.google.com/file/d/1j8B764vu5I2i6jYy4Pe12npFL3hODuNg/view
67	FB012603V	P060392	Fat Bastard	Identification (macroscopy + microscopy)	Conforms (Ph.Eur. 2.8.23)	Conforms / Одговара	ППК26110	30.06.2026	UKIM Faculty of Pharmacy — Center for Natural Products	https://drive.google.com/file/d/1YN5ICYWH1tgf7aW8vTercJksilEOGZLg/view
67	FB012603V	P060392	Fat Bastard	Foreign matter (Страни материи)	max 2.00%, no seed and no leaves >1 cm	/ (Conforms; no seed, no leaves >1 cm)	ППК26110	30.06.2026	UKIM Faculty of Pharmacy — Center for Natural Products	https://drive.google.com/file/d/1YN5ICYWH1tgf7aW8vTercJksilEOGZLg/view
67	FB012603V	P060392	Fat Bastard	Loss on drying / Губиток со сушење (Ph.Eur. 2.2.32)	max 12.00%	6.36%	ППК26110	30.06.2026	UKIM Faculty of Pharmacy — Center for Natural Products	https://drive.google.com/file/d/1YN5ICYWH1tgf7aW8vTercJksilEOGZLg/view
67	FB012603V	P060392	Fat Bastard	Total CBN (Ph.Eur. 2.2.29)	max 1.00%	0.06%	ППК26110	30.06.2026	UKIM Faculty of Pharmacy — Center for Natural Products	https://drive.google.com/file/d/1YN5ICYWH1tgf7aW8vTercJksilEOGZLg/view
67	FB012603V	P060392	Fat Bastard	Total CBD, as CBD (Ph.Eur. 2.2.29)	max 1.00%	0.16%	ППК26110	30.06.2026	UKIM Faculty of Pharmacy — Center for Natural Products	https://drive.google.com/file/d/1YN5ICYWH1tgf7aW8vTercJksilEOGZLg/view
67	FB012603V	P060392	Fat Bastard	Total Δ9-THC, as Δ9-THC (Ph.Eur. 2.2.29)	min 5.00%	18.29%	ППК26110	30.06.2026	UKIM Faculty of Pharmacy — Center for Natural Products	https://drive.google.com/file/d/1YN5ICYWH1tgf7aW8vTercJksilEOGZLg/view
67	FB012603V	P060392	Fat Bastard	[COVERAGE GAP]	n/a	No record found in RAG for Mycotoxins (aflatoxins/ochratoxin A), Heavy metals (Cd/Pb/Hg/As), Pesticides/Insecticides panel, or Microbiological quality (TAMC/TYMC/E.coli/Salmonella/bile-tolerant GNB) for batch FB012603V — only the single UKIM Ph.Eur. 3028 Identification/Foreign-matter/Loss-on-drying/Cannabinoid-content panel (ППК26110) is on file for this batch.	n/a	n/a	n/a	https://drive.google.com/file/d/1YN5ICYWH1tgf7aW8vTercJksilEOGZLg/view
68	GG012603	P060402	Gorilla Glue	Identification (macroscopy + microscopy)	Conforms (Ph.Eur. 2.8.23)	Conforms / Одговара	ППК26114	30.06.2026	UKIM Faculty of Pharmacy — Center for Natural Products	https://drive.google.com/file/d/17Pfvt193-4uJ6aiIPbtWDuwq9lPQkXTH/view
68	GG012603	P060402	Gorilla Glue	Foreign matter (Страни материи)	max 2.00%, no seed and no leaves >1 cm	0.09% (Conforms)	ППК26114	30.06.2026	UKIM Faculty of Pharmacy — Center for Natural Products	https://drive.google.com/file/d/17Pfvt193-4uJ6aiIPbtWDuwq9lPQkXTH/view
68	GG012603	P060402	Gorilla Glue	Loss on drying / Губиток со сушење (Ph.Eur. 2.2.32)	max 12.00%	6.48%	ППК26114	30.06.2026	UKIM Faculty of Pharmacy — Center for Natural Products	https://drive.google.com/file/d/17Pfvt193-4uJ6aiIPbtWDuwq9lPQkXTH/view
68	GG012603	P060402	Gorilla Glue	Total CBN (Ph.Eur. 2.2.29)	max 1.00%	0.15%	ППК26114	30.06.2026	UKIM Faculty of Pharmacy — Center for Natural Products	https://drive.google.com/file/d/17Pfvt193-4uJ6aiIPbtWDuwq9lPQkXTH/view
68	GG012603	P060402	Gorilla Glue	Total CBD, as CBD (Ph.Eur. 2.2.29)	max 1.00%	0.05%	ППК26114	30.06.2026	UKIM Faculty of Pharmacy — Center for Natural Products	https://drive.google.com/file/d/17Pfvt193-4uJ6aiIPbtWDuwq9lPQkXTH/view
68	GG012603	P060402	Gorilla Glue	Total Δ9-THC, as Δ9-THC (Ph.Eur. 2.2.29)	min 5.00%	17.59%	ППК26114	30.06.2026	UKIM Faculty of Pharmacy — Center for Natural Products	https://drive.google.com/file/d/17Pfvt193-4uJ6aiIPbtWDuwq9lPQkXTH/view
68	GG012603	P060402	Gorilla Glue	[COVERAGE GAP]	n/a	No record found in RAG for Mycotoxins (aflatoxins/ochratoxin A), Heavy metals (Cd/Pb/Hg/As), Pesticides/Insecticides panel, or Microbiological quality (TAMC/TYMC/E.coli/Salmonella/bile-tolerant GNB) for batch GG012603 — only the single UKIM Ph.Eur. 3028 Identification/Foreign-matter/Loss-on-drying/Cannabinoid-content panel (ППК26114) is on file for this batch.	n/a	n/a	n/a	https://drive.google.com/file/d/17Pfvt193-4uJ6aiIPbtWDuwq9lPQkXTH/view
68	GG012603	P060402	Gorilla Glue	Total Δ9-THC (Вкупно Δ9-THC, as Δ9-THC) — HPLC/DAD	min 5.00% (PP release spec)	16.70 %w/w (U 1.03 %w/w, k=2)	197-8-К/26	07.08.2026	Farmahem DOOEL — Laboratory for Environment (Лабораторија за животна средина), Skopje	https://drive.google.com/file/d/15WnXEUvZoJO0jEfGAskFYRh3eG1UTsiT/view
68	GG012603	P060402	Gorilla Glue	Total CBN (Вкупен CBN) — HPLC/DAD	max 1.00% (PP release spec)	<LOQ %w/w	197-8-К/26	07.08.2026	Farmahem DOOEL — Laboratory for Environment (Лабораторија за животна средина), Skopje	https://drive.google.com/file/d/15WnXEUvZoJO0jEfGAskFYRh3eG1UTsiT/view
68	GG012603	P060402	Gorilla Glue	Total CBD (Вкупен CBD, as CBD) — HPLC/DAD	max 1.00% (PP release spec)	<LOQ %w/w	197-8-К/26	07.08.2026	Farmahem DOOEL — Laboratory for Environment (Лабораторија за животна средина), Skopje	https://drive.google.com/file/d/15WnXEUvZoJO0jEfGAskFYRh3eG1UTsiT/view
68	GG012603	P060402	Gorilla Glue	Aflatoxin B1	≤ 2 µg/kg (Ph.Eur. ref — confirm vs PP spec)	ND µg/kg	197-8-М/26	10.08.2026	Farmahem DOOEL — Laboratory for Environment (Лабораторија за животна средина), Skopje	https://drive.google.com/file/d/1KaQhZ1sVngqKn4GL6bsmY0aT6gt_DyED/view
68	GG012603	P060402	Gorilla Glue	Aflatoxin B2	(included in Σ aflatoxins)	ND µg/kg	197-8-М/26	10.08.2026	Farmahem DOOEL — Laboratory for Environment (Лабораторија за животна средина), Skopje	https://drive.google.com/file/d/1KaQhZ1sVngqKn4GL6bsmY0aT6gt_DyED/view
68	GG012603	P060402	Gorilla Glue	Aflatoxin G1	(included in Σ aflatoxins)	ND µg/kg	197-8-М/26	10.08.2026	Farmahem DOOEL — Laboratory for Environment (Лабораторија за животна средина), Skopje	https://drive.google.com/file/d/1KaQhZ1sVngqKn4GL6bsmY0aT6gt_DyED/view
68	GG012603	P060402	Gorilla Glue	Aflatoxin G2	(included in Σ aflatoxins)	ND µg/kg	197-8-М/26	10.08.2026	Farmahem DOOEL — Laboratory for Environment (Лабораторија за животна средина), Skopje	https://drive.google.com/file/d/1KaQhZ1sVngqKn4GL6bsmY0aT6gt_DyED/view
68	GG012603	P060402	Gorilla Glue	Sum aflatoxins B1+B2+G1+G2	≤ 4 µg/kg (Ph.Eur. ref)	ND (all four aflatoxins not detected)	197-8-М/26	10.08.2026	Farmahem DOOEL — Laboratory for Environment (Лабораторија за животна средина), Skopje	https://drive.google.com/file/d/1KaQhZ1sVngqKn4GL6bsmY0aT6gt_DyED/view
68	GG012603	P060402	Gorilla Glue	Ochratoxin A	per PP spec (confirm; Ph.Eur. ref commonly ≤ 20 µg/kg)	ND µg/kg	197-8-М/26	10.08.2026	Farmahem DOOEL — Laboratory for Environment (Лабораторија за животна средина), Skopje	https://drive.google.com/file/d/1KaQhZ1sVngqKn4GL6bsmY0aT6gt_DyED/view
68	GG012603	P060402	Gorilla Glue	[COVERAGE GAP]	n/a	No record found in RAG for Identification, Foreign matter, or Loss on drying (Ph.Eur. 3028 physical/ID parameters), nor for Heavy metals (Cd/Pb/Hg/As), Pesticides/Insecticides panel, or Microbiological quality (TAMC/TYMC/E.coli/Salmonella/bile-tolerant GNB) for batch P060402 — only the Farmahem cannabinoid (197-8-К/26) and mycotoxin (197-8-М/26) panels are on file for this batch; no UKIM certificate, Bundle summary, or PP in-house CoA exists in this RAG for P060402.	n/a	n/a	n/a	https://drive.google.com/file/d/15WnXEUvZoJO0jEfGAskFYRh3eG1UTsiT/view
69	JD012603/2	P060412	Jelly Donutz	Identification (macroscopy + microscopy)	Conforms (Ph.Eur. 2.8.23)	Conforms / Одговара	ППК26113	30.06.2026	UKIM Faculty of Pharmacy — Center for Natural Products	https://drive.google.com/file/d/1AnpaG5lEh7fov6kIVSrM430xlyujNKRz/view
69	JD012603/2	P060412	Jelly Donutz	Foreign matter (Страни материи)	max 2.00%, no seed and no leaves >1 cm	/ (Conforms; no seed, no leaves >1 cm)	ППК26113	30.06.2026	UKIM Faculty of Pharmacy — Center for Natural Products	https://drive.google.com/file/d/1AnpaG5lEh7fov6kIVSrM430xlyujNKRz/view
69	JD012603/2	P060412	Jelly Donutz	Loss on drying / Губиток со сушење (Ph.Eur. 2.2.32)	max 12.00%	7.52%	ППК26113	30.06.2026	UKIM Faculty of Pharmacy — Center for Natural Products	https://drive.google.com/file/d/1AnpaG5lEh7fov6kIVSrM430xlyujNKRz/view
69	JD012603/2	P060412	Jelly Donutz	Total CBN (Ph.Eur. 2.2.29)	max 1.00%	0.05%	ППК26113	30.06.2026	UKIM Faculty of Pharmacy — Center for Natural Products	https://drive.google.com/file/d/1AnpaG5lEh7fov6kIVSrM430xlyujNKRz/view
69	JD012603/2	P060412	Jelly Donutz	Total CBD, as CBD (Ph.Eur. 2.2.29)	max 1.00%	0.05%	ППК26113	30.06.2026	UKIM Faculty of Pharmacy — Center for Natural Products	https://drive.google.com/file/d/1AnpaG5lEh7fov6kIVSrM430xlyujNKRz/view
69	JD012603/2	P060412	Jelly Donutz	Total Δ9-THC, as Δ9-THC (Ph.Eur. 2.2.29)	min 5.00%	20.54%	ППК26113	30.06.2026	UKIM Faculty of Pharmacy — Center for Natural Products	https://drive.google.com/file/d/1AnpaG5lEh7fov6kIVSrM430xlyujNKRz/view
69	JD012603/2	P060412	Jelly Donutz	[COVERAGE GAP]	n/a	No record found in RAG for Mycotoxins (aflatoxins/ochratoxin A), Heavy metals (Cd/Pb/Hg/As), Pesticides/Insecticides panel, or Microbiological quality (TAMC/TYMC/E.coli/Salmonella/bile-tolerant GNB) for batch JD012603-02 — only the single UKIM Ph.Eur. 3028 Identification/Foreign-matter/Loss-on-drying/Cannabinoid-content panel (ППК26113) is on file for this batch.	n/a	n/a	n/a	https://drive.google.com/file/d/1AnpaG5lEh7fov6kIVSrM430xlyujNKRz/view
70	JD012603/2V	P060422	Jelly Donutz	Identification (macroscopy + microscopy)	Conforms (Ph.Eur. 2.8.23)	Conforms / Одговара	ППК26111	30.06.2026	UKIM Faculty of Pharmacy — Center for Natural Products	https://drive.google.com/file/d/1ePCAK06kE1RUz7ih4bMvmR3xIEf9wReS/view
70	JD012603/2V	P060422	Jelly Donutz	Foreign matter (Страни материи)	max 2.00%, no seed and no leaves >1 cm	/ (Conforms; no seed, no leaves >1 cm)	ППК26111	30.06.2026	UKIM Faculty of Pharmacy — Center for Natural Products	https://drive.google.com/file/d/1ePCAK06kE1RUz7ih4bMvmR3xIEf9wReS/view
70	JD012603/2V	P060422	Jelly Donutz	Loss on drying / Губиток со сушење (Ph.Eur. 2.2.32)	max 12.00%	7.04%	ППК26111	30.06.2026	UKIM Faculty of Pharmacy — Center for Natural Products	https://drive.google.com/file/d/1ePCAK06kE1RUz7ih4bMvmR3xIEf9wReS/view
70	JD012603/2V	P060422	Jelly Donutz	Total CBN (Ph.Eur. 2.2.29)	max 1.00%	0.04%	ППК26111	30.06.2026	UKIM Faculty of Pharmacy — Center for Natural Products	https://drive.google.com/file/d/1ePCAK06kE1RUz7ih4bMvmR3xIEf9wReS/view
70	JD012603/2V	P060422	Jelly Donutz	Total CBD, as CBD (Ph.Eur. 2.2.29)	max 1.00%	BLQ (below limit of quantification)%	ППК26111	30.06.2026	UKIM Faculty of Pharmacy — Center for Natural Products	https://drive.google.com/file/d/1ePCAK06kE1RUz7ih4bMvmR3xIEf9wReS/view
70	JD012603/2V	P060422	Jelly Donutz	Total Δ9-THC, as Δ9-THC (Ph.Eur. 2.2.29)	min 5.00%	15.16%	ППК26111	30.06.2026	UKIM Faculty of Pharmacy — Center for Natural Products	https://drive.google.com/file/d/1ePCAK06kE1RUz7ih4bMvmR3xIEf9wReS/view
70	JD012603/2V	P060422	Jelly Donutz	[COVERAGE GAP]	n/a	No record found in RAG for Mycotoxins (aflatoxins/ochratoxin A), Heavy metals (Cd/Pb/Hg/As), Pesticides/Insecticides panel, or Microbiological quality (TAMC/TYMC/E.coli/Salmonella/bile-tolerant GNB) for batch JD012603-02V — only the single UKIM Ph.Eur. 3028 Identification/Foreign-matter/Loss-on-drying/Cannabinoid-content panel (ППК26111) is on file for this batch.	n/a	n/a	n/a	https://drive.google.com/file/d/1ePCAK06kE1RUz7ih4bMvmR3xIEf9wReS/view
71	JD022601		Jelly Donutz	Identification (macroscopy + microscopy)	Conforms (Ph.Eur. 2.8.23)	Conforms / Одговара	ППК26115	30.06.2026	UKIM Faculty of Pharmacy — Center for Natural Products	https://drive.google.com/file/d/1jpSgQVg-uZNw-IDoX6iA7yVuCu80y0-7/view
71	JD022601		Jelly Donutz	Foreign matter (Страни материи)	max 2.00%, no seed and no leaves >1 cm	/ (Conforms; no seed, no leaves >1 cm)	ППК26115	30.06.2026	UKIM Faculty of Pharmacy — Center for Natural Products	https://drive.google.com/file/d/1jpSgQVg-uZNw-IDoX6iA7yVuCu80y0-7/view
71	JD022601		Jelly Donutz	Loss on drying / Губиток со сушење (Ph.Eur. 2.2.32)	max 12.00%	7.73%	ППК26115	30.06.2026	UKIM Faculty of Pharmacy — Center for Natural Products	https://drive.google.com/file/d/1jpSgQVg-uZNw-IDoX6iA7yVuCu80y0-7/view
71	JD022601		Jelly Donutz	Total CBN (Ph.Eur. 2.2.29)	max 1.00%	0.05%	ППК26115	30.06.2026	UKIM Faculty of Pharmacy — Center for Natural Products	https://drive.google.com/file/d/1jpSgQVg-uZNw-IDoX6iA7yVuCu80y0-7/view
71	JD022601		Jelly Donutz	Total CBD, as CBD (Ph.Eur. 2.2.29)	max 1.00%	BLQ (below limit of quantification)%	ППК26115	30.06.2026	UKIM Faculty of Pharmacy — Center for Natural Products	https://drive.google.com/file/d/1jpSgQVg-uZNw-IDoX6iA7yVuCu80y0-7/view
71	JD022601		Jelly Donutz	Total Δ9-THC, as Δ9-THC (Ph.Eur. 2.2.29)	min 5.00%	18.58%	ППК26115	30.06.2026	UKIM Faculty of Pharmacy — Center for Natural Products	https://drive.google.com/file/d/1jpSgQVg-uZNw-IDoX6iA7yVuCu80y0-7/view
71	JD022601		Jelly Donutz	[COVERAGE GAP]	n/a	No record found in RAG for Mycotoxins (aflatoxins/ochratoxin A), Heavy metals (Cd/Pb/Hg/As), Pesticides/Insecticides panel, or Microbiological quality (TAMC/TYMC/E.coli/Salmonella/bile-tolerant GNB) for batch JD022601 — only the single UKIM Ph.Eur. 3028 Identification/Foreign-matter/Loss-on-drying/Cannabinoid-content panel (ППК26115) is on file for this batch.	n/a	n/a	n/a	https://drive.google.com/file/d/1jpSgQVg-uZNw-IDoX6iA7yVuCu80y0-7/view
72	SCR022601		Scrambler	Identification (macroscopy + microscopy)	Conforms (Ph.Eur. 2.8.23)	Conforms / Одговара	ППК26116	06.07.2026	UKIM Faculty of Pharmacy — Center for Natural Products	https://drive.google.com/file/d/1PheYfJtVmYk4ZnZgWTJc3FGb6Yor7lHU/view
72	SCR022601		Scrambler	Foreign matter (Страни материи)	max 2.00%, no seed and no leaves >1 cm	/ (Conforms; no seed, no leaves >1 cm)	ППК26116	06.07.2026	UKIM Faculty of Pharmacy — Center for Natural Products	https://drive.google.com/file/d/1PheYfJtVmYk4ZnZgWTJc3FGb6Yor7lHU/view
72	SCR022601		Scrambler	Loss on drying / Губиток со сушење (Ph.Eur. 2.2.32)	max 12.00%	7.06%	ППК26116	06.07.2026	UKIM Faculty of Pharmacy — Center for Natural Products	https://drive.google.com/file/d/1PheYfJtVmYk4ZnZgWTJc3FGb6Yor7lHU/view
72	SCR022601		Scrambler	Total CBN (Ph.Eur. 2.2.29)	max 1.00%	0.06%	ППК26116	06.07.2026	UKIM Faculty of Pharmacy — Center for Natural Products	https://drive.google.com/file/d/1PheYfJtVmYk4ZnZgWTJc3FGb6Yor7lHU/view
72	SCR022601		Scrambler	Total CBD, as CBD (Ph.Eur. 2.2.29)	max 1.00%	0.19%	ППК26116	06.07.2026	UKIM Faculty of Pharmacy — Center for Natural Products	https://drive.google.com/file/d/1PheYfJtVmYk4ZnZgWTJc3FGb6Yor7lHU/view
72	SCR022601		Scrambler	Total Δ9-THC, as Δ9-THC (Ph.Eur. 2.2.29)	min 5.00%	21.92%	ППК26116	06.07.2026	UKIM Faculty of Pharmacy — Center for Natural Products	https://drive.google.com/file/d/1PheYfJtVmYk4ZnZgWTJc3FGb6Yor7lHU/view
72	SCR022601		Scrambler	[COVERAGE GAP]	n/a	No record found in RAG for Mycotoxins (aflatoxins/ochratoxin A), Heavy metals (Cd/Pb/Hg/As), Pesticides/Insecticides panel, or Microbiological quality (TAMC/TYMC/E.coli/Salmonella/bile-tolerant GNB) for batch SCR022601 — only the single UKIM Ph.Eur. 3028 Identification/Foreign-matter/Loss-on-drying/Cannabinoid-content panel (ППК26116) is on file for this batch.	n/a	n/a	n/a	https://drive.google.com/file/d/1PheYfJtVmYk4ZnZgWTJc3FGb6Yor7lHU/view
73	FB032601		Fat Bastard	Identification (macroscopy + microscopy)	Conforms (Ph.Eur. 2.8.23)	Conforms / Одговара	ППК26127	21.07.2026	UKIM Faculty of Pharmacy — Center for Natural Products	https://drive.google.com/file/d/1eeC8z4JTZzyWboHQDkWTxRmM53fJuJw2/view
73	FB032601		Fat Bastard	Foreign matter (Страни материи)	max 2.00%, no seed and no leaves >1 cm	0.08% (Не одговара) — NON-CONFORM: cannabis seed present [DATA INTEGRITY FLAG — see source]	ППК26127	21.07.2026	UKIM Faculty of Pharmacy — Center for Natural Products	https://drive.google.com/file/d/1eeC8z4JTZzyWboHQDkWTxRmM53fJuJw2/view
73	FB032601		Fat Bastard	Loss on drying / Губиток со сушење (Ph.Eur. 2.2.32)	max 12.00%	7.77%	ППК26127	21.07.2026	UKIM Faculty of Pharmacy — Center for Natural Products	https://drive.google.com/file/d/1eeC8z4JTZzyWboHQDkWTxRmM53fJuJw2/view
73	FB032601		Fat Bastard	Total CBN (Ph.Eur. 2.2.29)	max 1.00%	0.04%	ППК26127	21.07.2026	UKIM Faculty of Pharmacy — Center for Natural Products	https://drive.google.com/file/d/1eeC8z4JTZzyWboHQDkWTxRmM53fJuJw2/view
73	FB032601		Fat Bastard	Total CBD, as CBD (Ph.Eur. 2.2.29)	max 1.00%	0.06%	ППК26127	21.07.2026	UKIM Faculty of Pharmacy — Center for Natural Products	https://drive.google.com/file/d/1eeC8z4JTZzyWboHQDkWTxRmM53fJuJw2/view
73	FB032601		Fat Bastard	Total Δ9-THC, as Δ9-THC (Ph.Eur. 2.2.29)	min 5.00%	12.39%	ППК26127	21.07.2026	UKIM Faculty of Pharmacy — Center for Natural Products	https://drive.google.com/file/d/1eeC8z4JTZzyWboHQDkWTxRmM53fJuJw2/view
73	FB032601		Fat Bastard	Overall Result (Заклучок)	All tested parameters must conform to Ph.Eur. 11.5 monograph Cannabis flos (07/2024:3028)	DOES NOT CONFORM (НЕ ОДГОВАРА) — fails Foreign matter due to presence of cannabis seed; Identification, Loss on drying, Total CBN, Total CBD, Total Δ9-THC all conform [DATA INTEGRITY FLAG — see source: open QC discrepancy note QC_QUERY_PPK26127_FatBastard_FB032601_foreign_matter_seed_v1 — recorded Foreign-matter result 0.08% is within the 2.00% mass limit and no seed observation is recorded in the results table, yet the row is tagged Не одговара and the conclusion cites seed presence not documented in the results; status OPEN, awaiting written CNP response as of 2026-08-10]	ППК26127	21.07.2026	UKIM Faculty of Pharmacy — Center for Natural Products	https://drive.google.com/file/d/1eeC8z4JTZzyWboHQDkWTxRmM53fJuJw2/view
73	FB032601		Fat Bastard	[COVERAGE GAP]	n/a	No record found in RAG for Mycotoxins (aflatoxins/ochratoxin A), Heavy metals (Cd/Pb/Hg/As), Pesticides/Insecticides panel, or Microbiological quality (TAMC/TYMC/E.coli/Salmonella/bile-tolerant GNB) for batch FB032601 — only the single UKIM Ph.Eur. 3028 Identification/Foreign-matter/Loss-on-drying/Cannabinoid-content panel (ППК26127) is on file for this batch.	n/a	n/a	n/a	https://drive.google.com/file/d/1eeC8z4JTZzyWboHQDkWTxRmM53fJuJw2/view
74	GG032601		Gorilla Glue	Identification (macroscopy + microscopy)	Conforms (Ph.Eur. 2.8.23)	Conforms / Одговара	ППК26128	21.07.2026	UKIM Faculty of Pharmacy — Center for Natural Products	https://drive.google.com/file/d/1ksQfpWrQ1NVRq3wgv0xYgLu79Cny5EYt/view
74	GG032601		Gorilla Glue	Foreign matter (Страни материи)	max 2.00%, no seed and no leaves >1 cm	/ (Conforms; no seed, no leaves >1 cm)	ППК26128	21.07.2026	UKIM Faculty of Pharmacy — Center for Natural Products	https://drive.google.com/file/d/1ksQfpWrQ1NVRq3wgv0xYgLu79Cny5EYt/view
74	GG032601		Gorilla Glue	Loss on drying / Губиток со сушење (Ph.Eur. 2.2.32)	max 12.00%	7.88%	ППК26128	21.07.2026	UKIM Faculty of Pharmacy — Center for Natural Products	https://drive.google.com/file/d/1ksQfpWrQ1NVRq3wgv0xYgLu79Cny5EYt/view
74	GG032601		Gorilla Glue	Total CBN (Ph.Eur. 2.2.29)	max 1.00%	0.04%	ППК26128	21.07.2026	UKIM Faculty of Pharmacy — Center for Natural Products	https://drive.google.com/file/d/1ksQfpWrQ1NVRq3wgv0xYgLu79Cny5EYt/view
74	GG032601		Gorilla Glue	Total CBD, as CBD (Ph.Eur. 2.2.29)	max 1.00%	0.25%	ППК26128	21.07.2026	UKIM Faculty of Pharmacy — Center for Natural Products	https://drive.google.com/file/d/1ksQfpWrQ1NVRq3wgv0xYgLu79Cny5EYt/view
74	GG032601		Gorilla Glue	Total Δ9-THC, as Δ9-THC (Ph.Eur. 2.2.29)	min 5.00%	18.98%	ППК26128	21.07.2026	UKIM Faculty of Pharmacy — Center for Natural Products	https://drive.google.com/file/d/1ksQfpWrQ1NVRq3wgv0xYgLu79Cny5EYt/view
74	GG032601		Gorilla Glue	[COVERAGE GAP]	n/a	No record found in RAG for Mycotoxins (aflatoxins/ochratoxin A), Heavy metals (Cd/Pb/Hg/As), Pesticides/Insecticides panel, or Microbiological quality (TAMC/TYMC/E.coli/Salmonella/bile-tolerant GNB) for batch GG032601 — only the single UKIM Ph.Eur. 3028 Identification/Foreign-matter/Loss-on-drying/Cannabinoid-content panel (ППК26128) is on file for this batch.	n/a	n/a	n/a	https://drive.google.com/file/d/1ksQfpWrQ1NVRq3wgv0xYgLu79Cny5EYt/view
75	P160012	P160012	Grape Pie	Identification (macroscopy + microscopy)	Conforms (Ph.Eur. 2.8.23)	Conforms / Одговара	ППК26117	06.07.2026	UKIM Faculty of Pharmacy — Center for Natural Products	https://drive.google.com/file/d/1NcfSCyOQl1Xj60bCFztwo5PYdx9PzSPx/view
75	P160012	P160012	Grape Pie	Foreign matter (Страни материи)	max 2.00%, no seed and no leaves >1 cm	0.42% (Conforms)	ППК26117	06.07.2026	UKIM Faculty of Pharmacy — Center for Natural Products	https://drive.google.com/file/d/1NcfSCyOQl1Xj60bCFztwo5PYdx9PzSPx/view
75	P160012	P160012	Grape Pie	Loss on drying / Губиток со сушење (Ph.Eur. 2.2.32)	max 12.00%	6.31%	ППК26117	06.07.2026	UKIM Faculty of Pharmacy — Center for Natural Products	https://drive.google.com/file/d/1NcfSCyOQl1Xj60bCFztwo5PYdx9PzSPx/view
75	P160012	P160012	Grape Pie	Total CBN (Ph.Eur. 2.2.29)	max 1.00%	0.09%	ППК26117	06.07.2026	UKIM Faculty of Pharmacy — Center for Natural Products	https://drive.google.com/file/d/1NcfSCyOQl1Xj60bCFztwo5PYdx9PzSPx/view
75	P160012	P160012	Grape Pie	Total CBD, as CBD (Ph.Eur. 2.2.29)	max 1.00%	0.15%	ППК26117	06.07.2026	UKIM Faculty of Pharmacy — Center for Natural Products	https://drive.google.com/file/d/1NcfSCyOQl1Xj60bCFztwo5PYdx9PzSPx/view
75	P160012	P160012	Grape Pie	Total Δ9-THC, as Δ9-THC (Ph.Eur. 2.2.29)	min 5.00%	26.32%	ППК26117	06.07.2026	UKIM Faculty of Pharmacy — Center for Natural Products	https://drive.google.com/file/d/1NcfSCyOQl1Xj60bCFztwo5PYdx9PzSPx/view
75	P160012	P160012	Grape Pie	[COVERAGE GAP]	n/a	No record found in RAG for Mycotoxins (aflatoxins/ochratoxin A), Heavy metals (Cd/Pb/Hg/As), Pesticides/Insecticides panel, or Microbiological quality (TAMC/TYMC/E.coli/Salmonella/bile-tolerant GNB) for batch P160012 — only the single UKIM Ph.Eur. 3028 Identification/Foreign-matter/Loss-on-drying/Cannabinoid-content panel (ППК26117) is on file for this batch.	n/a	n/a	n/a	https://drive.google.com/file/d/1NcfSCyOQl1Xj60bCFztwo5PYdx9PzSPx/view
76	P160022	P160022	Grape Pie	Identification (macroscopy + microscopy)	Conforms (Ph.Eur. 2.8.23)	Conforms / Одговара	ППК26118	06.07.2026	UKIM Faculty of Pharmacy — Center for Natural Products	https://drive.google.com/file/d/1LMi-niv8cTgaPh_6PsIH55BzXuNL2JPM/view
76	P160022	P160022	Grape Pie	Foreign matter (Страни материи)	max 2.00%, no seed and no leaves >1 cm	/ (Conforms; no seed, no leaves >1 cm)	ППК26118	06.07.2026	UKIM Faculty of Pharmacy — Center for Natural Products	https://drive.google.com/file/d/1LMi-niv8cTgaPh_6PsIH55BzXuNL2JPM/view
76	P160022	P160022	Grape Pie	Loss on drying / Губиток со сушење (Ph.Eur. 2.2.32)	max 12.00%	6.67%	ППК26118	06.07.2026	UKIM Faculty of Pharmacy — Center for Natural Products	https://drive.google.com/file/d/1LMi-niv8cTgaPh_6PsIH55BzXuNL2JPM/view
76	P160022	P160022	Grape Pie	Total CBN (Ph.Eur. 2.2.29)	max 1.00%	0.10%	ППК26118	06.07.2026	UKIM Faculty of Pharmacy — Center for Natural Products	https://drive.google.com/file/d/1LMi-niv8cTgaPh_6PsIH55BzXuNL2JPM/view
76	P160022	P160022	Grape Pie	Total CBD, as CBD (Ph.Eur. 2.2.29)	max 1.00%	0.15%	ППК26118	06.07.2026	UKIM Faculty of Pharmacy — Center for Natural Products	https://drive.google.com/file/d/1LMi-niv8cTgaPh_6PsIH55BzXuNL2JPM/view
76	P160022	P160022	Grape Pie	Total Δ9-THC, as Δ9-THC (Ph.Eur. 2.2.29)	min 5.00%	25.72%	ППК26118	06.07.2026	UKIM Faculty of Pharmacy — Center for Natural Products	https://drive.google.com/file/d/1LMi-niv8cTgaPh_6PsIH55BzXuNL2JPM/view
76	P160022	P160022	Grape Pie	[COVERAGE GAP]	n/a	No record found in RAG for Mycotoxins (aflatoxins/ochratoxin A), Heavy metals (Cd/Pb/Hg/As), Pesticides/Insecticides panel, or Microbiological quality (TAMC/TYMC/E.coli/Salmonella/bile-tolerant GNB) for batch P160022 — only the single UKIM Ph.Eur. 3028 Identification/Foreign-matter/Loss-on-drying/Cannabinoid-content panel (ППК26118) is on file for this batch.	n/a	n/a	n/a	https://drive.google.com/file/d/1LMi-niv8cTgaPh_6PsIH55BzXuNL2JPM/view
77	P160032	P160032	Grape Pie	Identification (macroscopy + microscopy)	Conforms (Ph.Eur. 2.8.23)	Conforms / Одговара	ППК26119	06.07.2026	UKIM Faculty of Pharmacy — Center for Natural Products	https://drive.google.com/file/d/1Tc954KoL0T8NGIBfmb4-5meb_779D9Wq/view
77	P160032	P160032	Grape Pie	Foreign matter (Страни материи)	max 2.00%, no seed and no leaves >1 cm	/ (Conforms; no seed, no leaves >1 cm)	ППК26119	06.07.2026	UKIM Faculty of Pharmacy — Center for Natural Products	https://drive.google.com/file/d/1Tc954KoL0T8NGIBfmb4-5meb_779D9Wq/view
77	P160032	P160032	Grape Pie	Loss on drying / Губиток со сушење (Ph.Eur. 2.2.32)	max 12.00%	6.78%	ППК26119	06.07.2026	UKIM Faculty of Pharmacy — Center for Natural Products	https://drive.google.com/file/d/1Tc954KoL0T8NGIBfmb4-5meb_779D9Wq/view
77	P160032	P160032	Grape Pie	Total CBN (Ph.Eur. 2.2.29)	max 1.00%	0.08%	ППК26119	06.07.2026	UKIM Faculty of Pharmacy — Center for Natural Products	https://drive.google.com/file/d/1Tc954KoL0T8NGIBfmb4-5meb_779D9Wq/view
77	P160032	P160032	Grape Pie	Total CBD, as CBD (Ph.Eur. 2.2.29)	max 1.00%	0.06%	ППК26119	06.07.2026	UKIM Faculty of Pharmacy — Center for Natural Products	https://drive.google.com/file/d/1Tc954KoL0T8NGIBfmb4-5meb_779D9Wq/view
77	P160032	P160032	Grape Pie	Total Δ9-THC, as Δ9-THC (Ph.Eur. 2.2.29)	min 5.00%	24.78%	ППК26119	06.07.2026	UKIM Faculty of Pharmacy — Center for Natural Products	https://drive.google.com/file/d/1Tc954KoL0T8NGIBfmb4-5meb_779D9Wq/view
77	P160032	P160032	Grape Pie	[COVERAGE GAP]	n/a	No record found in RAG for Mycotoxins (aflatoxins/ochratoxin A), Heavy metals (Cd/Pb/Hg/As), Pesticides/Insecticides panel, or Microbiological quality (TAMC/TYMC/E.coli/Salmonella/bile-tolerant GNB) for batch P160032 — only the single UKIM Ph.Eur. 3028 Identification/Foreign-matter/Loss-on-drying/Cannabinoid-content panel (ППК26119) is on file for this batch.	n/a	n/a	n/a	https://drive.google.com/file/d/1Tc954KoL0T8NGIBfmb4-5meb_779D9Wq/view
