#	Production	CoQ doc. code (proposed)	Batch	P-Number	Strain	Product code	Round	1 — Macroscopic ID (Test A)	eCoA reference	2 — Microscopic ID (Test B)	eCoA reference	3 — HPTLC ID (Test C)	eCoA reference	4 — Total Δ⁹-THC (%)	Grade (v.02)	eCoA reference	5 — Total CBD (%)	eCoA reference	6 — Total CBN (%)	eCoA reference	7 — Foreign Matter (%)	eCoA reference	8 — Loss on Drying (%)	eCoA reference	9.1 — TAMC (CFU/g)	eCoA reference	9.2 — TYMC (CFU/g)	eCoA reference	9.3 — Bile-tol. gram-negative (CFU/g)	eCoA reference	9.4 — Salmonella	eCoA reference	9.5 — Escherichia coli	eCoA reference	10.1 — Aflatoxin B1 (µg/kg)	eCoA reference	10.2 — Total Aflatoxins (µg/kg)	eCoA reference	10.3 — Ochratoxin A (µg/kg)	eCoA reference	11.1 — Lead (Pb) (mg/kg)	eCoA reference	11.2 — Cadmium (Cd) (mg/kg)	eCoA reference	11.3 — Arsenic (As) (mg/kg)	eCoA reference	11.4 — Mercury (Hg) (mg/kg)	eCoA reference	12 — Pesticide Residues	eCoA reference
								A.C. Conforms to description		A.C. Conforms to description		A.C. Identity confirmed		A.C. Per target grade (QCSP 001 §01)			A.C. ≤ 1.0		A.C. ≤ 1.0		A.C. ≤ 2.0		A.C. ≤ 12.0		A.C. ≤ 10⁵		A.C. ≤ 10⁴		A.C. ≤ 10⁴		A.C. Absence /25 g		A.C. Absence /1 g		A.C. ≤ 2		A.C. ≤ 4		A.C. ≤ 20		A.C. ≤ 0.5		A.C. ≤ 0.3		A.C. ≤ 0.2		A.C. ≤ 0.1		A.C. ≤ LOQ (Ph. Eur. 2.8.13)	
1	2024-08	CoQ-PP-2026-0005	GP0824_01	P050102	Grape Pie	GP_THC20:CBD1	R1 · Apr 2025	Conforms	iCoA-PP-2026-0002 (proposed), 13.08.2026, PP	Conforms	iCoA-PP-2026-0002 (proposed), 13.08.2026, PP	Missing / not tested	—	20.79	Grade III, 18.00 – 22.00	ППК25105, 17.04.2025, CNP	0.06	ППК25105, 17.04.2025, CNP	Missing / not tested	—	Conforms	iCoA-PP-2026-0001 (proposed), 13.08.2026, PP	6.73	ППК25105, 17.04.2025, CNP	4.2×10³ ; 5.2×10³	318/0585/25, 14.04.2025, IPH ; 319/0586/25, 14.04.2025, IPH	6×10² ; 8.8×10²	318/0585/25, 14.04.2025, IPH ; 319/0586/25, 14.04.2025, IPH	<10 ; <10	318/0585/25, 14.04.2025, IPH ; 319/0586/25, 14.04.2025, IPH	Одговара (absent) ; Одговара (absent)	318/0585/25, 14.04.2025, IPH ; 319/0586/25, 14.04.2025, IPH	Одговара (absent) ; Одговара (absent)	318/0585/25, 14.04.2025, IPH ; 319/0586/25, 14.04.2025, IPH	Missing / not tested	—	<2	1767/2025, 11.04.2025, IPH	Missing / not tested	—	0.026	1767/2025, 11.04.2025, IPH	0.005	1767/2025, 11.04.2025, IPH	0.015	1767/2025, 11.04.2025, IPH	0.005	1767/2025, 11.04.2025, IPH	ND / <LOQ (13 analytes)	1767/2025, 11.04.2025, IPH
2	2024-08	CoQ-PP-2026-0014	GP0824_02	P050022	Grape Pie	GP_THC24:CBD1	R1 · May–Jul 2025	Conforms	iCoA-PP-2026-0004 (proposed), 13.08.2026, PP	Conforms	iCoA-PP-2026-0004 (proposed), 13.08.2026, PP	Missing / not tested	—	23.19 ; 23.79	Grade II, 22.00 – 26.00 ; Grade II, 22.00 – 26.00	ППК25174, 10.07.2025, CNP ; ППК25139, 22.05.2025, CNP	0.07 ; 0.10	ППК25174, 10.07.2025, CNP ; ППК25139, 22.05.2025, CNP	—	—	Conforms	iCoA-PP-2026-0003 (proposed), 13.08.2026, PP	6.51 ; 7.21	ППК25174, 10.07.2025, CNP ; ППК25139, 22.05.2025, CNP	<10 ; 700	627/1128/25, 02.07.2025, IPH ; 471/0862/25, 22.05.2025, IPH	<10 ; <10	627/1128/25, 02.07.2025, IPH ; 471/0862/25, 22.05.2025, IPH	<10 ; <10¹ and >10	627/1128/25, 02.07.2025, IPH ; 471/0862/25, 22.05.2025, IPH	Одговара (absent) ; Одговара (absent)	627/1128/25, 02.07.2025, IPH ; 471/0862/25, 22.05.2025, IPH	Одговара (absent) ; Одговара (absent)	627/1128/25, 02.07.2025, IPH ; 471/0862/25, 22.05.2025, IPH	—	—	<2 ; <2	3176/2025, 26.06.2025, IPH ; 2471/2025, 30.05.2025, IPH	—	—	N.D. ; N.D.	3176/2025, 26.06.2025, IPH ; 2471/2025, 30.05.2025, IPH	N.D. ; N.D.	3176/2025, 26.06.2025, IPH ; 2471/2025, 30.05.2025, IPH	0.047 ; N.D.	3176/2025, 26.06.2025, IPH ; 2471/2025, 30.05.2025, IPH	N.D. ; N.D.	3176/2025, 26.06.2025, IPH ; 2471/2025, 30.05.2025, IPH	ND / <LOQ (13 analytes) ; ND / <LOQ (13 analytes)	3176/2025, 26.06.2025, IPH ; 2471/2025, 30.05.2025, IPH
		CoQ-PP-2026-0075					R2 · Aug 2026	—	—	—	—			22.61	Grade II, 22.00 – 26.00	197-11-К/26, 07.08.2026, FARM	<LOQ %w/w	197-11-К/26, 07.08.2026, FARM	0.23	197-11-К/26, 07.08.2026, FARM	—	—	—	—	—	—	—	—	—	—	—	—	—	—	ND	197-11-М/26, 10.08.2026, FARM	ND ; ND ; ND ; ND (all four not detected)	197-11-М/26, 10.08.2026, FARM ; 197-11-М/26, 10.08.2026, FARM ; 197-11-М/26, 10.08.2026, FARM ; 197-11-М/26, 10.08.2026, FARM	ND	197-11-М/26, 10.08.2026, FARM	—	—	—	—	—	—	—	—	—	—
3	2024-08	CoQ-PP-2026-0015	GP0824_03	P050072	Grape Pie	GP_THC24:CBD1	R1 · Jun–Jul 2025	Conforms	iCoA-PP-2026-0006 (proposed), 13.08.2026, PP	Conforms	iCoA-PP-2026-0006 (proposed), 13.08.2026, PP	Missing / not tested	—	25.45	Grade II, 22.00 – 26.00	ППК25175, 10.07.2025, CNP	0.08	ППК25175, 10.07.2025, CNP	Missing / not tested	—	Conforms	iCoA-PP-2026-0005 (proposed), 13.08.2026, PP	6.58	ППК25175, 10.07.2025, CNP	1.1×10⁴	628/1129/25, 02.07.2025, IPH	1.2×10³	628/1129/25, 02.07.2025, IPH	<10¹ and >10³	628/1129/25, 02.07.2025, IPH	Одговара (absent)	628/1129/25, 02.07.2025, IPH	Одговара (absent)	628/1129/25, 02.07.2025, IPH	Missing / not tested	—	<2	3178/2025, 26.06.2025, IPH	Missing / not tested	—	N.D.	3178/2025, 26.06.2025, IPH	N.D.	3178/2025, 26.06.2025, IPH	0.119	3178/2025, 26.06.2025, IPH	N.D.	3178/2025, 26.06.2025, IPH	ND / <LOQ (13 analytes)	3178/2025, 26.06.2025, IPH
4	2024-08	CoQ-PP-2026-0009	MB0824_04	P050032	Motor Breath	MB_THC17.5:CBD1	R1 · May 2025	Conforms	iCoA-PP-2026-0008 (proposed), 13.08.2026, PP	Conforms	iCoA-PP-2026-0008 (proposed), 13.08.2026, PP	Missing / not tested	—	18.67	Grade III, 15.00 – 20.00	ППК25118, 06.05.2025, CNP	0.05	ППК25118, 06.05.2025, CNP	Missing / not tested	—	Conforms	iCoA-PP-2026-0007 (proposed), 13.08.2026, PP	6.01	ППК25118, 06.05.2025, CNP	<10	406/0744/25, 05.05.2025, IPH	<10	406/0744/25, 05.05.2025, IPH	<10	406/0744/25, 05.05.2025, IPH	Одговара (absent)	406/0744/25, 05.05.2025, IPH	Одговара (absent)	406/0744/25, 05.05.2025, IPH	Missing / not tested	—	<2	2157/2025, 07.05.2025, IPH	Missing / not tested	—	0.031	2157/2025, 07.05.2025, IPH	0.005	2157/2025, 07.05.2025, IPH	0.011	2157/2025, 07.05.2025, IPH	N.D.	2157/2025, 07.05.2025, IPH	ND / <LOQ (13 analytes)	2157/2025, 07.05.2025, IPH
5	2024-08	CoQ-PP-2026-0017	MB0824_05	P050112	Motor Breath	MB_THC17.5:CBD1	R1 · Jul 2025	Conforms	iCoA-PP-2026-0010 (proposed), 13.08.2026, PP	Conforms	iCoA-PP-2026-0010 (proposed), 13.08.2026, PP	Missing / not tested	—	16.82	Grade III, 15.00 – 20.00	ППК52211, 28.07.2025, CNP	0.06	ППК52211, 28.07.2025, CNP	Missing / not tested	—	Conforms	iCoA-PP-2026-0009 (proposed), 13.08.2026, PP	6.56	ППК52211, 28.07.2025, CNP	3.5×10³	767/1376/25, 29.07.2025, IPH	1×10³	767/1376/25, 29.07.2025, IPH	<10	767/1376/25, 29.07.2025, IPH	Одговара (absent)	767/1376/25, 29.07.2025, IPH	Одговара (absent)	767/1376/25, 29.07.2025, IPH	Missing / not tested	—	2	3638/2025, 28.07.2025, IPH	Missing / not tested	—	N.D.	3638/2025, 28.07.2025, IPH	N.D.	3638/2025, 28.07.2025, IPH	0.086	3638/2025, 28.07.2025, IPH	0.006	3638/2025, 28.07.2025, IPH	ND / <LOQ (13 analytes)	3638/2025, 28.07.2025, IPH
6	2024-10	CoQ-PP-2026-0002	BG1024	—	Blue Gelato	BG_THC23:CBD1 / BG_THC27.5:CBD1	R1 · Feb 2025	Conforms	iCoA-PP-2026-0012 (proposed), 13.08.2026, PP	Conforms	iCoA-PP-2026-0012 (proposed), 13.08.2026, PP	Missing / not tested	—	21.80	Grade II, 20.80 – 25.25	ППК25050, 26.02.2025, CNP	0.04	ППК25050, 26.02.2025, CNP	—	—	Conforms	iCoA-PP-2026-0011 (proposed), 13.08.2026, PP	5.73	ППК25050, 26.02.2025, CNP	1.6×10⁴	163/0271/25, 24.02.2025, IPH	1×10³	163/0271/25, 24.02.2025, IPH	<10² and >10	163/0271/25, 24.02.2025, IPH	Одговара (absent)	163/0271/25, 24.02.2025, IPH	Одговара (absent)	163/0271/25, 24.02.2025, IPH	—	—	<2	752/2025, 27.02.2025, IPH	—	—	0.01	752/2025, 27.02.2025, IPH	0.016	752/2025, 27.02.2025, IPH	0.014	752/2025, 27.02.2025, IPH	0.005	752/2025, 27.02.2025, IPH	ND / <LOQ (13 analytes)	752/2025, 27.02.2025, IPH
		CoQ-PP-2026-0076					R2 · Aug 2026	—	—	—	—			26.14	Grade I, 25.25 – 30.00	197-1-К/26, 07.08.2026, FARM	<LOQ %w/w	197-1-К/26, 07.08.2026, FARM	0.28	197-1-К/26, 07.08.2026, FARM	—	—	—	—	—	—	—	—	—	—	—	—	—	—	ND	197-1-М/26, 10.08.2026, FARM	ND ; ND ; ND ; ND (all four not detected)	197-1-М/26, 10.08.2026, FARM ; 197-1-М/26, 10.08.2026, FARM ; 197-1-М/26, 10.08.2026, FARM ; 197-1-М/26, 10.08.2026, FARM	ND	197-1-М/26, 10.08.2026, FARM	—	—	—	—	—	—	—	—	—	—
7	2024-10	CoQ-PP-2026-0003	BSS1024	—	Blue Sunset Sherbet	BSS_THC22:CBD1 / BSS_THC27.5:CBD1	R1 · Feb 2025	Conforms	iCoA-PP-2026-0014 (proposed), 13.08.2026, PP	Conforms	iCoA-PP-2026-0014 (proposed), 13.08.2026, PP	Missing / not tested	—	21.03	Grade II, 19.39 – 24.75	ППК25051, 26.02.2025, CNP	0.04	ППК25051, 26.02.2025, CNP	—	—	Conforms	iCoA-PP-2026-0013 (proposed), 13.08.2026, PP	5.99	ППК25051, 26.02.2025, CNP	1.5×10⁴	161/0269/25, 24.02.2025, IPH	2.2×10³	161/0269/25, 24.02.2025, IPH	<10² and >10	161/0269/25, 24.02.2025, IPH	Одговара (absent)	161/0269/25, 24.02.2025, IPH	Одговара (absent)	161/0269/25, 24.02.2025, IPH	—	—	<2	751/2025, 27.02.2025, IPH	—	—	0.071	751/2025, 27.02.2025, IPH	0.014	751/2025, 27.02.2025, IPH	0.081	751/2025, 27.02.2025, IPH	0.014	751/2025, 27.02.2025, IPH	ND / <LOQ (13 analytes)	751/2025, 27.02.2025, IPH
		CoQ-PP-2026-0077					R2 · Aug 2026	—	—	—	—			25.01	Grade I, 24.75 – 30.00	197-2-К/26, 07.08.2026, FARM	<LOQ %w/w	197-2-К/26, 07.08.2026, FARM	<LOQ %w/w	197-2-К/26, 07.08.2026, FARM	—	—	—	—	—	—	—	—	—	—	—	—	—	—	ND	197-2-М/26, 10.08.2026, FARM	ND ; ND ; ND ; ND (all four not detected)	197-2-М/26, 10.08.2026, FARM ; 197-2-М/26, 10.08.2026, FARM ; 197-2-М/26, 10.08.2026, FARM ; 197-2-М/26, 10.08.2026, FARM	ND	197-2-М/26, 10.08.2026, FARM	—	—	—	—	—	—	—	—	—	—
8	2024-10	CoQ-PP-2026-0016	BSS1024_01	P050122	Blue Sunset Sherbet	BSS_THC22:CBD1	R1 · Jun–Jul 2025	Conforms	iCoA-PP-2026-0016 (proposed), 13.08.2026, PP	Conforms	iCoA-PP-2026-0016 (proposed), 13.08.2026, PP	Missing / not tested	—	23.42	Grade II, 19.39 – 24.75	ППК25176, 10.07.2025, CNP	0.06	ППК25176, 10.07.2025, CNP	Missing / not tested	—	Conforms	iCoA-PP-2026-0015 (proposed), 13.08.2026, PP	6.38	ППК25176, 10.07.2025, CNP	<10	626/1127/25, 02.07.2025, IPH	<10	626/1127/25, 02.07.2025, IPH	<10	626/1127/25, 02.07.2025, IPH	Одговара (absent)	626/1127/25, 02.07.2025, IPH	Одговара (absent)	626/1127/25, 02.07.2025, IPH	Missing / not tested	—	<2	3177/2025, 26.06.2025, IPH	Missing / not tested	—	N.D.	3177/2025, 26.06.2025, IPH	N.D.	3177/2025, 26.06.2025, IPH	0.112	3177/2025, 26.06.2025, IPH	N.D.	3177/2025, 26.06.2025, IPH	ND / <LOQ (13 analytes)	3177/2025, 26.06.2025, IPH
9	2024-10	CoQ-PP-2026-0004	CJ1024	—	Cap Junky	CJ_THC22.5:CBD1	R1 · Feb 2025	Conforms	iCoA-PP-2026-0018 (proposed), 13.08.2026, PP	Conforms	iCoA-PP-2026-0018 (proposed), 13.08.2026, PP	Missing / not tested	—	23.00	Grade II, 19.75 – 25.25	ППК25052, 26.02.2025, CNP	0.05	ППК25052, 26.02.2025, CNP	Missing / not tested	—	Conforms	iCoA-PP-2026-0017 (proposed), 13.08.2026, PP	5.91	ППК25052, 26.02.2025, CNP	8.4×10³	164/0272/25, 24.02.2025, IPH	<10	164/0272/25, 24.02.2025, IPH	<10	164/0272/25, 24.02.2025, IPH	Одговара (absent)	164/0272/25, 24.02.2025, IPH	Одговара (absent)	164/0272/25, 24.02.2025, IPH	Missing / not tested	—	<2	750/2025, 27.02.2025, IPH	Missing / not tested	—	0.036	750/2025, 27.02.2025, IPH	0.013	750/2025, 27.02.2025, IPH	0.063	750/2025, 27.02.2025, IPH	0.006	750/2025, 27.02.2025, IPH	ND / <LOQ (13 analytes)	750/2025, 27.02.2025, IPH
10	2024-10	CoQ-PP-2026-0007	GG1024	—	Gorilla Glue	GG_THC15:CBD1	R1 · Apr 2025	Confirms	n/a — Purely Plant in-house CoA (Batch GG1024, no certificate/report number printed), 23.04.2025, PP	Conforms	iCoA-PP-2026-0019 (proposed), 13.08.2026, PP	Confirms	n/a — Purely Plant in-house CoA (Batch GG1024, no certificate/report number printed), 23.04.2025, CNP	13.34	Grade III, 12.34 – 18.00	n/a — Purely Plant in-house CoA (Batch GG1024, no certificate/report number printed), 23.04.2025, CNP	0.03	n/a — Purely Plant in-house CoA (Batch GG1024, no certificate/report number printed), 23.04.2025, CNP	Missing / not tested	—	Confirms	n/a — Purely Plant in-house CoA (Batch GG1024, no certificate/report number printed), 23.04.2025, PP	Missing / not tested	—	1.1·10^4	n/a — Purely Plant in-house CoA (Batch GG1024, no certificate/report number printed), 23.04.2025, CNP	<10	n/a — Purely Plant in-house CoA (Batch GG1024, no certificate/report number printed), 23.04.2025, CNP	<10^2 >10	n/a — Purely Plant in-house CoA (Batch GG1024, no certificate/report number printed), 23.04.2025, CNP	Absent	n/a — Purely Plant in-house CoA (Batch GG1024, no certificate/report number printed), 23.04.2025, CNP	Absent	n/a — Purely Plant in-house CoA (Batch GG1024, no certificate/report number printed), 23.04.2025, CNP	Missing / not tested	—	<2	n/a — Purely Plant in-house CoA (Batch GG1024, no certificate/report number printed), 23.04.2025, CNP	Missing / not tested	—	0.052	n/a — Purely Plant in-house CoA (Batch GG1024, no certificate/report number printed), 23.04.2025, CNP	0.016	n/a — Purely Plant in-house CoA (Batch GG1024, no certificate/report number printed), 23.04.2025, CNP	0.04	n/a — Purely Plant in-house CoA (Batch GG1024, no certificate/report number printed), 23.04.2025, CNP	0.004	n/a — Purely Plant in-house CoA (Batch GG1024, no certificate/report number printed), 23.04.2025, CNP	ND / <LOQ (13 analytes)	n/a — Purely Plant in-house CoA (Batch GG1024, no certificate/report number printed), 23.04.2025, CNP
11	2024-10	CoQ-PP-2026-0006	GG1024_01	P050092	Gorilla Glue	GG_THC15:CBD1 / GG_THC21:CBD1	R1 · Apr 2025	Conforms	iCoA-PP-2026-0021 (proposed), 13.08.2026, PP	Conforms	iCoA-PP-2026-0021 (proposed), 13.08.2026, PP	Missing / not tested	—	17.22	Grade III, 12.34 – 18.00	ППК25104, 17.04.2025, CNP	0.05	ППК25104, 17.04.2025, CNP	—	—	Conforms	iCoA-PP-2026-0020 (proposed), 13.08.2026, PP	7.54	ППК25104, 17.04.2025, CNP	5.1×10⁴	320/0587/25, 14.04.2025, IPH	4.2×10³	320/0587/25, 14.04.2025, IPH	<10	320/0587/25, 14.04.2025, IPH	Одговара (absent)	320/0587/25, 14.04.2025, IPH	Одговара (absent)	320/0587/25, 14.04.2025, IPH	—	—	<2	1766/2025, 11.04.2025, IPH	—	—	0.02	1766/2025, 11.04.2025, IPH	0.007	1766/2025, 11.04.2025, IPH	0.015	1766/2025, 11.04.2025, IPH	0.005	1766/2025, 11.04.2025, IPH	ND / <LOQ (13 analytes)	1766/2025, 11.04.2025, IPH
		CoQ-PP-2026-0078					R2 · Aug 2026	—	—	—	—			18.67	Grade II, 18.00 – 24.00	197-9-К/26, 07.08.2026, FARM	<LOQ %w/w	197-9-К/26, 07.08.2026, FARM	0.20	197-9-К/26, 07.08.2026, FARM	—	—	—	—	—	—	—	—	—	—	—	—	—	—	ND	197-9-М/26, 10.08.2026, FARM	ND ; ND ; ND ; ND (all four not detected)	197-9-М/26, 10.08.2026, FARM ; 197-9-М/26, 10.08.2026, FARM ; 197-9-М/26, 10.08.2026, FARM ; 197-9-М/26, 10.08.2026, FARM	ND	197-9-М/26, 10.08.2026, FARM	—	—	—	—	—	—	—	—	—	—
12	2024-10	CoQ-PP-2026-0011	GG1024_02	P050012	Gorilla Glue	GG_THC15:CBD1	R1 · May 2025	Conforms	iCoA-PP-2026-0023 (proposed), 13.08.2026, PP	Conforms	iCoA-PP-2026-0023 (proposed), 13.08.2026, PP	Missing / not tested	—	15.95	Grade III, 12.34 – 18.00	ППК25140, 22.05.2025, CNP	0.05	ППК25140, 22.05.2025, CNP	Missing / not tested	—	Conforms	iCoA-PP-2026-0022 (proposed), 13.08.2026, PP	6.88	ППК25140, 22.05.2025, CNP	2.1×10⁴	472/0863/25, 22.05.2025, IPH	1.9×10⁴	472/0863/25, 22.05.2025, IPH	<10	472/0863/25, 22.05.2025, IPH	Одговара (absent)	472/0863/25, 22.05.2025, IPH	Одговара (absent)	472/0863/25, 22.05.2025, IPH	Missing / not tested	—	<2	2472/2025, 30.05.2025, IPH	Missing / not tested	—	N.D.	2472/2025, 30.05.2025, IPH	N.D.	2472/2025, 30.05.2025, IPH	N.D.	2472/2025, 30.05.2025, IPH	N.D.	2472/2025, 30.05.2025, IPH	ND / <LOQ (13 analytes)	2472/2025, 30.05.2025, IPH
13	2024-10	CoQ-PP-2026-0001	HPA1024	—	High Pro Amnesia	HPA_THC16:CBD1	R1 · Jan 2025	Confirms	n/a — Purely Plant in-house CoA (Batch HPA1024, no certificate/report number printed), 23.01.2025, PP	Conforms	iCoA-PP-2026-0024 (proposed), 13.08.2026, PP	Confirms	n/a — Purely Plant in-house CoA (Batch HPA1024, no certificate/report number printed), 23.01.2025, CNP	14.97	Grade III, 13.50 – 19.39	n/a — Purely Plant in-house CoA (Batch HPA1024, no certificate/report number printed), 23.01.2025, CNP	0.04	n/a — Purely Plant in-house CoA (Batch HPA1024, no certificate/report number printed), 23.01.2025, CNP	—	—	Confirms	n/a — Purely Plant in-house CoA (Batch HPA1024, no certificate/report number printed), 23.01.2025, PP	Missing / not tested	—	5.2·10^4	n/a — Purely Plant in-house CoA (Batch HPA1024, no certificate/report number printed), 23.01.2025, CNP	7·10^2	n/a — Purely Plant in-house CoA (Batch HPA1024, no certificate/report number printed), 23.01.2025, CNP	<10 CFU/g [DATA INTEGRITY FLAG — see source]	n/a — Purely Plant in-house CoA (Batch HPA1024, no certificate/report number printed), 23.01.2025, CNP	Absent	n/a — Purely Plant in-house CoA (Batch HPA1024, no certificate/report number printed), 23.01.2025, CNP	Absent	n/a — Purely Plant in-house CoA (Batch HPA1024, no certificate/report number printed), 23.01.2025, CNP	—	—	<2	n/a — Purely Plant in-house CoA (Batch HPA1024, no certificate/report number printed), 23.01.2025, CNP	—	—	0.02	n/a — Purely Plant in-house CoA (Batch HPA1024, no certificate/report number printed), 23.01.2025, CNP	0.013	n/a — Purely Plant in-house CoA (Batch HPA1024, no certificate/report number printed), 23.01.2025, CNP	0.017	n/a — Purely Plant in-house CoA (Batch HPA1024, no certificate/report number printed), 23.01.2025, CNP	0.0026	n/a — Purely Plant in-house CoA (Batch HPA1024, no certificate/report number printed), 23.01.2025, CNP	ND / <LOQ (13 analytes)	n/a — Purely Plant in-house CoA (Batch HPA1024, no certificate/report number printed), 23.01.2025, CNP
		CoQ-PP-2026-0079					R2 · Aug 2026	—	—	—	—	—	—	17.31	Grade III, 13.50 – 19.39	197-13-К/26, 07.08.2026, FARM	<LOQ %w/w	197-13-К/26, 07.08.2026, FARM	0.36	197-13-К/26, 07.08.2026, FARM	—	—			—	—	—	—	—	—	—	—	—	—	ND	197-13-М/26, 10.08.2026, FARM	ND ; ND ; ND ; ND (all four aflatoxins not detected)	197-13-М/26, 10.08.2026, FARM ; 197-13-М/26, 10.08.2026, FARM ; 197-13-М/26, 10.08.2026, FARM ; 197-13-М/26, 10.08.2026, FARM	<LOQ	197-13-М/26, 10.08.2026, FARM	—	—	—	—	—	—	—	—	—	—
14	2024-10	CoQ-PP-2026-0012	HPA1024_01	P050052	High Pro Amnesia	HPA_THC22:CBD1	R1 · Jun 2025	Conforms	iCoA-PP-2026-0026 (proposed), 13.08.2026, PP	Conforms	iCoA-PP-2026-0026 (proposed), 13.08.2026, PP	Missing / not tested	—	22.43	Grade II, 19.39 – 24.75	НИК22155, 24.06.2025, CNP	24.70% [DATA INTEGRITY FLAG — see source]	НИК22155, 24.06.2025, CNP	—	—	Conforms	iCoA-PP-2026-0025 (proposed), 13.08.2026, PP	6.36	НИК22155, 24.06.2025, CNP	9.6×10³	587/1066/25, 18.06.2025, IPH	1.5×10⁴	587/1066/25, 18.06.2025, IPH	<10	587/1066/25, 18.06.2025, IPH	Одговара (absent)	587/1066/25, 18.06.2025, IPH	Одговара (absent)	587/1066/25, 18.06.2025, IPH	—	—	<2	2995/2025, 19.06.2025, IPH	—	—	0.059	2995/2025, 19.06.2025, IPH	0.014	2995/2025, 19.06.2025, IPH	0.037	2995/2025, 19.06.2025, IPH	0.008	2995/2025, 19.06.2025, IPH	ND / <LOQ (13 analytes)	2995/2025, 19.06.2025, IPH
		CoQ-PP-2026-0080					R2 · Aug 2026	—	—	—	—			21.61	Grade II, 19.39 – 24.75	197-14-К/26, 07.08.2026, FARM	<LOQ %w/w	197-14-К/26, 07.08.2026, FARM	<LOQ %w/w	197-14-К/26, 07.08.2026, FARM	—	—	—	—	—	—	—	—	—	—	—	—	—	—	ND	197-14-М/26, 10.08.2026, FARM	ND ; ND ; ND ; ND (all four not detected)	197-14-М/26, 10.08.2026, FARM ; 197-14-М/26, 10.08.2026, FARM ; 197-14-М/26, 10.08.2026, FARM ; 197-14-М/26, 10.08.2026, FARM	2.06 µg/kg  — DETECTED, >LOQ	197-14-М/26, 10.08.2026, FARM	—	—	—	—	—	—	—	—	—	—
15	2024-10	CoQ-PP-2026-0008	OPM1024	—	Orange Punch Mimosa	OPM_THC22:CBD1	R1 · Apr 2025	Confirms	n/a — Purely Plant in-house CoA (Batch OPM1024, no certificate/report number printed), 23.04.2025, PP	Conforms	iCoA-PP-2026-0027 (proposed), 13.08.2026, PP	Confirms	n/a — Purely Plant in-house CoA (Batch OPM1024, no certificate/report number printed), 23.04.2025, CNP	19.96	Grade II, 19.00 – 25.00	n/a — Purely Plant in-house CoA (Batch OPM1024, no certificate/report number printed), 23.04.2025, CNP	0.05	n/a — Purely Plant in-house CoA (Batch OPM1024, no certificate/report number printed), 23.04.2025, CNP	—	—	Confirms	n/a — Purely Plant in-house CoA (Batch OPM1024, no certificate/report number printed), 23.04.2025, PP	Missing / not tested	—	1.3·10^4	n/a — Purely Plant in-house CoA (Batch OPM1024, no certificate/report number printed), 23.04.2025, CNP	7·10^2	n/a — Purely Plant in-house CoA (Batch OPM1024, no certificate/report number printed), 23.04.2025, CNP	<10²>10³ CFU/g [DATA INTEGRITY FLAG — see source]	n/a — Purely Plant in-house CoA (Batch OPM1024, no certificate/report number printed), 23.04.2025, CNP	Absent	n/a — Purely Plant in-house CoA (Batch OPM1024, no certificate/report number printed), 23.04.2025, CNP	Absent	n/a — Purely Plant in-house CoA (Batch OPM1024, no certificate/report number printed), 23.04.2025, CNP	—	—	<2	n/a — Purely Plant in-house CoA (Batch OPM1024, no certificate/report number printed), 23.04.2025, CNP	—	—	0.031	n/a — Purely Plant in-house CoA (Batch OPM1024, no certificate/report number printed), 23.04.2025, CNP	0.017	n/a — Purely Plant in-house CoA (Batch OPM1024, no certificate/report number printed), 23.04.2025, CNP	0.045	n/a — Purely Plant in-house CoA (Batch OPM1024, no certificate/report number printed), 23.04.2025, CNP	0.005	n/a — Purely Plant in-house CoA (Batch OPM1024, no certificate/report number printed), 23.04.2025, CNP	ND / <LOQ (13 analytes)	n/a — Purely Plant in-house CoA (Batch OPM1024, no certificate/report number printed), 23.04.2025, CNP
		CoQ-PP-2026-0081					R2 · Aug 2026	—	—	—	—	—	—	20.03	Grade II, 19.00 – 25.00	197-17-К/26, 07.08.2026, FARM	<LOQ %w/w	197-17-К/26, 07.08.2026, FARM	<LOQ %w/w	197-17-К/26, 07.08.2026, FARM	—	—			—	—	—	—	—	—	—	—	—	—	ND	197-17-М/26, 10.08.2026, FARM	ND ; ND ; ND ; ND (all four aflatoxins not detected)	197-17-М/26, 10.08.2026, FARM ; 197-17-М/26, 10.08.2026, FARM ; 197-17-М/26, 10.08.2026, FARM ; 197-17-М/26, 10.08.2026, FARM	ND	197-17-М/26, 10.08.2026, FARM	—	—	—	—	—	—	—	—	—	—
16	2024-10	CoQ-PP-2026-0010	OPM1024_01	P050042	Orange Punch Mimosa	OPM_THC16:CBD1	R1 · May 2025	Conforms	iCoA-PP-2026-0029 (proposed), 13.08.2026, PP	Conforms	iCoA-PP-2026-0029 (proposed), 13.08.2026, PP	Missing / not tested	—	15.38	Grade III, 13.00 – 19.00	ППК25117, 06.05.2025, CNP	0.04	ППК25117, 06.05.2025, CNP	Missing / not tested	—	Conforms	iCoA-PP-2026-0028 (proposed), 13.08.2026, PP	5.86	ППК25117, 06.05.2025, CNP	<10	407/0745/25, 07.05.2025, IPH	<10	407/0745/25, 07.05.2025, IPH	<10² and >10	407/0745/25, 07.05.2025, IPH	Absent	407/0745/25, 07.05.2025, IPH	Absent	407/0745/25, 07.05.2025, IPH	Missing / not tested	—	<2	2156/2025, 07.05.2025, IPH	Missing / not tested	—	0.031	2156/2025, 07.05.2025, IPH	0.004	2156/2025, 07.05.2025, IPH	0.01	2156/2025, 07.05.2025, IPH	0.001	2156/2025, 07.05.2025, IPH	ND / <LOQ (13 analytes)	2156/2025, 07.05.2025, IPH
17	2024-10	CoQ-PP-2026-0013	OPM1024_02	P050062	Orange Punch Mimosa	OPM_THC16:CBD1	R1 · Jun 2025	Conforms	iCoA-PP-2026-0031 (proposed), 13.08.2026, PP	Conforms	iCoA-PP-2026-0031 (proposed), 13.08.2026, PP	Missing / not tested	—	18.27	Grade III, 13.00 – 19.00	ППК21554, 24.06.2025, CNP	0.05	ППК21554, 24.06.2025, CNP	—	—	Conforms	iCoA-PP-2026-0030 (proposed), 13.08.2026, PP	6.89	ППК21554, 24.06.2025, CNP	3.4×10³	588/1067/25, 13.06.2025, IPH	3.6×10³	588/1067/25, 13.06.2025, IPH	<10	588/1067/25, 13.06.2025, IPH	Одговара (absent)	588/1067/25, 13.06.2025, IPH	Одговара (absent)	588/1067/25, 13.06.2025, IPH	—	—	<2	2994/2025, 19.06.2025, IPH	—	—	0.052	2994/2025, 19.06.2025, IPH	0.011	2994/2025, 19.06.2025, IPH	0.028	2994/2025, 19.06.2025, IPH	0.061	2994/2025, 19.06.2025, IPH	ND / <LOQ (13 analytes)	2994/2025, 19.06.2025, IPH
		CoQ-PP-2026-0082					R2 · Aug 2026	—	—	—	—			18.04	Grade III, 13.00 – 19.00	197-18-К/26, 07.08.2026, FARM	<LOQ %w/w	197-18-К/26, 07.08.2026, FARM	<LOQ %w/w	197-18-К/26, 07.08.2026, FARM	—	—	—	—	—	—	—	—	—	—	—	—	—	—	ND	197-18-М/26, 10.08.2026, FARM	ND ; ND ; ND ; ND (all four not detected)	197-18-М/26, 10.08.2026, FARM ; 197-18-М/26, 10.08.2026, FARM ; 197-18-М/26, 10.08.2026, FARM ; 197-18-М/26, 10.08.2026, FARM	ND	197-18-М/26, 10.08.2026, FARM	—	—	—	—	—	—	—	—	—	—
18	2024-10	CoQ-PP-2026-0018	OPM1024_03	P050082	Orange Punch Mimosa	OPM_THC16:CBD1	R1 · Jul 2025	Conforms	iCoA-PP-2026-0033 (proposed), 13.08.2026, PP	Conforms	iCoA-PP-2026-0033 (proposed), 13.08.2026, PP	Missing / not tested	—	16.55	Grade III, 13.00 – 19.00	ППК25210, 28.07.2025, CNP	0.04	ППК25210, 28.07.2025, CNP	Missing / not tested	—	Conforms	iCoA-PP-2026-0032 (proposed), 13.08.2026, PP	6.38	ППК25210, 28.07.2025, CNP	2×10²	766/1375/25, 29.07.2025, IPH	3×10²	766/1375/25, 29.07.2025, IPH	<10	766/1375/25, 29.07.2025, IPH	Одговара (absent)	766/1375/25, 29.07.2025, IPH	Одговара (absent)	766/1375/25, 29.07.2025, IPH	Missing / not tested	—	2.1	3636/2025, 28.07.2025, IPH	Missing / not tested	—	N.D.	3636/2025, 28.07.2025, IPH	N.D.	3636/2025, 28.07.2025, IPH	0.135	3636/2025, 28.07.2025, IPH	0.03	3636/2025, 28.07.2025, IPH	ND / <LOQ (13 analytes)	3636/2025, 28.07.2025, IPH
19	2025-05	CoQ-PP-2026-0029	BSS052501	P050192	Blue Sunset Sherbet	BSS_THC22:CBD1	R1 · Nov–Dec 2025	Confirms	PP CoA #017, 04.12.2025, PP	Conforms	iCoA-PP-2026-0034 (proposed), 13.08.2026, PP	Confirms	In-house GC cross-check NGP/QCG/SOP-024, 28.11.2025, PP	20.39	Grade II, 19.39 – 24.75	In-house GC cross-check NGP/QCG/SOP-024, 28.11.2025, PP	0.11	In-house GC cross-check NGP/QCG/SOP-024, 28.11.2025, PP	Missing / not tested	—	Confirms	PP CoA #017, 04.12.2025, PP	8.60	In-house GC cross-check NGP/QCG/SOP-024, 28.11.2025, PP	200	1157/2058/25, 24.11.2025, IPH	200	1157/2058/25, 24.11.2025, IPH	< 10^2 and > 10	1157/2058/25, 24.11.2025, IPH	Odgovara (Absent)	1157/2058/25, 24.11.2025, IPH	Odgovara (Absent)	1157/2058/25, 24.11.2025, IPH	ND	276-31-М/25, 04.12.2025, FARM	Missing / not tested	—	<LOQ	276-31-М/25, 04.12.2025, FARM	0.024	5661/2025, 01.12.2025, IPH	0.004	5661/2025, 01.12.2025, IPH	0.025	5661/2025, 01.12.2025, IPH	0.0036	5661/2025, 01.12.2025, IPH	Pesticide residue screen (471 residues: 265 LC/MS/MS Annex 1 + 206 GC/MS/MS Annex 2, MKC EN 15662:2011): Not found any pesticide above LOQ (≤LOQ) — COMPLIES with USP and Ph.Eur.	10802_2845/2, 17.11.2025, SPL
20	2025-05	CoQ-PP-2026-0020	CJ052501/1	P050162	Cap Junky	CJ_THC22.5:CBD1	R1 · Sep 2025	Conforms	iCoA-PP-2026-0036 (proposed), 13.08.2026, PP	Conforms	iCoA-PP-2026-0036 (proposed), 13.08.2026, PP	Missing / not tested	—	20.29	Grade II, 19.75 – 25.25	ППК25280, 17.09.2025, CNP	0.07	ППК25280, 17.09.2025, CNP	—	—	Conforms	iCoA-PP-2026-0035 (proposed), 13.08.2026, PP	7.93	ППК25280, 17.09.2025, CNP	2.8×10⁴	949/1687/25, 17.09.2025, IPH	1.7×10⁴ CFU/g [DATA INTEGRITY FLAG — see source]	949/1687/25, 17.09.2025, IPH	<10³ and >10²	949/1687/25, 17.09.2025, IPH	Одговара (absent)	949/1687/25, 17.09.2025, IPH	Одговара (absent)	949/1687/25, 17.09.2025, IPH	—	—	<2	4350/2025, 15.09.2025, IPH	—	—	0.085	4350/2025, 15.09.2025, IPH	N.D.	4350/2025, 15.09.2025, IPH	N.D.	4350/2025, 15.09.2025, IPH	N.D.	4350/2025, 15.09.2025, IPH	ND / <LOQ (13 analytes)	4350/2025, 15.09.2025, IPH
		CoQ-PP-2026-0083					R2 · Aug 2026	—	—	—	—			24.05	Grade II, 19.75 – 25.25	197-3-К/26, 07.08.2026, FARM	<LOQ %w/w	197-3-К/26, 07.08.2026, FARM	<LOQ %w/w	197-3-К/26, 07.08.2026, FARM	—	—	—	—	—	—	—	—	—	—	—	—	—	—	ND	197-3-М/26, 10.08.2026, FARM	ND ; ND ; ND ; ND (all four not detected)	197-3-М/26, 10.08.2026, FARM ; 197-3-М/26, 10.08.2026, FARM ; 197-3-М/26, 10.08.2026, FARM ; 197-3-М/26, 10.08.2026, FARM	ND	197-3-М/26, 10.08.2026, FARM	—	—	—	—	—	—	—	—	—	—
21	2025-05	CoQ-PP-2026-0021	CJ052501/2	P050172	Cap Junky	CJ_THC17:CBD1	R1 · Sep 2025	Conforms	iCoA-PP-2026-0038 (proposed), 13.08.2026, PP	Conforms	iCoA-PP-2026-0038 (proposed), 13.08.2026, PP	Missing / not tested	—	14.93	Grade III, 13.93 – 19.75	ППК25281, 17.09.2025, CNP	0.10	ППК25281, 17.09.2025, CNP	Missing / not tested	—	Conforms	iCoA-PP-2026-0037 (proposed), 13.08.2026, PP	6.63	ППК25281, 17.09.2025, CNP	9×10³	947/1685/25, 17.09.2025, IPH	6.3×10³	947/1685/25, 17.09.2025, IPH	<10	947/1685/25, 17.09.2025, IPH	Одговара (absent)	947/1685/25, 17.09.2025, IPH	Одговара (absent)	947/1685/25, 17.09.2025, IPH	Missing / not tested	—	<2	4349/2025, 15.09.2025, IPH	Missing / not tested	—	0.02	4349/2025, 15.09.2025, IPH	N.D.	4349/2025, 15.09.2025, IPH	0.042	4349/2025, 15.09.2025, IPH	N.D.	4349/2025, 15.09.2025, IPH	ND / <LOQ (13 analytes)	4349/2025, 15.09.2025, IPH
22	2025-05	CoQ-PP-2026-0022	GP052501	P050152	Grape Pie	GP_THC20:CBD1	R1 · Sep 2025	Conforms	iCoA-PP-2026-0040 (proposed), 13.08.2026, PP	Conforms	iCoA-PP-2026-0040 (proposed), 13.08.2026, PP	Missing / not tested	—	18.98	Grade III, 18.00 – 22.00	ППК25279, 19.09.2025, CNP	0.08	ППК25279, 19.09.2025, CNP	—	—	Conforms	iCoA-PP-2026-0039 (proposed), 13.08.2026, PP	7.30	ППК25279, 19.09.2025, CNP	2.1×10⁴	946/1684/25, 17.09.2025, IPH	3.6×10³ CFU/g [DATA INTEGRITY FLAG — see source]	946/1684/25, 17.09.2025, IPH	<10² and >10¹	946/1684/25, 17.09.2025, IPH	Одговара (absent)	946/1684/25, 17.09.2025, IPH	Одговара (absent)	946/1684/25, 17.09.2025, IPH	—	—	<2	4348/2025, 15.09.2025, IPH	—	—	0.06	4348/2025, 15.09.2025, IPH	N.D.	4348/2025, 15.09.2025, IPH	N.D.	4348/2025, 15.09.2025, IPH	N.D.	4348/2025, 15.09.2025, IPH	ND / <LOQ (13 analytes)	4348/2025, 15.09.2025, IPH
		CoQ-PP-2026-0084					R2 · Aug 2026	—	—	—	—			18.52	Grade III, 18.00 – 22.00	197-10-К/26, 07.08.2026, FARM	<LOQ %w/w	197-10-К/26, 07.08.2026, FARM	<LOQ %w/w	197-10-К/26, 07.08.2026, FARM	—	—	—	—	—	—	—	—	—	—	—	—	—	—	ND	197-10-М/26, 10.08.2026, FARM	ND ; ND ; ND ; ND (all four not detected)	197-10-М/26, 10.08.2026, FARM ; 197-10-М/26, 10.08.2026, FARM ; 197-10-М/26, 10.08.2026, FARM ; 197-10-М/26, 10.08.2026, FARM	ND	197-10-М/26, 10.08.2026, FARM	—	—	—	—	—	—	—	—	—	—
23	2025-05	CoQ-PP-2026-0023	HPA052501	P050182	High Pro Amnesia	HPA_THC22:CBD1	R1 · Sep 2025	Conforms	iCoA-PP-2026-0042 (proposed), 13.08.2026, PP	Conforms	iCoA-PP-2026-0042 (proposed), 13.08.2026, PP	Missing / not tested	—	20.39	Grade II, 19.39 – 24.75	ППК25278, 19.09.2025, CNP	0.09	ППК25278, 19.09.2025, CNP	Missing / not tested	—	Conforms	iCoA-PP-2026-0041 (proposed), 13.08.2026, PP	7.29	ППК25278, 19.09.2025, CNP	2.7×10⁴	948/1686/25, 17.09.2025, IPH	2.6×10⁴	948/1686/25, 17.09.2025, IPH	<10¹	948/1686/25, 17.09.2025, IPH	Одговара (absent)	948/1686/25, 17.09.2025, IPH	Одговара (absent)	948/1686/25, 17.09.2025, IPH	Missing / not tested	—	<2	4352/2025, 15.09.2025, IPH	Missing / not tested	—	0.034	4352/2025, 15.09.2025, IPH	N.D.	4352/2025, 15.09.2025, IPH	N.D.	4352/2025, 15.09.2025, IPH	N.D.	4352/2025, 15.09.2025, IPH	ND / <LOQ (13 analytes)	4352/2025, 15.09.2025, IPH
24	2025-05	CoQ-PP-2026-0019	OPM052501	P050132	Orange Punch Mimosa	OPM_THC16:CBD1	R1 · Aug–Sep 2025	Conforms	iCoA-PP-2026-0044 (proposed), 13.08.2026, PP	Conforms	iCoA-PP-2026-0044 (proposed), 13.08.2026, PP	Missing / not tested	—	14.16	Grade III, 13.00 – 19.00	ППК52557, 05.09.2025, CNP	0.04	ППК52557, 05.09.2025, CNP	Missing / not tested	—	Conforms	iCoA-PP-2026-0043 (proposed), 13.08.2026, PP	8.28	ППК52557, 05.09.2025, CNP	1.2×10⁴	904/1589/25, 02.09.2025, IPH	3.3×10³	904/1589/25, 02.09.2025, IPH	<10	904/1589/25, 02.09.2025, IPH	Одговара (absent)	904/1589/25, 02.09.2025, IPH	Одговара (absent)	904/1589/25, 02.09.2025, IPH	Missing / not tested	—	2.1	4157/2025, 29.08.2025, IPH	Missing / not tested	—	N.D.	4157/2025, 29.08.2025, IPH	N.D.	4157/2025, 29.08.2025, IPH	N.D.	4157/2025, 29.08.2025, IPH	N.D.	4157/2025, 29.08.2025, IPH	ND / <LOQ (13 analytes)	4157/2025, 29.08.2025, IPH
25	2025-06	CoQ-PP-2026-0026	CJ062501/1	P050222	Cap Junky	CJ_THC22.5:CBD1	R1 · Oct–Dec 2025	Conforms	iCoA-PP-2026-0046 (proposed), 13.08.2026, PP	Conforms	iCoA-PP-2026-0046 (proposed), 13.08.2026, PP	Confirms	ППК25321, 23.10.2025, CNP	21.51	Grade II, 19.75 – 25.25	ППК25321, 23.10.2025, CNP	0.07	ППК25321, 23.10.2025, CNP	Missing / not tested	—	Conforms	iCoA-PP-2026-0045 (proposed), 13.08.2026, PP	7.77	ППК25321, 23.10.2025, CNP	<10	1217/2168/25, 01.12.2025, IPH	20	1217/2168/25, 01.12.2025, IPH	<10	1217/2168/25, 01.12.2025, IPH	Odgovara (Absent)	1217/2168/25, 01.12.2025, IPH	Odgovara (Absent)	1217/2168/25, 01.12.2025, IPH	Missing / not tested	—	<2	4907/2025, 24.10.2025, IPH	Missing / not tested	—	0.037	4907/2025, 24.10.2025, IPH	0.002	4907/2025, 24.10.2025, IPH	0.027	4907/2025, 24.10.2025, IPH	0.017	4907/2025, 24.10.2025, IPH	Lindan (Gama HCH): Н.д. (not detected); Aldrin: Н.д. (not detected); Dieldrin i Aldrin (expressed as Dieldrin): Н.д. (not detected); HCB (Hexachlorobenzene): Н.д. (not detected); 4,4' DDE: Н.д. (not detected); 4,4' DDD: Н.д. (not detected); 4,4' DDT: Н.д. (not detected); Vkupno DDT (Total DDT): Н.д. (not detected); delta HCH: Н.д. (not detected); alpha HCH: Н.д. (not detected); beta HCH: Н.д. (not detected); Endrin: Н.д. (not detected); Chlorpyriphos-methyl: Н.д. (not detected); Chlorpyrifos (Chlorpyriphos-ethyl): Н.д. (not detected); Heptachlor (sum of Heptachlor + Heptachlor epoxide): Н.д. (not detected); Endosulfan (alpha, beta and endosulfan sulfate): Н.д. (not detected); Deltamethrin: Н.д. (not detected); Chlordane (sum of cis- and trans-chlordane): Н.д. (not detected); Metoxychlor: Н.д. (not detected); Heptachlor epoxide: Н.д. (not detected); Endrin aldehyde: Н.д. (not detected); alpha Endosulfan: Н.д. (not detected); beta Endosulfan: Н.д. (not detected); Endrin keton: Н.д. (not detected); trans-Chlordane: Н.д. (not detected); cis-Chlordane: Н.д. (not detected); Dieldrin: Н.д. (not detected); Heptachlor: Н.д. (not detected); Endosulfan sulfate: Н.д. (not detected)	4907/2025, 24.10.2025, IPH
26	2025-06	CoQ-PP-2026-0024	CJ062501/2	P050212	Cap Junky	CJ_THC17:CBD1	R1 · Oct 2025	—	—	Conforms	iCoA-PP-2026-0047 (proposed), 13.08.2026, PP	Confirms	ППК25322, 23.10.2025, CNP	16.56	Grade III, 13.93 – 19.75	ППК25322, 23.10.2025, CNP	0.14	ППК25322, 23.10.2025, CNP	—	—	—	—	6.70	ППК25322, 23.10.2025, CNP	2.2×10^4	1032/1851/25, 17.10.2025, IPH	4.9×10^3	1032/1851/25, 17.10.2025, IPH	< 10^4 and > 10^3	1032/1851/25, 17.10.2025, IPH	Odgovara (Absent)	1032/1851/25, 17.10.2025, IPH	Odgovara (Absent)	1032/1851/25, 17.10.2025, IPH	—	—	<2	4908/2025, 24.10.2025, IPH	—	—	0.026	4908/2025, 24.10.2025, IPH	0.002	4908/2025, 24.10.2025, IPH	0.011	4908/2025, 24.10.2025, IPH	0.012	4908/2025, 24.10.2025, IPH	Lindan (Gama HCH): Н.д. (not detected); Aldrin: Н.д. (not detected); Dieldrin i Aldrin (expressed as Dieldrin): Н.д. (not detected); HCB (Hexachlorobenzene): Н.д. (not detected); 4,4' DDE: Н.д. (not detected); 4,4' DDD: Н.д. (not detected); 4,4' DDT: Н.д. (not detected); Vkupno DDT (Total DDT): Н.д. (not detected); delta HCH: Н.д. (not detected); alpha HCH: Н.д. (not detected); beta HCH: Н.д. (not detected); Endrin: Н.д. (not detected); Chlorpyriphos-methyl: Н.д. (not detected); Chlorpyrifos (Chlorpyriphos-ethyl): Н.д. (not detected); Heptachlor (sum of Heptachlor + Heptachlor epoxide): Н.д. (not detected); Endosulfan (alpha, beta and endosulfan sulfate): Н.д. (not detected); Deltamethrin: Н.д. (not detected); Chlordane (sum of cis- and trans-chlordane): Н.д. (not detected); Metoxychlor: Н.д. (not detected); Heptachlor epoxide: Н.д. (not detected); Endrin aldehyde: Н.д. (not detected); alpha Endosulfan: Н.д. (not detected); beta Endosulfan: Н.д. (not detected); Endrin keton: Н.д. (not detected); trans-Chlordane: Н.д. (not detected); cis-Chlordane: Н.д. (not detected); Dieldrin: Н.д. (not detected); Heptachlor: Н.д. (not detected); Endosulfan sulfate: Н.д. (not detected)	4908/2025, 24.10.2025, IPH
		CoQ-PP-2026-0036					R2 · Jan 2026	Confirms	PP CoA #028, 24.01.2026, PP	—	—	—	—	—	—	—	—	—	—	—	Confirms	PP CoA #028, 24.01.2026, PP	—	—	—	—	—	—	—	—	—	—	—	—	—	—	—	—	—	—	—	—	—	—	—	—	—	—	—	—
		CoQ-PP-2026-0085					R3 · Aug 2026	—	—	—	—	—	—	18.91	Grade III, 13.93 – 19.75	197-4-К/26, 07.08.2026, FARM	<LOQ %w/w	197-4-К/26, 07.08.2026, FARM	<LOQ %w/w	197-4-К/26, 07.08.2026, FARM	—	—	—	—	—	—	—	—	—	—	—	—	—	—	ND	197-4-М/26, 10.08.2026, FARM	ND ; ND ; ND ; ND (all four not detected)	197-4-М/26, 10.08.2026, FARM ; 197-4-М/26, 10.08.2026, FARM ; 197-4-М/26, 10.08.2026, FARM ; 197-4-М/26, 10.08.2026, FARM	ND	197-4-М/26, 10.08.2026, FARM	—	—	—	—	—	—	—	—	—	—
27	2025-06	CoQ-PP-2026-0025	GP062501	P050202	Grape Pie	GP_THC24:CBD1	R1 · Oct–Nov 2025	Confirms	PP CoA #016, 04.10.2025, PP	Conforms	iCoA-PP-2026-0048 (proposed), 13.08.2026, PP	Confirms	In-house HPLC cross-check NPCCC/SCP-02, NGP/QCG/SOP-024, 28.11.2025, PP	24.89	Grade II, 22.00 – 26.00	In-house HPLC cross-check NPCCC/SCP-02, NGP/QCG/SOP-024, 28.11.2025, PP	0.17	In-house HPLC cross-check NPCCC/SCP-02, NGP/QCG/SOP-024, 28.11.2025, PP	Missing / not tested	—	Confirms	PP CoA #016, 04.10.2025, PP	8.19% (avg of 4 weighings 51-1,51-2,52-1,52-2)	In-house HPLC cross-check NPCCC/SCP-02, NGP/QCG/SOP-024, 28.11.2025, PP	1.3×10^4 ; 600	1009/1813/25, 08.10.2025, IPH ; 1155/2056/25, 24.11.2025, IPH	4.2×10^3 ; 400	1009/1813/25, 08.10.2025, IPH ; 1155/2056/25, 24.11.2025, IPH	<10^1 and >10^1 ; <10	1009/1813/25, 08.10.2025, IPH ; 1155/2056/25, 24.11.2025, IPH	Odgovara (Absent) ; Odgovara (Absent)	1009/1813/25, 08.10.2025, IPH ; 1155/2056/25, 24.11.2025, IPH	Odgovara (Absent) ; Odgovara (Absent)	1009/1813/25, 08.10.2025, IPH ; 1155/2056/25, 24.11.2025, IPH	Missing / not tested	—	<2	4762/2025, 08.10.2025, IPH	Missing / not tested	—	0.077	4762/2025, 08.10.2025, IPH	0.014	4762/2025, 08.10.2025, IPH	0.024	4762/2025, 08.10.2025, IPH	0.011	4762/2025, 08.10.2025, IPH	Lindan (Gama HCH): Н.д. (not detected); Aldrin: Н.д. (not detected); Dieldrin i Aldrin (expressed as Dieldrin): Н.д. (not detected); HCB (Hexachlorobenzene): Н.д. (not detected); 4,4' DDE: Н.д. (not detected); 4,4' DDD: Н.д. (not detected); 4,4' DDT: Н.д. (not detected); Vkupno DDT (Total DDT): Н.д. (not detected); delta HCH: Н.д. (not detected); alpha HCH: Н.д. (not detected); beta HCH: Н.д. (not detected); Endrin: Н.д. (not detected); Chlorpyriphos-methyl: Н.д. (not detected); Chlorpyrifos (Chlorpyriphos-ethyl): Н.д. (not detected); Heptachlor (sum of Heptachlor + Heptachlor epoxide): Н.д. (not detected); Endosulfan (alpha, beta and endosulfan sulfate): Н.д. (not detected); Deltamethrin: Н.д. (not detected); Chlordane (sum of cis- and trans-chlordane): Н.д. (not detected); Metoxychlor: Н.д. (not detected); Heptachlor epoxide: Н.д. (not detected); Endrin aldehyde: Н.д. (not detected); alpha Endosulfan: Н.д. (not detected); beta Endosulfan: Н.д. (not detected); Endrin keton: Н.д. (not detected); trans-Chlordane: Н.д. (not detected); cis-Chlordane: Н.д. (not detected); Dieldrin: Н.д. (not detected); Heptachlor: Н.д. (not detected); Endosulfan sulfate: Н.д. (not detected)	4762/2025, 08.10.2025, IPH
28	2025-07	CoQ-PP-2026-0027	CJ072501	P050252	Cap Junky	CJ_THC22.5:CBD1	R1 · Nov–Dec 2025	Conforms	iCoA-PP-2026-0050 (proposed), 13.08.2026, PP	Conforms	iCoA-PP-2026-0050 (proposed), 13.08.2026, PP	Missing / not tested	—	23.70	Grade II, 19.75 – 25.25	ППК25367, 28.11.2025, CNP	0.09	ППК25367, 28.11.2025, CNP	Missing / not tested	—	Conforms	iCoA-PP-2026-0049 (proposed), 13.08.2026, PP	8.22	ППК25367, 28.11.2025, CNP	4.5×10^3	1218/2169/25, 01.12.2025, IPH	3.5×10^3	1218/2169/25, 01.12.2025, IPH	<10	1218/2169/25, 01.12.2025, IPH	Odgovara (Absent)	1218/2169/25, 01.12.2025, IPH	Odgovara (Absent)	1218/2169/25, 01.12.2025, IPH	Missing / not tested	—	<2	5697/2025, 02.12.2025, IPH	Missing / not tested	—	0.013	5697/2025, 02.12.2025, IPH	0.004	5697/2025, 02.12.2025, IPH	0.011	5697/2025, 02.12.2025, IPH	0.002	5697/2025, 02.12.2025, IPH	Lindan (Gama HCH): Н.д. (not detected); Aldrin: Н.д. (not detected); Dieldrin i Aldrin (expressed as Dieldrin): Н.д. (not detected); HCB (Hexachlorobenzene): Н.д. (not detected); 4,4' DDE: Н.д. (not detected); 4,4' DDD: Н.д. (not detected); 4,4' DDT: Н.д. (not detected); Vkupno DDT (Total DDT): Н.д. (not detected); delta HCH: Н.д. (not detected); alpha HCH: Н.д. (not detected); beta HCH: Н.д. (not detected); Endrin: Н.д. (not detected); Chlorpyriphos-methyl: Н.д. (not detected); Chlorpyrifos (Chlorpyriphos-ethyl): Н.д. (not detected); Heptachlor (sum of Heptachlor + Heptachlor epoxide): Н.д. (not detected); Endosulfan (alpha, beta and endosulfan sulfate): Н.д. (not detected); Deltamethrin: Н.д. (not detected); Chlordane (sum of cis- and trans-chlordane): Н.д. (not detected); Metoxychlor: Н.д. (not detected); Heptachlor epoxide: Н.д. (not detected); Endrin aldehyde: Н.д. (not detected); alpha Endosulfan: Н.д. (not detected); beta Endosulfan: Н.д. (not detected); Endrin keton: Н.д. (not detected); trans-Chlordane: Н.д. (not detected); cis-Chlordane: Н.д. (not detected); Dieldrin: Н.д. (not detected); Heptachlor: Н.д. (not detected); Endosulfan sulfate: Н.д. (not detected)	5697/2025, 02.12.2025, IPH
29	2025-07	CoQ-PP-2026-0030	CLE072501	P050282	Clemosa a bud	CLE_THC7.5:CBD1	R1 · Nov 2025 – Jan 2026	Conforms	iCoA-PP-2026-0052 (proposed), 13.08.2026, PP	Conforms	iCoA-PP-2026-0052 (proposed), 13.08.2026, PP	Missing / not tested	—	8.02	Grade V, 5.00 – 10.00	PP CoA #027 / ППК25370, 21.01.2026, CNP	0.04	PP CoA #027 / ППК25370, 21.01.2026, CNP	Missing / not tested	—	Conforms	iCoA-PP-2026-0051 (proposed), 13.08.2026, PP	9.68	PP CoA #027 / ППК25370, 21.01.2026, CNP	<10	1219/2170/25, 26.11.2025, IPH	<10	1219/2170/25, 26.11.2025, IPH	<10	1219/2170/25, 26.11.2025, IPH	Odgovara (Absent)	1219/2170/25, 26.11.2025, IPH	Odgovara (Absent)	1219/2170/25, 26.11.2025, IPH	Missing / not tested	—	2.2	5700/2025, 02.12.2025, IPH	Missing / not tested	—	0.032	5700/2025, 02.12.2025, IPH	0.002	5700/2025, 02.12.2025, IPH	0.013	5700/2025, 02.12.2025, IPH	0.021	5700/2025, 02.12.2025, IPH	Lindan (Gama HCH): Н.д. (not detected); Aldrin: Н.д. (not detected); Dieldrin i Aldrin (expressed as Dieldrin): Н.д. (not detected); HCB (Hexachlorobenzene): Н.д. (not detected); 4,4' DDE: Н.д. (not detected); 4,4' DDD: Н.д. (not detected); 4,4' DDT: Н.д. (not detected); Vkupno DDT (Total DDT): Н.д. (not detected); delta HCH: Н.д. (not detected); alpha HCH: Н.д. (not detected); beta HCH: Н.д. (not detected); Endrin: Н.д. (not detected); Chlorpyriphos-methyl: Н.д. (not detected); Chlorpyrifos (Chlorpyriphos-ethyl): Н.д. (not detected); Heptachlor (sum of Heptachlor + Heptachlor epoxide): Н.д. (not detected); Endosulfan (alpha, beta and endosulfan sulfate): Н.д. (not detected); Deltamethrin: Н.д. (not detected); Chlordane (sum of cis- and trans-chlordane): Н.д. (not detected); Metoxychlor: Н.д. (not detected); Heptachlor epoxide: Н.д. (not detected); Endrin aldehyde: Н.д. (not detected); alpha Endosulfan: Н.д. (not detected); beta Endosulfan: Н.д. (not detected); Endrin keton: Н.д. (not detected); trans-Chlordane: Н.д. (not detected); cis-Chlordane: Н.д. (not detected); Dieldrin: Н.д. (not detected); Heptachlor: Н.д. (not detected); Endosulfan sulfate: Н.д. (not detected)	5700/2025, 02.12.2025, IPH
30	2025-07	CoQ-PP-2026-0031	GP072501/1	P050292	Grape Pie	GP_THC20:CBD1	R1 · Dec 2025 – Jan 2026	Conforms	iCoA-PP-2026-0054 (proposed), 13.08.2026, PP	Conforms	iCoA-PP-2026-0054 (proposed), 13.08.2026, PP	Missing / not tested	—	21.36	Grade III, 18.00 – 22.00	PP CoA #018 / ППК25378, 21.01.2026, CNP	0.11	PP CoA #018 / ППК25378, 21.01.2026, CNP	Missing / not tested	—	Conforms	iCoA-PP-2026-0053 (proposed), 13.08.2026, PP	6.62	PP CoA #018 / ППК25378, 21.01.2026, CNP	6×10^3	1228/2194/25, Issued ~Dec 2025, IPH	6.5×10^3	1228/2194/25, Issued ~Dec 2025, IPH	<10	1228/2194/25, Issued ~Dec 2025, IPH	Odgovara (Absent)	1228/2194/25, Issued ~Dec 2025, IPH	Odgovara (Absent)	1228/2194/25, Issued ~Dec 2025, IPH	Missing / not tested	—	<2	5886/2025, 12.12.2025, IPH	Missing / not tested	—	0.028	5886/2025, 12.12.2025, IPH	0.003	5886/2025, 12.12.2025, IPH	0.03	5886/2025, 12.12.2025, IPH	0.025	5886/2025, 12.12.2025, IPH	Lindan (Gama HCH): Н.д. (not detected); Aldrin: Н.д. (not detected); Dieldrin i Aldrin (expressed as Dieldrin): Н.д. (not detected); HCB (Hexachlorobenzene): Н.д. (not detected); 4,4' DDE: Н.д. (not detected); 4,4' DDD: Н.д. (not detected); 4,4' DDT: Н.д. (not detected); Vkupno DDT (Total DDT): Н.д. (not detected); delta HCH: Н.д. (not detected); alpha HCH: Н.д. (not detected); beta HCH: Н.д. (not detected); Endrin: Н.д. (not detected); Chlorpyriphos-methyl: Н.д. (not detected); Chlorpyrifos (Chlorpyriphos-ethyl): Н.д. (not detected); Heptachlor (sum of Heptachlor + Heptachlor epoxide): Н.д. (not detected); Endosulfan (alpha, beta and endosulfan sulfate): Н.д. (not detected); Deltamethrin: Н.д. (not detected); Chlordane (sum of cis- and trans-chlordane): Н.д. (not detected); Metoxychlor: Н.д. (not detected); Heptachlor epoxide: Н.д. (not detected); Endrin aldehyde: Н.д. (not detected); alpha Endosulfan: Н.д. (not detected); beta Endosulfan: Н.д. (not detected); Endrin keton: Н.д. (not detected); trans-Chlordane: Н.д. (not detected); cis-Chlordane: Н.д. (not detected); Dieldrin: Н.д. (not detected); Heptachlor: Н.д. (not detected); Endosulfan sulfate: Н.д. (not detected)	5886/2025, 12.12.2025, IPH
31	2025-07	CoQ-PP-2026-0032	GP072501/2	P050302	Grape Pie	GP_THC20:CBD1	R1 · Dec 2025 – Jan 2026	Conforms	iCoA-PP-2026-0056 (proposed), 13.08.2026, PP	Conforms	iCoA-PP-2026-0056 (proposed), 13.08.2026, PP	Missing / not tested	—	19.81	Grade III, 18.00 – 22.00	PP CoA #019 / ППК25379, 21.01.2026, CNP	0.10	PP CoA #019 / ППК25379, 21.01.2026, CNP	Missing / not tested	—	Conforms	iCoA-PP-2026-0055 (proposed), 13.08.2026, PP	7.41	PP CoA #019 / ППК25379, 21.01.2026, CNP	2×10^2	1229/2195/25, Issued ~Dec 2025, IPH	3×10^2	1229/2195/25, Issued ~Dec 2025, IPH	<10	1229/2195/25, Issued ~Dec 2025, IPH	Odgovara (Absent)	1229/2195/25, Issued ~Dec 2025, IPH	Odgovara (Absent)	1229/2195/25, Issued ~Dec 2025, IPH	Missing / not tested	—	<2	5887/2025, 12.12.2025, IPH	Missing / not tested	—	0.017	5887/2025, 12.12.2025, IPH	0.0028	5887/2025, 12.12.2025, IPH	0.02	5887/2025, 12.12.2025, IPH	0.019	5887/2025, 12.12.2025, IPH	Lindan (Gama HCH): Н.д. (not detected); Aldrin: Н.д. (not detected); Dieldrin i Aldrin (expressed as Dieldrin): Н.д. (not detected); HCB (Hexachlorobenzene): Н.д. (not detected); 4,4' DDE: Н.д. (not detected); 4,4' DDD: Н.д. (not detected); 4,4' DDT: Н.д. (not detected); Vkupno DDT (Total DDT): Н.д. (not detected); delta HCH: Н.д. (not detected); alpha HCH: Н.д. (not detected); beta HCH: Н.д. (not detected); Endrin: Н.д. (not detected); Chlorpyriphos-methyl: Н.д. (not detected); Chlorpyrifos (Chlorpyriphos-ethyl): Н.д. (not detected); Heptachlor (sum of Heptachlor + Heptachlor epoxide): Н.д. (not detected); Endosulfan (alpha, beta and endosulfan sulfate): Н.д. (not detected); Deltamethrin: Н.д. (not detected); Chlordane (sum of cis- and trans-chlordane): Н.д. (not detected); Metoxychlor: Н.д. (not detected); Heptachlor epoxide: Н.д. (not detected); Endrin aldehyde: Н.д. (not detected); alpha Endosulfan: Н.д. (not detected); beta Endosulfan: Н.д. (not detected); Endrin keton: Н.д. (not detected); trans-Chlordane: Н.д. (not detected); cis-Chlordane: Н.д. (not detected); Dieldrin: Н.д. (not detected); Heptachlor: Н.д. (not detected); Endosulfan sulfate: Н.д. (not detected)	5887/2025, 12.12.2025, IPH
32	2025-07	CoQ-PP-2026-0033	PM072501	P050272	Permanent Marker	PM_THC11.5:CBD1	R1 · Nov 2025 – Jan 2026	Confirms	PP CoA #026, 21.01.2026, PP	Conforms	iCoA-PP-2026-0057 (proposed), 13.08.2026, PP	Confirms	ППК25368, 28.11.2025, CNP	10.01	Grade IV, 9.01 – 14.00	ППК25368, 28.11.2025, CNP	0.04	ППК25368, 28.11.2025, CNP	Missing / not tested	—	Confirms	PP CoA #026, 21.01.2026, PP	9.52	ППК25368, 28.11.2025, CNP	110	1220/2171/25, 01.12.2025, IPH	200	1220/2171/25, 01.12.2025, IPH	<10	1220/2171/25, 01.12.2025, IPH	Odgovara (Absent)	1220/2171/25, 01.12.2025, IPH	Odgovara (Absent)	1220/2171/25, 01.12.2025, IPH	Missing / not tested	—	<2	5698/2025, 02.12.2025, IPH	Missing / not tested	—	0.021	5698/2025, 02.12.2025, IPH	0.001	5698/2025, 02.12.2025, IPH	0.012	5698/2025, 02.12.2025, IPH	0.003	5698/2025, 02.12.2025, IPH	Lindan (Gama HCH): Н.д. (not detected); Aldrin: Н.д. (not detected); Dieldrin i Aldrin (expressed as Dieldrin): Н.д. (not detected); HCB (Hexachlorobenzene): Н.д. (not detected); 4,4' DDE: Н.д. (not detected); 4,4' DDD: Н.д. (not detected); 4,4' DDT: Н.д. (not detected); Vkupno DDT (Total DDT): Н.д. (not detected); delta HCH: Н.д. (not detected); alpha HCH: Н.д. (not detected); beta HCH: Н.д. (not detected); Endrin: Н.д. (not detected); Chlorpyriphos-methyl: Н.д. (not detected); Chlorpyrifos (Chlorpyriphos-ethyl): Н.д. (not detected); Heptachlor (sum of Heptachlor + Heptachlor epoxide): Н.д. (not detected); Endosulfan (alpha, beta and endosulfan sulfate): Н.д. (not detected); Deltamethrin: Н.д. (not detected); Chlordane (sum of cis- and trans-chlordane): Н.д. (not detected); Metoxychlor: Н.д. (not detected); Heptachlor epoxide: Н.д. (not detected); Endrin aldehyde: Н.д. (not detected); alpha Endosulfan: Н.д. (not detected); beta Endosulfan: Н.д. (not detected); Endrin keton: Н.д. (not detected); trans-Chlordane: Н.д. (not detected); cis-Chlordane: Н.д. (not detected); Dieldrin: Н.д. (not detected); Heptachlor: Н.д. (not detected); Endosulfan sulfate: Н.д. (not detected)	5698/2025, 02.12.2025, IPH
33	2025-07	CoQ-PP-2026-0028	WC072501	P050262	Wedding Crasher	WC_THC22.5:CBD1	R1 · Nov–Dec 2025	Conforms	iCoA-PP-2026-0059 (proposed), 13.08.2026, PP	Conforms	iCoA-PP-2026-0059 (proposed), 13.08.2026, PP	Missing / not tested	—	22.11	Grade II, 20.00 – 25.00	ППК25369, 28.11.2025, CNP	0.06	ППК25369, 28.11.2025, CNP	Missing / not tested	—	Conforms	iCoA-PP-2026-0058 (proposed), 13.08.2026, PP	8.94	ППК25369, 28.11.2025, CNP	100	1221/2172/25, 01.12.2025, IPH	90	1221/2172/25, 01.12.2025, IPH	<10	1221/2172/25, 01.12.2025, IPH	Odgovara (Absent)	1221/2172/25, 01.12.2025, IPH	Odgovara (Absent)	1221/2172/25, 01.12.2025, IPH	Missing / not tested	—	<2	5699/2025, 02.12.2025, IPH	Missing / not tested	—	0.023	5699/2025, 02.12.2025, IPH	0.005	5699/2025, 02.12.2025, IPH	0.006	5699/2025, 02.12.2025, IPH	0.01	5699/2025, 02.12.2025, IPH	Lindan (Gama HCH): Н.д. (not detected); Aldrin: Н.д. (not detected); Dieldrin i Aldrin (expressed as Dieldrin): Н.д. (not detected); HCB (Hexachlorobenzene): Н.д. (not detected); 4,4' DDE: Н.д. (not detected); 4,4' DDD: Н.д. (not detected); 4,4' DDT: Н.д. (not detected); Vkupno DDT (Total DDT): Н.д. (not detected); delta HCH: Н.д. (not detected); alpha HCH: Н.д. (not detected); beta HCH: Н.д. (not detected); Endrin: Н.д. (not detected); Chlorpyriphos-methyl: Н.д. (not detected); Chlorpyrifos (Chlorpyriphos-ethyl): Н.д. (not detected); Heptachlor (sum of Heptachlor + Heptachlor epoxide): Н.д. (not detected); Endosulfan (alpha, beta and endosulfan sulfate): Н.д. (not detected); Deltamethrin: Н.д. (not detected); Chlordane (sum of cis- and trans-chlordane): Н.д. (not detected); Metoxychlor: Н.д. (not detected); Heptachlor epoxide: Н.д. (not detected); Endrin aldehyde: Н.д. (not detected); alpha Endosulfan: Н.д. (not detected); beta Endosulfan: Н.д. (not detected); Endrin keton: Н.д. (not detected); trans-Chlordane: Н.д. (not detected); cis-Chlordane: Н.д. (not detected); Dieldrin: Н.д. (not detected); Heptachlor: Н.д. (not detected); Endosulfan sulfate: Н.д. (not detected)	5699/2025, 02.12.2025, IPH
34	2025-08	CoQ-PP-2026-0039	CJ082501/1	P060022	Cap Junky	CJ_THC22.5:CBD1	R1 · Jan–Feb 2026	Confirms	PP CoA #041, 20.02.2026, PP	Conforms	iCoA-PP-2026-0060 (proposed), 13.08.2026, PP	Confirms	ППК26002, 21.01.2026, CNP	24.96	Grade II, 19.75 – 25.25	ППК26002, 21.01.2026, CNP	0.09	ППК26002, 21.01.2026, CNP	Missing / not tested	—	Confirms	PP CoA #041, 20.02.2026, PP	7.21	ППК26002, 21.01.2026, CNP	1.5×10^2	8/0011/26, 20.01.2026, IPH	1.3×10^2	8/0011/26, 20.01.2026, IPH	<10	8/0011/26, 20.01.2026, IPH	Odgovara (Absent)	8/0011/26, 20.01.2026, IPH	Odgovara (Absent)	8/0011/26, 20.01.2026, IPH	Missing / not tested	—	<2	81/2026, 02.02.2026, IPH	Missing / not tested	—	0.075	81/2026, 02.02.2026, IPH	Н.д.	81/2026, 02.02.2026, IPH	Н.д.	81/2026, 02.02.2026, IPH	Н.д.	81/2026, 02.02.2026, IPH	Lindan (Gama HCH): Н.д. (not detected); Aldrin: Н.д. (not detected); Dieldrin i Aldrin (expressed as Dieldrin): Н.д. (not detected); HCB (Hexachlorobenzene): Н.д. (not detected); 4,4' DDE: Н.д. (not detected); 4,4' DDD: Н.д. (not detected); 4,4' DDT: Н.д. (not detected); Vkupno DDT (Total DDT): Н.д. (not detected); delta HCH: Н.д. (not detected); alpha HCH: Н.д. (not detected); beta HCH: Н.д. (not detected); Endrin: Н.д. (not detected); Chlorpyriphos-methyl: Н.д. (not detected); Chlorpyrifos (Chlorpyriphos-ethyl): Н.д. (not detected); Heptachlor (sum of Heptachlor + Heptachlor epoxide): Н.д. (not detected); Endosulfan (alpha, beta and endosulfan sulfate): Н.д. (not detected); Deltamethrin: Н.д. (not detected); Chlordane (sum of cis- and trans-chlordane): Н.д. (not detected); Metoxychlor: Н.д. (not detected); Heptachlor epoxide: Н.д. (not detected); Endrin aldehyde: Н.д. (not detected); alpha Endosulfan: Н.д. (not detected); beta Endosulfan: Н.д. (not detected); Endrin keton: Н.д. (not detected); trans-Chlordane: Н.д. (not detected); cis-Chlordane: Н.д. (not detected); Dieldrin: Н.д. (not detected); Heptachlor: Н.д. (not detected); Endosulfan sulfate: Н.д. (not detected)	81/2026, 02.02.2026, IPH
35	2025-08	CoQ-PP-2026-0040	CJ082501/2	P060032	Cap Junky	CJ_THC22.5:CBD1 / CJ_THC17:CBD1	R1 · Jan–Feb 2026	Confirms	PP CoA #034, 20.02.2026, PP	Conforms	iCoA-PP-2026-0061 (proposed), 13.08.2026, PP	Confirms	ППК26003, 21.01.2026, CNP	20.84	Grade II, 19.75 – 25.25	ППК26003, 21.01.2026, CNP	0.08	ППК26003, 21.01.2026, CNP	—	—	Confirms	PP CoA #034, 20.02.2026, PP	7.37	ППК26003, 21.01.2026, CNP	9.5×10^2	4/0007/26, 20.01.2026, IPH	1.2×10^3	4/0007/26, 20.01.2026, IPH	< 10^2 and > 10	4/0007/26, 20.01.2026, IPH	Odgovara (Absent)	4/0007/26, 20.01.2026, IPH	<10	4/0007/26, 20.01.2026, IPH	—	—	<2	82/2026, 02.02.2026, IPH	—	—	0.073	82/2026, 02.02.2026, IPH	Н.д.	82/2026, 02.02.2026, IPH	Н.д.	82/2026, 02.02.2026, IPH	Н.д.	82/2026, 02.02.2026, IPH	Lindan (Gama HCH): Н.д. (not detected); Aldrin: Н.д. (not detected); Dieldrin i Aldrin (expressed as Dieldrin): Н.д. (not detected); HCB (Hexachlorobenzene): Н.д. (not detected); 4,4' DDE: Н.д. (not detected); 4,4' DDD: Н.д. (not detected); 4,4' DDT: Н.д. (not detected); Vkupno DDT (Total DDT): Н.д. (not detected); delta HCH: Н.д. (not detected); alpha HCH: Н.д. (not detected); beta HCH: Н.д. (not detected); Endrin: Н.д. (not detected); Chlorpyriphos-methyl: Н.д. (not detected); Chlorpyrifos (Chlorpyriphos-ethyl): Н.д. (not detected); Heptachlor (sum of Heptachlor + Heptachlor epoxide): Н.д. (not detected); Endosulfan (alpha, beta and endosulfan sulfate): Н.д. (not detected); Deltamethrin: Н.д. (not detected); Chlordane (sum of cis- and trans-chlordane): Н.д. (not detected); Metoxychlor: Н.д. (not detected); Heptachlor epoxide: Н.д. (not detected); Endrin aldehyde: Н.д. (not detected); alpha Endosulfan: Н.д. (not detected); beta Endosulfan: Н.д. (not detected); Endrin keton: Н.д. (not detected); trans-Chlordane: Н.д. (not detected); cis-Chlordane: Н.д. (not detected); Dieldrin: Н.д. (not detected); Heptachlor: Н.д. (not detected); Endosulfan sulfate: Н.д. (not detected)	82/2026, 02.02.2026, IPH
		CoQ-PP-2026-0086					R2 · Aug 2026	—	—	—	—	—	—	18.29	Grade III, 13.93 – 19.75	197-5-К/26, 07.08.2026, FARM	<LOQ %w/w	197-5-К/26, 07.08.2026, FARM	<LOQ %w/w	197-5-К/26, 07.08.2026, FARM	—	—	—	—	—	—	—	—	—	—	—	—	—	—	ND µg/kg (all four)	197-5-М/26, 10.08.2026, FARM	ND (all four not detected)	197-5-М/26, 10.08.2026, FARM	ND	197-5-М/26, 10.08.2026, FARM	—	—	—	—	—	—	—	—	—	—
36	2025-08	CoQ-PP-2026-0034	GP082501/1	P050312	Grape Pie	GP_THC20:CBD1	R1 · Dec 2025 – Jan 2026	Conforms	iCoA-PP-2026-0063 (proposed), 13.08.2026, PP	Conforms	iCoA-PP-2026-0063 (proposed), 13.08.2026, PP	Missing / not tested	—	21.29	Grade III, 18.00 – 22.00	PP CoA #020 / ППК25380, 21.01.2026, CNP	0.08	PP CoA #020 / ППК25380, 21.01.2026, CNP	Missing / not tested	—	Conforms	iCoA-PP-2026-0062 (proposed), 13.08.2026, PP	6.29	PP CoA #020 / ППК25380, 21.01.2026, CNP	4.3×10^2	1226/2192/25, Issued Dec 2025, IPH	1×10^3	1226/2192/25, Issued Dec 2025, IPH	< 10^3 and > 10^2	1226/2192/25, Issued Dec 2025, IPH	Odgovara (Absent)	1226/2192/25, Issued Dec 2025, IPH	Odgovara (Absent)	1226/2192/25, Issued Dec 2025, IPH	Missing / not tested	—	<2	5888/2025, 12.12.2025, IPH	Missing / not tested	—	0.014	5888/2025, 12.12.2025, IPH	0.003	5888/2025, 12.12.2025, IPH	0.02	5888/2025, 12.12.2025, IPH	0.017	5888/2025, 12.12.2025, IPH	Lindan (Gama HCH): Н.д. (not detected); Aldrin: Н.д. (not detected); Dieldrin i Aldrin (expressed as Dieldrin): Н.д. (not detected); HCB (Hexachlorobenzene): Н.д. (not detected); 4,4' DDE: Н.д. (not detected); 4,4' DDD: Н.д. (not detected); 4,4' DDT: Н.д. (not detected); Vkupno DDT (Total DDT): Н.д. (not detected); delta HCH: Н.д. (not detected); alpha HCH: Н.д. (not detected); beta HCH: Н.д. (not detected); Endrin: Н.д. (not detected); Chlorpyriphos-methyl: Н.д. (not detected); Chlorpyrifos (Chlorpyriphos-ethyl): Н.д. (not detected); Heptachlor (sum of Heptachlor + Heptachlor epoxide): Н.д. (not detected); Endosulfan (alpha, beta and endosulfan sulfate): Н.д. (not detected); Deltamethrin: Н.д. (not detected); Chlordane (sum of cis- and trans-chlordane): Н.д. (not detected); Metoxychlor: Н.д. (not detected); Heptachlor epoxide: Н.д. (not detected); Endrin aldehyde: Н.д. (not detected); alpha Endosulfan: Н.д. (not detected); beta Endosulfan: Н.д. (not detected); Endrin keton: Н.д. (not detected); trans-Chlordane: Н.д. (not detected); cis-Chlordane: Н.д. (not detected); Dieldrin: Н.д. (not detected); Heptachlor: Н.д. (not detected); Endosulfan sulfate: Н.д. (not detected)	5888/2025, 12.12.2025, IPH
37	2025-08	CoQ-PP-2026-0035	GP082501/2	P050322	Grape Pie	GP_THC16:CBD1	R1 · Dec 2025 – Jan 2026	Conforms	iCoA-PP-2026-0065 (proposed), 13.08.2026, PP	Conforms	iCoA-PP-2026-0065 (proposed), 13.08.2026, PP	Missing / not tested	—	14.83	Grade IV, 13.83 – 18.00	PP CoA #021 / ППК25381, 21.01.2026, CNP	0.11	PP CoA #021 / ППК25381, 21.01.2026, CNP	—	—	Conforms	iCoA-PP-2026-0064 (proposed), 13.08.2026, PP	6.88	PP CoA #021 / ППК25381, 21.01.2026, CNP	3.2×10^3	1227/2193/25, 05.12.2025, IPH	5.8×10^3	1227/2193/25, 05.12.2025, IPH	<10¹ and >10³	1227/2193/25, 05.12.2025, IPH	Odgovara (Absent)	1227/2193/25, 05.12.2025, IPH	Odgovara (Absent)	1227/2193/25, 05.12.2025, IPH	—	—	<2	5889/2025, 12.12.2025, IPH	—	—	0.013	5889/2025, 12.12.2025, IPH	0.003	5889/2025, 12.12.2025, IPH	0.02	5889/2025, 12.12.2025, IPH	0.016	5889/2025, 12.12.2025, IPH	Lindan (Gama HCH): Н.д. (not detected); Aldrin: Н.д. (not detected); Dieldrin i Aldrin (expressed as Dieldrin): Н.д. (not detected); HCB (Hexachlorobenzene): Н.д. (not detected); 4,4' DDE: Н.д. (not detected); 4,4' DDD: Н.д. (not detected); 4,4' DDT: Н.д. (not detected); Vkupno DDT (Total DDT): Н.д. (not detected); delta HCH: Н.д. (not detected); alpha HCH: Н.д. (not detected); beta HCH: Н.д. (not detected); Endrin: Н.д. (not detected); Chlorpyriphos-methyl: Н.д. (not detected); Chlorpyrifos (Chlorpyriphos-ethyl): Н.д. (not detected); Heptachlor (sum of Heptachlor + Heptachlor epoxide): Н.д. (not detected); Endosulfan (alpha, beta and endosulfan sulfate): Н.д. (not detected); Deltamethrin: Н.д. (not detected); Chlordane (sum of cis- and trans-chlordane): Н.д. (not detected); Metoxychlor: Н.д. (not detected); Heptachlor epoxide: Н.д. (not detected); Endrin aldehyde: Н.д. (not detected); alpha Endosulfan: Н.д. (not detected); beta Endosulfan: Н.д. (not detected); Endrin keton: Н.д. (not detected); trans-Chlordane: Н.д. (not detected); cis-Chlordane: Н.д. (not detected); Dieldrin: Н.д. (not detected); Heptachlor: Н.д. (not detected); Endosulfan sulfate: Н.д. (not detected)	5889/2025, 12.12.2025, IPH
		CoQ-PP-2026-0087					R2 · Aug 2026	—	—	—	—			15.70	Grade IV, 13.83 – 18.00	197-12-К/26, 07.08.2026, FARM	<LOQ %w/w	197-12-К/26, 07.08.2026, FARM	<LOQ %w/w	197-12-К/26, 07.08.2026, FARM	—	—	—	—	—	—	—	—	—	—	—	—	—	—	ND µg/kg (all four)	197-12-М/26, 10.08.2026, FARM	ND (all four not detected)	197-12-М/26, 10.08.2026, FARM	ND	197-12-М/26, 10.08.2026, FARM	—	—	—	—	—	—	—	—	—	—
38	2025-08	CoQ-PP-2026-0041	WC082501	P060012	Wedding Crasher	WC_THC22.5:CBD1	R1 · Jan–Feb 2026	Confirms	PP CoA #035, 20.02.2026, PP	Conforms	iCoA-PP-2026-0066 (proposed), 13.08.2026, PP	Confirms	ППК26001, 21.01.2026, CNP	21.67	Grade II, 20.00 – 25.00	ППК26001, 21.01.2026, CNP	0.08	ППК26001, 21.01.2026, CNP	Missing / not tested	—	Confirms	PP CoA #035, 20.02.2026, PP	7.50	ППК26001, 21.01.2026, CNP	10	3/0006/26, 20.01.2026, IPH	30	3/0006/26, 20.01.2026, IPH	<10	3/0006/26, 20.01.2026, IPH	Odgovara (Absent)	3/0006/26, 20.01.2026, IPH	<10	3/0006/26, 20.01.2026, IPH	Missing / not tested	—	<2	80/2026, 02.02.2026, IPH	Missing / not tested	—	Н.д.	80/2026, 02.02.2026, IPH	Н.д.	80/2026, 02.02.2026, IPH	Н.д.	80/2026, 02.02.2026, IPH	Н.д.	80/2026, 02.02.2026, IPH	Lindan (Gama HCH): Н.д. (not detected); Aldrin: Н.д. (not detected); Dieldrin i Aldrin (expressed as Dieldrin): Н.д. (not detected); HCB (Hexachlorobenzene): Н.д. (not detected); 4,4' DDE: Н.д. (not detected); 4,4' DDD: Н.д. (not detected); 4,4' DDT: Н.д. (not detected); Vkupno DDT (Total DDT): Н.д. (not detected); delta HCH: Н.д. (not detected); alpha HCH: Н.д. (not detected); beta HCH: Н.д. (not detected); Endrin: Н.д. (not detected); Chlorpyriphos-methyl: Н.д. (not detected); Chlorpyrifos (Chlorpyriphos-ethyl): Н.д. (not detected); Heptachlor (sum of Heptachlor + Heptachlor epoxide): Н.д. (not detected); Endosulfan (alpha, beta and endosulfan sulfate): Н.д. (not detected); Deltamethrin: Н.д. (not detected); Chlordane (sum of cis- and trans-chlordane): Н.д. (not detected); Metoxychlor: Н.д. (not detected); Heptachlor epoxide: Н.д. (not detected); Endrin aldehyde: Н.д. (not detected); alpha Endosulfan: Н.д. (not detected); beta Endosulfan: Н.д. (not detected); Endrin keton: Н.д. (not detected); trans-Chlordane: Н.д. (not detected); cis-Chlordane: Н.д. (not detected); Dieldrin: Н.д. (not detected); Heptachlor: Н.д. (not detected); Endosulfan sulfate: Н.д. (not detected)	80/2026, 02.02.2026, IPH
39	2025-09	CoQ-PP-2026-0037	AB092501	P060052	Apple and Banana	AB_THC17.5:CBD1	R1 · Jan–Feb 2026	Conforms	iCoA-PP-2026-0068 (proposed), 13.08.2026, PP	Conforms	iCoA-PP-2026-0068 (proposed), 13.08.2026, PP	Missing / not tested	—	16.93	Grade III, 15.00 – 20.00	PP CoA #037 / ППК26005, 21.01.2026, CNP	0.07	PP CoA #037 / ППК26005, 21.01.2026, CNP	Missing / not tested	—	Conforms	iCoA-PP-2026-0067 (proposed), 13.08.2026, PP	6.77	PP CoA #037 / ППК26005, 21.01.2026, CNP	<10	7/0010/26, 20.01.2026, IPH	<10	7/0010/26, 20.01.2026, IPH	<10	7/0010/26, 20.01.2026, IPH	Odgovara (Absent)	7/0010/26, 20.01.2026, IPH	Odgovara (Absent)	7/0010/26, 20.01.2026, IPH	Missing / not tested	—	<2	84/2026, 02.02.2026, IPH	Missing / not tested	—	0.05	84/2026, 02.02.2026, IPH	Н.д.	84/2026, 02.02.2026, IPH	Н.д.	84/2026, 02.02.2026, IPH	0.003	84/2026, 02.02.2026, IPH	Lindan (Gama HCH): Н.д. (not detected); Aldrin: Н.д. (not detected); Dieldrin i Aldrin (expressed as Dieldrin): Н.д. (not detected); HCB (Hexachlorobenzene): Н.д. (not detected); 4,4' DDE: Н.д. (not detected); 4,4' DDD: Н.д. (not detected); 4,4' DDT: Н.д. (not detected); Vkupno DDT (Total DDT): Н.д. (not detected); delta HCH: Н.д. (not detected); alpha HCH: Н.д. (not detected); beta HCH: Н.д. (not detected); Endrin: Н.д. (not detected); Chlorpyriphos-methyl: Н.д. (not detected); Chlorpyrifos (Chlorpyriphos-ethyl): Н.д. (not detected); Heptachlor (sum of Heptachlor + Heptachlor epoxide): Н.д. (not detected); Endosulfan (alpha, beta and endosulfan sulfate): Н.д. (not detected); Deltamethrin: Н.д. (not detected); Chlordane (sum of cis- and trans-chlordane): Н.д. (not detected); Metoxychlor: Н.д. (not detected); Heptachlor epoxide: Н.д. (not detected); Endrin aldehyde: Н.д. (not detected); alpha Endosulfan: Н.д. (not detected); beta Endosulfan: Н.д. (not detected); Endrin keton: Н.д. (not detected); trans-Chlordane: Н.д. (not detected); cis-Chlordane: Н.д. (not detected); Dieldrin: Н.д. (not detected); Heptachlor: Н.д. (not detected); Endosulfan sulfate: Н.д. (not detected)	84/2026, 02.02.2026, IPH
40	2025-09	CoQ-PP-2026-0042	CJ092501	P060072	Cap Junky	CJ_THC22.5:CBD1	R1 · Jan–Feb 2026	Confirms	PP CoA #039, 20.02.2026, PP	Conforms	iCoA-PP-2026-0069 (proposed), 13.08.2026, PP	Confirms	ППК26007, 21.01.2026, CNP	22.30	Grade II, 19.75 – 25.25	ППК26007, 21.01.2026, CNP	0.10	ППК26007, 21.01.2026, CNP	Missing / not tested	—	Confirms	PP CoA #039, 20.02.2026, PP	7.64	ППК26007, 21.01.2026, CNP	<10	10/0013/26, 20.01.2026, IPH	<10	10/0013/26, 20.01.2026, IPH	<10	10/0013/26, 20.01.2026, IPH	Odgovara (Absent)	10/0013/26, 20.01.2026, IPH	<10	10/0013/26, 20.01.2026, IPH	Missing / not tested	—	<2	86/2026, 02.02.2026, IPH	Missing / not tested	—	0.04	86/2026, 02.02.2026, IPH	Н.д.	86/2026, 02.02.2026, IPH	Н.д.	86/2026, 02.02.2026, IPH	0.004	86/2026, 02.02.2026, IPH	Lindan (Gama HCH): Н.д. (not detected); Aldrin: Н.д. (not detected); Dieldrin i Aldrin (expressed as Dieldrin): Н.д. (not detected); HCB (Hexachlorobenzene): Н.д. (not detected); 4,4' DDE: Н.д. (not detected); 4,4' DDD: Н.д. (not detected); 4,4' DDT: Н.д. (not detected); Vkupno DDT (Total DDT): Н.д. (not detected); delta HCH: Н.д. (not detected); alpha HCH: Н.д. (not detected); beta HCH: Н.д. (not detected); Endrin: Н.д. (not detected); Chlorpyriphos-methyl: Н.д. (not detected); Chlorpyrifos (Chlorpyriphos-ethyl): Н.д. (not detected); Heptachlor (sum of Heptachlor + Heptachlor epoxide): Н.д. (not detected); Endosulfan (alpha, beta and endosulfan sulfate): Н.д. (not detected); Deltamethrin: Н.д. (not detected); Chlordane (sum of cis- and trans-chlordane): Н.д. (not detected); Metoxychlor: Н.д. (not detected); Heptachlor epoxide: Н.д. (not detected); Endrin aldehyde: Н.д. (not detected); alpha Endosulfan: Н.д. (not detected); beta Endosulfan: Н.д. (not detected); Endrin keton: Н.д. (not detected); trans-Chlordane: Н.д. (not detected); cis-Chlordane: Н.д. (not detected); Dieldrin: Н.д. (not detected); Heptachlor: Н.д. (not detected); Endosulfan sulfate: Н.д. (not detected)	86/2026, 02.02.2026, IPH
41	2025-09	CoQ-PP-2026-0038	GP092501	P060092	Grape Pie	GP_THC24:CBD1	R1 · Jan–Feb 2026	Confirms	PP CoA #033, 20.02.2020 [see source], PP	Conforms	iCoA-PP-2026-0070 (proposed), 13.08.2026, PP	Confirms	ППК26009, 21.01.2026, CNP	25.73	Grade II, 22.00 – 26.00	ППК26009, 21.01.2026, CNP	0.11	ППК26009, 21.01.2026, CNP	Missing / not tested	—	Confirms	PP CoA #033, —, PP	6.91	ППК26009, 21.01.2026, CNP	1 x 10^2	5/0008/26, 20.01.2026 [see source], IPH	<10	5/0008/26, 20.01.2026 [see source], IPH	< 10^2 and > 10	5/0008/26, 20.01.2026 [see source], IPH	Одговара (Complies/Absent)	5/0008/26, 20.01.2026 [see source], IPH	Одговара (Complies/Absent)	5/0008/26, 20.01.2026 [see source], IPH	Missing / not tested	—	<2	88/2026, 03.02.2026, IPH	Missing / not tested	—	0.022	88/2026, 03.02.2026, IPH	н.д.	88/2026, 03.02.2026, IPH	н.д.	88/2026, 03.02.2026, IPH	0.007	88/2026, 03.02.2026, IPH	Lindan (Gama HCH): н.д.; Aldrin: н.д.; Dieldrin и Aldrin (expressed as Dieldrin): н.д.; HCB: н.д.; 4,4' DDE: н.д.; 4,4' DDD: н.д.; 4,4' DDT: н.д.; вкупно DDT (total DDT): н.д.; delta HCH: н.д.; alpha HCH: н.д.; beta HCH: н.д.; Endrin: н.д.; Chlorpyrifos-methyl: н.д.; Chlorpyrifos: н.д.; Heptachlor (sum of Heptachlor + Heptachlor epoxide): н.д.; Endosulfan (alpha, beta and endosulfan sulfate): н.д.; Deltamethrin: н.д.; Chlordane (sum of cis- and trans-chlordane): н.д.; Metoxychlor: н.д.; Heptachlor epoxide: н.д.; Endrin aldehyde: н.д.; alpha Endosulfan: н.д.; beta Endosulfan: н.д.; Endrin keton: н.д.; trans-Chlordane: н.д.; cis-Chlordane: н.д.; Dieldrin: н.д.; Heptachlor: н.д.; Endosulfan sulfate: н.д.	88/2026, 03.02.2026, IPH
42	2025-09	CoQ-PP-2026-0043	OPM092501	P060042	Orange Punch Mimosa	OPM_THC10:CBD1	R1 · Jan–Feb 2026	Confirms	PP CoA #040, 20.02.2026, PP	Conforms	iCoA-PP-2026-0071 (proposed), 13.08.2026, PP	Confirms	ППК26008, 21.01.2026, CNP	9.43	Grade IV, 7.09 – 13.00	ППК26008, 21.01.2026, CNP	0.04	ППК26008, 21.01.2026, CNP	Missing / not tested	—	Confirms	PP CoA #040, 20.02.2026, PP	7.85	ППК26008, 21.01.2026, CNP	10	2/0005/26, 20.01.2026, IPH	10	2/0005/26, 20.01.2026, IPH	< 10^2 and > 10	2/0005/26, 20.01.2026, IPH	Odgovara (Absent)	2/0005/26, 20.01.2026, IPH	Odgovara (Absent)	2/0005/26, 20.01.2026, IPH	Missing / not tested	—	2.2	87/2026, 03.02.2026, IPH	Missing / not tested	—	0.022	87/2026, 03.02.2026, IPH	Н.д.	87/2026, 03.02.2026, IPH	Н.д.	87/2026, 03.02.2026, IPH	Н.д.	87/2026, 03.02.2026, IPH	Lindan (Gama HCH): Н.д. (not detected); Aldrin: Н.д. (not detected); Dieldrin i Aldrin (expressed as Dieldrin): Н.д. (not detected); HCB (Hexachlorobenzene): Н.д. (not detected); 4,4' DDE: Н.д. (not detected); 4,4' DDD: Н.д. (not detected); 4,4' DDT: Н.д. (not detected); Vkupno DDT (Total DDT): Н.д. (not detected); delta HCH: Н.д. (not detected); alpha HCH: Н.д. (not detected); beta HCH: Н.д. (not detected); Endrin: Н.д. (not detected); Chlorpyriphos-methyl: Н.д. (not detected); Chlorpyrifos (Chlorpyriphos-ethyl): Н.д. (not detected); Heptachlor (sum of Heptachlor + Heptachlor epoxide): Н.д. (not detected); Endosulfan (alpha, beta and endosulfan sulfate): Н.д. (not detected); Deltamethrin: Н.д. (not detected); Chlordane (sum of cis- and trans-chlordane): Н.д. (not detected); Metoxychlor: Н.д. (not detected); Heptachlor epoxide: Н.д. (not detected); Endrin aldehyde: Н.д. (not detected); alpha Endosulfan: Н.д. (not detected); beta Endosulfan: Н.д. (not detected); Endrin keton: Н.д. (not detected); trans-Chlordane: Н.д. (not detected); cis-Chlordane: Н.д. (not detected); Dieldrin: Н.д. (not detected); Heptachlor: Н.д. (not detected); Endosulfan sulfate: Н.д. (not detected)	87/2026, 03.02.2026, IPH
43	2025-09	CoQ-PP-2026-0044	PM092501	P060062	Permanent Marker	PM_THC16.5:CBD1 / PM_THC11.5:CBD1	R1 · Jan–Feb 2026	Confirms	PP CoA #036, 20.02.2026, PP	Conforms	iCoA-PP-2026-0072 (proposed), 13.08.2026, PP	Confirms	ППК26004, 21.01.2026, CNP	14.06	Grade III, 14.00 – 19.00	ППК26004, 21.01.2026, CNP	0.05	ППК26004, 21.01.2026, CNP	—	—	Confirms	PP CoA #036, 20.02.2026, PP	7.97	ППК26004, 21.01.2026, CNP	2×10^3	6/0009/26, 20.01.2026, IPH	2.2×10^3	6/0009/26, 20.01.2026, IPH	<10	6/0009/26, 20.01.2026, IPH	Odgovara (Absent)	6/0009/26, 20.01.2026, IPH	<10	6/0009/26, 20.01.2026, IPH	—	—	<2	83/2026, 02.02.2026, IPH	—	—	0.03	83/2026, 02.02.2026, IPH	Н.д.	83/2026, 02.02.2026, IPH	Н.д.	83/2026, 02.02.2026, IPH	Н.д.	83/2026, 02.02.2026, IPH	Lindan (Gama HCH): Н.д. (not detected); Aldrin: Н.д. (not detected); Dieldrin i Aldrin (expressed as Dieldrin): Н.д. (not detected); HCB (Hexachlorobenzene): Н.д. (not detected); 4,4' DDE: Н.д. (not detected); 4,4' DDD: Н.д. (not detected); 4,4' DDT: Н.д. (not detected); Vkupno DDT (Total DDT): Н.д. (not detected); delta HCH: Н.д. (not detected); alpha HCH: Н.д. (not detected); beta HCH: Н.д. (not detected); Endrin: Н.д. (not detected); Chlorpyriphos-methyl: Н.д. (not detected); Chlorpyrifos (Chlorpyriphos-ethyl): Н.д. (not detected); Heptachlor (sum of Heptachlor + Heptachlor epoxide): Н.д. (not detected); Endosulfan (alpha, beta and endosulfan sulfate): Н.д. (not detected); Deltamethrin: Н.д. (not detected); Chlordane (sum of cis- and trans-chlordane): Н.д. (not detected); Metoxychlor: Н.д. (not detected); Heptachlor epoxide: Н.д. (not detected); Endrin aldehyde: Н.д. (not detected); alpha Endosulfan: Н.д. (not detected); beta Endosulfan: Н.д. (not detected); Endrin keton: Н.д. (not detected); trans-Chlordane: Н.д. (not detected); cis-Chlordane: Н.д. (not detected); Dieldrin: Н.д. (not detected); Heptachlor: Н.д. (not detected); Endosulfan sulfate: Н.д. (not detected)	83/2026, 02.02.2026, IPH
		CoQ-PP-2026-0088					R2 · Aug 2026	—	—	—	—	—	—	12.25	Grade IV, 9.01 – 14.00	197-20-К/26, 07.08.2026, FARM	<LOQ %w/w	197-20-К/26, 07.08.2026, FARM	<LOQ %w/w	197-20-К/26, 07.08.2026, FARM	—	—	—	—	—	—	—	—	—	—	—	—	—	—	ND µg/kg (all four)	197-20-М/26, 10.08.2026, FARM	ND (all four not detected)	197-20-М/26, 10.08.2026, FARM	ND	197-20-М/26, 10.08.2026, FARM	—	—	—	—	—	—	—	—	—	—
44	2025-09	CoQ-PP-2026-0045	SJ092501	P060082	Sleepy Joy	SJ_THC10.5:CBD1	R1 · Jan–Feb 2026	Confirms	PP CoA #038, 20.02.2026, PP	Conforms	iCoA-PP-2026-0073 (proposed), 13.08.2026, PP	Confirms	ППК26006, 21.01.2026, CNP	10.96	Grade IV, 7.75 – 13.00	ППК26006, 21.01.2026, CNP	0.07	ППК26006, 21.01.2026, CNP	Missing / not tested	—	Confirms	PP CoA #038, 20.02.2026, PP	8.68	ППК26006, 21.01.2026, CNP	<10	9/0012/26, 20.01.2026, IPH	<10	9/0012/26, 20.01.2026, IPH	<10	9/0012/26, 20.01.2026, IPH	Odgovara (Absent)	9/0012/26, 20.01.2026, IPH	Odgovara (Absent)	9/0012/26, 20.01.2026, IPH	Missing / not tested	—	2	85/2026, 02.02.2026, IPH	Missing / not tested	—	0.08	85/2026, 02.02.2026, IPH	Н.д.	85/2026, 02.02.2026, IPH	Н.д.	85/2026, 02.02.2026, IPH	0.003	85/2026, 02.02.2026, IPH	Lindan (Gama HCH): Н.д. (not detected); Aldrin: Н.д. (not detected); Dieldrin i Aldrin (expressed as Dieldrin): Н.д. (not detected); HCB (Hexachlorobenzene): Н.д. (not detected); 4,4' DDE: Н.д. (not detected); 4,4' DDD: Н.д. (not detected); 4,4' DDT: Н.д. (not detected); Vkupno DDT (Total DDT): Н.д. (not detected); delta HCH: Н.д. (not detected); alpha HCH: Н.д. (not detected); beta HCH: Н.д. (not detected); Endrin: Н.д. (not detected); Chlorpyriphos-methyl: Н.д. (not detected); Chlorpyrifos (Chlorpyriphos-ethyl): Н.д. (not detected); Heptachlor (sum of Heptachlor + Heptachlor epoxide): Н.д. (not detected); Endosulfan (alpha, beta and endosulfan sulfate): Н.д. (not detected); Deltamethrin: Н.д. (not detected); Chlordane (sum of cis- and trans-chlordane): Н.д. (not detected); Metoxychlor: Н.д. (not detected); Heptachlor epoxide: Н.д. (not detected); Endrin aldehyde: Н.д. (not detected); alpha Endosulfan: Н.д. (not detected); beta Endosulfan: Н.д. (not detected); Endrin keton: Н.д. (not detected); trans-Chlordane: Н.д. (not detected); cis-Chlordane: Н.д. (not detected); Dieldrin: Н.д. (not detected); Heptachlor: Н.д. (not detected); Endosulfan sulfate: Н.д. (not detected)	85/2026, 02.02.2026, IPH
45	2025-10	CoQ-PP-2026-0046	GRC102501/2	P060182	Graps & Creme	GRC_THC12.5:CBD1	R1 · Mar 2026	Conforms	iCoA-PP-2026-0075 (proposed), 13.08.2026, PP	Conforms	iCoA-PP-2026-0075 (proposed), 13.08.2026, PP	Missing / not tested	—	11.53	Grade IV, 10.00 – 15.00	051-6-K/26, 04.03.2026, FARM	< LOQ (<0.20%)	051-6-K/26, 04.03.2026, FARM	< LOQ	051-6-K/26, 04.03.2026, FARM	Conforms	iCoA-PP-2026-0074 (proposed), 13.08.2026, PP	7.7	051-6-GS/26, 02.03.2026, FARM	Missing / not tested	—	Missing / not tested	—	Missing / not tested	—	Missing / not tested	—	Missing / not tested	—	Missing / not tested	—	Missing / not tested	—	Missing / not tested	—	Missing / not tested	—	Missing / not tested	—	Missing / not tested	—	Missing / not tested	—	Missing / not tested	—
46	2025-10	CoQ-PP-2026-0047	J31102501	P060152	Jokerz 31	J31_THC20:CBD1	R1 · Mar 2026	Conforms	iCoA-PP-2026-0077 (proposed), 13.08.2026, PP	Conforms	iCoA-PP-2026-0077 (proposed), 13.08.2026, PP	Missing / not tested	—	19.14	Grade II, 16.50 – 23.50	051-1-K/26, 04.03.2026, FARM	< LOQ (<0.20%)	051-1-K/26, 04.03.2026, FARM	< LOQ	051-1-K/26, 04.03.2026, FARM	Conforms	iCoA-PP-2026-0076 (proposed), 13.08.2026, PP	6.3	051-1-GS/26, 02.03.2026, FARM	Missing / not tested	—	Missing / not tested	—	Missing / not tested	—	Missing / not tested	—	Missing / not tested	—	—	—	—	—	—	—	Missing / not tested	—	Missing / not tested	—	Missing / not tested	—	Missing / not tested	—	Missing / not tested	—
		CoQ-PP-2026-0089					R2 · Aug 2026	—	—	—	—			17.32	Grade II, 16.50 – 23.50	197-16-К/26, 07.08.2026, FARM	<LOQ %w/w	197-16-К/26, 07.08.2026, FARM	<LOQ %w/w	197-16-К/26, 07.08.2026, FARM	—	—	—	—											ND	197-16-М/26, 10.08.2026, FARM	ND ; ND ; ND ; ND (all four aflatoxins not detected)	197-16-М/26, 10.08.2026, FARM ; 197-16-М/26, 10.08.2026, FARM ; 197-16-М/26, 10.08.2026, FARM ; 197-16-М/26, 10.08.2026, FARM	ND	197-16-М/26, 10.08.2026, FARM										
47	2025-10	CoQ-PP-2026-0048	KC102501	P060172	Kush Crasher	KC_THC17.5:CBD1	R1 · Mar 2026	Conforms	iCoA-PP-2026-0079 (proposed), 13.08.2026, PP	Conforms	iCoA-PP-2026-0079 (proposed), 13.08.2026, PP	Missing / not tested	—	17.04	Grade III, 15.00 – 20.00	051-4-K/26, 04.03.2026, FARM	< LOQ (<0.20%)	051-4-K/26, 04.03.2026, FARM	< LOQ	051-4-K/26, 04.03.2026, FARM	Conforms	iCoA-PP-2026-0078 (proposed), 13.08.2026, PP	8.6	051-4-GS/26, 02.03.2026, FARM	Missing / not tested	—	Missing / not tested	—	Missing / not tested	—	Missing / not tested	—	Missing / not tested	—	Missing / not tested	—	Missing / not tested	—	Missing / not tested	—	Missing / not tested	—	Missing / not tested	—	Missing / not tested	—	Missing / not tested	—	Missing / not tested	—
48	2025-10	CoQ-PP-2026-0049	SJ102501	P060162	Sleepy Joy	SJ_THC10.5:CBD1	R1 · Mar 2026	Conforms	iCoA-PP-2026-0081 (proposed), 13.08.2026, PP	Conforms	iCoA-PP-2026-0081 (proposed), 13.08.2026, PP	Missing / not tested	—	11.20	Grade IV, 7.75 – 13.00	051-3-K/26, 04.03.2026, FARM	< LOQ (<0.20%)	051-3-K/26, 04.03.2026, FARM	< LOQ	051-3-K/26, 04.03.2026, FARM	Conforms	iCoA-PP-2026-0080 (proposed), 13.08.2026, PP	7.8	051-3-GS/26, 02.03.2026, FARM	Missing / not tested	—	Missing / not tested	—	Missing / not tested	—	Missing / not tested	—	Missing / not tested	—	Missing / not tested	—	Missing / not tested	—	Missing / not tested	—	Missing / not tested	—	Missing / not tested	—	Missing / not tested	—	Missing / not tested	—	Missing / not tested	—
49	2025-11	CoQ-PP-2026-0056	CC112501	P060272	Cash Cow	CC_THC13:CBD1	R1 · May 2026	Conforms	iCoA-PP-2026-0083 (proposed), 13.08.2026, PP	Conforms	iCoA-PP-2026-0083 (proposed), 13.08.2026, PP	Missing / not tested	—	13.35	Grade IV, 10.50 – 15.50	ППК26068, 11.05.2026, CNP	0.04	ППК26068, 11.05.2026, CNP	Missing / not tested	—	Conforms	iCoA-PP-2026-0082 (proposed), 13.08.2026, PP	7.39	ППК26068, 11.05.2026, CNP	Missing / not tested	—	Missing / not tested	—	Missing / not tested	—	Missing / not tested	—	Missing / not tested	—	Missing / not tested	—	Missing / not tested	—	Missing / not tested	—	Missing / not tested	—	Missing / not tested	—	Missing / not tested	—	Missing / not tested	—	Missing / not tested	—
50	2025-11	CoQ-PP-2026-0057	FB112501	P060292	Fat Bastard	FB_THC16.5:CBD1	R1 · May 2026	Conforms	iCoA-PP-2026-0085 (proposed), 13.08.2026, PP	Conforms	iCoA-PP-2026-0085 (proposed), 13.08.2026, PP	Missing / not tested	—	16.69	Grade III, 13.68 – 19.25	ППК26066, 11.05.2026, CNP	0.05	ППК26066, 11.05.2026, CNP	Missing / not tested	—	Conforms	iCoA-PP-2026-0084 (proposed), 13.08.2026, PP	6.09	ППК26066, 11.05.2026, CNP	Missing / not tested	—	Missing / not tested	—	Missing / not tested	—	Missing / not tested	—	Missing / not tested	—	Missing / not tested	—	Missing / not tested	—	Missing / not tested	—	Missing / not tested	—	Missing / not tested	—	Missing / not tested	—	Missing / not tested	—	Missing / not tested	—
51	2025-11	CoQ-PP-2026-0058	GG112501	P060252	Gorilla Glue	GG_THC15:CBD1	R1 · May 2026	Conforms	iCoA-PP-2026-0087 (proposed), 13.08.2026, PP	Conforms	iCoA-PP-2026-0087 (proposed), 13.08.2026, PP	Missing / not tested	—	17.94	Grade III, 12.34 – 18.00	ППК26061, 11.05.2026, CNP	0.08	ППК26061, 11.05.2026, CNP	Missing / not tested	—	Conforms	iCoA-PP-2026-0086 (proposed), 13.08.2026, PP	6.31	ППК26061, 11.05.2026, CNP	Missing / not tested	—	Missing / not tested	—	Missing / not tested	—	Missing / not tested	—	Missing / not tested	—	Missing / not tested	—	Missing / not tested	—	Missing / not tested	—	Missing / not tested	—	Missing / not tested	—	Missing / not tested	—	Missing / not tested	—	Missing / not tested	—
52	2025-11	CoQ-PP-2026-0053	J31112501	P060202	Jokerz 31	J31_THC27:CBD1 / J31_THC20:CBD1	R1 · Mar–Apr 2026	Conforms	iCoA-PP-2026-0089 (proposed), 13.08.2026, PP	Conforms	iCoA-PP-2026-0089 (proposed), 13.08.2026, PP	Missing / not tested	—	25.27 ; 20.21	Grade I, 23.50 – 30.00 ; Grade II, 16.50 – 23.50	051-5-K/26, 04.03.2026, FARM ; 100-1-K/26, 09.04.2026, FARM	< LOQ (<0.20%) ; < LOQ (<0.20%)	051-5-K/26, 04.03.2026, FARM ; 100-1-K/26, 09.04.2026, FARM	< LOQ ; < LOQ	051-5-K/26, 04.03.2026, FARM ; 100-1-K/26, 09.04.2026, FARM	Conforms	iCoA-PP-2026-0088 (proposed), 13.08.2026, PP	8.4 ; 7.6	051-5-GS/26, 02.03.2026, FARM ; 100-1-GS/26, 09.04.2026, FARM	Missing / not tested	—	Missing / not tested	—	Missing / not tested	—	Missing / not tested	—	Missing / not tested	—	Missing / not tested	—	Missing / not tested	—	Missing / not tested	—	Missing / not tested	—	Missing / not tested	—	Missing / not tested	—	Missing / not tested	—	Missing / not tested	—
53	2025-11	CoQ-PP-2026-0059	JD112501	P060212	Jelly Donutz	JD_THC20:CBD1 / JD_THC15:CBD1	R1 · May 2026	Conforms	iCoA-PP-2026-0091 (proposed), 13.08.2026, PP	Conforms	iCoA-PP-2026-0091 (proposed), 13.08.2026, PP	Missing / not tested	—	19.64 ; 13.93	Grade III, 18.00 – 22.00 ; Grade IV, 12.50 – 18.00	ППК26063, 11.05.2026, CNP ; ППК26065, 11.05.2026, CNP	0.06 ; 0.04	ППК26063, 11.05.2026, CNP ; ППК26065, 11.05.2026, CNP	—	—	Conforms	iCoA-PP-2026-0090 (proposed), 13.08.2026, PP	6.69 ; 6.38	ППК26063, 11.05.2026, CNP ; ППК26065, 11.05.2026, CNP	Missing / not tested	—	Missing / not tested	—	Missing / not tested	—	Missing / not tested	—	Missing / not tested	—	—	—	—	—	—	—	Missing / not tested	—	Missing / not tested	—	Missing / not tested	—	Missing / not tested	—	Missing / not tested	—
		CoQ-PP-2026-0090					R2 · Aug 2026	—	—	—	—			20.32	Grade III, 18.00 – 22.00	197-15-К/26, 07.08.2026, FARM	<LOQ %w/w	197-15-К/26, 07.08.2026, FARM	<LOQ %w/w	197-15-К/26, 07.08.2026, FARM	—	—	—	—											ND	197-15-М/26, 10.08.2026, FARM	ND ; ND ; ND ; ND (all four aflatoxins not detected)	197-15-М/26, 10.08.2026, FARM ; 197-15-М/26, 10.08.2026, FARM ; 197-15-М/26, 10.08.2026, FARM ; 197-15-М/26, 10.08.2026, FARM	ND	197-15-М/26, 10.08.2026, FARM										
54	2025-11	CoQ-PP-2026-0051	OPM112501	P060222	Orange Punch Mimosa	OPM_THC10:CBD1	R1 · Mar 2026	Conforms	iCoA-PP-2026-0093 (proposed), 13.08.2026, PP	Conforms	iCoA-PP-2026-0093 (proposed), 13.08.2026, PP	Missing / not tested	—	8.00	Grade IV, 7.09 – 13.00	ППК26031, 05.03.2026, CNP	0.02	ППК26031, 05.03.2026, CNP	Missing / not tested	—	Conforms	iCoA-PP-2026-0092 (proposed), 13.08.2026, PP	8.06	ППК26031, 05.03.2026, CNP	Missing / not tested	—	Missing / not tested	—	Missing / not tested	—	Missing / not tested	—	Missing / not tested	—	Missing / not tested	—	Missing / not tested	—	Missing / not tested	—	Missing / not tested	—	Missing / not tested	—	Missing / not tested	—	Missing / not tested	—	Missing / not tested	—
55	2025-11	CoQ-PP-2026-0052	PM112501	P060232	Permanent Marker	PM_THC11.5:CBD1	R1 · Mar 2026	Conforms	iCoA-PP-2026-0095 (proposed), 13.08.2026, PP	Conforms	iCoA-PP-2026-0095 (proposed), 13.08.2026, PP	Missing / not tested	—	13.33	Grade IV, 9.01 – 14.00	ППК26030, 05.03.2026, CNP	0.03	ППК26030, 05.03.2026, CNP	Missing / not tested	—	Conforms	iCoA-PP-2026-0094 (proposed), 13.08.2026, PP	8.61	ППК26030, 05.03.2026, CNP	Missing / not tested	—	Missing / not tested	—	Missing / not tested	—	Missing / not tested	—	Missing / not tested	—	Missing / not tested	—	Missing / not tested	—	Missing / not tested	—	Missing / not tested	—	Missing / not tested	—	Missing / not tested	—	Missing / not tested	—	Missing / not tested	—
56	2025-11	CoQ-PP-2026-0060	SCR112501	P060282	Scrambler	SCR_THC18.5:CBD1	R1 · May 2026	Conforms	iCoA-PP-2026-0097 (proposed), 13.08.2026, PP	Conforms	iCoA-PP-2026-0097 (proposed), 13.08.2026, PP	Missing / not tested	—	17.13	Grade III, 16.13 – 20.75	ППК26069, 11.05.2026, CNP	0.04	ППК26069, 11.05.2026, CNP	Missing / not tested	—	Conforms	iCoA-PP-2026-0096 (proposed), 13.08.2026, PP	6.84	ППК26069, 11.05.2026, CNP	Missing / not tested	—	Missing / not tested	—	Missing / not tested	—	Missing / not tested	—	Missing / not tested	—	Missing / not tested	—	Missing / not tested	—	Missing / not tested	—	Missing / not tested	—	Missing / not tested	—	Missing / not tested	—	Missing / not tested	—	Missing / not tested	—
57	2025-11	CoQ-PP-2026-0050	SJ112501	P060192	Sleepy Joy	SJ_THC10.5:CBD1	R1 · Mar 2026	Conforms	iCoA-PP-2026-0099 (proposed), 13.08.2026, PP	Conforms	iCoA-PP-2026-0099 (proposed), 13.08.2026, PP	Missing / not tested	—	9.20	Grade IV, 7.75 – 13.00	051-2-K/26, 04.03.2026, FARM	< LOQ (<0.20%)	051-2-K/26, 04.03.2026, FARM	< LOQ	051-2-K/26, 04.03.2026, FARM	Conforms	iCoA-PP-2026-0098 (proposed), 13.08.2026, PP	6.7	051-2-GS/26, 02.03.2026, FARM	Missing / not tested	—	Missing / not tested	—	Missing / not tested	—	Missing / not tested	—	Missing / not tested	—	Missing / not tested	—	Missing / not tested	—	Missing / not tested	—	Missing / not tested	—	Missing / not tested	—	Missing / not tested	—	Missing / not tested	—	Missing / not tested	—
58	2025-12	CoQ-PP-2026-0054	J31122501	P060262	Jokerz 31	J31_THC20:CBD1	R1 · Apr 2026	Conforms	iCoA-PP-2026-0101 (proposed), 13.08.2026, PP	Conforms	iCoA-PP-2026-0101 (proposed), 13.08.2026, PP	Missing / not tested	—	19.84 ; 21.84	Grade II, 16.50 – 23.50 ; Grade II, 16.50 – 23.50	100-2-К/26, 09.04.2026, FARM ; 100-3-К/26, 09.04.2026, FARM	< LOQ (<0.20%) ; < LOQ (<0.20%)	100-2-К/26, 09.04.2026, FARM ; 100-3-К/26, 09.04.2026, FARM	< LOQ ; < LOQ	100-2-К/26, 09.04.2026, FARM ; 100-3-К/26, 09.04.2026, FARM	Conforms	iCoA-PP-2026-0100 (proposed), 13.08.2026, PP	"""10.3%  [DATA INTEGRITY FLAG — see source: this Farmahem report's own header/sample-line prints batch """"J31112501"""", but the K-report (100-2-К, same submission CF-151/152) and Purely Plant's Bundle cross-reference both confirm this is a labelling typo for J31122501]"" ; ""10.3%  [DATA INTEGRITY FLAG — see source: this Farmahem report's own header/sample-line prints batch """"J31112501"""", but the K-report (100-3-К, same submission CF-153/154) and Purely Plant's Bundle cross-reference both confirm this is a labelling typo for J31122501]"""	100-2-ГС/26, 09.04.2026, FARM ; 100-3-ГС/26, 09.04.2026, FARM	850 ; 1900	231/0394/26, 07.04.2026, IPH ; 230/0393/26, 07.04.2026, IPH	370 ; 840	231/0394/26, 07.04.2026, IPH ; 230/0393/26, 07.04.2026, IPH	< 10^2 and > 10 ; < 10^3 and > 10^2	231/0394/26, 07.04.2026, IPH ; 230/0393/26, 07.04.2026, IPH	Одговара (Complies/Absent) ; Одговара (Complies/Absent)	231/0394/26, 07.04.2026, IPH ; 230/0393/26, 07.04.2026, IPH	Одговара (Complies/Absent) ; Одговара (Complies/Absent)	231/0394/26, 07.04.2026, IPH ; 230/0393/26, 07.04.2026, IPH	Missing / not tested	—	2.5 ; COMPLIES (numeric value not present in captured source excerpt for report 1625/2026 — see Bundle cross-reference)	1628/2026, 23.04.2026, IPH ; 1625/2026, 23.04.2026, IPH	Missing / not tested	—	н.д.	1628/2026, 23.04.2026, IPH	н.д.	1628/2026, 23.04.2026, IPH	н.д.	1628/2026, 23.04.2026, IPH	н.д.	1628/2026, 23.04.2026, IPH	Lindan (Gama HCH): н.д.; Aldrin: н.д.; Dieldrin и Aldrin (expressed as Dieldrin): н.д.; HCB: н.д.; 4,4' DDE: н.д.; 4,4' DDD: н.д.; 4,4' DDT: н.д.; вкупно DDT (total DDT): н.д.; delta HCH: н.д.; alpha HCH: н.д.; beta HCH: н.д.; Endrin: н.д.; Chlorpyrifos-methyl: н.д.; Chlorpyrifos: н.д.; Heptachlor (sum of Heptachlor + Heptachlor epoxide): н.д.; Endosulfan (alpha, beta and endosulfan sulfate): н.д.; Deltamethrin: н.д.; Chlordane (sum of cis- and trans-chlordane): н.д.; Metoxychlor: н.д.; Heptachlor epoxide: н.д.; Endrin aldehyde: н.д.; alpha Endosulfan: н.д.; beta Endosulfan: н.д.; Endrin keton: н.д.; trans-Chlordane: н.д.; cis-Chlordane: н.д.; Dieldrin: н.д.; Heptachlor: н.д.; Endosulfan sulfate: н.д. ; Lindan (Gama HCH): н.д.; Aldrin: н.д.; Dieldrin и Aldrin (expressed as Dieldrin): н.д.; HCB: н.д.; 4,4' DDE: н.д.; 4,4' DDD: н.д.; 4,4' DDT: н.д.; вкупно DDT (total DDT): н.д.; delta HCH: н.д.; alpha HCH: н.д.; beta HCH: н.д.; Endrin: н.д.; Chlorpyrifos-methyl: н.д.; Chlorpyrifos: н.д.; Heptachlor (sum of Heptachlor + Heptachlor epoxide): н.д.; Endosulfan (alpha, beta and endosulfan sulfate): н.д.; Deltamethrin: н.д.; Chlordane (sum of cis- and trans-chlordane): н.д.; Metoxychlor: н.д.; Heptachlor epoxide: н.д.; Endrin aldehyde: н.д.; alpha Endosulfan: н.д.; beta Endosulfan: н.д.; Endrin keton: н.д.; trans-Chlordane: н.д.; cis-Chlordane: н.д.; Dieldrin: н.д.; Heptachlor: н.д.; Endosulfan sulfate: н.д.	1628/2026, 23.04.2026, IPH ; 1625/2026, 23.04.2026, IPH
59	2025-12	CoQ-PP-2026-0055	OPM122501	P060242	Orange Punch Mimosa	OPM_THC10:CBD1	R1 · Apr 2026	Conforms	iCoA-PP-2026-0103 (proposed), 13.08.2026, PP	Conforms	iCoA-PP-2026-0103 (proposed), 13.08.2026, PP	Missing / not tested	—	8.09	Grade IV, 7.09 – 13.00	100-4-К/26, 09.04.2026, FARM	< LOQ (<0.20%)	100-4-К/26, 09.04.2026, FARM	< LOQ	100-4-К/26, 09.04.2026, FARM	Conforms	iCoA-PP-2026-0102 (proposed), 13.08.2026, PP	6.6	100-4-ГС/26, 09.04.2026, FARM	120	229/0392/26, 07.04.2026, IPH	100	229/0392/26, 07.04.2026, IPH	<10	229/0392/26, 07.04.2026, IPH	Одговара (Complies/Absent)	229/0392/26, 07.04.2026, IPH	Одговара (Complies/Absent)	229/0392/26, 07.04.2026, IPH	—	—	2.2	1627/2026, 23.04.2026, IPH	—	—	0.049	1627/2026, 23.04.2026, IPH	0.165	1627/2026, 23.04.2026, IPH	н.д.	1627/2026, 23.04.2026, IPH	н.д.	1627/2026, 23.04.2026, IPH	Lindan (Gama HCH): н.д.; Aldrin: н.д.; Dieldrin и Aldrin (expressed as Dieldrin): н.д.; HCB: н.д.; 4,4' DDE: н.д.; 4,4' DDD: н.д.; 4,4' DDT: н.д.; вкупно DDT (total DDT): н.д.; delta HCH: н.д.; alpha HCH: н.д.; beta HCH: н.д.; Endrin: н.д.; Chlorpyrifos-methyl: н.д.; Chlorpyrifos: н.д.; Heptachlor (sum of Heptachlor + Heptachlor epoxide): н.д.; Endosulfan (alpha, beta and endosulfan sulfate): н.д.; Deltamethrin: н.д.; Chlordane (sum of cis- and trans-chlordane): н.д.; Metoxychlor: н.д.; Heptachlor epoxide: н.д.; Endrin aldehyde: н.д.; alpha Endosulfan: н.д.; beta Endosulfan: н.д.; Endrin keton: н.д.; trans-Chlordane: н.д.; cis-Chlordane: н.д.; Dieldrin: н.д.; Heptachlor: н.д.; Endosulfan sulfate: н.д.	1627/2026, 23.04.2026, IPH
		CoQ-PP-2026-0091					R2 · Aug 2026	—	—	—	—			7.91	Grade IV, 7.09 – 13.00	197-19-К/26, 07.08.2026, FARM	<LOQ %w/w	197-19-К/26, 07.08.2026, FARM	<LOQ %w/w	197-19-К/26, 07.08.2026, FARM	—	—	—	—	—	—	—	—	—	—	—	—	—	—	ND	197-19-М/26, 10.08.2026, FARM	ND ; ND ; ND ; ND (all four aflatoxins not detected)	197-19-М/26, 10.08.2026, FARM ; 197-19-М/26, 10.08.2026, FARM ; 197-19-М/26, 10.08.2026, FARM ; 197-19-М/26, 10.08.2026, FARM	ND	197-19-М/26, 10.08.2026, FARM	—	—	—	—	—	—	—	—	—	—
60	2026-01	CoQ-PP-2026-0092	CC012601/1	P060332	Cash Cow	CC_THC18:CBD1	R1 · Aug 2026	Conforms	iCoA-PP-2026-0105 (proposed), 13.08.2026, PP	Conforms	iCoA-PP-2026-0105 (proposed), 13.08.2026, PP	Missing / not tested	—	17.67	Grade III, 15.50 – 20.50	197-6-К/26, 07.08.2026, FARM	<LOQ %w/w	197-6-К/26, 07.08.2026, FARM	<LOQ %w/w	197-6-К/26, 07.08.2026, FARM	Conforms	iCoA-PP-2026-0104 (proposed), 13.08.2026, PP	Missing / not tested	—	Missing / not tested	—	Missing / not tested	—	Missing / not tested	—	Missing / not tested	—	Missing / not tested	—	ND	197-6-М/26, 10.08.2026, FARM	ND ; ND ; ND ; ND (all four aflatoxins not detected)	197-6-М/26, 10.08.2026, FARM ; 197-6-М/26, 10.08.2026, FARM ; 197-6-М/26, 10.08.2026, FARM ; 197-6-М/26, 10.08.2026, FARM	ND	197-6-М/26, 10.08.2026, FARM	Missing / not tested	—	Missing / not tested	—	Missing / not tested	—	Missing / not tested	—	Missing / not tested	—
61	2026-01	CoQ-PP-2026-0061	FB012601/1	P060322	Fat Bastard	FB_THC16.5:CBD1	R1 · May 2026	Conforms	iCoA-PP-2026-0107 (proposed), 13.08.2026, PP	Conforms	iCoA-PP-2026-0107 (proposed), 13.08.2026, PP	Missing / not tested	—	14.68	Grade III, 13.68 – 19.25	ППК26067, 11.05.2026, CNP	0.04	ППК26067, 11.05.2026, CNP	Missing / not tested	—	Conforms	iCoA-PP-2026-0106 (proposed), 13.08.2026, PP	7.67	ППК26067, 11.05.2026, CNP	Missing / not tested	—	Missing / not tested	—	Missing / not tested	—	Missing / not tested	—	Missing / not tested	—	Missing / not tested	—	Missing / not tested	—	Missing / not tested	—	Missing / not tested	—	Missing / not tested	—	Missing / not tested	—	Missing / not tested	—	Missing / not tested	—
62	2026-01	CoQ-PP-2026-0062	GG012601	P060302	Gorilla Glue	GG_THC15:CBD1	R1 · May 2026	Conforms	iCoA-PP-2026-0109 (proposed), 13.08.2026, PP	Conforms	iCoA-PP-2026-0109 (proposed), 13.08.2026, PP	Missing / not tested	—	15.35	Grade III, 12.34 – 18.00	ППК26062, 11.05.2026, CNP	0.06	ППК26062, 11.05.2026, CNP	Missing / not tested	—	Conforms	iCoA-PP-2026-0108 (proposed), 13.08.2026, PP	6.13	ППК26062, 11.05.2026, CNP	Missing / not tested	—	Missing / not tested	—	Missing / not tested	—	Missing / not tested	—	Missing / not tested	—	Missing / not tested	—	Missing / not tested	—	Missing / not tested	—	Missing / not tested	—	Missing / not tested	—	Missing / not tested	—	Missing / not tested	—	Missing / not tested	—
63	2026-01	CoQ-PP-2026-0063	JD012601	P060312	Jelly Donutz	JD_THC20:CBD1	R1 · May 2026	Conforms	iCoA-PP-2026-0111 (proposed), 13.08.2026, PP	Conforms	iCoA-PP-2026-0111 (proposed), 13.08.2026, PP	Missing / not tested	—	18.16	Grade III, 18.00 – 22.00	ППК26064, 11.05.2026, CNP	0.06	ППК26064, 11.05.2026, CNP	Missing / not tested	—	Conforms	iCoA-PP-2026-0110 (proposed), 13.08.2026, PP	6.68	ППК26064, 11.05.2026, CNP	Missing / not tested	—	Missing / not tested	—	Missing / not tested	—	Missing / not tested	—	Missing / not tested	—	Missing / not tested	—	Missing / not tested	—	Missing / not tested	—	Missing / not tested	—	Missing / not tested	—	Missing / not tested	—	Missing / not tested	—	Missing / not tested	—
64	2026-01	CoQ-PP-2026-0093	FB012602	P060352	Fat Bastard	FB_THC16.5:CBD1	R1 · Aug 2026	Conforms	iCoA-PP-2026-0113 (proposed), 13.08.2026, PP	Conforms	iCoA-PP-2026-0113 (proposed), 13.08.2026, PP	Missing / not tested	—	18.86	Grade III, 13.68 – 19.25	197-7-К/26, 07.08.2026, FARM	<LOQ %w/w	197-7-К/26, 07.08.2026, FARM	0.22	197-7-К/26, 07.08.2026, FARM	Conforms	iCoA-PP-2026-0112 (proposed), 13.08.2026, PP	Missing / not tested	—	Missing / not tested	—	Missing / not tested	—	Missing / not tested	—	Missing / not tested	—	Missing / not tested	—	ND	197-7-М/26, 10.08.2026, FARM	ND ; ND ; ND ; ND (all four aflatoxins not detected)	197-7-М/26, 10.08.2026, FARM ; 197-7-М/26, 10.08.2026, FARM ; 197-7-М/26, 10.08.2026, FARM ; 197-7-М/26, 10.08.2026, FARM	ND	197-7-М/26, 10.08.2026, FARM	Missing / not tested	—	Missing / not tested	—	Missing / not tested	—	Missing / not tested	—	Missing / not tested	—
65	2026-01	CoQ-PP-2026-0064	FB012603	—	Fat Bastard	FB_THC22:CBD1	R1 · Jun 2026	Conforms	iCoA-PP-2026-0114 (proposed), 13.08.2026, PP	Conforms	iCoA-PP-2026-0114 (proposed), 13.08.2026, PP	Conforms / Одговара	ППК26112, 30.06.2026, CNP	20.83	Grade II, 19.25 – 24.75	ППК26112, 30.06.2026, CNP	0.21	ППК26112, 30.06.2026, CNP	0.06	ППК26112, 30.06.2026, CNP	Conforms (no seed, no leaves >1cm)	ППК26112, 30.06.2026, CNP	7.04	ППК26112, 30.06.2026, CNP	Missing / not tested	—	Missing / not tested	—	Missing / not tested	—	Missing / not tested	—	Missing / not tested	—	Missing / not tested	—	Missing / not tested	—	Missing / not tested	—	Missing / not tested	—	Missing / not tested	—	Missing / not tested	—	Missing / not tested	—	Missing / not tested	—
66	2026-01	CoQ-PP-2026-0065	FB012603V	P060392	Fat Bastard	FB_THC16.5:CBD1	R1 · Jun 2026	Conforms	iCoA-PP-2026-0115 (proposed), 13.08.2026, PP	Conforms	iCoA-PP-2026-0115 (proposed), 13.08.2026, PP	Conforms / Одговара	ППК26110, 30.06.2026, CNP	18.29	Grade III, 13.68 – 19.25	ППК26110, 30.06.2026, CNP	0.16	ППК26110, 30.06.2026, CNP	0.06	ППК26110, 30.06.2026, CNP	/ (Conforms; no seed, no leaves >1 cm)	ППК26110, 30.06.2026, CNP	6.36	ППК26110, 30.06.2026, CNP	Missing / not tested	—	Missing / not tested	—	Missing / not tested	—	Missing / not tested	—	Missing / not tested	—	Missing / not tested	—	Missing / not tested	—	Missing / not tested	—	Missing / not tested	—	Missing / not tested	—	Missing / not tested	—	Missing / not tested	—	Missing / not tested	—
67	2026-01	CoQ-PP-2026-0094	GG012603	P060402	Gorilla Glue	GG_THC15:CBD1	R1 · Jun–Aug 2026	Conforms	iCoA-PP-2026-0116 (proposed), 13.08.2026, PP	Conforms	iCoA-PP-2026-0116 (proposed), 13.08.2026, PP	Conforms / Одговара	ППК26114, 30.06.2026, CNP	16.70 ; 17.59	Grade III, 12.34 – 18.00 ; Grade III, 12.34 – 18.00	197-8-К/26, 07.08.2026, FARM ; ППК26114, 30.06.2026, CNP	<LOQ %w/w ; 0.05	197-8-К/26, 07.08.2026, FARM ; ППК26114, 30.06.2026, CNP	<LOQ %w/w ; 0.15	197-8-К/26, 07.08.2026, FARM ; ППК26114, 30.06.2026, CNP	0.09% (Conforms)	ППК26114, 30.06.2026, CNP	6.48	ППК26114, 30.06.2026, CNP	Missing / not tested	—	Missing / not tested	—	Missing / not tested	—	Missing / not tested	—	Missing / not tested	—	ND	197-8-М/26, 10.08.2026, FARM	ND ; ND ; ND ; ND (all four aflatoxins not detected)	197-8-М/26, 10.08.2026, FARM ; 197-8-М/26, 10.08.2026, FARM ; 197-8-М/26, 10.08.2026, FARM ; 197-8-М/26, 10.08.2026, FARM	ND	197-8-М/26, 10.08.2026, FARM	Missing / not tested	—	Missing / not tested	—	Missing / not tested	—	Missing / not tested	—	Missing / not tested	—
68	2026-01	CoQ-PP-2026-0066	JD012603/2	P060412	Jelly Donutz	JD_THC20:CBD1	R1 · Jun 2026	Conforms	iCoA-PP-2026-0117 (proposed), 13.08.2026, PP	Conforms	iCoA-PP-2026-0117 (proposed), 13.08.2026, PP	Conforms / Одговара	ППК26113, 30.06.2026, CNP	20.54	Grade III, 18.00 – 22.00	ППК26113, 30.06.2026, CNP	0.05	ППК26113, 30.06.2026, CNP	0.05	ППК26113, 30.06.2026, CNP	/ (Conforms; no seed, no leaves >1 cm)	ППК26113, 30.06.2026, CNP	7.52	ППК26113, 30.06.2026, CNP	Missing / not tested	—	Missing / not tested	—	Missing / not tested	—	Missing / not tested	—	Missing / not tested	—	Missing / not tested	—	Missing / not tested	—	Missing / not tested	—	Missing / not tested	—	Missing / not tested	—	Missing / not tested	—	Missing / not tested	—	Missing / not tested	—
69	2026-01	CoQ-PP-2026-0067	JD012603/2V	P060422	Jelly Donutz	JD_THC15:CBD1	R1 · Jun 2026	Conforms	iCoA-PP-2026-0118 (proposed), 13.08.2026, PP	Conforms	iCoA-PP-2026-0118 (proposed), 13.08.2026, PP	Conforms / Одговара	ППК26111, 30.06.2026, CNP	15.16	Grade IV, 12.50 – 18.00	ППК26111, 30.06.2026, CNP	BLQ (below limit of quantification)	ППК26111, 30.06.2026, CNP	0.04	ППК26111, 30.06.2026, CNP	/ (Conforms; no seed, no leaves >1 cm)	ППК26111, 30.06.2026, CNP	7.04	ППК26111, 30.06.2026, CNP	Missing / not tested	—	Missing / not tested	—	Missing / not tested	—	Missing / not tested	—	Missing / not tested	—	Missing / not tested	—	Missing / not tested	—	Missing / not tested	—	Missing / not tested	—	Missing / not tested	—	Missing / not tested	—	Missing / not tested	—	Missing / not tested	—
70	2026-01	CoQ-PP-2026-0095	SCR012603	P060382	Scrambler	SCR_THC18.5:CBD1	R1 · Aug 2026	Conforms	iCoA-PP-2026-0120 (proposed), 13.08.2026, PP	Conforms	iCoA-PP-2026-0120 (proposed), 13.08.2026, PP	Missing / not tested	—	17.84	Grade III, 16.13 – 20.75	197-21-К/26, 07.08.2026, FARM	<LOQ %w/w	197-21-К/26, 07.08.2026, FARM	<LOQ %w/w	197-21-К/26, 07.08.2026, FARM	Conforms	iCoA-PP-2026-0119 (proposed), 13.08.2026, PP	Missing / not tested	—	Missing / not tested	—	Missing / not tested	—	Missing / not tested	—	Missing / not tested	—	Missing / not tested	—	ND	197-21-М/26, 10.08.2026, FARM	ND ; ND ; ND ; ND (all four aflatoxins not detected)	197-21-М/26, 10.08.2026, FARM ; 197-21-М/26, 10.08.2026, FARM ; 197-21-М/26, 10.08.2026, FARM ; 197-21-М/26, 10.08.2026, FARM	ND	197-21-М/26, 10.08.2026, FARM	Missing / not tested	—	Missing / not tested	—	Missing / not tested	—	Missing / not tested	—	Missing / not tested	—
71	2026-02	CoQ-PP-2026-0068	JD022601	—	Jelly Donutz	JD_THC20:CBD1	R1 · Jun 2026	Conforms	iCoA-PP-2026-0121 (proposed), 13.08.2026, PP	Conforms	iCoA-PP-2026-0121 (proposed), 13.08.2026, PP	Conforms / Одговара	ППК26115, 30.06.2026, CNP	18.58	Grade III, 18.00 – 22.00	ППК26115, 30.06.2026, CNP	BLQ (below limit of quantification)	ППК26115, 30.06.2026, CNP	0.05	ППК26115, 30.06.2026, CNP	/ (Conforms; no seed, no leaves >1 cm)	ППК26115, 30.06.2026, CNP	7.73	ППК26115, 30.06.2026, CNP	Missing / not tested	—	Missing / not tested	—	Missing / not tested	—	Missing / not tested	—	Missing / not tested	—	Missing / not tested	—	Missing / not tested	—	Missing / not tested	—	Missing / not tested	—	Missing / not tested	—	Missing / not tested	—	Missing / not tested	—	Missing / not tested	—
72	2026-02	CoQ-PP-2026-0069	SCR022601	—	Scrambler	SCR_THC23:CBD1	R1 · Jul 2026	Conforms	iCoA-PP-2026-0122 (proposed), 13.08.2026, PP	Conforms	iCoA-PP-2026-0122 (proposed), 13.08.2026, PP	Conforms / Одговара	ППК26116, 06.07.2026, CNP	21.92	Grade II, 20.75 – 25.25	ППК26116, 06.07.2026, CNP	0.19	ППК26116, 06.07.2026, CNP	0.06	ППК26116, 06.07.2026, CNP	/ (Conforms; no seed, no leaves >1 cm)	ППК26116, 06.07.2026, CNP	7.06	ППК26116, 06.07.2026, CNP	Missing / not tested	—	Missing / not tested	—	Missing / not tested	—	Missing / not tested	—	Missing / not tested	—	Missing / not tested	—	Missing / not tested	—	Missing / not tested	—	Missing / not tested	—	Missing / not tested	—	Missing / not tested	—	Missing / not tested	—	Missing / not tested	—
73	2026-03	CoQ-PP-2026-0073	FB032601	—	Fat Bastard	FB_THC11:CBD1	R1 · Jul 2026	Conforms	iCoA-PP-2026-0123 (proposed), 13.08.2026, PP	Conforms	iCoA-PP-2026-0123 (proposed), 13.08.2026, PP	Conforms / Одговара	ППК26127, 21.07.2026, CNP	12.39	Grade IV, 8.25 – 13.68	ППК26127, 21.07.2026, CNP	0.06	ППК26127, 21.07.2026, CNP	0.04	ППК26127, 21.07.2026, CNP	0.08% (Не одговара) — NON-CONFORM: cannabis seed present [DATA INTEGRITY FLAG — see source]	ППК26127, 21.07.2026, CNP	7.77	ППК26127, 21.07.2026, CNP	Missing / not tested	—	Missing / not tested	—	Missing / not tested	—	Missing / not tested	—	Missing / not tested	—	Missing / not tested	—	Missing / not tested	—	Missing / not tested	—	Missing / not tested	—	Missing / not tested	—	Missing / not tested	—	Missing / not tested	—	Missing / not tested	—
74	2026-03	CoQ-PP-2026-0074	GG032601	—	Gorilla Glue	GG_THC21:CBD1	R1 · Jul 2026	Conforms	iCoA-PP-2026-0124 (proposed), 13.08.2026, PP	Conforms	iCoA-PP-2026-0124 (proposed), 13.08.2026, PP	Conforms / Одговара	ППК26128, 21.07.2026, CNP	18.98	Grade II, 18.00 – 24.00	ППК26128, 21.07.2026, CNP	0.25	ППК26128, 21.07.2026, CNP	0.04	ППК26128, 21.07.2026, CNP	/ (Conforms; no seed, no leaves >1 cm)	ППК26128, 21.07.2026, CNP	7.88	ППК26128, 21.07.2026, CNP	Missing / not tested	—	Missing / not tested	—	Missing / not tested	—	Missing / not tested	—	Missing / not tested	—	Missing / not tested	—	Missing / not tested	—	Missing / not tested	—	Missing / not tested	—	Missing / not tested	—	Missing / not tested	—	Missing / not tested	—	Missing / not tested	—
75	—	CoQ-PP-2026-0070	P160012	P160012	Grape Pie	GP_THC28:CBD1	R1 · Jul 2026	Conforms	iCoA-PP-2026-0125 (proposed), 13.08.2026, PP	Conforms	iCoA-PP-2026-0125 (proposed), 13.08.2026, PP	Conforms / Одговара	ППК26117, 06.07.2026, CNP	26.32	Grade I, 26.00 – 30.00	ППК26117, 06.07.2026, CNP	0.15	ППК26117, 06.07.2026, CNP	0.09	ППК26117, 06.07.2026, CNP	0.42% (Conforms)	ППК26117, 06.07.2026, CNP	6.31	ППК26117, 06.07.2026, CNP	Missing / not tested	—	Missing / not tested	—	Missing / not tested	—	Missing / not tested	—	Missing / not tested	—	Missing / not tested	—	Missing / not tested	—	Missing / not tested	—	Missing / not tested	—	Missing / not tested	—	Missing / not tested	—	Missing / not tested	—	Missing / not tested	—
76	—	CoQ-PP-2026-0071	P160022	P160022	Grape Pie	GP_THC24:CBD1	R1 · Jul 2026	Conforms	iCoA-PP-2026-0126 (proposed), 13.08.2026, PP	Conforms	iCoA-PP-2026-0126 (proposed), 13.08.2026, PP	Conforms / Одговара	ППК26118, 06.07.2026, CNP	25.72	Grade II, 22.00 – 26.00	ППК26118, 06.07.2026, CNP	0.15	ППК26118, 06.07.2026, CNP	0.10	ППК26118, 06.07.2026, CNP	/ (Conforms; no seed, no leaves >1 cm)	ППК26118, 06.07.2026, CNP	6.67	ППК26118, 06.07.2026, CNP	Missing / not tested	—	Missing / not tested	—	Missing / not tested	—	Missing / not tested	—	Missing / not tested	—	Missing / not tested	—	Missing / not tested	—	Missing / not tested	—	Missing / not tested	—	Missing / not tested	—	Missing / not tested	—	Missing / not tested	—	Missing / not tested	—
77	—	CoQ-PP-2026-0072	P160032	P160032	Grape Pie	GP_THC24:CBD1	R1 · Jul 2026	Conforms	iCoA-PP-2026-0127 (proposed), 13.08.2026, PP	Conforms	iCoA-PP-2026-0127 (proposed), 13.08.2026, PP	Conforms / Одговара	ППК26119, 06.07.2026, CNP	24.78	Grade II, 22.00 – 26.00	ППК26119, 06.07.2026, CNP	0.06	ППК26119, 06.07.2026, CNP	0.08	ППК26119, 06.07.2026, CNP	/ (Conforms; no seed, no leaves >1 cm)	ППК26119, 06.07.2026, CNP	6.78	ППК26119, 06.07.2026, CNP	Missing / not tested	—	Missing / not tested	—	Missing / not tested	—	Missing / not tested	—	Missing / not tested	—	Missing / not tested	—	Missing / not tested	—	Missing / not tested	—	Missing / not tested	—	Missing / not tested	—	Missing / not tested	—	Missing / not tested	—	Missing / not tested	—
