#	Production	Batch	P-Number	Strain	Spec document	Grade (v.02)	Product code	№	Specification parameter	Result	Unit	eCoA code	Issued	Lab	eCoA scan	Source parameter (as printed)
1	2024-08	GP0824_01	P050102	Grape Pie	QCSP 001_GP_v.02	Grade III	GP_THC20:CBD1	1	Macroscopic Identification (Test A)	Missing / not tested	—	—	—	—		—
1	2024-08	GP0824_01	P050102	Grape Pie	QCSP 001_GP_v.02	Grade III	GP_THC20:CBD1	2	Microscopic Identification (Test B)	Missing / not tested	—	—	—	—		—
1	2024-08	GP0824_01	P050102	Grape Pie	QCSP 001_GP_v.02	Grade III	GP_THC20:CBD1	3	HPTLC / Chromatographic Identification (Test C)	Missing / not tested	—	—	—	—		—
1	2024-08	GP0824_01	P050102	Grape Pie	QCSP 001_GP_v.02	Grade III	GP_THC20:CBD1	4	Assay — Total Δ⁹-THC	20.79	%	ППК25105	17.04.2025	UKIM	https://drive.google.com/file/d/1fNHLDSV9zrYtdYMEKa6VwU73jBPq7qR7/view	Total Delta-9-THC (THC + THCA x 0.877)
1	2024-08	GP0824_01	P050102	Grape Pie	QCSP 001_GP_v.02	Grade III	GP_THC20:CBD1	5	Assay — Total CBD	0.06	%	ППК25105	17.04.2025	UKIM	https://drive.google.com/file/d/1fNHLDSV9zrYtdYMEKa6VwU73jBPq7qR7/view	Total CBD (CBD + CBDA x 0.877)
1	2024-08	GP0824_01	P050102	Grape Pie	QCSP 001_GP_v.02	Grade III	GP_THC20:CBD1	6	Total CBN	Missing / not tested	—	—	—	—		—
1	2024-08	GP0824_01	P050102	Grape Pie	QCSP 001_GP_v.02	Grade III	GP_THC20:CBD1	7	Foreign Matter	Missing / not tested	—	—	—	—		—
1	2024-08	GP0824_01	P050102	Grape Pie	QCSP 001_GP_v.02	Grade III	GP_THC20:CBD1	8	Loss on Drying	6.73	%	ППК25105	17.04.2025	UKIM	https://drive.google.com/file/d/1fNHLDSV9zrYtdYMEKa6VwU73jBPq7qR7/view	Loss on Drying
1	2024-08	GP0824_01	P050102	Grape Pie	QCSP 001_GP_v.02	Grade III	GP_THC20:CBD1	9.1	Microbiology — TAMC	4.2×10³ CFU/g	CFU/g	318/0585/25	14.04.2025	IPH	https://drive.google.com/file/d/1fNHLDSV9zrYtdYMEKa6VwU73jBPq7qR7/view	Total aerobic microbial count (TAMC)
1	2024-08	GP0824_01	P050102	Grape Pie	QCSP 001_GP_v.02	Grade III	GP_THC20:CBD1	9.1	Microbiology — TAMC	5.2×10³ CFU/g	CFU/g	319/0586/25	14.04.2025	IPH	https://drive.google.com/file/d/1fNHLDSV9zrYtdYMEKa6VwU73jBPq7qR7/view	Total aerobic microbial count (TAMC)
1	2024-08	GP0824_01	P050102	Grape Pie	QCSP 001_GP_v.02	Grade III	GP_THC20:CBD1	9.2	Microbiology — TYMC	6×10² CFU/g	CFU/g	318/0585/25	14.04.2025	IPH	https://drive.google.com/file/d/1fNHLDSV9zrYtdYMEKa6VwU73jBPq7qR7/view	Total combined yeasts/moulds count (TYMC)
1	2024-08	GP0824_01	P050102	Grape Pie	QCSP 001_GP_v.02	Grade III	GP_THC20:CBD1	9.2	Microbiology — TYMC	8.8×10² CFU/g	CFU/g	319/0586/25	14.04.2025	IPH	https://drive.google.com/file/d/1fNHLDSV9zrYtdYMEKa6VwU73jBPq7qR7/view	Total combined yeasts/moulds count (TYMC)
1	2024-08	GP0824_01	P050102	Grape Pie	QCSP 001_GP_v.02	Grade III	GP_THC20:CBD1	9.3	Microbiology — Bile-tolerant gram-negative	<10	CFU/g	318/0585/25	14.04.2025	IPH	https://drive.google.com/file/d/1fNHLDSV9zrYtdYMEKa6VwU73jBPq7qR7/view	Bile-tolerant gram-negative bacteria
1	2024-08	GP0824_01	P050102	Grape Pie	QCSP 001_GP_v.02	Grade III	GP_THC20:CBD1	9.3	Microbiology — Bile-tolerant gram-negative	<10	CFU/g	319/0586/25	14.04.2025	IPH	https://drive.google.com/file/d/1fNHLDSV9zrYtdYMEKa6VwU73jBPq7qR7/view	Bile-tolerant gram-negative bacteria
1	2024-08	GP0824_01	P050102	Grape Pie	QCSP 001_GP_v.02	Grade III	GP_THC20:CBD1	9.4	Microbiology — Salmonella	Одговара (absent)	/25 g	318/0585/25	14.04.2025	IPH	https://drive.google.com/file/d/1fNHLDSV9zrYtdYMEKa6VwU73jBPq7qR7/view	Salmonella
1	2024-08	GP0824_01	P050102	Grape Pie	QCSP 001_GP_v.02	Grade III	GP_THC20:CBD1	9.4	Microbiology — Salmonella	Одговара (absent)	/25 g	319/0586/25	14.04.2025	IPH	https://drive.google.com/file/d/1fNHLDSV9zrYtdYMEKa6VwU73jBPq7qR7/view	Salmonella
1	2024-08	GP0824_01	P050102	Grape Pie	QCSP 001_GP_v.02	Grade III	GP_THC20:CBD1	9.5	Microbiology — Escherichia coli	Одговара (absent)	/1 g	318/0585/25	14.04.2025	IPH	https://drive.google.com/file/d/1fNHLDSV9zrYtdYMEKa6VwU73jBPq7qR7/view	Escherichia coli
1	2024-08	GP0824_01	P050102	Grape Pie	QCSP 001_GP_v.02	Grade III	GP_THC20:CBD1	9.5	Microbiology — Escherichia coli	Одговара (absent)	/1 g	319/0586/25	14.04.2025	IPH	https://drive.google.com/file/d/1fNHLDSV9zrYtdYMEKa6VwU73jBPq7qR7/view	Escherichia coli
1	2024-08	GP0824_01	P050102	Grape Pie	QCSP 001_GP_v.02	Grade III	GP_THC20:CBD1	10.1	Mycotoxins — Aflatoxin B1	Missing / not tested	—	—	—	—		—
1	2024-08	GP0824_01	P050102	Grape Pie	QCSP 001_GP_v.02	Grade III	GP_THC20:CBD1	10.2	Mycotoxins — Total Aflatoxins (B1+B2+G1+G2)	<2	µg/kg	1767/2025	11.04.2025	IPH	https://drive.google.com/file/d/1fNHLDSV9zrYtdYMEKa6VwU73jBPq7qR7/view	Total aflatoxins
1	2024-08	GP0824_01	P050102	Grape Pie	QCSP 001_GP_v.02	Grade III	GP_THC20:CBD1	10.3	Mycotoxins — Ochratoxin A	Missing / not tested	—	—	—	—		—
1	2024-08	GP0824_01	P050102	Grape Pie	QCSP 001_GP_v.02	Grade III	GP_THC20:CBD1	11.1	Heavy Metals — Lead (Pb)	0.026	mg/kg	1767/2025	11.04.2025	IPH	https://drive.google.com/file/d/1fNHLDSV9zrYtdYMEKa6VwU73jBPq7qR7/view	Lead
1	2024-08	GP0824_01	P050102	Grape Pie	QCSP 001_GP_v.02	Grade III	GP_THC20:CBD1	11.2	Heavy Metals — Cadmium (Cd)	0.005	mg/kg	1767/2025	11.04.2025	IPH	https://drive.google.com/file/d/1fNHLDSV9zrYtdYMEKa6VwU73jBPq7qR7/view	Cadmium
1	2024-08	GP0824_01	P050102	Grape Pie	QCSP 001_GP_v.02	Grade III	GP_THC20:CBD1	11.3	Heavy Metals — Arsenic (As)	0.015	mg/kg	1767/2025	11.04.2025	IPH	https://drive.google.com/file/d/1fNHLDSV9zrYtdYMEKa6VwU73jBPq7qR7/view	Arsenic
1	2024-08	GP0824_01	P050102	Grape Pie	QCSP 001_GP_v.02	Grade III	GP_THC20:CBD1	11.4	Heavy Metals — Mercury (Hg)	0.005	mg/kg	1767/2025	11.04.2025	IPH	https://drive.google.com/file/d/1fNHLDSV9zrYtdYMEKa6VwU73jBPq7qR7/view	Mercury
1	2024-08	GP0824_01	P050102	Grape Pie	QCSP 001_GP_v.02	Grade III	GP_THC20:CBD1	12	Pesticide Residues — multi-residue panel	ND / <LOQ — no analyte detected (13 analytes)	—	1767/2025	11.04.2025	IPH	https://drive.google.com/file/d/1fNHLDSV9zrYtdYMEKa6VwU73jBPq7qR7/view	multi-residue screen, per analyte
2	2024-08	GP0824_02	P050022	Grape Pie	QCSP 001_GP_v.02	Grade II	GP_THC24:CBD1	1	Macroscopic Identification (Test A)	Missing / not tested	—	—	—	—		—
2	2024-08	GP0824_02	P050022	Grape Pie	QCSP 001_GP_v.02	Grade II	GP_THC24:CBD1	2	Microscopic Identification (Test B)	Missing / not tested	—	—	—	—		—
2	2024-08	GP0824_02	P050022	Grape Pie	QCSP 001_GP_v.02	Grade II	GP_THC24:CBD1	3	HPTLC / Chromatographic Identification (Test C)	Missing / not tested	—	—	—	—		—
2	2024-08	GP0824_02	P050022	Grape Pie	QCSP 001_GP_v.02	Grade II	GP_THC24:CBD1	4	Assay — Total Δ⁹-THC	22.61	%	197-11-К/26	07.08.2026	FARM	https://drive.google.com/file/d/1hPbRPIVPatLijbw81GjBtmmsOXuz1l22/view	Total Delta-9-THC (Farmahem retest)
2	2024-08	GP0824_02	P050022	Grape Pie	QCSP 001_GP_v.02	Grade II	GP_THC24:CBD1	4	Assay — Total Δ⁹-THC	23.19	%	ППК25174	10.07.2025	UKIM	https://drive.google.com/file/d/1F7HmOn5tMa1wzgElS78_4Wi3B2wLs468/view	Total Delta-9-THC (THC + THCA x 0.877)
2	2024-08	GP0824_02	P050022	Grape Pie	QCSP 001_GP_v.02	Grade II	GP_THC24:CBD1	4	Assay — Total Δ⁹-THC	23.79	%	ППК25139	22.05.2025	UKIM	https://drive.google.com/file/d/1ZyghF4WvmezDzjbWQXcbvTkfc6dmHTJl/view	Total Delta-9-THC (THC + THCA x 0.877)
2	2024-08	GP0824_02	P050022	Grape Pie	QCSP 001_GP_v.02	Grade II	GP_THC24:CBD1	5	Assay — Total CBD	<LOQ %w/w	%	197-11-К/26	07.08.2026	FARM	https://drive.google.com/file/d/1hPbRPIVPatLijbw81GjBtmmsOXuz1l22/view	Total CBD (Farmahem retest)
2	2024-08	GP0824_02	P050022	Grape Pie	QCSP 001_GP_v.02	Grade II	GP_THC24:CBD1	5	Assay — Total CBD	0.07	%	ППК25174	10.07.2025	UKIM	https://drive.google.com/file/d/1F7HmOn5tMa1wzgElS78_4Wi3B2wLs468/view	Total CBD (CBD + CBDA x 0.877)
2	2024-08	GP0824_02	P050022	Grape Pie	QCSP 001_GP_v.02	Grade II	GP_THC24:CBD1	5	Assay — Total CBD	0.10	%	ППК25139	22.05.2025	UKIM	https://drive.google.com/file/d/1ZyghF4WvmezDzjbWQXcbvTkfc6dmHTJl/view	Total CBD (CBD + CBDA x 0.877)
2	2024-08	GP0824_02	P050022	Grape Pie	QCSP 001_GP_v.02	Grade II	GP_THC24:CBD1	6	Total CBN	0.23	%	197-11-К/26	07.08.2026	FARM	https://drive.google.com/file/d/1hPbRPIVPatLijbw81GjBtmmsOXuz1l22/view	Total CBN (Farmahem retest)
2	2024-08	GP0824_02	P050022	Grape Pie	QCSP 001_GP_v.02	Grade II	GP_THC24:CBD1	7	Foreign Matter	Missing / not tested	—	—	—	—		—
2	2024-08	GP0824_02	P050022	Grape Pie	QCSP 001_GP_v.02	Grade II	GP_THC24:CBD1	8	Loss on Drying	6.51	%	ППК25174	10.07.2025	UKIM	https://drive.google.com/file/d/1F7HmOn5tMa1wzgElS78_4Wi3B2wLs468/view	Loss on Drying
2	2024-08	GP0824_02	P050022	Grape Pie	QCSP 001_GP_v.02	Grade II	GP_THC24:CBD1	8	Loss on Drying	7.21	%	ППК25139	22.05.2025	UKIM	https://drive.google.com/file/d/1ZyghF4WvmezDzjbWQXcbvTkfc6dmHTJl/view	Loss on Drying
2	2024-08	GP0824_02	P050022	Grape Pie	QCSP 001_GP_v.02	Grade II	GP_THC24:CBD1	9.1	Microbiology — TAMC	<10	CFU/g	627/1128/25	02.07.2025	IPH	https://drive.google.com/file/d/1F7HmOn5tMa1wzgElS78_4Wi3B2wLs468/view	Total aerobic microbial count (TAMC)
2	2024-08	GP0824_02	P050022	Grape Pie	QCSP 001_GP_v.02	Grade II	GP_THC24:CBD1	9.1	Microbiology — TAMC	700	CFU/g	471/0862/25	22.05.2025	IPH	https://drive.google.com/file/d/1ZyghF4WvmezDzjbWQXcbvTkfc6dmHTJl/view	Total aerobic microbial count (TAMC)
2	2024-08	GP0824_02	P050022	Grape Pie	QCSP 001_GP_v.02	Grade II	GP_THC24:CBD1	9.2	Microbiology — TYMC	<10	CFU/g	627/1128/25	02.07.2025	IPH	https://drive.google.com/file/d/1F7HmOn5tMa1wzgElS78_4Wi3B2wLs468/view	Total combined yeasts/moulds count (TYMC)
2	2024-08	GP0824_02	P050022	Grape Pie	QCSP 001_GP_v.02	Grade II	GP_THC24:CBD1	9.2	Microbiology — TYMC	<10	CFU/g	471/0862/25	22.05.2025	IPH	https://drive.google.com/file/d/1ZyghF4WvmezDzjbWQXcbvTkfc6dmHTJl/view	Total combined yeasts/moulds count (TYMC)
2	2024-08	GP0824_02	P050022	Grape Pie	QCSP 001_GP_v.02	Grade II	GP_THC24:CBD1	9.3	Microbiology — Bile-tolerant gram-negative	<10	CFU/g	627/1128/25	02.07.2025	IPH	https://drive.google.com/file/d/1F7HmOn5tMa1wzgElS78_4Wi3B2wLs468/view	Bile-tolerant gram-negative bacteria
2	2024-08	GP0824_02	P050022	Grape Pie	QCSP 001_GP_v.02	Grade II	GP_THC24:CBD1	9.3	Microbiology — Bile-tolerant gram-negative	<10¹ and >10 CFU/g	CFU/g	471/0862/25	22.05.2025	IPH	https://drive.google.com/file/d/1ZyghF4WvmezDzjbWQXcbvTkfc6dmHTJl/view	Bile-tolerant gram-negative bacteria
2	2024-08	GP0824_02	P050022	Grape Pie	QCSP 001_GP_v.02	Grade II	GP_THC24:CBD1	9.4	Microbiology — Salmonella	Одговара (absent)	/25 g	627/1128/25	02.07.2025	IPH	https://drive.google.com/file/d/1F7HmOn5tMa1wzgElS78_4Wi3B2wLs468/view	Salmonella
2	2024-08	GP0824_02	P050022	Grape Pie	QCSP 001_GP_v.02	Grade II	GP_THC24:CBD1	9.4	Microbiology — Salmonella	Одговара (absent)	/25 g	471/0862/25	22.05.2025	IPH	https://drive.google.com/file/d/1ZyghF4WvmezDzjbWQXcbvTkfc6dmHTJl/view	Salmonella
2	2024-08	GP0824_02	P050022	Grape Pie	QCSP 001_GP_v.02	Grade II	GP_THC24:CBD1	9.5	Microbiology — Escherichia coli	Одговара (absent)	/1 g	627/1128/25	02.07.2025	IPH	https://drive.google.com/file/d/1F7HmOn5tMa1wzgElS78_4Wi3B2wLs468/view	Escherichia coli
2	2024-08	GP0824_02	P050022	Grape Pie	QCSP 001_GP_v.02	Grade II	GP_THC24:CBD1	9.5	Microbiology — Escherichia coli	Одговара (absent)	/1 g	471/0862/25	22.05.2025	IPH	https://drive.google.com/file/d/1ZyghF4WvmezDzjbWQXcbvTkfc6dmHTJl/view	Escherichia coli
2	2024-08	GP0824_02	P050022	Grape Pie	QCSP 001_GP_v.02	Grade II	GP_THC24:CBD1	10.1	Mycotoxins — Aflatoxin B1	ND	µg/kg	197-11-М/26	10.08.2026	FARM	https://drive.google.com/file/d/1UEVji3T0LVtWw8a4nZ5LzmQtkeIRLzaf/view	Aflatoxin B1 (Farmahem retest)
2	2024-08	GP0824_02	P050022	Grape Pie	QCSP 001_GP_v.02	Grade II	GP_THC24:CBD1	10.2	Mycotoxins — Total Aflatoxins (B1+B2+G1+G2)	ND	µg/kg	197-11-М/26	10.08.2026	FARM	https://drive.google.com/file/d/1UEVji3T0LVtWw8a4nZ5LzmQtkeIRLzaf/view	Aflatoxin B2 (Farmahem retest)
2	2024-08	GP0824_02	P050022	Grape Pie	QCSP 001_GP_v.02	Grade II	GP_THC24:CBD1	10.2	Mycotoxins — Total Aflatoxins (B1+B2+G1+G2)	ND	µg/kg	197-11-М/26	10.08.2026	FARM	https://drive.google.com/file/d/1UEVji3T0LVtWw8a4nZ5LzmQtkeIRLzaf/view	Aflatoxin G1 (Farmahem retest)
2	2024-08	GP0824_02	P050022	Grape Pie	QCSP 001_GP_v.02	Grade II	GP_THC24:CBD1	10.2	Mycotoxins — Total Aflatoxins (B1+B2+G1+G2)	ND	µg/kg	197-11-М/26	10.08.2026	FARM	https://drive.google.com/file/d/1UEVji3T0LVtWw8a4nZ5LzmQtkeIRLzaf/view	Aflatoxin G2 (Farmahem retest)
2	2024-08	GP0824_02	P050022	Grape Pie	QCSP 001_GP_v.02	Grade II	GP_THC24:CBD1	10.2	Mycotoxins — Total Aflatoxins (B1+B2+G1+G2)	ND (all four not detected)	µg/kg	197-11-М/26	10.08.2026	FARM	https://drive.google.com/file/d/1UEVji3T0LVtWw8a4nZ5LzmQtkeIRLzaf/view	Sum aflatoxins B1+B2+G1+G2 (Farmahem retest)
2	2024-08	GP0824_02	P050022	Grape Pie	QCSP 001_GP_v.02	Grade II	GP_THC24:CBD1	10.2	Mycotoxins — Total Aflatoxins (B1+B2+G1+G2)	<2	µg/kg	3176/2025	26.06.2025	IPH	https://drive.google.com/file/d/1F7HmOn5tMa1wzgElS78_4Wi3B2wLs468/view	Total aflatoxins
2	2024-08	GP0824_02	P050022	Grape Pie	QCSP 001_GP_v.02	Grade II	GP_THC24:CBD1	10.2	Mycotoxins — Total Aflatoxins (B1+B2+G1+G2)	<2	µg/kg	2471/2025	30.05.2025	IPH	https://drive.google.com/file/d/1ZyghF4WvmezDzjbWQXcbvTkfc6dmHTJl/view	Total aflatoxins
2	2024-08	GP0824_02	P050022	Grape Pie	QCSP 001_GP_v.02	Grade II	GP_THC24:CBD1	10.3	Mycotoxins — Ochratoxin A	ND	µg/kg	197-11-М/26	10.08.2026	FARM	https://drive.google.com/file/d/1UEVji3T0LVtWw8a4nZ5LzmQtkeIRLzaf/view	Ochratoxin A (Farmahem retest)
2	2024-08	GP0824_02	P050022	Grape Pie	QCSP 001_GP_v.02	Grade II	GP_THC24:CBD1	11.1	Heavy Metals — Lead (Pb)	N.D.	mg/kg	3176/2025	26.06.2025	IPH	https://drive.google.com/file/d/1F7HmOn5tMa1wzgElS78_4Wi3B2wLs468/view	Lead
2	2024-08	GP0824_02	P050022	Grape Pie	QCSP 001_GP_v.02	Grade II	GP_THC24:CBD1	11.1	Heavy Metals — Lead (Pb)	N.D.	mg/kg	2471/2025	30.05.2025	IPH	https://drive.google.com/file/d/1ZyghF4WvmezDzjbWQXcbvTkfc6dmHTJl/view	Lead
2	2024-08	GP0824_02	P050022	Grape Pie	QCSP 001_GP_v.02	Grade II	GP_THC24:CBD1	11.2	Heavy Metals — Cadmium (Cd)	N.D.	mg/kg	3176/2025	26.06.2025	IPH	https://drive.google.com/file/d/1F7HmOn5tMa1wzgElS78_4Wi3B2wLs468/view	Cadmium
2	2024-08	GP0824_02	P050022	Grape Pie	QCSP 001_GP_v.02	Grade II	GP_THC24:CBD1	11.2	Heavy Metals — Cadmium (Cd)	N.D.	mg/kg	2471/2025	30.05.2025	IPH	https://drive.google.com/file/d/1ZyghF4WvmezDzjbWQXcbvTkfc6dmHTJl/view	Cadmium
2	2024-08	GP0824_02	P050022	Grape Pie	QCSP 001_GP_v.02	Grade II	GP_THC24:CBD1	11.3	Heavy Metals — Arsenic (As)	0.047	mg/kg	3176/2025	26.06.2025	IPH	https://drive.google.com/file/d/1F7HmOn5tMa1wzgElS78_4Wi3B2wLs468/view	Arsenic
2	2024-08	GP0824_02	P050022	Grape Pie	QCSP 001_GP_v.02	Grade II	GP_THC24:CBD1	11.3	Heavy Metals — Arsenic (As)	N.D.	mg/kg	2471/2025	30.05.2025	IPH	https://drive.google.com/file/d/1ZyghF4WvmezDzjbWQXcbvTkfc6dmHTJl/view	Arsenic
2	2024-08	GP0824_02	P050022	Grape Pie	QCSP 001_GP_v.02	Grade II	GP_THC24:CBD1	11.4	Heavy Metals — Mercury (Hg)	N.D.	mg/kg	3176/2025	26.06.2025	IPH	https://drive.google.com/file/d/1F7HmOn5tMa1wzgElS78_4Wi3B2wLs468/view	Mercury
2	2024-08	GP0824_02	P050022	Grape Pie	QCSP 001_GP_v.02	Grade II	GP_THC24:CBD1	11.4	Heavy Metals — Mercury (Hg)	N.D.	mg/kg	2471/2025	30.05.2025	IPH	https://drive.google.com/file/d/1ZyghF4WvmezDzjbWQXcbvTkfc6dmHTJl/view	Mercury
2	2024-08	GP0824_02	P050022	Grape Pie	QCSP 001_GP_v.02	Grade II	GP_THC24:CBD1	12	Pesticide Residues — multi-residue panel	ND / <LOQ — no analyte detected (13 analytes)	—	3176/2025	26.06.2025	IPH	https://drive.google.com/file/d/1F7HmOn5tMa1wzgElS78_4Wi3B2wLs468/view	multi-residue screen, per analyte
2	2024-08	GP0824_02	P050022	Grape Pie	QCSP 001_GP_v.02	Grade II	GP_THC24:CBD1	12	Pesticide Residues — multi-residue panel	ND / <LOQ — no analyte detected (13 analytes)	—	2471/2025	30.05.2025	IPH	https://drive.google.com/file/d/1ZyghF4WvmezDzjbWQXcbvTkfc6dmHTJl/view	multi-residue screen, per analyte
3	2024-08	GP0824_03	P050072	Grape Pie	QCSP 001_GP_v.02	Grade II	GP_THC24:CBD1	1	Macroscopic Identification (Test A)	Missing / not tested	—	—	—	—		—
3	2024-08	GP0824_03	P050072	Grape Pie	QCSP 001_GP_v.02	Grade II	GP_THC24:CBD1	2	Microscopic Identification (Test B)	Missing / not tested	—	—	—	—		—
3	2024-08	GP0824_03	P050072	Grape Pie	QCSP 001_GP_v.02	Grade II	GP_THC24:CBD1	3	HPTLC / Chromatographic Identification (Test C)	Missing / not tested	—	—	—	—		—
3	2024-08	GP0824_03	P050072	Grape Pie	QCSP 001_GP_v.02	Grade II	GP_THC24:CBD1	4	Assay — Total Δ⁹-THC	25.45	%	ППК25175	10.07.2025	UKIM	https://drive.google.com/file/d/143EB2FA6gk-btkoAess_XHy8URb5KfrV/view	Total Delta-9-THC (THC + THCA x 0.877)
3	2024-08	GP0824_03	P050072	Grape Pie	QCSP 001_GP_v.02	Grade II	GP_THC24:CBD1	5	Assay — Total CBD	0.08	%	ППК25175	10.07.2025	UKIM	https://drive.google.com/file/d/143EB2FA6gk-btkoAess_XHy8URb5KfrV/view	Total CBD (CBD + CBDA x 0.877)
3	2024-08	GP0824_03	P050072	Grape Pie	QCSP 001_GP_v.02	Grade II	GP_THC24:CBD1	6	Total CBN	Missing / not tested	—	—	—	—		—
3	2024-08	GP0824_03	P050072	Grape Pie	QCSP 001_GP_v.02	Grade II	GP_THC24:CBD1	7	Foreign Matter	Missing / not tested	—	—	—	—		—
3	2024-08	GP0824_03	P050072	Grape Pie	QCSP 001_GP_v.02	Grade II	GP_THC24:CBD1	8	Loss on Drying	6.58	%	ППК25175	10.07.2025	UKIM	https://drive.google.com/file/d/143EB2FA6gk-btkoAess_XHy8URb5KfrV/view	Loss on Drying
3	2024-08	GP0824_03	P050072	Grape Pie	QCSP 001_GP_v.02	Grade II	GP_THC24:CBD1	9.1	Microbiology — TAMC	1.1×10⁴ CFU/g	CFU/g	628/1129/25	02.07.2025	IPH	https://drive.google.com/file/d/143EB2FA6gk-btkoAess_XHy8URb5KfrV/view	Total aerobic microbial count (TAMC)
3	2024-08	GP0824_03	P050072	Grape Pie	QCSP 001_GP_v.02	Grade II	GP_THC24:CBD1	9.2	Microbiology — TYMC	1.2×10³ CFU/g	CFU/g	628/1129/25	02.07.2025	IPH	https://drive.google.com/file/d/143EB2FA6gk-btkoAess_XHy8URb5KfrV/view	Total combined yeasts/moulds count (TYMC)
3	2024-08	GP0824_03	P050072	Grape Pie	QCSP 001_GP_v.02	Grade II	GP_THC24:CBD1	9.3	Microbiology — Bile-tolerant gram-negative	<10¹ and >10³ CFU/g	CFU/g	628/1129/25	02.07.2025	IPH	https://drive.google.com/file/d/143EB2FA6gk-btkoAess_XHy8URb5KfrV/view	Bile-tolerant gram-negative bacteria
3	2024-08	GP0824_03	P050072	Grape Pie	QCSP 001_GP_v.02	Grade II	GP_THC24:CBD1	9.4	Microbiology — Salmonella	Одговара (absent)	/25 g	628/1129/25	02.07.2025	IPH	https://drive.google.com/file/d/143EB2FA6gk-btkoAess_XHy8URb5KfrV/view	Salmonella
3	2024-08	GP0824_03	P050072	Grape Pie	QCSP 001_GP_v.02	Grade II	GP_THC24:CBD1	9.5	Microbiology — Escherichia coli	Одговара (absent)	/1 g	628/1129/25	02.07.2025	IPH	https://drive.google.com/file/d/143EB2FA6gk-btkoAess_XHy8URb5KfrV/view	Escherichia coli
3	2024-08	GP0824_03	P050072	Grape Pie	QCSP 001_GP_v.02	Grade II	GP_THC24:CBD1	10.1	Mycotoxins — Aflatoxin B1	Missing / not tested	—	—	—	—		—
3	2024-08	GP0824_03	P050072	Grape Pie	QCSP 001_GP_v.02	Grade II	GP_THC24:CBD1	10.2	Mycotoxins — Total Aflatoxins (B1+B2+G1+G2)	<2	µg/kg	3178/2025	26.06.2025	IPH	https://drive.google.com/file/d/143EB2FA6gk-btkoAess_XHy8URb5KfrV/view	Total aflatoxins
3	2024-08	GP0824_03	P050072	Grape Pie	QCSP 001_GP_v.02	Grade II	GP_THC24:CBD1	10.3	Mycotoxins — Ochratoxin A	Missing / not tested	—	—	—	—		—
3	2024-08	GP0824_03	P050072	Grape Pie	QCSP 001_GP_v.02	Grade II	GP_THC24:CBD1	11.1	Heavy Metals — Lead (Pb)	N.D.	mg/kg	3178/2025	26.06.2025	IPH	https://drive.google.com/file/d/143EB2FA6gk-btkoAess_XHy8URb5KfrV/view	Lead
3	2024-08	GP0824_03	P050072	Grape Pie	QCSP 001_GP_v.02	Grade II	GP_THC24:CBD1	11.2	Heavy Metals — Cadmium (Cd)	N.D.	mg/kg	3178/2025	26.06.2025	IPH	https://drive.google.com/file/d/143EB2FA6gk-btkoAess_XHy8URb5KfrV/view	Cadmium
3	2024-08	GP0824_03	P050072	Grape Pie	QCSP 001_GP_v.02	Grade II	GP_THC24:CBD1	11.3	Heavy Metals — Arsenic (As)	0.119	mg/kg	3178/2025	26.06.2025	IPH	https://drive.google.com/file/d/143EB2FA6gk-btkoAess_XHy8URb5KfrV/view	Arsenic
3	2024-08	GP0824_03	P050072	Grape Pie	QCSP 001_GP_v.02	Grade II	GP_THC24:CBD1	11.4	Heavy Metals — Mercury (Hg)	N.D.	mg/kg	3178/2025	26.06.2025	IPH	https://drive.google.com/file/d/143EB2FA6gk-btkoAess_XHy8URb5KfrV/view	Mercury
3	2024-08	GP0824_03	P050072	Grape Pie	QCSP 001_GP_v.02	Grade II	GP_THC24:CBD1	12	Pesticide Residues — multi-residue panel	ND / <LOQ — no analyte detected (13 analytes)	—	3178/2025	26.06.2025	IPH	https://drive.google.com/file/d/143EB2FA6gk-btkoAess_XHy8URb5KfrV/view	multi-residue screen, per analyte
4	2024-08	MB0824_04	P050032	Motor Breath	QCSP 001_MB_v.02	Grade III	MB_THC17.5:CBD1	1	Macroscopic Identification (Test A)	Missing / not tested	—	—	—	—		—
4	2024-08	MB0824_04	P050032	Motor Breath	QCSP 001_MB_v.02	Grade III	MB_THC17.5:CBD1	2	Microscopic Identification (Test B)	Missing / not tested	—	—	—	—		—
4	2024-08	MB0824_04	P050032	Motor Breath	QCSP 001_MB_v.02	Grade III	MB_THC17.5:CBD1	3	HPTLC / Chromatographic Identification (Test C)	Missing / not tested	—	—	—	—		—
4	2024-08	MB0824_04	P050032	Motor Breath	QCSP 001_MB_v.02	Grade III	MB_THC17.5:CBD1	4	Assay — Total Δ⁹-THC	18.67	%	ППК25118	06.05.2025	UKIM	https://drive.google.com/file/d/1i0eGbiNlnEwbp1tYimHtVsMT48Gmmqo8/view	Total Delta-9-THC (THC + THCA x 0.877)
4	2024-08	MB0824_04	P050032	Motor Breath	QCSP 001_MB_v.02	Grade III	MB_THC17.5:CBD1	5	Assay — Total CBD	0.05	%	ППК25118	06.05.2025	UKIM	https://drive.google.com/file/d/1i0eGbiNlnEwbp1tYimHtVsMT48Gmmqo8/view	Total CBD (CBD + CBDA x 0.877)
4	2024-08	MB0824_04	P050032	Motor Breath	QCSP 001_MB_v.02	Grade III	MB_THC17.5:CBD1	6	Total CBN	Missing / not tested	—	—	—	—		—
4	2024-08	MB0824_04	P050032	Motor Breath	QCSP 001_MB_v.02	Grade III	MB_THC17.5:CBD1	7	Foreign Matter	Missing / not tested	—	—	—	—		—
4	2024-08	MB0824_04	P050032	Motor Breath	QCSP 001_MB_v.02	Grade III	MB_THC17.5:CBD1	8	Loss on Drying	6.01	%	ППК25118	06.05.2025	UKIM	https://drive.google.com/file/d/1i0eGbiNlnEwbp1tYimHtVsMT48Gmmqo8/view	Loss on Drying
4	2024-08	MB0824_04	P050032	Motor Breath	QCSP 001_MB_v.02	Grade III	MB_THC17.5:CBD1	9.1	Microbiology — TAMC	<10	CFU/g	406/0744/25	05.05.2025	IPH	https://drive.google.com/file/d/1i0eGbiNlnEwbp1tYimHtVsMT48Gmmqo8/view	Total aerobic microbial count (TAMC)
4	2024-08	MB0824_04	P050032	Motor Breath	QCSP 001_MB_v.02	Grade III	MB_THC17.5:CBD1	9.2	Microbiology — TYMC	<10	CFU/g	406/0744/25	05.05.2025	IPH	https://drive.google.com/file/d/1i0eGbiNlnEwbp1tYimHtVsMT48Gmmqo8/view	Total combined yeasts/moulds count (TYMC)
4	2024-08	MB0824_04	P050032	Motor Breath	QCSP 001_MB_v.02	Grade III	MB_THC17.5:CBD1	9.3	Microbiology — Bile-tolerant gram-negative	<10	CFU/g	406/0744/25	05.05.2025	IPH	https://drive.google.com/file/d/1i0eGbiNlnEwbp1tYimHtVsMT48Gmmqo8/view	Bile-tolerant gram-negative bacteria
4	2024-08	MB0824_04	P050032	Motor Breath	QCSP 001_MB_v.02	Grade III	MB_THC17.5:CBD1	9.4	Microbiology — Salmonella	Одговара (absent)	/25 g	406/0744/25	05.05.2025	IPH	https://drive.google.com/file/d/1i0eGbiNlnEwbp1tYimHtVsMT48Gmmqo8/view	Salmonella
4	2024-08	MB0824_04	P050032	Motor Breath	QCSP 001_MB_v.02	Grade III	MB_THC17.5:CBD1	9.5	Microbiology — Escherichia coli	Одговара (absent)	/1 g	406/0744/25	05.05.2025	IPH	https://drive.google.com/file/d/1i0eGbiNlnEwbp1tYimHtVsMT48Gmmqo8/view	Escherichia coli
4	2024-08	MB0824_04	P050032	Motor Breath	QCSP 001_MB_v.02	Grade III	MB_THC17.5:CBD1	10.1	Mycotoxins — Aflatoxin B1	Missing / not tested	—	—	—	—		—
4	2024-08	MB0824_04	P050032	Motor Breath	QCSP 001_MB_v.02	Grade III	MB_THC17.5:CBD1	10.2	Mycotoxins — Total Aflatoxins (B1+B2+G1+G2)	<2	µg/kg	2157/2025	07.05.2025	IPH	https://drive.google.com/file/d/1i0eGbiNlnEwbp1tYimHtVsMT48Gmmqo8/view	Total aflatoxins
4	2024-08	MB0824_04	P050032	Motor Breath	QCSP 001_MB_v.02	Grade III	MB_THC17.5:CBD1	10.3	Mycotoxins — Ochratoxin A	Missing / not tested	—	—	—	—		—
4	2024-08	MB0824_04	P050032	Motor Breath	QCSP 001_MB_v.02	Grade III	MB_THC17.5:CBD1	11.1	Heavy Metals — Lead (Pb)	0.031	mg/kg	2157/2025	07.05.2025	IPH	https://drive.google.com/file/d/1i0eGbiNlnEwbp1tYimHtVsMT48Gmmqo8/view	Lead
4	2024-08	MB0824_04	P050032	Motor Breath	QCSP 001_MB_v.02	Grade III	MB_THC17.5:CBD1	11.2	Heavy Metals — Cadmium (Cd)	0.005	mg/kg	2157/2025	07.05.2025	IPH	https://drive.google.com/file/d/1i0eGbiNlnEwbp1tYimHtVsMT48Gmmqo8/view	Cadmium
4	2024-08	MB0824_04	P050032	Motor Breath	QCSP 001_MB_v.02	Grade III	MB_THC17.5:CBD1	11.3	Heavy Metals — Arsenic (As)	0.011	mg/kg	2157/2025	07.05.2025	IPH	https://drive.google.com/file/d/1i0eGbiNlnEwbp1tYimHtVsMT48Gmmqo8/view	Arsenic
4	2024-08	MB0824_04	P050032	Motor Breath	QCSP 001_MB_v.02	Grade III	MB_THC17.5:CBD1	11.4	Heavy Metals — Mercury (Hg)	N.D.	mg/kg	2157/2025	07.05.2025	IPH	https://drive.google.com/file/d/1i0eGbiNlnEwbp1tYimHtVsMT48Gmmqo8/view	Mercury
4	2024-08	MB0824_04	P050032	Motor Breath	QCSP 001_MB_v.02	Grade III	MB_THC17.5:CBD1	12	Pesticide Residues — multi-residue panel	ND / <LOQ — no analyte detected (13 analytes)	—	2157/2025	07.05.2025	IPH	https://drive.google.com/file/d/1i0eGbiNlnEwbp1tYimHtVsMT48Gmmqo8/view	multi-residue screen, per analyte
5	2024-08	MB0824_05	P050112	Motor Breath	QCSP 001_MB_v.02	Grade III	MB_THC17.5:CBD1	1	Macroscopic Identification (Test A)	Missing / not tested	—	—	—	—		—
5	2024-08	MB0824_05	P050112	Motor Breath	QCSP 001_MB_v.02	Grade III	MB_THC17.5:CBD1	2	Microscopic Identification (Test B)	Missing / not tested	—	—	—	—		—
5	2024-08	MB0824_05	P050112	Motor Breath	QCSP 001_MB_v.02	Grade III	MB_THC17.5:CBD1	3	HPTLC / Chromatographic Identification (Test C)	Missing / not tested	—	—	—	—		—
5	2024-08	MB0824_05	P050112	Motor Breath	QCSP 001_MB_v.02	Grade III	MB_THC17.5:CBD1	4	Assay — Total Δ⁹-THC	16.82	%	ППК52211	28.07.2025	UKIM	https://drive.google.com/file/d/16WYKcTeeCy0-UC5I_LBM7sGbt885I8Ao/view	Total Delta-9-THC (THC + THCA x 0.877)
5	2024-08	MB0824_05	P050112	Motor Breath	QCSP 001_MB_v.02	Grade III	MB_THC17.5:CBD1	5	Assay — Total CBD	0.06	%	ППК52211	28.07.2025	UKIM	https://drive.google.com/file/d/16WYKcTeeCy0-UC5I_LBM7sGbt885I8Ao/view	Total CBD (CBD + CBDA x 0.877)
5	2024-08	MB0824_05	P050112	Motor Breath	QCSP 001_MB_v.02	Grade III	MB_THC17.5:CBD1	6	Total CBN	Missing / not tested	—	—	—	—		—
5	2024-08	MB0824_05	P050112	Motor Breath	QCSP 001_MB_v.02	Grade III	MB_THC17.5:CBD1	7	Foreign Matter	Missing / not tested	—	—	—	—		—
5	2024-08	MB0824_05	P050112	Motor Breath	QCSP 001_MB_v.02	Grade III	MB_THC17.5:CBD1	8	Loss on Drying	6.56	%	ППК52211	28.07.2025	UKIM	https://drive.google.com/file/d/16WYKcTeeCy0-UC5I_LBM7sGbt885I8Ao/view	Loss on Drying
5	2024-08	MB0824_05	P050112	Motor Breath	QCSP 001_MB_v.02	Grade III	MB_THC17.5:CBD1	9.1	Microbiology — TAMC	3.5×10³ CFU/g	CFU/g	767/1376/25	29.07.2025	IPH	https://drive.google.com/file/d/16WYKcTeeCy0-UC5I_LBM7sGbt885I8Ao/view	Total aerobic microbial count (TAMC)
5	2024-08	MB0824_05	P050112	Motor Breath	QCSP 001_MB_v.02	Grade III	MB_THC17.5:CBD1	9.2	Microbiology — TYMC	1×10³ CFU/g	CFU/g	767/1376/25	29.07.2025	IPH	https://drive.google.com/file/d/16WYKcTeeCy0-UC5I_LBM7sGbt885I8Ao/view	Total combined yeasts/moulds count (TYMC)
5	2024-08	MB0824_05	P050112	Motor Breath	QCSP 001_MB_v.02	Grade III	MB_THC17.5:CBD1	9.3	Microbiology — Bile-tolerant gram-negative	<10	CFU/g	767/1376/25	29.07.2025	IPH	https://drive.google.com/file/d/16WYKcTeeCy0-UC5I_LBM7sGbt885I8Ao/view	Bile-tolerant gram-negative bacteria
5	2024-08	MB0824_05	P050112	Motor Breath	QCSP 001_MB_v.02	Grade III	MB_THC17.5:CBD1	9.4	Microbiology — Salmonella	Одговара (absent)	/25 g	767/1376/25	29.07.2025	IPH	https://drive.google.com/file/d/16WYKcTeeCy0-UC5I_LBM7sGbt885I8Ao/view	Salmonella
5	2024-08	MB0824_05	P050112	Motor Breath	QCSP 001_MB_v.02	Grade III	MB_THC17.5:CBD1	9.5	Microbiology — Escherichia coli	Одговара (absent)	/1 g	767/1376/25	29.07.2025	IPH	https://drive.google.com/file/d/16WYKcTeeCy0-UC5I_LBM7sGbt885I8Ao/view	Escherichia coli
5	2024-08	MB0824_05	P050112	Motor Breath	QCSP 001_MB_v.02	Grade III	MB_THC17.5:CBD1	10.1	Mycotoxins — Aflatoxin B1	Missing / not tested	—	—	—	—		—
5	2024-08	MB0824_05	P050112	Motor Breath	QCSP 001_MB_v.02	Grade III	MB_THC17.5:CBD1	10.2	Mycotoxins — Total Aflatoxins (B1+B2+G1+G2)	2	µg/kg	3638/2025	28.07.2025	IPH	https://drive.google.com/file/d/16WYKcTeeCy0-UC5I_LBM7sGbt885I8Ao/view	Total aflatoxins
5	2024-08	MB0824_05	P050112	Motor Breath	QCSP 001_MB_v.02	Grade III	MB_THC17.5:CBD1	10.3	Mycotoxins — Ochratoxin A	Missing / not tested	—	—	—	—		—
5	2024-08	MB0824_05	P050112	Motor Breath	QCSP 001_MB_v.02	Grade III	MB_THC17.5:CBD1	11.1	Heavy Metals — Lead (Pb)	N.D.	mg/kg	3638/2025	28.07.2025	IPH	https://drive.google.com/file/d/16WYKcTeeCy0-UC5I_LBM7sGbt885I8Ao/view	Lead
5	2024-08	MB0824_05	P050112	Motor Breath	QCSP 001_MB_v.02	Grade III	MB_THC17.5:CBD1	11.2	Heavy Metals — Cadmium (Cd)	N.D.	mg/kg	3638/2025	28.07.2025	IPH	https://drive.google.com/file/d/16WYKcTeeCy0-UC5I_LBM7sGbt885I8Ao/view	Cadmium
5	2024-08	MB0824_05	P050112	Motor Breath	QCSP 001_MB_v.02	Grade III	MB_THC17.5:CBD1	11.3	Heavy Metals — Arsenic (As)	0.086	mg/kg	3638/2025	28.07.2025	IPH	https://drive.google.com/file/d/16WYKcTeeCy0-UC5I_LBM7sGbt885I8Ao/view	Arsenic
5	2024-08	MB0824_05	P050112	Motor Breath	QCSP 001_MB_v.02	Grade III	MB_THC17.5:CBD1	11.4	Heavy Metals — Mercury (Hg)	0.006	mg/kg	3638/2025	28.07.2025	IPH	https://drive.google.com/file/d/16WYKcTeeCy0-UC5I_LBM7sGbt885I8Ao/view	Mercury
5	2024-08	MB0824_05	P050112	Motor Breath	QCSP 001_MB_v.02	Grade III	MB_THC17.5:CBD1	12	Pesticide Residues — multi-residue panel	ND / <LOQ — no analyte detected (13 analytes)	—	3638/2025	28.07.2025	IPH	https://drive.google.com/file/d/16WYKcTeeCy0-UC5I_LBM7sGbt885I8Ao/view	multi-residue screen, per analyte
6	2024-10	BG1024	—	Blue Gelato	QCSP 001_BG_v.02	Grade II / Grade I	BG_THC23:CBD1 / BG_THC27.5:CBD1	1	Macroscopic Identification (Test A)	Missing / not tested	—	—	—	—		—
6	2024-10	BG1024	—	Blue Gelato	QCSP 001_BG_v.02	Grade II / Grade I	BG_THC23:CBD1 / BG_THC27.5:CBD1	2	Microscopic Identification (Test B)	Missing / not tested	—	—	—	—		—
6	2024-10	BG1024	—	Blue Gelato	QCSP 001_BG_v.02	Grade II / Grade I	BG_THC23:CBD1 / BG_THC27.5:CBD1	3	HPTLC / Chromatographic Identification (Test C)	Missing / not tested	—	—	—	—		—
6	2024-10	BG1024	—	Blue Gelato	QCSP 001_BG_v.02	Grade II / Grade I	BG_THC23:CBD1 / BG_THC27.5:CBD1	4	Assay — Total Δ⁹-THC	26.14	%	197-1-К/26	07.08.2026	FARM	https://drive.google.com/file/d/1r9OSCpucWiWjEW52qL4FvcHnTrpRPO8J/view	Total Delta-9-THC (Farmahem retest)
6	2024-10	BG1024	—	Blue Gelato	QCSP 001_BG_v.02	Grade II / Grade I	BG_THC23:CBD1 / BG_THC27.5:CBD1	4	Assay — Total Δ⁹-THC	21.80	%	ППК25050	26.02.2025	UKIM	https://drive.google.com/file/d/1IWtlFE2zBnnBNQGxesyvVwOIxr6dwwxr/view	Total Delta-9-THC (THC + THCA x 0.877)
6	2024-10	BG1024	—	Blue Gelato	QCSP 001_BG_v.02	Grade II / Grade I	BG_THC23:CBD1 / BG_THC27.5:CBD1	5	Assay — Total CBD	<LOQ %w/w	%	197-1-К/26	07.08.2026	FARM	https://drive.google.com/file/d/1r9OSCpucWiWjEW52qL4FvcHnTrpRPO8J/view	Total CBD (Farmahem retest)
6	2024-10	BG1024	—	Blue Gelato	QCSP 001_BG_v.02	Grade II / Grade I	BG_THC23:CBD1 / BG_THC27.5:CBD1	5	Assay — Total CBD	0.04	%	ППК25050	26.02.2025	UKIM	https://drive.google.com/file/d/1IWtlFE2zBnnBNQGxesyvVwOIxr6dwwxr/view	Total CBD (CBD + CBDA x 0.877)
6	2024-10	BG1024	—	Blue Gelato	QCSP 001_BG_v.02	Grade II / Grade I	BG_THC23:CBD1 / BG_THC27.5:CBD1	6	Total CBN	0.28	%	197-1-К/26	07.08.2026	FARM	https://drive.google.com/file/d/1r9OSCpucWiWjEW52qL4FvcHnTrpRPO8J/view	Total CBN (Farmahem retest)
6	2024-10	BG1024	—	Blue Gelato	QCSP 001_BG_v.02	Grade II / Grade I	BG_THC23:CBD1 / BG_THC27.5:CBD1	7	Foreign Matter	Missing / not tested	—	—	—	—		—
6	2024-10	BG1024	—	Blue Gelato	QCSP 001_BG_v.02	Grade II / Grade I	BG_THC23:CBD1 / BG_THC27.5:CBD1	8	Loss on Drying	5.73	%	ППК25050	26.02.2025	UKIM	https://drive.google.com/file/d/1IWtlFE2zBnnBNQGxesyvVwOIxr6dwwxr/view	Loss on Drying
6	2024-10	BG1024	—	Blue Gelato	QCSP 001_BG_v.02	Grade II / Grade I	BG_THC23:CBD1 / BG_THC27.5:CBD1	9.1	Microbiology — TAMC	1.6×10⁴ CFU/g	CFU/g	163/0271/25	24.02.2025	IPH	https://drive.google.com/file/d/1IWtlFE2zBnnBNQGxesyvVwOIxr6dwwxr/view	Total aerobic microbial count (TAMC)
6	2024-10	BG1024	—	Blue Gelato	QCSP 001_BG_v.02	Grade II / Grade I	BG_THC23:CBD1 / BG_THC27.5:CBD1	9.2	Microbiology — TYMC	1×10³ CFU/g	CFU/g	163/0271/25	24.02.2025	IPH	https://drive.google.com/file/d/1IWtlFE2zBnnBNQGxesyvVwOIxr6dwwxr/view	Total combined yeasts/moulds count (TYMC)
6	2024-10	BG1024	—	Blue Gelato	QCSP 001_BG_v.02	Grade II / Grade I	BG_THC23:CBD1 / BG_THC27.5:CBD1	9.3	Microbiology — Bile-tolerant gram-negative	<10² and >10 CFU/g	CFU/g	163/0271/25	24.02.2025	IPH	https://drive.google.com/file/d/1IWtlFE2zBnnBNQGxesyvVwOIxr6dwwxr/view	Bile-tolerant gram-negative bacteria
6	2024-10	BG1024	—	Blue Gelato	QCSP 001_BG_v.02	Grade II / Grade I	BG_THC23:CBD1 / BG_THC27.5:CBD1	9.4	Microbiology — Salmonella	Одговара (absent)	/25 g	163/0271/25	24.02.2025	IPH	https://drive.google.com/file/d/1IWtlFE2zBnnBNQGxesyvVwOIxr6dwwxr/view	Salmonella
6	2024-10	BG1024	—	Blue Gelato	QCSP 001_BG_v.02	Grade II / Grade I	BG_THC23:CBD1 / BG_THC27.5:CBD1	9.5	Microbiology — Escherichia coli	Одговара (absent)	/1 g	163/0271/25	24.02.2025	IPH	https://drive.google.com/file/d/1IWtlFE2zBnnBNQGxesyvVwOIxr6dwwxr/view	Escherichia coli
6	2024-10	BG1024	—	Blue Gelato	QCSP 001_BG_v.02	Grade II / Grade I	BG_THC23:CBD1 / BG_THC27.5:CBD1	10.1	Mycotoxins — Aflatoxin B1	ND	µg/kg	197-1-М/26	10.08.2026	FARM	https://drive.google.com/file/d/1QyYXCaywhpRTdHAN7KUf2MutwiRPUJs2/view	Aflatoxin B1 (Farmahem retest)
6	2024-10	BG1024	—	Blue Gelato	QCSP 001_BG_v.02	Grade II / Grade I	BG_THC23:CBD1 / BG_THC27.5:CBD1	10.2	Mycotoxins — Total Aflatoxins (B1+B2+G1+G2)	ND	µg/kg	197-1-М/26	10.08.2026	FARM	https://drive.google.com/file/d/1QyYXCaywhpRTdHAN7KUf2MutwiRPUJs2/view	Aflatoxin B2 (Farmahem retest)
6	2024-10	BG1024	—	Blue Gelato	QCSP 001_BG_v.02	Grade II / Grade I	BG_THC23:CBD1 / BG_THC27.5:CBD1	10.2	Mycotoxins — Total Aflatoxins (B1+B2+G1+G2)	ND	µg/kg	197-1-М/26	10.08.2026	FARM	https://drive.google.com/file/d/1QyYXCaywhpRTdHAN7KUf2MutwiRPUJs2/view	Aflatoxin G1 (Farmahem retest)
6	2024-10	BG1024	—	Blue Gelato	QCSP 001_BG_v.02	Grade II / Grade I	BG_THC23:CBD1 / BG_THC27.5:CBD1	10.2	Mycotoxins — Total Aflatoxins (B1+B2+G1+G2)	ND	µg/kg	197-1-М/26	10.08.2026	FARM	https://drive.google.com/file/d/1QyYXCaywhpRTdHAN7KUf2MutwiRPUJs2/view	Aflatoxin G2 (Farmahem retest)
6	2024-10	BG1024	—	Blue Gelato	QCSP 001_BG_v.02	Grade II / Grade I	BG_THC23:CBD1 / BG_THC27.5:CBD1	10.2	Mycotoxins — Total Aflatoxins (B1+B2+G1+G2)	ND (all four not detected)	µg/kg	197-1-М/26	10.08.2026	FARM	https://drive.google.com/file/d/1QyYXCaywhpRTdHAN7KUf2MutwiRPUJs2/view	Sum aflatoxins B1+B2+G1+G2 (Farmahem retest)
6	2024-10	BG1024	—	Blue Gelato	QCSP 001_BG_v.02	Grade II / Grade I	BG_THC23:CBD1 / BG_THC27.5:CBD1	10.2	Mycotoxins — Total Aflatoxins (B1+B2+G1+G2)	<2	µg/kg	752/2025	27.02.2025	IPH	https://drive.google.com/file/d/1IWtlFE2zBnnBNQGxesyvVwOIxr6dwwxr/view	Total aflatoxins
6	2024-10	BG1024	—	Blue Gelato	QCSP 001_BG_v.02	Grade II / Grade I	BG_THC23:CBD1 / BG_THC27.5:CBD1	10.3	Mycotoxins — Ochratoxin A	ND	µg/kg	197-1-М/26	10.08.2026	FARM	https://drive.google.com/file/d/1QyYXCaywhpRTdHAN7KUf2MutwiRPUJs2/view	Ochratoxin A (Farmahem retest)
6	2024-10	BG1024	—	Blue Gelato	QCSP 001_BG_v.02	Grade II / Grade I	BG_THC23:CBD1 / BG_THC27.5:CBD1	11.1	Heavy Metals — Lead (Pb)	0.01	mg/kg	752/2025	27.02.2025	IPH	https://drive.google.com/file/d/1IWtlFE2zBnnBNQGxesyvVwOIxr6dwwxr/view	Lead
6	2024-10	BG1024	—	Blue Gelato	QCSP 001_BG_v.02	Grade II / Grade I	BG_THC23:CBD1 / BG_THC27.5:CBD1	11.2	Heavy Metals — Cadmium (Cd)	0.016	mg/kg	752/2025	27.02.2025	IPH	https://drive.google.com/file/d/1IWtlFE2zBnnBNQGxesyvVwOIxr6dwwxr/view	Cadmium
6	2024-10	BG1024	—	Blue Gelato	QCSP 001_BG_v.02	Grade II / Grade I	BG_THC23:CBD1 / BG_THC27.5:CBD1	11.3	Heavy Metals — Arsenic (As)	0.014	mg/kg	752/2025	27.02.2025	IPH	https://drive.google.com/file/d/1IWtlFE2zBnnBNQGxesyvVwOIxr6dwwxr/view	Arsenic
6	2024-10	BG1024	—	Blue Gelato	QCSP 001_BG_v.02	Grade II / Grade I	BG_THC23:CBD1 / BG_THC27.5:CBD1	11.4	Heavy Metals — Mercury (Hg)	0.005	mg/kg	752/2025	27.02.2025	IPH	https://drive.google.com/file/d/1IWtlFE2zBnnBNQGxesyvVwOIxr6dwwxr/view	Mercury
6	2024-10	BG1024	—	Blue Gelato	QCSP 001_BG_v.02	Grade II / Grade I	BG_THC23:CBD1 / BG_THC27.5:CBD1	12	Pesticide Residues — multi-residue panel	ND / <LOQ — no analyte detected (13 analytes)	—	752/2025	27.02.2025	IPH	https://drive.google.com/file/d/1IWtlFE2zBnnBNQGxesyvVwOIxr6dwwxr/view	multi-residue screen, per analyte
7	2024-10	BSS1024	—	Blue Sunset Sherbet	QCSP 001_BSS_v.02	Grade II / Grade I	BSS_THC22:CBD1 / BSS_THC27.5:CBD1	1	Macroscopic Identification (Test A)	Missing / not tested	—	—	—	—		—
7	2024-10	BSS1024	—	Blue Sunset Sherbet	QCSP 001_BSS_v.02	Grade II / Grade I	BSS_THC22:CBD1 / BSS_THC27.5:CBD1	2	Microscopic Identification (Test B)	Missing / not tested	—	—	—	—		—
7	2024-10	BSS1024	—	Blue Sunset Sherbet	QCSP 001_BSS_v.02	Grade II / Grade I	BSS_THC22:CBD1 / BSS_THC27.5:CBD1	3	HPTLC / Chromatographic Identification (Test C)	Missing / not tested	—	—	—	—		—
7	2024-10	BSS1024	—	Blue Sunset Sherbet	QCSP 001_BSS_v.02	Grade II / Grade I	BSS_THC22:CBD1 / BSS_THC27.5:CBD1	4	Assay — Total Δ⁹-THC	25.01	%	197-2-К/26	07.08.2026	FARM	https://drive.google.com/file/d/1qJV8tDdVqHXWGqsXszGGbjKfXNi56PXh/view	Total Delta-9-THC (Farmahem retest)
7	2024-10	BSS1024	—	Blue Sunset Sherbet	QCSP 001_BSS_v.02	Grade II / Grade I	BSS_THC22:CBD1 / BSS_THC27.5:CBD1	4	Assay — Total Δ⁹-THC	21.03	%	ППК25051	26.02.2025	UKIM	https://drive.google.com/file/d/1l2jbM-8J01E0jPeqpNv9Ebyxn0L2efYA/view	Total Delta-9-THC (THC + THCA x 0.877)
7	2024-10	BSS1024	—	Blue Sunset Sherbet	QCSP 001_BSS_v.02	Grade II / Grade I	BSS_THC22:CBD1 / BSS_THC27.5:CBD1	5	Assay — Total CBD	<LOQ %w/w	%	197-2-К/26	07.08.2026	FARM	https://drive.google.com/file/d/1qJV8tDdVqHXWGqsXszGGbjKfXNi56PXh/view	Total CBD (Farmahem retest)
7	2024-10	BSS1024	—	Blue Sunset Sherbet	QCSP 001_BSS_v.02	Grade II / Grade I	BSS_THC22:CBD1 / BSS_THC27.5:CBD1	5	Assay — Total CBD	0.04	%	ППК25051	26.02.2025	UKIM	https://drive.google.com/file/d/1l2jbM-8J01E0jPeqpNv9Ebyxn0L2efYA/view	Total CBD (CBD + CBDA x 0.877)
7	2024-10	BSS1024	—	Blue Sunset Sherbet	QCSP 001_BSS_v.02	Grade II / Grade I	BSS_THC22:CBD1 / BSS_THC27.5:CBD1	6	Total CBN	<LOQ %w/w	%	197-2-К/26	07.08.2026	FARM	https://drive.google.com/file/d/1qJV8tDdVqHXWGqsXszGGbjKfXNi56PXh/view	Total CBN (Farmahem retest)
7	2024-10	BSS1024	—	Blue Sunset Sherbet	QCSP 001_BSS_v.02	Grade II / Grade I	BSS_THC22:CBD1 / BSS_THC27.5:CBD1	7	Foreign Matter	Missing / not tested	—	—	—	—		—
7	2024-10	BSS1024	—	Blue Sunset Sherbet	QCSP 001_BSS_v.02	Grade II / Grade I	BSS_THC22:CBD1 / BSS_THC27.5:CBD1	8	Loss on Drying	5.99	%	ППК25051	26.02.2025	UKIM	https://drive.google.com/file/d/1l2jbM-8J01E0jPeqpNv9Ebyxn0L2efYA/view	Loss on Drying
7	2024-10	BSS1024	—	Blue Sunset Sherbet	QCSP 001_BSS_v.02	Grade II / Grade I	BSS_THC22:CBD1 / BSS_THC27.5:CBD1	9.1	Microbiology — TAMC	1.5×10⁴ CFU/g	CFU/g	161/0269/25	24.02.2025	IPH	https://drive.google.com/file/d/1l2jbM-8J01E0jPeqpNv9Ebyxn0L2efYA/view	Total aerobic microbial count (TAMC)
7	2024-10	BSS1024	—	Blue Sunset Sherbet	QCSP 001_BSS_v.02	Grade II / Grade I	BSS_THC22:CBD1 / BSS_THC27.5:CBD1	9.2	Microbiology — TYMC	2.2×10³ CFU/g	CFU/g	161/0269/25	24.02.2025	IPH	https://drive.google.com/file/d/1l2jbM-8J01E0jPeqpNv9Ebyxn0L2efYA/view	Total combined yeasts/moulds count (TYMC)
7	2024-10	BSS1024	—	Blue Sunset Sherbet	QCSP 001_BSS_v.02	Grade II / Grade I	BSS_THC22:CBD1 / BSS_THC27.5:CBD1	9.3	Microbiology — Bile-tolerant gram-negative	<10² and >10 CFU/g	CFU/g	161/0269/25	24.02.2025	IPH	https://drive.google.com/file/d/1l2jbM-8J01E0jPeqpNv9Ebyxn0L2efYA/view	Bile-tolerant gram-negative bacteria
7	2024-10	BSS1024	—	Blue Sunset Sherbet	QCSP 001_BSS_v.02	Grade II / Grade I	BSS_THC22:CBD1 / BSS_THC27.5:CBD1	9.4	Microbiology — Salmonella	Одговара (absent)	/25 g	161/0269/25	24.02.2025	IPH	https://drive.google.com/file/d/1l2jbM-8J01E0jPeqpNv9Ebyxn0L2efYA/view	Salmonella
7	2024-10	BSS1024	—	Blue Sunset Sherbet	QCSP 001_BSS_v.02	Grade II / Grade I	BSS_THC22:CBD1 / BSS_THC27.5:CBD1	9.5	Microbiology — Escherichia coli	Одговара (absent)	/1 g	161/0269/25	24.02.2025	IPH	https://drive.google.com/file/d/1l2jbM-8J01E0jPeqpNv9Ebyxn0L2efYA/view	Escherichia coli
7	2024-10	BSS1024	—	Blue Sunset Sherbet	QCSP 001_BSS_v.02	Grade II / Grade I	BSS_THC22:CBD1 / BSS_THC27.5:CBD1	10.1	Mycotoxins — Aflatoxin B1	ND	µg/kg	197-2-М/26	10.08.2026	FARM	https://drive.google.com/file/d/1vSOhdNMoW_w7IyOz6XsqxbdOsw3ofImc/view	Aflatoxin B1 (Farmahem retest)
7	2024-10	BSS1024	—	Blue Sunset Sherbet	QCSP 001_BSS_v.02	Grade II / Grade I	BSS_THC22:CBD1 / BSS_THC27.5:CBD1	10.2	Mycotoxins — Total Aflatoxins (B1+B2+G1+G2)	ND	µg/kg	197-2-М/26	10.08.2026	FARM	https://drive.google.com/file/d/1vSOhdNMoW_w7IyOz6XsqxbdOsw3ofImc/view	Aflatoxin B2 (Farmahem retest)
7	2024-10	BSS1024	—	Blue Sunset Sherbet	QCSP 001_BSS_v.02	Grade II / Grade I	BSS_THC22:CBD1 / BSS_THC27.5:CBD1	10.2	Mycotoxins — Total Aflatoxins (B1+B2+G1+G2)	ND	µg/kg	197-2-М/26	10.08.2026	FARM	https://drive.google.com/file/d/1vSOhdNMoW_w7IyOz6XsqxbdOsw3ofImc/view	Aflatoxin G1 (Farmahem retest)
7	2024-10	BSS1024	—	Blue Sunset Sherbet	QCSP 001_BSS_v.02	Grade II / Grade I	BSS_THC22:CBD1 / BSS_THC27.5:CBD1	10.2	Mycotoxins — Total Aflatoxins (B1+B2+G1+G2)	ND	µg/kg	197-2-М/26	10.08.2026	FARM	https://drive.google.com/file/d/1vSOhdNMoW_w7IyOz6XsqxbdOsw3ofImc/view	Aflatoxin G2 (Farmahem retest)
7	2024-10	BSS1024	—	Blue Sunset Sherbet	QCSP 001_BSS_v.02	Grade II / Grade I	BSS_THC22:CBD1 / BSS_THC27.5:CBD1	10.2	Mycotoxins — Total Aflatoxins (B1+B2+G1+G2)	ND (all four not detected)	µg/kg	197-2-М/26	10.08.2026	FARM	https://drive.google.com/file/d/1vSOhdNMoW_w7IyOz6XsqxbdOsw3ofImc/view	Sum aflatoxins B1+B2+G1+G2 (Farmahem retest)
7	2024-10	BSS1024	—	Blue Sunset Sherbet	QCSP 001_BSS_v.02	Grade II / Grade I	BSS_THC22:CBD1 / BSS_THC27.5:CBD1	10.2	Mycotoxins — Total Aflatoxins (B1+B2+G1+G2)	<2	µg/kg	751/2025	27.02.2025	IPH	https://drive.google.com/file/d/1l2jbM-8J01E0jPeqpNv9Ebyxn0L2efYA/view	Total aflatoxins
7	2024-10	BSS1024	—	Blue Sunset Sherbet	QCSP 001_BSS_v.02	Grade II / Grade I	BSS_THC22:CBD1 / BSS_THC27.5:CBD1	10.3	Mycotoxins — Ochratoxin A	ND	µg/kg	197-2-М/26	10.08.2026	FARM	https://drive.google.com/file/d/1vSOhdNMoW_w7IyOz6XsqxbdOsw3ofImc/view	Ochratoxin A (Farmahem retest)
7	2024-10	BSS1024	—	Blue Sunset Sherbet	QCSP 001_BSS_v.02	Grade II / Grade I	BSS_THC22:CBD1 / BSS_THC27.5:CBD1	11.1	Heavy Metals — Lead (Pb)	0.071	mg/kg	751/2025	27.02.2025	IPH	https://drive.google.com/file/d/1l2jbM-8J01E0jPeqpNv9Ebyxn0L2efYA/view	Lead
7	2024-10	BSS1024	—	Blue Sunset Sherbet	QCSP 001_BSS_v.02	Grade II / Grade I	BSS_THC22:CBD1 / BSS_THC27.5:CBD1	11.2	Heavy Metals — Cadmium (Cd)	0.014	mg/kg	751/2025	27.02.2025	IPH	https://drive.google.com/file/d/1l2jbM-8J01E0jPeqpNv9Ebyxn0L2efYA/view	Cadmium
7	2024-10	BSS1024	—	Blue Sunset Sherbet	QCSP 001_BSS_v.02	Grade II / Grade I	BSS_THC22:CBD1 / BSS_THC27.5:CBD1	11.3	Heavy Metals — Arsenic (As)	0.081	mg/kg	751/2025	27.02.2025	IPH	https://drive.google.com/file/d/1l2jbM-8J01E0jPeqpNv9Ebyxn0L2efYA/view	Arsenic
7	2024-10	BSS1024	—	Blue Sunset Sherbet	QCSP 001_BSS_v.02	Grade II / Grade I	BSS_THC22:CBD1 / BSS_THC27.5:CBD1	11.4	Heavy Metals — Mercury (Hg)	0.014	mg/kg	751/2025	27.02.2025	IPH	https://drive.google.com/file/d/1l2jbM-8J01E0jPeqpNv9Ebyxn0L2efYA/view	Mercury
7	2024-10	BSS1024	—	Blue Sunset Sherbet	QCSP 001_BSS_v.02	Grade II / Grade I	BSS_THC22:CBD1 / BSS_THC27.5:CBD1	12	Pesticide Residues — multi-residue panel	ND / <LOQ — no analyte detected (13 analytes)	—	751/2025	27.02.2025	IPH	https://drive.google.com/file/d/1l2jbM-8J01E0jPeqpNv9Ebyxn0L2efYA/view	multi-residue screen, per analyte
8	2024-10	BSS1024_01	P050122	Blue Sunset Sherbet	QCSP 001_BSS_v.02	Grade II	BSS_THC22:CBD1	1	Macroscopic Identification (Test A)	Missing / not tested	—	—	—	—		—
8	2024-10	BSS1024_01	P050122	Blue Sunset Sherbet	QCSP 001_BSS_v.02	Grade II	BSS_THC22:CBD1	2	Microscopic Identification (Test B)	Missing / not tested	—	—	—	—		—
8	2024-10	BSS1024_01	P050122	Blue Sunset Sherbet	QCSP 001_BSS_v.02	Grade II	BSS_THC22:CBD1	3	HPTLC / Chromatographic Identification (Test C)	Missing / not tested	—	—	—	—		—
8	2024-10	BSS1024_01	P050122	Blue Sunset Sherbet	QCSP 001_BSS_v.02	Grade II	BSS_THC22:CBD1	4	Assay — Total Δ⁹-THC	23.42	%	ППК25176	10.07.2025	UKIM	https://drive.google.com/file/d/1VX40PSsMrrwSgisplU4xDM4Zh6PQXk_S/view	Total Delta-9-THC (THC + THCA x 0.877)
8	2024-10	BSS1024_01	P050122	Blue Sunset Sherbet	QCSP 001_BSS_v.02	Grade II	BSS_THC22:CBD1	5	Assay — Total CBD	0.06	%	ППК25176	10.07.2025	UKIM	https://drive.google.com/file/d/1VX40PSsMrrwSgisplU4xDM4Zh6PQXk_S/view	Total CBD (CBD + CBDA x 0.877)
8	2024-10	BSS1024_01	P050122	Blue Sunset Sherbet	QCSP 001_BSS_v.02	Grade II	BSS_THC22:CBD1	6	Total CBN	Missing / not tested	—	—	—	—		—
8	2024-10	BSS1024_01	P050122	Blue Sunset Sherbet	QCSP 001_BSS_v.02	Grade II	BSS_THC22:CBD1	7	Foreign Matter	Missing / not tested	—	—	—	—		—
8	2024-10	BSS1024_01	P050122	Blue Sunset Sherbet	QCSP 001_BSS_v.02	Grade II	BSS_THC22:CBD1	8	Loss on Drying	6.38	%	ППК25176	10.07.2025	UKIM	https://drive.google.com/file/d/1VX40PSsMrrwSgisplU4xDM4Zh6PQXk_S/view	Loss on Drying
8	2024-10	BSS1024_01	P050122	Blue Sunset Sherbet	QCSP 001_BSS_v.02	Grade II	BSS_THC22:CBD1	9.1	Microbiology — TAMC	<10	CFU/g	626/1127/25	02.07.2025	IPH	https://drive.google.com/file/d/1VX40PSsMrrwSgisplU4xDM4Zh6PQXk_S/view	Total aerobic microbial count (TAMC)
8	2024-10	BSS1024_01	P050122	Blue Sunset Sherbet	QCSP 001_BSS_v.02	Grade II	BSS_THC22:CBD1	9.2	Microbiology — TYMC	<10	CFU/g	626/1127/25	02.07.2025	IPH	https://drive.google.com/file/d/1VX40PSsMrrwSgisplU4xDM4Zh6PQXk_S/view	Total combined yeasts/moulds count (TYMC)
8	2024-10	BSS1024_01	P050122	Blue Sunset Sherbet	QCSP 001_BSS_v.02	Grade II	BSS_THC22:CBD1	9.3	Microbiology — Bile-tolerant gram-negative	<10	CFU/g	626/1127/25	02.07.2025	IPH	https://drive.google.com/file/d/1VX40PSsMrrwSgisplU4xDM4Zh6PQXk_S/view	Bile-tolerant gram-negative bacteria
8	2024-10	BSS1024_01	P050122	Blue Sunset Sherbet	QCSP 001_BSS_v.02	Grade II	BSS_THC22:CBD1	9.4	Microbiology — Salmonella	Одговара (absent)	/25 g	626/1127/25	02.07.2025	IPH	https://drive.google.com/file/d/1VX40PSsMrrwSgisplU4xDM4Zh6PQXk_S/view	Salmonella
8	2024-10	BSS1024_01	P050122	Blue Sunset Sherbet	QCSP 001_BSS_v.02	Grade II	BSS_THC22:CBD1	9.5	Microbiology — Escherichia coli	Одговара (absent)	/1 g	626/1127/25	02.07.2025	IPH	https://drive.google.com/file/d/1VX40PSsMrrwSgisplU4xDM4Zh6PQXk_S/view	Escherichia coli
8	2024-10	BSS1024_01	P050122	Blue Sunset Sherbet	QCSP 001_BSS_v.02	Grade II	BSS_THC22:CBD1	10.1	Mycotoxins — Aflatoxin B1	Missing / not tested	—	—	—	—		—
8	2024-10	BSS1024_01	P050122	Blue Sunset Sherbet	QCSP 001_BSS_v.02	Grade II	BSS_THC22:CBD1	10.2	Mycotoxins — Total Aflatoxins (B1+B2+G1+G2)	<2	µg/kg	3177/2025	26.06.2025	IPH	https://drive.google.com/file/d/1VX40PSsMrrwSgisplU4xDM4Zh6PQXk_S/view	Total aflatoxins
8	2024-10	BSS1024_01	P050122	Blue Sunset Sherbet	QCSP 001_BSS_v.02	Grade II	BSS_THC22:CBD1	10.3	Mycotoxins — Ochratoxin A	Missing / not tested	—	—	—	—		—
8	2024-10	BSS1024_01	P050122	Blue Sunset Sherbet	QCSP 001_BSS_v.02	Grade II	BSS_THC22:CBD1	11.1	Heavy Metals — Lead (Pb)	N.D.	mg/kg	3177/2025	26.06.2025	IPH	https://drive.google.com/file/d/1VX40PSsMrrwSgisplU4xDM4Zh6PQXk_S/view	Lead
8	2024-10	BSS1024_01	P050122	Blue Sunset Sherbet	QCSP 001_BSS_v.02	Grade II	BSS_THC22:CBD1	11.2	Heavy Metals — Cadmium (Cd)	N.D.	mg/kg	3177/2025	26.06.2025	IPH	https://drive.google.com/file/d/1VX40PSsMrrwSgisplU4xDM4Zh6PQXk_S/view	Cadmium
8	2024-10	BSS1024_01	P050122	Blue Sunset Sherbet	QCSP 001_BSS_v.02	Grade II	BSS_THC22:CBD1	11.3	Heavy Metals — Arsenic (As)	0.112	mg/kg	3177/2025	26.06.2025	IPH	https://drive.google.com/file/d/1VX40PSsMrrwSgisplU4xDM4Zh6PQXk_S/view	Arsenic
8	2024-10	BSS1024_01	P050122	Blue Sunset Sherbet	QCSP 001_BSS_v.02	Grade II	BSS_THC22:CBD1	11.4	Heavy Metals — Mercury (Hg)	N.D.	mg/kg	3177/2025	26.06.2025	IPH	https://drive.google.com/file/d/1VX40PSsMrrwSgisplU4xDM4Zh6PQXk_S/view	Mercury
8	2024-10	BSS1024_01	P050122	Blue Sunset Sherbet	QCSP 001_BSS_v.02	Grade II	BSS_THC22:CBD1	12	Pesticide Residues — multi-residue panel	ND / <LOQ — no analyte detected (13 analytes)	—	3177/2025	26.06.2025	IPH	https://drive.google.com/file/d/1VX40PSsMrrwSgisplU4xDM4Zh6PQXk_S/view	multi-residue screen, per analyte
9	2024-10	CJ1024	—	Cap Junky	QCSP 001_CJ_v.02	Grade II	CJ_THC22.5:CBD1	1	Macroscopic Identification (Test A)	Missing / not tested	—	—	—	—		—
9	2024-10	CJ1024	—	Cap Junky	QCSP 001_CJ_v.02	Grade II	CJ_THC22.5:CBD1	2	Microscopic Identification (Test B)	Missing / not tested	—	—	—	—		—
9	2024-10	CJ1024	—	Cap Junky	QCSP 001_CJ_v.02	Grade II	CJ_THC22.5:CBD1	3	HPTLC / Chromatographic Identification (Test C)	Missing / not tested	—	—	—	—		—
9	2024-10	CJ1024	—	Cap Junky	QCSP 001_CJ_v.02	Grade II	CJ_THC22.5:CBD1	4	Assay — Total Δ⁹-THC	23.00	%	ППК25052	26.02.2025	UKIM	https://drive.google.com/file/d/1n0s9tGpM_xghxyYnjW6iKH99BPq4mq2b/view	Total Delta-9-THC (THC + THCA x 0.877)
9	2024-10	CJ1024	—	Cap Junky	QCSP 001_CJ_v.02	Grade II	CJ_THC22.5:CBD1	5	Assay — Total CBD	0.05	%	ППК25052	26.02.2025	UKIM	https://drive.google.com/file/d/1n0s9tGpM_xghxyYnjW6iKH99BPq4mq2b/view	Total CBD (CBD + CBDA x 0.877)
9	2024-10	CJ1024	—	Cap Junky	QCSP 001_CJ_v.02	Grade II	CJ_THC22.5:CBD1	6	Total CBN	Missing / not tested	—	—	—	—		—
9	2024-10	CJ1024	—	Cap Junky	QCSP 001_CJ_v.02	Grade II	CJ_THC22.5:CBD1	7	Foreign Matter	Missing / not tested	—	—	—	—		—
9	2024-10	CJ1024	—	Cap Junky	QCSP 001_CJ_v.02	Grade II	CJ_THC22.5:CBD1	8	Loss on Drying	5.91	%	ППК25052	26.02.2025	UKIM	https://drive.google.com/file/d/1n0s9tGpM_xghxyYnjW6iKH99BPq4mq2b/view	Loss on Drying
9	2024-10	CJ1024	—	Cap Junky	QCSP 001_CJ_v.02	Grade II	CJ_THC22.5:CBD1	9.1	Microbiology — TAMC	8.4×10³ CFU/g	CFU/g	164/0272/25	24.02.2025	IPH	https://drive.google.com/file/d/1n0s9tGpM_xghxyYnjW6iKH99BPq4mq2b/view	Total aerobic microbial count (TAMC)
9	2024-10	CJ1024	—	Cap Junky	QCSP 001_CJ_v.02	Grade II	CJ_THC22.5:CBD1	9.2	Microbiology — TYMC	<10	CFU/g	164/0272/25	24.02.2025	IPH	https://drive.google.com/file/d/1n0s9tGpM_xghxyYnjW6iKH99BPq4mq2b/view	Total combined yeasts/moulds count (TYMC)
9	2024-10	CJ1024	—	Cap Junky	QCSP 001_CJ_v.02	Grade II	CJ_THC22.5:CBD1	9.3	Microbiology — Bile-tolerant gram-negative	<10	CFU/g	164/0272/25	24.02.2025	IPH	https://drive.google.com/file/d/1n0s9tGpM_xghxyYnjW6iKH99BPq4mq2b/view	Bile-tolerant gram-negative bacteria
9	2024-10	CJ1024	—	Cap Junky	QCSP 001_CJ_v.02	Grade II	CJ_THC22.5:CBD1	9.4	Microbiology — Salmonella	Одговара (absent)	/25 g	164/0272/25	24.02.2025	IPH	https://drive.google.com/file/d/1n0s9tGpM_xghxyYnjW6iKH99BPq4mq2b/view	Salmonella
9	2024-10	CJ1024	—	Cap Junky	QCSP 001_CJ_v.02	Grade II	CJ_THC22.5:CBD1	9.5	Microbiology — Escherichia coli	Одговара (absent)	/1 g	164/0272/25	24.02.2025	IPH	https://drive.google.com/file/d/1n0s9tGpM_xghxyYnjW6iKH99BPq4mq2b/view	Escherichia coli
9	2024-10	CJ1024	—	Cap Junky	QCSP 001_CJ_v.02	Grade II	CJ_THC22.5:CBD1	10.1	Mycotoxins — Aflatoxin B1	Missing / not tested	—	—	—	—		—
9	2024-10	CJ1024	—	Cap Junky	QCSP 001_CJ_v.02	Grade II	CJ_THC22.5:CBD1	10.2	Mycotoxins — Total Aflatoxins (B1+B2+G1+G2)	<2	µg/kg	750/2025	27.02.2025	IPH	https://drive.google.com/file/d/1n0s9tGpM_xghxyYnjW6iKH99BPq4mq2b/view	Total aflatoxins
9	2024-10	CJ1024	—	Cap Junky	QCSP 001_CJ_v.02	Grade II	CJ_THC22.5:CBD1	10.3	Mycotoxins — Ochratoxin A	Missing / not tested	—	—	—	—		—
9	2024-10	CJ1024	—	Cap Junky	QCSP 001_CJ_v.02	Grade II	CJ_THC22.5:CBD1	11.1	Heavy Metals — Lead (Pb)	0.036	mg/kg	750/2025	27.02.2025	IPH	https://drive.google.com/file/d/1n0s9tGpM_xghxyYnjW6iKH99BPq4mq2b/view	Lead
9	2024-10	CJ1024	—	Cap Junky	QCSP 001_CJ_v.02	Grade II	CJ_THC22.5:CBD1	11.2	Heavy Metals — Cadmium (Cd)	0.013	mg/kg	750/2025	27.02.2025	IPH	https://drive.google.com/file/d/1n0s9tGpM_xghxyYnjW6iKH99BPq4mq2b/view	Cadmium
9	2024-10	CJ1024	—	Cap Junky	QCSP 001_CJ_v.02	Grade II	CJ_THC22.5:CBD1	11.3	Heavy Metals — Arsenic (As)	0.063	mg/kg	750/2025	27.02.2025	IPH	https://drive.google.com/file/d/1n0s9tGpM_xghxyYnjW6iKH99BPq4mq2b/view	Arsenic
9	2024-10	CJ1024	—	Cap Junky	QCSP 001_CJ_v.02	Grade II	CJ_THC22.5:CBD1	11.4	Heavy Metals — Mercury (Hg)	0.006	mg/kg	750/2025	27.02.2025	IPH	https://drive.google.com/file/d/1n0s9tGpM_xghxyYnjW6iKH99BPq4mq2b/view	Mercury
9	2024-10	CJ1024	—	Cap Junky	QCSP 001_CJ_v.02	Grade II	CJ_THC22.5:CBD1	12	Pesticide Residues — multi-residue panel	ND / <LOQ — no analyte detected (13 analytes)	—	750/2025	27.02.2025	IPH	https://drive.google.com/file/d/1n0s9tGpM_xghxyYnjW6iKH99BPq4mq2b/view	multi-residue screen, per analyte
10	2024-10	GG1024	—	Gorilla Glue	QCSP 001_GG_v.02	Grade III	GG_THC15:CBD1	1	Macroscopic Identification (Test A)	Confirms	—	n/a — Purely Plant in-house CoA (Batch GG1024, no certificate/report number printed)	23.04.2025	PP	https://drive.google.com/file/d/1hBg1kL2hM7OlvFCwu488aNMj0Rrny_JC/view	Appearance — Visual
10	2024-10	GG1024	—	Gorilla Glue	QCSP 001_GG_v.02	Grade III	GG_THC15:CBD1	2	Microscopic Identification (Test B)	Missing / not tested	—	—	—	—		—
10	2024-10	GG1024	—	Gorilla Glue	QCSP 001_GG_v.02	Grade III	GG_THC15:CBD1	3	HPTLC / Chromatographic Identification (Test C)	Confirms	—	n/a — Purely Plant in-house CoA (Batch GG1024, no certificate/report number printed)	23.04.2025	UKIM	https://drive.google.com/file/d/1hBg1kL2hM7OlvFCwu488aNMj0Rrny_JC/view	Identification — DAB
10	2024-10	GG1024	—	Gorilla Glue	QCSP 001_GG_v.02	Grade III	GG_THC15:CBD1	4	Assay — Total Δ⁹-THC	13.34	%	n/a — Purely Plant in-house CoA (Batch GG1024, no certificate/report number printed)	23.04.2025	UKIM	https://drive.google.com/file/d/1hBg1kL2hM7OlvFCwu488aNMj0Rrny_JC/view	Total Δ9-tetrahydrocannabinol — DAB
10	2024-10	GG1024	—	Gorilla Glue	QCSP 001_GG_v.02	Grade III	GG_THC15:CBD1	5	Assay — Total CBD	0.03	%	n/a — Purely Plant in-house CoA (Batch GG1024, no certificate/report number printed)	23.04.2025	UKIM	https://drive.google.com/file/d/1hBg1kL2hM7OlvFCwu488aNMj0Rrny_JC/view	Total Cannabidiol — DAB
10	2024-10	GG1024	—	Gorilla Glue	QCSP 001_GG_v.02	Grade III	GG_THC15:CBD1	6	Total CBN	Missing / not tested	—	—	—	—		—
10	2024-10	GG1024	—	Gorilla Glue	QCSP 001_GG_v.02	Grade III	GG_THC15:CBD1	7	Foreign Matter	Confirms	%	n/a — Purely Plant in-house CoA (Batch GG1024, no certificate/report number printed)	23.04.2025	PP	https://drive.google.com/file/d/1hBg1kL2hM7OlvFCwu488aNMj0Rrny_JC/view	Foreign matter — Ph. Eur. 2.8.2
10	2024-10	GG1024	—	Gorilla Glue	QCSP 001_GG_v.02	Grade III	GG_THC15:CBD1	8	Loss on Drying	Missing / not tested	—	—	—	—		—
10	2024-10	GG1024	—	Gorilla Glue	QCSP 001_GG_v.02	Grade III	GG_THC15:CBD1	9.1	Microbiology — TAMC	1.1·10^4 CFU/g	CFU/g	n/a — Purely Plant in-house CoA (Batch GG1024, no certificate/report number printed)	23.04.2025	UKIM	https://drive.google.com/file/d/1hBg1kL2hM7OlvFCwu488aNMj0Rrny_JC/view	Total aerobic microbial count (TAMC) — Ph. Eur. 5.1.8, category C
10	2024-10	GG1024	—	Gorilla Glue	QCSP 001_GG_v.02	Grade III	GG_THC15:CBD1	9.2	Microbiology — TYMC	<10	CFU/g	n/a — Purely Plant in-house CoA (Batch GG1024, no certificate/report number printed)	23.04.2025	UKIM	https://drive.google.com/file/d/1hBg1kL2hM7OlvFCwu488aNMj0Rrny_JC/view	Total combined yeasts/moulds count (TYMC) — Ph. Eur. 5.1.8, category C
10	2024-10	GG1024	—	Gorilla Glue	QCSP 001_GG_v.02	Grade III	GG_THC15:CBD1	9.3	Microbiology — Bile-tolerant gram-negative	<10^2 >10 CFU/g	CFU/g	n/a — Purely Plant in-house CoA (Batch GG1024, no certificate/report number printed)	23.04.2025	UKIM	https://drive.google.com/file/d/1hBg1kL2hM7OlvFCwu488aNMj0Rrny_JC/view	Bile-tolerant gram-negative bacteria — Ph. Eur. 2.6.12
10	2024-10	GG1024	—	Gorilla Glue	QCSP 001_GG_v.02	Grade III	GG_THC15:CBD1	9.4	Microbiology — Salmonella	Absent	/25 g	n/a — Purely Plant in-house CoA (Batch GG1024, no certificate/report number printed)	23.04.2025	UKIM	https://drive.google.com/file/d/1hBg1kL2hM7OlvFCwu488aNMj0Rrny_JC/view	Salmonella/25g
10	2024-10	GG1024	—	Gorilla Glue	QCSP 001_GG_v.02	Grade III	GG_THC15:CBD1	9.5	Microbiology — Escherichia coli	Absent	/1 g	n/a — Purely Plant in-house CoA (Batch GG1024, no certificate/report number printed)	23.04.2025	UKIM	https://drive.google.com/file/d/1hBg1kL2hM7OlvFCwu488aNMj0Rrny_JC/view	Escherichia coli/g
10	2024-10	GG1024	—	Gorilla Glue	QCSP 001_GG_v.02	Grade III	GG_THC15:CBD1	10.1	Mycotoxins — Aflatoxin B1	Missing / not tested	—	—	—	—		—
10	2024-10	GG1024	—	Gorilla Glue	QCSP 001_GG_v.02	Grade III	GG_THC15:CBD1	10.2	Mycotoxins — Total Aflatoxins (B1+B2+G1+G2)	<2	µg/kg	n/a — Purely Plant in-house CoA (Batch GG1024, no certificate/report number printed)	23.04.2025	UKIM	https://drive.google.com/file/d/1hBg1kL2hM7OlvFCwu488aNMj0Rrny_JC/view	Total aflatoxines — Ph. Eur. 2.8.18 / Afla test Fluorometric method
10	2024-10	GG1024	—	Gorilla Glue	QCSP 001_GG_v.02	Grade III	GG_THC15:CBD1	10.3	Mycotoxins — Ochratoxin A	Missing / not tested	—	—	—	—		—
10	2024-10	GG1024	—	Gorilla Glue	QCSP 001_GG_v.02	Grade III	GG_THC15:CBD1	11.1	Heavy Metals — Lead (Pb)	0.052	mg/kg	n/a — Purely Plant in-house CoA (Batch GG1024, no certificate/report number printed)	23.04.2025	UKIM	https://drive.google.com/file/d/1hBg1kL2hM7OlvFCwu488aNMj0Rrny_JC/view	Lead — Ph. Eur. 2.4.27 / MKC EN 17853:2023
10	2024-10	GG1024	—	Gorilla Glue	QCSP 001_GG_v.02	Grade III	GG_THC15:CBD1	11.2	Heavy Metals — Cadmium (Cd)	0.016	mg/kg	n/a — Purely Plant in-house CoA (Batch GG1024, no certificate/report number printed)	23.04.2025	UKIM	https://drive.google.com/file/d/1hBg1kL2hM7OlvFCwu488aNMj0Rrny_JC/view	Cadmium — Ph. Eur. 2.4.27 / MKC EN 17853:2023
10	2024-10	GG1024	—	Gorilla Glue	QCSP 001_GG_v.02	Grade III	GG_THC15:CBD1	11.3	Heavy Metals — Arsenic (As)	0.04	mg/kg	n/a — Purely Plant in-house CoA (Batch GG1024, no certificate/report number printed)	23.04.2025	UKIM	https://drive.google.com/file/d/1hBg1kL2hM7OlvFCwu488aNMj0Rrny_JC/view	Arsenic — Ph. Eur. 2.4.27 / MKC EN 17853:2023
10	2024-10	GG1024	—	Gorilla Glue	QCSP 001_GG_v.02	Grade III	GG_THC15:CBD1	11.4	Heavy Metals — Mercury (Hg)	0.004	mg/kg	n/a — Purely Plant in-house CoA (Batch GG1024, no certificate/report number printed)	23.04.2025	UKIM	https://drive.google.com/file/d/1hBg1kL2hM7OlvFCwu488aNMj0Rrny_JC/view	Mercury — Ph. Eur. 2.4.27 / MKC EN 17853:2023
10	2024-10	GG1024	—	Gorilla Glue	QCSP 001_GG_v.02	Grade III	GG_THC15:CBD1	12	Pesticide Residues — multi-residue panel	ND / <LOQ — no analyte detected (13 analytes)	—	n/a — Purely Plant in-house CoA (Batch GG1024, no certificate/report number printed)	23.04.2025	UKIM	https://drive.google.com/file/d/1hBg1kL2hM7OlvFCwu488aNMj0Rrny_JC/view	multi-residue screen, per analyte
11	2024-10	GG1024_01	P050092	Gorilla Glue	QCSP 001_GG_v.02	Grade III / Grade II	GG_THC15:CBD1 / GG_THC21:CBD1	1	Macroscopic Identification (Test A)	Missing / not tested	—	—	—	—		—
11	2024-10	GG1024_01	P050092	Gorilla Glue	QCSP 001_GG_v.02	Grade III / Grade II	GG_THC15:CBD1 / GG_THC21:CBD1	2	Microscopic Identification (Test B)	Missing / not tested	—	—	—	—		—
11	2024-10	GG1024_01	P050092	Gorilla Glue	QCSP 001_GG_v.02	Grade III / Grade II	GG_THC15:CBD1 / GG_THC21:CBD1	3	HPTLC / Chromatographic Identification (Test C)	Missing / not tested	—	—	—	—		—
11	2024-10	GG1024_01	P050092	Gorilla Glue	QCSP 001_GG_v.02	Grade III / Grade II	GG_THC15:CBD1 / GG_THC21:CBD1	4	Assay — Total Δ⁹-THC	18.67	%	197-9-К/26	07.08.2026	FARM	https://drive.google.com/file/d/1E931TCyqxT92ofVFQ8ylkKiAzZkbmI1U/view	Total Delta-9-THC (Farmahem retest)
11	2024-10	GG1024_01	P050092	Gorilla Glue	QCSP 001_GG_v.02	Grade III / Grade II	GG_THC15:CBD1 / GG_THC21:CBD1	4	Assay — Total Δ⁹-THC	17.22	%	ППК25104	17.04.2025	UKIM	https://drive.google.com/file/d/1vodJSpzDimLc6DNMJDUgfcVSVF0APdbE/view	Total Delta-9-THC (THC + THCA x 0.877)
11	2024-10	GG1024_01	P050092	Gorilla Glue	QCSP 001_GG_v.02	Grade III / Grade II	GG_THC15:CBD1 / GG_THC21:CBD1	5	Assay — Total CBD	<LOQ %w/w	%	197-9-К/26	07.08.2026	FARM	https://drive.google.com/file/d/1E931TCyqxT92ofVFQ8ylkKiAzZkbmI1U/view	Total CBD (Farmahem retest)
11	2024-10	GG1024_01	P050092	Gorilla Glue	QCSP 001_GG_v.02	Grade III / Grade II	GG_THC15:CBD1 / GG_THC21:CBD1	5	Assay — Total CBD	0.05	%	ППК25104	17.04.2025	UKIM	https://drive.google.com/file/d/1vodJSpzDimLc6DNMJDUgfcVSVF0APdbE/view	Total CBD (CBD + CBDA x 0.877)
11	2024-10	GG1024_01	P050092	Gorilla Glue	QCSP 001_GG_v.02	Grade III / Grade II	GG_THC15:CBD1 / GG_THC21:CBD1	6	Total CBN	0.20	%	197-9-К/26	07.08.2026	FARM	https://drive.google.com/file/d/1E931TCyqxT92ofVFQ8ylkKiAzZkbmI1U/view	Total CBN (Farmahem retest)
11	2024-10	GG1024_01	P050092	Gorilla Glue	QCSP 001_GG_v.02	Grade III / Grade II	GG_THC15:CBD1 / GG_THC21:CBD1	7	Foreign Matter	Missing / not tested	—	—	—	—		—
11	2024-10	GG1024_01	P050092	Gorilla Glue	QCSP 001_GG_v.02	Grade III / Grade II	GG_THC15:CBD1 / GG_THC21:CBD1	8	Loss on Drying	7.54	%	ППК25104	17.04.2025	UKIM	https://drive.google.com/file/d/1vodJSpzDimLc6DNMJDUgfcVSVF0APdbE/view	Loss on Drying
11	2024-10	GG1024_01	P050092	Gorilla Glue	QCSP 001_GG_v.02	Grade III / Grade II	GG_THC15:CBD1 / GG_THC21:CBD1	9.1	Microbiology — TAMC	5.1×10⁴ CFU/g	CFU/g	320/0587/25	14.04.2025	IPH	https://drive.google.com/file/d/1vodJSpzDimLc6DNMJDUgfcVSVF0APdbE/view	Total aerobic microbial count (TAMC)
11	2024-10	GG1024_01	P050092	Gorilla Glue	QCSP 001_GG_v.02	Grade III / Grade II	GG_THC15:CBD1 / GG_THC21:CBD1	9.2	Microbiology — TYMC	4.2×10³ CFU/g	CFU/g	320/0587/25	14.04.2025	IPH	https://drive.google.com/file/d/1vodJSpzDimLc6DNMJDUgfcVSVF0APdbE/view	Total combined yeasts/moulds count (TYMC)
11	2024-10	GG1024_01	P050092	Gorilla Glue	QCSP 001_GG_v.02	Grade III / Grade II	GG_THC15:CBD1 / GG_THC21:CBD1	9.3	Microbiology — Bile-tolerant gram-negative	<10	CFU/g	320/0587/25	14.04.2025	IPH	https://drive.google.com/file/d/1vodJSpzDimLc6DNMJDUgfcVSVF0APdbE/view	Bile-tolerant gram-negative bacteria
11	2024-10	GG1024_01	P050092	Gorilla Glue	QCSP 001_GG_v.02	Grade III / Grade II	GG_THC15:CBD1 / GG_THC21:CBD1	9.4	Microbiology — Salmonella	Одговара (absent)	/25 g	320/0587/25	14.04.2025	IPH	https://drive.google.com/file/d/1vodJSpzDimLc6DNMJDUgfcVSVF0APdbE/view	Salmonella
11	2024-10	GG1024_01	P050092	Gorilla Glue	QCSP 001_GG_v.02	Grade III / Grade II	GG_THC15:CBD1 / GG_THC21:CBD1	9.5	Microbiology — Escherichia coli	Одговара (absent)	/1 g	320/0587/25	14.04.2025	IPH	https://drive.google.com/file/d/1vodJSpzDimLc6DNMJDUgfcVSVF0APdbE/view	Escherichia coli
11	2024-10	GG1024_01	P050092	Gorilla Glue	QCSP 001_GG_v.02	Grade III / Grade II	GG_THC15:CBD1 / GG_THC21:CBD1	10.1	Mycotoxins — Aflatoxin B1	ND	µg/kg	197-9-М/26	10.08.2026	FARM	https://drive.google.com/file/d/1VZsTyuyINQIWgDXCWRIan2P1itsmd8xD/view	Aflatoxin B1 (Farmahem retest)
11	2024-10	GG1024_01	P050092	Gorilla Glue	QCSP 001_GG_v.02	Grade III / Grade II	GG_THC15:CBD1 / GG_THC21:CBD1	10.2	Mycotoxins — Total Aflatoxins (B1+B2+G1+G2)	ND	µg/kg	197-9-М/26	10.08.2026	FARM	https://drive.google.com/file/d/1VZsTyuyINQIWgDXCWRIan2P1itsmd8xD/view	Aflatoxin B2 (Farmahem retest)
11	2024-10	GG1024_01	P050092	Gorilla Glue	QCSP 001_GG_v.02	Grade III / Grade II	GG_THC15:CBD1 / GG_THC21:CBD1	10.2	Mycotoxins — Total Aflatoxins (B1+B2+G1+G2)	ND	µg/kg	197-9-М/26	10.08.2026	FARM	https://drive.google.com/file/d/1VZsTyuyINQIWgDXCWRIan2P1itsmd8xD/view	Aflatoxin G1 (Farmahem retest)
11	2024-10	GG1024_01	P050092	Gorilla Glue	QCSP 001_GG_v.02	Grade III / Grade II	GG_THC15:CBD1 / GG_THC21:CBD1	10.2	Mycotoxins — Total Aflatoxins (B1+B2+G1+G2)	ND	µg/kg	197-9-М/26	10.08.2026	FARM	https://drive.google.com/file/d/1VZsTyuyINQIWgDXCWRIan2P1itsmd8xD/view	Aflatoxin G2 (Farmahem retest)
11	2024-10	GG1024_01	P050092	Gorilla Glue	QCSP 001_GG_v.02	Grade III / Grade II	GG_THC15:CBD1 / GG_THC21:CBD1	10.2	Mycotoxins — Total Aflatoxins (B1+B2+G1+G2)	ND (all four not detected)	µg/kg	197-9-М/26	10.08.2026	FARM	https://drive.google.com/file/d/1VZsTyuyINQIWgDXCWRIan2P1itsmd8xD/view	Sum aflatoxins B1+B2+G1+G2 (Farmahem retest)
11	2024-10	GG1024_01	P050092	Gorilla Glue	QCSP 001_GG_v.02	Grade III / Grade II	GG_THC15:CBD1 / GG_THC21:CBD1	10.2	Mycotoxins — Total Aflatoxins (B1+B2+G1+G2)	<2	µg/kg	1766/2025	11.04.2025	IPH	https://drive.google.com/file/d/1vodJSpzDimLc6DNMJDUgfcVSVF0APdbE/view	Total aflatoxins
11	2024-10	GG1024_01	P050092	Gorilla Glue	QCSP 001_GG_v.02	Grade III / Grade II	GG_THC15:CBD1 / GG_THC21:CBD1	10.3	Mycotoxins — Ochratoxin A	ND	µg/kg	197-9-М/26	10.08.2026	FARM	https://drive.google.com/file/d/1VZsTyuyINQIWgDXCWRIan2P1itsmd8xD/view	Ochratoxin A (Farmahem retest)
11	2024-10	GG1024_01	P050092	Gorilla Glue	QCSP 001_GG_v.02	Grade III / Grade II	GG_THC15:CBD1 / GG_THC21:CBD1	11.1	Heavy Metals — Lead (Pb)	0.02	mg/kg	1766/2025	11.04.2025	IPH	https://drive.google.com/file/d/1vodJSpzDimLc6DNMJDUgfcVSVF0APdbE/view	Lead
11	2024-10	GG1024_01	P050092	Gorilla Glue	QCSP 001_GG_v.02	Grade III / Grade II	GG_THC15:CBD1 / GG_THC21:CBD1	11.2	Heavy Metals — Cadmium (Cd)	0.007	mg/kg	1766/2025	11.04.2025	IPH	https://drive.google.com/file/d/1vodJSpzDimLc6DNMJDUgfcVSVF0APdbE/view	Cadmium
11	2024-10	GG1024_01	P050092	Gorilla Glue	QCSP 001_GG_v.02	Grade III / Grade II	GG_THC15:CBD1 / GG_THC21:CBD1	11.3	Heavy Metals — Arsenic (As)	0.015	mg/kg	1766/2025	11.04.2025	IPH	https://drive.google.com/file/d/1vodJSpzDimLc6DNMJDUgfcVSVF0APdbE/view	Arsenic
11	2024-10	GG1024_01	P050092	Gorilla Glue	QCSP 001_GG_v.02	Grade III / Grade II	GG_THC15:CBD1 / GG_THC21:CBD1	11.4	Heavy Metals — Mercury (Hg)	0.005	mg/kg	1766/2025	11.04.2025	IPH	https://drive.google.com/file/d/1vodJSpzDimLc6DNMJDUgfcVSVF0APdbE/view	Mercury
11	2024-10	GG1024_01	P050092	Gorilla Glue	QCSP 001_GG_v.02	Grade III / Grade II	GG_THC15:CBD1 / GG_THC21:CBD1	12	Pesticide Residues — multi-residue panel	ND / <LOQ — no analyte detected (13 analytes)	—	1766/2025	11.04.2025	IPH	https://drive.google.com/file/d/1vodJSpzDimLc6DNMJDUgfcVSVF0APdbE/view	multi-residue screen, per analyte
12	2024-10	GG1024_02	P050012	Gorilla Glue	QCSP 001_GG_v.02	Grade III	GG_THC15:CBD1	1	Macroscopic Identification (Test A)	Missing / not tested	—	—	—	—		—
12	2024-10	GG1024_02	P050012	Gorilla Glue	QCSP 001_GG_v.02	Grade III	GG_THC15:CBD1	2	Microscopic Identification (Test B)	Missing / not tested	—	—	—	—		—
12	2024-10	GG1024_02	P050012	Gorilla Glue	QCSP 001_GG_v.02	Grade III	GG_THC15:CBD1	3	HPTLC / Chromatographic Identification (Test C)	Missing / not tested	—	—	—	—		—
12	2024-10	GG1024_02	P050012	Gorilla Glue	QCSP 001_GG_v.02	Grade III	GG_THC15:CBD1	4	Assay — Total Δ⁹-THC	15.95	%	ППК25140	22.05.2025	UKIM	https://drive.google.com/file/d/1HScgMCsyoLuhV6J5ph0JW4byRfLnYyU-/view	Total Delta-9-THC (THC + THCA x 0.877)
12	2024-10	GG1024_02	P050012	Gorilla Glue	QCSP 001_GG_v.02	Grade III	GG_THC15:CBD1	5	Assay — Total CBD	0.05	%	ППК25140	22.05.2025	UKIM	https://drive.google.com/file/d/1HScgMCsyoLuhV6J5ph0JW4byRfLnYyU-/view	Total CBD (CBD + CBDA x 0.877)
12	2024-10	GG1024_02	P050012	Gorilla Glue	QCSP 001_GG_v.02	Grade III	GG_THC15:CBD1	6	Total CBN	Missing / not tested	—	—	—	—		—
12	2024-10	GG1024_02	P050012	Gorilla Glue	QCSP 001_GG_v.02	Grade III	GG_THC15:CBD1	7	Foreign Matter	Missing / not tested	—	—	—	—		—
12	2024-10	GG1024_02	P050012	Gorilla Glue	QCSP 001_GG_v.02	Grade III	GG_THC15:CBD1	8	Loss on Drying	6.88	%	ППК25140	22.05.2025	UKIM	https://drive.google.com/file/d/1HScgMCsyoLuhV6J5ph0JW4byRfLnYyU-/view	Loss on Drying
12	2024-10	GG1024_02	P050012	Gorilla Glue	QCSP 001_GG_v.02	Grade III	GG_THC15:CBD1	9.1	Microbiology — TAMC	2.1×10⁴ CFU/g	CFU/g	472/0863/25	22.05.2025	IPH	https://drive.google.com/file/d/1HScgMCsyoLuhV6J5ph0JW4byRfLnYyU-/view	Total aerobic microbial count (TAMC)
12	2024-10	GG1024_02	P050012	Gorilla Glue	QCSP 001_GG_v.02	Grade III	GG_THC15:CBD1	9.2	Microbiology — TYMC	1.9×10⁴ CFU/g	CFU/g	472/0863/25	22.05.2025	IPH	https://drive.google.com/file/d/1HScgMCsyoLuhV6J5ph0JW4byRfLnYyU-/view	Total combined yeasts/moulds count (TYMC)
12	2024-10	GG1024_02	P050012	Gorilla Glue	QCSP 001_GG_v.02	Grade III	GG_THC15:CBD1	9.3	Microbiology — Bile-tolerant gram-negative	<10	CFU/g	472/0863/25	22.05.2025	IPH	https://drive.google.com/file/d/1HScgMCsyoLuhV6J5ph0JW4byRfLnYyU-/view	Bile-tolerant gram-negative bacteria
12	2024-10	GG1024_02	P050012	Gorilla Glue	QCSP 001_GG_v.02	Grade III	GG_THC15:CBD1	9.4	Microbiology — Salmonella	Одговара (absent)	/25 g	472/0863/25	22.05.2025	IPH	https://drive.google.com/file/d/1HScgMCsyoLuhV6J5ph0JW4byRfLnYyU-/view	Salmonella
12	2024-10	GG1024_02	P050012	Gorilla Glue	QCSP 001_GG_v.02	Grade III	GG_THC15:CBD1	9.5	Microbiology — Escherichia coli	Одговара (absent)	/1 g	472/0863/25	22.05.2025	IPH	https://drive.google.com/file/d/1HScgMCsyoLuhV6J5ph0JW4byRfLnYyU-/view	Escherichia coli
12	2024-10	GG1024_02	P050012	Gorilla Glue	QCSP 001_GG_v.02	Grade III	GG_THC15:CBD1	10.1	Mycotoxins — Aflatoxin B1	Missing / not tested	—	—	—	—		—
12	2024-10	GG1024_02	P050012	Gorilla Glue	QCSP 001_GG_v.02	Grade III	GG_THC15:CBD1	10.2	Mycotoxins — Total Aflatoxins (B1+B2+G1+G2)	<2	µg/kg	2472/2025	30.05.2025	IPH	https://drive.google.com/file/d/1HScgMCsyoLuhV6J5ph0JW4byRfLnYyU-/view	Total aflatoxins
12	2024-10	GG1024_02	P050012	Gorilla Glue	QCSP 001_GG_v.02	Grade III	GG_THC15:CBD1	10.3	Mycotoxins — Ochratoxin A	Missing / not tested	—	—	—	—		—
12	2024-10	GG1024_02	P050012	Gorilla Glue	QCSP 001_GG_v.02	Grade III	GG_THC15:CBD1	11.1	Heavy Metals — Lead (Pb)	N.D.	mg/kg	2472/2025	30.05.2025	IPH	https://drive.google.com/file/d/1HScgMCsyoLuhV6J5ph0JW4byRfLnYyU-/view	Lead
12	2024-10	GG1024_02	P050012	Gorilla Glue	QCSP 001_GG_v.02	Grade III	GG_THC15:CBD1	11.2	Heavy Metals — Cadmium (Cd)	N.D.	mg/kg	2472/2025	30.05.2025	IPH	https://drive.google.com/file/d/1HScgMCsyoLuhV6J5ph0JW4byRfLnYyU-/view	Cadmium
12	2024-10	GG1024_02	P050012	Gorilla Glue	QCSP 001_GG_v.02	Grade III	GG_THC15:CBD1	11.3	Heavy Metals — Arsenic (As)	N.D.	mg/kg	2472/2025	30.05.2025	IPH	https://drive.google.com/file/d/1HScgMCsyoLuhV6J5ph0JW4byRfLnYyU-/view	Arsenic
12	2024-10	GG1024_02	P050012	Gorilla Glue	QCSP 001_GG_v.02	Grade III	GG_THC15:CBD1	11.4	Heavy Metals — Mercury (Hg)	N.D.	mg/kg	2472/2025	30.05.2025	IPH	https://drive.google.com/file/d/1HScgMCsyoLuhV6J5ph0JW4byRfLnYyU-/view	Mercury
12	2024-10	GG1024_02	P050012	Gorilla Glue	QCSP 001_GG_v.02	Grade III	GG_THC15:CBD1	12	Pesticide Residues — multi-residue panel	ND / <LOQ — no analyte detected (13 analytes)	—	2472/2025	30.05.2025	IPH	https://drive.google.com/file/d/1HScgMCsyoLuhV6J5ph0JW4byRfLnYyU-/view	multi-residue screen, per analyte
13	2024-10	HPA1024	—	High Pro Amnesia	QCSP 001_HPA_v.02	Grade III	HPA_THC16:CBD1	1	Macroscopic Identification (Test A)	Confirms	—	n/a — Purely Plant in-house CoA (Batch HPA1024, no certificate/report number printed)	23.01.2025	PP	https://drive.google.com/file/d/1MIhYvfj3rHj3MqkKE2wfGAW0xlMQVzRo/view	Appearance — Visual
13	2024-10	HPA1024	—	High Pro Amnesia	QCSP 001_HPA_v.02	Grade III	HPA_THC16:CBD1	2	Microscopic Identification (Test B)	Missing / not tested	—	—	—	—		—
13	2024-10	HPA1024	—	High Pro Amnesia	QCSP 001_HPA_v.02	Grade III	HPA_THC16:CBD1	3	HPTLC / Chromatographic Identification (Test C)	Confirms	—	n/a — Purely Plant in-house CoA (Batch HPA1024, no certificate/report number printed)	23.01.2025	UKIM	https://drive.google.com/file/d/1MIhYvfj3rHj3MqkKE2wfGAW0xlMQVzRo/view	Identification — DAB
13	2024-10	HPA1024	—	High Pro Amnesia	QCSP 001_HPA_v.02	Grade III	HPA_THC16:CBD1	4	Assay — Total Δ⁹-THC	17.31	%	197-13-К/26	07.08.2026	FARM	https://drive.google.com/file/d/1zzMmCWQubbSkLgWnseUwK_rf_AnYysPJ/view	Total Δ9-THC (Вкупно Δ9-THC, as Δ9-THC) — HPLC/DAD
13	2024-10	HPA1024	—	High Pro Amnesia	QCSP 001_HPA_v.02	Grade III	HPA_THC16:CBD1	4	Assay — Total Δ⁹-THC	14.97	%	n/a — Purely Plant in-house CoA (Batch HPA1024, no certificate/report number printed)	23.01.2025	UKIM	https://drive.google.com/file/d/1MIhYvfj3rHj3MqkKE2wfGAW0xlMQVzRo/view	Total Δ9-tetrahydrocannabinol — DAB
13	2024-10	HPA1024	—	High Pro Amnesia	QCSP 001_HPA_v.02	Grade III	HPA_THC16:CBD1	5	Assay — Total CBD	<LOQ %w/w	%	197-13-К/26	07.08.2026	FARM	https://drive.google.com/file/d/1zzMmCWQubbSkLgWnseUwK_rf_AnYysPJ/view	Total CBD (Вкупен CBD, as CBD) — HPLC/DAD
13	2024-10	HPA1024	—	High Pro Amnesia	QCSP 001_HPA_v.02	Grade III	HPA_THC16:CBD1	5	Assay — Total CBD	0.04	%	n/a — Purely Plant in-house CoA (Batch HPA1024, no certificate/report number printed)	23.01.2025	UKIM	https://drive.google.com/file/d/1MIhYvfj3rHj3MqkKE2wfGAW0xlMQVzRo/view	Total Cannabidiol — DAB
13	2024-10	HPA1024	—	High Pro Amnesia	QCSP 001_HPA_v.02	Grade III	HPA_THC16:CBD1	6	Total CBN	0.36	%	197-13-К/26	07.08.2026	FARM	https://drive.google.com/file/d/1zzMmCWQubbSkLgWnseUwK_rf_AnYysPJ/view	Total CBN (Вкупен CBN) — HPLC/DAD
13	2024-10	HPA1024	—	High Pro Amnesia	QCSP 001_HPA_v.02	Grade III	HPA_THC16:CBD1	7	Foreign Matter	Confirms	%	n/a — Purely Plant in-house CoA (Batch HPA1024, no certificate/report number printed)	23.01.2025	PP	https://drive.google.com/file/d/1MIhYvfj3rHj3MqkKE2wfGAW0xlMQVzRo/view	Foreign matter — Ph. Eur. 2.8.2
13	2024-10	HPA1024	—	High Pro Amnesia	QCSP 001_HPA_v.02	Grade III	HPA_THC16:CBD1	8	Loss on Drying	Missing / not tested	—	—	—	—		—
13	2024-10	HPA1024	—	High Pro Amnesia	QCSP 001_HPA_v.02	Grade III	HPA_THC16:CBD1	9.1	Microbiology — TAMC	5.2·10^4 CFU/g	CFU/g	n/a — Purely Plant in-house CoA (Batch HPA1024, no certificate/report number printed)	23.01.2025	UKIM	https://drive.google.com/file/d/1MIhYvfj3rHj3MqkKE2wfGAW0xlMQVzRo/view	Total aerobic microbial count (TAMC) — Ph. Eur. 5.1.8, category C
13	2024-10	HPA1024	—	High Pro Amnesia	QCSP 001_HPA_v.02	Grade III	HPA_THC16:CBD1	9.2	Microbiology — TYMC	7·10^2 CFU/g	CFU/g	n/a — Purely Plant in-house CoA (Batch HPA1024, no certificate/report number printed)	23.01.2025	UKIM	https://drive.google.com/file/d/1MIhYvfj3rHj3MqkKE2wfGAW0xlMQVzRo/view	Total combined yeasts/moulds count (TYMC) — Ph. Eur. 5.1.8, category C
13	2024-10	HPA1024	—	High Pro Amnesia	QCSP 001_HPA_v.02	Grade III	HPA_THC16:CBD1	9.3	Microbiology — Bile-tolerant gram-negative	<10 CFU/g [DATA INTEGRITY FLAG — see source]	CFU/g	n/a — Purely Plant in-house CoA (Batch HPA1024, no certificate/report number printed)	23.01.2025	UKIM	https://drive.google.com/file/d/1MIhYvfj3rHj3MqkKE2wfGAW0xlMQVzRo/view	Bile-tolerant gram-negative bacteria — Ph. Eur. 2.6.12
13	2024-10	HPA1024	—	High Pro Amnesia	QCSP 001_HPA_v.02	Grade III	HPA_THC16:CBD1	9.4	Microbiology — Salmonella	Absent	/25 g	n/a — Purely Plant in-house CoA (Batch HPA1024, no certificate/report number printed)	23.01.2025	UKIM	https://drive.google.com/file/d/1MIhYvfj3rHj3MqkKE2wfGAW0xlMQVzRo/view	Salmonella/25g
13	2024-10	HPA1024	—	High Pro Amnesia	QCSP 001_HPA_v.02	Grade III	HPA_THC16:CBD1	9.5	Microbiology — Escherichia coli	Absent	/1 g	n/a — Purely Plant in-house CoA (Batch HPA1024, no certificate/report number printed)	23.01.2025	UKIM	https://drive.google.com/file/d/1MIhYvfj3rHj3MqkKE2wfGAW0xlMQVzRo/view	Escherichia coli/g
13	2024-10	HPA1024	—	High Pro Amnesia	QCSP 001_HPA_v.02	Grade III	HPA_THC16:CBD1	10.1	Mycotoxins — Aflatoxin B1	ND µg/kg	µg/kg	197-13-М/26	10.08.2026	FARM	https://drive.google.com/file/d/1c_wT0Ug3BML51zz1EewHzrkl85UImWWQ/view	Aflatoxin B1
13	2024-10	HPA1024	—	High Pro Amnesia	QCSP 001_HPA_v.02	Grade III	HPA_THC16:CBD1	10.2	Mycotoxins — Total Aflatoxins (B1+B2+G1+G2)	ND µg/kg	µg/kg	197-13-М/26	10.08.2026	FARM	https://drive.google.com/file/d/1c_wT0Ug3BML51zz1EewHzrkl85UImWWQ/view	Aflatoxin B2
13	2024-10	HPA1024	—	High Pro Amnesia	QCSP 001_HPA_v.02	Grade III	HPA_THC16:CBD1	10.2	Mycotoxins — Total Aflatoxins (B1+B2+G1+G2)	ND µg/kg	µg/kg	197-13-М/26	10.08.2026	FARM	https://drive.google.com/file/d/1c_wT0Ug3BML51zz1EewHzrkl85UImWWQ/view	Aflatoxin G1
13	2024-10	HPA1024	—	High Pro Amnesia	QCSP 001_HPA_v.02	Grade III	HPA_THC16:CBD1	10.2	Mycotoxins — Total Aflatoxins (B1+B2+G1+G2)	ND µg/kg	µg/kg	197-13-М/26	10.08.2026	FARM	https://drive.google.com/file/d/1c_wT0Ug3BML51zz1EewHzrkl85UImWWQ/view	Aflatoxin G2
13	2024-10	HPA1024	—	High Pro Amnesia	QCSP 001_HPA_v.02	Grade III	HPA_THC16:CBD1	10.2	Mycotoxins — Total Aflatoxins (B1+B2+G1+G2)	ND (all four aflatoxins not detected)	µg/kg	197-13-М/26	10.08.2026	FARM	https://drive.google.com/file/d/1c_wT0Ug3BML51zz1EewHzrkl85UImWWQ/view	Sum aflatoxins B1+B2+G1+G2
13	2024-10	HPA1024	—	High Pro Amnesia	QCSP 001_HPA_v.02	Grade III	HPA_THC16:CBD1	10.2	Mycotoxins — Total Aflatoxins (B1+B2+G1+G2)	<2	µg/kg	n/a — Purely Plant in-house CoA (Batch HPA1024, no certificate/report number printed)	23.01.2025	UKIM	https://drive.google.com/file/d/1MIhYvfj3rHj3MqkKE2wfGAW0xlMQVzRo/view	Total aflatoxines — Ph. Eur. 2.8.18 / Afla test Fluorometric method
13	2024-10	HPA1024	—	High Pro Amnesia	QCSP 001_HPA_v.02	Grade III	HPA_THC16:CBD1	10.3	Mycotoxins — Ochratoxin A	<LOQ µg/kg	µg/kg	197-13-М/26	10.08.2026	FARM	https://drive.google.com/file/d/1c_wT0Ug3BML51zz1EewHzrkl85UImWWQ/view	Ochratoxin A
13	2024-10	HPA1024	—	High Pro Amnesia	QCSP 001_HPA_v.02	Grade III	HPA_THC16:CBD1	11.1	Heavy Metals — Lead (Pb)	0.02	mg/kg	n/a — Purely Plant in-house CoA (Batch HPA1024, no certificate/report number printed)	23.01.2025	UKIM	https://drive.google.com/file/d/1MIhYvfj3rHj3MqkKE2wfGAW0xlMQVzRo/view	Lead — Ph. Eur. 2.4.27 / MKC EN 17853:2023
13	2024-10	HPA1024	—	High Pro Amnesia	QCSP 001_HPA_v.02	Grade III	HPA_THC16:CBD1	11.2	Heavy Metals — Cadmium (Cd)	0.013	mg/kg	n/a — Purely Plant in-house CoA (Batch HPA1024, no certificate/report number printed)	23.01.2025	UKIM	https://drive.google.com/file/d/1MIhYvfj3rHj3MqkKE2wfGAW0xlMQVzRo/view	Cadmium — Ph. Eur. 2.4.27 / MKC EN 17853:2023
13	2024-10	HPA1024	—	High Pro Amnesia	QCSP 001_HPA_v.02	Grade III	HPA_THC16:CBD1	11.3	Heavy Metals — Arsenic (As)	0.017	mg/kg	n/a — Purely Plant in-house CoA (Batch HPA1024, no certificate/report number printed)	23.01.2025	UKIM	https://drive.google.com/file/d/1MIhYvfj3rHj3MqkKE2wfGAW0xlMQVzRo/view	Arsenic — Ph. Eur. 2.4.27 / MKC EN 17853:2023
13	2024-10	HPA1024	—	High Pro Amnesia	QCSP 001_HPA_v.02	Grade III	HPA_THC16:CBD1	11.4	Heavy Metals — Mercury (Hg)	0.0026	mg/kg	n/a — Purely Plant in-house CoA (Batch HPA1024, no certificate/report number printed)	23.01.2025	UKIM	https://drive.google.com/file/d/1MIhYvfj3rHj3MqkKE2wfGAW0xlMQVzRo/view	Mercury — Ph. Eur. 2.4.27 / MKC EN 17853:2023
13	2024-10	HPA1024	—	High Pro Amnesia	QCSP 001_HPA_v.02	Grade III	HPA_THC16:CBD1	12	Pesticide Residues — multi-residue panel	ND / <LOQ — no analyte detected (13 analytes)	—	n/a — Purely Plant in-house CoA (Batch HPA1024, no certificate/report number printed)	23.01.2025	UKIM	https://drive.google.com/file/d/1MIhYvfj3rHj3MqkKE2wfGAW0xlMQVzRo/view	multi-residue screen, per analyte
14	2024-10	HPA1024_01	P050052	High Pro Amnesia	QCSP 001_HPA_v.02	Grade II	HPA_THC22:CBD1	1	Macroscopic Identification (Test A)	Missing / not tested	—	—	—	—		—
14	2024-10	HPA1024_01	P050052	High Pro Amnesia	QCSP 001_HPA_v.02	Grade II	HPA_THC22:CBD1	2	Microscopic Identification (Test B)	Missing / not tested	—	—	—	—		—
14	2024-10	HPA1024_01	P050052	High Pro Amnesia	QCSP 001_HPA_v.02	Grade II	HPA_THC22:CBD1	3	HPTLC / Chromatographic Identification (Test C)	Missing / not tested	—	—	—	—		—
14	2024-10	HPA1024_01	P050052	High Pro Amnesia	QCSP 001_HPA_v.02	Grade II	HPA_THC22:CBD1	4	Assay — Total Δ⁹-THC	21.61	%	197-14-К/26	07.08.2026	FARM	https://drive.google.com/file/d/1c33CMKYs_zqEVtG15nfLZWt5kt27a-C4/view	Total Delta-9-THC (Farmahem retest)
14	2024-10	HPA1024_01	P050052	High Pro Amnesia	QCSP 001_HPA_v.02	Grade II	HPA_THC22:CBD1	4	Assay — Total Δ⁹-THC	22.43	%	НИК22155	24.06.2025	UKIM	https://drive.google.com/file/d/1xL5BG7FCbGqo12tIeprRjH-XjG3ZDTd6/view	Total Delta-9-THC (THC + THCA x 0.877)
14	2024-10	HPA1024_01	P050052	High Pro Amnesia	QCSP 001_HPA_v.02	Grade II	HPA_THC22:CBD1	5	Assay — Total CBD	<LOQ %w/w	%	197-14-К/26	07.08.2026	FARM	https://drive.google.com/file/d/1c33CMKYs_zqEVtG15nfLZWt5kt27a-C4/view	Total CBD (Farmahem retest)
14	2024-10	HPA1024_01	P050052	High Pro Amnesia	QCSP 001_HPA_v.02	Grade II	HPA_THC22:CBD1	5	Assay — Total CBD	24.70% [DATA INTEGRITY FLAG — see source]	%	НИК22155	24.06.2025	UKIM	https://drive.google.com/file/d/1xL5BG7FCbGqo12tIeprRjH-XjG3ZDTd6/view	Total CBD (CBD + CBDA x 0.877)
14	2024-10	HPA1024_01	P050052	High Pro Amnesia	QCSP 001_HPA_v.02	Grade II	HPA_THC22:CBD1	6	Total CBN	<LOQ %w/w	%	197-14-К/26	07.08.2026	FARM	https://drive.google.com/file/d/1c33CMKYs_zqEVtG15nfLZWt5kt27a-C4/view	Total CBN (Farmahem retest)
14	2024-10	HPA1024_01	P050052	High Pro Amnesia	QCSP 001_HPA_v.02	Grade II	HPA_THC22:CBD1	7	Foreign Matter	Missing / not tested	—	—	—	—		—
14	2024-10	HPA1024_01	P050052	High Pro Amnesia	QCSP 001_HPA_v.02	Grade II	HPA_THC22:CBD1	8	Loss on Drying	6.36	%	НИК22155	24.06.2025	UKIM	https://drive.google.com/file/d/1xL5BG7FCbGqo12tIeprRjH-XjG3ZDTd6/view	Loss on Drying
14	2024-10	HPA1024_01	P050052	High Pro Amnesia	QCSP 001_HPA_v.02	Grade II	HPA_THC22:CBD1	9.1	Microbiology — TAMC	9.6×10³ CFU/g	CFU/g	587/1066/25	18.06.2025	IPH	https://drive.google.com/file/d/1xL5BG7FCbGqo12tIeprRjH-XjG3ZDTd6/view	Total aerobic microbial count (TAMC)
14	2024-10	HPA1024_01	P050052	High Pro Amnesia	QCSP 001_HPA_v.02	Grade II	HPA_THC22:CBD1	9.2	Microbiology — TYMC	1.5×10⁴ CFU/g	CFU/g	587/1066/25	18.06.2025	IPH	https://drive.google.com/file/d/1xL5BG7FCbGqo12tIeprRjH-XjG3ZDTd6/view	Total combined yeasts/moulds count (TYMC)
14	2024-10	HPA1024_01	P050052	High Pro Amnesia	QCSP 001_HPA_v.02	Grade II	HPA_THC22:CBD1	9.3	Microbiology — Bile-tolerant gram-negative	<10	CFU/g	587/1066/25	18.06.2025	IPH	https://drive.google.com/file/d/1xL5BG7FCbGqo12tIeprRjH-XjG3ZDTd6/view	Bile-tolerant gram-negative bacteria
14	2024-10	HPA1024_01	P050052	High Pro Amnesia	QCSP 001_HPA_v.02	Grade II	HPA_THC22:CBD1	9.4	Microbiology — Salmonella	Одговара (absent)	/25 g	587/1066/25	18.06.2025	IPH	https://drive.google.com/file/d/1xL5BG7FCbGqo12tIeprRjH-XjG3ZDTd6/view	Salmonella
14	2024-10	HPA1024_01	P050052	High Pro Amnesia	QCSP 001_HPA_v.02	Grade II	HPA_THC22:CBD1	9.5	Microbiology — Escherichia coli	Одговара (absent)	/1 g	587/1066/25	18.06.2025	IPH	https://drive.google.com/file/d/1xL5BG7FCbGqo12tIeprRjH-XjG3ZDTd6/view	Escherichia coli
14	2024-10	HPA1024_01	P050052	High Pro Amnesia	QCSP 001_HPA_v.02	Grade II	HPA_THC22:CBD1	10.1	Mycotoxins — Aflatoxin B1	ND	µg/kg	197-14-М/26	10.08.2026	FARM	https://drive.google.com/file/d/1sHQDJRDGVpGPPUZ2ZnpeT5qIOGYEXrKY/view	Aflatoxin B1 (Farmahem retest)
14	2024-10	HPA1024_01	P050052	High Pro Amnesia	QCSP 001_HPA_v.02	Grade II	HPA_THC22:CBD1	10.2	Mycotoxins — Total Aflatoxins (B1+B2+G1+G2)	ND	µg/kg	197-14-М/26	10.08.2026	FARM	https://drive.google.com/file/d/1sHQDJRDGVpGPPUZ2ZnpeT5qIOGYEXrKY/view	Aflatoxin B2 (Farmahem retest)
14	2024-10	HPA1024_01	P050052	High Pro Amnesia	QCSP 001_HPA_v.02	Grade II	HPA_THC22:CBD1	10.2	Mycotoxins — Total Aflatoxins (B1+B2+G1+G2)	ND	µg/kg	197-14-М/26	10.08.2026	FARM	https://drive.google.com/file/d/1sHQDJRDGVpGPPUZ2ZnpeT5qIOGYEXrKY/view	Aflatoxin G1 (Farmahem retest)
14	2024-10	HPA1024_01	P050052	High Pro Amnesia	QCSP 001_HPA_v.02	Grade II	HPA_THC22:CBD1	10.2	Mycotoxins — Total Aflatoxins (B1+B2+G1+G2)	ND	µg/kg	197-14-М/26	10.08.2026	FARM	https://drive.google.com/file/d/1sHQDJRDGVpGPPUZ2ZnpeT5qIOGYEXrKY/view	Aflatoxin G2 (Farmahem retest)
14	2024-10	HPA1024_01	P050052	High Pro Amnesia	QCSP 001_HPA_v.02	Grade II	HPA_THC22:CBD1	10.2	Mycotoxins — Total Aflatoxins (B1+B2+G1+G2)	ND (all four not detected)	µg/kg	197-14-М/26	10.08.2026	FARM	https://drive.google.com/file/d/1sHQDJRDGVpGPPUZ2ZnpeT5qIOGYEXrKY/view	Sum aflatoxins B1+B2+G1+G2 (Farmahem retest)
14	2024-10	HPA1024_01	P050052	High Pro Amnesia	QCSP 001_HPA_v.02	Grade II	HPA_THC22:CBD1	10.2	Mycotoxins — Total Aflatoxins (B1+B2+G1+G2)	<2	µg/kg	2995/2025	19.06.2025	IPH	https://drive.google.com/file/d/1xL5BG7FCbGqo12tIeprRjH-XjG3ZDTd6/view	Total aflatoxins
14	2024-10	HPA1024_01	P050052	High Pro Amnesia	QCSP 001_HPA_v.02	Grade II	HPA_THC22:CBD1	10.3	Mycotoxins — Ochratoxin A	2.06 µg/kg  — DETECTED, >LOQ	µg/kg	197-14-М/26	10.08.2026	FARM	https://drive.google.com/file/d/1sHQDJRDGVpGPPUZ2ZnpeT5qIOGYEXrKY/view	Ochratoxin A (Farmahem retest)
14	2024-10	HPA1024_01	P050052	High Pro Amnesia	QCSP 001_HPA_v.02	Grade II	HPA_THC22:CBD1	11.1	Heavy Metals — Lead (Pb)	0.059	mg/kg	2995/2025	19.06.2025	IPH	https://drive.google.com/file/d/1xL5BG7FCbGqo12tIeprRjH-XjG3ZDTd6/view	Lead
14	2024-10	HPA1024_01	P050052	High Pro Amnesia	QCSP 001_HPA_v.02	Grade II	HPA_THC22:CBD1	11.2	Heavy Metals — Cadmium (Cd)	0.014	mg/kg	2995/2025	19.06.2025	IPH	https://drive.google.com/file/d/1xL5BG7FCbGqo12tIeprRjH-XjG3ZDTd6/view	Cadmium
14	2024-10	HPA1024_01	P050052	High Pro Amnesia	QCSP 001_HPA_v.02	Grade II	HPA_THC22:CBD1	11.3	Heavy Metals — Arsenic (As)	0.037	mg/kg	2995/2025	19.06.2025	IPH	https://drive.google.com/file/d/1xL5BG7FCbGqo12tIeprRjH-XjG3ZDTd6/view	Arsenic
14	2024-10	HPA1024_01	P050052	High Pro Amnesia	QCSP 001_HPA_v.02	Grade II	HPA_THC22:CBD1	11.4	Heavy Metals — Mercury (Hg)	0.008	mg/kg	2995/2025	19.06.2025	IPH	https://drive.google.com/file/d/1xL5BG7FCbGqo12tIeprRjH-XjG3ZDTd6/view	Mercury
14	2024-10	HPA1024_01	P050052	High Pro Amnesia	QCSP 001_HPA_v.02	Grade II	HPA_THC22:CBD1	12	Pesticide Residues — multi-residue panel	ND / <LOQ — no analyte detected (13 analytes)	—	2995/2025	19.06.2025	IPH	https://drive.google.com/file/d/1xL5BG7FCbGqo12tIeprRjH-XjG3ZDTd6/view	multi-residue screen, per analyte
15	2024-10	OPM1024	—	Orange Punch Mimosa	QCSP 001_OPM_v.02	Grade II	OPM_THC22:CBD1	1	Macroscopic Identification (Test A)	Confirms	—	n/a — Purely Plant in-house CoA (Batch OPM1024, no certificate/report number printed)	23.04.2025	PP	https://drive.google.com/file/d/1ekMcYjkE4pdgxKw00geQ0_tIy37FF50m/view	Appearance — Visual
15	2024-10	OPM1024	—	Orange Punch Mimosa	QCSP 001_OPM_v.02	Grade II	OPM_THC22:CBD1	2	Microscopic Identification (Test B)	Missing / not tested	—	—	—	—		—
15	2024-10	OPM1024	—	Orange Punch Mimosa	QCSP 001_OPM_v.02	Grade II	OPM_THC22:CBD1	3	HPTLC / Chromatographic Identification (Test C)	Confirms	—	n/a — Purely Plant in-house CoA (Batch OPM1024, no certificate/report number printed)	23.04.2025	UKIM	https://drive.google.com/file/d/1ekMcYjkE4pdgxKw00geQ0_tIy37FF50m/view	Identification — DAB
15	2024-10	OPM1024	—	Orange Punch Mimosa	QCSP 001_OPM_v.02	Grade II	OPM_THC22:CBD1	4	Assay — Total Δ⁹-THC	20.03	%	197-17-К/26	07.08.2026	FARM	https://drive.google.com/file/d/1OKEkhB2Cf7iwgHHUqax2oq6XKQ6Y_2Ta/view	Total Δ9-THC (Вкупно Δ9-THC, as Δ9-THC) — HPLC/DAD
15	2024-10	OPM1024	—	Orange Punch Mimosa	QCSP 001_OPM_v.02	Grade II	OPM_THC22:CBD1	4	Assay — Total Δ⁹-THC	19.96	%	n/a — Purely Plant in-house CoA (Batch OPM1024, no certificate/report number printed)	23.04.2025	UKIM	https://drive.google.com/file/d/1ekMcYjkE4pdgxKw00geQ0_tIy37FF50m/view	Total Δ9-tetrahydrocannabinol — DAB
15	2024-10	OPM1024	—	Orange Punch Mimosa	QCSP 001_OPM_v.02	Grade II	OPM_THC22:CBD1	5	Assay — Total CBD	<LOQ %w/w	%	197-17-К/26	07.08.2026	FARM	https://drive.google.com/file/d/1OKEkhB2Cf7iwgHHUqax2oq6XKQ6Y_2Ta/view	Total CBD (Вкупен CBD, as CBD) — HPLC/DAD
15	2024-10	OPM1024	—	Orange Punch Mimosa	QCSP 001_OPM_v.02	Grade II	OPM_THC22:CBD1	5	Assay — Total CBD	0.05	%	n/a — Purely Plant in-house CoA (Batch OPM1024, no certificate/report number printed)	23.04.2025	UKIM	https://drive.google.com/file/d/1ekMcYjkE4pdgxKw00geQ0_tIy37FF50m/view	Total Cannabidiol — DAB
15	2024-10	OPM1024	—	Orange Punch Mimosa	QCSP 001_OPM_v.02	Grade II	OPM_THC22:CBD1	6	Total CBN	<LOQ %w/w	%	197-17-К/26	07.08.2026	FARM	https://drive.google.com/file/d/1OKEkhB2Cf7iwgHHUqax2oq6XKQ6Y_2Ta/view	Total CBN (Вкупен CBN) — HPLC/DAD
15	2024-10	OPM1024	—	Orange Punch Mimosa	QCSP 001_OPM_v.02	Grade II	OPM_THC22:CBD1	7	Foreign Matter	Confirms	%	n/a — Purely Plant in-house CoA (Batch OPM1024, no certificate/report number printed)	23.04.2025	PP	https://drive.google.com/file/d/1ekMcYjkE4pdgxKw00geQ0_tIy37FF50m/view	Foreign matter — Ph. Eur. 2.8.2
15	2024-10	OPM1024	—	Orange Punch Mimosa	QCSP 001_OPM_v.02	Grade II	OPM_THC22:CBD1	8	Loss on Drying	Missing / not tested	—	—	—	—		—
15	2024-10	OPM1024	—	Orange Punch Mimosa	QCSP 001_OPM_v.02	Grade II	OPM_THC22:CBD1	9.1	Microbiology — TAMC	1.3·10^4 CFU/g	CFU/g	n/a — Purely Plant in-house CoA (Batch OPM1024, no certificate/report number printed)	23.04.2025	UKIM	https://drive.google.com/file/d/1ekMcYjkE4pdgxKw00geQ0_tIy37FF50m/view	Total aerobic microbial count (TAMC) — Ph. Eur. 5.1.8, category C
15	2024-10	OPM1024	—	Orange Punch Mimosa	QCSP 001_OPM_v.02	Grade II	OPM_THC22:CBD1	9.2	Microbiology — TYMC	7·10^2 CFU/g	CFU/g	n/a — Purely Plant in-house CoA (Batch OPM1024, no certificate/report number printed)	23.04.2025	UKIM	https://drive.google.com/file/d/1ekMcYjkE4pdgxKw00geQ0_tIy37FF50m/view	Total combined yeasts/moulds count (TYMC) — Ph. Eur. 5.1.8, category C
15	2024-10	OPM1024	—	Orange Punch Mimosa	QCSP 001_OPM_v.02	Grade II	OPM_THC22:CBD1	9.3	Microbiology — Bile-tolerant gram-negative	<10²>10³ CFU/g [DATA INTEGRITY FLAG — see source]	CFU/g	n/a — Purely Plant in-house CoA (Batch OPM1024, no certificate/report number printed)	23.04.2025	UKIM	https://drive.google.com/file/d/1ekMcYjkE4pdgxKw00geQ0_tIy37FF50m/view	Bile-tolerant gram-negative bacteria — Ph. Eur. 2.6.12
15	2024-10	OPM1024	—	Orange Punch Mimosa	QCSP 001_OPM_v.02	Grade II	OPM_THC22:CBD1	9.4	Microbiology — Salmonella	Absent	/25 g	n/a — Purely Plant in-house CoA (Batch OPM1024, no certificate/report number printed)	23.04.2025	UKIM	https://drive.google.com/file/d/1ekMcYjkE4pdgxKw00geQ0_tIy37FF50m/view	Salmonella/25g
15	2024-10	OPM1024	—	Orange Punch Mimosa	QCSP 001_OPM_v.02	Grade II	OPM_THC22:CBD1	9.5	Microbiology — Escherichia coli	Absent	/1 g	n/a — Purely Plant in-house CoA (Batch OPM1024, no certificate/report number printed)	23.04.2025	UKIM	https://drive.google.com/file/d/1ekMcYjkE4pdgxKw00geQ0_tIy37FF50m/view	Escherichia coli/g
15	2024-10	OPM1024	—	Orange Punch Mimosa	QCSP 001_OPM_v.02	Grade II	OPM_THC22:CBD1	10.1	Mycotoxins — Aflatoxin B1	ND µg/kg	µg/kg	197-17-М/26	10.08.2026	FARM	https://drive.google.com/file/d/11QRbzK5sPsI_qF_y0qMUt0Y3dO7vAl6x/view	Aflatoxin B1
15	2024-10	OPM1024	—	Orange Punch Mimosa	QCSP 001_OPM_v.02	Grade II	OPM_THC22:CBD1	10.2	Mycotoxins — Total Aflatoxins (B1+B2+G1+G2)	ND µg/kg	µg/kg	197-17-М/26	10.08.2026	FARM	https://drive.google.com/file/d/11QRbzK5sPsI_qF_y0qMUt0Y3dO7vAl6x/view	Aflatoxin B2
15	2024-10	OPM1024	—	Orange Punch Mimosa	QCSP 001_OPM_v.02	Grade II	OPM_THC22:CBD1	10.2	Mycotoxins — Total Aflatoxins (B1+B2+G1+G2)	ND µg/kg	µg/kg	197-17-М/26	10.08.2026	FARM	https://drive.google.com/file/d/11QRbzK5sPsI_qF_y0qMUt0Y3dO7vAl6x/view	Aflatoxin G1
15	2024-10	OPM1024	—	Orange Punch Mimosa	QCSP 001_OPM_v.02	Grade II	OPM_THC22:CBD1	10.2	Mycotoxins — Total Aflatoxins (B1+B2+G1+G2)	ND µg/kg	µg/kg	197-17-М/26	10.08.2026	FARM	https://drive.google.com/file/d/11QRbzK5sPsI_qF_y0qMUt0Y3dO7vAl6x/view	Aflatoxin G2
15	2024-10	OPM1024	—	Orange Punch Mimosa	QCSP 001_OPM_v.02	Grade II	OPM_THC22:CBD1	10.2	Mycotoxins — Total Aflatoxins (B1+B2+G1+G2)	ND (all four aflatoxins not detected)	µg/kg	197-17-М/26	10.08.2026	FARM	https://drive.google.com/file/d/11QRbzK5sPsI_qF_y0qMUt0Y3dO7vAl6x/view	Sum aflatoxins B1+B2+G1+G2
15	2024-10	OPM1024	—	Orange Punch Mimosa	QCSP 001_OPM_v.02	Grade II	OPM_THC22:CBD1	10.2	Mycotoxins — Total Aflatoxins (B1+B2+G1+G2)	<2	µg/kg	n/a — Purely Plant in-house CoA (Batch OPM1024, no certificate/report number printed)	23.04.2025	UKIM	https://drive.google.com/file/d/1ekMcYjkE4pdgxKw00geQ0_tIy37FF50m/view	Total aflatoxines — Ph. Eur. 2.8.18 / Alfa test Fluorometric method
15	2024-10	OPM1024	—	Orange Punch Mimosa	QCSP 001_OPM_v.02	Grade II	OPM_THC22:CBD1	10.3	Mycotoxins — Ochratoxin A	ND µg/kg	µg/kg	197-17-М/26	10.08.2026	FARM	https://drive.google.com/file/d/11QRbzK5sPsI_qF_y0qMUt0Y3dO7vAl6x/view	Ochratoxin A
15	2024-10	OPM1024	—	Orange Punch Mimosa	QCSP 001_OPM_v.02	Grade II	OPM_THC22:CBD1	11.1	Heavy Metals — Lead (Pb)	0.031	mg/kg	n/a — Purely Plant in-house CoA (Batch OPM1024, no certificate/report number printed)	23.04.2025	UKIM	https://drive.google.com/file/d/1ekMcYjkE4pdgxKw00geQ0_tIy37FF50m/view	Lead — Ph. Eur. 2.4.27 / MKC EN 17853:2023
15	2024-10	OPM1024	—	Orange Punch Mimosa	QCSP 001_OPM_v.02	Grade II	OPM_THC22:CBD1	11.2	Heavy Metals — Cadmium (Cd)	0.017	mg/kg	n/a — Purely Plant in-house CoA (Batch OPM1024, no certificate/report number printed)	23.04.2025	UKIM	https://drive.google.com/file/d/1ekMcYjkE4pdgxKw00geQ0_tIy37FF50m/view	Cadmium — Ph. Eur. 2.4.27 / MKC EN 17853:2023
15	2024-10	OPM1024	—	Orange Punch Mimosa	QCSP 001_OPM_v.02	Grade II	OPM_THC22:CBD1	11.3	Heavy Metals — Arsenic (As)	0.045	mg/kg	n/a — Purely Plant in-house CoA (Batch OPM1024, no certificate/report number printed)	23.04.2025	UKIM	https://drive.google.com/file/d/1ekMcYjkE4pdgxKw00geQ0_tIy37FF50m/view	Arsenic — Ph. Eur. 2.4.27 / MKC EN 17853:2023
15	2024-10	OPM1024	—	Orange Punch Mimosa	QCSP 001_OPM_v.02	Grade II	OPM_THC22:CBD1	11.4	Heavy Metals — Mercury (Hg)	0.005	mg/kg	n/a — Purely Plant in-house CoA (Batch OPM1024, no certificate/report number printed)	23.04.2025	UKIM	https://drive.google.com/file/d/1ekMcYjkE4pdgxKw00geQ0_tIy37FF50m/view	Mercury — Ph. Eur. 2.4.27 / MKC EN 17853:2023
15	2024-10	OPM1024	—	Orange Punch Mimosa	QCSP 001_OPM_v.02	Grade II	OPM_THC22:CBD1	12	Pesticide Residues — multi-residue panel	ND / <LOQ — no analyte detected (13 analytes)	—	n/a — Purely Plant in-house CoA (Batch OPM1024, no certificate/report number printed)	23.04.2025	UKIM	https://drive.google.com/file/d/1ekMcYjkE4pdgxKw00geQ0_tIy37FF50m/view	multi-residue screen, per analyte
16	2024-10	OPM1024_01	P050042	Orange Punch Mimosa	QCSP 001_OPM_v.02	Grade III	OPM_THC16:CBD1	1	Macroscopic Identification (Test A)	Missing / not tested	—	—	—	—		—
16	2024-10	OPM1024_01	P050042	Orange Punch Mimosa	QCSP 001_OPM_v.02	Grade III	OPM_THC16:CBD1	2	Microscopic Identification (Test B)	Missing / not tested	—	—	—	—		—
16	2024-10	OPM1024_01	P050042	Orange Punch Mimosa	QCSP 001_OPM_v.02	Grade III	OPM_THC16:CBD1	3	HPTLC / Chromatographic Identification (Test C)	Missing / not tested	—	—	—	—		—
16	2024-10	OPM1024_01	P050042	Orange Punch Mimosa	QCSP 001_OPM_v.02	Grade III	OPM_THC16:CBD1	4	Assay — Total Δ⁹-THC	15.38	%	ППК25117	06.05.2025	UKIM	https://drive.google.com/file/d/1oUzDfQkTn1r3yt3aoOj0OPtFLU7efLJp/view	Total Delta-9-THC (THC + THCA x 0.877)
16	2024-10	OPM1024_01	P050042	Orange Punch Mimosa	QCSP 001_OPM_v.02	Grade III	OPM_THC16:CBD1	5	Assay — Total CBD	0.04	%	ППК25117	06.05.2025	UKIM	https://drive.google.com/file/d/1oUzDfQkTn1r3yt3aoOj0OPtFLU7efLJp/view	Total CBD (CBD + CBDA x 0.877)
16	2024-10	OPM1024_01	P050042	Orange Punch Mimosa	QCSP 001_OPM_v.02	Grade III	OPM_THC16:CBD1	6	Total CBN	Missing / not tested	—	—	—	—		—
16	2024-10	OPM1024_01	P050042	Orange Punch Mimosa	QCSP 001_OPM_v.02	Grade III	OPM_THC16:CBD1	7	Foreign Matter	Missing / not tested	—	—	—	—		—
16	2024-10	OPM1024_01	P050042	Orange Punch Mimosa	QCSP 001_OPM_v.02	Grade III	OPM_THC16:CBD1	8	Loss on Drying	5.86	%	ППК25117	06.05.2025	UKIM	https://drive.google.com/file/d/1oUzDfQkTn1r3yt3aoOj0OPtFLU7efLJp/view	Loss on Drying
16	2024-10	OPM1024_01	P050042	Orange Punch Mimosa	QCSP 001_OPM_v.02	Grade III	OPM_THC16:CBD1	9.1	Microbiology — TAMC	<10	CFU/g	407/0745/25	07.05.2025	IPH	https://drive.google.com/file/d/1oUzDfQkTn1r3yt3aoOj0OPtFLU7efLJp/view	Total aerobic microbial count (TAMC)
16	2024-10	OPM1024_01	P050042	Orange Punch Mimosa	QCSP 001_OPM_v.02	Grade III	OPM_THC16:CBD1	9.2	Microbiology — TYMC	<10	CFU/g	407/0745/25	07.05.2025	IPH	https://drive.google.com/file/d/1oUzDfQkTn1r3yt3aoOj0OPtFLU7efLJp/view	Total combined yeasts/moulds count (TYMC)
16	2024-10	OPM1024_01	P050042	Orange Punch Mimosa	QCSP 001_OPM_v.02	Grade III	OPM_THC16:CBD1	9.3	Microbiology — Bile-tolerant gram-negative	<10² and >10 CFU/g	CFU/g	407/0745/25	07.05.2025	IPH	https://drive.google.com/file/d/1oUzDfQkTn1r3yt3aoOj0OPtFLU7efLJp/view	Bile-tolerant gram-negative bacteria
16	2024-10	OPM1024_01	P050042	Orange Punch Mimosa	QCSP 001_OPM_v.02	Grade III	OPM_THC16:CBD1	9.4	Microbiology — Salmonella	Absent	/25 g	407/0745/25	07.05.2025	IPH	https://drive.google.com/file/d/1oUzDfQkTn1r3yt3aoOj0OPtFLU7efLJp/view	Salmonella
16	2024-10	OPM1024_01	P050042	Orange Punch Mimosa	QCSP 001_OPM_v.02	Grade III	OPM_THC16:CBD1	9.5	Microbiology — Escherichia coli	Absent	/1 g	407/0745/25	07.05.2025	IPH	https://drive.google.com/file/d/1oUzDfQkTn1r3yt3aoOj0OPtFLU7efLJp/view	Escherichia coli
16	2024-10	OPM1024_01	P050042	Orange Punch Mimosa	QCSP 001_OPM_v.02	Grade III	OPM_THC16:CBD1	10.1	Mycotoxins — Aflatoxin B1	Missing / not tested	—	—	—	—		—
16	2024-10	OPM1024_01	P050042	Orange Punch Mimosa	QCSP 001_OPM_v.02	Grade III	OPM_THC16:CBD1	10.2	Mycotoxins — Total Aflatoxins (B1+B2+G1+G2)	<2	µg/kg	2156/2025	07.05.2025	IPH	https://drive.google.com/file/d/1oUzDfQkTn1r3yt3aoOj0OPtFLU7efLJp/view	Total aflatoxins
16	2024-10	OPM1024_01	P050042	Orange Punch Mimosa	QCSP 001_OPM_v.02	Grade III	OPM_THC16:CBD1	10.3	Mycotoxins — Ochratoxin A	Missing / not tested	—	—	—	—		—
16	2024-10	OPM1024_01	P050042	Orange Punch Mimosa	QCSP 001_OPM_v.02	Grade III	OPM_THC16:CBD1	11.1	Heavy Metals — Lead (Pb)	0.031	mg/kg	2156/2025	07.05.2025	IPH	https://drive.google.com/file/d/1oUzDfQkTn1r3yt3aoOj0OPtFLU7efLJp/view	Lead
16	2024-10	OPM1024_01	P050042	Orange Punch Mimosa	QCSP 001_OPM_v.02	Grade III	OPM_THC16:CBD1	11.2	Heavy Metals — Cadmium (Cd)	0.004	mg/kg	2156/2025	07.05.2025	IPH	https://drive.google.com/file/d/1oUzDfQkTn1r3yt3aoOj0OPtFLU7efLJp/view	Cadmium
16	2024-10	OPM1024_01	P050042	Orange Punch Mimosa	QCSP 001_OPM_v.02	Grade III	OPM_THC16:CBD1	11.3	Heavy Metals — Arsenic (As)	0.01	mg/kg	2156/2025	07.05.2025	IPH	https://drive.google.com/file/d/1oUzDfQkTn1r3yt3aoOj0OPtFLU7efLJp/view	Arsenic
16	2024-10	OPM1024_01	P050042	Orange Punch Mimosa	QCSP 001_OPM_v.02	Grade III	OPM_THC16:CBD1	11.4	Heavy Metals — Mercury (Hg)	0.001	mg/kg	2156/2025	07.05.2025	IPH	https://drive.google.com/file/d/1oUzDfQkTn1r3yt3aoOj0OPtFLU7efLJp/view	Mercury
16	2024-10	OPM1024_01	P050042	Orange Punch Mimosa	QCSP 001_OPM_v.02	Grade III	OPM_THC16:CBD1	12	Pesticide Residues — multi-residue panel	ND / <LOQ — no analyte detected (13 analytes)	—	2156/2025	07.05.2025	IPH	https://drive.google.com/file/d/1oUzDfQkTn1r3yt3aoOj0OPtFLU7efLJp/view	multi-residue screen, per analyte
17	2024-10	OPM1024_02	P050062	Orange Punch Mimosa	QCSP 001_OPM_v.02	Grade III	OPM_THC16:CBD1	1	Macroscopic Identification (Test A)	Missing / not tested	—	—	—	—		—
17	2024-10	OPM1024_02	P050062	Orange Punch Mimosa	QCSP 001_OPM_v.02	Grade III	OPM_THC16:CBD1	2	Microscopic Identification (Test B)	Missing / not tested	—	—	—	—		—
17	2024-10	OPM1024_02	P050062	Orange Punch Mimosa	QCSP 001_OPM_v.02	Grade III	OPM_THC16:CBD1	3	HPTLC / Chromatographic Identification (Test C)	Missing / not tested	—	—	—	—		—
17	2024-10	OPM1024_02	P050062	Orange Punch Mimosa	QCSP 001_OPM_v.02	Grade III	OPM_THC16:CBD1	4	Assay — Total Δ⁹-THC	18.04	%	197-18-К/26	07.08.2026	FARM	https://drive.google.com/file/d/1APxx4uu2FDqJKGn0UT507_bcWrbpRO4d/view	Total Delta-9-THC (Farmahem retest)
17	2024-10	OPM1024_02	P050062	Orange Punch Mimosa	QCSP 001_OPM_v.02	Grade III	OPM_THC16:CBD1	4	Assay — Total Δ⁹-THC	18.27	%	ППК21554	24.06.2025	UKIM	https://drive.google.com/file/d/1U1nSPl5fDy-tmVm25pxkFnzM9Bj1XfDT/view	Total Delta-9-THC (THC + THCA x 0.877)
17	2024-10	OPM1024_02	P050062	Orange Punch Mimosa	QCSP 001_OPM_v.02	Grade III	OPM_THC16:CBD1	5	Assay — Total CBD	<LOQ %w/w	%	197-18-К/26	07.08.2026	FARM	https://drive.google.com/file/d/1APxx4uu2FDqJKGn0UT507_bcWrbpRO4d/view	Total CBD (Farmahem retest)
17	2024-10	OPM1024_02	P050062	Orange Punch Mimosa	QCSP 001_OPM_v.02	Grade III	OPM_THC16:CBD1	5	Assay — Total CBD	0.05	%	ППК21554	24.06.2025	UKIM	https://drive.google.com/file/d/1U1nSPl5fDy-tmVm25pxkFnzM9Bj1XfDT/view	Total CBD (CBD + CBDA x 0.877)
17	2024-10	OPM1024_02	P050062	Orange Punch Mimosa	QCSP 001_OPM_v.02	Grade III	OPM_THC16:CBD1	6	Total CBN	<LOQ %w/w	%	197-18-К/26	07.08.2026	FARM	https://drive.google.com/file/d/1APxx4uu2FDqJKGn0UT507_bcWrbpRO4d/view	Total CBN (Farmahem retest)
17	2024-10	OPM1024_02	P050062	Orange Punch Mimosa	QCSP 001_OPM_v.02	Grade III	OPM_THC16:CBD1	7	Foreign Matter	Missing / not tested	—	—	—	—		—
17	2024-10	OPM1024_02	P050062	Orange Punch Mimosa	QCSP 001_OPM_v.02	Grade III	OPM_THC16:CBD1	8	Loss on Drying	6.89	%	ППК21554	24.06.2025	UKIM	https://drive.google.com/file/d/1U1nSPl5fDy-tmVm25pxkFnzM9Bj1XfDT/view	Loss on Drying
17	2024-10	OPM1024_02	P050062	Orange Punch Mimosa	QCSP 001_OPM_v.02	Grade III	OPM_THC16:CBD1	9.1	Microbiology — TAMC	3.4×10³ CFU/g	CFU/g	588/1067/25	13.06.2025	IPH	https://drive.google.com/file/d/1U1nSPl5fDy-tmVm25pxkFnzM9Bj1XfDT/view	Total aerobic microbial count (TAMC)
17	2024-10	OPM1024_02	P050062	Orange Punch Mimosa	QCSP 001_OPM_v.02	Grade III	OPM_THC16:CBD1	9.2	Microbiology — TYMC	3.6×10³ CFU/g	CFU/g	588/1067/25	13.06.2025	IPH	https://drive.google.com/file/d/1U1nSPl5fDy-tmVm25pxkFnzM9Bj1XfDT/view	Total combined yeasts/moulds count (TYMC)
17	2024-10	OPM1024_02	P050062	Orange Punch Mimosa	QCSP 001_OPM_v.02	Grade III	OPM_THC16:CBD1	9.3	Microbiology — Bile-tolerant gram-negative	<10	CFU/g	588/1067/25	13.06.2025	IPH	https://drive.google.com/file/d/1U1nSPl5fDy-tmVm25pxkFnzM9Bj1XfDT/view	Bile-tolerant gram-negative bacteria
17	2024-10	OPM1024_02	P050062	Orange Punch Mimosa	QCSP 001_OPM_v.02	Grade III	OPM_THC16:CBD1	9.4	Microbiology — Salmonella	Одговара (absent)	/25 g	588/1067/25	13.06.2025	IPH	https://drive.google.com/file/d/1U1nSPl5fDy-tmVm25pxkFnzM9Bj1XfDT/view	Salmonella
17	2024-10	OPM1024_02	P050062	Orange Punch Mimosa	QCSP 001_OPM_v.02	Grade III	OPM_THC16:CBD1	9.5	Microbiology — Escherichia coli	Одговара (absent)	/1 g	588/1067/25	13.06.2025	IPH	https://drive.google.com/file/d/1U1nSPl5fDy-tmVm25pxkFnzM9Bj1XfDT/view	Escherichia coli
17	2024-10	OPM1024_02	P050062	Orange Punch Mimosa	QCSP 001_OPM_v.02	Grade III	OPM_THC16:CBD1	10.1	Mycotoxins — Aflatoxin B1	ND	µg/kg	197-18-М/26	10.08.2026	FARM	https://drive.google.com/file/d/1F1ygc27ntshq3bbZcY3-8JHHjW1XWGQO/view	Aflatoxin B1 (Farmahem retest)
17	2024-10	OPM1024_02	P050062	Orange Punch Mimosa	QCSP 001_OPM_v.02	Grade III	OPM_THC16:CBD1	10.2	Mycotoxins — Total Aflatoxins (B1+B2+G1+G2)	ND	µg/kg	197-18-М/26	10.08.2026	FARM	https://drive.google.com/file/d/1F1ygc27ntshq3bbZcY3-8JHHjW1XWGQO/view	Aflatoxin B2 (Farmahem retest)
17	2024-10	OPM1024_02	P050062	Orange Punch Mimosa	QCSP 001_OPM_v.02	Grade III	OPM_THC16:CBD1	10.2	Mycotoxins — Total Aflatoxins (B1+B2+G1+G2)	ND	µg/kg	197-18-М/26	10.08.2026	FARM	https://drive.google.com/file/d/1F1ygc27ntshq3bbZcY3-8JHHjW1XWGQO/view	Aflatoxin G1 (Farmahem retest)
17	2024-10	OPM1024_02	P050062	Orange Punch Mimosa	QCSP 001_OPM_v.02	Grade III	OPM_THC16:CBD1	10.2	Mycotoxins — Total Aflatoxins (B1+B2+G1+G2)	ND	µg/kg	197-18-М/26	10.08.2026	FARM	https://drive.google.com/file/d/1F1ygc27ntshq3bbZcY3-8JHHjW1XWGQO/view	Aflatoxin G2 (Farmahem retest)
17	2024-10	OPM1024_02	P050062	Orange Punch Mimosa	QCSP 001_OPM_v.02	Grade III	OPM_THC16:CBD1	10.2	Mycotoxins — Total Aflatoxins (B1+B2+G1+G2)	ND (all four not detected)	µg/kg	197-18-М/26	10.08.2026	FARM	https://drive.google.com/file/d/1F1ygc27ntshq3bbZcY3-8JHHjW1XWGQO/view	Sum aflatoxins B1+B2+G1+G2 (Farmahem retest)
17	2024-10	OPM1024_02	P050062	Orange Punch Mimosa	QCSP 001_OPM_v.02	Grade III	OPM_THC16:CBD1	10.2	Mycotoxins — Total Aflatoxins (B1+B2+G1+G2)	<2	µg/kg	2994/2025	19.06.2025	IPH	https://drive.google.com/file/d/1U1nSPl5fDy-tmVm25pxkFnzM9Bj1XfDT/view	Total aflatoxins
17	2024-10	OPM1024_02	P050062	Orange Punch Mimosa	QCSP 001_OPM_v.02	Grade III	OPM_THC16:CBD1	10.3	Mycotoxins — Ochratoxin A	ND	µg/kg	197-18-М/26	10.08.2026	FARM	https://drive.google.com/file/d/1F1ygc27ntshq3bbZcY3-8JHHjW1XWGQO/view	Ochratoxin A (Farmahem retest)
17	2024-10	OPM1024_02	P050062	Orange Punch Mimosa	QCSP 001_OPM_v.02	Grade III	OPM_THC16:CBD1	11.1	Heavy Metals — Lead (Pb)	0.052	mg/kg	2994/2025	19.06.2025	IPH	https://drive.google.com/file/d/1U1nSPl5fDy-tmVm25pxkFnzM9Bj1XfDT/view	Lead
17	2024-10	OPM1024_02	P050062	Orange Punch Mimosa	QCSP 001_OPM_v.02	Grade III	OPM_THC16:CBD1	11.2	Heavy Metals — Cadmium (Cd)	0.011	mg/kg	2994/2025	19.06.2025	IPH	https://drive.google.com/file/d/1U1nSPl5fDy-tmVm25pxkFnzM9Bj1XfDT/view	Cadmium
17	2024-10	OPM1024_02	P050062	Orange Punch Mimosa	QCSP 001_OPM_v.02	Grade III	OPM_THC16:CBD1	11.3	Heavy Metals — Arsenic (As)	0.028	mg/kg	2994/2025	19.06.2025	IPH	https://drive.google.com/file/d/1U1nSPl5fDy-tmVm25pxkFnzM9Bj1XfDT/view	Arsenic
17	2024-10	OPM1024_02	P050062	Orange Punch Mimosa	QCSP 001_OPM_v.02	Grade III	OPM_THC16:CBD1	11.4	Heavy Metals — Mercury (Hg)	0.061	mg/kg	2994/2025	19.06.2025	IPH	https://drive.google.com/file/d/1U1nSPl5fDy-tmVm25pxkFnzM9Bj1XfDT/view	Mercury
17	2024-10	OPM1024_02	P050062	Orange Punch Mimosa	QCSP 001_OPM_v.02	Grade III	OPM_THC16:CBD1	12	Pesticide Residues — multi-residue panel	ND / <LOQ — no analyte detected (13 analytes)	—	2994/2025	19.06.2025	IPH	https://drive.google.com/file/d/1U1nSPl5fDy-tmVm25pxkFnzM9Bj1XfDT/view	multi-residue screen, per analyte
18	2024-10	OPM1024_03	P050082	Orange Punch Mimosa	QCSP 001_OPM_v.02	Grade III	OPM_THC16:CBD1	1	Macroscopic Identification (Test A)	Missing / not tested	—	—	—	—		—
18	2024-10	OPM1024_03	P050082	Orange Punch Mimosa	QCSP 001_OPM_v.02	Grade III	OPM_THC16:CBD1	2	Microscopic Identification (Test B)	Missing / not tested	—	—	—	—		—
18	2024-10	OPM1024_03	P050082	Orange Punch Mimosa	QCSP 001_OPM_v.02	Grade III	OPM_THC16:CBD1	3	HPTLC / Chromatographic Identification (Test C)	Missing / not tested	—	—	—	—		—
18	2024-10	OPM1024_03	P050082	Orange Punch Mimosa	QCSP 001_OPM_v.02	Grade III	OPM_THC16:CBD1	4	Assay — Total Δ⁹-THC	16.55	%	ППК25210	28.07.2025	UKIM	https://drive.google.com/file/d/1b5TdGvgVCsLFfbDIMnFmegV-kCgDv_e6/view	Total Delta-9-THC (THC + THCA x 0.877)
18	2024-10	OPM1024_03	P050082	Orange Punch Mimosa	QCSP 001_OPM_v.02	Grade III	OPM_THC16:CBD1	5	Assay — Total CBD	0.04	%	ППК25210	28.07.2025	UKIM	https://drive.google.com/file/d/1b5TdGvgVCsLFfbDIMnFmegV-kCgDv_e6/view	Total CBD (CBD + CBDA x 0.877)
18	2024-10	OPM1024_03	P050082	Orange Punch Mimosa	QCSP 001_OPM_v.02	Grade III	OPM_THC16:CBD1	6	Total CBN	Missing / not tested	—	—	—	—		—
18	2024-10	OPM1024_03	P050082	Orange Punch Mimosa	QCSP 001_OPM_v.02	Grade III	OPM_THC16:CBD1	7	Foreign Matter	Missing / not tested	—	—	—	—		—
18	2024-10	OPM1024_03	P050082	Orange Punch Mimosa	QCSP 001_OPM_v.02	Grade III	OPM_THC16:CBD1	8	Loss on Drying	6.38	%	ППК25210	28.07.2025	UKIM	https://drive.google.com/file/d/1b5TdGvgVCsLFfbDIMnFmegV-kCgDv_e6/view	Loss on Drying
18	2024-10	OPM1024_03	P050082	Orange Punch Mimosa	QCSP 001_OPM_v.02	Grade III	OPM_THC16:CBD1	9.1	Microbiology — TAMC	2×10² CFU/g	CFU/g	766/1375/25	29.07.2025	IPH	https://drive.google.com/file/d/1b5TdGvgVCsLFfbDIMnFmegV-kCgDv_e6/view	Total aerobic microbial count (TAMC)
18	2024-10	OPM1024_03	P050082	Orange Punch Mimosa	QCSP 001_OPM_v.02	Grade III	OPM_THC16:CBD1	9.2	Microbiology — TYMC	3×10² CFU/g	CFU/g	766/1375/25	29.07.2025	IPH	https://drive.google.com/file/d/1b5TdGvgVCsLFfbDIMnFmegV-kCgDv_e6/view	Total combined yeasts/moulds count (TYMC)
18	2024-10	OPM1024_03	P050082	Orange Punch Mimosa	QCSP 001_OPM_v.02	Grade III	OPM_THC16:CBD1	9.3	Microbiology — Bile-tolerant gram-negative	<10	CFU/g	766/1375/25	29.07.2025	IPH	https://drive.google.com/file/d/1b5TdGvgVCsLFfbDIMnFmegV-kCgDv_e6/view	Bile-tolerant gram-negative bacteria
18	2024-10	OPM1024_03	P050082	Orange Punch Mimosa	QCSP 001_OPM_v.02	Grade III	OPM_THC16:CBD1	9.4	Microbiology — Salmonella	Одговара (absent)	/25 g	766/1375/25	29.07.2025	IPH	https://drive.google.com/file/d/1b5TdGvgVCsLFfbDIMnFmegV-kCgDv_e6/view	Salmonella
18	2024-10	OPM1024_03	P050082	Orange Punch Mimosa	QCSP 001_OPM_v.02	Grade III	OPM_THC16:CBD1	9.5	Microbiology — Escherichia coli	Одговара (absent)	/1 g	766/1375/25	29.07.2025	IPH	https://drive.google.com/file/d/1b5TdGvgVCsLFfbDIMnFmegV-kCgDv_e6/view	Escherichia coli
18	2024-10	OPM1024_03	P050082	Orange Punch Mimosa	QCSP 001_OPM_v.02	Grade III	OPM_THC16:CBD1	10.1	Mycotoxins — Aflatoxin B1	Missing / not tested	—	—	—	—		—
18	2024-10	OPM1024_03	P050082	Orange Punch Mimosa	QCSP 001_OPM_v.02	Grade III	OPM_THC16:CBD1	10.2	Mycotoxins — Total Aflatoxins (B1+B2+G1+G2)	2.1	µg/kg	3636/2025	28.07.2025	IPH	https://drive.google.com/file/d/1b5TdGvgVCsLFfbDIMnFmegV-kCgDv_e6/view	Total aflatoxins
18	2024-10	OPM1024_03	P050082	Orange Punch Mimosa	QCSP 001_OPM_v.02	Grade III	OPM_THC16:CBD1	10.3	Mycotoxins — Ochratoxin A	Missing / not tested	—	—	—	—		—
18	2024-10	OPM1024_03	P050082	Orange Punch Mimosa	QCSP 001_OPM_v.02	Grade III	OPM_THC16:CBD1	11.1	Heavy Metals — Lead (Pb)	N.D.	mg/kg	3636/2025	28.07.2025	IPH	https://drive.google.com/file/d/1b5TdGvgVCsLFfbDIMnFmegV-kCgDv_e6/view	Lead
18	2024-10	OPM1024_03	P050082	Orange Punch Mimosa	QCSP 001_OPM_v.02	Grade III	OPM_THC16:CBD1	11.2	Heavy Metals — Cadmium (Cd)	N.D.	mg/kg	3636/2025	28.07.2025	IPH	https://drive.google.com/file/d/1b5TdGvgVCsLFfbDIMnFmegV-kCgDv_e6/view	Cadmium
18	2024-10	OPM1024_03	P050082	Orange Punch Mimosa	QCSP 001_OPM_v.02	Grade III	OPM_THC16:CBD1	11.3	Heavy Metals — Arsenic (As)	0.135	mg/kg	3636/2025	28.07.2025	IPH	https://drive.google.com/file/d/1b5TdGvgVCsLFfbDIMnFmegV-kCgDv_e6/view	Arsenic
18	2024-10	OPM1024_03	P050082	Orange Punch Mimosa	QCSP 001_OPM_v.02	Grade III	OPM_THC16:CBD1	11.4	Heavy Metals — Mercury (Hg)	0.03	mg/kg	3636/2025	28.07.2025	IPH	https://drive.google.com/file/d/1b5TdGvgVCsLFfbDIMnFmegV-kCgDv_e6/view	Mercury
18	2024-10	OPM1024_03	P050082	Orange Punch Mimosa	QCSP 001_OPM_v.02	Grade III	OPM_THC16:CBD1	12	Pesticide Residues — multi-residue panel	ND / <LOQ — no analyte detected (13 analytes)	—	3636/2025	28.07.2025	IPH	https://drive.google.com/file/d/1b5TdGvgVCsLFfbDIMnFmegV-kCgDv_e6/view	multi-residue screen, per analyte
19	2025-05	BSS052501	P050192	Blue Sunset Sherbet	QCSP 001_BSS_v.02	Grade II	BSS_THC22:CBD1	1	Macroscopic Identification (Test A)	Confirms	—	PP CoA #017	04.12.2025	PP	https://drive.google.com/file/d/1G8lB-ZnWuZwX-rA9IxREAKP6-pKiFxC0/view	Appearance
19	2025-05	BSS052501	P050192	Blue Sunset Sherbet	QCSP 001_BSS_v.02	Grade II	BSS_THC22:CBD1	2	Microscopic Identification (Test B)	Missing / not tested	—	—	—	—		—
19	2025-05	BSS052501	P050192	Blue Sunset Sherbet	QCSP 001_BSS_v.02	Grade II	BSS_THC22:CBD1	3	HPTLC / Chromatographic Identification (Test C)	Confirms	—	In-house GC cross-check NGP/QCG/SOP-024	28.11.2025	PP	https://drive.google.com/file/d/1G8lB-ZnWuZwX-rA9IxREAKP6-pKiFxC0/view	Identification (retention time matches standard solution)
19	2025-05	BSS052501	P050192	Blue Sunset Sherbet	QCSP 001_BSS_v.02	Grade II	BSS_THC22:CBD1	4	Assay — Total Δ⁹-THC	20.39	%	In-house GC cross-check NGP/QCG/SOP-024	28.11.2025	PP	https://drive.google.com/file/d/1G8lB-ZnWuZwX-rA9IxREAKP6-pKiFxC0/view	Assay — Total Δ9-tetrahydrocannabinol
19	2025-05	BSS052501	P050192	Blue Sunset Sherbet	QCSP 001_BSS_v.02	Grade II	BSS_THC22:CBD1	5	Assay — Total CBD	0.11	%	In-house GC cross-check NGP/QCG/SOP-024	28.11.2025	PP	https://drive.google.com/file/d/1G8lB-ZnWuZwX-rA9IxREAKP6-pKiFxC0/view	Assay — Total Cannabidiol
19	2025-05	BSS052501	P050192	Blue Sunset Sherbet	QCSP 001_BSS_v.02	Grade II	BSS_THC22:CBD1	6	Total CBN	Missing / not tested	—	—	—	—		—
19	2025-05	BSS052501	P050192	Blue Sunset Sherbet	QCSP 001_BSS_v.02	Grade II	BSS_THC22:CBD1	7	Foreign Matter	Confirms	%	PP CoA #017	04.12.2025	PP	https://drive.google.com/file/d/1G8lB-ZnWuZwX-rA9IxREAKP6-pKiFxC0/view	Foreign matter
19	2025-05	BSS052501	P050192	Blue Sunset Sherbet	QCSP 001_BSS_v.02	Grade II	BSS_THC22:CBD1	8	Loss on Drying	8.60	%	In-house GC cross-check NGP/QCG/SOP-024	28.11.2025	PP	https://drive.google.com/file/d/1G8lB-ZnWuZwX-rA9IxREAKP6-pKiFxC0/view	Loss on drying
19	2025-05	BSS052501	P050192	Blue Sunset Sherbet	QCSP 001_BSS_v.02	Grade II	BSS_THC22:CBD1	9.1	Microbiology — TAMC	200	CFU/g	1157/2058/25	24.11.2025	IPH	https://drive.google.com/file/d/1G8lB-ZnWuZwX-rA9IxREAKP6-pKiFxC0/view	Microbiology (Ph.Eur. 5.1.8 cat C) — Total aerobic microbial count (TAMC)
19	2025-05	BSS052501	P050192	Blue Sunset Sherbet	QCSP 001_BSS_v.02	Grade II	BSS_THC22:CBD1	9.2	Microbiology — TYMC	200	CFU/g	1157/2058/25	24.11.2025	IPH	https://drive.google.com/file/d/1G8lB-ZnWuZwX-rA9IxREAKP6-pKiFxC0/view	Microbiology (Ph.Eur. 5.1.8 cat C) — Total combined yeasts/moulds count (TYMC)
19	2025-05	BSS052501	P050192	Blue Sunset Sherbet	QCSP 001_BSS_v.02	Grade II	BSS_THC22:CBD1	9.3	Microbiology — Bile-tolerant gram-negative	< 10^2 and > 10	CFU/g	1157/2058/25	24.11.2025	IPH	https://drive.google.com/file/d/1G8lB-ZnWuZwX-rA9IxREAKP6-pKiFxC0/view	Microbiology (Ph.Eur. 2.6.12) — Bile-tolerant gram-negative bacteria
19	2025-05	BSS052501	P050192	Blue Sunset Sherbet	QCSP 001_BSS_v.02	Grade II	BSS_THC22:CBD1	9.4	Microbiology — Salmonella	Odgovara (Absent)	/25 g	1157/2058/25	24.11.2025	IPH	https://drive.google.com/file/d/1G8lB-ZnWuZwX-rA9IxREAKP6-pKiFxC0/view	Microbiology (Ph.Eur. 2.6.31) — Salmonella /25g
19	2025-05	BSS052501	P050192	Blue Sunset Sherbet	QCSP 001_BSS_v.02	Grade II	BSS_THC22:CBD1	9.5	Microbiology — Escherichia coli	Odgovara (Absent)	/1 g	1157/2058/25	24.11.2025	IPH	https://drive.google.com/file/d/1G8lB-ZnWuZwX-rA9IxREAKP6-pKiFxC0/view	Microbiology (Ph.Eur. 2.6.12) — Escherichia coli /g
19	2025-05	BSS052501	P050192	Blue Sunset Sherbet	QCSP 001_BSS_v.02	Grade II	BSS_THC22:CBD1	10.1	Mycotoxins — Aflatoxin B1	ND	µg/kg	276-31-М/25	04.12.2025	FARM	https://drive.google.com/file/d/1G8lB-ZnWuZwX-rA9IxREAKP6-pKiFxC0/view	Mycotoxins — Aflatoxin B1/B2/G1/G2 (sum)
19	2025-05	BSS052501	P050192	Blue Sunset Sherbet	QCSP 001_BSS_v.02	Grade II	BSS_THC22:CBD1	10.2	Mycotoxins — Total Aflatoxins (B1+B2+G1+G2)	Missing / not tested	—	—	—	—		—
19	2025-05	BSS052501	P050192	Blue Sunset Sherbet	QCSP 001_BSS_v.02	Grade II	BSS_THC22:CBD1	10.3	Mycotoxins — Ochratoxin A	<LOQ	µg/kg	276-31-М/25	04.12.2025	FARM	https://drive.google.com/file/d/1G8lB-ZnWuZwX-rA9IxREAKP6-pKiFxC0/view	Mycotoxins — Ochratoxin A
19	2025-05	BSS052501	P050192	Blue Sunset Sherbet	QCSP 001_BSS_v.02	Grade II	BSS_THC22:CBD1	11.1	Heavy Metals — Lead (Pb)	0.024	mg/kg	5661/2025	01.12.2025	IPH	https://drive.google.com/file/d/1G8lB-ZnWuZwX-rA9IxREAKP6-pKiFxC0/view	Heavy metals (Ph.Eur. 2.4.27, MKC EN 17851:2023) — Lead (olovo/Pb)
19	2025-05	BSS052501	P050192	Blue Sunset Sherbet	QCSP 001_BSS_v.02	Grade II	BSS_THC22:CBD1	11.2	Heavy Metals — Cadmium (Cd)	0.004	mg/kg	5661/2025	01.12.2025	IPH	https://drive.google.com/file/d/1G8lB-ZnWuZwX-rA9IxREAKP6-pKiFxC0/view	Heavy metals (Ph.Eur. 2.4.27, MKC EN 17851:2023) — Cadmium (kadmium/Cd)
19	2025-05	BSS052501	P050192	Blue Sunset Sherbet	QCSP 001_BSS_v.02	Grade II	BSS_THC22:CBD1	11.3	Heavy Metals — Arsenic (As)	0.025	mg/kg	5661/2025	01.12.2025	IPH	https://drive.google.com/file/d/1G8lB-ZnWuZwX-rA9IxREAKP6-pKiFxC0/view	Heavy metals (Ph.Eur. 2.4.27, MKC EN 17851:2023) — Arsenic (arsen/As)
19	2025-05	BSS052501	P050192	Blue Sunset Sherbet	QCSP 001_BSS_v.02	Grade II	BSS_THC22:CBD1	11.4	Heavy Metals — Mercury (Hg)	0.0036	mg/kg	5661/2025	01.12.2025	IPH	https://drive.google.com/file/d/1G8lB-ZnWuZwX-rA9IxREAKP6-pKiFxC0/view	Heavy metals (Ph.Eur. 2.4.27, MKC EN 17851:2023) — Mercury (ziva/Hg)
19	2025-05	BSS052501	P050192	Blue Sunset Sherbet	QCSP 001_BSS_v.02	Grade II	BSS_THC22:CBD1	12	Pesticide Residues — multi-residue panel	Pesticide residue screen (471 residues: 265 LC/MS/MS Annex 1 + 206 GC/MS/MS Annex 2, MKC EN 15662:2011): Not found any pesticide above LOQ (≤LOQ) — COMPLIES with USP and Ph.Eur.	—	10802_2845/2	17.11.2025	SPL	https://drive.google.com/file/d/1G8lB-ZnWuZwX-rA9IxREAKP6-pKiFxC0/view	multi-residue screen, per analyte
20	2025-05	CJ052501/1	P050162	Cap Junky	QCSP 001_CJ_v.02	Grade II	CJ_THC22.5:CBD1	1	Macroscopic Identification (Test A)	Missing / not tested	—	—	—	—		—
20	2025-05	CJ052501/1	P050162	Cap Junky	QCSP 001_CJ_v.02	Grade II	CJ_THC22.5:CBD1	2	Microscopic Identification (Test B)	Missing / not tested	—	—	—	—		—
20	2025-05	CJ052501/1	P050162	Cap Junky	QCSP 001_CJ_v.02	Grade II	CJ_THC22.5:CBD1	3	HPTLC / Chromatographic Identification (Test C)	Missing / not tested	—	—	—	—		—
20	2025-05	CJ052501/1	P050162	Cap Junky	QCSP 001_CJ_v.02	Grade II	CJ_THC22.5:CBD1	4	Assay — Total Δ⁹-THC	24.05	%	197-3-К/26	07.08.2026	FARM	https://drive.google.com/file/d/14O9FtYCROxqEN08mcN38D2vRVeQFwUA4/view	Total Delta-9-THC (Farmahem retest)
20	2025-05	CJ052501/1	P050162	Cap Junky	QCSP 001_CJ_v.02	Grade II	CJ_THC22.5:CBD1	4	Assay — Total Δ⁹-THC	20.29	%	ППК25280	17.09.2025	UKIM	https://drive.google.com/file/d/1u2Gl5g2bNKJj8MLnGalV6Kzhk95gLfMk/view	Total Delta-9-THC (THC + THCA x 0.877)
20	2025-05	CJ052501/1	P050162	Cap Junky	QCSP 001_CJ_v.02	Grade II	CJ_THC22.5:CBD1	5	Assay — Total CBD	<LOQ %w/w	%	197-3-К/26	07.08.2026	FARM	https://drive.google.com/file/d/14O9FtYCROxqEN08mcN38D2vRVeQFwUA4/view	Total CBD (Farmahem retest)
20	2025-05	CJ052501/1	P050162	Cap Junky	QCSP 001_CJ_v.02	Grade II	CJ_THC22.5:CBD1	5	Assay — Total CBD	0.07	%	ППК25280	17.09.2025	UKIM	https://drive.google.com/file/d/1u2Gl5g2bNKJj8MLnGalV6Kzhk95gLfMk/view	Total CBD (CBD + CBDA x 0.877)
20	2025-05	CJ052501/1	P050162	Cap Junky	QCSP 001_CJ_v.02	Grade II	CJ_THC22.5:CBD1	6	Total CBN	<LOQ %w/w	%	197-3-К/26	07.08.2026	FARM	https://drive.google.com/file/d/14O9FtYCROxqEN08mcN38D2vRVeQFwUA4/view	Total CBN (Farmahem retest)
20	2025-05	CJ052501/1	P050162	Cap Junky	QCSP 001_CJ_v.02	Grade II	CJ_THC22.5:CBD1	7	Foreign Matter	Missing / not tested	—	—	—	—		—
20	2025-05	CJ052501/1	P050162	Cap Junky	QCSP 001_CJ_v.02	Grade II	CJ_THC22.5:CBD1	8	Loss on Drying	7.93	%	ППК25280	17.09.2025	UKIM	https://drive.google.com/file/d/1u2Gl5g2bNKJj8MLnGalV6Kzhk95gLfMk/view	Loss on Drying
20	2025-05	CJ052501/1	P050162	Cap Junky	QCSP 001_CJ_v.02	Grade II	CJ_THC22.5:CBD1	9.1	Microbiology — TAMC	2.8×10⁴ CFU/g	CFU/g	949/1687/25	17.09.2025	IPH	https://drive.google.com/file/d/1u2Gl5g2bNKJj8MLnGalV6Kzhk95gLfMk/view	Total aerobic microbial count (TAMC)
20	2025-05	CJ052501/1	P050162	Cap Junky	QCSP 001_CJ_v.02	Grade II	CJ_THC22.5:CBD1	9.2	Microbiology — TYMC	1.7×10⁴ CFU/g [DATA INTEGRITY FLAG — see source]	CFU/g	949/1687/25	17.09.2025	IPH	https://drive.google.com/file/d/1u2Gl5g2bNKJj8MLnGalV6Kzhk95gLfMk/view	Total combined yeasts/moulds count (TYMC)
20	2025-05	CJ052501/1	P050162	Cap Junky	QCSP 001_CJ_v.02	Grade II	CJ_THC22.5:CBD1	9.3	Microbiology — Bile-tolerant gram-negative	<10³ and >10² CFU/g	CFU/g	949/1687/25	17.09.2025	IPH	https://drive.google.com/file/d/1u2Gl5g2bNKJj8MLnGalV6Kzhk95gLfMk/view	Bile-tolerant gram-negative bacteria
20	2025-05	CJ052501/1	P050162	Cap Junky	QCSP 001_CJ_v.02	Grade II	CJ_THC22.5:CBD1	9.4	Microbiology — Salmonella	Одговара (absent)	/25 g	949/1687/25	17.09.2025	IPH	https://drive.google.com/file/d/1u2Gl5g2bNKJj8MLnGalV6Kzhk95gLfMk/view	Salmonella
20	2025-05	CJ052501/1	P050162	Cap Junky	QCSP 001_CJ_v.02	Grade II	CJ_THC22.5:CBD1	9.5	Microbiology — Escherichia coli	Одговара (absent)	/1 g	949/1687/25	17.09.2025	IPH	https://drive.google.com/file/d/1u2Gl5g2bNKJj8MLnGalV6Kzhk95gLfMk/view	Escherichia coli
20	2025-05	CJ052501/1	P050162	Cap Junky	QCSP 001_CJ_v.02	Grade II	CJ_THC22.5:CBD1	10.1	Mycotoxins — Aflatoxin B1	ND	µg/kg	197-3-М/26	10.08.2026	FARM	https://drive.google.com/file/d/1svjD069NlqcTxR5MskHFY0CLzolxs6Q6/view	Aflatoxin B1 (Farmahem retest)
20	2025-05	CJ052501/1	P050162	Cap Junky	QCSP 001_CJ_v.02	Grade II	CJ_THC22.5:CBD1	10.2	Mycotoxins — Total Aflatoxins (B1+B2+G1+G2)	ND	µg/kg	197-3-М/26	10.08.2026	FARM	https://drive.google.com/file/d/1svjD069NlqcTxR5MskHFY0CLzolxs6Q6/view	Aflatoxin B2 (Farmahem retest)
20	2025-05	CJ052501/1	P050162	Cap Junky	QCSP 001_CJ_v.02	Grade II	CJ_THC22.5:CBD1	10.2	Mycotoxins — Total Aflatoxins (B1+B2+G1+G2)	ND	µg/kg	197-3-М/26	10.08.2026	FARM	https://drive.google.com/file/d/1svjD069NlqcTxR5MskHFY0CLzolxs6Q6/view	Aflatoxin G1 (Farmahem retest)
20	2025-05	CJ052501/1	P050162	Cap Junky	QCSP 001_CJ_v.02	Grade II	CJ_THC22.5:CBD1	10.2	Mycotoxins — Total Aflatoxins (B1+B2+G1+G2)	ND	µg/kg	197-3-М/26	10.08.2026	FARM	https://drive.google.com/file/d/1svjD069NlqcTxR5MskHFY0CLzolxs6Q6/view	Aflatoxin G2 (Farmahem retest)
20	2025-05	CJ052501/1	P050162	Cap Junky	QCSP 001_CJ_v.02	Grade II	CJ_THC22.5:CBD1	10.2	Mycotoxins — Total Aflatoxins (B1+B2+G1+G2)	ND (all four not detected)	µg/kg	197-3-М/26	10.08.2026	FARM	https://drive.google.com/file/d/1svjD069NlqcTxR5MskHFY0CLzolxs6Q6/view	Sum aflatoxins B1+B2+G1+G2 (Farmahem retest)
20	2025-05	CJ052501/1	P050162	Cap Junky	QCSP 001_CJ_v.02	Grade II	CJ_THC22.5:CBD1	10.2	Mycotoxins — Total Aflatoxins (B1+B2+G1+G2)	<2	µg/kg	4350/2025	15.09.2025	IPH	https://drive.google.com/file/d/1u2Gl5g2bNKJj8MLnGalV6Kzhk95gLfMk/view	Total aflatoxins
20	2025-05	CJ052501/1	P050162	Cap Junky	QCSP 001_CJ_v.02	Grade II	CJ_THC22.5:CBD1	10.3	Mycotoxins — Ochratoxin A	ND	µg/kg	197-3-М/26	10.08.2026	FARM	https://drive.google.com/file/d/1svjD069NlqcTxR5MskHFY0CLzolxs6Q6/view	Ochratoxin A (Farmahem retest)
20	2025-05	CJ052501/1	P050162	Cap Junky	QCSP 001_CJ_v.02	Grade II	CJ_THC22.5:CBD1	11.1	Heavy Metals — Lead (Pb)	0.085	mg/kg	4350/2025	15.09.2025	IPH	https://drive.google.com/file/d/1u2Gl5g2bNKJj8MLnGalV6Kzhk95gLfMk/view	Lead
20	2025-05	CJ052501/1	P050162	Cap Junky	QCSP 001_CJ_v.02	Grade II	CJ_THC22.5:CBD1	11.2	Heavy Metals — Cadmium (Cd)	N.D.	mg/kg	4350/2025	15.09.2025	IPH	https://drive.google.com/file/d/1u2Gl5g2bNKJj8MLnGalV6Kzhk95gLfMk/view	Cadmium
20	2025-05	CJ052501/1	P050162	Cap Junky	QCSP 001_CJ_v.02	Grade II	CJ_THC22.5:CBD1	11.3	Heavy Metals — Arsenic (As)	N.D.	mg/kg	4350/2025	15.09.2025	IPH	https://drive.google.com/file/d/1u2Gl5g2bNKJj8MLnGalV6Kzhk95gLfMk/view	Arsenic
20	2025-05	CJ052501/1	P050162	Cap Junky	QCSP 001_CJ_v.02	Grade II	CJ_THC22.5:CBD1	11.4	Heavy Metals — Mercury (Hg)	N.D.	mg/kg	4350/2025	15.09.2025	IPH	https://drive.google.com/file/d/1u2Gl5g2bNKJj8MLnGalV6Kzhk95gLfMk/view	Mercury
20	2025-05	CJ052501/1	P050162	Cap Junky	QCSP 001_CJ_v.02	Grade II	CJ_THC22.5:CBD1	12	Pesticide Residues — multi-residue panel	ND / <LOQ — no analyte detected (13 analytes)	—	4350/2025	15.09.2025	IPH	https://drive.google.com/file/d/1u2Gl5g2bNKJj8MLnGalV6Kzhk95gLfMk/view	multi-residue screen, per analyte
21	2025-05	CJ052501/2	P050172	Cap Junky	QCSP 001_CJ_v.02	Grade III	CJ_THC17:CBD1	1	Macroscopic Identification (Test A)	Missing / not tested	—	—	—	—		—
21	2025-05	CJ052501/2	P050172	Cap Junky	QCSP 001_CJ_v.02	Grade III	CJ_THC17:CBD1	2	Microscopic Identification (Test B)	Missing / not tested	—	—	—	—		—
21	2025-05	CJ052501/2	P050172	Cap Junky	QCSP 001_CJ_v.02	Grade III	CJ_THC17:CBD1	3	HPTLC / Chromatographic Identification (Test C)	Missing / not tested	—	—	—	—		—
21	2025-05	CJ052501/2	P050172	Cap Junky	QCSP 001_CJ_v.02	Grade III	CJ_THC17:CBD1	4	Assay — Total Δ⁹-THC	14.93	%	ППК25281	17.09.2025	UKIM	https://drive.google.com/file/d/1tyKNsDnXlHzcpH1jkYcQGueo45KB6Kbf/view	Total Delta-9-THC (THC + THCA x 0.877)
21	2025-05	CJ052501/2	P050172	Cap Junky	QCSP 001_CJ_v.02	Grade III	CJ_THC17:CBD1	5	Assay — Total CBD	0.10	%	ППК25281	17.09.2025	UKIM	https://drive.google.com/file/d/1tyKNsDnXlHzcpH1jkYcQGueo45KB6Kbf/view	Total CBD (CBD + CBDA x 0.877)
21	2025-05	CJ052501/2	P050172	Cap Junky	QCSP 001_CJ_v.02	Grade III	CJ_THC17:CBD1	6	Total CBN	Missing / not tested	—	—	—	—		—
21	2025-05	CJ052501/2	P050172	Cap Junky	QCSP 001_CJ_v.02	Grade III	CJ_THC17:CBD1	7	Foreign Matter	Missing / not tested	—	—	—	—		—
21	2025-05	CJ052501/2	P050172	Cap Junky	QCSP 001_CJ_v.02	Grade III	CJ_THC17:CBD1	8	Loss on Drying	6.63	%	ППК25281	17.09.2025	UKIM	https://drive.google.com/file/d/1tyKNsDnXlHzcpH1jkYcQGueo45KB6Kbf/view	Loss on Drying
21	2025-05	CJ052501/2	P050172	Cap Junky	QCSP 001_CJ_v.02	Grade III	CJ_THC17:CBD1	9.1	Microbiology — TAMC	9×10³ CFU/g	CFU/g	947/1685/25	17.09.2025	IPH	https://drive.google.com/file/d/1tyKNsDnXlHzcpH1jkYcQGueo45KB6Kbf/view	Total aerobic microbial count (TAMC)
21	2025-05	CJ052501/2	P050172	Cap Junky	QCSP 001_CJ_v.02	Grade III	CJ_THC17:CBD1	9.2	Microbiology — TYMC	6.3×10³ CFU/g	CFU/g	947/1685/25	17.09.2025	IPH	https://drive.google.com/file/d/1tyKNsDnXlHzcpH1jkYcQGueo45KB6Kbf/view	Total combined yeasts/moulds count (TYMC)
21	2025-05	CJ052501/2	P050172	Cap Junky	QCSP 001_CJ_v.02	Grade III	CJ_THC17:CBD1	9.3	Microbiology — Bile-tolerant gram-negative	<10	CFU/g	947/1685/25	17.09.2025	IPH	https://drive.google.com/file/d/1tyKNsDnXlHzcpH1jkYcQGueo45KB6Kbf/view	Bile-tolerant gram-negative bacteria
21	2025-05	CJ052501/2	P050172	Cap Junky	QCSP 001_CJ_v.02	Grade III	CJ_THC17:CBD1	9.4	Microbiology — Salmonella	Одговара (absent)	/25 g	947/1685/25	17.09.2025	IPH	https://drive.google.com/file/d/1tyKNsDnXlHzcpH1jkYcQGueo45KB6Kbf/view	Salmonella
21	2025-05	CJ052501/2	P050172	Cap Junky	QCSP 001_CJ_v.02	Grade III	CJ_THC17:CBD1	9.5	Microbiology — Escherichia coli	Одговара (absent)	/1 g	947/1685/25	17.09.2025	IPH	https://drive.google.com/file/d/1tyKNsDnXlHzcpH1jkYcQGueo45KB6Kbf/view	Escherichia coli
21	2025-05	CJ052501/2	P050172	Cap Junky	QCSP 001_CJ_v.02	Grade III	CJ_THC17:CBD1	10.1	Mycotoxins — Aflatoxin B1	Missing / not tested	—	—	—	—		—
21	2025-05	CJ052501/2	P050172	Cap Junky	QCSP 001_CJ_v.02	Grade III	CJ_THC17:CBD1	10.2	Mycotoxins — Total Aflatoxins (B1+B2+G1+G2)	<2	µg/kg	4349/2025	15.09.2025	IPH	https://drive.google.com/file/d/1tyKNsDnXlHzcpH1jkYcQGueo45KB6Kbf/view	Total aflatoxins
21	2025-05	CJ052501/2	P050172	Cap Junky	QCSP 001_CJ_v.02	Grade III	CJ_THC17:CBD1	10.3	Mycotoxins — Ochratoxin A	Missing / not tested	—	—	—	—		—
21	2025-05	CJ052501/2	P050172	Cap Junky	QCSP 001_CJ_v.02	Grade III	CJ_THC17:CBD1	11.1	Heavy Metals — Lead (Pb)	0.02	mg/kg	4349/2025	15.09.2025	IPH	https://drive.google.com/file/d/1tyKNsDnXlHzcpH1jkYcQGueo45KB6Kbf/view	Lead
21	2025-05	CJ052501/2	P050172	Cap Junky	QCSP 001_CJ_v.02	Grade III	CJ_THC17:CBD1	11.2	Heavy Metals — Cadmium (Cd)	N.D.	mg/kg	4349/2025	15.09.2025	IPH	https://drive.google.com/file/d/1tyKNsDnXlHzcpH1jkYcQGueo45KB6Kbf/view	Cadmium
21	2025-05	CJ052501/2	P050172	Cap Junky	QCSP 001_CJ_v.02	Grade III	CJ_THC17:CBD1	11.3	Heavy Metals — Arsenic (As)	0.042	mg/kg	4349/2025	15.09.2025	IPH	https://drive.google.com/file/d/1tyKNsDnXlHzcpH1jkYcQGueo45KB6Kbf/view	Arsenic
21	2025-05	CJ052501/2	P050172	Cap Junky	QCSP 001_CJ_v.02	Grade III	CJ_THC17:CBD1	11.4	Heavy Metals — Mercury (Hg)	N.D.	mg/kg	4349/2025	15.09.2025	IPH	https://drive.google.com/file/d/1tyKNsDnXlHzcpH1jkYcQGueo45KB6Kbf/view	Mercury
21	2025-05	CJ052501/2	P050172	Cap Junky	QCSP 001_CJ_v.02	Grade III	CJ_THC17:CBD1	12	Pesticide Residues — multi-residue panel	ND / <LOQ — no analyte detected (13 analytes)	—	4349/2025	15.09.2025	IPH	https://drive.google.com/file/d/1tyKNsDnXlHzcpH1jkYcQGueo45KB6Kbf/view	multi-residue screen, per analyte
22	2025-05	GP052501	P050152	Grape Pie	QCSP 001_GP_v.02	Grade III	GP_THC20:CBD1	1	Macroscopic Identification (Test A)	Missing / not tested	—	—	—	—		—
22	2025-05	GP052501	P050152	Grape Pie	QCSP 001_GP_v.02	Grade III	GP_THC20:CBD1	2	Microscopic Identification (Test B)	Missing / not tested	—	—	—	—		—
22	2025-05	GP052501	P050152	Grape Pie	QCSP 001_GP_v.02	Grade III	GP_THC20:CBD1	3	HPTLC / Chromatographic Identification (Test C)	Missing / not tested	—	—	—	—		—
22	2025-05	GP052501	P050152	Grape Pie	QCSP 001_GP_v.02	Grade III	GP_THC20:CBD1	4	Assay — Total Δ⁹-THC	18.52	%	197-10-К/26	07.08.2026	FARM	https://drive.google.com/file/d/1m4iQUoehqQlquGKkQVeqbu2V733aJLAx/view	Total Delta-9-THC (Farmahem retest)
22	2025-05	GP052501	P050152	Grape Pie	QCSP 001_GP_v.02	Grade III	GP_THC20:CBD1	4	Assay — Total Δ⁹-THC	18.98	%	ППК25279	19.09.2025	UKIM	https://drive.google.com/file/d/12-hGsiYPij_QPAbTfvG4ak0CJYAmScq3/view	Total Delta-9-THC (THC + THCA x 0.877)
22	2025-05	GP052501	P050152	Grape Pie	QCSP 001_GP_v.02	Grade III	GP_THC20:CBD1	5	Assay — Total CBD	<LOQ %w/w	%	197-10-К/26	07.08.2026	FARM	https://drive.google.com/file/d/1m4iQUoehqQlquGKkQVeqbu2V733aJLAx/view	Total CBD (Farmahem retest)
22	2025-05	GP052501	P050152	Grape Pie	QCSP 001_GP_v.02	Grade III	GP_THC20:CBD1	5	Assay — Total CBD	0.08	%	ППК25279	19.09.2025	UKIM	https://drive.google.com/file/d/12-hGsiYPij_QPAbTfvG4ak0CJYAmScq3/view	Total CBD (CBD + CBDA x 0.877)
22	2025-05	GP052501	P050152	Grape Pie	QCSP 001_GP_v.02	Grade III	GP_THC20:CBD1	6	Total CBN	<LOQ %w/w	%	197-10-К/26	07.08.2026	FARM	https://drive.google.com/file/d/1m4iQUoehqQlquGKkQVeqbu2V733aJLAx/view	Total CBN (Farmahem retest)
22	2025-05	GP052501	P050152	Grape Pie	QCSP 001_GP_v.02	Grade III	GP_THC20:CBD1	7	Foreign Matter	Missing / not tested	—	—	—	—		—
22	2025-05	GP052501	P050152	Grape Pie	QCSP 001_GP_v.02	Grade III	GP_THC20:CBD1	8	Loss on Drying	7.30	%	ППК25279	19.09.2025	UKIM	https://drive.google.com/file/d/12-hGsiYPij_QPAbTfvG4ak0CJYAmScq3/view	Loss on Drying
22	2025-05	GP052501	P050152	Grape Pie	QCSP 001_GP_v.02	Grade III	GP_THC20:CBD1	9.1	Microbiology — TAMC	2.1×10⁴ CFU/g	CFU/g	946/1684/25	17.09.2025	IPH	https://drive.google.com/file/d/12-hGsiYPij_QPAbTfvG4ak0CJYAmScq3/view	Total aerobic microbial count (TAMC)
22	2025-05	GP052501	P050152	Grape Pie	QCSP 001_GP_v.02	Grade III	GP_THC20:CBD1	9.2	Microbiology — TYMC	3.6×10³ CFU/g [DATA INTEGRITY FLAG — see source]	CFU/g	946/1684/25	17.09.2025	IPH	https://drive.google.com/file/d/12-hGsiYPij_QPAbTfvG4ak0CJYAmScq3/view	Total combined yeasts/moulds count (TYMC)
22	2025-05	GP052501	P050152	Grape Pie	QCSP 001_GP_v.02	Grade III	GP_THC20:CBD1	9.3	Microbiology — Bile-tolerant gram-negative	<10² and >10¹ CFU/g	CFU/g	946/1684/25	17.09.2025	IPH	https://drive.google.com/file/d/12-hGsiYPij_QPAbTfvG4ak0CJYAmScq3/view	Bile-tolerant gram-negative bacteria
22	2025-05	GP052501	P050152	Grape Pie	QCSP 001_GP_v.02	Grade III	GP_THC20:CBD1	9.4	Microbiology — Salmonella	Одговара (absent)	/25 g	946/1684/25	17.09.2025	IPH	https://drive.google.com/file/d/12-hGsiYPij_QPAbTfvG4ak0CJYAmScq3/view	Salmonella
22	2025-05	GP052501	P050152	Grape Pie	QCSP 001_GP_v.02	Grade III	GP_THC20:CBD1	9.5	Microbiology — Escherichia coli	Одговара (absent)	/1 g	946/1684/25	17.09.2025	IPH	https://drive.google.com/file/d/12-hGsiYPij_QPAbTfvG4ak0CJYAmScq3/view	Escherichia coli
22	2025-05	GP052501	P050152	Grape Pie	QCSP 001_GP_v.02	Grade III	GP_THC20:CBD1	10.1	Mycotoxins — Aflatoxin B1	ND	µg/kg	197-10-М/26	10.08.2026	FARM	https://drive.google.com/file/d/1GKzRnXGc1v7wOKfhvk8tDHWJgIe9o0Hc/view	Aflatoxin B1 (Farmahem retest)
22	2025-05	GP052501	P050152	Grape Pie	QCSP 001_GP_v.02	Grade III	GP_THC20:CBD1	10.2	Mycotoxins — Total Aflatoxins (B1+B2+G1+G2)	ND	µg/kg	197-10-М/26	10.08.2026	FARM	https://drive.google.com/file/d/1GKzRnXGc1v7wOKfhvk8tDHWJgIe9o0Hc/view	Aflatoxin B2 (Farmahem retest)
22	2025-05	GP052501	P050152	Grape Pie	QCSP 001_GP_v.02	Grade III	GP_THC20:CBD1	10.2	Mycotoxins — Total Aflatoxins (B1+B2+G1+G2)	ND	µg/kg	197-10-М/26	10.08.2026	FARM	https://drive.google.com/file/d/1GKzRnXGc1v7wOKfhvk8tDHWJgIe9o0Hc/view	Aflatoxin G1 (Farmahem retest)
22	2025-05	GP052501	P050152	Grape Pie	QCSP 001_GP_v.02	Grade III	GP_THC20:CBD1	10.2	Mycotoxins — Total Aflatoxins (B1+B2+G1+G2)	ND	µg/kg	197-10-М/26	10.08.2026	FARM	https://drive.google.com/file/d/1GKzRnXGc1v7wOKfhvk8tDHWJgIe9o0Hc/view	Aflatoxin G2 (Farmahem retest)
22	2025-05	GP052501	P050152	Grape Pie	QCSP 001_GP_v.02	Grade III	GP_THC20:CBD1	10.2	Mycotoxins — Total Aflatoxins (B1+B2+G1+G2)	ND (all four not detected)	µg/kg	197-10-М/26	10.08.2026	FARM	https://drive.google.com/file/d/1GKzRnXGc1v7wOKfhvk8tDHWJgIe9o0Hc/view	Sum aflatoxins B1+B2+G1+G2 (Farmahem retest)
22	2025-05	GP052501	P050152	Grape Pie	QCSP 001_GP_v.02	Grade III	GP_THC20:CBD1	10.2	Mycotoxins — Total Aflatoxins (B1+B2+G1+G2)	<2	µg/kg	4348/2025	15.09.2025	IPH	https://drive.google.com/file/d/12-hGsiYPij_QPAbTfvG4ak0CJYAmScq3/view	Total aflatoxins
22	2025-05	GP052501	P050152	Grape Pie	QCSP 001_GP_v.02	Grade III	GP_THC20:CBD1	10.3	Mycotoxins — Ochratoxin A	ND	µg/kg	197-10-М/26	10.08.2026	FARM	https://drive.google.com/file/d/1GKzRnXGc1v7wOKfhvk8tDHWJgIe9o0Hc/view	Ochratoxin A (Farmahem retest)
22	2025-05	GP052501	P050152	Grape Pie	QCSP 001_GP_v.02	Grade III	GP_THC20:CBD1	11.1	Heavy Metals — Lead (Pb)	0.06	mg/kg	4348/2025	15.09.2025	IPH	https://drive.google.com/file/d/12-hGsiYPij_QPAbTfvG4ak0CJYAmScq3/view	Lead
22	2025-05	GP052501	P050152	Grape Pie	QCSP 001_GP_v.02	Grade III	GP_THC20:CBD1	11.2	Heavy Metals — Cadmium (Cd)	N.D.	mg/kg	4348/2025	15.09.2025	IPH	https://drive.google.com/file/d/12-hGsiYPij_QPAbTfvG4ak0CJYAmScq3/view	Cadmium
22	2025-05	GP052501	P050152	Grape Pie	QCSP 001_GP_v.02	Grade III	GP_THC20:CBD1	11.3	Heavy Metals — Arsenic (As)	N.D.	mg/kg	4348/2025	15.09.2025	IPH	https://drive.google.com/file/d/12-hGsiYPij_QPAbTfvG4ak0CJYAmScq3/view	Arsenic
22	2025-05	GP052501	P050152	Grape Pie	QCSP 001_GP_v.02	Grade III	GP_THC20:CBD1	11.4	Heavy Metals — Mercury (Hg)	N.D.	mg/kg	4348/2025	15.09.2025	IPH	https://drive.google.com/file/d/12-hGsiYPij_QPAbTfvG4ak0CJYAmScq3/view	Mercury
22	2025-05	GP052501	P050152	Grape Pie	QCSP 001_GP_v.02	Grade III	GP_THC20:CBD1	12	Pesticide Residues — multi-residue panel	ND / <LOQ — no analyte detected (13 analytes)	—	4348/2025	15.09.2025	IPH	https://drive.google.com/file/d/12-hGsiYPij_QPAbTfvG4ak0CJYAmScq3/view	multi-residue screen, per analyte
23	2025-05	HPA052501	P050182	High Pro Amnesia	QCSP 001_HPA_v.02	Grade II	HPA_THC22:CBD1	1	Macroscopic Identification (Test A)	Missing / not tested	—	—	—	—		—
23	2025-05	HPA052501	P050182	High Pro Amnesia	QCSP 001_HPA_v.02	Grade II	HPA_THC22:CBD1	2	Microscopic Identification (Test B)	Missing / not tested	—	—	—	—		—
23	2025-05	HPA052501	P050182	High Pro Amnesia	QCSP 001_HPA_v.02	Grade II	HPA_THC22:CBD1	3	HPTLC / Chromatographic Identification (Test C)	Missing / not tested	—	—	—	—		—
23	2025-05	HPA052501	P050182	High Pro Amnesia	QCSP 001_HPA_v.02	Grade II	HPA_THC22:CBD1	4	Assay — Total Δ⁹-THC	20.39	%	ППК25278	19.09.2025	UKIM	https://drive.google.com/file/d/1PpTTE4ocL7d78uNIZTolZz7DEPZ5V6-0/view	Total Delta-9-THC (THC + THCA x 0.877)
23	2025-05	HPA052501	P050182	High Pro Amnesia	QCSP 001_HPA_v.02	Grade II	HPA_THC22:CBD1	5	Assay — Total CBD	0.09	%	ППК25278	19.09.2025	UKIM	https://drive.google.com/file/d/1PpTTE4ocL7d78uNIZTolZz7DEPZ5V6-0/view	Total CBD (CBD + CBDA x 0.877)
23	2025-05	HPA052501	P050182	High Pro Amnesia	QCSP 001_HPA_v.02	Grade II	HPA_THC22:CBD1	6	Total CBN	Missing / not tested	—	—	—	—		—
23	2025-05	HPA052501	P050182	High Pro Amnesia	QCSP 001_HPA_v.02	Grade II	HPA_THC22:CBD1	7	Foreign Matter	Missing / not tested	—	—	—	—		—
23	2025-05	HPA052501	P050182	High Pro Amnesia	QCSP 001_HPA_v.02	Grade II	HPA_THC22:CBD1	8	Loss on Drying	7.29	%	ППК25278	19.09.2025	UKIM	https://drive.google.com/file/d/1PpTTE4ocL7d78uNIZTolZz7DEPZ5V6-0/view	Loss on Drying
23	2025-05	HPA052501	P050182	High Pro Amnesia	QCSP 001_HPA_v.02	Grade II	HPA_THC22:CBD1	9.1	Microbiology — TAMC	2.7×10⁴ CFU/g	CFU/g	948/1686/25	17.09.2025	IPH	https://drive.google.com/file/d/1PpTTE4ocL7d78uNIZTolZz7DEPZ5V6-0/view	Total aerobic microbial count (TAMC)
23	2025-05	HPA052501	P050182	High Pro Amnesia	QCSP 001_HPA_v.02	Grade II	HPA_THC22:CBD1	9.2	Microbiology — TYMC	2.6×10⁴ CFU/g	CFU/g	948/1686/25	17.09.2025	IPH	https://drive.google.com/file/d/1PpTTE4ocL7d78uNIZTolZz7DEPZ5V6-0/view	Total combined yeasts/moulds count (TYMC)
23	2025-05	HPA052501	P050182	High Pro Amnesia	QCSP 001_HPA_v.02	Grade II	HPA_THC22:CBD1	9.3	Microbiology — Bile-tolerant gram-negative	<10¹ CFU/g	CFU/g	948/1686/25	17.09.2025	IPH	https://drive.google.com/file/d/1PpTTE4ocL7d78uNIZTolZz7DEPZ5V6-0/view	Bile-tolerant gram-negative bacteria
23	2025-05	HPA052501	P050182	High Pro Amnesia	QCSP 001_HPA_v.02	Grade II	HPA_THC22:CBD1	9.4	Microbiology — Salmonella	Одговара (absent)	/25 g	948/1686/25	17.09.2025	IPH	https://drive.google.com/file/d/1PpTTE4ocL7d78uNIZTolZz7DEPZ5V6-0/view	Salmonella
23	2025-05	HPA052501	P050182	High Pro Amnesia	QCSP 001_HPA_v.02	Grade II	HPA_THC22:CBD1	9.5	Microbiology — Escherichia coli	Одговара (absent)	/1 g	948/1686/25	17.09.2025	IPH	https://drive.google.com/file/d/1PpTTE4ocL7d78uNIZTolZz7DEPZ5V6-0/view	Escherichia coli
23	2025-05	HPA052501	P050182	High Pro Amnesia	QCSP 001_HPA_v.02	Grade II	HPA_THC22:CBD1	10.1	Mycotoxins — Aflatoxin B1	Missing / not tested	—	—	—	—		—
23	2025-05	HPA052501	P050182	High Pro Amnesia	QCSP 001_HPA_v.02	Grade II	HPA_THC22:CBD1	10.2	Mycotoxins — Total Aflatoxins (B1+B2+G1+G2)	<2	µg/kg	4352/2025	15.09.2025	IPH	https://drive.google.com/file/d/1PpTTE4ocL7d78uNIZTolZz7DEPZ5V6-0/view	Total aflatoxins
23	2025-05	HPA052501	P050182	High Pro Amnesia	QCSP 001_HPA_v.02	Grade II	HPA_THC22:CBD1	10.3	Mycotoxins — Ochratoxin A	Missing / not tested	—	—	—	—		—
23	2025-05	HPA052501	P050182	High Pro Amnesia	QCSP 001_HPA_v.02	Grade II	HPA_THC22:CBD1	11.1	Heavy Metals — Lead (Pb)	0.034	mg/kg	4352/2025	15.09.2025	IPH	https://drive.google.com/file/d/1PpTTE4ocL7d78uNIZTolZz7DEPZ5V6-0/view	Lead
23	2025-05	HPA052501	P050182	High Pro Amnesia	QCSP 001_HPA_v.02	Grade II	HPA_THC22:CBD1	11.2	Heavy Metals — Cadmium (Cd)	N.D.	mg/kg	4352/2025	15.09.2025	IPH	https://drive.google.com/file/d/1PpTTE4ocL7d78uNIZTolZz7DEPZ5V6-0/view	Cadmium
23	2025-05	HPA052501	P050182	High Pro Amnesia	QCSP 001_HPA_v.02	Grade II	HPA_THC22:CBD1	11.3	Heavy Metals — Arsenic (As)	N.D.	mg/kg	4352/2025	15.09.2025	IPH	https://drive.google.com/file/d/1PpTTE4ocL7d78uNIZTolZz7DEPZ5V6-0/view	Arsenic
23	2025-05	HPA052501	P050182	High Pro Amnesia	QCSP 001_HPA_v.02	Grade II	HPA_THC22:CBD1	11.4	Heavy Metals — Mercury (Hg)	N.D.	mg/kg	4352/2025	15.09.2025	IPH	https://drive.google.com/file/d/1PpTTE4ocL7d78uNIZTolZz7DEPZ5V6-0/view	Mercury
23	2025-05	HPA052501	P050182	High Pro Amnesia	QCSP 001_HPA_v.02	Grade II	HPA_THC22:CBD1	12	Pesticide Residues — multi-residue panel	ND / <LOQ — no analyte detected (13 analytes)	—	4352/2025	15.09.2025	IPH	https://drive.google.com/file/d/1PpTTE4ocL7d78uNIZTolZz7DEPZ5V6-0/view	multi-residue screen, per analyte
24	2025-05	OPM052501	P050132	Orange Punch Mimosa	QCSP 001_OPM_v.02	Grade III	OPM_THC16:CBD1	1	Macroscopic Identification (Test A)	Missing / not tested	—	—	—	—		—
24	2025-05	OPM052501	P050132	Orange Punch Mimosa	QCSP 001_OPM_v.02	Grade III	OPM_THC16:CBD1	2	Microscopic Identification (Test B)	Missing / not tested	—	—	—	—		—
24	2025-05	OPM052501	P050132	Orange Punch Mimosa	QCSP 001_OPM_v.02	Grade III	OPM_THC16:CBD1	3	HPTLC / Chromatographic Identification (Test C)	Missing / not tested	—	—	—	—		—
24	2025-05	OPM052501	P050132	Orange Punch Mimosa	QCSP 001_OPM_v.02	Grade III	OPM_THC16:CBD1	4	Assay — Total Δ⁹-THC	14.16	%	ППК52557	05.09.2025	UKIM	https://drive.google.com/file/d/1E-VSIHygIV9UFA4rOjq0v4jzeLw5WiWD/view	Total Delta-9-THC (THC + THCA x 0.877)
24	2025-05	OPM052501	P050132	Orange Punch Mimosa	QCSP 001_OPM_v.02	Grade III	OPM_THC16:CBD1	5	Assay — Total CBD	0.04	%	ППК52557	05.09.2025	UKIM	https://drive.google.com/file/d/1E-VSIHygIV9UFA4rOjq0v4jzeLw5WiWD/view	Total CBD (CBD + CBDA x 0.877)
24	2025-05	OPM052501	P050132	Orange Punch Mimosa	QCSP 001_OPM_v.02	Grade III	OPM_THC16:CBD1	6	Total CBN	Missing / not tested	—	—	—	—		—
24	2025-05	OPM052501	P050132	Orange Punch Mimosa	QCSP 001_OPM_v.02	Grade III	OPM_THC16:CBD1	7	Foreign Matter	Missing / not tested	—	—	—	—		—
24	2025-05	OPM052501	P050132	Orange Punch Mimosa	QCSP 001_OPM_v.02	Grade III	OPM_THC16:CBD1	8	Loss on Drying	8.28	%	ППК52557	05.09.2025	UKIM	https://drive.google.com/file/d/1E-VSIHygIV9UFA4rOjq0v4jzeLw5WiWD/view	Loss on Drying
24	2025-05	OPM052501	P050132	Orange Punch Mimosa	QCSP 001_OPM_v.02	Grade III	OPM_THC16:CBD1	9.1	Microbiology — TAMC	1.2×10⁴ CFU/g	CFU/g	904/1589/25	02.09.2025	IPH	https://drive.google.com/file/d/1E-VSIHygIV9UFA4rOjq0v4jzeLw5WiWD/view	Total aerobic microbial count (TAMC)
24	2025-05	OPM052501	P050132	Orange Punch Mimosa	QCSP 001_OPM_v.02	Grade III	OPM_THC16:CBD1	9.2	Microbiology — TYMC	3.3×10³ CFU/g	CFU/g	904/1589/25	02.09.2025	IPH	https://drive.google.com/file/d/1E-VSIHygIV9UFA4rOjq0v4jzeLw5WiWD/view	Total combined yeasts/moulds count (TYMC)
24	2025-05	OPM052501	P050132	Orange Punch Mimosa	QCSP 001_OPM_v.02	Grade III	OPM_THC16:CBD1	9.3	Microbiology — Bile-tolerant gram-negative	<10	CFU/g	904/1589/25	02.09.2025	IPH	https://drive.google.com/file/d/1E-VSIHygIV9UFA4rOjq0v4jzeLw5WiWD/view	Bile-tolerant gram-negative bacteria
24	2025-05	OPM052501	P050132	Orange Punch Mimosa	QCSP 001_OPM_v.02	Grade III	OPM_THC16:CBD1	9.4	Microbiology — Salmonella	Одговара (absent)	/25 g	904/1589/25	02.09.2025	IPH	https://drive.google.com/file/d/1E-VSIHygIV9UFA4rOjq0v4jzeLw5WiWD/view	Salmonella
24	2025-05	OPM052501	P050132	Orange Punch Mimosa	QCSP 001_OPM_v.02	Grade III	OPM_THC16:CBD1	9.5	Microbiology — Escherichia coli	Одговара (absent)	/1 g	904/1589/25	02.09.2025	IPH	https://drive.google.com/file/d/1E-VSIHygIV9UFA4rOjq0v4jzeLw5WiWD/view	Escherichia coli
24	2025-05	OPM052501	P050132	Orange Punch Mimosa	QCSP 001_OPM_v.02	Grade III	OPM_THC16:CBD1	10.1	Mycotoxins — Aflatoxin B1	Missing / not tested	—	—	—	—		—
24	2025-05	OPM052501	P050132	Orange Punch Mimosa	QCSP 001_OPM_v.02	Grade III	OPM_THC16:CBD1	10.2	Mycotoxins — Total Aflatoxins (B1+B2+G1+G2)	2.1	µg/kg	4157/2025	29.08.2025	IPH	https://drive.google.com/file/d/1E-VSIHygIV9UFA4rOjq0v4jzeLw5WiWD/view	Total aflatoxins
24	2025-05	OPM052501	P050132	Orange Punch Mimosa	QCSP 001_OPM_v.02	Grade III	OPM_THC16:CBD1	10.3	Mycotoxins — Ochratoxin A	Missing / not tested	—	—	—	—		—
24	2025-05	OPM052501	P050132	Orange Punch Mimosa	QCSP 001_OPM_v.02	Grade III	OPM_THC16:CBD1	11.1	Heavy Metals — Lead (Pb)	N.D.	mg/kg	4157/2025	29.08.2025	IPH	https://drive.google.com/file/d/1E-VSIHygIV9UFA4rOjq0v4jzeLw5WiWD/view	Lead
24	2025-05	OPM052501	P050132	Orange Punch Mimosa	QCSP 001_OPM_v.02	Grade III	OPM_THC16:CBD1	11.2	Heavy Metals — Cadmium (Cd)	N.D.	mg/kg	4157/2025	29.08.2025	IPH	https://drive.google.com/file/d/1E-VSIHygIV9UFA4rOjq0v4jzeLw5WiWD/view	Cadmium
24	2025-05	OPM052501	P050132	Orange Punch Mimosa	QCSP 001_OPM_v.02	Grade III	OPM_THC16:CBD1	11.3	Heavy Metals — Arsenic (As)	N.D.	mg/kg	4157/2025	29.08.2025	IPH	https://drive.google.com/file/d/1E-VSIHygIV9UFA4rOjq0v4jzeLw5WiWD/view	Arsenic
24	2025-05	OPM052501	P050132	Orange Punch Mimosa	QCSP 001_OPM_v.02	Grade III	OPM_THC16:CBD1	11.4	Heavy Metals — Mercury (Hg)	N.D.	mg/kg	4157/2025	29.08.2025	IPH	https://drive.google.com/file/d/1E-VSIHygIV9UFA4rOjq0v4jzeLw5WiWD/view	Mercury
24	2025-05	OPM052501	P050132	Orange Punch Mimosa	QCSP 001_OPM_v.02	Grade III	OPM_THC16:CBD1	12	Pesticide Residues — multi-residue panel	ND / <LOQ — no analyte detected (13 analytes)	—	4157/2025	29.08.2025	IPH	https://drive.google.com/file/d/1E-VSIHygIV9UFA4rOjq0v4jzeLw5WiWD/view	multi-residue screen, per analyte
25	2025-06	CJ062501/1	P050222	Cap Junky	QCSP 001_CJ_v.02	Grade II	CJ_THC22.5:CBD1	1	Macroscopic Identification (Test A)	Missing / not tested	—	—	—	—		—
25	2025-06	CJ062501/1	P050222	Cap Junky	QCSP 001_CJ_v.02	Grade II	CJ_THC22.5:CBD1	2	Microscopic Identification (Test B)	Missing / not tested	—	—	—	—		—
25	2025-06	CJ062501/1	P050222	Cap Junky	QCSP 001_CJ_v.02	Grade II	CJ_THC22.5:CBD1	3	HPTLC / Chromatographic Identification (Test C)	Confirms	—	ППК25321	23.10.2025	UKIM	https://drive.google.com/file/d/1fkUDfS6LlulEpRzNL248cfVHvq-vDAqo/view	Identification (retention time matches standard solution)
25	2025-06	CJ062501/1	P050222	Cap Junky	QCSP 001_CJ_v.02	Grade II	CJ_THC22.5:CBD1	4	Assay — Total Δ⁹-THC	21.51	%	ППК25321	23.10.2025	UKIM	https://drive.google.com/file/d/1fkUDfS6LlulEpRzNL248cfVHvq-vDAqo/view	Assay — Total Δ9-tetrahydrocannabinol
25	2025-06	CJ062501/1	P050222	Cap Junky	QCSP 001_CJ_v.02	Grade II	CJ_THC22.5:CBD1	5	Assay — Total CBD	0.07	%	ППК25321	23.10.2025	UKIM	https://drive.google.com/file/d/1fkUDfS6LlulEpRzNL248cfVHvq-vDAqo/view	Assay — Total Cannabidiol
25	2025-06	CJ062501/1	P050222	Cap Junky	QCSP 001_CJ_v.02	Grade II	CJ_THC22.5:CBD1	6	Total CBN	Missing / not tested	—	—	—	—		—
25	2025-06	CJ062501/1	P050222	Cap Junky	QCSP 001_CJ_v.02	Grade II	CJ_THC22.5:CBD1	7	Foreign Matter	Missing / not tested	—	—	—	—		—
25	2025-06	CJ062501/1	P050222	Cap Junky	QCSP 001_CJ_v.02	Grade II	CJ_THC22.5:CBD1	8	Loss on Drying	7.77	%	ППК25321	23.10.2025	UKIM	https://drive.google.com/file/d/1fkUDfS6LlulEpRzNL248cfVHvq-vDAqo/view	Loss on drying
25	2025-06	CJ062501/1	P050222	Cap Junky	QCSP 001_CJ_v.02	Grade II	CJ_THC22.5:CBD1	9.1	Microbiology — TAMC	<10	CFU/g	1217/2168/25	01.12.2025	IPH	https://drive.google.com/file/d/1fkUDfS6LlulEpRzNL248cfVHvq-vDAqo/view	Microbiology (Ph.Eur. 5.1.8 cat C) — Total aerobic microbial count (TAMC)
25	2025-06	CJ062501/1	P050222	Cap Junky	QCSP 001_CJ_v.02	Grade II	CJ_THC22.5:CBD1	9.2	Microbiology — TYMC	20	CFU/g	1217/2168/25	01.12.2025	IPH	https://drive.google.com/file/d/1fkUDfS6LlulEpRzNL248cfVHvq-vDAqo/view	Microbiology (Ph.Eur. 5.1.8 cat C) — Total combined yeasts/moulds count (TYMC)
25	2025-06	CJ062501/1	P050222	Cap Junky	QCSP 001_CJ_v.02	Grade II	CJ_THC22.5:CBD1	9.3	Microbiology — Bile-tolerant gram-negative	<10	CFU/g	1217/2168/25	01.12.2025	IPH	https://drive.google.com/file/d/1fkUDfS6LlulEpRzNL248cfVHvq-vDAqo/view	Microbiology (Ph.Eur. 2.6.12) — Bile-tolerant gram-negative bacteria
25	2025-06	CJ062501/1	P050222	Cap Junky	QCSP 001_CJ_v.02	Grade II	CJ_THC22.5:CBD1	9.4	Microbiology — Salmonella	Odgovara (Absent)	/25 g	1217/2168/25	01.12.2025	IPH	https://drive.google.com/file/d/1fkUDfS6LlulEpRzNL248cfVHvq-vDAqo/view	Microbiology (Ph.Eur. 2.6.31) — Salmonella /25g
25	2025-06	CJ062501/1	P050222	Cap Junky	QCSP 001_CJ_v.02	Grade II	CJ_THC22.5:CBD1	9.5	Microbiology — Escherichia coli	Odgovara (Absent)	/1 g	1217/2168/25	01.12.2025	IPH	https://drive.google.com/file/d/1fkUDfS6LlulEpRzNL248cfVHvq-vDAqo/view	Microbiology (Ph.Eur. 2.6.12) — Escherichia coli /g
25	2025-06	CJ062501/1	P050222	Cap Junky	QCSP 001_CJ_v.02	Grade II	CJ_THC22.5:CBD1	10.1	Mycotoxins — Aflatoxin B1	Missing / not tested	—	—	—	—		—
25	2025-06	CJ062501/1	P050222	Cap Junky	QCSP 001_CJ_v.02	Grade II	CJ_THC22.5:CBD1	10.2	Mycotoxins — Total Aflatoxins (B1+B2+G1+G2)	<2	µg/kg	4907/2025	24.10.2025	IPH	https://drive.google.com/file/d/1fkUDfS6LlulEpRzNL248cfVHvq-vDAqo/view	Mycotoxins (Ph.Eur. 2.8.18, AflaTest fluorometric) — Total aflatoxins (sum B1+B2+G1+G2)
25	2025-06	CJ062501/1	P050222	Cap Junky	QCSP 001_CJ_v.02	Grade II	CJ_THC22.5:CBD1	10.3	Mycotoxins — Ochratoxin A	Missing / not tested	—	—	—	—		—
25	2025-06	CJ062501/1	P050222	Cap Junky	QCSP 001_CJ_v.02	Grade II	CJ_THC22.5:CBD1	11.1	Heavy Metals — Lead (Pb)	0.037	mg/kg	4907/2025	24.10.2025	IPH	https://drive.google.com/file/d/1fkUDfS6LlulEpRzNL248cfVHvq-vDAqo/view	Heavy metals (Ph.Eur. 2.4.27, MKC EN 17851:2023) — Lead (olovo/Pb)
25	2025-06	CJ062501/1	P050222	Cap Junky	QCSP 001_CJ_v.02	Grade II	CJ_THC22.5:CBD1	11.2	Heavy Metals — Cadmium (Cd)	0.002	mg/kg	4907/2025	24.10.2025	IPH	https://drive.google.com/file/d/1fkUDfS6LlulEpRzNL248cfVHvq-vDAqo/view	Heavy metals (Ph.Eur. 2.4.27, MKC EN 17851:2023) — Cadmium (kadmium/Cd)
25	2025-06	CJ062501/1	P050222	Cap Junky	QCSP 001_CJ_v.02	Grade II	CJ_THC22.5:CBD1	11.3	Heavy Metals — Arsenic (As)	0.027	mg/kg	4907/2025	24.10.2025	IPH	https://drive.google.com/file/d/1fkUDfS6LlulEpRzNL248cfVHvq-vDAqo/view	Heavy metals (Ph.Eur. 2.4.27, MKC EN 17851:2023) — Arsenic (arsen/As)
25	2025-06	CJ062501/1	P050222	Cap Junky	QCSP 001_CJ_v.02	Grade II	CJ_THC22.5:CBD1	11.4	Heavy Metals — Mercury (Hg)	0.017	mg/kg	4907/2025	24.10.2025	IPH	https://drive.google.com/file/d/1fkUDfS6LlulEpRzNL248cfVHvq-vDAqo/view	Heavy metals (Ph.Eur. 2.4.27, MKC EN 17851:2023) — Mercury (ziva/Hg)
25	2025-06	CJ062501/1	P050222	Cap Junky	QCSP 001_CJ_v.02	Grade II	CJ_THC22.5:CBD1	12	Pesticide Residues — multi-residue panel	Lindan (Gama HCH): Н.д. (not detected); Aldrin: Н.д. (not detected); Dieldrin i Aldrin (expressed as Dieldrin): Н.д. (not detected); HCB (Hexachlorobenzene): Н.д. (not detected); 4,4' DDE: Н.д. (not detected); 4,4' DDD: Н.д. (not detected); 4,4' DDT: Н.д. (not detected); Vkupno DDT (Total DDT): Н.д. (not detected); delta HCH: Н.д. (not detected); alpha HCH: Н.д. (not detected); beta HCH: Н.д. (not detected); Endrin: Н.д. (not detected); Chlorpyriphos-methyl: Н.д. (not detected); Chlorpyrifos (Chlorpyriphos-ethyl): Н.д. (not detected); Heptachlor (sum of Heptachlor + Heptachlor epoxide): Н.д. (not detected); Endosulfan (alpha, beta and endosulfan sulfate): Н.д. (not detected); Deltamethrin: Н.д. (not detected); Chlordane (sum of cis- and trans-chlordane): Н.д. (not detected); Metoxychlor: Н.д. (not detected); Heptachlor epoxide: Н.д. (not detected); Endrin aldehyde: Н.д. (not detected); alpha Endosulfan: Н.д. (not detected); beta Endosulfan: Н.д. (not detected); Endrin keton: Н.д. (not detected); trans-Chlordane: Н.д. (not detected); cis-Chlordane: Н.д. (not detected); Dieldrin: Н.д. (not detected); Heptachlor: Н.д. (not detected); Endosulfan sulfate: Н.д. (not detected)	—	4907/2025	24.10.2025	IPH	https://drive.google.com/file/d/1fkUDfS6LlulEpRzNL248cfVHvq-vDAqo/view	multi-residue screen, per analyte
26	2025-06	CJ062501/2	P050212	Cap Junky	QCSP 001_CJ_v.02	Grade III	CJ_THC17:CBD1	1	Macroscopic Identification (Test A)	Confirms	—	PP CoA #028	24.01.2026	PP	https://drive.google.com/drive/folders/18cq_J-2LgdJkfgAn6DVey-knx3hMDGez	Appearance
26	2025-06	CJ062501/2	P050212	Cap Junky	QCSP 001_CJ_v.02	Grade III	CJ_THC17:CBD1	2	Microscopic Identification (Test B)	Missing / not tested	—	—	—	—		—
26	2025-06	CJ062501/2	P050212	Cap Junky	QCSP 001_CJ_v.02	Grade III	CJ_THC17:CBD1	3	HPTLC / Chromatographic Identification (Test C)	Confirms	—	ППК25322	23.10.2025	UKIM	https://drive.google.com/file/d/1dAgJ6V4k2PRTlIpFVNjKiKhrTGsC7Bu4/view	Identification (retention time matches standard solution)
26	2025-06	CJ062501/2	P050212	Cap Junky	QCSP 001_CJ_v.02	Grade III	CJ_THC17:CBD1	4	Assay — Total Δ⁹-THC	18.91	%	197-4-К/26	07.08.2026	FARM	https://drive.google.com/file/d/11int6IhHY9t7QgeqdjhyYPW-VyKcISaw/view	Retest cannabinoids — Total Δ9-THC (HPLC/DAD)
26	2025-06	CJ062501/2	P050212	Cap Junky	QCSP 001_CJ_v.02	Grade III	CJ_THC17:CBD1	4	Assay — Total Δ⁹-THC	16.56	%	ППК25322	23.10.2025	UKIM	https://drive.google.com/file/d/1dAgJ6V4k2PRTlIpFVNjKiKhrTGsC7Bu4/view	Assay — Total Δ9-tetrahydrocannabinol
26	2025-06	CJ062501/2	P050212	Cap Junky	QCSP 001_CJ_v.02	Grade III	CJ_THC17:CBD1	5	Assay — Total CBD	<LOQ %w/w	%	197-4-К/26	07.08.2026	FARM	https://drive.google.com/file/d/11int6IhHY9t7QgeqdjhyYPW-VyKcISaw/view	Retest cannabinoids — Total CBD (HPLC/DAD)
26	2025-06	CJ062501/2	P050212	Cap Junky	QCSP 001_CJ_v.02	Grade III	CJ_THC17:CBD1	5	Assay — Total CBD	0.14	%	ППК25322	23.10.2025	UKIM	https://drive.google.com/file/d/1dAgJ6V4k2PRTlIpFVNjKiKhrTGsC7Bu4/view	Assay — Total Cannabidiol
26	2025-06	CJ062501/2	P050212	Cap Junky	QCSP 001_CJ_v.02	Grade III	CJ_THC17:CBD1	6	Total CBN	<LOQ %w/w	%	197-4-К/26	07.08.2026	FARM	https://drive.google.com/file/d/11int6IhHY9t7QgeqdjhyYPW-VyKcISaw/view	Retest cannabinoids — Total CBN (HPLC/DAD)
26	2025-06	CJ062501/2	P050212	Cap Junky	QCSP 001_CJ_v.02	Grade III	CJ_THC17:CBD1	7	Foreign Matter	Confirms	%	PP CoA #028	24.01.2026	PP	https://drive.google.com/drive/folders/18cq_J-2LgdJkfgAn6DVey-knx3hMDGez	Foreign matter
26	2025-06	CJ062501/2	P050212	Cap Junky	QCSP 001_CJ_v.02	Grade III	CJ_THC17:CBD1	8	Loss on Drying	6.70	%	ППК25322	23.10.2025	UKIM	https://drive.google.com/file/d/1dAgJ6V4k2PRTlIpFVNjKiKhrTGsC7Bu4/view	Loss on drying
26	2025-06	CJ062501/2	P050212	Cap Junky	QCSP 001_CJ_v.02	Grade III	CJ_THC17:CBD1	9.1	Microbiology — TAMC	2.2×10^4 CFU/g	CFU/g	1032/1851/25	17.10.2025	IPH	https://drive.google.com/file/d/1dAgJ6V4k2PRTlIpFVNjKiKhrTGsC7Bu4/view	Microbiology (Ph.Eur. 5.1.8 cat C) — Total aerobic microbial count (TAMC)
26	2025-06	CJ062501/2	P050212	Cap Junky	QCSP 001_CJ_v.02	Grade III	CJ_THC17:CBD1	9.2	Microbiology — TYMC	4.9×10^3 CFU/g	CFU/g	1032/1851/25	17.10.2025	IPH	https://drive.google.com/file/d/1dAgJ6V4k2PRTlIpFVNjKiKhrTGsC7Bu4/view	Microbiology (Ph.Eur. 5.1.8 cat C) — Total combined yeasts/moulds count (TYMC)
26	2025-06	CJ062501/2	P050212	Cap Junky	QCSP 001_CJ_v.02	Grade III	CJ_THC17:CBD1	9.3	Microbiology — Bile-tolerant gram-negative	< 10^4 and > 10^3	CFU/g	1032/1851/25	17.10.2025	IPH	https://drive.google.com/file/d/1dAgJ6V4k2PRTlIpFVNjKiKhrTGsC7Bu4/view	Microbiology (Ph.Eur. 2.6.12) — Bile-tolerant gram-negative bacteria
26	2025-06	CJ062501/2	P050212	Cap Junky	QCSP 001_CJ_v.02	Grade III	CJ_THC17:CBD1	9.4	Microbiology — Salmonella	Odgovara (Absent)	/25 g	1032/1851/25	17.10.2025	IPH	https://drive.google.com/file/d/1dAgJ6V4k2PRTlIpFVNjKiKhrTGsC7Bu4/view	Microbiology (Ph.Eur. 2.6.31) — Salmonella /25g
26	2025-06	CJ062501/2	P050212	Cap Junky	QCSP 001_CJ_v.02	Grade III	CJ_THC17:CBD1	9.5	Microbiology — Escherichia coli	Odgovara (Absent)	/1 g	1032/1851/25	17.10.2025	IPH	https://drive.google.com/file/d/1dAgJ6V4k2PRTlIpFVNjKiKhrTGsC7Bu4/view	Microbiology (Ph.Eur. 2.6.12) — Escherichia coli /g
26	2025-06	CJ062501/2	P050212	Cap Junky	QCSP 001_CJ_v.02	Grade III	CJ_THC17:CBD1	10.1	Mycotoxins — Aflatoxin B1	ND µg/kg	µg/kg	197-4-М/26	10.08.2026	FARM	https://drive.google.com/file/d/1Wc1oaI-X7uC5Om5ViP-8vD7r6vgJ9fdZ/view	Retest mycotoxins — Aflatoxin B1
26	2025-06	CJ062501/2	P050212	Cap Junky	QCSP 001_CJ_v.02	Grade III	CJ_THC17:CBD1	10.2	Mycotoxins — Total Aflatoxins (B1+B2+G1+G2)	ND µg/kg	µg/kg	197-4-М/26	10.08.2026	FARM	https://drive.google.com/file/d/1Wc1oaI-X7uC5Om5ViP-8vD7r6vgJ9fdZ/view	Retest mycotoxins — Aflatoxin B2
26	2025-06	CJ062501/2	P050212	Cap Junky	QCSP 001_CJ_v.02	Grade III	CJ_THC17:CBD1	10.2	Mycotoxins — Total Aflatoxins (B1+B2+G1+G2)	ND µg/kg	µg/kg	197-4-М/26	10.08.2026	FARM	https://drive.google.com/file/d/1Wc1oaI-X7uC5Om5ViP-8vD7r6vgJ9fdZ/view	Retest mycotoxins — Aflatoxin G1
26	2025-06	CJ062501/2	P050212	Cap Junky	QCSP 001_CJ_v.02	Grade III	CJ_THC17:CBD1	10.2	Mycotoxins — Total Aflatoxins (B1+B2+G1+G2)	ND µg/kg	µg/kg	197-4-М/26	10.08.2026	FARM	https://drive.google.com/file/d/1Wc1oaI-X7uC5Om5ViP-8vD7r6vgJ9fdZ/view	Retest mycotoxins — Aflatoxin G2
26	2025-06	CJ062501/2	P050212	Cap Junky	QCSP 001_CJ_v.02	Grade III	CJ_THC17:CBD1	10.2	Mycotoxins — Total Aflatoxins (B1+B2+G1+G2)	ND (all four not detected)	µg/kg	197-4-М/26	10.08.2026	FARM	https://drive.google.com/file/d/1Wc1oaI-X7uC5Om5ViP-8vD7r6vgJ9fdZ/view	Retest mycotoxins — Sum aflatoxins B1+B2+G1+G2
26	2025-06	CJ062501/2	P050212	Cap Junky	QCSP 001_CJ_v.02	Grade III	CJ_THC17:CBD1	10.2	Mycotoxins — Total Aflatoxins (B1+B2+G1+G2)	<2	µg/kg	4908/2025	24.10.2025	IPH	https://drive.google.com/file/d/1dAgJ6V4k2PRTlIpFVNjKiKhrTGsC7Bu4/view	Mycotoxins (Ph.Eur. 2.8.18, AflaTest fluorometric) — Total aflatoxins (sum B1+B2+G1+G2)
26	2025-06	CJ062501/2	P050212	Cap Junky	QCSP 001_CJ_v.02	Grade III	CJ_THC17:CBD1	10.3	Mycotoxins — Ochratoxin A	ND µg/kg	µg/kg	197-4-М/26	10.08.2026	FARM	https://drive.google.com/file/d/1Wc1oaI-X7uC5Om5ViP-8vD7r6vgJ9fdZ/view	Retest mycotoxins — Ochratoxin A
26	2025-06	CJ062501/2	P050212	Cap Junky	QCSP 001_CJ_v.02	Grade III	CJ_THC17:CBD1	11.1	Heavy Metals — Lead (Pb)	0.026	mg/kg	4908/2025	24.10.2025	IPH	https://drive.google.com/file/d/1dAgJ6V4k2PRTlIpFVNjKiKhrTGsC7Bu4/view	Heavy metals (Ph.Eur. 2.4.27, MKC EN 17851:2023) — Lead (olovo/Pb)
26	2025-06	CJ062501/2	P050212	Cap Junky	QCSP 001_CJ_v.02	Grade III	CJ_THC17:CBD1	11.2	Heavy Metals — Cadmium (Cd)	0.002	mg/kg	4908/2025	24.10.2025	IPH	https://drive.google.com/file/d/1dAgJ6V4k2PRTlIpFVNjKiKhrTGsC7Bu4/view	Heavy metals (Ph.Eur. 2.4.27, MKC EN 17851:2023) — Cadmium (kadmium/Cd)
26	2025-06	CJ062501/2	P050212	Cap Junky	QCSP 001_CJ_v.02	Grade III	CJ_THC17:CBD1	11.3	Heavy Metals — Arsenic (As)	0.011	mg/kg	4908/2025	24.10.2025	IPH	https://drive.google.com/file/d/1dAgJ6V4k2PRTlIpFVNjKiKhrTGsC7Bu4/view	Heavy metals (Ph.Eur. 2.4.27, MKC EN 17851:2023) — Arsenic (arsen/As)
26	2025-06	CJ062501/2	P050212	Cap Junky	QCSP 001_CJ_v.02	Grade III	CJ_THC17:CBD1	11.4	Heavy Metals — Mercury (Hg)	0.012	mg/kg	4908/2025	24.10.2025	IPH	https://drive.google.com/file/d/1dAgJ6V4k2PRTlIpFVNjKiKhrTGsC7Bu4/view	Heavy metals (Ph.Eur. 2.4.27, MKC EN 17851:2023) — Mercury (ziva/Hg)
26	2025-06	CJ062501/2	P050212	Cap Junky	QCSP 001_CJ_v.02	Grade III	CJ_THC17:CBD1	12	Pesticide Residues — multi-residue panel	Lindan (Gama HCH): Н.д. (not detected); Aldrin: Н.д. (not detected); Dieldrin i Aldrin (expressed as Dieldrin): Н.д. (not detected); HCB (Hexachlorobenzene): Н.д. (not detected); 4,4' DDE: Н.д. (not detected); 4,4' DDD: Н.д. (not detected); 4,4' DDT: Н.д. (not detected); Vkupno DDT (Total DDT): Н.д. (not detected); delta HCH: Н.д. (not detected); alpha HCH: Н.д. (not detected); beta HCH: Н.д. (not detected); Endrin: Н.д. (not detected); Chlorpyriphos-methyl: Н.д. (not detected); Chlorpyrifos (Chlorpyriphos-ethyl): Н.д. (not detected); Heptachlor (sum of Heptachlor + Heptachlor epoxide): Н.д. (not detected); Endosulfan (alpha, beta and endosulfan sulfate): Н.д. (not detected); Deltamethrin: Н.д. (not detected); Chlordane (sum of cis- and trans-chlordane): Н.д. (not detected); Metoxychlor: Н.д. (not detected); Heptachlor epoxide: Н.д. (not detected); Endrin aldehyde: Н.д. (not detected); alpha Endosulfan: Н.д. (not detected); beta Endosulfan: Н.д. (not detected); Endrin keton: Н.д. (not detected); trans-Chlordane: Н.д. (not detected); cis-Chlordane: Н.д. (not detected); Dieldrin: Н.д. (not detected); Heptachlor: Н.д. (not detected); Endosulfan sulfate: Н.д. (not detected)	—	4908/2025	24.10.2025	IPH	https://drive.google.com/file/d/1dAgJ6V4k2PRTlIpFVNjKiKhrTGsC7Bu4/view	multi-residue screen, per analyte
27	2025-06	GP062501	P050202	Grape Pie	QCSP 001_GP_v.02	Grade II	GP_THC24:CBD1	1	Macroscopic Identification (Test A)	Confirms	—	PP CoA #016	04.10.2025	PP	https://drive.google.com/drive/folders/1eeMBa2sjh7BTX5HJvNIZLTZ2kWNumzoz	Appearance
27	2025-06	GP062501	P050202	Grape Pie	QCSP 001_GP_v.02	Grade II	GP_THC24:CBD1	2	Microscopic Identification (Test B)	Missing / not tested	—	—	—	—		—
27	2025-06	GP062501	P050202	Grape Pie	QCSP 001_GP_v.02	Grade II	GP_THC24:CBD1	3	HPTLC / Chromatographic Identification (Test C)	Confirms	—	In-house HPLC cross-check NPCCC/SCP-02, NGP/QCG/SOP-024	28.11.2025	PP	https://drive.google.com/file/d/1Rjfrp711cZnXxVJ13Vc23fejhFSbErM_/view	Identification (retention time of each cannabinoid matches standard solution)
27	2025-06	GP062501	P050202	Grape Pie	QCSP 001_GP_v.02	Grade II	GP_THC24:CBD1	4	Assay — Total Δ⁹-THC	24.89	%	In-house HPLC cross-check NPCCC/SCP-02, NGP/QCG/SOP-024	28.11.2025	PP	https://drive.google.com/file/d/1Rjfrp711cZnXxVJ13Vc23fejhFSbErM_/view	Assay — Total Δ9-tetrahydrocannabinol
27	2025-06	GP062501	P050202	Grape Pie	QCSP 001_GP_v.02	Grade II	GP_THC24:CBD1	5	Assay — Total CBD	0.17	%	In-house HPLC cross-check NPCCC/SCP-02, NGP/QCG/SOP-024	28.11.2025	PP	https://drive.google.com/file/d/1Rjfrp711cZnXxVJ13Vc23fejhFSbErM_/view	Assay — Total Cannabidiol
27	2025-06	GP062501	P050202	Grape Pie	QCSP 001_GP_v.02	Grade II	GP_THC24:CBD1	6	Total CBN	Missing / not tested	—	—	—	—		—
27	2025-06	GP062501	P050202	Grape Pie	QCSP 001_GP_v.02	Grade II	GP_THC24:CBD1	7	Foreign Matter	Confirms	%	PP CoA #016	04.10.2025	PP	https://drive.google.com/drive/folders/1eeMBa2sjh7BTX5HJvNIZLTZ2kWNumzoz	Foreign matter
27	2025-06	GP062501	P050202	Grape Pie	QCSP 001_GP_v.02	Grade II	GP_THC24:CBD1	8	Loss on Drying	8.19% (avg of 4 weighings 51-1,51-2,52-1,52-2)	%	In-house HPLC cross-check NPCCC/SCP-02, NGP/QCG/SOP-024	28.11.2025	PP	https://drive.google.com/file/d/1Rjfrp711cZnXxVJ13Vc23fejhFSbErM_/view	Loss on drying
27	2025-06	GP062501	P050202	Grape Pie	QCSP 001_GP_v.02	Grade II	GP_THC24:CBD1	9.1	Microbiology — TAMC	1.3×10^4 CFU/g	CFU/g	1009/1813/25	08.10.2025	IPH	https://drive.google.com/file/d/1Rjfrp711cZnXxVJ13Vc23fejhFSbErM_/view	Microbiology (Ph.Eur. 5.1.8 cat C) — Total aerobic microbial count (TAMC)
27	2025-06	GP062501	P050202	Grape Pie	QCSP 001_GP_v.02	Grade II	GP_THC24:CBD1	9.1	Microbiology — TAMC	600	CFU/g	1155/2056/25	24.11.2025	IPH	https://drive.google.com/file/d/1Rjfrp711cZnXxVJ13Vc23fejhFSbErM_/view	Microbiology (Ph.Eur. 5.1.8 cat C) — Total aerobic microbial count (TAMC)
27	2025-06	GP062501	P050202	Grape Pie	QCSP 001_GP_v.02	Grade II	GP_THC24:CBD1	9.2	Microbiology — TYMC	4.2×10^3 CFU/g	CFU/g	1009/1813/25	08.10.2025	IPH	https://drive.google.com/file/d/1Rjfrp711cZnXxVJ13Vc23fejhFSbErM_/view	Microbiology (Ph.Eur. 5.1.8 cat C) — Total combined yeasts/moulds count (TYMC)
27	2025-06	GP062501	P050202	Grape Pie	QCSP 001_GP_v.02	Grade II	GP_THC24:CBD1	9.2	Microbiology — TYMC	400	CFU/g	1155/2056/25	24.11.2025	IPH	https://drive.google.com/file/d/1Rjfrp711cZnXxVJ13Vc23fejhFSbErM_/view	Microbiology (Ph.Eur. 5.1.8 cat C) — Total combined yeasts/moulds count (TYMC)
27	2025-06	GP062501	P050202	Grape Pie	QCSP 001_GP_v.02	Grade II	GP_THC24:CBD1	9.3	Microbiology — Bile-tolerant gram-negative	<10^1 and >10^1	CFU/g	1009/1813/25	08.10.2025	IPH	https://drive.google.com/file/d/1Rjfrp711cZnXxVJ13Vc23fejhFSbErM_/view	Microbiology (Ph.Eur. 2.6.12) — Bile-tolerant gram-negative bacteria
27	2025-06	GP062501	P050202	Grape Pie	QCSP 001_GP_v.02	Grade II	GP_THC24:CBD1	9.3	Microbiology — Bile-tolerant gram-negative	<10	CFU/g	1155/2056/25	24.11.2025	IPH	https://drive.google.com/file/d/1Rjfrp711cZnXxVJ13Vc23fejhFSbErM_/view	Microbiology (Ph.Eur. 2.6.12) — Bile-tolerant gram-negative bacteria
27	2025-06	GP062501	P050202	Grape Pie	QCSP 001_GP_v.02	Grade II	GP_THC24:CBD1	9.4	Microbiology — Salmonella	Odgovara (Absent)	/25 g	1009/1813/25	08.10.2025	IPH	https://drive.google.com/file/d/1Rjfrp711cZnXxVJ13Vc23fejhFSbErM_/view	Microbiology (Ph.Eur. 2.6.31) — Salmonella /25g
27	2025-06	GP062501	P050202	Grape Pie	QCSP 001_GP_v.02	Grade II	GP_THC24:CBD1	9.4	Microbiology — Salmonella	Odgovara (Absent)	/25 g	1155/2056/25	24.11.2025	IPH	https://drive.google.com/file/d/1Rjfrp711cZnXxVJ13Vc23fejhFSbErM_/view	Microbiology (Ph.Eur. 2.6.31) — Salmonella /25g
27	2025-06	GP062501	P050202	Grape Pie	QCSP 001_GP_v.02	Grade II	GP_THC24:CBD1	9.5	Microbiology — Escherichia coli	Odgovara (Absent)	/1 g	1009/1813/25	08.10.2025	IPH	https://drive.google.com/file/d/1Rjfrp711cZnXxVJ13Vc23fejhFSbErM_/view	Microbiology (Ph.Eur. 2.6.12) — Escherichia coli /g
27	2025-06	GP062501	P050202	Grape Pie	QCSP 001_GP_v.02	Grade II	GP_THC24:CBD1	9.5	Microbiology — Escherichia coli	Odgovara (Absent)	/1 g	1155/2056/25	24.11.2025	IPH	https://drive.google.com/file/d/1Rjfrp711cZnXxVJ13Vc23fejhFSbErM_/view	Microbiology (Ph.Eur. 2.6.12) — Escherichia coli /g
27	2025-06	GP062501	P050202	Grape Pie	QCSP 001_GP_v.02	Grade II	GP_THC24:CBD1	10.1	Mycotoxins — Aflatoxin B1	Missing / not tested	—	—	—	—		—
27	2025-06	GP062501	P050202	Grape Pie	QCSP 001_GP_v.02	Grade II	GP_THC24:CBD1	10.2	Mycotoxins — Total Aflatoxins (B1+B2+G1+G2)	<2	µg/kg	4762/2025	08.10.2025	IPH	https://drive.google.com/file/d/1Rjfrp711cZnXxVJ13Vc23fejhFSbErM_/view	Mycotoxins (Ph.Eur. 2.8.18, AflaTest fluorometric) — Total aflatoxins (sum B1+B2+G1+G2)
27	2025-06	GP062501	P050202	Grape Pie	QCSP 001_GP_v.02	Grade II	GP_THC24:CBD1	10.3	Mycotoxins — Ochratoxin A	Missing / not tested	—	—	—	—		—
27	2025-06	GP062501	P050202	Grape Pie	QCSP 001_GP_v.02	Grade II	GP_THC24:CBD1	11.1	Heavy Metals — Lead (Pb)	0.077	mg/kg	4762/2025	08.10.2025	IPH	https://drive.google.com/file/d/1Rjfrp711cZnXxVJ13Vc23fejhFSbErM_/view	Heavy metals (Ph.Eur. 2.4.27, MKC EN 17851:2023) — Lead (olovo/Pb)
27	2025-06	GP062501	P050202	Grape Pie	QCSP 001_GP_v.02	Grade II	GP_THC24:CBD1	11.2	Heavy Metals — Cadmium (Cd)	0.014	mg/kg	4762/2025	08.10.2025	IPH	https://drive.google.com/file/d/1Rjfrp711cZnXxVJ13Vc23fejhFSbErM_/view	Heavy metals (Ph.Eur. 2.4.27, MKC EN 17851:2023) — Cadmium (kadmium/Cd)
27	2025-06	GP062501	P050202	Grape Pie	QCSP 001_GP_v.02	Grade II	GP_THC24:CBD1	11.3	Heavy Metals — Arsenic (As)	0.024	mg/kg	4762/2025	08.10.2025	IPH	https://drive.google.com/file/d/1Rjfrp711cZnXxVJ13Vc23fejhFSbErM_/view	Heavy metals (Ph.Eur. 2.4.27, MKC EN 17851:2023) — Arsenic (arsen/As)
27	2025-06	GP062501	P050202	Grape Pie	QCSP 001_GP_v.02	Grade II	GP_THC24:CBD1	11.4	Heavy Metals — Mercury (Hg)	0.011	mg/kg	4762/2025	08.10.2025	IPH	https://drive.google.com/file/d/1Rjfrp711cZnXxVJ13Vc23fejhFSbErM_/view	Heavy metals (Ph.Eur. 2.4.27, MKC EN 17851:2023) — Mercury (ziva/Hg)
27	2025-06	GP062501	P050202	Grape Pie	QCSP 001_GP_v.02	Grade II	GP_THC24:CBD1	12	Pesticide Residues — multi-residue panel	Lindan (Gama HCH): Н.д. (not detected); Aldrin: Н.д. (not detected); Dieldrin i Aldrin (expressed as Dieldrin): Н.д. (not detected); HCB (Hexachlorobenzene): Н.д. (not detected); 4,4' DDE: Н.д. (not detected); 4,4' DDD: Н.д. (not detected); 4,4' DDT: Н.д. (not detected); Vkupno DDT (Total DDT): Н.д. (not detected); delta HCH: Н.д. (not detected); alpha HCH: Н.д. (not detected); beta HCH: Н.д. (not detected); Endrin: Н.д. (not detected); Chlorpyriphos-methyl: Н.д. (not detected); Chlorpyrifos (Chlorpyriphos-ethyl): Н.д. (not detected); Heptachlor (sum of Heptachlor + Heptachlor epoxide): Н.д. (not detected); Endosulfan (alpha, beta and endosulfan sulfate): Н.д. (not detected); Deltamethrin: Н.д. (not detected); Chlordane (sum of cis- and trans-chlordane): Н.д. (not detected); Metoxychlor: Н.д. (not detected); Heptachlor epoxide: Н.д. (not detected); Endrin aldehyde: Н.д. (not detected); alpha Endosulfan: Н.д. (not detected); beta Endosulfan: Н.д. (not detected); Endrin keton: Н.д. (not detected); trans-Chlordane: Н.д. (not detected); cis-Chlordane: Н.д. (not detected); Dieldrin: Н.д. (not detected); Heptachlor: Н.д. (not detected); Endosulfan sulfate: Н.д. (not detected)	—	4762/2025	08.10.2025	IPH	https://drive.google.com/file/d/1Rjfrp711cZnXxVJ13Vc23fejhFSbErM_/view	multi-residue screen, per analyte
28	2025-07	CJ072501	P050252	Cap Junky	QCSP 001_CJ_v.02	Grade II	CJ_THC22.5:CBD1	1	Macroscopic Identification (Test A)	Missing / not tested	—	—	—	—		—
28	2025-07	CJ072501	P050252	Cap Junky	QCSP 001_CJ_v.02	Grade II	CJ_THC22.5:CBD1	2	Microscopic Identification (Test B)	Missing / not tested	—	—	—	—		—
28	2025-07	CJ072501	P050252	Cap Junky	QCSP 001_CJ_v.02	Grade II	CJ_THC22.5:CBD1	3	HPTLC / Chromatographic Identification (Test C)	Missing / not tested	—	—	—	—		—
28	2025-07	CJ072501	P050252	Cap Junky	QCSP 001_CJ_v.02	Grade II	CJ_THC22.5:CBD1	4	Assay — Total Δ⁹-THC	23.70	%	ППК25367	28.11.2025	UKIM	https://drive.google.com/file/d/1QnEUz7BY3nAjzhZ_NY6GDo8jGJZaeLlM/view	Assay — Total Δ9-tetrahydrocannabinol
28	2025-07	CJ072501	P050252	Cap Junky	QCSP 001_CJ_v.02	Grade II	CJ_THC22.5:CBD1	5	Assay — Total CBD	0.09	%	ППК25367	28.11.2025	UKIM	https://drive.google.com/file/d/1QnEUz7BY3nAjzhZ_NY6GDo8jGJZaeLlM/view	Assay — Total Cannabidiol
28	2025-07	CJ072501	P050252	Cap Junky	QCSP 001_CJ_v.02	Grade II	CJ_THC22.5:CBD1	6	Total CBN	Missing / not tested	—	—	—	—		—
28	2025-07	CJ072501	P050252	Cap Junky	QCSP 001_CJ_v.02	Grade II	CJ_THC22.5:CBD1	7	Foreign Matter	Missing / not tested	—	—	—	—		—
28	2025-07	CJ072501	P050252	Cap Junky	QCSP 001_CJ_v.02	Grade II	CJ_THC22.5:CBD1	8	Loss on Drying	8.22	%	ППК25367	28.11.2025	UKIM	https://drive.google.com/file/d/1QnEUz7BY3nAjzhZ_NY6GDo8jGJZaeLlM/view	Loss on drying
28	2025-07	CJ072501	P050252	Cap Junky	QCSP 001_CJ_v.02	Grade II	CJ_THC22.5:CBD1	9.1	Microbiology — TAMC	4.5×10^3 CFU/g	CFU/g	1218/2169/25	01.12.2025	IPH	https://drive.google.com/file/d/1QnEUz7BY3nAjzhZ_NY6GDo8jGJZaeLlM/view	Microbiology (Ph.Eur. 5.1.8 cat C) — Total aerobic microbial count (TAMC)
28	2025-07	CJ072501	P050252	Cap Junky	QCSP 001_CJ_v.02	Grade II	CJ_THC22.5:CBD1	9.2	Microbiology — TYMC	3.5×10^3 CFU/g	CFU/g	1218/2169/25	01.12.2025	IPH	https://drive.google.com/file/d/1QnEUz7BY3nAjzhZ_NY6GDo8jGJZaeLlM/view	Microbiology (Ph.Eur. 5.1.8 cat C) — Total combined yeasts/moulds count (TYMC)
28	2025-07	CJ072501	P050252	Cap Junky	QCSP 001_CJ_v.02	Grade II	CJ_THC22.5:CBD1	9.3	Microbiology — Bile-tolerant gram-negative	<10	CFU/g	1218/2169/25	01.12.2025	IPH	https://drive.google.com/file/d/1QnEUz7BY3nAjzhZ_NY6GDo8jGJZaeLlM/view	Microbiology (Ph.Eur. 2.6.12) — Bile-tolerant gram-negative bacteria
28	2025-07	CJ072501	P050252	Cap Junky	QCSP 001_CJ_v.02	Grade II	CJ_THC22.5:CBD1	9.4	Microbiology — Salmonella	Odgovara (Absent)	/25 g	1218/2169/25	01.12.2025	IPH	https://drive.google.com/file/d/1QnEUz7BY3nAjzhZ_NY6GDo8jGJZaeLlM/view	Microbiology (Ph.Eur. 2.6.31) — Salmonella /25g
28	2025-07	CJ072501	P050252	Cap Junky	QCSP 001_CJ_v.02	Grade II	CJ_THC22.5:CBD1	9.5	Microbiology — Escherichia coli	Odgovara (Absent)	/1 g	1218/2169/25	01.12.2025	IPH	https://drive.google.com/file/d/1QnEUz7BY3nAjzhZ_NY6GDo8jGJZaeLlM/view	Microbiology (Ph.Eur. 2.6.12) — Escherichia coli /g
28	2025-07	CJ072501	P050252	Cap Junky	QCSP 001_CJ_v.02	Grade II	CJ_THC22.5:CBD1	10.1	Mycotoxins — Aflatoxin B1	Missing / not tested	—	—	—	—		—
28	2025-07	CJ072501	P050252	Cap Junky	QCSP 001_CJ_v.02	Grade II	CJ_THC22.5:CBD1	10.2	Mycotoxins — Total Aflatoxins (B1+B2+G1+G2)	<2	µg/kg	5697/2025	02.12.2025	IPH	https://drive.google.com/file/d/1QnEUz7BY3nAjzhZ_NY6GDo8jGJZaeLlM/view	Mycotoxins (Ph.Eur. 2.8.18, AflaTest fluorometric) — Total aflatoxins (sum B1+B2+G1+G2)
28	2025-07	CJ072501	P050252	Cap Junky	QCSP 001_CJ_v.02	Grade II	CJ_THC22.5:CBD1	10.3	Mycotoxins — Ochratoxin A	Missing / not tested	—	—	—	—		—
28	2025-07	CJ072501	P050252	Cap Junky	QCSP 001_CJ_v.02	Grade II	CJ_THC22.5:CBD1	11.1	Heavy Metals — Lead (Pb)	0.013	mg/kg	5697/2025	02.12.2025	IPH	https://drive.google.com/file/d/1QnEUz7BY3nAjzhZ_NY6GDo8jGJZaeLlM/view	Heavy metals (Ph.Eur. 2.4.27, MKC EN 17851:2023) — Lead (olovo/Pb)
28	2025-07	CJ072501	P050252	Cap Junky	QCSP 001_CJ_v.02	Grade II	CJ_THC22.5:CBD1	11.2	Heavy Metals — Cadmium (Cd)	0.004	mg/kg	5697/2025	02.12.2025	IPH	https://drive.google.com/file/d/1QnEUz7BY3nAjzhZ_NY6GDo8jGJZaeLlM/view	Heavy metals (Ph.Eur. 2.4.27, MKC EN 17851:2023) — Cadmium (kadmium/Cd)
28	2025-07	CJ072501	P050252	Cap Junky	QCSP 001_CJ_v.02	Grade II	CJ_THC22.5:CBD1	11.3	Heavy Metals — Arsenic (As)	0.011	mg/kg	5697/2025	02.12.2025	IPH	https://drive.google.com/file/d/1QnEUz7BY3nAjzhZ_NY6GDo8jGJZaeLlM/view	Heavy metals (Ph.Eur. 2.4.27, MKC EN 17851:2023) — Arsenic (arsen/As)
28	2025-07	CJ072501	P050252	Cap Junky	QCSP 001_CJ_v.02	Grade II	CJ_THC22.5:CBD1	11.4	Heavy Metals — Mercury (Hg)	0.002	mg/kg	5697/2025	02.12.2025	IPH	https://drive.google.com/file/d/1QnEUz7BY3nAjzhZ_NY6GDo8jGJZaeLlM/view	Heavy metals (Ph.Eur. 2.4.27, MKC EN 17851:2023) — Mercury (ziva/Hg)
28	2025-07	CJ072501	P050252	Cap Junky	QCSP 001_CJ_v.02	Grade II	CJ_THC22.5:CBD1	12	Pesticide Residues — multi-residue panel	Lindan (Gama HCH): Н.д. (not detected); Aldrin: Н.д. (not detected); Dieldrin i Aldrin (expressed as Dieldrin): Н.д. (not detected); HCB (Hexachlorobenzene): Н.д. (not detected); 4,4' DDE: Н.д. (not detected); 4,4' DDD: Н.д. (not detected); 4,4' DDT: Н.д. (not detected); Vkupno DDT (Total DDT): Н.д. (not detected); delta HCH: Н.д. (not detected); alpha HCH: Н.д. (not detected); beta HCH: Н.д. (not detected); Endrin: Н.д. (not detected); Chlorpyriphos-methyl: Н.д. (not detected); Chlorpyrifos (Chlorpyriphos-ethyl): Н.д. (not detected); Heptachlor (sum of Heptachlor + Heptachlor epoxide): Н.д. (not detected); Endosulfan (alpha, beta and endosulfan sulfate): Н.д. (not detected); Deltamethrin: Н.д. (not detected); Chlordane (sum of cis- and trans-chlordane): Н.д. (not detected); Metoxychlor: Н.д. (not detected); Heptachlor epoxide: Н.д. (not detected); Endrin aldehyde: Н.д. (not detected); alpha Endosulfan: Н.д. (not detected); beta Endosulfan: Н.д. (not detected); Endrin keton: Н.д. (not detected); trans-Chlordane: Н.д. (not detected); cis-Chlordane: Н.д. (not detected); Dieldrin: Н.д. (not detected); Heptachlor: Н.д. (not detected); Endosulfan sulfate: Н.д. (not detected)	—	5697/2025	02.12.2025	IPH	https://drive.google.com/file/d/1QnEUz7BY3nAjzhZ_NY6GDo8jGJZaeLlM/view	multi-residue screen, per analyte
29	2025-07	CLE072501	P050282	Clemosa a bud	QCSP 001_CLE_v.02	Grade V	CLE_THC7.5:CBD1	1	Macroscopic Identification (Test A)	Missing / not tested	—	—	—	—		—
29	2025-07	CLE072501	P050282	Clemosa a bud	QCSP 001_CLE_v.02	Grade V	CLE_THC7.5:CBD1	2	Microscopic Identification (Test B)	Missing / not tested	—	—	—	—		—
29	2025-07	CLE072501	P050282	Clemosa a bud	QCSP 001_CLE_v.02	Grade V	CLE_THC7.5:CBD1	3	HPTLC / Chromatographic Identification (Test C)	Missing / not tested	—	—	—	—		—
29	2025-07	CLE072501	P050282	Clemosa a bud	QCSP 001_CLE_v.02	Grade V	CLE_THC7.5:CBD1	4	Assay — Total Δ⁹-THC	8.02	%	PP CoA #027 / ППК25370	21.01.2026	UKIM	https://drive.google.com/file/d/1_DquROd31IAVKT8ostmfDz_kZQcapBGv/view	Assay — Total Δ9-tetrahydrocannabinol
29	2025-07	CLE072501	P050282	Clemosa a bud	QCSP 001_CLE_v.02	Grade V	CLE_THC7.5:CBD1	5	Assay — Total CBD	0.04	%	PP CoA #027 / ППК25370	21.01.2026	UKIM	https://drive.google.com/file/d/1_DquROd31IAVKT8ostmfDz_kZQcapBGv/view	Assay — Total Cannabidiol
29	2025-07	CLE072501	P050282	Clemosa a bud	QCSP 001_CLE_v.02	Grade V	CLE_THC7.5:CBD1	6	Total CBN	Missing / not tested	—	—	—	—		—
29	2025-07	CLE072501	P050282	Clemosa a bud	QCSP 001_CLE_v.02	Grade V	CLE_THC7.5:CBD1	7	Foreign Matter	Missing / not tested	—	—	—	—		—
29	2025-07	CLE072501	P050282	Clemosa a bud	QCSP 001_CLE_v.02	Grade V	CLE_THC7.5:CBD1	8	Loss on Drying	9.68	%	PP CoA #027 / ППК25370	21.01.2026	UKIM	https://drive.google.com/file/d/1_DquROd31IAVKT8ostmfDz_kZQcapBGv/view	Loss on drying
29	2025-07	CLE072501	P050282	Clemosa a bud	QCSP 001_CLE_v.02	Grade V	CLE_THC7.5:CBD1	9.1	Microbiology — TAMC	<10	CFU/g	1219/2170/25	26.11.2025	IPH	https://drive.google.com/file/d/1_DquROd31IAVKT8ostmfDz_kZQcapBGv/view	Microbiology — Total aerobic microbial count (TAMC)
29	2025-07	CLE072501	P050282	Clemosa a bud	QCSP 001_CLE_v.02	Grade V	CLE_THC7.5:CBD1	9.2	Microbiology — TYMC	<10	CFU/g	1219/2170/25	26.11.2025	IPH	https://drive.google.com/file/d/1_DquROd31IAVKT8ostmfDz_kZQcapBGv/view	Microbiology — Total combined yeasts/moulds count (TYMC)
29	2025-07	CLE072501	P050282	Clemosa a bud	QCSP 001_CLE_v.02	Grade V	CLE_THC7.5:CBD1	9.3	Microbiology — Bile-tolerant gram-negative	<10	CFU/g	1219/2170/25	26.11.2025	IPH	https://drive.google.com/file/d/1_DquROd31IAVKT8ostmfDz_kZQcapBGv/view	Microbiology — Bile-tolerant gram-negative bacteria
29	2025-07	CLE072501	P050282	Clemosa a bud	QCSP 001_CLE_v.02	Grade V	CLE_THC7.5:CBD1	9.4	Microbiology — Salmonella	Odgovara (Absent)	/25 g	1219/2170/25	26.11.2025	IPH	https://drive.google.com/file/d/1_DquROd31IAVKT8ostmfDz_kZQcapBGv/view	Microbiology — Salmonella /25g
29	2025-07	CLE072501	P050282	Clemosa a bud	QCSP 001_CLE_v.02	Grade V	CLE_THC7.5:CBD1	9.5	Microbiology — Escherichia coli	Odgovara (Absent)	/1 g	1219/2170/25	26.11.2025	IPH	https://drive.google.com/file/d/1_DquROd31IAVKT8ostmfDz_kZQcapBGv/view	Microbiology — Escherichia coli /g
29	2025-07	CLE072501	P050282	Clemosa a bud	QCSP 001_CLE_v.02	Grade V	CLE_THC7.5:CBD1	10.1	Mycotoxins — Aflatoxin B1	Missing / not tested	—	—	—	—		—
29	2025-07	CLE072501	P050282	Clemosa a bud	QCSP 001_CLE_v.02	Grade V	CLE_THC7.5:CBD1	10.2	Mycotoxins — Total Aflatoxins (B1+B2+G1+G2)	2.2	µg/kg	5700/2025	02.12.2025	IPH	https://drive.google.com/file/d/1_DquROd31IAVKT8ostmfDz_kZQcapBGv/view	Mycotoxins — Total aflatoxins
29	2025-07	CLE072501	P050282	Clemosa a bud	QCSP 001_CLE_v.02	Grade V	CLE_THC7.5:CBD1	10.3	Mycotoxins — Ochratoxin A	Missing / not tested	—	—	—	—		—
29	2025-07	CLE072501	P050282	Clemosa a bud	QCSP 001_CLE_v.02	Grade V	CLE_THC7.5:CBD1	11.1	Heavy Metals — Lead (Pb)	0.032	mg/kg	5700/2025	02.12.2025	IPH	https://drive.google.com/file/d/1_DquROd31IAVKT8ostmfDz_kZQcapBGv/view	Heavy metals (Ph.Eur. 2.4.27, MKC EN 17851:2023) — Lead (olovo/Pb)
29	2025-07	CLE072501	P050282	Clemosa a bud	QCSP 001_CLE_v.02	Grade V	CLE_THC7.5:CBD1	11.2	Heavy Metals — Cadmium (Cd)	0.002	mg/kg	5700/2025	02.12.2025	IPH	https://drive.google.com/file/d/1_DquROd31IAVKT8ostmfDz_kZQcapBGv/view	Heavy metals (Ph.Eur. 2.4.27, MKC EN 17851:2023) — Cadmium (kadmium/Cd)
29	2025-07	CLE072501	P050282	Clemosa a bud	QCSP 001_CLE_v.02	Grade V	CLE_THC7.5:CBD1	11.3	Heavy Metals — Arsenic (As)	0.013	mg/kg	5700/2025	02.12.2025	IPH	https://drive.google.com/file/d/1_DquROd31IAVKT8ostmfDz_kZQcapBGv/view	Heavy metals (Ph.Eur. 2.4.27, MKC EN 17851:2023) — Arsenic (arsen/As)
29	2025-07	CLE072501	P050282	Clemosa a bud	QCSP 001_CLE_v.02	Grade V	CLE_THC7.5:CBD1	11.4	Heavy Metals — Mercury (Hg)	0.021	mg/kg	5700/2025	02.12.2025	IPH	https://drive.google.com/file/d/1_DquROd31IAVKT8ostmfDz_kZQcapBGv/view	Heavy metals (Ph.Eur. 2.4.27, MKC EN 17851:2023) — Mercury (ziva/Hg)
29	2025-07	CLE072501	P050282	Clemosa a bud	QCSP 001_CLE_v.02	Grade V	CLE_THC7.5:CBD1	12	Pesticide Residues — multi-residue panel	Lindan (Gama HCH): Н.д. (not detected); Aldrin: Н.д. (not detected); Dieldrin i Aldrin (expressed as Dieldrin): Н.д. (not detected); HCB (Hexachlorobenzene): Н.д. (not detected); 4,4' DDE: Н.д. (not detected); 4,4' DDD: Н.д. (not detected); 4,4' DDT: Н.д. (not detected); Vkupno DDT (Total DDT): Н.д. (not detected); delta HCH: Н.д. (not detected); alpha HCH: Н.д. (not detected); beta HCH: Н.д. (not detected); Endrin: Н.д. (not detected); Chlorpyriphos-methyl: Н.д. (not detected); Chlorpyrifos (Chlorpyriphos-ethyl): Н.д. (not detected); Heptachlor (sum of Heptachlor + Heptachlor epoxide): Н.д. (not detected); Endosulfan (alpha, beta and endosulfan sulfate): Н.д. (not detected); Deltamethrin: Н.д. (not detected); Chlordane (sum of cis- and trans-chlordane): Н.д. (not detected); Metoxychlor: Н.д. (not detected); Heptachlor epoxide: Н.д. (not detected); Endrin aldehyde: Н.д. (not detected); alpha Endosulfan: Н.д. (not detected); beta Endosulfan: Н.д. (not detected); Endrin keton: Н.д. (not detected); trans-Chlordane: Н.д. (not detected); cis-Chlordane: Н.д. (not detected); Dieldrin: Н.д. (not detected); Heptachlor: Н.д. (not detected); Endosulfan sulfate: Н.д. (not detected)	—	5700/2025	02.12.2025	IPH	https://drive.google.com/file/d/1_DquROd31IAVKT8ostmfDz_kZQcapBGv/view	multi-residue screen, per analyte
30	2025-07	GP072501/1	P050292	Grape Pie	QCSP 001_GP_v.02	Grade III	GP_THC20:CBD1	1	Macroscopic Identification (Test A)	Missing / not tested	—	—	—	—		—
30	2025-07	GP072501/1	P050292	Grape Pie	QCSP 001_GP_v.02	Grade III	GP_THC20:CBD1	2	Microscopic Identification (Test B)	Missing / not tested	—	—	—	—		—
30	2025-07	GP072501/1	P050292	Grape Pie	QCSP 001_GP_v.02	Grade III	GP_THC20:CBD1	3	HPTLC / Chromatographic Identification (Test C)	Missing / not tested	—	—	—	—		—
30	2025-07	GP072501/1	P050292	Grape Pie	QCSP 001_GP_v.02	Grade III	GP_THC20:CBD1	4	Assay — Total Δ⁹-THC	21.36	%	PP CoA #018 / ППК25378	21.01.2026	UKIM	https://drive.google.com/file/d/1aOn1obLWCokQiMQe3hDS8JXD5sj4EOKb/view	Assay — Total Δ9-tetrahydrocannabinol
30	2025-07	GP072501/1	P050292	Grape Pie	QCSP 001_GP_v.02	Grade III	GP_THC20:CBD1	5	Assay — Total CBD	0.11	%	PP CoA #018 / ППК25378	21.01.2026	UKIM	https://drive.google.com/file/d/1aOn1obLWCokQiMQe3hDS8JXD5sj4EOKb/view	Assay — Total Cannabidiol
30	2025-07	GP072501/1	P050292	Grape Pie	QCSP 001_GP_v.02	Grade III	GP_THC20:CBD1	6	Total CBN	Missing / not tested	—	—	—	—		—
30	2025-07	GP072501/1	P050292	Grape Pie	QCSP 001_GP_v.02	Grade III	GP_THC20:CBD1	7	Foreign Matter	Missing / not tested	—	—	—	—		—
30	2025-07	GP072501/1	P050292	Grape Pie	QCSP 001_GP_v.02	Grade III	GP_THC20:CBD1	8	Loss on Drying	6.62	%	PP CoA #018 / ППК25378	21.01.2026	UKIM	https://drive.google.com/file/d/1aOn1obLWCokQiMQe3hDS8JXD5sj4EOKb/view	Loss on drying
30	2025-07	GP072501/1	P050292	Grape Pie	QCSP 001_GP_v.02	Grade III	GP_THC20:CBD1	9.1	Microbiology — TAMC	6×10^3 CFU/g	CFU/g	1228/2194/25	Issued ~Dec 2025	IPH	https://drive.google.com/file/d/1aOn1obLWCokQiMQe3hDS8JXD5sj4EOKb/view	Microbiology (Ph.Eur. 5.1.8 cat C) — Total aerobic microbial count (TAMC)
30	2025-07	GP072501/1	P050292	Grape Pie	QCSP 001_GP_v.02	Grade III	GP_THC20:CBD1	9.2	Microbiology — TYMC	6.5×10^3 CFU/g	CFU/g	1228/2194/25	Issued ~Dec 2025	IPH	https://drive.google.com/file/d/1aOn1obLWCokQiMQe3hDS8JXD5sj4EOKb/view	Microbiology (Ph.Eur. 5.1.8 cat C) — Total combined yeasts/moulds count (TYMC)
30	2025-07	GP072501/1	P050292	Grape Pie	QCSP 001_GP_v.02	Grade III	GP_THC20:CBD1	9.3	Microbiology — Bile-tolerant gram-negative	<10	CFU/g	1228/2194/25	Issued ~Dec 2025	IPH	https://drive.google.com/file/d/1aOn1obLWCokQiMQe3hDS8JXD5sj4EOKb/view	Microbiology (Ph.Eur. 2.6.12) — Bile-tolerant gram-negative bacteria
30	2025-07	GP072501/1	P050292	Grape Pie	QCSP 001_GP_v.02	Grade III	GP_THC20:CBD1	9.4	Microbiology — Salmonella	Odgovara (Absent)	/25 g	1228/2194/25	Issued ~Dec 2025	IPH	https://drive.google.com/file/d/1aOn1obLWCokQiMQe3hDS8JXD5sj4EOKb/view	Microbiology (Ph.Eur. 2.6.31) — Salmonella /25g
30	2025-07	GP072501/1	P050292	Grape Pie	QCSP 001_GP_v.02	Grade III	GP_THC20:CBD1	9.5	Microbiology — Escherichia coli	Odgovara (Absent)	/1 g	1228/2194/25	Issued ~Dec 2025	IPH	https://drive.google.com/file/d/1aOn1obLWCokQiMQe3hDS8JXD5sj4EOKb/view	Microbiology (Ph.Eur. 2.6.12) — Escherichia coli /g
30	2025-07	GP072501/1	P050292	Grape Pie	QCSP 001_GP_v.02	Grade III	GP_THC20:CBD1	10.1	Mycotoxins — Aflatoxin B1	Missing / not tested	—	—	—	—		—
30	2025-07	GP072501/1	P050292	Grape Pie	QCSP 001_GP_v.02	Grade III	GP_THC20:CBD1	10.2	Mycotoxins — Total Aflatoxins (B1+B2+G1+G2)	<2	µg/kg	5886/2025	12.12.2025	IPH	https://drive.google.com/file/d/1aOn1obLWCokQiMQe3hDS8JXD5sj4EOKb/view	Mycotoxins (Ph.Eur. 2.8.18, AflaTest fluorometric) — Total aflatoxins (sum B1+B2+G1+G2)
30	2025-07	GP072501/1	P050292	Grape Pie	QCSP 001_GP_v.02	Grade III	GP_THC20:CBD1	10.3	Mycotoxins — Ochratoxin A	Missing / not tested	—	—	—	—		—
30	2025-07	GP072501/1	P050292	Grape Pie	QCSP 001_GP_v.02	Grade III	GP_THC20:CBD1	11.1	Heavy Metals — Lead (Pb)	0.028	mg/kg	5886/2025	12.12.2025	IPH	https://drive.google.com/file/d/1aOn1obLWCokQiMQe3hDS8JXD5sj4EOKb/view	Heavy metals (Ph.Eur. 2.4.27, MKC EN 17851:2023) — Lead (olovo/Pb)
30	2025-07	GP072501/1	P050292	Grape Pie	QCSP 001_GP_v.02	Grade III	GP_THC20:CBD1	11.2	Heavy Metals — Cadmium (Cd)	0.003	mg/kg	5886/2025	12.12.2025	IPH	https://drive.google.com/file/d/1aOn1obLWCokQiMQe3hDS8JXD5sj4EOKb/view	Heavy metals (Ph.Eur. 2.4.27, MKC EN 17851:2023) — Cadmium (kadmium/Cd)
30	2025-07	GP072501/1	P050292	Grape Pie	QCSP 001_GP_v.02	Grade III	GP_THC20:CBD1	11.3	Heavy Metals — Arsenic (As)	0.03	mg/kg	5886/2025	12.12.2025	IPH	https://drive.google.com/file/d/1aOn1obLWCokQiMQe3hDS8JXD5sj4EOKb/view	Heavy metals (Ph.Eur. 2.4.27, MKC EN 17851:2023) — Arsenic (arsen/As)
30	2025-07	GP072501/1	P050292	Grape Pie	QCSP 001_GP_v.02	Grade III	GP_THC20:CBD1	11.4	Heavy Metals — Mercury (Hg)	0.025	mg/kg	5886/2025	12.12.2025	IPH	https://drive.google.com/file/d/1aOn1obLWCokQiMQe3hDS8JXD5sj4EOKb/view	Heavy metals (Ph.Eur. 2.4.27, MKC EN 17851:2023) — Mercury (ziva/Hg)
30	2025-07	GP072501/1	P050292	Grape Pie	QCSP 001_GP_v.02	Grade III	GP_THC20:CBD1	12	Pesticide Residues — multi-residue panel	Lindan (Gama HCH): Н.д. (not detected); Aldrin: Н.д. (not detected); Dieldrin i Aldrin (expressed as Dieldrin): Н.д. (not detected); HCB (Hexachlorobenzene): Н.д. (not detected); 4,4' DDE: Н.д. (not detected); 4,4' DDD: Н.д. (not detected); 4,4' DDT: Н.д. (not detected); Vkupno DDT (Total DDT): Н.д. (not detected); delta HCH: Н.д. (not detected); alpha HCH: Н.д. (not detected); beta HCH: Н.д. (not detected); Endrin: Н.д. (not detected); Chlorpyriphos-methyl: Н.д. (not detected); Chlorpyrifos (Chlorpyriphos-ethyl): Н.д. (not detected); Heptachlor (sum of Heptachlor + Heptachlor epoxide): Н.д. (not detected); Endosulfan (alpha, beta and endosulfan sulfate): Н.д. (not detected); Deltamethrin: Н.д. (not detected); Chlordane (sum of cis- and trans-chlordane): Н.д. (not detected); Metoxychlor: Н.д. (not detected); Heptachlor epoxide: Н.д. (not detected); Endrin aldehyde: Н.д. (not detected); alpha Endosulfan: Н.д. (not detected); beta Endosulfan: Н.д. (not detected); Endrin keton: Н.д. (not detected); trans-Chlordane: Н.д. (not detected); cis-Chlordane: Н.д. (not detected); Dieldrin: Н.д. (not detected); Heptachlor: Н.д. (not detected); Endosulfan sulfate: Н.д. (not detected)	—	5886/2025	12.12.2025	IPH	https://drive.google.com/file/d/1aOn1obLWCokQiMQe3hDS8JXD5sj4EOKb/view	multi-residue screen, per analyte
31	2025-07	GP072501/2	P050302	Grape Pie	QCSP 001_GP_v.02	Grade III	GP_THC20:CBD1	1	Macroscopic Identification (Test A)	Missing / not tested	—	—	—	—		—
31	2025-07	GP072501/2	P050302	Grape Pie	QCSP 001_GP_v.02	Grade III	GP_THC20:CBD1	2	Microscopic Identification (Test B)	Missing / not tested	—	—	—	—		—
31	2025-07	GP072501/2	P050302	Grape Pie	QCSP 001_GP_v.02	Grade III	GP_THC20:CBD1	3	HPTLC / Chromatographic Identification (Test C)	Missing / not tested	—	—	—	—		—
31	2025-07	GP072501/2	P050302	Grape Pie	QCSP 001_GP_v.02	Grade III	GP_THC20:CBD1	4	Assay — Total Δ⁹-THC	19.81	%	PP CoA #019 / ППК25379	21.01.2026	UKIM	https://drive.google.com/file/d/15CnjXMVH2X9VnvqI-1FwqfrmeZ91ZnSC/view	Assay — Total Δ9-tetrahydrocannabinol
31	2025-07	GP072501/2	P050302	Grape Pie	QCSP 001_GP_v.02	Grade III	GP_THC20:CBD1	5	Assay — Total CBD	0.10	%	PP CoA #019 / ППК25379	21.01.2026	UKIM	https://drive.google.com/file/d/15CnjXMVH2X9VnvqI-1FwqfrmeZ91ZnSC/view	Assay — Total Cannabidiol
31	2025-07	GP072501/2	P050302	Grape Pie	QCSP 001_GP_v.02	Grade III	GP_THC20:CBD1	6	Total CBN	Missing / not tested	—	—	—	—		—
31	2025-07	GP072501/2	P050302	Grape Pie	QCSP 001_GP_v.02	Grade III	GP_THC20:CBD1	7	Foreign Matter	Missing / not tested	—	—	—	—		—
31	2025-07	GP072501/2	P050302	Grape Pie	QCSP 001_GP_v.02	Grade III	GP_THC20:CBD1	8	Loss on Drying	7.41	%	PP CoA #019 / ППК25379	21.01.2026	UKIM	https://drive.google.com/file/d/15CnjXMVH2X9VnvqI-1FwqfrmeZ91ZnSC/view	Loss on drying
31	2025-07	GP072501/2	P050302	Grape Pie	QCSP 001_GP_v.02	Grade III	GP_THC20:CBD1	9.1	Microbiology — TAMC	2×10^2 CFU/g	CFU/g	1229/2195/25	Issued ~Dec 2025	IPH	https://drive.google.com/file/d/15CnjXMVH2X9VnvqI-1FwqfrmeZ91ZnSC/view	Microbiology (Ph.Eur. 5.1.8 cat C) — Total aerobic microbial count (TAMC)
31	2025-07	GP072501/2	P050302	Grape Pie	QCSP 001_GP_v.02	Grade III	GP_THC20:CBD1	9.2	Microbiology — TYMC	3×10^2 CFU/g	CFU/g	1229/2195/25	Issued ~Dec 2025	IPH	https://drive.google.com/file/d/15CnjXMVH2X9VnvqI-1FwqfrmeZ91ZnSC/view	Microbiology (Ph.Eur. 5.1.8 cat C) — Total combined yeasts/moulds count (TYMC)
31	2025-07	GP072501/2	P050302	Grape Pie	QCSP 001_GP_v.02	Grade III	GP_THC20:CBD1	9.3	Microbiology — Bile-tolerant gram-negative	<10	CFU/g	1229/2195/25	Issued ~Dec 2025	IPH	https://drive.google.com/file/d/15CnjXMVH2X9VnvqI-1FwqfrmeZ91ZnSC/view	Microbiology (Ph.Eur. 2.6.12) — Bile-tolerant gram-negative bacteria
31	2025-07	GP072501/2	P050302	Grape Pie	QCSP 001_GP_v.02	Grade III	GP_THC20:CBD1	9.4	Microbiology — Salmonella	Odgovara (Absent)	/25 g	1229/2195/25	Issued ~Dec 2025	IPH	https://drive.google.com/file/d/15CnjXMVH2X9VnvqI-1FwqfrmeZ91ZnSC/view	Microbiology (Ph.Eur. 2.6.31) — Salmonella /25g
31	2025-07	GP072501/2	P050302	Grape Pie	QCSP 001_GP_v.02	Grade III	GP_THC20:CBD1	9.5	Microbiology — Escherichia coli	Odgovara (Absent)	/1 g	1229/2195/25	Issued ~Dec 2025	IPH	https://drive.google.com/file/d/15CnjXMVH2X9VnvqI-1FwqfrmeZ91ZnSC/view	Microbiology (Ph.Eur. 2.6.12) — Escherichia coli /g
31	2025-07	GP072501/2	P050302	Grape Pie	QCSP 001_GP_v.02	Grade III	GP_THC20:CBD1	10.1	Mycotoxins — Aflatoxin B1	Missing / not tested	—	—	—	—		—
31	2025-07	GP072501/2	P050302	Grape Pie	QCSP 001_GP_v.02	Grade III	GP_THC20:CBD1	10.2	Mycotoxins — Total Aflatoxins (B1+B2+G1+G2)	<2	µg/kg	5887/2025	12.12.2025	IPH	https://drive.google.com/file/d/15CnjXMVH2X9VnvqI-1FwqfrmeZ91ZnSC/view	Mycotoxins (Ph.Eur. 2.8.18, AflaTest fluorometric) — Total aflatoxins (sum B1+B2+G1+G2)
31	2025-07	GP072501/2	P050302	Grape Pie	QCSP 001_GP_v.02	Grade III	GP_THC20:CBD1	10.3	Mycotoxins — Ochratoxin A	Missing / not tested	—	—	—	—		—
31	2025-07	GP072501/2	P050302	Grape Pie	QCSP 001_GP_v.02	Grade III	GP_THC20:CBD1	11.1	Heavy Metals — Lead (Pb)	0.017	mg/kg	5887/2025	12.12.2025	IPH	https://drive.google.com/file/d/15CnjXMVH2X9VnvqI-1FwqfrmeZ91ZnSC/view	Heavy metals (Ph.Eur. 2.4.27, MKC EN 17851:2023) — Lead (olovo/Pb)
31	2025-07	GP072501/2	P050302	Grape Pie	QCSP 001_GP_v.02	Grade III	GP_THC20:CBD1	11.2	Heavy Metals — Cadmium (Cd)	0.0028	mg/kg	5887/2025	12.12.2025	IPH	https://drive.google.com/file/d/15CnjXMVH2X9VnvqI-1FwqfrmeZ91ZnSC/view	Heavy metals (Ph.Eur. 2.4.27, MKC EN 17851:2023) — Cadmium (kadmium/Cd)
31	2025-07	GP072501/2	P050302	Grape Pie	QCSP 001_GP_v.02	Grade III	GP_THC20:CBD1	11.3	Heavy Metals — Arsenic (As)	0.02	mg/kg	5887/2025	12.12.2025	IPH	https://drive.google.com/file/d/15CnjXMVH2X9VnvqI-1FwqfrmeZ91ZnSC/view	Heavy metals (Ph.Eur. 2.4.27, MKC EN 17851:2023) — Arsenic (arsen/As)
31	2025-07	GP072501/2	P050302	Grape Pie	QCSP 001_GP_v.02	Grade III	GP_THC20:CBD1	11.4	Heavy Metals — Mercury (Hg)	0.019	mg/kg	5887/2025	12.12.2025	IPH	https://drive.google.com/file/d/15CnjXMVH2X9VnvqI-1FwqfrmeZ91ZnSC/view	Heavy metals (Ph.Eur. 2.4.27, MKC EN 17851:2023) — Mercury (ziva/Hg)
31	2025-07	GP072501/2	P050302	Grape Pie	QCSP 001_GP_v.02	Grade III	GP_THC20:CBD1	12	Pesticide Residues — multi-residue panel	Lindan (Gama HCH): Н.д. (not detected); Aldrin: Н.д. (not detected); Dieldrin i Aldrin (expressed as Dieldrin): Н.д. (not detected); HCB (Hexachlorobenzene): Н.д. (not detected); 4,4' DDE: Н.д. (not detected); 4,4' DDD: Н.д. (not detected); 4,4' DDT: Н.д. (not detected); Vkupno DDT (Total DDT): Н.д. (not detected); delta HCH: Н.д. (not detected); alpha HCH: Н.д. (not detected); beta HCH: Н.д. (not detected); Endrin: Н.д. (not detected); Chlorpyriphos-methyl: Н.д. (not detected); Chlorpyrifos (Chlorpyriphos-ethyl): Н.д. (not detected); Heptachlor (sum of Heptachlor + Heptachlor epoxide): Н.д. (not detected); Endosulfan (alpha, beta and endosulfan sulfate): Н.д. (not detected); Deltamethrin: Н.д. (not detected); Chlordane (sum of cis- and trans-chlordane): Н.д. (not detected); Metoxychlor: Н.д. (not detected); Heptachlor epoxide: Н.д. (not detected); Endrin aldehyde: Н.д. (not detected); alpha Endosulfan: Н.д. (not detected); beta Endosulfan: Н.д. (not detected); Endrin keton: Н.д. (not detected); trans-Chlordane: Н.д. (not detected); cis-Chlordane: Н.д. (not detected); Dieldrin: Н.д. (not detected); Heptachlor: Н.д. (not detected); Endosulfan sulfate: Н.д. (not detected)	—	5887/2025	12.12.2025	IPH	https://drive.google.com/file/d/15CnjXMVH2X9VnvqI-1FwqfrmeZ91ZnSC/view	multi-residue screen, per analyte
32	2025-07	PM072501	P050272	Permanent Marker	QCSP 001_PM_v.02	Grade IV	PM_THC11.5:CBD1	1	Macroscopic Identification (Test A)	Confirms	—	PP CoA #026	21.01.2026	PP	https://drive.google.com/file/d/191sz9a4D35-WD5SZW4jjMi3l3ounYT3y/view	Appearance
32	2025-07	PM072501	P050272	Permanent Marker	QCSP 001_PM_v.02	Grade IV	PM_THC11.5:CBD1	2	Microscopic Identification (Test B)	Missing / not tested	—	—	—	—		—
32	2025-07	PM072501	P050272	Permanent Marker	QCSP 001_PM_v.02	Grade IV	PM_THC11.5:CBD1	3	HPTLC / Chromatographic Identification (Test C)	Confirms	—	ППК25368	28.11.2025	UKIM	https://drive.google.com/file/d/191sz9a4D35-WD5SZW4jjMi3l3ounYT3y/view	Identification (retention time matches standard solution)
32	2025-07	PM072501	P050272	Permanent Marker	QCSP 001_PM_v.02	Grade IV	PM_THC11.5:CBD1	4	Assay — Total Δ⁹-THC	10.01	%	ППК25368	28.11.2025	UKIM	https://drive.google.com/file/d/191sz9a4D35-WD5SZW4jjMi3l3ounYT3y/view	Assay — Total Δ9-tetrahydrocannabinol
32	2025-07	PM072501	P050272	Permanent Marker	QCSP 001_PM_v.02	Grade IV	PM_THC11.5:CBD1	5	Assay — Total CBD	0.04	%	ППК25368	28.11.2025	UKIM	https://drive.google.com/file/d/191sz9a4D35-WD5SZW4jjMi3l3ounYT3y/view	Assay — Total Cannabidiol
32	2025-07	PM072501	P050272	Permanent Marker	QCSP 001_PM_v.02	Grade IV	PM_THC11.5:CBD1	6	Total CBN	Missing / not tested	—	—	—	—		—
32	2025-07	PM072501	P050272	Permanent Marker	QCSP 001_PM_v.02	Grade IV	PM_THC11.5:CBD1	7	Foreign Matter	Confirms	%	PP CoA #026	21.01.2026	PP	https://drive.google.com/file/d/191sz9a4D35-WD5SZW4jjMi3l3ounYT3y/view	Foreign matter
32	2025-07	PM072501	P050272	Permanent Marker	QCSP 001_PM_v.02	Grade IV	PM_THC11.5:CBD1	8	Loss on Drying	9.52	%	ППК25368	28.11.2025	UKIM	https://drive.google.com/file/d/191sz9a4D35-WD5SZW4jjMi3l3ounYT3y/view	Loss on drying
32	2025-07	PM072501	P050272	Permanent Marker	QCSP 001_PM_v.02	Grade IV	PM_THC11.5:CBD1	9.1	Microbiology — TAMC	110	CFU/g	1220/2171/25	01.12.2025	IPH	https://drive.google.com/file/d/191sz9a4D35-WD5SZW4jjMi3l3ounYT3y/view	Microbiology — Total aerobic microbial count (TAMC)
32	2025-07	PM072501	P050272	Permanent Marker	QCSP 001_PM_v.02	Grade IV	PM_THC11.5:CBD1	9.2	Microbiology — TYMC	200	CFU/g	1220/2171/25	01.12.2025	IPH	https://drive.google.com/file/d/191sz9a4D35-WD5SZW4jjMi3l3ounYT3y/view	Microbiology — Total combined yeasts/moulds count (TYMC)
32	2025-07	PM072501	P050272	Permanent Marker	QCSP 001_PM_v.02	Grade IV	PM_THC11.5:CBD1	9.3	Microbiology — Bile-tolerant gram-negative	<10	CFU/g	1220/2171/25	01.12.2025	IPH	https://drive.google.com/file/d/191sz9a4D35-WD5SZW4jjMi3l3ounYT3y/view	Microbiology — Bile-tolerant gram-negative bacteria
32	2025-07	PM072501	P050272	Permanent Marker	QCSP 001_PM_v.02	Grade IV	PM_THC11.5:CBD1	9.4	Microbiology — Salmonella	Odgovara (Absent)	/25 g	1220/2171/25	01.12.2025	IPH	https://drive.google.com/file/d/191sz9a4D35-WD5SZW4jjMi3l3ounYT3y/view	Microbiology — Salmonella /25g
32	2025-07	PM072501	P050272	Permanent Marker	QCSP 001_PM_v.02	Grade IV	PM_THC11.5:CBD1	9.5	Microbiology — Escherichia coli	Odgovara (Absent)	/1 g	1220/2171/25	01.12.2025	IPH	https://drive.google.com/file/d/191sz9a4D35-WD5SZW4jjMi3l3ounYT3y/view	Microbiology — Escherichia coli /g
32	2025-07	PM072501	P050272	Permanent Marker	QCSP 001_PM_v.02	Grade IV	PM_THC11.5:CBD1	10.1	Mycotoxins — Aflatoxin B1	Missing / not tested	—	—	—	—		—
32	2025-07	PM072501	P050272	Permanent Marker	QCSP 001_PM_v.02	Grade IV	PM_THC11.5:CBD1	10.2	Mycotoxins — Total Aflatoxins (B1+B2+G1+G2)	<2	µg/kg	5698/2025	02.12.2025	IPH	https://drive.google.com/file/d/191sz9a4D35-WD5SZW4jjMi3l3ounYT3y/view	Mycotoxins (Ph.Eur. 2.8.18, AflaTest fluorometric) — Total aflatoxins (sum B1+B2+G1+G2)
32	2025-07	PM072501	P050272	Permanent Marker	QCSP 001_PM_v.02	Grade IV	PM_THC11.5:CBD1	10.3	Mycotoxins — Ochratoxin A	Missing / not tested	—	—	—	—		—
32	2025-07	PM072501	P050272	Permanent Marker	QCSP 001_PM_v.02	Grade IV	PM_THC11.5:CBD1	11.1	Heavy Metals — Lead (Pb)	0.021	mg/kg	5698/2025	02.12.2025	IPH	https://drive.google.com/file/d/191sz9a4D35-WD5SZW4jjMi3l3ounYT3y/view	Heavy metals (Ph.Eur. 2.4.27, MKC EN 17851:2023) — Lead (olovo/Pb)
32	2025-07	PM072501	P050272	Permanent Marker	QCSP 001_PM_v.02	Grade IV	PM_THC11.5:CBD1	11.2	Heavy Metals — Cadmium (Cd)	0.001	mg/kg	5698/2025	02.12.2025	IPH	https://drive.google.com/file/d/191sz9a4D35-WD5SZW4jjMi3l3ounYT3y/view	Heavy metals (Ph.Eur. 2.4.27, MKC EN 17851:2023) — Cadmium (kadmium/Cd)
32	2025-07	PM072501	P050272	Permanent Marker	QCSP 001_PM_v.02	Grade IV	PM_THC11.5:CBD1	11.3	Heavy Metals — Arsenic (As)	0.012	mg/kg	5698/2025	02.12.2025	IPH	https://drive.google.com/file/d/191sz9a4D35-WD5SZW4jjMi3l3ounYT3y/view	Heavy metals (Ph.Eur. 2.4.27, MKC EN 17851:2023) — Arsenic (arsen/As)
32	2025-07	PM072501	P050272	Permanent Marker	QCSP 001_PM_v.02	Grade IV	PM_THC11.5:CBD1	11.4	Heavy Metals — Mercury (Hg)	0.003	mg/kg	5698/2025	02.12.2025	IPH	https://drive.google.com/file/d/191sz9a4D35-WD5SZW4jjMi3l3ounYT3y/view	Heavy metals (Ph.Eur. 2.4.27, MKC EN 17851:2023) — Mercury (ziva/Hg)
32	2025-07	PM072501	P050272	Permanent Marker	QCSP 001_PM_v.02	Grade IV	PM_THC11.5:CBD1	12	Pesticide Residues — multi-residue panel	Lindan (Gama HCH): Н.д. (not detected); Aldrin: Н.д. (not detected); Dieldrin i Aldrin (expressed as Dieldrin): Н.д. (not detected); HCB (Hexachlorobenzene): Н.д. (not detected); 4,4' DDE: Н.д. (not detected); 4,4' DDD: Н.д. (not detected); 4,4' DDT: Н.д. (not detected); Vkupno DDT (Total DDT): Н.д. (not detected); delta HCH: Н.д. (not detected); alpha HCH: Н.д. (not detected); beta HCH: Н.д. (not detected); Endrin: Н.д. (not detected); Chlorpyriphos-methyl: Н.д. (not detected); Chlorpyrifos (Chlorpyriphos-ethyl): Н.д. (not detected); Heptachlor (sum of Heptachlor + Heptachlor epoxide): Н.д. (not detected); Endosulfan (alpha, beta and endosulfan sulfate): Н.д. (not detected); Deltamethrin: Н.д. (not detected); Chlordane (sum of cis- and trans-chlordane): Н.д. (not detected); Metoxychlor: Н.д. (not detected); Heptachlor epoxide: Н.д. (not detected); Endrin aldehyde: Н.д. (not detected); alpha Endosulfan: Н.д. (not detected); beta Endosulfan: Н.д. (not detected); Endrin keton: Н.д. (not detected); trans-Chlordane: Н.д. (not detected); cis-Chlordane: Н.д. (not detected); Dieldrin: Н.д. (not detected); Heptachlor: Н.д. (not detected); Endosulfan sulfate: Н.д. (not detected)	—	5698/2025	02.12.2025	IPH	https://drive.google.com/file/d/191sz9a4D35-WD5SZW4jjMi3l3ounYT3y/view	multi-residue screen, per analyte
33	2025-07	WC072501	P050262	Wedding Crasher	QCSP 001_WC_v.02	Grade II	WC_THC22.5:CBD1	1	Macroscopic Identification (Test A)	Missing / not tested	—	—	—	—		—
33	2025-07	WC072501	P050262	Wedding Crasher	QCSP 001_WC_v.02	Grade II	WC_THC22.5:CBD1	2	Microscopic Identification (Test B)	Missing / not tested	—	—	—	—		—
33	2025-07	WC072501	P050262	Wedding Crasher	QCSP 001_WC_v.02	Grade II	WC_THC22.5:CBD1	3	HPTLC / Chromatographic Identification (Test C)	Missing / not tested	—	—	—	—		—
33	2025-07	WC072501	P050262	Wedding Crasher	QCSP 001_WC_v.02	Grade II	WC_THC22.5:CBD1	4	Assay — Total Δ⁹-THC	22.11	%	ППК25369	28.11.2025	UKIM	https://drive.google.com/file/d/10YIBUwi6c0IVJQ-OMlkPj1dLmeAeavva/view	Assay — Total Δ9-tetrahydrocannabinol
33	2025-07	WC072501	P050262	Wedding Crasher	QCSP 001_WC_v.02	Grade II	WC_THC22.5:CBD1	5	Assay — Total CBD	0.06	%	ППК25369	28.11.2025	UKIM	https://drive.google.com/file/d/10YIBUwi6c0IVJQ-OMlkPj1dLmeAeavva/view	Assay — Total Cannabidiol
33	2025-07	WC072501	P050262	Wedding Crasher	QCSP 001_WC_v.02	Grade II	WC_THC22.5:CBD1	6	Total CBN	Missing / not tested	—	—	—	—		—
33	2025-07	WC072501	P050262	Wedding Crasher	QCSP 001_WC_v.02	Grade II	WC_THC22.5:CBD1	7	Foreign Matter	Missing / not tested	—	—	—	—		—
33	2025-07	WC072501	P050262	Wedding Crasher	QCSP 001_WC_v.02	Grade II	WC_THC22.5:CBD1	8	Loss on Drying	8.94	%	ППК25369	28.11.2025	UKIM	https://drive.google.com/file/d/10YIBUwi6c0IVJQ-OMlkPj1dLmeAeavva/view	Loss on drying
33	2025-07	WC072501	P050262	Wedding Crasher	QCSP 001_WC_v.02	Grade II	WC_THC22.5:CBD1	9.1	Microbiology — TAMC	100	CFU/g	1221/2172/25	01.12.2025	IPH	https://drive.google.com/file/d/10YIBUwi6c0IVJQ-OMlkPj1dLmeAeavva/view	Microbiology — Total aerobic microbial count (TAMC)
33	2025-07	WC072501	P050262	Wedding Crasher	QCSP 001_WC_v.02	Grade II	WC_THC22.5:CBD1	9.2	Microbiology — TYMC	90	CFU/g	1221/2172/25	01.12.2025	IPH	https://drive.google.com/file/d/10YIBUwi6c0IVJQ-OMlkPj1dLmeAeavva/view	Microbiology — Total combined yeasts/moulds count (TYMC)
33	2025-07	WC072501	P050262	Wedding Crasher	QCSP 001_WC_v.02	Grade II	WC_THC22.5:CBD1	9.3	Microbiology — Bile-tolerant gram-negative	<10	CFU/g	1221/2172/25	01.12.2025	IPH	https://drive.google.com/file/d/10YIBUwi6c0IVJQ-OMlkPj1dLmeAeavva/view	Microbiology — Bile-tolerant gram-negative bacteria
33	2025-07	WC072501	P050262	Wedding Crasher	QCSP 001_WC_v.02	Grade II	WC_THC22.5:CBD1	9.4	Microbiology — Salmonella	Odgovara (Absent)	/25 g	1221/2172/25	01.12.2025	IPH	https://drive.google.com/file/d/10YIBUwi6c0IVJQ-OMlkPj1dLmeAeavva/view	Microbiology — Salmonella /25g
33	2025-07	WC072501	P050262	Wedding Crasher	QCSP 001_WC_v.02	Grade II	WC_THC22.5:CBD1	9.5	Microbiology — Escherichia coli	Odgovara (Absent)	/1 g	1221/2172/25	01.12.2025	IPH	https://drive.google.com/file/d/10YIBUwi6c0IVJQ-OMlkPj1dLmeAeavva/view	Microbiology — Escherichia coli /g
33	2025-07	WC072501	P050262	Wedding Crasher	QCSP 001_WC_v.02	Grade II	WC_THC22.5:CBD1	10.1	Mycotoxins — Aflatoxin B1	Missing / not tested	—	—	—	—		—
33	2025-07	WC072501	P050262	Wedding Crasher	QCSP 001_WC_v.02	Grade II	WC_THC22.5:CBD1	10.2	Mycotoxins — Total Aflatoxins (B1+B2+G1+G2)	<2	µg/kg	5699/2025	02.12.2025	IPH	https://drive.google.com/file/d/10YIBUwi6c0IVJQ-OMlkPj1dLmeAeavva/view	Mycotoxins (Ph.Eur. 2.8.18, AflaTest fluorometric) — Total aflatoxins (sum B1+B2+G1+G2)
33	2025-07	WC072501	P050262	Wedding Crasher	QCSP 001_WC_v.02	Grade II	WC_THC22.5:CBD1	10.3	Mycotoxins — Ochratoxin A	Missing / not tested	—	—	—	—		—
33	2025-07	WC072501	P050262	Wedding Crasher	QCSP 001_WC_v.02	Grade II	WC_THC22.5:CBD1	11.1	Heavy Metals — Lead (Pb)	0.023	mg/kg	5699/2025	02.12.2025	IPH	https://drive.google.com/file/d/10YIBUwi6c0IVJQ-OMlkPj1dLmeAeavva/view	Heavy metals (Ph.Eur. 2.4.27, MKC EN 17851:2023) — Lead (olovo/Pb)
33	2025-07	WC072501	P050262	Wedding Crasher	QCSP 001_WC_v.02	Grade II	WC_THC22.5:CBD1	11.2	Heavy Metals — Cadmium (Cd)	0.005	mg/kg	5699/2025	02.12.2025	IPH	https://drive.google.com/file/d/10YIBUwi6c0IVJQ-OMlkPj1dLmeAeavva/view	Heavy metals (Ph.Eur. 2.4.27, MKC EN 17851:2023) — Cadmium (kadmium/Cd)
33	2025-07	WC072501	P050262	Wedding Crasher	QCSP 001_WC_v.02	Grade II	WC_THC22.5:CBD1	11.3	Heavy Metals — Arsenic (As)	0.006	mg/kg	5699/2025	02.12.2025	IPH	https://drive.google.com/file/d/10YIBUwi6c0IVJQ-OMlkPj1dLmeAeavva/view	Heavy metals (Ph.Eur. 2.4.27, MKC EN 17851:2023) — Arsenic (arsen/As)
33	2025-07	WC072501	P050262	Wedding Crasher	QCSP 001_WC_v.02	Grade II	WC_THC22.5:CBD1	11.4	Heavy Metals — Mercury (Hg)	0.01	mg/kg	5699/2025	02.12.2025	IPH	https://drive.google.com/file/d/10YIBUwi6c0IVJQ-OMlkPj1dLmeAeavva/view	Heavy metals (Ph.Eur. 2.4.27, MKC EN 17851:2023) — Mercury (ziva/Hg)
33	2025-07	WC072501	P050262	Wedding Crasher	QCSP 001_WC_v.02	Grade II	WC_THC22.5:CBD1	12	Pesticide Residues — multi-residue panel	Lindan (Gama HCH): Н.д. (not detected); Aldrin: Н.д. (not detected); Dieldrin i Aldrin (expressed as Dieldrin): Н.д. (not detected); HCB (Hexachlorobenzene): Н.д. (not detected); 4,4' DDE: Н.д. (not detected); 4,4' DDD: Н.д. (not detected); 4,4' DDT: Н.д. (not detected); Vkupno DDT (Total DDT): Н.д. (not detected); delta HCH: Н.д. (not detected); alpha HCH: Н.д. (not detected); beta HCH: Н.д. (not detected); Endrin: Н.д. (not detected); Chlorpyriphos-methyl: Н.д. (not detected); Chlorpyrifos (Chlorpyriphos-ethyl): Н.д. (not detected); Heptachlor (sum of Heptachlor + Heptachlor epoxide): Н.д. (not detected); Endosulfan (alpha, beta and endosulfan sulfate): Н.д. (not detected); Deltamethrin: Н.д. (not detected); Chlordane (sum of cis- and trans-chlordane): Н.д. (not detected); Metoxychlor: Н.д. (not detected); Heptachlor epoxide: Н.д. (not detected); Endrin aldehyde: Н.д. (not detected); alpha Endosulfan: Н.д. (not detected); beta Endosulfan: Н.д. (not detected); Endrin keton: Н.д. (not detected); trans-Chlordane: Н.д. (not detected); cis-Chlordane: Н.д. (not detected); Dieldrin: Н.д. (not detected); Heptachlor: Н.д. (not detected); Endosulfan sulfate: Н.д. (not detected)	—	5699/2025	02.12.2025	IPH	https://drive.google.com/file/d/10YIBUwi6c0IVJQ-OMlkPj1dLmeAeavva/view	multi-residue screen, per analyte
34	2025-08	CJ082501/1	P060022	Cap Junky	QCSP 001_CJ_v.02	Grade II	CJ_THC22.5:CBD1	1	Macroscopic Identification (Test A)	Confirms	—	PP CoA #041	20.02.2026	PP	https://drive.google.com/file/d/1WHoF_gHN-Ck_G1j7j6qJggCaLmD1b85w/view	Appearance
34	2025-08	CJ082501/1	P060022	Cap Junky	QCSP 001_CJ_v.02	Grade II	CJ_THC22.5:CBD1	2	Microscopic Identification (Test B)	Missing / not tested	—	—	—	—		—
34	2025-08	CJ082501/1	P060022	Cap Junky	QCSP 001_CJ_v.02	Grade II	CJ_THC22.5:CBD1	3	HPTLC / Chromatographic Identification (Test C)	Confirms	—	ППК26002	21.01.2026	UKIM	https://drive.google.com/file/d/1WHoF_gHN-Ck_G1j7j6qJggCaLmD1b85w/view	Identification (retention time matches standard solution)
34	2025-08	CJ082501/1	P060022	Cap Junky	QCSP 001_CJ_v.02	Grade II	CJ_THC22.5:CBD1	4	Assay — Total Δ⁹-THC	24.96	%	ППК26002	21.01.2026	UKIM	https://drive.google.com/file/d/1WHoF_gHN-Ck_G1j7j6qJggCaLmD1b85w/view	Assay — Total Δ9-tetrahydrocannabinol
34	2025-08	CJ082501/1	P060022	Cap Junky	QCSP 001_CJ_v.02	Grade II	CJ_THC22.5:CBD1	5	Assay — Total CBD	0.09	%	ППК26002	21.01.2026	UKIM	https://drive.google.com/file/d/1WHoF_gHN-Ck_G1j7j6qJggCaLmD1b85w/view	Assay — Total Cannabidiol
34	2025-08	CJ082501/1	P060022	Cap Junky	QCSP 001_CJ_v.02	Grade II	CJ_THC22.5:CBD1	6	Total CBN	Missing / not tested	—	—	—	—		—
34	2025-08	CJ082501/1	P060022	Cap Junky	QCSP 001_CJ_v.02	Grade II	CJ_THC22.5:CBD1	7	Foreign Matter	Confirms	%	PP CoA #041	20.02.2026	PP	https://drive.google.com/file/d/1WHoF_gHN-Ck_G1j7j6qJggCaLmD1b85w/view	Foreign matter
34	2025-08	CJ082501/1	P060022	Cap Junky	QCSP 001_CJ_v.02	Grade II	CJ_THC22.5:CBD1	8	Loss on Drying	7.21	%	ППК26002	21.01.2026	UKIM	https://drive.google.com/file/d/1WHoF_gHN-Ck_G1j7j6qJggCaLmD1b85w/view	Loss on drying
34	2025-08	CJ082501/1	P060022	Cap Junky	QCSP 001_CJ_v.02	Grade II	CJ_THC22.5:CBD1	9.1	Microbiology — TAMC	1.5×10^2 CFU/g	CFU/g	8/0011/26	20.01.2026	IPH	https://drive.google.com/file/d/1WHoF_gHN-Ck_G1j7j6qJggCaLmD1b85w/view	Microbiology — Total aerobic microbial count (TAMC)
34	2025-08	CJ082501/1	P060022	Cap Junky	QCSP 001_CJ_v.02	Grade II	CJ_THC22.5:CBD1	9.2	Microbiology — TYMC	1.3×10^2 CFU/g	CFU/g	8/0011/26	20.01.2026	IPH	https://drive.google.com/file/d/1WHoF_gHN-Ck_G1j7j6qJggCaLmD1b85w/view	Microbiology — Total combined yeasts/moulds count (TYMC)
34	2025-08	CJ082501/1	P060022	Cap Junky	QCSP 001_CJ_v.02	Grade II	CJ_THC22.5:CBD1	9.3	Microbiology — Bile-tolerant gram-negative	<10	CFU/g	8/0011/26	20.01.2026	IPH	https://drive.google.com/file/d/1WHoF_gHN-Ck_G1j7j6qJggCaLmD1b85w/view	Microbiology — Bile-tolerant gram-negative bacteria
34	2025-08	CJ082501/1	P060022	Cap Junky	QCSP 001_CJ_v.02	Grade II	CJ_THC22.5:CBD1	9.4	Microbiology — Salmonella	Odgovara (Absent)	/25 g	8/0011/26	20.01.2026	IPH	https://drive.google.com/file/d/1WHoF_gHN-Ck_G1j7j6qJggCaLmD1b85w/view	Microbiology — Salmonella /25g
34	2025-08	CJ082501/1	P060022	Cap Junky	QCSP 001_CJ_v.02	Grade II	CJ_THC22.5:CBD1	9.5	Microbiology — Escherichia coli	Odgovara (Absent)	/1 g	8/0011/26	20.01.2026	IPH	https://drive.google.com/file/d/1WHoF_gHN-Ck_G1j7j6qJggCaLmD1b85w/view	Microbiology — Escherichia coli /g
34	2025-08	CJ082501/1	P060022	Cap Junky	QCSP 001_CJ_v.02	Grade II	CJ_THC22.5:CBD1	10.1	Mycotoxins — Aflatoxin B1	Missing / not tested	—	—	—	—		—
34	2025-08	CJ082501/1	P060022	Cap Junky	QCSP 001_CJ_v.02	Grade II	CJ_THC22.5:CBD1	10.2	Mycotoxins — Total Aflatoxins (B1+B2+G1+G2)	<2	µg/kg	81/2026	02.02.2026	IPH	https://drive.google.com/file/d/1WHoF_gHN-Ck_G1j7j6qJggCaLmD1b85w/view	Mycotoxins (Ph.Eur. 2.8.18, AflaTest fluorometric) — Total aflatoxins (sum B1+B2+G1+G2)
34	2025-08	CJ082501/1	P060022	Cap Junky	QCSP 001_CJ_v.02	Grade II	CJ_THC22.5:CBD1	10.3	Mycotoxins — Ochratoxin A	Missing / not tested	—	—	—	—		—
34	2025-08	CJ082501/1	P060022	Cap Junky	QCSP 001_CJ_v.02	Grade II	CJ_THC22.5:CBD1	11.1	Heavy Metals — Lead (Pb)	0.075	mg/kg	81/2026	02.02.2026	IPH	https://drive.google.com/file/d/1WHoF_gHN-Ck_G1j7j6qJggCaLmD1b85w/view	Heavy metals (Ph.Eur. 2.4.27, MKC EN 17851:2023) — Lead (olovo/Pb)
34	2025-08	CJ082501/1	P060022	Cap Junky	QCSP 001_CJ_v.02	Grade II	CJ_THC22.5:CBD1	11.2	Heavy Metals — Cadmium (Cd)	Н.д. mg/kg	mg/kg	81/2026	02.02.2026	IPH	https://drive.google.com/file/d/1WHoF_gHN-Ck_G1j7j6qJggCaLmD1b85w/view	Heavy metals (Ph.Eur. 2.4.27, MKC EN 17851:2023) — Cadmium (kadmium/Cd)
34	2025-08	CJ082501/1	P060022	Cap Junky	QCSP 001_CJ_v.02	Grade II	CJ_THC22.5:CBD1	11.3	Heavy Metals — Arsenic (As)	Н.д. mg/kg	mg/kg	81/2026	02.02.2026	IPH	https://drive.google.com/file/d/1WHoF_gHN-Ck_G1j7j6qJggCaLmD1b85w/view	Heavy metals (Ph.Eur. 2.4.27, MKC EN 17851:2023) — Arsenic (arsen/As)
34	2025-08	CJ082501/1	P060022	Cap Junky	QCSP 001_CJ_v.02	Grade II	CJ_THC22.5:CBD1	11.4	Heavy Metals — Mercury (Hg)	Н.д. mg/kg	mg/kg	81/2026	02.02.2026	IPH	https://drive.google.com/file/d/1WHoF_gHN-Ck_G1j7j6qJggCaLmD1b85w/view	Heavy metals (Ph.Eur. 2.4.27, MKC EN 17851:2023) — Mercury (ziva/Hg)
34	2025-08	CJ082501/1	P060022	Cap Junky	QCSP 001_CJ_v.02	Grade II	CJ_THC22.5:CBD1	12	Pesticide Residues — multi-residue panel	Lindan (Gama HCH): Н.д. (not detected); Aldrin: Н.д. (not detected); Dieldrin i Aldrin (expressed as Dieldrin): Н.д. (not detected); HCB (Hexachlorobenzene): Н.д. (not detected); 4,4' DDE: Н.д. (not detected); 4,4' DDD: Н.д. (not detected); 4,4' DDT: Н.д. (not detected); Vkupno DDT (Total DDT): Н.д. (not detected); delta HCH: Н.д. (not detected); alpha HCH: Н.д. (not detected); beta HCH: Н.д. (not detected); Endrin: Н.д. (not detected); Chlorpyriphos-methyl: Н.д. (not detected); Chlorpyrifos (Chlorpyriphos-ethyl): Н.д. (not detected); Heptachlor (sum of Heptachlor + Heptachlor epoxide): Н.д. (not detected); Endosulfan (alpha, beta and endosulfan sulfate): Н.д. (not detected); Deltamethrin: Н.д. (not detected); Chlordane (sum of cis- and trans-chlordane): Н.д. (not detected); Metoxychlor: Н.д. (not detected); Heptachlor epoxide: Н.д. (not detected); Endrin aldehyde: Н.д. (not detected); alpha Endosulfan: Н.д. (not detected); beta Endosulfan: Н.д. (not detected); Endrin keton: Н.д. (not detected); trans-Chlordane: Н.д. (not detected); cis-Chlordane: Н.д. (not detected); Dieldrin: Н.д. (not detected); Heptachlor: Н.д. (not detected); Endosulfan sulfate: Н.д. (not detected)	—	81/2026	02.02.2026	IPH	https://drive.google.com/file/d/1WHoF_gHN-Ck_G1j7j6qJggCaLmD1b85w/view	multi-residue screen, per analyte
35	2025-08	CJ082501/2	P060032	Cap Junky	QCSP 001_CJ_v.02	Grade II / Grade III	CJ_THC22.5:CBD1 / CJ_THC17:CBD1	1	Macroscopic Identification (Test A)	Confirms	—	PP CoA #034	20.02.2026	PP	https://drive.google.com/file/d/1-T_eJ0vOMapKJL-_YbrpSEmVU1cQQkQz/view	Appearance
35	2025-08	CJ082501/2	P060032	Cap Junky	QCSP 001_CJ_v.02	Grade II / Grade III	CJ_THC22.5:CBD1 / CJ_THC17:CBD1	2	Microscopic Identification (Test B)	Missing / not tested	—	—	—	—		—
35	2025-08	CJ082501/2	P060032	Cap Junky	QCSP 001_CJ_v.02	Grade II / Grade III	CJ_THC22.5:CBD1 / CJ_THC17:CBD1	3	HPTLC / Chromatographic Identification (Test C)	Confirms	—	ППК26003	21.01.2026	UKIM	https://drive.google.com/file/d/1-T_eJ0vOMapKJL-_YbrpSEmVU1cQQkQz/view	Identification (retention time matches standard solution)
35	2025-08	CJ082501/2	P060032	Cap Junky	QCSP 001_CJ_v.02	Grade II / Grade III	CJ_THC22.5:CBD1 / CJ_THC17:CBD1	4	Assay — Total Δ⁹-THC	18.29	%	197-5-К/26	07.08.2026	FARM	https://drive.google.com/file/d/1q7wMEf0cQ6BXQrXZqazYMIhtlcQfPnTv/view	Retest cannabinoids — Total Δ9-THC (HPLC/DAD)
35	2025-08	CJ082501/2	P060032	Cap Junky	QCSP 001_CJ_v.02	Grade II / Grade III	CJ_THC22.5:CBD1 / CJ_THC17:CBD1	4	Assay — Total Δ⁹-THC	20.84	%	ППК26003	21.01.2026	UKIM	https://drive.google.com/file/d/1-T_eJ0vOMapKJL-_YbrpSEmVU1cQQkQz/view	Assay — Total Δ9-tetrahydrocannabinol
35	2025-08	CJ082501/2	P060032	Cap Junky	QCSP 001_CJ_v.02	Grade II / Grade III	CJ_THC22.5:CBD1 / CJ_THC17:CBD1	5	Assay — Total CBD	<LOQ %w/w	%	197-5-К/26	07.08.2026	FARM	https://drive.google.com/file/d/1q7wMEf0cQ6BXQrXZqazYMIhtlcQfPnTv/view	Retest cannabinoids — Total CBD (HPLC/DAD)
35	2025-08	CJ082501/2	P060032	Cap Junky	QCSP 001_CJ_v.02	Grade II / Grade III	CJ_THC22.5:CBD1 / CJ_THC17:CBD1	5	Assay — Total CBD	0.08	%	ППК26003	21.01.2026	UKIM	https://drive.google.com/file/d/1-T_eJ0vOMapKJL-_YbrpSEmVU1cQQkQz/view	Assay — Total Cannabidiol
35	2025-08	CJ082501/2	P060032	Cap Junky	QCSP 001_CJ_v.02	Grade II / Grade III	CJ_THC22.5:CBD1 / CJ_THC17:CBD1	6	Total CBN	<LOQ %w/w	%	197-5-К/26	07.08.2026	FARM	https://drive.google.com/file/d/1q7wMEf0cQ6BXQrXZqazYMIhtlcQfPnTv/view	Retest cannabinoids — Total CBN (HPLC/DAD)
35	2025-08	CJ082501/2	P060032	Cap Junky	QCSP 001_CJ_v.02	Grade II / Grade III	CJ_THC22.5:CBD1 / CJ_THC17:CBD1	7	Foreign Matter	Confirms	%	PP CoA #034	20.02.2026	PP	https://drive.google.com/file/d/1-T_eJ0vOMapKJL-_YbrpSEmVU1cQQkQz/view	Foreign matter
35	2025-08	CJ082501/2	P060032	Cap Junky	QCSP 001_CJ_v.02	Grade II / Grade III	CJ_THC22.5:CBD1 / CJ_THC17:CBD1	8	Loss on Drying	7.37	%	ППК26003	21.01.2026	UKIM	https://drive.google.com/file/d/1-T_eJ0vOMapKJL-_YbrpSEmVU1cQQkQz/view	Loss on drying
35	2025-08	CJ082501/2	P060032	Cap Junky	QCSP 001_CJ_v.02	Grade II / Grade III	CJ_THC22.5:CBD1 / CJ_THC17:CBD1	9.1	Microbiology — TAMC	9.5×10^2 CFU/g	CFU/g	4/0007/26	20.01.2026	IPH	https://drive.google.com/file/d/1-T_eJ0vOMapKJL-_YbrpSEmVU1cQQkQz/view	Microbiology — Total aerobic microbial count (TAMC)
35	2025-08	CJ082501/2	P060032	Cap Junky	QCSP 001_CJ_v.02	Grade II / Grade III	CJ_THC22.5:CBD1 / CJ_THC17:CBD1	9.2	Microbiology — TYMC	1.2×10^3 CFU/g	CFU/g	4/0007/26	20.01.2026	IPH	https://drive.google.com/file/d/1-T_eJ0vOMapKJL-_YbrpSEmVU1cQQkQz/view	Microbiology — Total combined yeasts/moulds count (TYMC)
35	2025-08	CJ082501/2	P060032	Cap Junky	QCSP 001_CJ_v.02	Grade II / Grade III	CJ_THC22.5:CBD1 / CJ_THC17:CBD1	9.3	Microbiology — Bile-tolerant gram-negative	< 10^2 and > 10 CFU/g	CFU/g	4/0007/26	20.01.2026	IPH	https://drive.google.com/file/d/1-T_eJ0vOMapKJL-_YbrpSEmVU1cQQkQz/view	Microbiology — Bile-tolerant gram-negative bacteria
35	2025-08	CJ082501/2	P060032	Cap Junky	QCSP 001_CJ_v.02	Grade II / Grade III	CJ_THC22.5:CBD1 / CJ_THC17:CBD1	9.4	Microbiology — Salmonella	Odgovara (Absent)	/25 g	4/0007/26	20.01.2026	IPH	https://drive.google.com/file/d/1-T_eJ0vOMapKJL-_YbrpSEmVU1cQQkQz/view	Microbiology — Salmonella /25g
35	2025-08	CJ082501/2	P060032	Cap Junky	QCSP 001_CJ_v.02	Grade II / Grade III	CJ_THC22.5:CBD1 / CJ_THC17:CBD1	9.5	Microbiology — Escherichia coli	<10	/1 g	4/0007/26	20.01.2026	IPH	https://drive.google.com/file/d/1-T_eJ0vOMapKJL-_YbrpSEmVU1cQQkQz/view	Microbiology — Escherichia coli /g
35	2025-08	CJ082501/2	P060032	Cap Junky	QCSP 001_CJ_v.02	Grade II / Grade III	CJ_THC22.5:CBD1 / CJ_THC17:CBD1	10.1	Mycotoxins — Aflatoxin B1	ND µg/kg (all four)	µg/kg	197-5-М/26	10.08.2026	FARM	https://drive.google.com/file/d/1opLw-6u0wp8TaoaYOR3Xg5bpVyP5akgn/view	Retest mycotoxins — Aflatoxin B1/B2/G1/G2 (each)
35	2025-08	CJ082501/2	P060032	Cap Junky	QCSP 001_CJ_v.02	Grade II / Grade III	CJ_THC22.5:CBD1 / CJ_THC17:CBD1	10.2	Mycotoxins — Total Aflatoxins (B1+B2+G1+G2)	<2	µg/kg	82/2026	02.02.2026	IPH	https://drive.google.com/file/d/1-T_eJ0vOMapKJL-_YbrpSEmVU1cQQkQz/view	Mycotoxins (Ph.Eur. 2.8.18, AflaTest fluorometric) — Total aflatoxins (sum B1+B2+G1+G2)
35	2025-08	CJ082501/2	P060032	Cap Junky	QCSP 001_CJ_v.02	Grade II / Grade III	CJ_THC22.5:CBD1 / CJ_THC17:CBD1	10.2	Mycotoxins — Total Aflatoxins (B1+B2+G1+G2)	ND (all four not detected)	µg/kg	197-5-М/26	10.08.2026	FARM	https://drive.google.com/file/d/1opLw-6u0wp8TaoaYOR3Xg5bpVyP5akgn/view	Retest mycotoxins — Sum aflatoxins B1+B2+G1+G2
35	2025-08	CJ082501/2	P060032	Cap Junky	QCSP 001_CJ_v.02	Grade II / Grade III	CJ_THC22.5:CBD1 / CJ_THC17:CBD1	10.3	Mycotoxins — Ochratoxin A	ND µg/kg	µg/kg	197-5-М/26	10.08.2026	FARM	https://drive.google.com/file/d/1opLw-6u0wp8TaoaYOR3Xg5bpVyP5akgn/view	Retest mycotoxins — Ochratoxin A
35	2025-08	CJ082501/2	P060032	Cap Junky	QCSP 001_CJ_v.02	Grade II / Grade III	CJ_THC22.5:CBD1 / CJ_THC17:CBD1	11.1	Heavy Metals — Lead (Pb)	0.073	mg/kg	82/2026	02.02.2026	IPH	https://drive.google.com/file/d/1-T_eJ0vOMapKJL-_YbrpSEmVU1cQQkQz/view	Heavy metals (Ph.Eur. 2.4.27, MKC EN 17851:2023) — Lead (olovo/Pb)
35	2025-08	CJ082501/2	P060032	Cap Junky	QCSP 001_CJ_v.02	Grade II / Grade III	CJ_THC22.5:CBD1 / CJ_THC17:CBD1	11.2	Heavy Metals — Cadmium (Cd)	Н.д. mg/kg	mg/kg	82/2026	02.02.2026	IPH	https://drive.google.com/file/d/1-T_eJ0vOMapKJL-_YbrpSEmVU1cQQkQz/view	Heavy metals (Ph.Eur. 2.4.27, MKC EN 17851:2023) — Cadmium (kadmium/Cd)
35	2025-08	CJ082501/2	P060032	Cap Junky	QCSP 001_CJ_v.02	Grade II / Grade III	CJ_THC22.5:CBD1 / CJ_THC17:CBD1	11.3	Heavy Metals — Arsenic (As)	Н.д. mg/kg	mg/kg	82/2026	02.02.2026	IPH	https://drive.google.com/file/d/1-T_eJ0vOMapKJL-_YbrpSEmVU1cQQkQz/view	Heavy metals (Ph.Eur. 2.4.27, MKC EN 17851:2023) — Arsenic (arsen/As)
35	2025-08	CJ082501/2	P060032	Cap Junky	QCSP 001_CJ_v.02	Grade II / Grade III	CJ_THC22.5:CBD1 / CJ_THC17:CBD1	11.4	Heavy Metals — Mercury (Hg)	Н.д. mg/kg	mg/kg	82/2026	02.02.2026	IPH	https://drive.google.com/file/d/1-T_eJ0vOMapKJL-_YbrpSEmVU1cQQkQz/view	Heavy metals (Ph.Eur. 2.4.27, MKC EN 17851:2023) — Mercury (ziva/Hg)
35	2025-08	CJ082501/2	P060032	Cap Junky	QCSP 001_CJ_v.02	Grade II / Grade III	CJ_THC22.5:CBD1 / CJ_THC17:CBD1	12	Pesticide Residues — multi-residue panel	Lindan (Gama HCH): Н.д. (not detected); Aldrin: Н.д. (not detected); Dieldrin i Aldrin (expressed as Dieldrin): Н.д. (not detected); HCB (Hexachlorobenzene): Н.д. (not detected); 4,4' DDE: Н.д. (not detected); 4,4' DDD: Н.д. (not detected); 4,4' DDT: Н.д. (not detected); Vkupno DDT (Total DDT): Н.д. (not detected); delta HCH: Н.д. (not detected); alpha HCH: Н.д. (not detected); beta HCH: Н.д. (not detected); Endrin: Н.д. (not detected); Chlorpyriphos-methyl: Н.д. (not detected); Chlorpyrifos (Chlorpyriphos-ethyl): Н.д. (not detected); Heptachlor (sum of Heptachlor + Heptachlor epoxide): Н.д. (not detected); Endosulfan (alpha, beta and endosulfan sulfate): Н.д. (not detected); Deltamethrin: Н.д. (not detected); Chlordane (sum of cis- and trans-chlordane): Н.д. (not detected); Metoxychlor: Н.д. (not detected); Heptachlor epoxide: Н.д. (not detected); Endrin aldehyde: Н.д. (not detected); alpha Endosulfan: Н.д. (not detected); beta Endosulfan: Н.д. (not detected); Endrin keton: Н.д. (not detected); trans-Chlordane: Н.д. (not detected); cis-Chlordane: Н.д. (not detected); Dieldrin: Н.д. (not detected); Heptachlor: Н.д. (not detected); Endosulfan sulfate: Н.д. (not detected)	—	82/2026	02.02.2026	IPH	https://drive.google.com/file/d/1-T_eJ0vOMapKJL-_YbrpSEmVU1cQQkQz/view	multi-residue screen, per analyte
36	2025-08	GP082501/1	P050312	Grape Pie	QCSP 001_GP_v.02	Grade III	GP_THC20:CBD1	1	Macroscopic Identification (Test A)	Missing / not tested	—	—	—	—		—
36	2025-08	GP082501/1	P050312	Grape Pie	QCSP 001_GP_v.02	Grade III	GP_THC20:CBD1	2	Microscopic Identification (Test B)	Missing / not tested	—	—	—	—		—
36	2025-08	GP082501/1	P050312	Grape Pie	QCSP 001_GP_v.02	Grade III	GP_THC20:CBD1	3	HPTLC / Chromatographic Identification (Test C)	Missing / not tested	—	—	—	—		—
36	2025-08	GP082501/1	P050312	Grape Pie	QCSP 001_GP_v.02	Grade III	GP_THC20:CBD1	4	Assay — Total Δ⁹-THC	21.29	%	PP CoA #020 / ППК25380	21.01.2026	UKIM	https://drive.google.com/file/d/13WTfTmr_Hff07rGk_fanJzPD6vrz8JIa/view	Assay — Total Δ9-tetrahydrocannabinol
36	2025-08	GP082501/1	P050312	Grape Pie	QCSP 001_GP_v.02	Grade III	GP_THC20:CBD1	5	Assay — Total CBD	0.08	%	PP CoA #020 / ППК25380	21.01.2026	UKIM	https://drive.google.com/file/d/13WTfTmr_Hff07rGk_fanJzPD6vrz8JIa/view	Assay — Total Cannabidiol
36	2025-08	GP082501/1	P050312	Grape Pie	QCSP 001_GP_v.02	Grade III	GP_THC20:CBD1	6	Total CBN	Missing / not tested	—	—	—	—		—
36	2025-08	GP082501/1	P050312	Grape Pie	QCSP 001_GP_v.02	Grade III	GP_THC20:CBD1	7	Foreign Matter	Missing / not tested	—	—	—	—		—
36	2025-08	GP082501/1	P050312	Grape Pie	QCSP 001_GP_v.02	Grade III	GP_THC20:CBD1	8	Loss on Drying	6.29	%	PP CoA #020 / ППК25380	21.01.2026	UKIM	https://drive.google.com/file/d/13WTfTmr_Hff07rGk_fanJzPD6vrz8JIa/view	Loss on drying
36	2025-08	GP082501/1	P050312	Grape Pie	QCSP 001_GP_v.02	Grade III	GP_THC20:CBD1	9.1	Microbiology — TAMC	4.3×10^2 CFU/g	CFU/g	1226/2192/25	Issued Dec 2025	IPH	https://drive.google.com/file/d/13WTfTmr_Hff07rGk_fanJzPD6vrz8JIa/view	Microbiology — Total aerobic microbial count (TAMC)
36	2025-08	GP082501/1	P050312	Grape Pie	QCSP 001_GP_v.02	Grade III	GP_THC20:CBD1	9.2	Microbiology — TYMC	1×10^3 CFU/g	CFU/g	1226/2192/25	Issued Dec 2025	IPH	https://drive.google.com/file/d/13WTfTmr_Hff07rGk_fanJzPD6vrz8JIa/view	Microbiology — Total combined yeasts/moulds count (TYMC)
36	2025-08	GP082501/1	P050312	Grape Pie	QCSP 001_GP_v.02	Grade III	GP_THC20:CBD1	9.3	Microbiology — Bile-tolerant gram-negative	< 10^3 and > 10^2 CFU/g	CFU/g	1226/2192/25	Issued Dec 2025	IPH	https://drive.google.com/file/d/13WTfTmr_Hff07rGk_fanJzPD6vrz8JIa/view	Microbiology — Bile-tolerant gram-negative bacteria
36	2025-08	GP082501/1	P050312	Grape Pie	QCSP 001_GP_v.02	Grade III	GP_THC20:CBD1	9.4	Microbiology — Salmonella	Odgovara (Absent)	/25 g	1226/2192/25	Issued Dec 2025	IPH	https://drive.google.com/file/d/13WTfTmr_Hff07rGk_fanJzPD6vrz8JIa/view	Microbiology — Salmonella /25g
36	2025-08	GP082501/1	P050312	Grape Pie	QCSP 001_GP_v.02	Grade III	GP_THC20:CBD1	9.5	Microbiology — Escherichia coli	Odgovara (Absent)	/1 g	1226/2192/25	Issued Dec 2025	IPH	https://drive.google.com/file/d/13WTfTmr_Hff07rGk_fanJzPD6vrz8JIa/view	Microbiology — Escherichia coli /g
36	2025-08	GP082501/1	P050312	Grape Pie	QCSP 001_GP_v.02	Grade III	GP_THC20:CBD1	10.1	Mycotoxins — Aflatoxin B1	Missing / not tested	—	—	—	—		—
36	2025-08	GP082501/1	P050312	Grape Pie	QCSP 001_GP_v.02	Grade III	GP_THC20:CBD1	10.2	Mycotoxins — Total Aflatoxins (B1+B2+G1+G2)	<2	µg/kg	5888/2025	12.12.2025	IPH	https://drive.google.com/file/d/13WTfTmr_Hff07rGk_fanJzPD6vrz8JIa/view	Mycotoxins (Ph.Eur. 2.8.18, AflaTest fluorometric) — Total aflatoxins (sum B1+B2+G1+G2)
36	2025-08	GP082501/1	P050312	Grape Pie	QCSP 001_GP_v.02	Grade III	GP_THC20:CBD1	10.3	Mycotoxins — Ochratoxin A	Missing / not tested	—	—	—	—		—
36	2025-08	GP082501/1	P050312	Grape Pie	QCSP 001_GP_v.02	Grade III	GP_THC20:CBD1	11.1	Heavy Metals — Lead (Pb)	0.014	mg/kg	5888/2025	12.12.2025	IPH	https://drive.google.com/file/d/13WTfTmr_Hff07rGk_fanJzPD6vrz8JIa/view	Heavy metals (Ph.Eur. 2.4.27, MKC EN 17851:2023) — Lead (olovo/Pb)
36	2025-08	GP082501/1	P050312	Grape Pie	QCSP 001_GP_v.02	Grade III	GP_THC20:CBD1	11.2	Heavy Metals — Cadmium (Cd)	0.003	mg/kg	5888/2025	12.12.2025	IPH	https://drive.google.com/file/d/13WTfTmr_Hff07rGk_fanJzPD6vrz8JIa/view	Heavy metals (Ph.Eur. 2.4.27, MKC EN 17851:2023) — Cadmium (kadmium/Cd)
36	2025-08	GP082501/1	P050312	Grape Pie	QCSP 001_GP_v.02	Grade III	GP_THC20:CBD1	11.3	Heavy Metals — Arsenic (As)	0.02	mg/kg	5888/2025	12.12.2025	IPH	https://drive.google.com/file/d/13WTfTmr_Hff07rGk_fanJzPD6vrz8JIa/view	Heavy metals (Ph.Eur. 2.4.27, MKC EN 17851:2023) — Arsenic (arsen/As)
36	2025-08	GP082501/1	P050312	Grape Pie	QCSP 001_GP_v.02	Grade III	GP_THC20:CBD1	11.4	Heavy Metals — Mercury (Hg)	0.017	mg/kg	5888/2025	12.12.2025	IPH	https://drive.google.com/file/d/13WTfTmr_Hff07rGk_fanJzPD6vrz8JIa/view	Heavy metals (Ph.Eur. 2.4.27, MKC EN 17851:2023) — Mercury (ziva/Hg)
36	2025-08	GP082501/1	P050312	Grape Pie	QCSP 001_GP_v.02	Grade III	GP_THC20:CBD1	12	Pesticide Residues — multi-residue panel	Lindan (Gama HCH): Н.д. (not detected); Aldrin: Н.д. (not detected); Dieldrin i Aldrin (expressed as Dieldrin): Н.д. (not detected); HCB (Hexachlorobenzene): Н.д. (not detected); 4,4' DDE: Н.д. (not detected); 4,4' DDD: Н.д. (not detected); 4,4' DDT: Н.д. (not detected); Vkupno DDT (Total DDT): Н.д. (not detected); delta HCH: Н.д. (not detected); alpha HCH: Н.д. (not detected); beta HCH: Н.д. (not detected); Endrin: Н.д. (not detected); Chlorpyriphos-methyl: Н.д. (not detected); Chlorpyrifos (Chlorpyriphos-ethyl): Н.д. (not detected); Heptachlor (sum of Heptachlor + Heptachlor epoxide): Н.д. (not detected); Endosulfan (alpha, beta and endosulfan sulfate): Н.д. (not detected); Deltamethrin: Н.д. (not detected); Chlordane (sum of cis- and trans-chlordane): Н.д. (not detected); Metoxychlor: Н.д. (not detected); Heptachlor epoxide: Н.д. (not detected); Endrin aldehyde: Н.д. (not detected); alpha Endosulfan: Н.д. (not detected); beta Endosulfan: Н.д. (not detected); Endrin keton: Н.д. (not detected); trans-Chlordane: Н.д. (not detected); cis-Chlordane: Н.д. (not detected); Dieldrin: Н.д. (not detected); Heptachlor: Н.д. (not detected); Endosulfan sulfate: Н.д. (not detected)	—	5888/2025	12.12.2025	IPH	https://drive.google.com/file/d/13WTfTmr_Hff07rGk_fanJzPD6vrz8JIa/view	multi-residue screen, per analyte
37	2025-08	GP082501/2	P050322	Grape Pie	QCSP 001_GP_v.02	Grade IV	GP_THC16:CBD1	1	Macroscopic Identification (Test A)	Missing / not tested	—	—	—	—		—
37	2025-08	GP082501/2	P050322	Grape Pie	QCSP 001_GP_v.02	Grade IV	GP_THC16:CBD1	2	Microscopic Identification (Test B)	Missing / not tested	—	—	—	—		—
37	2025-08	GP082501/2	P050322	Grape Pie	QCSP 001_GP_v.02	Grade IV	GP_THC16:CBD1	3	HPTLC / Chromatographic Identification (Test C)	Missing / not tested	—	—	—	—		—
37	2025-08	GP082501/2	P050322	Grape Pie	QCSP 001_GP_v.02	Grade IV	GP_THC16:CBD1	4	Assay — Total Δ⁹-THC	15.70	%	197-12-К/26	07.08.2026	FARM	https://drive.google.com/file/d/1NVeIBvQEZnwROpsIbwdUUWpUHZVdklqd/view	Retest cannabinoids — Total Δ9-THC (HPLC/DAD)
37	2025-08	GP082501/2	P050322	Grape Pie	QCSP 001_GP_v.02	Grade IV	GP_THC16:CBD1	4	Assay — Total Δ⁹-THC	14.83	%	PP CoA #021 / ППК25381	21.01.2026	UKIM	https://drive.google.com/file/d/1yJ-rtaH6oamqmbXO1EteVfg2DxH5sgIL/view	Assay — Total Δ9-tetrahydrocannabinol
37	2025-08	GP082501/2	P050322	Grape Pie	QCSP 001_GP_v.02	Grade IV	GP_THC16:CBD1	5	Assay — Total CBD	<LOQ %w/w	%	197-12-К/26	07.08.2026	FARM	https://drive.google.com/file/d/1NVeIBvQEZnwROpsIbwdUUWpUHZVdklqd/view	Retest cannabinoids — Total CBD (HPLC/DAD)
37	2025-08	GP082501/2	P050322	Grape Pie	QCSP 001_GP_v.02	Grade IV	GP_THC16:CBD1	5	Assay — Total CBD	0.11	%	PP CoA #021 / ППК25381	21.01.2026	UKIM	https://drive.google.com/file/d/1yJ-rtaH6oamqmbXO1EteVfg2DxH5sgIL/view	Assay — Total Cannabidiol
37	2025-08	GP082501/2	P050322	Grape Pie	QCSP 001_GP_v.02	Grade IV	GP_THC16:CBD1	6	Total CBN	<LOQ %w/w	%	197-12-К/26	07.08.2026	FARM	https://drive.google.com/file/d/1NVeIBvQEZnwROpsIbwdUUWpUHZVdklqd/view	Retest cannabinoids — Total CBN (HPLC/DAD)
37	2025-08	GP082501/2	P050322	Grape Pie	QCSP 001_GP_v.02	Grade IV	GP_THC16:CBD1	7	Foreign Matter	Missing / not tested	—	—	—	—		—
37	2025-08	GP082501/2	P050322	Grape Pie	QCSP 001_GP_v.02	Grade IV	GP_THC16:CBD1	8	Loss on Drying	6.88	%	PP CoA #021 / ППК25381	21.01.2026	UKIM	https://drive.google.com/file/d/1yJ-rtaH6oamqmbXO1EteVfg2DxH5sgIL/view	Loss on drying
37	2025-08	GP082501/2	P050322	Grape Pie	QCSP 001_GP_v.02	Grade IV	GP_THC16:CBD1	9.1	Microbiology — TAMC	3.2×10^3 CFU/g	CFU/g	1227/2193/25	05.12.2025	IPH	https://drive.google.com/file/d/1yJ-rtaH6oamqmbXO1EteVfg2DxH5sgIL/view	Microbiology — Total aerobic microbial count (TAMC)
37	2025-08	GP082501/2	P050322	Grape Pie	QCSP 001_GP_v.02	Grade IV	GP_THC16:CBD1	9.2	Microbiology — TYMC	5.8×10^3 CFU/g	CFU/g	1227/2193/25	05.12.2025	IPH	https://drive.google.com/file/d/1yJ-rtaH6oamqmbXO1EteVfg2DxH5sgIL/view	Microbiology — Total combined yeasts/moulds count (TYMC)
37	2025-08	GP082501/2	P050322	Grape Pie	QCSP 001_GP_v.02	Grade IV	GP_THC16:CBD1	9.3	Microbiology — Bile-tolerant gram-negative	<10¹ and >10³ CFU/g	CFU/g	1227/2193/25	05.12.2025	IPH	https://drive.google.com/file/d/1yJ-rtaH6oamqmbXO1EteVfg2DxH5sgIL/view	Microbiology — Bile-tolerant gram-negative bacteria
37	2025-08	GP082501/2	P050322	Grape Pie	QCSP 001_GP_v.02	Grade IV	GP_THC16:CBD1	9.4	Microbiology — Salmonella	Odgovara (Absent)	/25 g	1227/2193/25	05.12.2025	IPH	https://drive.google.com/file/d/1yJ-rtaH6oamqmbXO1EteVfg2DxH5sgIL/view	Microbiology — Salmonella /25g
37	2025-08	GP082501/2	P050322	Grape Pie	QCSP 001_GP_v.02	Grade IV	GP_THC16:CBD1	9.5	Microbiology — Escherichia coli	Odgovara (Absent)	/1 g	1227/2193/25	05.12.2025	IPH	https://drive.google.com/file/d/1yJ-rtaH6oamqmbXO1EteVfg2DxH5sgIL/view	Microbiology — Escherichia coli /g
37	2025-08	GP082501/2	P050322	Grape Pie	QCSP 001_GP_v.02	Grade IV	GP_THC16:CBD1	10.1	Mycotoxins — Aflatoxin B1	ND µg/kg (all four)	µg/kg	197-12-М/26	10.08.2026	FARM	https://drive.google.com/file/d/1mlHqpqtpbKnF5JvOJoSGaQsWnuunH5Rp/view	Retest mycotoxins — Aflatoxin B1/B2/G1/G2 (each)
37	2025-08	GP082501/2	P050322	Grape Pie	QCSP 001_GP_v.02	Grade IV	GP_THC16:CBD1	10.2	Mycotoxins — Total Aflatoxins (B1+B2+G1+G2)	ND (all four not detected)	µg/kg	197-12-М/26	10.08.2026	FARM	https://drive.google.com/file/d/1mlHqpqtpbKnF5JvOJoSGaQsWnuunH5Rp/view	Retest mycotoxins — Sum aflatoxins B1+B2+G1+G2
37	2025-08	GP082501/2	P050322	Grape Pie	QCSP 001_GP_v.02	Grade IV	GP_THC16:CBD1	10.2	Mycotoxins — Total Aflatoxins (B1+B2+G1+G2)	<2	µg/kg	5889/2025	12.12.2025	IPH	https://drive.google.com/file/d/1yJ-rtaH6oamqmbXO1EteVfg2DxH5sgIL/view	Mycotoxins (Ph.Eur. 2.8.18, AflaTest fluorometric) — Total aflatoxins (sum B1+B2+G1+G2)
37	2025-08	GP082501/2	P050322	Grape Pie	QCSP 001_GP_v.02	Grade IV	GP_THC16:CBD1	10.3	Mycotoxins — Ochratoxin A	ND µg/kg	µg/kg	197-12-М/26	10.08.2026	FARM	https://drive.google.com/file/d/1mlHqpqtpbKnF5JvOJoSGaQsWnuunH5Rp/view	Retest mycotoxins — Ochratoxin A
37	2025-08	GP082501/2	P050322	Grape Pie	QCSP 001_GP_v.02	Grade IV	GP_THC16:CBD1	11.1	Heavy Metals — Lead (Pb)	0.013	mg/kg	5889/2025	12.12.2025	IPH	https://drive.google.com/file/d/1yJ-rtaH6oamqmbXO1EteVfg2DxH5sgIL/view	Heavy metals (Ph.Eur. 2.4.27, MKC EN 17851:2023) — Lead (olovo/Pb)
37	2025-08	GP082501/2	P050322	Grape Pie	QCSP 001_GP_v.02	Grade IV	GP_THC16:CBD1	11.2	Heavy Metals — Cadmium (Cd)	0.003	mg/kg	5889/2025	12.12.2025	IPH	https://drive.google.com/file/d/1yJ-rtaH6oamqmbXO1EteVfg2DxH5sgIL/view	Heavy metals (Ph.Eur. 2.4.27, MKC EN 17851:2023) — Cadmium (kadmium/Cd)
37	2025-08	GP082501/2	P050322	Grape Pie	QCSP 001_GP_v.02	Grade IV	GP_THC16:CBD1	11.3	Heavy Metals — Arsenic (As)	0.02	mg/kg	5889/2025	12.12.2025	IPH	https://drive.google.com/file/d/1yJ-rtaH6oamqmbXO1EteVfg2DxH5sgIL/view	Heavy metals (Ph.Eur. 2.4.27, MKC EN 17851:2023) — Arsenic (arsen/As)
37	2025-08	GP082501/2	P050322	Grape Pie	QCSP 001_GP_v.02	Grade IV	GP_THC16:CBD1	11.4	Heavy Metals — Mercury (Hg)	0.016	mg/kg	5889/2025	12.12.2025	IPH	https://drive.google.com/file/d/1yJ-rtaH6oamqmbXO1EteVfg2DxH5sgIL/view	Heavy metals (Ph.Eur. 2.4.27, MKC EN 17851:2023) — Mercury (ziva/Hg)
37	2025-08	GP082501/2	P050322	Grape Pie	QCSP 001_GP_v.02	Grade IV	GP_THC16:CBD1	12	Pesticide Residues — multi-residue panel	Lindan (Gama HCH): Н.д. (not detected); Aldrin: Н.д. (not detected); Dieldrin i Aldrin (expressed as Dieldrin): Н.д. (not detected); HCB (Hexachlorobenzene): Н.д. (not detected); 4,4' DDE: Н.д. (not detected); 4,4' DDD: Н.д. (not detected); 4,4' DDT: Н.д. (not detected); Vkupno DDT (Total DDT): Н.д. (not detected); delta HCH: Н.д. (not detected); alpha HCH: Н.д. (not detected); beta HCH: Н.д. (not detected); Endrin: Н.д. (not detected); Chlorpyriphos-methyl: Н.д. (not detected); Chlorpyrifos (Chlorpyriphos-ethyl): Н.д. (not detected); Heptachlor (sum of Heptachlor + Heptachlor epoxide): Н.д. (not detected); Endosulfan (alpha, beta and endosulfan sulfate): Н.д. (not detected); Deltamethrin: Н.д. (not detected); Chlordane (sum of cis- and trans-chlordane): Н.д. (not detected); Metoxychlor: Н.д. (not detected); Heptachlor epoxide: Н.д. (not detected); Endrin aldehyde: Н.д. (not detected); alpha Endosulfan: Н.д. (not detected); beta Endosulfan: Н.д. (not detected); Endrin keton: Н.д. (not detected); trans-Chlordane: Н.д. (not detected); cis-Chlordane: Н.д. (not detected); Dieldrin: Н.д. (not detected); Heptachlor: Н.д. (not detected); Endosulfan sulfate: Н.д. (not detected)	—	5889/2025	12.12.2025	IPH	https://drive.google.com/file/d/1yJ-rtaH6oamqmbXO1EteVfg2DxH5sgIL/view	multi-residue screen, per analyte
38	2025-08	WC082501	P060012	Wedding Crasher	QCSP 001_WC_v.02	Grade II	WC_THC22.5:CBD1	1	Macroscopic Identification (Test A)	Confirms	—	PP CoA #035	20.02.2026	PP	https://drive.google.com/file/d/1Ta7QLjGdInkLd9o4aAfkp0EgXs-C0LYB/view	Appearance
38	2025-08	WC082501	P060012	Wedding Crasher	QCSP 001_WC_v.02	Grade II	WC_THC22.5:CBD1	2	Microscopic Identification (Test B)	Missing / not tested	—	—	—	—		—
38	2025-08	WC082501	P060012	Wedding Crasher	QCSP 001_WC_v.02	Grade II	WC_THC22.5:CBD1	3	HPTLC / Chromatographic Identification (Test C)	Confirms	—	ППК26001	21.01.2026	UKIM	https://drive.google.com/file/d/1Ta7QLjGdInkLd9o4aAfkp0EgXs-C0LYB/view	Identification (retention time matches standard solution)
38	2025-08	WC082501	P060012	Wedding Crasher	QCSP 001_WC_v.02	Grade II	WC_THC22.5:CBD1	4	Assay — Total Δ⁹-THC	21.67	%	ППК26001	21.01.2026	UKIM	https://drive.google.com/file/d/1Ta7QLjGdInkLd9o4aAfkp0EgXs-C0LYB/view	Assay — Total Δ9-tetrahydrocannabinol
38	2025-08	WC082501	P060012	Wedding Crasher	QCSP 001_WC_v.02	Grade II	WC_THC22.5:CBD1	5	Assay — Total CBD	0.08	%	ППК26001	21.01.2026	UKIM	https://drive.google.com/file/d/1Ta7QLjGdInkLd9o4aAfkp0EgXs-C0LYB/view	Assay — Total Cannabidiol
38	2025-08	WC082501	P060012	Wedding Crasher	QCSP 001_WC_v.02	Grade II	WC_THC22.5:CBD1	6	Total CBN	Missing / not tested	—	—	—	—		—
38	2025-08	WC082501	P060012	Wedding Crasher	QCSP 001_WC_v.02	Grade II	WC_THC22.5:CBD1	7	Foreign Matter	Confirms	%	PP CoA #035	20.02.2026	PP	https://drive.google.com/file/d/1Ta7QLjGdInkLd9o4aAfkp0EgXs-C0LYB/view	Foreign matter
38	2025-08	WC082501	P060012	Wedding Crasher	QCSP 001_WC_v.02	Grade II	WC_THC22.5:CBD1	8	Loss on Drying	7.50	%	ППК26001	21.01.2026	UKIM	https://drive.google.com/file/d/1Ta7QLjGdInkLd9o4aAfkp0EgXs-C0LYB/view	Loss on drying
38	2025-08	WC082501	P060012	Wedding Crasher	QCSP 001_WC_v.02	Grade II	WC_THC22.5:CBD1	9.1	Microbiology — TAMC	10	CFU/g	3/0006/26	20.01.2026	IPH	https://drive.google.com/file/d/1Ta7QLjGdInkLd9o4aAfkp0EgXs-C0LYB/view	Microbiology — Total aerobic microbial count (TAMC)
38	2025-08	WC082501	P060012	Wedding Crasher	QCSP 001_WC_v.02	Grade II	WC_THC22.5:CBD1	9.2	Microbiology — TYMC	30	CFU/g	3/0006/26	20.01.2026	IPH	https://drive.google.com/file/d/1Ta7QLjGdInkLd9o4aAfkp0EgXs-C0LYB/view	Microbiology — Total combined yeasts/moulds count (TYMC)
38	2025-08	WC082501	P060012	Wedding Crasher	QCSP 001_WC_v.02	Grade II	WC_THC22.5:CBD1	9.3	Microbiology — Bile-tolerant gram-negative	<10	CFU/g	3/0006/26	20.01.2026	IPH	https://drive.google.com/file/d/1Ta7QLjGdInkLd9o4aAfkp0EgXs-C0LYB/view	Microbiology — Bile-tolerant gram-negative bacteria
38	2025-08	WC082501	P060012	Wedding Crasher	QCSP 001_WC_v.02	Grade II	WC_THC22.5:CBD1	9.4	Microbiology — Salmonella	Odgovara (Absent)	/25 g	3/0006/26	20.01.2026	IPH	https://drive.google.com/file/d/1Ta7QLjGdInkLd9o4aAfkp0EgXs-C0LYB/view	Microbiology — Salmonella /25g
38	2025-08	WC082501	P060012	Wedding Crasher	QCSP 001_WC_v.02	Grade II	WC_THC22.5:CBD1	9.5	Microbiology — Escherichia coli	<10	/1 g	3/0006/26	20.01.2026	IPH	https://drive.google.com/file/d/1Ta7QLjGdInkLd9o4aAfkp0EgXs-C0LYB/view	Microbiology — Escherichia coli /g
38	2025-08	WC082501	P060012	Wedding Crasher	QCSP 001_WC_v.02	Grade II	WC_THC22.5:CBD1	10.1	Mycotoxins — Aflatoxin B1	Missing / not tested	—	—	—	—		—
38	2025-08	WC082501	P060012	Wedding Crasher	QCSP 001_WC_v.02	Grade II	WC_THC22.5:CBD1	10.2	Mycotoxins — Total Aflatoxins (B1+B2+G1+G2)	<2	µg/kg	80/2026	02.02.2026	IPH	https://drive.google.com/file/d/1Ta7QLjGdInkLd9o4aAfkp0EgXs-C0LYB/view	Mycotoxins (Ph.Eur. 2.8.18, AflaTest fluorometric) — Total aflatoxins (sum B1+B2+G1+G2)
38	2025-08	WC082501	P060012	Wedding Crasher	QCSP 001_WC_v.02	Grade II	WC_THC22.5:CBD1	10.3	Mycotoxins — Ochratoxin A	Missing / not tested	—	—	—	—		—
38	2025-08	WC082501	P060012	Wedding Crasher	QCSP 001_WC_v.02	Grade II	WC_THC22.5:CBD1	11.1	Heavy Metals — Lead (Pb)	Н.д. mg/kg	mg/kg	80/2026	02.02.2026	IPH	https://drive.google.com/file/d/1Ta7QLjGdInkLd9o4aAfkp0EgXs-C0LYB/view	Heavy metals (Ph.Eur. 2.4.27, MKC EN 17851:2023) — Lead (olovo/Pb)
38	2025-08	WC082501	P060012	Wedding Crasher	QCSP 001_WC_v.02	Grade II	WC_THC22.5:CBD1	11.2	Heavy Metals — Cadmium (Cd)	Н.д. mg/kg	mg/kg	80/2026	02.02.2026	IPH	https://drive.google.com/file/d/1Ta7QLjGdInkLd9o4aAfkp0EgXs-C0LYB/view	Heavy metals (Ph.Eur. 2.4.27, MKC EN 17851:2023) — Cadmium (kadmium/Cd)
38	2025-08	WC082501	P060012	Wedding Crasher	QCSP 001_WC_v.02	Grade II	WC_THC22.5:CBD1	11.3	Heavy Metals — Arsenic (As)	Н.д. mg/kg	mg/kg	80/2026	02.02.2026	IPH	https://drive.google.com/file/d/1Ta7QLjGdInkLd9o4aAfkp0EgXs-C0LYB/view	Heavy metals (Ph.Eur. 2.4.27, MKC EN 17851:2023) — Arsenic (arsen/As)
38	2025-08	WC082501	P060012	Wedding Crasher	QCSP 001_WC_v.02	Grade II	WC_THC22.5:CBD1	11.4	Heavy Metals — Mercury (Hg)	Н.д. mg/kg	mg/kg	80/2026	02.02.2026	IPH	https://drive.google.com/file/d/1Ta7QLjGdInkLd9o4aAfkp0EgXs-C0LYB/view	Heavy metals (Ph.Eur. 2.4.27, MKC EN 17851:2023) — Mercury (ziva/Hg)
38	2025-08	WC082501	P060012	Wedding Crasher	QCSP 001_WC_v.02	Grade II	WC_THC22.5:CBD1	12	Pesticide Residues — multi-residue panel	Lindan (Gama HCH): Н.д. (not detected); Aldrin: Н.д. (not detected); Dieldrin i Aldrin (expressed as Dieldrin): Н.д. (not detected); HCB (Hexachlorobenzene): Н.д. (not detected); 4,4' DDE: Н.д. (not detected); 4,4' DDD: Н.д. (not detected); 4,4' DDT: Н.д. (not detected); Vkupno DDT (Total DDT): Н.д. (not detected); delta HCH: Н.д. (not detected); alpha HCH: Н.д. (not detected); beta HCH: Н.д. (not detected); Endrin: Н.д. (not detected); Chlorpyriphos-methyl: Н.д. (not detected); Chlorpyrifos (Chlorpyriphos-ethyl): Н.д. (not detected); Heptachlor (sum of Heptachlor + Heptachlor epoxide): Н.д. (not detected); Endosulfan (alpha, beta and endosulfan sulfate): Н.д. (not detected); Deltamethrin: Н.д. (not detected); Chlordane (sum of cis- and trans-chlordane): Н.д. (not detected); Metoxychlor: Н.д. (not detected); Heptachlor epoxide: Н.д. (not detected); Endrin aldehyde: Н.д. (not detected); alpha Endosulfan: Н.д. (not detected); beta Endosulfan: Н.д. (not detected); Endrin keton: Н.д. (not detected); trans-Chlordane: Н.д. (not detected); cis-Chlordane: Н.д. (not detected); Dieldrin: Н.д. (not detected); Heptachlor: Н.д. (not detected); Endosulfan sulfate: Н.д. (not detected)	—	80/2026	02.02.2026	IPH	https://drive.google.com/file/d/1Ta7QLjGdInkLd9o4aAfkp0EgXs-C0LYB/view	multi-residue screen, per analyte
39	2025-09	AB092501	P060052	Apple and Banana	QCSP 001_AB_v.02	Grade III	AB_THC17.5:CBD1	1	Macroscopic Identification (Test A)	Missing / not tested	—	—	—	—		—
39	2025-09	AB092501	P060052	Apple and Banana	QCSP 001_AB_v.02	Grade III	AB_THC17.5:CBD1	2	Microscopic Identification (Test B)	Missing / not tested	—	—	—	—		—
39	2025-09	AB092501	P060052	Apple and Banana	QCSP 001_AB_v.02	Grade III	AB_THC17.5:CBD1	3	HPTLC / Chromatographic Identification (Test C)	Missing / not tested	—	—	—	—		—
39	2025-09	AB092501	P060052	Apple and Banana	QCSP 001_AB_v.02	Grade III	AB_THC17.5:CBD1	4	Assay — Total Δ⁹-THC	16.93	%	PP CoA #037 / ППК26005	21.01.2026	UKIM	https://drive.google.com/file/d/1E0HbtZ2Zb2eVH6xgQVcWwMZCgku3Yx9S/view	Assay — Total Δ9-tetrahydrocannabinol
39	2025-09	AB092501	P060052	Apple and Banana	QCSP 001_AB_v.02	Grade III	AB_THC17.5:CBD1	5	Assay — Total CBD	0.07	%	PP CoA #037 / ППК26005	21.01.2026	UKIM	https://drive.google.com/file/d/1E0HbtZ2Zb2eVH6xgQVcWwMZCgku3Yx9S/view	Assay — Total Cannabidiol
39	2025-09	AB092501	P060052	Apple and Banana	QCSP 001_AB_v.02	Grade III	AB_THC17.5:CBD1	6	Total CBN	Missing / not tested	—	—	—	—		—
39	2025-09	AB092501	P060052	Apple and Banana	QCSP 001_AB_v.02	Grade III	AB_THC17.5:CBD1	7	Foreign Matter	Missing / not tested	—	—	—	—		—
39	2025-09	AB092501	P060052	Apple and Banana	QCSP 001_AB_v.02	Grade III	AB_THC17.5:CBD1	8	Loss on Drying	6.77	%	PP CoA #037 / ППК26005	21.01.2026	UKIM	https://drive.google.com/file/d/1E0HbtZ2Zb2eVH6xgQVcWwMZCgku3Yx9S/view	Loss on drying
39	2025-09	AB092501	P060052	Apple and Banana	QCSP 001_AB_v.02	Grade III	AB_THC17.5:CBD1	9.1	Microbiology — TAMC	<10	CFU/g	7/0010/26	20.01.2026	IPH	https://drive.google.com/file/d/1E0HbtZ2Zb2eVH6xgQVcWwMZCgku3Yx9S/view	Microbiology (Ph.Eur. 5.1.8 cat C) — Total aerobic microbial count (TAMC)
39	2025-09	AB092501	P060052	Apple and Banana	QCSP 001_AB_v.02	Grade III	AB_THC17.5:CBD1	9.2	Microbiology — TYMC	<10	CFU/g	7/0010/26	20.01.2026	IPH	https://drive.google.com/file/d/1E0HbtZ2Zb2eVH6xgQVcWwMZCgku3Yx9S/view	Microbiology (Ph.Eur. 5.1.8 cat C) — Total combined yeasts/moulds count (TYMC)
39	2025-09	AB092501	P060052	Apple and Banana	QCSP 001_AB_v.02	Grade III	AB_THC17.5:CBD1	9.3	Microbiology — Bile-tolerant gram-negative	<10	CFU/g	7/0010/26	20.01.2026	IPH	https://drive.google.com/file/d/1E0HbtZ2Zb2eVH6xgQVcWwMZCgku3Yx9S/view	Microbiology (Ph.Eur. 2.6.12) — Bile-tolerant gram-negative bacteria
39	2025-09	AB092501	P060052	Apple and Banana	QCSP 001_AB_v.02	Grade III	AB_THC17.5:CBD1	9.4	Microbiology — Salmonella	Odgovara (Absent)	/25 g	7/0010/26	20.01.2026	IPH	https://drive.google.com/file/d/1E0HbtZ2Zb2eVH6xgQVcWwMZCgku3Yx9S/view	Microbiology (Ph.Eur. 2.6.31) — Salmonella /25g
39	2025-09	AB092501	P060052	Apple and Banana	QCSP 001_AB_v.02	Grade III	AB_THC17.5:CBD1	9.5	Microbiology — Escherichia coli	Odgovara (Absent)	/1 g	7/0010/26	20.01.2026	IPH	https://drive.google.com/file/d/1E0HbtZ2Zb2eVH6xgQVcWwMZCgku3Yx9S/view	Microbiology (Ph.Eur. 2.6.12) — Escherichia coli /g
39	2025-09	AB092501	P060052	Apple and Banana	QCSP 001_AB_v.02	Grade III	AB_THC17.5:CBD1	10.1	Mycotoxins — Aflatoxin B1	Missing / not tested	—	—	—	—		—
39	2025-09	AB092501	P060052	Apple and Banana	QCSP 001_AB_v.02	Grade III	AB_THC17.5:CBD1	10.2	Mycotoxins — Total Aflatoxins (B1+B2+G1+G2)	<2	µg/kg	84/2026	02.02.2026	IPH	https://drive.google.com/file/d/1E0HbtZ2Zb2eVH6xgQVcWwMZCgku3Yx9S/view	Mycotoxins (Ph.Eur. 2.8.18, AflaTest fluorometric) — Total aflatoxins (sum B1+B2+G1+G2)
39	2025-09	AB092501	P060052	Apple and Banana	QCSP 001_AB_v.02	Grade III	AB_THC17.5:CBD1	10.3	Mycotoxins — Ochratoxin A	Missing / not tested	—	—	—	—		—
39	2025-09	AB092501	P060052	Apple and Banana	QCSP 001_AB_v.02	Grade III	AB_THC17.5:CBD1	11.1	Heavy Metals — Lead (Pb)	0.05	mg/kg	84/2026	02.02.2026	IPH	https://drive.google.com/file/d/1E0HbtZ2Zb2eVH6xgQVcWwMZCgku3Yx9S/view	Heavy metals (Ph.Eur. 2.4.27, MKC EN 17851:2023) — Lead (olovo/Pb)
39	2025-09	AB092501	P060052	Apple and Banana	QCSP 001_AB_v.02	Grade III	AB_THC17.5:CBD1	11.2	Heavy Metals — Cadmium (Cd)	Н.д. mg/kg	mg/kg	84/2026	02.02.2026	IPH	https://drive.google.com/file/d/1E0HbtZ2Zb2eVH6xgQVcWwMZCgku3Yx9S/view	Heavy metals (Ph.Eur. 2.4.27, MKC EN 17851:2023) — Cadmium (kadmium/Cd)
39	2025-09	AB092501	P060052	Apple and Banana	QCSP 001_AB_v.02	Grade III	AB_THC17.5:CBD1	11.3	Heavy Metals — Arsenic (As)	Н.д. mg/kg	mg/kg	84/2026	02.02.2026	IPH	https://drive.google.com/file/d/1E0HbtZ2Zb2eVH6xgQVcWwMZCgku3Yx9S/view	Heavy metals (Ph.Eur. 2.4.27, MKC EN 17851:2023) — Arsenic (arsen/As)
39	2025-09	AB092501	P060052	Apple and Banana	QCSP 001_AB_v.02	Grade III	AB_THC17.5:CBD1	11.4	Heavy Metals — Mercury (Hg)	0.003	mg/kg	84/2026	02.02.2026	IPH	https://drive.google.com/file/d/1E0HbtZ2Zb2eVH6xgQVcWwMZCgku3Yx9S/view	Heavy metals (Ph.Eur. 2.4.27, MKC EN 17851:2023) — Mercury (ziva/Hg)
39	2025-09	AB092501	P060052	Apple and Banana	QCSP 001_AB_v.02	Grade III	AB_THC17.5:CBD1	12	Pesticide Residues — multi-residue panel	Lindan (Gama HCH): Н.д. (not detected); Aldrin: Н.д. (not detected); Dieldrin i Aldrin (expressed as Dieldrin): Н.д. (not detected); HCB (Hexachlorobenzene): Н.д. (not detected); 4,4' DDE: Н.д. (not detected); 4,4' DDD: Н.д. (not detected); 4,4' DDT: Н.д. (not detected); Vkupno DDT (Total DDT): Н.д. (not detected); delta HCH: Н.д. (not detected); alpha HCH: Н.д. (not detected); beta HCH: Н.д. (not detected); Endrin: Н.д. (not detected); Chlorpyriphos-methyl: Н.д. (not detected); Chlorpyrifos (Chlorpyriphos-ethyl): Н.д. (not detected); Heptachlor (sum of Heptachlor + Heptachlor epoxide): Н.д. (not detected); Endosulfan (alpha, beta and endosulfan sulfate): Н.д. (not detected); Deltamethrin: Н.д. (not detected); Chlordane (sum of cis- and trans-chlordane): Н.д. (not detected); Metoxychlor: Н.д. (not detected); Heptachlor epoxide: Н.д. (not detected); Endrin aldehyde: Н.д. (not detected); alpha Endosulfan: Н.д. (not detected); beta Endosulfan: Н.д. (not detected); Endrin keton: Н.д. (not detected); trans-Chlordane: Н.д. (not detected); cis-Chlordane: Н.д. (not detected); Dieldrin: Н.д. (not detected); Heptachlor: Н.д. (not detected); Endosulfan sulfate: Н.д. (not detected)	—	84/2026	02.02.2026	IPH	https://drive.google.com/file/d/1E0HbtZ2Zb2eVH6xgQVcWwMZCgku3Yx9S/view	multi-residue screen, per analyte
40	2025-09	CJ092501	P060072	Cap Junky	QCSP 001_CJ_v.02	Grade II	CJ_THC22.5:CBD1	1	Macroscopic Identification (Test A)	Confirms	—	PP CoA #039	20.02.2026	PP	https://drive.google.com/file/d/1rzbGdwLgywT8lpsQy3bfv7c98LWbz8KX/view	Appearance
40	2025-09	CJ092501	P060072	Cap Junky	QCSP 001_CJ_v.02	Grade II	CJ_THC22.5:CBD1	2	Microscopic Identification (Test B)	Missing / not tested	—	—	—	—		—
40	2025-09	CJ092501	P060072	Cap Junky	QCSP 001_CJ_v.02	Grade II	CJ_THC22.5:CBD1	3	HPTLC / Chromatographic Identification (Test C)	Confirms	—	ППК26007	21.01.2026	UKIM	https://drive.google.com/file/d/1rzbGdwLgywT8lpsQy3bfv7c98LWbz8KX/view	Identification (retention time matches standard solution)
40	2025-09	CJ092501	P060072	Cap Junky	QCSP 001_CJ_v.02	Grade II	CJ_THC22.5:CBD1	4	Assay — Total Δ⁹-THC	22.30	%	ППК26007	21.01.2026	UKIM	https://drive.google.com/file/d/1rzbGdwLgywT8lpsQy3bfv7c98LWbz8KX/view	Assay — Total Δ9-tetrahydrocannabinol
40	2025-09	CJ092501	P060072	Cap Junky	QCSP 001_CJ_v.02	Grade II	CJ_THC22.5:CBD1	5	Assay — Total CBD	0.10	%	ППК26007	21.01.2026	UKIM	https://drive.google.com/file/d/1rzbGdwLgywT8lpsQy3bfv7c98LWbz8KX/view	Assay — Total Cannabidiol
40	2025-09	CJ092501	P060072	Cap Junky	QCSP 001_CJ_v.02	Grade II	CJ_THC22.5:CBD1	6	Total CBN	Missing / not tested	—	—	—	—		—
40	2025-09	CJ092501	P060072	Cap Junky	QCSP 001_CJ_v.02	Grade II	CJ_THC22.5:CBD1	7	Foreign Matter	Confirms	%	PP CoA #039	20.02.2026	PP	https://drive.google.com/file/d/1rzbGdwLgywT8lpsQy3bfv7c98LWbz8KX/view	Foreign matter
40	2025-09	CJ092501	P060072	Cap Junky	QCSP 001_CJ_v.02	Grade II	CJ_THC22.5:CBD1	8	Loss on Drying	7.64	%	ППК26007	21.01.2026	UKIM	https://drive.google.com/file/d/1rzbGdwLgywT8lpsQy3bfv7c98LWbz8KX/view	Loss on drying
40	2025-09	CJ092501	P060072	Cap Junky	QCSP 001_CJ_v.02	Grade II	CJ_THC22.5:CBD1	9.1	Microbiology — TAMC	<10	CFU/g	10/0013/26	20.01.2026	IPH	https://drive.google.com/file/d/1rzbGdwLgywT8lpsQy3bfv7c98LWbz8KX/view	Microbiology (Ph.Eur. 5.1.8 cat C) — Total aerobic microbial count (TAMC)
40	2025-09	CJ092501	P060072	Cap Junky	QCSP 001_CJ_v.02	Grade II	CJ_THC22.5:CBD1	9.2	Microbiology — TYMC	<10	CFU/g	10/0013/26	20.01.2026	IPH	https://drive.google.com/file/d/1rzbGdwLgywT8lpsQy3bfv7c98LWbz8KX/view	Microbiology (Ph.Eur. 5.1.8 cat C) — Total combined yeasts/moulds count (TYMC)
40	2025-09	CJ092501	P060072	Cap Junky	QCSP 001_CJ_v.02	Grade II	CJ_THC22.5:CBD1	9.3	Microbiology — Bile-tolerant gram-negative	<10	CFU/g	10/0013/26	20.01.2026	IPH	https://drive.google.com/file/d/1rzbGdwLgywT8lpsQy3bfv7c98LWbz8KX/view	Microbiology (Ph.Eur. 2.6.12) — Bile-tolerant gram-negative bacteria
40	2025-09	CJ092501	P060072	Cap Junky	QCSP 001_CJ_v.02	Grade II	CJ_THC22.5:CBD1	9.4	Microbiology — Salmonella	Odgovara (Absent)	/25 g	10/0013/26	20.01.2026	IPH	https://drive.google.com/file/d/1rzbGdwLgywT8lpsQy3bfv7c98LWbz8KX/view	Microbiology (Ph.Eur. 2.6.31) — Salmonella /25g
40	2025-09	CJ092501	P060072	Cap Junky	QCSP 001_CJ_v.02	Grade II	CJ_THC22.5:CBD1	9.5	Microbiology — Escherichia coli	<10	/1 g	10/0013/26	20.01.2026	IPH	https://drive.google.com/file/d/1rzbGdwLgywT8lpsQy3bfv7c98LWbz8KX/view	Microbiology (Ph.Eur. 2.6.12) — Escherichia coli /g
40	2025-09	CJ092501	P060072	Cap Junky	QCSP 001_CJ_v.02	Grade II	CJ_THC22.5:CBD1	10.1	Mycotoxins — Aflatoxin B1	Missing / not tested	—	—	—	—		—
40	2025-09	CJ092501	P060072	Cap Junky	QCSP 001_CJ_v.02	Grade II	CJ_THC22.5:CBD1	10.2	Mycotoxins — Total Aflatoxins (B1+B2+G1+G2)	<2	µg/kg	86/2026	02.02.2026	IPH	https://drive.google.com/file/d/1rzbGdwLgywT8lpsQy3bfv7c98LWbz8KX/view	Mycotoxins (Ph.Eur. 2.8.18, AflaTest fluorometric) — Total aflatoxins (sum B1+B2+G1+G2)
40	2025-09	CJ092501	P060072	Cap Junky	QCSP 001_CJ_v.02	Grade II	CJ_THC22.5:CBD1	10.3	Mycotoxins — Ochratoxin A	Missing / not tested	—	—	—	—		—
40	2025-09	CJ092501	P060072	Cap Junky	QCSP 001_CJ_v.02	Grade II	CJ_THC22.5:CBD1	11.1	Heavy Metals — Lead (Pb)	0.04	mg/kg	86/2026	02.02.2026	IPH	https://drive.google.com/file/d/1rzbGdwLgywT8lpsQy3bfv7c98LWbz8KX/view	Heavy metals (Ph.Eur. 2.4.27, MKC EN 17851:2023) — Lead (olovo/Pb)
40	2025-09	CJ092501	P060072	Cap Junky	QCSP 001_CJ_v.02	Grade II	CJ_THC22.5:CBD1	11.2	Heavy Metals — Cadmium (Cd)	Н.д. mg/kg	mg/kg	86/2026	02.02.2026	IPH	https://drive.google.com/file/d/1rzbGdwLgywT8lpsQy3bfv7c98LWbz8KX/view	Heavy metals (Ph.Eur. 2.4.27, MKC EN 17851:2023) — Cadmium (kadmium/Cd)
40	2025-09	CJ092501	P060072	Cap Junky	QCSP 001_CJ_v.02	Grade II	CJ_THC22.5:CBD1	11.3	Heavy Metals — Arsenic (As)	Н.д. mg/kg	mg/kg	86/2026	02.02.2026	IPH	https://drive.google.com/file/d/1rzbGdwLgywT8lpsQy3bfv7c98LWbz8KX/view	Heavy metals (Ph.Eur. 2.4.27, MKC EN 17851:2023) — Arsenic (arsen/As)
40	2025-09	CJ092501	P060072	Cap Junky	QCSP 001_CJ_v.02	Grade II	CJ_THC22.5:CBD1	11.4	Heavy Metals — Mercury (Hg)	0.004	mg/kg	86/2026	02.02.2026	IPH	https://drive.google.com/file/d/1rzbGdwLgywT8lpsQy3bfv7c98LWbz8KX/view	Heavy metals (Ph.Eur. 2.4.27, MKC EN 17851:2023) — Mercury (ziva/Hg)
40	2025-09	CJ092501	P060072	Cap Junky	QCSP 001_CJ_v.02	Grade II	CJ_THC22.5:CBD1	12	Pesticide Residues — multi-residue panel	Lindan (Gama HCH): Н.д. (not detected); Aldrin: Н.д. (not detected); Dieldrin i Aldrin (expressed as Dieldrin): Н.д. (not detected); HCB (Hexachlorobenzene): Н.д. (not detected); 4,4' DDE: Н.д. (not detected); 4,4' DDD: Н.д. (not detected); 4,4' DDT: Н.д. (not detected); Vkupno DDT (Total DDT): Н.д. (not detected); delta HCH: Н.д. (not detected); alpha HCH: Н.д. (not detected); beta HCH: Н.д. (not detected); Endrin: Н.д. (not detected); Chlorpyriphos-methyl: Н.д. (not detected); Chlorpyrifos (Chlorpyriphos-ethyl): Н.д. (not detected); Heptachlor (sum of Heptachlor + Heptachlor epoxide): Н.д. (not detected); Endosulfan (alpha, beta and endosulfan sulfate): Н.д. (not detected); Deltamethrin: Н.д. (not detected); Chlordane (sum of cis- and trans-chlordane): Н.д. (not detected); Metoxychlor: Н.д. (not detected); Heptachlor epoxide: Н.д. (not detected); Endrin aldehyde: Н.д. (not detected); alpha Endosulfan: Н.д. (not detected); beta Endosulfan: Н.д. (not detected); Endrin keton: Н.д. (not detected); trans-Chlordane: Н.д. (not detected); cis-Chlordane: Н.д. (not detected); Dieldrin: Н.д. (not detected); Heptachlor: Н.д. (not detected); Endosulfan sulfate: Н.д. (not detected)	—	86/2026	02.02.2026	IPH	https://drive.google.com/file/d/1rzbGdwLgywT8lpsQy3bfv7c98LWbz8KX/view	multi-residue screen, per analyte
41	2025-09	GP092501	P060092	Grape Pie	QCSP 001_GP_v.02	Grade II	GP_THC24:CBD1	1	Macroscopic Identification (Test A)	Confirms	—	PP CoA #033	20.02.2020 [see source]	PP	https://drive.google.com/file/d/1wos91oKOPD6nxStQOs_lfacQXPsMvI4B/view	Appearance
41	2025-09	GP092501	P060092	Grape Pie	QCSP 001_GP_v.02	Grade II	GP_THC24:CBD1	2	Microscopic Identification (Test B)	Missing / not tested	—	—	—	—		—
41	2025-09	GP092501	P060092	Grape Pie	QCSP 001_GP_v.02	Grade II	GP_THC24:CBD1	3	HPTLC / Chromatographic Identification (Test C)	Confirms	—	ППК26009	21.01.2026	UKIM	https://drive.google.com/file/d/1wos91oKOPD6nxStQOs_lfacQXPsMvI4B/view	Identification (retention-time match, HPLC/DAD)
41	2025-09	GP092501	P060092	Grape Pie	QCSP 001_GP_v.02	Grade II	GP_THC24:CBD1	4	Assay — Total Δ⁹-THC	25.73	%	ППК26009	21.01.2026	UKIM	https://drive.google.com/file/d/1wos91oKOPD6nxStQOs_lfacQXPsMvI4B/view	Total Δ9-THC (assay)
41	2025-09	GP092501	P060092	Grape Pie	QCSP 001_GP_v.02	Grade II	GP_THC24:CBD1	5	Assay — Total CBD	0.11	%	ППК26009	21.01.2026	UKIM	https://drive.google.com/file/d/1wos91oKOPD6nxStQOs_lfacQXPsMvI4B/view	Total CBD (assay)
41	2025-09	GP092501	P060092	Grape Pie	QCSP 001_GP_v.02	Grade II	GP_THC24:CBD1	6	Total CBN	Missing / not tested	—	—	—	—		—
41	2025-09	GP092501	P060092	Grape Pie	QCSP 001_GP_v.02	Grade II	GP_THC24:CBD1	7	Foreign Matter	Confirms	%	PP CoA #033	—	PP	https://drive.google.com/file/d/1wos91oKOPD6nxStQOs_lfacQXPsMvI4B/view	Foreign matter (Ph.Eur. 2.8.2)
41	2025-09	GP092501	P060092	Grape Pie	QCSP 001_GP_v.02	Grade II	GP_THC24:CBD1	8	Loss on Drying	6.91	%	ППК26009	21.01.2026	UKIM	https://drive.google.com/file/d/1wos91oKOPD6nxStQOs_lfacQXPsMvI4B/view	Loss on drying (Ph.Eur. 2.2.32 / DAB)
41	2025-09	GP092501	P060092	Grape Pie	QCSP 001_GP_v.02	Grade II	GP_THC24:CBD1	9.1	Microbiology — TAMC	1 x 10^2 CFU/g	CFU/g	5/0008/26	20.01.2026 [see source]	IPH	https://drive.google.com/file/d/1wos91oKOPD6nxStQOs_lfacQXPsMvI4B/view	Microbiological quality (Ph.Eur. 5.1.8 cat. C) — Total aerobic microbial count (TAMC)
41	2025-09	GP092501	P060092	Grape Pie	QCSP 001_GP_v.02	Grade II	GP_THC24:CBD1	9.2	Microbiology — TYMC	<10	CFU/g	5/0008/26	20.01.2026 [see source]	IPH	https://drive.google.com/file/d/1wos91oKOPD6nxStQOs_lfacQXPsMvI4B/view	Microbiological quality (Ph.Eur. 5.1.8 cat. C) — Total combined yeasts/moulds count (TYMC)
41	2025-09	GP092501	P060092	Grape Pie	QCSP 001_GP_v.02	Grade II	GP_THC24:CBD1	9.3	Microbiology — Bile-tolerant gram-negative	< 10^2 and > 10 CFU/g	CFU/g	5/0008/26	20.01.2026 [see source]	IPH	https://drive.google.com/file/d/1wos91oKOPD6nxStQOs_lfacQXPsMvI4B/view	Microbiological quality (Ph.Eur. 5.1.8 cat. C) — Bile-tolerant gram-negative bacteria
41	2025-09	GP092501	P060092	Grape Pie	QCSP 001_GP_v.02	Grade II	GP_THC24:CBD1	9.4	Microbiology — Salmonella	Одговара (Complies/Absent)	/25 g	5/0008/26	20.01.2026 [see source]	IPH	https://drive.google.com/file/d/1wos91oKOPD6nxStQOs_lfacQXPsMvI4B/view	Microbiological quality (Ph.Eur. 5.1.8 cat. C) — Salmonella
41	2025-09	GP092501	P060092	Grape Pie	QCSP 001_GP_v.02	Grade II	GP_THC24:CBD1	9.5	Microbiology — Escherichia coli	Одговара (Complies/Absent)	/1 g	5/0008/26	20.01.2026 [see source]	IPH	https://drive.google.com/file/d/1wos91oKOPD6nxStQOs_lfacQXPsMvI4B/view	Microbiological quality (Ph.Eur. 5.1.8 cat. C) — Escherichia coli
41	2025-09	GP092501	P060092	Grape Pie	QCSP 001_GP_v.02	Grade II	GP_THC24:CBD1	10.1	Mycotoxins — Aflatoxin B1	Missing / not tested	—	—	—	—		—
41	2025-09	GP092501	P060092	Grape Pie	QCSP 001_GP_v.02	Grade II	GP_THC24:CBD1	10.2	Mycotoxins — Total Aflatoxins (B1+B2+G1+G2)	<2	µg/kg	88/2026	03.02.2026	IPH	https://drive.google.com/file/d/1wos91oKOPD6nxStQOs_lfacQXPsMvI4B/view	Mycotoxins (Ph.Eur. 2.8.18) — Total aflatoxins (B1+B2+G1+G2)
41	2025-09	GP092501	P060092	Grape Pie	QCSP 001_GP_v.02	Grade II	GP_THC24:CBD1	10.3	Mycotoxins — Ochratoxin A	Missing / not tested	—	—	—	—		—
41	2025-09	GP092501	P060092	Grape Pie	QCSP 001_GP_v.02	Grade II	GP_THC24:CBD1	11.1	Heavy Metals — Lead (Pb)	0.022	mg/kg	88/2026	03.02.2026	IPH	https://drive.google.com/file/d/1wos91oKOPD6nxStQOs_lfacQXPsMvI4B/view	Heavy metals (Ph.Eur. 2.4.27) — Lead (олово)
41	2025-09	GP092501	P060092	Grape Pie	QCSP 001_GP_v.02	Grade II	GP_THC24:CBD1	11.2	Heavy Metals — Cadmium (Cd)	н.д.	mg/kg	88/2026	03.02.2026	IPH	https://drive.google.com/file/d/1wos91oKOPD6nxStQOs_lfacQXPsMvI4B/view	Heavy metals (Ph.Eur. 2.4.27) — Cadmium (кадмиум)
41	2025-09	GP092501	P060092	Grape Pie	QCSP 001_GP_v.02	Grade II	GP_THC24:CBD1	11.3	Heavy Metals — Arsenic (As)	н.д.	mg/kg	88/2026	03.02.2026	IPH	https://drive.google.com/file/d/1wos91oKOPD6nxStQOs_lfacQXPsMvI4B/view	Heavy metals (Ph.Eur. 2.4.27) — Arsenic (арсен)
41	2025-09	GP092501	P060092	Grape Pie	QCSP 001_GP_v.02	Grade II	GP_THC24:CBD1	11.4	Heavy Metals — Mercury (Hg)	0.007	mg/kg	88/2026	03.02.2026	IPH	https://drive.google.com/file/d/1wos91oKOPD6nxStQOs_lfacQXPsMvI4B/view	Heavy metals (Ph.Eur. 2.4.27) — Mercury (жива)
41	2025-09	GP092501	P060092	Grape Pie	QCSP 001_GP_v.02	Grade II	GP_THC24:CBD1	12	Pesticide Residues — multi-residue panel	Lindan (Gama HCH): н.д.; Aldrin: н.д.; Dieldrin и Aldrin (expressed as Dieldrin): н.д.; HCB: н.д.; 4,4' DDE: н.д.; 4,4' DDD: н.д.; 4,4' DDT: н.д.; вкупно DDT (total DDT): н.д.; delta HCH: н.д.; alpha HCH: н.д.; beta HCH: н.д.; Endrin: н.д.; Chlorpyrifos-methyl: н.д.; Chlorpyrifos: н.д.; Heptachlor (sum of Heptachlor + Heptachlor epoxide): н.д.; Endosulfan (alpha, beta and endosulfan sulfate): н.д.; Deltamethrin: н.д.; Chlordane (sum of cis- and trans-chlordane): н.д.; Metoxychlor: н.д.; Heptachlor epoxide: н.д.; Endrin aldehyde: н.д.; alpha Endosulfan: н.д.; beta Endosulfan: н.д.; Endrin keton: н.д.; trans-Chlordane: н.д.; cis-Chlordane: н.д.; Dieldrin: н.д.; Heptachlor: н.д.; Endosulfan sulfate: н.д.	—	88/2026	03.02.2026	IPH	https://drive.google.com/file/d/1wos91oKOPD6nxStQOs_lfacQXPsMvI4B/view	multi-residue screen, per analyte
42	2025-09	OPM092501	P060042	Orange Punch Mimosa	QCSP 001_OPM_v.02	Grade IV	OPM_THC10:CBD1	1	Macroscopic Identification (Test A)	Confirms	—	PP CoA #040	20.02.2026	PP	https://drive.google.com/file/d/1-kEEo2-pS7_0uxxCDFgX-jwvCKL2SYEd/view	Appearance
42	2025-09	OPM092501	P060042	Orange Punch Mimosa	QCSP 001_OPM_v.02	Grade IV	OPM_THC10:CBD1	2	Microscopic Identification (Test B)	Missing / not tested	—	—	—	—		—
42	2025-09	OPM092501	P060042	Orange Punch Mimosa	QCSP 001_OPM_v.02	Grade IV	OPM_THC10:CBD1	3	HPTLC / Chromatographic Identification (Test C)	Confirms	—	ППК26008	21.01.2026	UKIM	https://drive.google.com/file/d/1-kEEo2-pS7_0uxxCDFgX-jwvCKL2SYEd/view	Identification (retention time matches standard solution)
42	2025-09	OPM092501	P060042	Orange Punch Mimosa	QCSP 001_OPM_v.02	Grade IV	OPM_THC10:CBD1	4	Assay — Total Δ⁹-THC	9.43	%	ППК26008	21.01.2026	UKIM	https://drive.google.com/file/d/1-kEEo2-pS7_0uxxCDFgX-jwvCKL2SYEd/view	Assay — Total Δ9-tetrahydrocannabinol
42	2025-09	OPM092501	P060042	Orange Punch Mimosa	QCSP 001_OPM_v.02	Grade IV	OPM_THC10:CBD1	5	Assay — Total CBD	0.04	%	ППК26008	21.01.2026	UKIM	https://drive.google.com/file/d/1-kEEo2-pS7_0uxxCDFgX-jwvCKL2SYEd/view	Assay — Total Cannabidiol
42	2025-09	OPM092501	P060042	Orange Punch Mimosa	QCSP 001_OPM_v.02	Grade IV	OPM_THC10:CBD1	6	Total CBN	Missing / not tested	—	—	—	—		—
42	2025-09	OPM092501	P060042	Orange Punch Mimosa	QCSP 001_OPM_v.02	Grade IV	OPM_THC10:CBD1	7	Foreign Matter	Confirms	%	PP CoA #040	20.02.2026	PP	https://drive.google.com/file/d/1-kEEo2-pS7_0uxxCDFgX-jwvCKL2SYEd/view	Foreign matter
42	2025-09	OPM092501	P060042	Orange Punch Mimosa	QCSP 001_OPM_v.02	Grade IV	OPM_THC10:CBD1	8	Loss on Drying	7.85	%	ППК26008	21.01.2026	UKIM	https://drive.google.com/file/d/1-kEEo2-pS7_0uxxCDFgX-jwvCKL2SYEd/view	Loss on drying
42	2025-09	OPM092501	P060042	Orange Punch Mimosa	QCSP 001_OPM_v.02	Grade IV	OPM_THC10:CBD1	9.1	Microbiology — TAMC	10	CFU/g	2/0005/26	20.01.2026	IPH	https://drive.google.com/file/d/1-kEEo2-pS7_0uxxCDFgX-jwvCKL2SYEd/view	Microbiology (Ph.Eur. 5.1.8 cat C) — Total aerobic microbial count (TAMC)
42	2025-09	OPM092501	P060042	Orange Punch Mimosa	QCSP 001_OPM_v.02	Grade IV	OPM_THC10:CBD1	9.2	Microbiology — TYMC	10	CFU/g	2/0005/26	20.01.2026	IPH	https://drive.google.com/file/d/1-kEEo2-pS7_0uxxCDFgX-jwvCKL2SYEd/view	Microbiology (Ph.Eur. 5.1.8 cat C) — Total combined yeasts/moulds count (TYMC)
42	2025-09	OPM092501	P060042	Orange Punch Mimosa	QCSP 001_OPM_v.02	Grade IV	OPM_THC10:CBD1	9.3	Microbiology — Bile-tolerant gram-negative	< 10^2 and > 10	CFU/g	2/0005/26	20.01.2026	IPH	https://drive.google.com/file/d/1-kEEo2-pS7_0uxxCDFgX-jwvCKL2SYEd/view	Microbiology (Ph.Eur. 2.6.12) — Bile-tolerant gram-negative bacteria
42	2025-09	OPM092501	P060042	Orange Punch Mimosa	QCSP 001_OPM_v.02	Grade IV	OPM_THC10:CBD1	9.4	Microbiology — Salmonella	Odgovara (Absent)	/25 g	2/0005/26	20.01.2026	IPH	https://drive.google.com/file/d/1-kEEo2-pS7_0uxxCDFgX-jwvCKL2SYEd/view	Microbiology (Ph.Eur. 2.6.31) — Salmonella /25g
42	2025-09	OPM092501	P060042	Orange Punch Mimosa	QCSP 001_OPM_v.02	Grade IV	OPM_THC10:CBD1	9.5	Microbiology — Escherichia coli	Odgovara (Absent)	/1 g	2/0005/26	20.01.2026	IPH	https://drive.google.com/file/d/1-kEEo2-pS7_0uxxCDFgX-jwvCKL2SYEd/view	Microbiology (Ph.Eur. 2.6.12) — Escherichia coli /g
42	2025-09	OPM092501	P060042	Orange Punch Mimosa	QCSP 001_OPM_v.02	Grade IV	OPM_THC10:CBD1	10.1	Mycotoxins — Aflatoxin B1	Missing / not tested	—	—	—	—		—
42	2025-09	OPM092501	P060042	Orange Punch Mimosa	QCSP 001_OPM_v.02	Grade IV	OPM_THC10:CBD1	10.2	Mycotoxins — Total Aflatoxins (B1+B2+G1+G2)	2.2	µg/kg	87/2026	03.02.2026	IPH	https://drive.google.com/file/d/1-kEEo2-pS7_0uxxCDFgX-jwvCKL2SYEd/view	Mycotoxins — Total aflatoxins
42	2025-09	OPM092501	P060042	Orange Punch Mimosa	QCSP 001_OPM_v.02	Grade IV	OPM_THC10:CBD1	10.3	Mycotoxins — Ochratoxin A	Missing / not tested	—	—	—	—		—
42	2025-09	OPM092501	P060042	Orange Punch Mimosa	QCSP 001_OPM_v.02	Grade IV	OPM_THC10:CBD1	11.1	Heavy Metals — Lead (Pb)	0.022	mg/kg	87/2026	03.02.2026	IPH	https://drive.google.com/file/d/1-kEEo2-pS7_0uxxCDFgX-jwvCKL2SYEd/view	Heavy metals (Ph.Eur. 2.4.27, MKC EN 17851:2023) — Lead (olovo/Pb)
42	2025-09	OPM092501	P060042	Orange Punch Mimosa	QCSP 001_OPM_v.02	Grade IV	OPM_THC10:CBD1	11.2	Heavy Metals — Cadmium (Cd)	Н.д. mg/kg	mg/kg	87/2026	03.02.2026	IPH	https://drive.google.com/file/d/1-kEEo2-pS7_0uxxCDFgX-jwvCKL2SYEd/view	Heavy metals (Ph.Eur. 2.4.27, MKC EN 17851:2023) — Cadmium (kadmium/Cd)
42	2025-09	OPM092501	P060042	Orange Punch Mimosa	QCSP 001_OPM_v.02	Grade IV	OPM_THC10:CBD1	11.3	Heavy Metals — Arsenic (As)	Н.д. mg/kg	mg/kg	87/2026	03.02.2026	IPH	https://drive.google.com/file/d/1-kEEo2-pS7_0uxxCDFgX-jwvCKL2SYEd/view	Heavy metals (Ph.Eur. 2.4.27, MKC EN 17851:2023) — Arsenic (arsen/As)
42	2025-09	OPM092501	P060042	Orange Punch Mimosa	QCSP 001_OPM_v.02	Grade IV	OPM_THC10:CBD1	11.4	Heavy Metals — Mercury (Hg)	Н.д. mg/kg	mg/kg	87/2026	03.02.2026	IPH	https://drive.google.com/file/d/1-kEEo2-pS7_0uxxCDFgX-jwvCKL2SYEd/view	Heavy metals (Ph.Eur. 2.4.27, MKC EN 17851:2023) — Mercury (ziva/Hg)
42	2025-09	OPM092501	P060042	Orange Punch Mimosa	QCSP 001_OPM_v.02	Grade IV	OPM_THC10:CBD1	12	Pesticide Residues — multi-residue panel	Lindan (Gama HCH): Н.д. (not detected); Aldrin: Н.д. (not detected); Dieldrin i Aldrin (expressed as Dieldrin): Н.д. (not detected); HCB (Hexachlorobenzene): Н.д. (not detected); 4,4' DDE: Н.д. (not detected); 4,4' DDD: Н.д. (not detected); 4,4' DDT: Н.д. (not detected); Vkupno DDT (Total DDT): Н.д. (not detected); delta HCH: Н.д. (not detected); alpha HCH: Н.д. (not detected); beta HCH: Н.д. (not detected); Endrin: Н.д. (not detected); Chlorpyriphos-methyl: Н.д. (not detected); Chlorpyrifos (Chlorpyriphos-ethyl): Н.д. (not detected); Heptachlor (sum of Heptachlor + Heptachlor epoxide): Н.д. (not detected); Endosulfan (alpha, beta and endosulfan sulfate): Н.д. (not detected); Deltamethrin: Н.д. (not detected); Chlordane (sum of cis- and trans-chlordane): Н.д. (not detected); Metoxychlor: Н.д. (not detected); Heptachlor epoxide: Н.д. (not detected); Endrin aldehyde: Н.д. (not detected); alpha Endosulfan: Н.д. (not detected); beta Endosulfan: Н.д. (not detected); Endrin keton: Н.д. (not detected); trans-Chlordane: Н.д. (not detected); cis-Chlordane: Н.д. (not detected); Dieldrin: Н.д. (not detected); Heptachlor: Н.д. (not detected); Endosulfan sulfate: Н.д. (not detected)	—	87/2026	03.02.2026	IPH	https://drive.google.com/file/d/1-kEEo2-pS7_0uxxCDFgX-jwvCKL2SYEd/view	multi-residue screen, per analyte
43	2025-09	PM092501	P060062	Permanent Marker	QCSP 001_PM_v.02	Grade III / Grade IV	PM_THC16.5:CBD1 / PM_THC11.5:CBD1	1	Macroscopic Identification (Test A)	Confirms	—	PP CoA #036	20.02.2026	PP	https://drive.google.com/file/d/1nPd5-t9PKdiPmrU9cNWF0YA86mqv3cmJ/view	Appearance
43	2025-09	PM092501	P060062	Permanent Marker	QCSP 001_PM_v.02	Grade III / Grade IV	PM_THC16.5:CBD1 / PM_THC11.5:CBD1	2	Microscopic Identification (Test B)	Missing / not tested	—	—	—	—		—
43	2025-09	PM092501	P060062	Permanent Marker	QCSP 001_PM_v.02	Grade III / Grade IV	PM_THC16.5:CBD1 / PM_THC11.5:CBD1	3	HPTLC / Chromatographic Identification (Test C)	Confirms	—	ППК26004	21.01.2026	UKIM	https://drive.google.com/file/d/1nPd5-t9PKdiPmrU9cNWF0YA86mqv3cmJ/view	Identification (retention time matches standard solution)
43	2025-09	PM092501	P060062	Permanent Marker	QCSP 001_PM_v.02	Grade III / Grade IV	PM_THC16.5:CBD1 / PM_THC11.5:CBD1	4	Assay — Total Δ⁹-THC	12.25	%	197-20-К/26	07.08.2026	FARM	https://drive.google.com/file/d/1Et_elIOgo-XSX7XH2NQh1Yxx8_0sei5w/view	Retest cannabinoids — Total Δ9-THC (HPLC/DAD)
43	2025-09	PM092501	P060062	Permanent Marker	QCSP 001_PM_v.02	Grade III / Grade IV	PM_THC16.5:CBD1 / PM_THC11.5:CBD1	4	Assay — Total Δ⁹-THC	14.06	%	ППК26004	21.01.2026	UKIM	https://drive.google.com/file/d/1nPd5-t9PKdiPmrU9cNWF0YA86mqv3cmJ/view	Assay — Total Δ9-tetrahydrocannabinol
43	2025-09	PM092501	P060062	Permanent Marker	QCSP 001_PM_v.02	Grade III / Grade IV	PM_THC16.5:CBD1 / PM_THC11.5:CBD1	5	Assay — Total CBD	<LOQ %w/w	%	197-20-К/26	07.08.2026	FARM	https://drive.google.com/file/d/1Et_elIOgo-XSX7XH2NQh1Yxx8_0sei5w/view	Retest cannabinoids — Total CBD (HPLC/DAD)
43	2025-09	PM092501	P060062	Permanent Marker	QCSP 001_PM_v.02	Grade III / Grade IV	PM_THC16.5:CBD1 / PM_THC11.5:CBD1	5	Assay — Total CBD	0.05	%	ППК26004	21.01.2026	UKIM	https://drive.google.com/file/d/1nPd5-t9PKdiPmrU9cNWF0YA86mqv3cmJ/view	Assay — Total Cannabidiol
43	2025-09	PM092501	P060062	Permanent Marker	QCSP 001_PM_v.02	Grade III / Grade IV	PM_THC16.5:CBD1 / PM_THC11.5:CBD1	6	Total CBN	<LOQ %w/w	%	197-20-К/26	07.08.2026	FARM	https://drive.google.com/file/d/1Et_elIOgo-XSX7XH2NQh1Yxx8_0sei5w/view	Retest cannabinoids — Total CBN (HPLC/DAD)
43	2025-09	PM092501	P060062	Permanent Marker	QCSP 001_PM_v.02	Grade III / Grade IV	PM_THC16.5:CBD1 / PM_THC11.5:CBD1	7	Foreign Matter	Confirms	%	PP CoA #036	20.02.2026	PP	https://drive.google.com/file/d/1nPd5-t9PKdiPmrU9cNWF0YA86mqv3cmJ/view	Foreign matter
43	2025-09	PM092501	P060062	Permanent Marker	QCSP 001_PM_v.02	Grade III / Grade IV	PM_THC16.5:CBD1 / PM_THC11.5:CBD1	8	Loss on Drying	7.97	%	ППК26004	21.01.2026	UKIM	https://drive.google.com/file/d/1nPd5-t9PKdiPmrU9cNWF0YA86mqv3cmJ/view	Loss on drying
43	2025-09	PM092501	P060062	Permanent Marker	QCSP 001_PM_v.02	Grade III / Grade IV	PM_THC16.5:CBD1 / PM_THC11.5:CBD1	9.1	Microbiology — TAMC	2×10^3 CFU/g	CFU/g	6/0009/26	20.01.2026	IPH	https://drive.google.com/file/d/1nPd5-t9PKdiPmrU9cNWF0YA86mqv3cmJ/view	Microbiology (Ph.Eur. 5.1.8 cat C) — Total aerobic microbial count (TAMC)
43	2025-09	PM092501	P060062	Permanent Marker	QCSP 001_PM_v.02	Grade III / Grade IV	PM_THC16.5:CBD1 / PM_THC11.5:CBD1	9.2	Microbiology — TYMC	2.2×10^3 CFU/g	CFU/g	6/0009/26	20.01.2026	IPH	https://drive.google.com/file/d/1nPd5-t9PKdiPmrU9cNWF0YA86mqv3cmJ/view	Microbiology (Ph.Eur. 5.1.8 cat C) — Total combined yeasts/moulds count (TYMC)
43	2025-09	PM092501	P060062	Permanent Marker	QCSP 001_PM_v.02	Grade III / Grade IV	PM_THC16.5:CBD1 / PM_THC11.5:CBD1	9.3	Microbiology — Bile-tolerant gram-negative	<10	CFU/g	6/0009/26	20.01.2026	IPH	https://drive.google.com/file/d/1nPd5-t9PKdiPmrU9cNWF0YA86mqv3cmJ/view	Microbiology (Ph.Eur. 2.6.12) — Bile-tolerant gram-negative bacteria
43	2025-09	PM092501	P060062	Permanent Marker	QCSP 001_PM_v.02	Grade III / Grade IV	PM_THC16.5:CBD1 / PM_THC11.5:CBD1	9.4	Microbiology — Salmonella	Odgovara (Absent)	/25 g	6/0009/26	20.01.2026	IPH	https://drive.google.com/file/d/1nPd5-t9PKdiPmrU9cNWF0YA86mqv3cmJ/view	Microbiology (Ph.Eur. 2.6.31) — Salmonella /25g
43	2025-09	PM092501	P060062	Permanent Marker	QCSP 001_PM_v.02	Grade III / Grade IV	PM_THC16.5:CBD1 / PM_THC11.5:CBD1	9.5	Microbiology — Escherichia coli	<10	/1 g	6/0009/26	20.01.2026	IPH	https://drive.google.com/file/d/1nPd5-t9PKdiPmrU9cNWF0YA86mqv3cmJ/view	Microbiology (Ph.Eur. 2.6.12) — Escherichia coli /g
43	2025-09	PM092501	P060062	Permanent Marker	QCSP 001_PM_v.02	Grade III / Grade IV	PM_THC16.5:CBD1 / PM_THC11.5:CBD1	10.1	Mycotoxins — Aflatoxin B1	ND µg/kg (all four)	µg/kg	197-20-М/26	10.08.2026	FARM	https://drive.google.com/file/d/1hPk1pkFxgKOqc_qC2SQZWDJGmrO55A7Z/view	Retest mycotoxins — Aflatoxin B1/B2/G1/G2 (each)
43	2025-09	PM092501	P060062	Permanent Marker	QCSP 001_PM_v.02	Grade III / Grade IV	PM_THC16.5:CBD1 / PM_THC11.5:CBD1	10.2	Mycotoxins — Total Aflatoxins (B1+B2+G1+G2)	<2	µg/kg	83/2026	02.02.2026	IPH	https://drive.google.com/file/d/1nPd5-t9PKdiPmrU9cNWF0YA86mqv3cmJ/view	Mycotoxins (Ph.Eur. 2.8.18, AflaTest fluorometric) — Total aflatoxins (sum B1+B2+G1+G2)
43	2025-09	PM092501	P060062	Permanent Marker	QCSP 001_PM_v.02	Grade III / Grade IV	PM_THC16.5:CBD1 / PM_THC11.5:CBD1	10.2	Mycotoxins — Total Aflatoxins (B1+B2+G1+G2)	ND (all four not detected)	µg/kg	197-20-М/26	10.08.2026	FARM	https://drive.google.com/file/d/1hPk1pkFxgKOqc_qC2SQZWDJGmrO55A7Z/view	Retest mycotoxins — Sum aflatoxins B1+B2+G1+G2
43	2025-09	PM092501	P060062	Permanent Marker	QCSP 001_PM_v.02	Grade III / Grade IV	PM_THC16.5:CBD1 / PM_THC11.5:CBD1	10.3	Mycotoxins — Ochratoxin A	ND µg/kg	µg/kg	197-20-М/26	10.08.2026	FARM	https://drive.google.com/file/d/1hPk1pkFxgKOqc_qC2SQZWDJGmrO55A7Z/view	Retest mycotoxins — Ochratoxin A
43	2025-09	PM092501	P060062	Permanent Marker	QCSP 001_PM_v.02	Grade III / Grade IV	PM_THC16.5:CBD1 / PM_THC11.5:CBD1	11.1	Heavy Metals — Lead (Pb)	0.03	mg/kg	83/2026	02.02.2026	IPH	https://drive.google.com/file/d/1nPd5-t9PKdiPmrU9cNWF0YA86mqv3cmJ/view	Heavy metals (Ph.Eur. 2.4.27, MKC EN 17851:2023) — Lead (olovo/Pb)
43	2025-09	PM092501	P060062	Permanent Marker	QCSP 001_PM_v.02	Grade III / Grade IV	PM_THC16.5:CBD1 / PM_THC11.5:CBD1	11.2	Heavy Metals — Cadmium (Cd)	Н.д. mg/kg	mg/kg	83/2026	02.02.2026	IPH	https://drive.google.com/file/d/1nPd5-t9PKdiPmrU9cNWF0YA86mqv3cmJ/view	Heavy metals (Ph.Eur. 2.4.27, MKC EN 17851:2023) — Cadmium (kadmium/Cd)
43	2025-09	PM092501	P060062	Permanent Marker	QCSP 001_PM_v.02	Grade III / Grade IV	PM_THC16.5:CBD1 / PM_THC11.5:CBD1	11.3	Heavy Metals — Arsenic (As)	Н.д. mg/kg	mg/kg	83/2026	02.02.2026	IPH	https://drive.google.com/file/d/1nPd5-t9PKdiPmrU9cNWF0YA86mqv3cmJ/view	Heavy metals (Ph.Eur. 2.4.27, MKC EN 17851:2023) — Arsenic (arsen/As)
43	2025-09	PM092501	P060062	Permanent Marker	QCSP 001_PM_v.02	Grade III / Grade IV	PM_THC16.5:CBD1 / PM_THC11.5:CBD1	11.4	Heavy Metals — Mercury (Hg)	Н.д. mg/kg	mg/kg	83/2026	02.02.2026	IPH	https://drive.google.com/file/d/1nPd5-t9PKdiPmrU9cNWF0YA86mqv3cmJ/view	Heavy metals (Ph.Eur. 2.4.27, MKC EN 17851:2023) — Mercury (ziva/Hg)
43	2025-09	PM092501	P060062	Permanent Marker	QCSP 001_PM_v.02	Grade III / Grade IV	PM_THC16.5:CBD1 / PM_THC11.5:CBD1	12	Pesticide Residues — multi-residue panel	Lindan (Gama HCH): Н.д. (not detected); Aldrin: Н.д. (not detected); Dieldrin i Aldrin (expressed as Dieldrin): Н.д. (not detected); HCB (Hexachlorobenzene): Н.д. (not detected); 4,4' DDE: Н.д. (not detected); 4,4' DDD: Н.д. (not detected); 4,4' DDT: Н.д. (not detected); Vkupno DDT (Total DDT): Н.д. (not detected); delta HCH: Н.д. (not detected); alpha HCH: Н.д. (not detected); beta HCH: Н.д. (not detected); Endrin: Н.д. (not detected); Chlorpyriphos-methyl: Н.д. (not detected); Chlorpyrifos (Chlorpyriphos-ethyl): Н.д. (not detected); Heptachlor (sum of Heptachlor + Heptachlor epoxide): Н.д. (not detected); Endosulfan (alpha, beta and endosulfan sulfate): Н.д. (not detected); Deltamethrin: Н.д. (not detected); Chlordane (sum of cis- and trans-chlordane): Н.д. (not detected); Metoxychlor: Н.д. (not detected); Heptachlor epoxide: Н.д. (not detected); Endrin aldehyde: Н.д. (not detected); alpha Endosulfan: Н.д. (not detected); beta Endosulfan: Н.д. (not detected); Endrin keton: Н.д. (not detected); trans-Chlordane: Н.д. (not detected); cis-Chlordane: Н.д. (not detected); Dieldrin: Н.д. (not detected); Heptachlor: Н.д. (not detected); Endosulfan sulfate: Н.д. (not detected)	—	83/2026	02.02.2026	IPH	https://drive.google.com/file/d/1nPd5-t9PKdiPmrU9cNWF0YA86mqv3cmJ/view	multi-residue screen, per analyte
44	2025-09	SJ092501	P060082	Sleepy Joy	QCSP 001_SJ_v.02	Grade IV	SJ_THC10.5:CBD1	1	Macroscopic Identification (Test A)	Confirms	—	PP CoA #038	20.02.2026	PP	https://drive.google.com/file/d/1HG13deWFIY6yYZ-h4Qy-WBc50PdF0j7b/view	Appearance
44	2025-09	SJ092501	P060082	Sleepy Joy	QCSP 001_SJ_v.02	Grade IV	SJ_THC10.5:CBD1	2	Microscopic Identification (Test B)	Missing / not tested	—	—	—	—		—
44	2025-09	SJ092501	P060082	Sleepy Joy	QCSP 001_SJ_v.02	Grade IV	SJ_THC10.5:CBD1	3	HPTLC / Chromatographic Identification (Test C)	Confirms	—	ППК26006	21.01.2026	UKIM	https://drive.google.com/file/d/1HG13deWFIY6yYZ-h4Qy-WBc50PdF0j7b/view	Identification (retention time matches standard solution)
44	2025-09	SJ092501	P060082	Sleepy Joy	QCSP 001_SJ_v.02	Grade IV	SJ_THC10.5:CBD1	4	Assay — Total Δ⁹-THC	10.96	%	ППК26006	21.01.2026	UKIM	https://drive.google.com/file/d/1HG13deWFIY6yYZ-h4Qy-WBc50PdF0j7b/view	Assay — Total Δ9-tetrahydrocannabinol
44	2025-09	SJ092501	P060082	Sleepy Joy	QCSP 001_SJ_v.02	Grade IV	SJ_THC10.5:CBD1	5	Assay — Total CBD	0.07	%	ППК26006	21.01.2026	UKIM	https://drive.google.com/file/d/1HG13deWFIY6yYZ-h4Qy-WBc50PdF0j7b/view	Assay — Total Cannabidiol
44	2025-09	SJ092501	P060082	Sleepy Joy	QCSP 001_SJ_v.02	Grade IV	SJ_THC10.5:CBD1	6	Total CBN	Missing / not tested	—	—	—	—		—
44	2025-09	SJ092501	P060082	Sleepy Joy	QCSP 001_SJ_v.02	Grade IV	SJ_THC10.5:CBD1	7	Foreign Matter	Confirms	%	PP CoA #038	20.02.2026	PP	https://drive.google.com/file/d/1HG13deWFIY6yYZ-h4Qy-WBc50PdF0j7b/view	Foreign matter
44	2025-09	SJ092501	P060082	Sleepy Joy	QCSP 001_SJ_v.02	Grade IV	SJ_THC10.5:CBD1	8	Loss on Drying	8.68	%	ППК26006	21.01.2026	UKIM	https://drive.google.com/file/d/1HG13deWFIY6yYZ-h4Qy-WBc50PdF0j7b/view	Loss on drying
44	2025-09	SJ092501	P060082	Sleepy Joy	QCSP 001_SJ_v.02	Grade IV	SJ_THC10.5:CBD1	9.1	Microbiology — TAMC	<10	CFU/g	9/0012/26	20.01.2026	IPH	https://drive.google.com/file/d/1HG13deWFIY6yYZ-h4Qy-WBc50PdF0j7b/view	Microbiology (Ph.Eur. 5.1.8 cat C) — Total aerobic microbial count (TAMC)
44	2025-09	SJ092501	P060082	Sleepy Joy	QCSP 001_SJ_v.02	Grade IV	SJ_THC10.5:CBD1	9.2	Microbiology — TYMC	<10	CFU/g	9/0012/26	20.01.2026	IPH	https://drive.google.com/file/d/1HG13deWFIY6yYZ-h4Qy-WBc50PdF0j7b/view	Microbiology (Ph.Eur. 5.1.8 cat C) — Total combined yeasts/moulds count (TYMC)
44	2025-09	SJ092501	P060082	Sleepy Joy	QCSP 001_SJ_v.02	Grade IV	SJ_THC10.5:CBD1	9.3	Microbiology — Bile-tolerant gram-negative	<10	CFU/g	9/0012/26	20.01.2026	IPH	https://drive.google.com/file/d/1HG13deWFIY6yYZ-h4Qy-WBc50PdF0j7b/view	Microbiology (Ph.Eur. 2.6.12) — Bile-tolerant gram-negative bacteria
44	2025-09	SJ092501	P060082	Sleepy Joy	QCSP 001_SJ_v.02	Grade IV	SJ_THC10.5:CBD1	9.4	Microbiology — Salmonella	Odgovara (Absent)	/25 g	9/0012/26	20.01.2026	IPH	https://drive.google.com/file/d/1HG13deWFIY6yYZ-h4Qy-WBc50PdF0j7b/view	Microbiology (Ph.Eur. 2.6.31) — Salmonella /25g
44	2025-09	SJ092501	P060082	Sleepy Joy	QCSP 001_SJ_v.02	Grade IV	SJ_THC10.5:CBD1	9.5	Microbiology — Escherichia coli	Odgovara (Absent)	/1 g	9/0012/26	20.01.2026	IPH	https://drive.google.com/file/d/1HG13deWFIY6yYZ-h4Qy-WBc50PdF0j7b/view	Microbiology (Ph.Eur. 2.6.12) — Escherichia coli /g
44	2025-09	SJ092501	P060082	Sleepy Joy	QCSP 001_SJ_v.02	Grade IV	SJ_THC10.5:CBD1	10.1	Mycotoxins — Aflatoxin B1	Missing / not tested	—	—	—	—		—
44	2025-09	SJ092501	P060082	Sleepy Joy	QCSP 001_SJ_v.02	Grade IV	SJ_THC10.5:CBD1	10.2	Mycotoxins — Total Aflatoxins (B1+B2+G1+G2)	2	µg/kg	85/2026	02.02.2026	IPH	https://drive.google.com/file/d/1HG13deWFIY6yYZ-h4Qy-WBc50PdF0j7b/view	Mycotoxins — Total aflatoxins
44	2025-09	SJ092501	P060082	Sleepy Joy	QCSP 001_SJ_v.02	Grade IV	SJ_THC10.5:CBD1	10.3	Mycotoxins — Ochratoxin A	Missing / not tested	—	—	—	—		—
44	2025-09	SJ092501	P060082	Sleepy Joy	QCSP 001_SJ_v.02	Grade IV	SJ_THC10.5:CBD1	11.1	Heavy Metals — Lead (Pb)	0.08	mg/kg	85/2026	02.02.2026	IPH	https://drive.google.com/file/d/1HG13deWFIY6yYZ-h4Qy-WBc50PdF0j7b/view	Heavy metals (Ph.Eur. 2.4.27, MKC EN 17851:2023) — Lead (olovo/Pb)
44	2025-09	SJ092501	P060082	Sleepy Joy	QCSP 001_SJ_v.02	Grade IV	SJ_THC10.5:CBD1	11.2	Heavy Metals — Cadmium (Cd)	Н.д. mg/kg	mg/kg	85/2026	02.02.2026	IPH	https://drive.google.com/file/d/1HG13deWFIY6yYZ-h4Qy-WBc50PdF0j7b/view	Heavy metals (Ph.Eur. 2.4.27, MKC EN 17851:2023) — Cadmium (kadmium/Cd)
44	2025-09	SJ092501	P060082	Sleepy Joy	QCSP 001_SJ_v.02	Grade IV	SJ_THC10.5:CBD1	11.3	Heavy Metals — Arsenic (As)	Н.д. mg/kg	mg/kg	85/2026	02.02.2026	IPH	https://drive.google.com/file/d/1HG13deWFIY6yYZ-h4Qy-WBc50PdF0j7b/view	Heavy metals (Ph.Eur. 2.4.27, MKC EN 17851:2023) — Arsenic (arsen/As)
44	2025-09	SJ092501	P060082	Sleepy Joy	QCSP 001_SJ_v.02	Grade IV	SJ_THC10.5:CBD1	11.4	Heavy Metals — Mercury (Hg)	0.003	mg/kg	85/2026	02.02.2026	IPH	https://drive.google.com/file/d/1HG13deWFIY6yYZ-h4Qy-WBc50PdF0j7b/view	Heavy metals (Ph.Eur. 2.4.27, MKC EN 17851:2023) — Mercury (ziva/Hg)
44	2025-09	SJ092501	P060082	Sleepy Joy	QCSP 001_SJ_v.02	Grade IV	SJ_THC10.5:CBD1	12	Pesticide Residues — multi-residue panel	Lindan (Gama HCH): Н.д. (not detected); Aldrin: Н.д. (not detected); Dieldrin i Aldrin (expressed as Dieldrin): Н.д. (not detected); HCB (Hexachlorobenzene): Н.д. (not detected); 4,4' DDE: Н.д. (not detected); 4,4' DDD: Н.д. (not detected); 4,4' DDT: Н.д. (not detected); Vkupno DDT (Total DDT): Н.д. (not detected); delta HCH: Н.д. (not detected); alpha HCH: Н.д. (not detected); beta HCH: Н.д. (not detected); Endrin: Н.д. (not detected); Chlorpyriphos-methyl: Н.д. (not detected); Chlorpyrifos (Chlorpyriphos-ethyl): Н.д. (not detected); Heptachlor (sum of Heptachlor + Heptachlor epoxide): Н.д. (not detected); Endosulfan (alpha, beta and endosulfan sulfate): Н.д. (not detected); Deltamethrin: Н.д. (not detected); Chlordane (sum of cis- and trans-chlordane): Н.д. (not detected); Metoxychlor: Н.д. (not detected); Heptachlor epoxide: Н.д. (not detected); Endrin aldehyde: Н.д. (not detected); alpha Endosulfan: Н.д. (not detected); beta Endosulfan: Н.д. (not detected); Endrin keton: Н.д. (not detected); trans-Chlordane: Н.д. (not detected); cis-Chlordane: Н.д. (not detected); Dieldrin: Н.д. (not detected); Heptachlor: Н.д. (not detected); Endosulfan sulfate: Н.д. (not detected)	—	85/2026	02.02.2026	IPH	https://drive.google.com/file/d/1HG13deWFIY6yYZ-h4Qy-WBc50PdF0j7b/view	multi-residue screen, per analyte
45	2025-10	GRC102501/2	P060182	Graps & Creme	QCSP 001_GRC_v.02	Grade IV	GRC_THC12.5:CBD1	1	Macroscopic Identification (Test A)	Missing / not tested	—	—	—	—		—
45	2025-10	GRC102501/2	P060182	Graps & Creme	QCSP 001_GRC_v.02	Grade IV	GRC_THC12.5:CBD1	2	Microscopic Identification (Test B)	Missing / not tested	—	—	—	—		—
45	2025-10	GRC102501/2	P060182	Graps & Creme	QCSP 001_GRC_v.02	Grade IV	GRC_THC12.5:CBD1	3	HPTLC / Chromatographic Identification (Test C)	Missing / not tested	—	—	—	—		—
45	2025-10	GRC102501/2	P060182	Graps & Creme	QCSP 001_GRC_v.02	Grade IV	GRC_THC12.5:CBD1	4	Assay — Total Δ⁹-THC	11.53	%	051-6-K/26	04.03.2026	FARM	https://drive.google.com/file/d/1_-C3-Gde90GnQnI3nKkfl3YZrpc3d9Ry/view	Total Δ9-THC
45	2025-10	GRC102501/2	P060182	Graps & Creme	QCSP 001_GRC_v.02	Grade IV	GRC_THC12.5:CBD1	5	Assay — Total CBD	< LOQ (<0.20%)	%	051-6-K/26	04.03.2026	FARM	https://drive.google.com/file/d/1_-C3-Gde90GnQnI3nKkfl3YZrpc3d9Ry/view	Total CBD
45	2025-10	GRC102501/2	P060182	Graps & Creme	QCSP 001_GRC_v.02	Grade IV	GRC_THC12.5:CBD1	6	Total CBN	< LOQ	%	051-6-K/26	04.03.2026	FARM	https://drive.google.com/file/d/1_-C3-Gde90GnQnI3nKkfl3YZrpc3d9Ry/view	Total CBN
45	2025-10	GRC102501/2	P060182	Graps & Creme	QCSP 001_GRC_v.02	Grade IV	GRC_THC12.5:CBD1	7	Foreign Matter	Missing / not tested	—	—	—	—		—
45	2025-10	GRC102501/2	P060182	Graps & Creme	QCSP 001_GRC_v.02	Grade IV	GRC_THC12.5:CBD1	8	Loss on Drying	7.7	%	051-6-GS/26	02.03.2026	FARM	https://drive.google.com/file/d/1VrVoyxiSIzzhXW8h2LgoPugPMsg0_YsJ/view	Loss on drying (Ph.Eur. 2.2.32:2024)
45	2025-10	GRC102501/2	P060182	Graps & Creme	QCSP 001_GRC_v.02	Grade IV	GRC_THC12.5:CBD1	9.1	Microbiology — TAMC	Missing / not tested	—	—	—	—		—
45	2025-10	GRC102501/2	P060182	Graps & Creme	QCSP 001_GRC_v.02	Grade IV	GRC_THC12.5:CBD1	9.2	Microbiology — TYMC	Missing / not tested	—	—	—	—		—
45	2025-10	GRC102501/2	P060182	Graps & Creme	QCSP 001_GRC_v.02	Grade IV	GRC_THC12.5:CBD1	9.3	Microbiology — Bile-tolerant gram-negative	Missing / not tested	—	—	—	—		—
45	2025-10	GRC102501/2	P060182	Graps & Creme	QCSP 001_GRC_v.02	Grade IV	GRC_THC12.5:CBD1	9.4	Microbiology — Salmonella	Missing / not tested	—	—	—	—		—
45	2025-10	GRC102501/2	P060182	Graps & Creme	QCSP 001_GRC_v.02	Grade IV	GRC_THC12.5:CBD1	9.5	Microbiology — Escherichia coli	Missing / not tested	—	—	—	—		—
45	2025-10	GRC102501/2	P060182	Graps & Creme	QCSP 001_GRC_v.02	Grade IV	GRC_THC12.5:CBD1	10.1	Mycotoxins — Aflatoxin B1	Missing / not tested	—	—	—	—		—
45	2025-10	GRC102501/2	P060182	Graps & Creme	QCSP 001_GRC_v.02	Grade IV	GRC_THC12.5:CBD1	10.2	Mycotoxins — Total Aflatoxins (B1+B2+G1+G2)	Missing / not tested	—	—	—	—		—
45	2025-10	GRC102501/2	P060182	Graps & Creme	QCSP 001_GRC_v.02	Grade IV	GRC_THC12.5:CBD1	10.3	Mycotoxins — Ochratoxin A	Missing / not tested	—	—	—	—		—
45	2025-10	GRC102501/2	P060182	Graps & Creme	QCSP 001_GRC_v.02	Grade IV	GRC_THC12.5:CBD1	11.1	Heavy Metals — Lead (Pb)	Missing / not tested	—	—	—	—		—
45	2025-10	GRC102501/2	P060182	Graps & Creme	QCSP 001_GRC_v.02	Grade IV	GRC_THC12.5:CBD1	11.2	Heavy Metals — Cadmium (Cd)	Missing / not tested	—	—	—	—		—
45	2025-10	GRC102501/2	P060182	Graps & Creme	QCSP 001_GRC_v.02	Grade IV	GRC_THC12.5:CBD1	11.3	Heavy Metals — Arsenic (As)	Missing / not tested	—	—	—	—		—
45	2025-10	GRC102501/2	P060182	Graps & Creme	QCSP 001_GRC_v.02	Grade IV	GRC_THC12.5:CBD1	11.4	Heavy Metals — Mercury (Hg)	Missing / not tested	—	—	—	—		—
45	2025-10	GRC102501/2	P060182	Graps & Creme	QCSP 001_GRC_v.02	Grade IV	GRC_THC12.5:CBD1	12	Pesticide Residues — multi-residue panel	Missing / not tested	—	—	—	—		—
46	2025-10	J31102501	P060152	Jokerz 31	QCSP 001_J31_v.02	Grade II	J31_THC20:CBD1	1	Macroscopic Identification (Test A)	Missing / not tested	—	—	—	—		—
46	2025-10	J31102501	P060152	Jokerz 31	QCSP 001_J31_v.02	Grade II	J31_THC20:CBD1	2	Microscopic Identification (Test B)	Missing / not tested	—	—	—	—		—
46	2025-10	J31102501	P060152	Jokerz 31	QCSP 001_J31_v.02	Grade II	J31_THC20:CBD1	3	HPTLC / Chromatographic Identification (Test C)	Missing / not tested	—	—	—	—		—
46	2025-10	J31102501	P060152	Jokerz 31	QCSP 001_J31_v.02	Grade II	J31_THC20:CBD1	4	Assay — Total Δ⁹-THC	19.14	%	051-1-K/26	04.03.2026	FARM	https://drive.google.com/file/d/1Z-5eKfRcLh7C6FEos8R_XldQuW7n_W7m/view	Total Δ9-THC
46	2025-10	J31102501	P060152	Jokerz 31	QCSP 001_J31_v.02	Grade II	J31_THC20:CBD1	4	Assay — Total Δ⁹-THC	17.32	%	197-16-К/26	07.08.2026	FARM	https://drive.google.com/file/d/1Q4DR7cCT9qe2py4rfDiTuH-dFusVUDxD/view	Total Δ9-THC (Вкупно Δ9-THC, as Δ9-THC) — HPLC/DAD
46	2025-10	J31102501	P060152	Jokerz 31	QCSP 001_J31_v.02	Grade II	J31_THC20:CBD1	5	Assay — Total CBD	< LOQ (<0.20%)	%	051-1-K/26	04.03.2026	FARM	https://drive.google.com/file/d/1Z-5eKfRcLh7C6FEos8R_XldQuW7n_W7m/view	Total CBD
46	2025-10	J31102501	P060152	Jokerz 31	QCSP 001_J31_v.02	Grade II	J31_THC20:CBD1	5	Assay — Total CBD	<LOQ %w/w	%	197-16-К/26	07.08.2026	FARM	https://drive.google.com/file/d/1Q4DR7cCT9qe2py4rfDiTuH-dFusVUDxD/view	Total CBD (Вкупен CBD, as CBD) — HPLC/DAD
46	2025-10	J31102501	P060152	Jokerz 31	QCSP 001_J31_v.02	Grade II	J31_THC20:CBD1	6	Total CBN	< LOQ	%	051-1-K/26	04.03.2026	FARM	https://drive.google.com/file/d/1Z-5eKfRcLh7C6FEos8R_XldQuW7n_W7m/view	Total CBN
46	2025-10	J31102501	P060152	Jokerz 31	QCSP 001_J31_v.02	Grade II	J31_THC20:CBD1	6	Total CBN	<LOQ %w/w	%	197-16-К/26	07.08.2026	FARM	https://drive.google.com/file/d/1Q4DR7cCT9qe2py4rfDiTuH-dFusVUDxD/view	Total CBN (Вкупен CBN) — HPLC/DAD
46	2025-10	J31102501	P060152	Jokerz 31	QCSP 001_J31_v.02	Grade II	J31_THC20:CBD1	7	Foreign Matter	Missing / not tested	—	—	—	—		—
46	2025-10	J31102501	P060152	Jokerz 31	QCSP 001_J31_v.02	Grade II	J31_THC20:CBD1	8	Loss on Drying	6.3	%	051-1-GS/26	02.03.2026	FARM	https://drive.google.com/file/d/1zn049YmW-SHxsP6_UOyubXlUPLVfWJMt/view	Loss on drying (Ph.Eur. 2.2.32:2024)
46	2025-10	J31102501	P060152	Jokerz 31	QCSP 001_J31_v.02	Grade II	J31_THC20:CBD1	9.1	Microbiology — TAMC	Missing / not tested	—	—	—	—		—
46	2025-10	J31102501	P060152	Jokerz 31	QCSP 001_J31_v.02	Grade II	J31_THC20:CBD1	9.2	Microbiology — TYMC	Missing / not tested	—	—	—	—		—
46	2025-10	J31102501	P060152	Jokerz 31	QCSP 001_J31_v.02	Grade II	J31_THC20:CBD1	9.3	Microbiology — Bile-tolerant gram-negative	Missing / not tested	—	—	—	—		—
46	2025-10	J31102501	P060152	Jokerz 31	QCSP 001_J31_v.02	Grade II	J31_THC20:CBD1	9.4	Microbiology — Salmonella	Missing / not tested	—	—	—	—		—
46	2025-10	J31102501	P060152	Jokerz 31	QCSP 001_J31_v.02	Grade II	J31_THC20:CBD1	9.5	Microbiology — Escherichia coli	Missing / not tested	—	—	—	—		—
46	2025-10	J31102501	P060152	Jokerz 31	QCSP 001_J31_v.02	Grade II	J31_THC20:CBD1	10.1	Mycotoxins — Aflatoxin B1	ND µg/kg	µg/kg	197-16-М/26	10.08.2026	FARM	https://drive.google.com/file/d/1JI6MGCw1cjNSVBx8_3kewAhoRBFEH6_W/view	Aflatoxin B1
46	2025-10	J31102501	P060152	Jokerz 31	QCSP 001_J31_v.02	Grade II	J31_THC20:CBD1	10.2	Mycotoxins — Total Aflatoxins (B1+B2+G1+G2)	ND µg/kg	µg/kg	197-16-М/26	10.08.2026	FARM	https://drive.google.com/file/d/1JI6MGCw1cjNSVBx8_3kewAhoRBFEH6_W/view	Aflatoxin B2
46	2025-10	J31102501	P060152	Jokerz 31	QCSP 001_J31_v.02	Grade II	J31_THC20:CBD1	10.2	Mycotoxins — Total Aflatoxins (B1+B2+G1+G2)	ND µg/kg	µg/kg	197-16-М/26	10.08.2026	FARM	https://drive.google.com/file/d/1JI6MGCw1cjNSVBx8_3kewAhoRBFEH6_W/view	Aflatoxin G1
46	2025-10	J31102501	P060152	Jokerz 31	QCSP 001_J31_v.02	Grade II	J31_THC20:CBD1	10.2	Mycotoxins — Total Aflatoxins (B1+B2+G1+G2)	ND µg/kg	µg/kg	197-16-М/26	10.08.2026	FARM	https://drive.google.com/file/d/1JI6MGCw1cjNSVBx8_3kewAhoRBFEH6_W/view	Aflatoxin G2
46	2025-10	J31102501	P060152	Jokerz 31	QCSP 001_J31_v.02	Grade II	J31_THC20:CBD1	10.2	Mycotoxins — Total Aflatoxins (B1+B2+G1+G2)	ND (all four aflatoxins not detected)	µg/kg	197-16-М/26	10.08.2026	FARM	https://drive.google.com/file/d/1JI6MGCw1cjNSVBx8_3kewAhoRBFEH6_W/view	Sum aflatoxins B1+B2+G1+G2
46	2025-10	J31102501	P060152	Jokerz 31	QCSP 001_J31_v.02	Grade II	J31_THC20:CBD1	10.3	Mycotoxins — Ochratoxin A	ND µg/kg	µg/kg	197-16-М/26	10.08.2026	FARM	https://drive.google.com/file/d/1JI6MGCw1cjNSVBx8_3kewAhoRBFEH6_W/view	Ochratoxin A
46	2025-10	J31102501	P060152	Jokerz 31	QCSP 001_J31_v.02	Grade II	J31_THC20:CBD1	11.1	Heavy Metals — Lead (Pb)	Missing / not tested	—	—	—	—		—
46	2025-10	J31102501	P060152	Jokerz 31	QCSP 001_J31_v.02	Grade II	J31_THC20:CBD1	11.2	Heavy Metals — Cadmium (Cd)	Missing / not tested	—	—	—	—		—
46	2025-10	J31102501	P060152	Jokerz 31	QCSP 001_J31_v.02	Grade II	J31_THC20:CBD1	11.3	Heavy Metals — Arsenic (As)	Missing / not tested	—	—	—	—		—
46	2025-10	J31102501	P060152	Jokerz 31	QCSP 001_J31_v.02	Grade II	J31_THC20:CBD1	11.4	Heavy Metals — Mercury (Hg)	Missing / not tested	—	—	—	—		—
46	2025-10	J31102501	P060152	Jokerz 31	QCSP 001_J31_v.02	Grade II	J31_THC20:CBD1	12	Pesticide Residues — multi-residue panel	Missing / not tested	—	—	—	—		—
47	2025-10	KC102501	P060172	Kush Crasher	QCSP 001_KC_v.02	Grade III	KC_THC17.5:CBD1	1	Macroscopic Identification (Test A)	Missing / not tested	—	—	—	—		—
47	2025-10	KC102501	P060172	Kush Crasher	QCSP 001_KC_v.02	Grade III	KC_THC17.5:CBD1	2	Microscopic Identification (Test B)	Missing / not tested	—	—	—	—		—
47	2025-10	KC102501	P060172	Kush Crasher	QCSP 001_KC_v.02	Grade III	KC_THC17.5:CBD1	3	HPTLC / Chromatographic Identification (Test C)	Missing / not tested	—	—	—	—		—
47	2025-10	KC102501	P060172	Kush Crasher	QCSP 001_KC_v.02	Grade III	KC_THC17.5:CBD1	4	Assay — Total Δ⁹-THC	17.04	%	051-4-K/26	04.03.2026	FARM	https://drive.google.com/file/d/19bwt9Qbeyje-5-pJVHviy0gnMWPJlBPK/view	Total Δ9-THC
47	2025-10	KC102501	P060172	Kush Crasher	QCSP 001_KC_v.02	Grade III	KC_THC17.5:CBD1	5	Assay — Total CBD	< LOQ (<0.20%)	%	051-4-K/26	04.03.2026	FARM	https://drive.google.com/file/d/19bwt9Qbeyje-5-pJVHviy0gnMWPJlBPK/view	Total CBD
47	2025-10	KC102501	P060172	Kush Crasher	QCSP 001_KC_v.02	Grade III	KC_THC17.5:CBD1	6	Total CBN	< LOQ	%	051-4-K/26	04.03.2026	FARM	https://drive.google.com/file/d/19bwt9Qbeyje-5-pJVHviy0gnMWPJlBPK/view	Total CBN
47	2025-10	KC102501	P060172	Kush Crasher	QCSP 001_KC_v.02	Grade III	KC_THC17.5:CBD1	7	Foreign Matter	Missing / not tested	—	—	—	—		—
47	2025-10	KC102501	P060172	Kush Crasher	QCSP 001_KC_v.02	Grade III	KC_THC17.5:CBD1	8	Loss on Drying	8.6	%	051-4-GS/26	02.03.2026	FARM	https://drive.google.com/file/d/1UVYQlcZnVwz8Ju9mlrkEQSD-AjJAwcmh/view	Loss on drying (Ph.Eur. 2.2.32:2024)
47	2025-10	KC102501	P060172	Kush Crasher	QCSP 001_KC_v.02	Grade III	KC_THC17.5:CBD1	9.1	Microbiology — TAMC	Missing / not tested	—	—	—	—		—
47	2025-10	KC102501	P060172	Kush Crasher	QCSP 001_KC_v.02	Grade III	KC_THC17.5:CBD1	9.2	Microbiology — TYMC	Missing / not tested	—	—	—	—		—
47	2025-10	KC102501	P060172	Kush Crasher	QCSP 001_KC_v.02	Grade III	KC_THC17.5:CBD1	9.3	Microbiology — Bile-tolerant gram-negative	Missing / not tested	—	—	—	—		—
47	2025-10	KC102501	P060172	Kush Crasher	QCSP 001_KC_v.02	Grade III	KC_THC17.5:CBD1	9.4	Microbiology — Salmonella	Missing / not tested	—	—	—	—		—
47	2025-10	KC102501	P060172	Kush Crasher	QCSP 001_KC_v.02	Grade III	KC_THC17.5:CBD1	9.5	Microbiology — Escherichia coli	Missing / not tested	—	—	—	—		—
47	2025-10	KC102501	P060172	Kush Crasher	QCSP 001_KC_v.02	Grade III	KC_THC17.5:CBD1	10.1	Mycotoxins — Aflatoxin B1	Missing / not tested	—	—	—	—		—
47	2025-10	KC102501	P060172	Kush Crasher	QCSP 001_KC_v.02	Grade III	KC_THC17.5:CBD1	10.2	Mycotoxins — Total Aflatoxins (B1+B2+G1+G2)	Missing / not tested	—	—	—	—		—
47	2025-10	KC102501	P060172	Kush Crasher	QCSP 001_KC_v.02	Grade III	KC_THC17.5:CBD1	10.3	Mycotoxins — Ochratoxin A	Missing / not tested	—	—	—	—		—
47	2025-10	KC102501	P060172	Kush Crasher	QCSP 001_KC_v.02	Grade III	KC_THC17.5:CBD1	11.1	Heavy Metals — Lead (Pb)	Missing / not tested	—	—	—	—		—
47	2025-10	KC102501	P060172	Kush Crasher	QCSP 001_KC_v.02	Grade III	KC_THC17.5:CBD1	11.2	Heavy Metals — Cadmium (Cd)	Missing / not tested	—	—	—	—		—
47	2025-10	KC102501	P060172	Kush Crasher	QCSP 001_KC_v.02	Grade III	KC_THC17.5:CBD1	11.3	Heavy Metals — Arsenic (As)	Missing / not tested	—	—	—	—		—
47	2025-10	KC102501	P060172	Kush Crasher	QCSP 001_KC_v.02	Grade III	KC_THC17.5:CBD1	11.4	Heavy Metals — Mercury (Hg)	Missing / not tested	—	—	—	—		—
47	2025-10	KC102501	P060172	Kush Crasher	QCSP 001_KC_v.02	Grade III	KC_THC17.5:CBD1	12	Pesticide Residues — multi-residue panel	Missing / not tested	—	—	—	—		—
48	2025-10	SJ102501	P060162	Sleepy Joy	QCSP 001_SJ_v.02	Grade IV	SJ_THC10.5:CBD1	1	Macroscopic Identification (Test A)	Missing / not tested	—	—	—	—		—
48	2025-10	SJ102501	P060162	Sleepy Joy	QCSP 001_SJ_v.02	Grade IV	SJ_THC10.5:CBD1	2	Microscopic Identification (Test B)	Missing / not tested	—	—	—	—		—
48	2025-10	SJ102501	P060162	Sleepy Joy	QCSP 001_SJ_v.02	Grade IV	SJ_THC10.5:CBD1	3	HPTLC / Chromatographic Identification (Test C)	Missing / not tested	—	—	—	—		—
48	2025-10	SJ102501	P060162	Sleepy Joy	QCSP 001_SJ_v.02	Grade IV	SJ_THC10.5:CBD1	4	Assay — Total Δ⁹-THC	11.20	%	051-3-K/26	04.03.2026	FARM	https://drive.google.com/file/d/1W1zs1RTor-dR61ijaxMlafvM7WencHdE/view	Total Δ9-THC
48	2025-10	SJ102501	P060162	Sleepy Joy	QCSP 001_SJ_v.02	Grade IV	SJ_THC10.5:CBD1	5	Assay — Total CBD	< LOQ (<0.20%)	%	051-3-K/26	04.03.2026	FARM	https://drive.google.com/file/d/1W1zs1RTor-dR61ijaxMlafvM7WencHdE/view	Total CBD
48	2025-10	SJ102501	P060162	Sleepy Joy	QCSP 001_SJ_v.02	Grade IV	SJ_THC10.5:CBD1	6	Total CBN	< LOQ	%	051-3-K/26	04.03.2026	FARM	https://drive.google.com/file/d/1W1zs1RTor-dR61ijaxMlafvM7WencHdE/view	Total CBN
48	2025-10	SJ102501	P060162	Sleepy Joy	QCSP 001_SJ_v.02	Grade IV	SJ_THC10.5:CBD1	7	Foreign Matter	Missing / not tested	—	—	—	—		—
48	2025-10	SJ102501	P060162	Sleepy Joy	QCSP 001_SJ_v.02	Grade IV	SJ_THC10.5:CBD1	8	Loss on Drying	7.8	%	051-3-GS/26	02.03.2026	FARM	https://drive.google.com/file/d/1jwAeuXx6KJmJjOL3Kgu_PlJwWDuUPHL6/view	Loss on drying (Ph.Eur. 2.2.32:2024)
48	2025-10	SJ102501	P060162	Sleepy Joy	QCSP 001_SJ_v.02	Grade IV	SJ_THC10.5:CBD1	9.1	Microbiology — TAMC	Missing / not tested	—	—	—	—		—
48	2025-10	SJ102501	P060162	Sleepy Joy	QCSP 001_SJ_v.02	Grade IV	SJ_THC10.5:CBD1	9.2	Microbiology — TYMC	Missing / not tested	—	—	—	—		—
48	2025-10	SJ102501	P060162	Sleepy Joy	QCSP 001_SJ_v.02	Grade IV	SJ_THC10.5:CBD1	9.3	Microbiology — Bile-tolerant gram-negative	Missing / not tested	—	—	—	—		—
48	2025-10	SJ102501	P060162	Sleepy Joy	QCSP 001_SJ_v.02	Grade IV	SJ_THC10.5:CBD1	9.4	Microbiology — Salmonella	Missing / not tested	—	—	—	—		—
48	2025-10	SJ102501	P060162	Sleepy Joy	QCSP 001_SJ_v.02	Grade IV	SJ_THC10.5:CBD1	9.5	Microbiology — Escherichia coli	Missing / not tested	—	—	—	—		—
48	2025-10	SJ102501	P060162	Sleepy Joy	QCSP 001_SJ_v.02	Grade IV	SJ_THC10.5:CBD1	10.1	Mycotoxins — Aflatoxin B1	Missing / not tested	—	—	—	—		—
48	2025-10	SJ102501	P060162	Sleepy Joy	QCSP 001_SJ_v.02	Grade IV	SJ_THC10.5:CBD1	10.2	Mycotoxins — Total Aflatoxins (B1+B2+G1+G2)	Missing / not tested	—	—	—	—		—
48	2025-10	SJ102501	P060162	Sleepy Joy	QCSP 001_SJ_v.02	Grade IV	SJ_THC10.5:CBD1	10.3	Mycotoxins — Ochratoxin A	Missing / not tested	—	—	—	—		—
48	2025-10	SJ102501	P060162	Sleepy Joy	QCSP 001_SJ_v.02	Grade IV	SJ_THC10.5:CBD1	11.1	Heavy Metals — Lead (Pb)	Missing / not tested	—	—	—	—		—
48	2025-10	SJ102501	P060162	Sleepy Joy	QCSP 001_SJ_v.02	Grade IV	SJ_THC10.5:CBD1	11.2	Heavy Metals — Cadmium (Cd)	Missing / not tested	—	—	—	—		—
48	2025-10	SJ102501	P060162	Sleepy Joy	QCSP 001_SJ_v.02	Grade IV	SJ_THC10.5:CBD1	11.3	Heavy Metals — Arsenic (As)	Missing / not tested	—	—	—	—		—
48	2025-10	SJ102501	P060162	Sleepy Joy	QCSP 001_SJ_v.02	Grade IV	SJ_THC10.5:CBD1	11.4	Heavy Metals — Mercury (Hg)	Missing / not tested	—	—	—	—		—
48	2025-10	SJ102501	P060162	Sleepy Joy	QCSP 001_SJ_v.02	Grade IV	SJ_THC10.5:CBD1	12	Pesticide Residues — multi-residue panel	Missing / not tested	—	—	—	—		—
49	2025-11	CC112501	P060272	Cash Cow	QCSP 001_CC_v.02	Grade IV	CC_THC13:CBD1	1	Macroscopic Identification (Test A)	Missing / not tested	—	—	—	—		—
49	2025-11	CC112501	P060272	Cash Cow	QCSP 001_CC_v.02	Grade IV	CC_THC13:CBD1	2	Microscopic Identification (Test B)	Missing / not tested	—	—	—	—		—
49	2025-11	CC112501	P060272	Cash Cow	QCSP 001_CC_v.02	Grade IV	CC_THC13:CBD1	3	HPTLC / Chromatographic Identification (Test C)	Missing / not tested	—	—	—	—		—
49	2025-11	CC112501	P060272	Cash Cow	QCSP 001_CC_v.02	Grade IV	CC_THC13:CBD1	4	Assay — Total Δ⁹-THC	13.35	%	ППК26068	11.05.2026	UKIM	https://drive.google.com/file/d/1Ov0TNaTbidvSsJb7aXmJBuLiwaTWGQVW/view	Total Δ9-THC
49	2025-11	CC112501	P060272	Cash Cow	QCSP 001_CC_v.02	Grade IV	CC_THC13:CBD1	5	Assay — Total CBD	0.04	%	ППК26068	11.05.2026	UKIM	https://drive.google.com/file/d/1Ov0TNaTbidvSsJb7aXmJBuLiwaTWGQVW/view	Total CBD
49	2025-11	CC112501	P060272	Cash Cow	QCSP 001_CC_v.02	Grade IV	CC_THC13:CBD1	6	Total CBN	Missing / not tested	—	—	—	—		—
49	2025-11	CC112501	P060272	Cash Cow	QCSP 001_CC_v.02	Grade IV	CC_THC13:CBD1	7	Foreign Matter	Missing / not tested	—	—	—	—		—
49	2025-11	CC112501	P060272	Cash Cow	QCSP 001_CC_v.02	Grade IV	CC_THC13:CBD1	8	Loss on Drying	7.39	%	ППК26068	11.05.2026	UKIM	https://drive.google.com/file/d/1Ov0TNaTbidvSsJb7aXmJBuLiwaTWGQVW/view	Loss on Drying
49	2025-11	CC112501	P060272	Cash Cow	QCSP 001_CC_v.02	Grade IV	CC_THC13:CBD1	9.1	Microbiology — TAMC	Missing / not tested	—	—	—	—		—
49	2025-11	CC112501	P060272	Cash Cow	QCSP 001_CC_v.02	Grade IV	CC_THC13:CBD1	9.2	Microbiology — TYMC	Missing / not tested	—	—	—	—		—
49	2025-11	CC112501	P060272	Cash Cow	QCSP 001_CC_v.02	Grade IV	CC_THC13:CBD1	9.3	Microbiology — Bile-tolerant gram-negative	Missing / not tested	—	—	—	—		—
49	2025-11	CC112501	P060272	Cash Cow	QCSP 001_CC_v.02	Grade IV	CC_THC13:CBD1	9.4	Microbiology — Salmonella	Missing / not tested	—	—	—	—		—
49	2025-11	CC112501	P060272	Cash Cow	QCSP 001_CC_v.02	Grade IV	CC_THC13:CBD1	9.5	Microbiology — Escherichia coli	Missing / not tested	—	—	—	—		—
49	2025-11	CC112501	P060272	Cash Cow	QCSP 001_CC_v.02	Grade IV	CC_THC13:CBD1	10.1	Mycotoxins — Aflatoxin B1	Missing / not tested	—	—	—	—		—
49	2025-11	CC112501	P060272	Cash Cow	QCSP 001_CC_v.02	Grade IV	CC_THC13:CBD1	10.2	Mycotoxins — Total Aflatoxins (B1+B2+G1+G2)	Missing / not tested	—	—	—	—		—
49	2025-11	CC112501	P060272	Cash Cow	QCSP 001_CC_v.02	Grade IV	CC_THC13:CBD1	10.3	Mycotoxins — Ochratoxin A	Missing / not tested	—	—	—	—		—
49	2025-11	CC112501	P060272	Cash Cow	QCSP 001_CC_v.02	Grade IV	CC_THC13:CBD1	11.1	Heavy Metals — Lead (Pb)	Missing / not tested	—	—	—	—		—
49	2025-11	CC112501	P060272	Cash Cow	QCSP 001_CC_v.02	Grade IV	CC_THC13:CBD1	11.2	Heavy Metals — Cadmium (Cd)	Missing / not tested	—	—	—	—		—
49	2025-11	CC112501	P060272	Cash Cow	QCSP 001_CC_v.02	Grade IV	CC_THC13:CBD1	11.3	Heavy Metals — Arsenic (As)	Missing / not tested	—	—	—	—		—
49	2025-11	CC112501	P060272	Cash Cow	QCSP 001_CC_v.02	Grade IV	CC_THC13:CBD1	11.4	Heavy Metals — Mercury (Hg)	Missing / not tested	—	—	—	—		—
49	2025-11	CC112501	P060272	Cash Cow	QCSP 001_CC_v.02	Grade IV	CC_THC13:CBD1	12	Pesticide Residues — multi-residue panel	Missing / not tested	—	—	—	—		—
50	2025-11	FB112501	P060292	Fat Bastard	QCSP 001_FB_v.02	Grade III	FB_THC16.5:CBD1	1	Macroscopic Identification (Test A)	Missing / not tested	—	—	—	—		—
50	2025-11	FB112501	P060292	Fat Bastard	QCSP 001_FB_v.02	Grade III	FB_THC16.5:CBD1	2	Microscopic Identification (Test B)	Missing / not tested	—	—	—	—		—
50	2025-11	FB112501	P060292	Fat Bastard	QCSP 001_FB_v.02	Grade III	FB_THC16.5:CBD1	3	HPTLC / Chromatographic Identification (Test C)	Missing / not tested	—	—	—	—		—
50	2025-11	FB112501	P060292	Fat Bastard	QCSP 001_FB_v.02	Grade III	FB_THC16.5:CBD1	4	Assay — Total Δ⁹-THC	16.69	%	ППК26066	11.05.2026	UKIM	https://drive.google.com/file/d/1H66RnvgDE8aFFRK9O-cBkAc9L9AHqPoR/view	Total Δ9-THC
50	2025-11	FB112501	P060292	Fat Bastard	QCSP 001_FB_v.02	Grade III	FB_THC16.5:CBD1	5	Assay — Total CBD	0.05	%	ППК26066	11.05.2026	UKIM	https://drive.google.com/file/d/1H66RnvgDE8aFFRK9O-cBkAc9L9AHqPoR/view	Total CBD
50	2025-11	FB112501	P060292	Fat Bastard	QCSP 001_FB_v.02	Grade III	FB_THC16.5:CBD1	6	Total CBN	Missing / not tested	—	—	—	—		—
50	2025-11	FB112501	P060292	Fat Bastard	QCSP 001_FB_v.02	Grade III	FB_THC16.5:CBD1	7	Foreign Matter	Missing / not tested	—	—	—	—		—
50	2025-11	FB112501	P060292	Fat Bastard	QCSP 001_FB_v.02	Grade III	FB_THC16.5:CBD1	8	Loss on Drying	6.09	%	ППК26066	11.05.2026	UKIM	https://drive.google.com/file/d/1H66RnvgDE8aFFRK9O-cBkAc9L9AHqPoR/view	Loss on Drying
50	2025-11	FB112501	P060292	Fat Bastard	QCSP 001_FB_v.02	Grade III	FB_THC16.5:CBD1	9.1	Microbiology — TAMC	Missing / not tested	—	—	—	—		—
50	2025-11	FB112501	P060292	Fat Bastard	QCSP 001_FB_v.02	Grade III	FB_THC16.5:CBD1	9.2	Microbiology — TYMC	Missing / not tested	—	—	—	—		—
50	2025-11	FB112501	P060292	Fat Bastard	QCSP 001_FB_v.02	Grade III	FB_THC16.5:CBD1	9.3	Microbiology — Bile-tolerant gram-negative	Missing / not tested	—	—	—	—		—
50	2025-11	FB112501	P060292	Fat Bastard	QCSP 001_FB_v.02	Grade III	FB_THC16.5:CBD1	9.4	Microbiology — Salmonella	Missing / not tested	—	—	—	—		—
50	2025-11	FB112501	P060292	Fat Bastard	QCSP 001_FB_v.02	Grade III	FB_THC16.5:CBD1	9.5	Microbiology — Escherichia coli	Missing / not tested	—	—	—	—		—
50	2025-11	FB112501	P060292	Fat Bastard	QCSP 001_FB_v.02	Grade III	FB_THC16.5:CBD1	10.1	Mycotoxins — Aflatoxin B1	Missing / not tested	—	—	—	—		—
50	2025-11	FB112501	P060292	Fat Bastard	QCSP 001_FB_v.02	Grade III	FB_THC16.5:CBD1	10.2	Mycotoxins — Total Aflatoxins (B1+B2+G1+G2)	Missing / not tested	—	—	—	—		—
50	2025-11	FB112501	P060292	Fat Bastard	QCSP 001_FB_v.02	Grade III	FB_THC16.5:CBD1	10.3	Mycotoxins — Ochratoxin A	Missing / not tested	—	—	—	—		—
50	2025-11	FB112501	P060292	Fat Bastard	QCSP 001_FB_v.02	Grade III	FB_THC16.5:CBD1	11.1	Heavy Metals — Lead (Pb)	Missing / not tested	—	—	—	—		—
50	2025-11	FB112501	P060292	Fat Bastard	QCSP 001_FB_v.02	Grade III	FB_THC16.5:CBD1	11.2	Heavy Metals — Cadmium (Cd)	Missing / not tested	—	—	—	—		—
50	2025-11	FB112501	P060292	Fat Bastard	QCSP 001_FB_v.02	Grade III	FB_THC16.5:CBD1	11.3	Heavy Metals — Arsenic (As)	Missing / not tested	—	—	—	—		—
50	2025-11	FB112501	P060292	Fat Bastard	QCSP 001_FB_v.02	Grade III	FB_THC16.5:CBD1	11.4	Heavy Metals — Mercury (Hg)	Missing / not tested	—	—	—	—		—
50	2025-11	FB112501	P060292	Fat Bastard	QCSP 001_FB_v.02	Grade III	FB_THC16.5:CBD1	12	Pesticide Residues — multi-residue panel	Missing / not tested	—	—	—	—		—
51	2025-11	GG112501	P060252	Gorilla Glue	QCSP 001_GG_v.02	Grade III	GG_THC15:CBD1	1	Macroscopic Identification (Test A)	Missing / not tested	—	—	—	—		—
51	2025-11	GG112501	P060252	Gorilla Glue	QCSP 001_GG_v.02	Grade III	GG_THC15:CBD1	2	Microscopic Identification (Test B)	Missing / not tested	—	—	—	—		—
51	2025-11	GG112501	P060252	Gorilla Glue	QCSP 001_GG_v.02	Grade III	GG_THC15:CBD1	3	HPTLC / Chromatographic Identification (Test C)	Missing / not tested	—	—	—	—		—
51	2025-11	GG112501	P060252	Gorilla Glue	QCSP 001_GG_v.02	Grade III	GG_THC15:CBD1	4	Assay — Total Δ⁹-THC	17.94	%	ППК26061	11.05.2026	UKIM	https://drive.google.com/file/d/1NCfvv-MhMYqSqkSMM301Jx7ursCalJlR/view	Total Δ9-THC
51	2025-11	GG112501	P060252	Gorilla Glue	QCSP 001_GG_v.02	Grade III	GG_THC15:CBD1	5	Assay — Total CBD	0.08	%	ППК26061	11.05.2026	UKIM	https://drive.google.com/file/d/1NCfvv-MhMYqSqkSMM301Jx7ursCalJlR/view	Total CBD
51	2025-11	GG112501	P060252	Gorilla Glue	QCSP 001_GG_v.02	Grade III	GG_THC15:CBD1	6	Total CBN	Missing / not tested	—	—	—	—		—
51	2025-11	GG112501	P060252	Gorilla Glue	QCSP 001_GG_v.02	Grade III	GG_THC15:CBD1	7	Foreign Matter	Missing / not tested	—	—	—	—		—
51	2025-11	GG112501	P060252	Gorilla Glue	QCSP 001_GG_v.02	Grade III	GG_THC15:CBD1	8	Loss on Drying	6.31	%	ППК26061	11.05.2026	UKIM	https://drive.google.com/file/d/1NCfvv-MhMYqSqkSMM301Jx7ursCalJlR/view	Loss on Drying
51	2025-11	GG112501	P060252	Gorilla Glue	QCSP 001_GG_v.02	Grade III	GG_THC15:CBD1	9.1	Microbiology — TAMC	Missing / not tested	—	—	—	—		—
51	2025-11	GG112501	P060252	Gorilla Glue	QCSP 001_GG_v.02	Grade III	GG_THC15:CBD1	9.2	Microbiology — TYMC	Missing / not tested	—	—	—	—		—
51	2025-11	GG112501	P060252	Gorilla Glue	QCSP 001_GG_v.02	Grade III	GG_THC15:CBD1	9.3	Microbiology — Bile-tolerant gram-negative	Missing / not tested	—	—	—	—		—
51	2025-11	GG112501	P060252	Gorilla Glue	QCSP 001_GG_v.02	Grade III	GG_THC15:CBD1	9.4	Microbiology — Salmonella	Missing / not tested	—	—	—	—		—
51	2025-11	GG112501	P060252	Gorilla Glue	QCSP 001_GG_v.02	Grade III	GG_THC15:CBD1	9.5	Microbiology — Escherichia coli	Missing / not tested	—	—	—	—		—
51	2025-11	GG112501	P060252	Gorilla Glue	QCSP 001_GG_v.02	Grade III	GG_THC15:CBD1	10.1	Mycotoxins — Aflatoxin B1	Missing / not tested	—	—	—	—		—
51	2025-11	GG112501	P060252	Gorilla Glue	QCSP 001_GG_v.02	Grade III	GG_THC15:CBD1	10.2	Mycotoxins — Total Aflatoxins (B1+B2+G1+G2)	Missing / not tested	—	—	—	—		—
51	2025-11	GG112501	P060252	Gorilla Glue	QCSP 001_GG_v.02	Grade III	GG_THC15:CBD1	10.3	Mycotoxins — Ochratoxin A	Missing / not tested	—	—	—	—		—
51	2025-11	GG112501	P060252	Gorilla Glue	QCSP 001_GG_v.02	Grade III	GG_THC15:CBD1	11.1	Heavy Metals — Lead (Pb)	Missing / not tested	—	—	—	—		—
51	2025-11	GG112501	P060252	Gorilla Glue	QCSP 001_GG_v.02	Grade III	GG_THC15:CBD1	11.2	Heavy Metals — Cadmium (Cd)	Missing / not tested	—	—	—	—		—
51	2025-11	GG112501	P060252	Gorilla Glue	QCSP 001_GG_v.02	Grade III	GG_THC15:CBD1	11.3	Heavy Metals — Arsenic (As)	Missing / not tested	—	—	—	—		—
51	2025-11	GG112501	P060252	Gorilla Glue	QCSP 001_GG_v.02	Grade III	GG_THC15:CBD1	11.4	Heavy Metals — Mercury (Hg)	Missing / not tested	—	—	—	—		—
51	2025-11	GG112501	P060252	Gorilla Glue	QCSP 001_GG_v.02	Grade III	GG_THC15:CBD1	12	Pesticide Residues — multi-residue panel	Missing / not tested	—	—	—	—		—
52	2025-11	J31112501	P060202	Jokerz 31	QCSP 001_J31_v.02	Grade I / Grade II	J31_THC27:CBD1 / J31_THC20:CBD1	1	Macroscopic Identification (Test A)	Missing / not tested	—	—	—	—		—
52	2025-11	J31112501	P060202	Jokerz 31	QCSP 001_J31_v.02	Grade I / Grade II	J31_THC27:CBD1 / J31_THC20:CBD1	2	Microscopic Identification (Test B)	Missing / not tested	—	—	—	—		—
52	2025-11	J31112501	P060202	Jokerz 31	QCSP 001_J31_v.02	Grade I / Grade II	J31_THC27:CBD1 / J31_THC20:CBD1	3	HPTLC / Chromatographic Identification (Test C)	Missing / not tested	—	—	—	—		—
52	2025-11	J31112501	P060202	Jokerz 31	QCSP 001_J31_v.02	Grade I / Grade II	J31_THC27:CBD1 / J31_THC20:CBD1	4	Assay — Total Δ⁹-THC	25.27	%	051-5-K/26	04.03.2026	FARM	https://drive.google.com/file/d/14KsYspUDnD75qdGmgsHKRwEzHdhOXMpF/view	Total Δ9-THC — submission 1 (CF-77/26)
52	2025-11	J31112501	P060202	Jokerz 31	QCSP 001_J31_v.02	Grade I / Grade II	J31_THC27:CBD1 / J31_THC20:CBD1	4	Assay — Total Δ⁹-THC	20.21	%	100-1-K/26	09.04.2026	FARM	https://drive.google.com/file/d/1_YdJpRUaGkJsig3cmOwHyZGCzLU_-S6z/view	Total Δ9-THC — submission 2, plastic pkg (CF-149/26)
52	2025-11	J31112501	P060202	Jokerz 31	QCSP 001_J31_v.02	Grade I / Grade II	J31_THC27:CBD1 / J31_THC20:CBD1	5	Assay — Total CBD	< LOQ (<0.20%)	%	051-5-K/26	04.03.2026	FARM	https://drive.google.com/file/d/14KsYspUDnD75qdGmgsHKRwEzHdhOXMpF/view	Total CBD — submission 1 (CF-77/26)
52	2025-11	J31112501	P060202	Jokerz 31	QCSP 001_J31_v.02	Grade I / Grade II	J31_THC27:CBD1 / J31_THC20:CBD1	5	Assay — Total CBD	< LOQ (<0.20%)	%	100-1-K/26	09.04.2026	FARM	https://drive.google.com/file/d/1_YdJpRUaGkJsig3cmOwHyZGCzLU_-S6z/view	Total CBD — submission 2, plastic pkg (CF-149/26)
52	2025-11	J31112501	P060202	Jokerz 31	QCSP 001_J31_v.02	Grade I / Grade II	J31_THC27:CBD1 / J31_THC20:CBD1	6	Total CBN	< LOQ	%	051-5-K/26	04.03.2026	FARM	https://drive.google.com/file/d/14KsYspUDnD75qdGmgsHKRwEzHdhOXMpF/view	Total CBN — submission 1 (CF-77/26)
52	2025-11	J31112501	P060202	Jokerz 31	QCSP 001_J31_v.02	Grade I / Grade II	J31_THC27:CBD1 / J31_THC20:CBD1	6	Total CBN	< LOQ	%	100-1-K/26	09.04.2026	FARM	https://drive.google.com/file/d/1_YdJpRUaGkJsig3cmOwHyZGCzLU_-S6z/view	Total CBN — submission 2, plastic pkg (CF-149/26)
52	2025-11	J31112501	P060202	Jokerz 31	QCSP 001_J31_v.02	Grade I / Grade II	J31_THC27:CBD1 / J31_THC20:CBD1	7	Foreign Matter	Missing / not tested	—	—	—	—		—
52	2025-11	J31112501	P060202	Jokerz 31	QCSP 001_J31_v.02	Grade I / Grade II	J31_THC27:CBD1 / J31_THC20:CBD1	8	Loss on Drying	8.4	%	051-5-GS/26	02.03.2026	FARM	https://drive.google.com/file/d/1bfpKkgst05PLrtp-xC1MPKiodgBBUeR1/view	Loss on drying (Ph.Eur. 2.2.32:2024) — submission 1 (CF-77/26)
52	2025-11	J31112501	P060202	Jokerz 31	QCSP 001_J31_v.02	Grade I / Grade II	J31_THC27:CBD1 / J31_THC20:CBD1	8	Loss on Drying	7.6	%	100-1-GS/26	09.04.2026	FARM	https://drive.google.com/file/d/1tEVcqPS3V02UpqBNwd36uyr7yufsCrRe/view	Loss on drying (Ph.Eur. 2.2.32:2024) — submission 2, plastic pkg (CF-150/26)
52	2025-11	J31112501	P060202	Jokerz 31	QCSP 001_J31_v.02	Grade I / Grade II	J31_THC27:CBD1 / J31_THC20:CBD1	9.1	Microbiology — TAMC	Missing / not tested	—	—	—	—		—
52	2025-11	J31112501	P060202	Jokerz 31	QCSP 001_J31_v.02	Grade I / Grade II	J31_THC27:CBD1 / J31_THC20:CBD1	9.2	Microbiology — TYMC	Missing / not tested	—	—	—	—		—
52	2025-11	J31112501	P060202	Jokerz 31	QCSP 001_J31_v.02	Grade I / Grade II	J31_THC27:CBD1 / J31_THC20:CBD1	9.3	Microbiology — Bile-tolerant gram-negative	Missing / not tested	—	—	—	—		—
52	2025-11	J31112501	P060202	Jokerz 31	QCSP 001_J31_v.02	Grade I / Grade II	J31_THC27:CBD1 / J31_THC20:CBD1	9.4	Microbiology — Salmonella	Missing / not tested	—	—	—	—		—
52	2025-11	J31112501	P060202	Jokerz 31	QCSP 001_J31_v.02	Grade I / Grade II	J31_THC27:CBD1 / J31_THC20:CBD1	9.5	Microbiology — Escherichia coli	Missing / not tested	—	—	—	—		—
52	2025-11	J31112501	P060202	Jokerz 31	QCSP 001_J31_v.02	Grade I / Grade II	J31_THC27:CBD1 / J31_THC20:CBD1	10.1	Mycotoxins — Aflatoxin B1	Missing / not tested	—	—	—	—		—
52	2025-11	J31112501	P060202	Jokerz 31	QCSP 001_J31_v.02	Grade I / Grade II	J31_THC27:CBD1 / J31_THC20:CBD1	10.2	Mycotoxins — Total Aflatoxins (B1+B2+G1+G2)	Missing / not tested	—	—	—	—		—
52	2025-11	J31112501	P060202	Jokerz 31	QCSP 001_J31_v.02	Grade I / Grade II	J31_THC27:CBD1 / J31_THC20:CBD1	10.3	Mycotoxins — Ochratoxin A	Missing / not tested	—	—	—	—		—
52	2025-11	J31112501	P060202	Jokerz 31	QCSP 001_J31_v.02	Grade I / Grade II	J31_THC27:CBD1 / J31_THC20:CBD1	11.1	Heavy Metals — Lead (Pb)	Missing / not tested	—	—	—	—		—
52	2025-11	J31112501	P060202	Jokerz 31	QCSP 001_J31_v.02	Grade I / Grade II	J31_THC27:CBD1 / J31_THC20:CBD1	11.2	Heavy Metals — Cadmium (Cd)	Missing / not tested	—	—	—	—		—
52	2025-11	J31112501	P060202	Jokerz 31	QCSP 001_J31_v.02	Grade I / Grade II	J31_THC27:CBD1 / J31_THC20:CBD1	11.3	Heavy Metals — Arsenic (As)	Missing / not tested	—	—	—	—		—
52	2025-11	J31112501	P060202	Jokerz 31	QCSP 001_J31_v.02	Grade I / Grade II	J31_THC27:CBD1 / J31_THC20:CBD1	11.4	Heavy Metals — Mercury (Hg)	Missing / not tested	—	—	—	—		—
52	2025-11	J31112501	P060202	Jokerz 31	QCSP 001_J31_v.02	Grade I / Grade II	J31_THC27:CBD1 / J31_THC20:CBD1	12	Pesticide Residues — multi-residue panel	Missing / not tested	—	—	—	—		—
53	2025-11	JD112501	P060212	Jelly Donutz	QCSP 001_JD_v.02	Grade III / Grade IV	JD_THC20:CBD1 / JD_THC15:CBD1	1	Macroscopic Identification (Test A)	Missing / not tested	—	—	—	—		—
53	2025-11	JD112501	P060212	Jelly Donutz	QCSP 001_JD_v.02	Grade III / Grade IV	JD_THC20:CBD1 / JD_THC15:CBD1	2	Microscopic Identification (Test B)	Missing / not tested	—	—	—	—		—
53	2025-11	JD112501	P060212	Jelly Donutz	QCSP 001_JD_v.02	Grade III / Grade IV	JD_THC20:CBD1 / JD_THC15:CBD1	3	HPTLC / Chromatographic Identification (Test C)	Missing / not tested	—	—	—	—		—
53	2025-11	JD112501	P060212	Jelly Donutz	QCSP 001_JD_v.02	Grade III / Grade IV	JD_THC20:CBD1 / JD_THC15:CBD1	4	Assay — Total Δ⁹-THC	20.32	%	197-15-К/26	07.08.2026	FARM	https://drive.google.com/file/d/1V4OsxHcoTkWvb5byeHc90rDtPmvc3NM5/view	Total Δ9-THC (Вкупно Δ9-THC, as Δ9-THC) — HPLC/DAD
53	2025-11	JD112501	P060212	Jelly Donutz	QCSP 001_JD_v.02	Grade III / Grade IV	JD_THC20:CBD1 / JD_THC15:CBD1	4	Assay — Total Δ⁹-THC	19.64	%	ППК26063	11.05.2026	UKIM	https://drive.google.com/file/d/1xVO2NePpgJT8O2nvVBT_rtiGzyipHMxz/view	Total Δ9-THC (primary)
53	2025-11	JD112501	P060212	Jelly Donutz	QCSP 001_JD_v.02	Grade III / Grade IV	JD_THC20:CBD1 / JD_THC15:CBD1	4	Assay — Total Δ⁹-THC	13.93	%	ППК26065	11.05.2026	UKIM	https://drive.google.com/file/d/1fBN8NDgcTOy7s-Nc63-BAFhaOHzaHZa-/view	Total Δ9-THC (re-sample)
53	2025-11	JD112501	P060212	Jelly Donutz	QCSP 001_JD_v.02	Grade III / Grade IV	JD_THC20:CBD1 / JD_THC15:CBD1	5	Assay — Total CBD	<LOQ %w/w	%	197-15-К/26	07.08.2026	FARM	https://drive.google.com/file/d/1V4OsxHcoTkWvb5byeHc90rDtPmvc3NM5/view	Total CBD (Вкупен CBD, as CBD) — HPLC/DAD
53	2025-11	JD112501	P060212	Jelly Donutz	QCSP 001_JD_v.02	Grade III / Grade IV	JD_THC20:CBD1 / JD_THC15:CBD1	5	Assay — Total CBD	0.06	%	ППК26063	11.05.2026	UKIM	https://drive.google.com/file/d/1xVO2NePpgJT8O2nvVBT_rtiGzyipHMxz/view	Total CBD (primary)
53	2025-11	JD112501	P060212	Jelly Donutz	QCSP 001_JD_v.02	Grade III / Grade IV	JD_THC20:CBD1 / JD_THC15:CBD1	5	Assay — Total CBD	0.04	%	ППК26065	11.05.2026	UKIM	https://drive.google.com/file/d/1fBN8NDgcTOy7s-Nc63-BAFhaOHzaHZa-/view	Total CBD (re-sample)
53	2025-11	JD112501	P060212	Jelly Donutz	QCSP 001_JD_v.02	Grade III / Grade IV	JD_THC20:CBD1 / JD_THC15:CBD1	6	Total CBN	<LOQ %w/w	%	197-15-К/26	07.08.2026	FARM	https://drive.google.com/file/d/1V4OsxHcoTkWvb5byeHc90rDtPmvc3NM5/view	Total CBN (Вкупен CBN) — HPLC/DAD
53	2025-11	JD112501	P060212	Jelly Donutz	QCSP 001_JD_v.02	Grade III / Grade IV	JD_THC20:CBD1 / JD_THC15:CBD1	7	Foreign Matter	Missing / not tested	—	—	—	—		—
53	2025-11	JD112501	P060212	Jelly Donutz	QCSP 001_JD_v.02	Grade III / Grade IV	JD_THC20:CBD1 / JD_THC15:CBD1	8	Loss on Drying	6.69	%	ППК26063	11.05.2026	UKIM	https://drive.google.com/file/d/1xVO2NePpgJT8O2nvVBT_rtiGzyipHMxz/view	Loss on Drying (primary)
53	2025-11	JD112501	P060212	Jelly Donutz	QCSP 001_JD_v.02	Grade III / Grade IV	JD_THC20:CBD1 / JD_THC15:CBD1	8	Loss on Drying	6.38	%	ППК26065	11.05.2026	UKIM	https://drive.google.com/file/d/1fBN8NDgcTOy7s-Nc63-BAFhaOHzaHZa-/view	Loss on Drying (re-sample)
53	2025-11	JD112501	P060212	Jelly Donutz	QCSP 001_JD_v.02	Grade III / Grade IV	JD_THC20:CBD1 / JD_THC15:CBD1	9.1	Microbiology — TAMC	Missing / not tested	—	—	—	—		—
53	2025-11	JD112501	P060212	Jelly Donutz	QCSP 001_JD_v.02	Grade III / Grade IV	JD_THC20:CBD1 / JD_THC15:CBD1	9.2	Microbiology — TYMC	Missing / not tested	—	—	—	—		—
53	2025-11	JD112501	P060212	Jelly Donutz	QCSP 001_JD_v.02	Grade III / Grade IV	JD_THC20:CBD1 / JD_THC15:CBD1	9.3	Microbiology — Bile-tolerant gram-negative	Missing / not tested	—	—	—	—		—
53	2025-11	JD112501	P060212	Jelly Donutz	QCSP 001_JD_v.02	Grade III / Grade IV	JD_THC20:CBD1 / JD_THC15:CBD1	9.4	Microbiology — Salmonella	Missing / not tested	—	—	—	—		—
53	2025-11	JD112501	P060212	Jelly Donutz	QCSP 001_JD_v.02	Grade III / Grade IV	JD_THC20:CBD1 / JD_THC15:CBD1	9.5	Microbiology — Escherichia coli	Missing / not tested	—	—	—	—		—
53	2025-11	JD112501	P060212	Jelly Donutz	QCSP 001_JD_v.02	Grade III / Grade IV	JD_THC20:CBD1 / JD_THC15:CBD1	10.1	Mycotoxins — Aflatoxin B1	ND µg/kg	µg/kg	197-15-М/26	10.08.2026	FARM	https://drive.google.com/file/d/17KtUGDULi5Z2dq6nlQ-3Jiqo8kbfeQfb/view	Aflatoxin B1
53	2025-11	JD112501	P060212	Jelly Donutz	QCSP 001_JD_v.02	Grade III / Grade IV	JD_THC20:CBD1 / JD_THC15:CBD1	10.2	Mycotoxins — Total Aflatoxins (B1+B2+G1+G2)	ND µg/kg	µg/kg	197-15-М/26	10.08.2026	FARM	https://drive.google.com/file/d/17KtUGDULi5Z2dq6nlQ-3Jiqo8kbfeQfb/view	Aflatoxin B2
53	2025-11	JD112501	P060212	Jelly Donutz	QCSP 001_JD_v.02	Grade III / Grade IV	JD_THC20:CBD1 / JD_THC15:CBD1	10.2	Mycotoxins — Total Aflatoxins (B1+B2+G1+G2)	ND µg/kg	µg/kg	197-15-М/26	10.08.2026	FARM	https://drive.google.com/file/d/17KtUGDULi5Z2dq6nlQ-3Jiqo8kbfeQfb/view	Aflatoxin G1
53	2025-11	JD112501	P060212	Jelly Donutz	QCSP 001_JD_v.02	Grade III / Grade IV	JD_THC20:CBD1 / JD_THC15:CBD1	10.2	Mycotoxins — Total Aflatoxins (B1+B2+G1+G2)	ND µg/kg	µg/kg	197-15-М/26	10.08.2026	FARM	https://drive.google.com/file/d/17KtUGDULi5Z2dq6nlQ-3Jiqo8kbfeQfb/view	Aflatoxin G2
53	2025-11	JD112501	P060212	Jelly Donutz	QCSP 001_JD_v.02	Grade III / Grade IV	JD_THC20:CBD1 / JD_THC15:CBD1	10.2	Mycotoxins — Total Aflatoxins (B1+B2+G1+G2)	ND (all four aflatoxins not detected)	µg/kg	197-15-М/26	10.08.2026	FARM	https://drive.google.com/file/d/17KtUGDULi5Z2dq6nlQ-3Jiqo8kbfeQfb/view	Sum aflatoxins B1+B2+G1+G2
53	2025-11	JD112501	P060212	Jelly Donutz	QCSP 001_JD_v.02	Grade III / Grade IV	JD_THC20:CBD1 / JD_THC15:CBD1	10.3	Mycotoxins — Ochratoxin A	ND µg/kg	µg/kg	197-15-М/26	10.08.2026	FARM	https://drive.google.com/file/d/17KtUGDULi5Z2dq6nlQ-3Jiqo8kbfeQfb/view	Ochratoxin A
53	2025-11	JD112501	P060212	Jelly Donutz	QCSP 001_JD_v.02	Grade III / Grade IV	JD_THC20:CBD1 / JD_THC15:CBD1	11.1	Heavy Metals — Lead (Pb)	Missing / not tested	—	—	—	—		—
53	2025-11	JD112501	P060212	Jelly Donutz	QCSP 001_JD_v.02	Grade III / Grade IV	JD_THC20:CBD1 / JD_THC15:CBD1	11.2	Heavy Metals — Cadmium (Cd)	Missing / not tested	—	—	—	—		—
53	2025-11	JD112501	P060212	Jelly Donutz	QCSP 001_JD_v.02	Grade III / Grade IV	JD_THC20:CBD1 / JD_THC15:CBD1	11.3	Heavy Metals — Arsenic (As)	Missing / not tested	—	—	—	—		—
53	2025-11	JD112501	P060212	Jelly Donutz	QCSP 001_JD_v.02	Grade III / Grade IV	JD_THC20:CBD1 / JD_THC15:CBD1	11.4	Heavy Metals — Mercury (Hg)	Missing / not tested	—	—	—	—		—
53	2025-11	JD112501	P060212	Jelly Donutz	QCSP 001_JD_v.02	Grade III / Grade IV	JD_THC20:CBD1 / JD_THC15:CBD1	12	Pesticide Residues — multi-residue panel	Missing / not tested	—	—	—	—		—
54	2025-11	OPM112501	P060222	Orange Punch Mimosa	QCSP 001_OPM_v.02	Grade IV	OPM_THC10:CBD1	1	Macroscopic Identification (Test A)	Missing / not tested	—	—	—	—		—
54	2025-11	OPM112501	P060222	Orange Punch Mimosa	QCSP 001_OPM_v.02	Grade IV	OPM_THC10:CBD1	2	Microscopic Identification (Test B)	Missing / not tested	—	—	—	—		—
54	2025-11	OPM112501	P060222	Orange Punch Mimosa	QCSP 001_OPM_v.02	Grade IV	OPM_THC10:CBD1	3	HPTLC / Chromatographic Identification (Test C)	Missing / not tested	—	—	—	—		—
54	2025-11	OPM112501	P060222	Orange Punch Mimosa	QCSP 001_OPM_v.02	Grade IV	OPM_THC10:CBD1	4	Assay — Total Δ⁹-THC	8.00	%	ППК26031	05.03.2026	UKIM	https://drive.google.com/file/d/1tFKbbEfm302t7kxqJhIeN2ozI3xjmsk6/view	Total Δ9-THC
54	2025-11	OPM112501	P060222	Orange Punch Mimosa	QCSP 001_OPM_v.02	Grade IV	OPM_THC10:CBD1	5	Assay — Total CBD	0.02	%	ППК26031	05.03.2026	UKIM	https://drive.google.com/file/d/1tFKbbEfm302t7kxqJhIeN2ozI3xjmsk6/view	Total CBD
54	2025-11	OPM112501	P060222	Orange Punch Mimosa	QCSP 001_OPM_v.02	Grade IV	OPM_THC10:CBD1	6	Total CBN	Missing / not tested	—	—	—	—		—
54	2025-11	OPM112501	P060222	Orange Punch Mimosa	QCSP 001_OPM_v.02	Grade IV	OPM_THC10:CBD1	7	Foreign Matter	Missing / not tested	—	—	—	—		—
54	2025-11	OPM112501	P060222	Orange Punch Mimosa	QCSP 001_OPM_v.02	Grade IV	OPM_THC10:CBD1	8	Loss on Drying	8.06	%	ППК26031	05.03.2026	UKIM	https://drive.google.com/file/d/1tFKbbEfm302t7kxqJhIeN2ozI3xjmsk6/view	Loss on Drying
54	2025-11	OPM112501	P060222	Orange Punch Mimosa	QCSP 001_OPM_v.02	Grade IV	OPM_THC10:CBD1	9.1	Microbiology — TAMC	Missing / not tested	—	—	—	—		—
54	2025-11	OPM112501	P060222	Orange Punch Mimosa	QCSP 001_OPM_v.02	Grade IV	OPM_THC10:CBD1	9.2	Microbiology — TYMC	Missing / not tested	—	—	—	—		—
54	2025-11	OPM112501	P060222	Orange Punch Mimosa	QCSP 001_OPM_v.02	Grade IV	OPM_THC10:CBD1	9.3	Microbiology — Bile-tolerant gram-negative	Missing / not tested	—	—	—	—		—
54	2025-11	OPM112501	P060222	Orange Punch Mimosa	QCSP 001_OPM_v.02	Grade IV	OPM_THC10:CBD1	9.4	Microbiology — Salmonella	Missing / not tested	—	—	—	—		—
54	2025-11	OPM112501	P060222	Orange Punch Mimosa	QCSP 001_OPM_v.02	Grade IV	OPM_THC10:CBD1	9.5	Microbiology — Escherichia coli	Missing / not tested	—	—	—	—		—
54	2025-11	OPM112501	P060222	Orange Punch Mimosa	QCSP 001_OPM_v.02	Grade IV	OPM_THC10:CBD1	10.1	Mycotoxins — Aflatoxin B1	Missing / not tested	—	—	—	—		—
54	2025-11	OPM112501	P060222	Orange Punch Mimosa	QCSP 001_OPM_v.02	Grade IV	OPM_THC10:CBD1	10.2	Mycotoxins — Total Aflatoxins (B1+B2+G1+G2)	Missing / not tested	—	—	—	—		—
54	2025-11	OPM112501	P060222	Orange Punch Mimosa	QCSP 001_OPM_v.02	Grade IV	OPM_THC10:CBD1	10.3	Mycotoxins — Ochratoxin A	Missing / not tested	—	—	—	—		—
54	2025-11	OPM112501	P060222	Orange Punch Mimosa	QCSP 001_OPM_v.02	Grade IV	OPM_THC10:CBD1	11.1	Heavy Metals — Lead (Pb)	Missing / not tested	—	—	—	—		—
54	2025-11	OPM112501	P060222	Orange Punch Mimosa	QCSP 001_OPM_v.02	Grade IV	OPM_THC10:CBD1	11.2	Heavy Metals — Cadmium (Cd)	Missing / not tested	—	—	—	—		—
54	2025-11	OPM112501	P060222	Orange Punch Mimosa	QCSP 001_OPM_v.02	Grade IV	OPM_THC10:CBD1	11.3	Heavy Metals — Arsenic (As)	Missing / not tested	—	—	—	—		—
54	2025-11	OPM112501	P060222	Orange Punch Mimosa	QCSP 001_OPM_v.02	Grade IV	OPM_THC10:CBD1	11.4	Heavy Metals — Mercury (Hg)	Missing / not tested	—	—	—	—		—
54	2025-11	OPM112501	P060222	Orange Punch Mimosa	QCSP 001_OPM_v.02	Grade IV	OPM_THC10:CBD1	12	Pesticide Residues — multi-residue panel	Missing / not tested	—	—	—	—		—
55	2025-11	PM112501	P060232	Permanent Marker	QCSP 001_PM_v.02	Grade IV	PM_THC11.5:CBD1	1	Macroscopic Identification (Test A)	Missing / not tested	—	—	—	—		—
55	2025-11	PM112501	P060232	Permanent Marker	QCSP 001_PM_v.02	Grade IV	PM_THC11.5:CBD1	2	Microscopic Identification (Test B)	Missing / not tested	—	—	—	—		—
55	2025-11	PM112501	P060232	Permanent Marker	QCSP 001_PM_v.02	Grade IV	PM_THC11.5:CBD1	3	HPTLC / Chromatographic Identification (Test C)	Missing / not tested	—	—	—	—		—
55	2025-11	PM112501	P060232	Permanent Marker	QCSP 001_PM_v.02	Grade IV	PM_THC11.5:CBD1	4	Assay — Total Δ⁹-THC	13.33	%	ППК26030	05.03.2026	UKIM	https://drive.google.com/file/d/1TtuUlLknTp5M-5aK5iM5aS6gI0smVbNY/view	Total Δ9-THC
55	2025-11	PM112501	P060232	Permanent Marker	QCSP 001_PM_v.02	Grade IV	PM_THC11.5:CBD1	5	Assay — Total CBD	0.03	%	ППК26030	05.03.2026	UKIM	https://drive.google.com/file/d/1TtuUlLknTp5M-5aK5iM5aS6gI0smVbNY/view	Total CBD
55	2025-11	PM112501	P060232	Permanent Marker	QCSP 001_PM_v.02	Grade IV	PM_THC11.5:CBD1	6	Total CBN	Missing / not tested	—	—	—	—		—
55	2025-11	PM112501	P060232	Permanent Marker	QCSP 001_PM_v.02	Grade IV	PM_THC11.5:CBD1	7	Foreign Matter	Missing / not tested	—	—	—	—		—
55	2025-11	PM112501	P060232	Permanent Marker	QCSP 001_PM_v.02	Grade IV	PM_THC11.5:CBD1	8	Loss on Drying	8.61	%	ППК26030	05.03.2026	UKIM	https://drive.google.com/file/d/1TtuUlLknTp5M-5aK5iM5aS6gI0smVbNY/view	Loss on Drying
55	2025-11	PM112501	P060232	Permanent Marker	QCSP 001_PM_v.02	Grade IV	PM_THC11.5:CBD1	9.1	Microbiology — TAMC	Missing / not tested	—	—	—	—		—
55	2025-11	PM112501	P060232	Permanent Marker	QCSP 001_PM_v.02	Grade IV	PM_THC11.5:CBD1	9.2	Microbiology — TYMC	Missing / not tested	—	—	—	—		—
55	2025-11	PM112501	P060232	Permanent Marker	QCSP 001_PM_v.02	Grade IV	PM_THC11.5:CBD1	9.3	Microbiology — Bile-tolerant gram-negative	Missing / not tested	—	—	—	—		—
55	2025-11	PM112501	P060232	Permanent Marker	QCSP 001_PM_v.02	Grade IV	PM_THC11.5:CBD1	9.4	Microbiology — Salmonella	Missing / not tested	—	—	—	—		—
55	2025-11	PM112501	P060232	Permanent Marker	QCSP 001_PM_v.02	Grade IV	PM_THC11.5:CBD1	9.5	Microbiology — Escherichia coli	Missing / not tested	—	—	—	—		—
55	2025-11	PM112501	P060232	Permanent Marker	QCSP 001_PM_v.02	Grade IV	PM_THC11.5:CBD1	10.1	Mycotoxins — Aflatoxin B1	Missing / not tested	—	—	—	—		—
55	2025-11	PM112501	P060232	Permanent Marker	QCSP 001_PM_v.02	Grade IV	PM_THC11.5:CBD1	10.2	Mycotoxins — Total Aflatoxins (B1+B2+G1+G2)	Missing / not tested	—	—	—	—		—
55	2025-11	PM112501	P060232	Permanent Marker	QCSP 001_PM_v.02	Grade IV	PM_THC11.5:CBD1	10.3	Mycotoxins — Ochratoxin A	Missing / not tested	—	—	—	—		—
55	2025-11	PM112501	P060232	Permanent Marker	QCSP 001_PM_v.02	Grade IV	PM_THC11.5:CBD1	11.1	Heavy Metals — Lead (Pb)	Missing / not tested	—	—	—	—		—
55	2025-11	PM112501	P060232	Permanent Marker	QCSP 001_PM_v.02	Grade IV	PM_THC11.5:CBD1	11.2	Heavy Metals — Cadmium (Cd)	Missing / not tested	—	—	—	—		—
55	2025-11	PM112501	P060232	Permanent Marker	QCSP 001_PM_v.02	Grade IV	PM_THC11.5:CBD1	11.3	Heavy Metals — Arsenic (As)	Missing / not tested	—	—	—	—		—
55	2025-11	PM112501	P060232	Permanent Marker	QCSP 001_PM_v.02	Grade IV	PM_THC11.5:CBD1	11.4	Heavy Metals — Mercury (Hg)	Missing / not tested	—	—	—	—		—
55	2025-11	PM112501	P060232	Permanent Marker	QCSP 001_PM_v.02	Grade IV	PM_THC11.5:CBD1	12	Pesticide Residues — multi-residue panel	Missing / not tested	—	—	—	—		—
56	2025-11	SCR112501	P060282	Scrambler	QCSP 001_SCR_v.02	Grade III	SCR_THC18.5:CBD1	1	Macroscopic Identification (Test A)	Missing / not tested	—	—	—	—		—
56	2025-11	SCR112501	P060282	Scrambler	QCSP 001_SCR_v.02	Grade III	SCR_THC18.5:CBD1	2	Microscopic Identification (Test B)	Missing / not tested	—	—	—	—		—
56	2025-11	SCR112501	P060282	Scrambler	QCSP 001_SCR_v.02	Grade III	SCR_THC18.5:CBD1	3	HPTLC / Chromatographic Identification (Test C)	Missing / not tested	—	—	—	—		—
56	2025-11	SCR112501	P060282	Scrambler	QCSP 001_SCR_v.02	Grade III	SCR_THC18.5:CBD1	4	Assay — Total Δ⁹-THC	17.13	%	ППК26069	11.05.2026	UKIM	https://drive.google.com/file/d/1uLZIOLF8c4z8RDctoi6NE5SX-hYAEdCU/view	Total Δ9-THC
56	2025-11	SCR112501	P060282	Scrambler	QCSP 001_SCR_v.02	Grade III	SCR_THC18.5:CBD1	5	Assay — Total CBD	0.04	%	ППК26069	11.05.2026	UKIM	https://drive.google.com/file/d/1uLZIOLF8c4z8RDctoi6NE5SX-hYAEdCU/view	Total CBD
56	2025-11	SCR112501	P060282	Scrambler	QCSP 001_SCR_v.02	Grade III	SCR_THC18.5:CBD1	6	Total CBN	Missing / not tested	—	—	—	—		—
56	2025-11	SCR112501	P060282	Scrambler	QCSP 001_SCR_v.02	Grade III	SCR_THC18.5:CBD1	7	Foreign Matter	Missing / not tested	—	—	—	—		—
56	2025-11	SCR112501	P060282	Scrambler	QCSP 001_SCR_v.02	Grade III	SCR_THC18.5:CBD1	8	Loss on Drying	6.84	%	ППК26069	11.05.2026	UKIM	https://drive.google.com/file/d/1uLZIOLF8c4z8RDctoi6NE5SX-hYAEdCU/view	Loss on Drying
56	2025-11	SCR112501	P060282	Scrambler	QCSP 001_SCR_v.02	Grade III	SCR_THC18.5:CBD1	9.1	Microbiology — TAMC	Missing / not tested	—	—	—	—		—
56	2025-11	SCR112501	P060282	Scrambler	QCSP 001_SCR_v.02	Grade III	SCR_THC18.5:CBD1	9.2	Microbiology — TYMC	Missing / not tested	—	—	—	—		—
56	2025-11	SCR112501	P060282	Scrambler	QCSP 001_SCR_v.02	Grade III	SCR_THC18.5:CBD1	9.3	Microbiology — Bile-tolerant gram-negative	Missing / not tested	—	—	—	—		—
56	2025-11	SCR112501	P060282	Scrambler	QCSP 001_SCR_v.02	Grade III	SCR_THC18.5:CBD1	9.4	Microbiology — Salmonella	Missing / not tested	—	—	—	—		—
56	2025-11	SCR112501	P060282	Scrambler	QCSP 001_SCR_v.02	Grade III	SCR_THC18.5:CBD1	9.5	Microbiology — Escherichia coli	Missing / not tested	—	—	—	—		—
56	2025-11	SCR112501	P060282	Scrambler	QCSP 001_SCR_v.02	Grade III	SCR_THC18.5:CBD1	10.1	Mycotoxins — Aflatoxin B1	Missing / not tested	—	—	—	—		—
56	2025-11	SCR112501	P060282	Scrambler	QCSP 001_SCR_v.02	Grade III	SCR_THC18.5:CBD1	10.2	Mycotoxins — Total Aflatoxins (B1+B2+G1+G2)	Missing / not tested	—	—	—	—		—
56	2025-11	SCR112501	P060282	Scrambler	QCSP 001_SCR_v.02	Grade III	SCR_THC18.5:CBD1	10.3	Mycotoxins — Ochratoxin A	Missing / not tested	—	—	—	—		—
56	2025-11	SCR112501	P060282	Scrambler	QCSP 001_SCR_v.02	Grade III	SCR_THC18.5:CBD1	11.1	Heavy Metals — Lead (Pb)	Missing / not tested	—	—	—	—		—
56	2025-11	SCR112501	P060282	Scrambler	QCSP 001_SCR_v.02	Grade III	SCR_THC18.5:CBD1	11.2	Heavy Metals — Cadmium (Cd)	Missing / not tested	—	—	—	—		—
56	2025-11	SCR112501	P060282	Scrambler	QCSP 001_SCR_v.02	Grade III	SCR_THC18.5:CBD1	11.3	Heavy Metals — Arsenic (As)	Missing / not tested	—	—	—	—		—
56	2025-11	SCR112501	P060282	Scrambler	QCSP 001_SCR_v.02	Grade III	SCR_THC18.5:CBD1	11.4	Heavy Metals — Mercury (Hg)	Missing / not tested	—	—	—	—		—
56	2025-11	SCR112501	P060282	Scrambler	QCSP 001_SCR_v.02	Grade III	SCR_THC18.5:CBD1	12	Pesticide Residues — multi-residue panel	Missing / not tested	—	—	—	—		—
57	2025-11	SJ112501	P060192	Sleepy Joy	QCSP 001_SJ_v.02	Grade IV	SJ_THC10.5:CBD1	1	Macroscopic Identification (Test A)	Missing / not tested	—	—	—	—		—
57	2025-11	SJ112501	P060192	Sleepy Joy	QCSP 001_SJ_v.02	Grade IV	SJ_THC10.5:CBD1	2	Microscopic Identification (Test B)	Missing / not tested	—	—	—	—		—
57	2025-11	SJ112501	P060192	Sleepy Joy	QCSP 001_SJ_v.02	Grade IV	SJ_THC10.5:CBD1	3	HPTLC / Chromatographic Identification (Test C)	Missing / not tested	—	—	—	—		—
57	2025-11	SJ112501	P060192	Sleepy Joy	QCSP 001_SJ_v.02	Grade IV	SJ_THC10.5:CBD1	4	Assay — Total Δ⁹-THC	9.20	%	051-2-K/26	04.03.2026	FARM	https://drive.google.com/file/d/1iJ8WT4Pj4hqlMTAl3prVo_2gekjGoK6f/view	Total Δ9-THC
57	2025-11	SJ112501	P060192	Sleepy Joy	QCSP 001_SJ_v.02	Grade IV	SJ_THC10.5:CBD1	5	Assay — Total CBD	< LOQ (<0.20%)	%	051-2-K/26	04.03.2026	FARM	https://drive.google.com/file/d/1iJ8WT4Pj4hqlMTAl3prVo_2gekjGoK6f/view	Total CBD
57	2025-11	SJ112501	P060192	Sleepy Joy	QCSP 001_SJ_v.02	Grade IV	SJ_THC10.5:CBD1	6	Total CBN	< LOQ	%	051-2-K/26	04.03.2026	FARM	https://drive.google.com/file/d/1iJ8WT4Pj4hqlMTAl3prVo_2gekjGoK6f/view	Total CBN
57	2025-11	SJ112501	P060192	Sleepy Joy	QCSP 001_SJ_v.02	Grade IV	SJ_THC10.5:CBD1	7	Foreign Matter	Missing / not tested	—	—	—	—		—
57	2025-11	SJ112501	P060192	Sleepy Joy	QCSP 001_SJ_v.02	Grade IV	SJ_THC10.5:CBD1	8	Loss on Drying	6.7	%	051-2-GS/26	02.03.2026	FARM	https://drive.google.com/file/d/1XZ2j_5T0hk-UszqsSC7Sj1UjEe2ZoOkX/view	Loss on drying (Ph.Eur. 2.2.32:2024)
57	2025-11	SJ112501	P060192	Sleepy Joy	QCSP 001_SJ_v.02	Grade IV	SJ_THC10.5:CBD1	9.1	Microbiology — TAMC	Missing / not tested	—	—	—	—		—
57	2025-11	SJ112501	P060192	Sleepy Joy	QCSP 001_SJ_v.02	Grade IV	SJ_THC10.5:CBD1	9.2	Microbiology — TYMC	Missing / not tested	—	—	—	—		—
57	2025-11	SJ112501	P060192	Sleepy Joy	QCSP 001_SJ_v.02	Grade IV	SJ_THC10.5:CBD1	9.3	Microbiology — Bile-tolerant gram-negative	Missing / not tested	—	—	—	—		—
57	2025-11	SJ112501	P060192	Sleepy Joy	QCSP 001_SJ_v.02	Grade IV	SJ_THC10.5:CBD1	9.4	Microbiology — Salmonella	Missing / not tested	—	—	—	—		—
57	2025-11	SJ112501	P060192	Sleepy Joy	QCSP 001_SJ_v.02	Grade IV	SJ_THC10.5:CBD1	9.5	Microbiology — Escherichia coli	Missing / not tested	—	—	—	—		—
57	2025-11	SJ112501	P060192	Sleepy Joy	QCSP 001_SJ_v.02	Grade IV	SJ_THC10.5:CBD1	10.1	Mycotoxins — Aflatoxin B1	Missing / not tested	—	—	—	—		—
57	2025-11	SJ112501	P060192	Sleepy Joy	QCSP 001_SJ_v.02	Grade IV	SJ_THC10.5:CBD1	10.2	Mycotoxins — Total Aflatoxins (B1+B2+G1+G2)	Missing / not tested	—	—	—	—		—
57	2025-11	SJ112501	P060192	Sleepy Joy	QCSP 001_SJ_v.02	Grade IV	SJ_THC10.5:CBD1	10.3	Mycotoxins — Ochratoxin A	Missing / not tested	—	—	—	—		—
57	2025-11	SJ112501	P060192	Sleepy Joy	QCSP 001_SJ_v.02	Grade IV	SJ_THC10.5:CBD1	11.1	Heavy Metals — Lead (Pb)	Missing / not tested	—	—	—	—		—
57	2025-11	SJ112501	P060192	Sleepy Joy	QCSP 001_SJ_v.02	Grade IV	SJ_THC10.5:CBD1	11.2	Heavy Metals — Cadmium (Cd)	Missing / not tested	—	—	—	—		—
57	2025-11	SJ112501	P060192	Sleepy Joy	QCSP 001_SJ_v.02	Grade IV	SJ_THC10.5:CBD1	11.3	Heavy Metals — Arsenic (As)	Missing / not tested	—	—	—	—		—
57	2025-11	SJ112501	P060192	Sleepy Joy	QCSP 001_SJ_v.02	Grade IV	SJ_THC10.5:CBD1	11.4	Heavy Metals — Mercury (Hg)	Missing / not tested	—	—	—	—		—
57	2025-11	SJ112501	P060192	Sleepy Joy	QCSP 001_SJ_v.02	Grade IV	SJ_THC10.5:CBD1	12	Pesticide Residues — multi-residue panel	Missing / not tested	—	—	—	—		—
58	2025-12	J31122501	P060262	Jokerz 31	QCSP 001_J31_v.02	Grade II	J31_THC20:CBD1	1	Macroscopic Identification (Test A)	Missing / not tested	—	—	—	—		—
58	2025-12	J31122501	P060262	Jokerz 31	QCSP 001_J31_v.02	Grade II	J31_THC20:CBD1	2	Microscopic Identification (Test B)	Missing / not tested	—	—	—	—		—
58	2025-12	J31122501	P060262	Jokerz 31	QCSP 001_J31_v.02	Grade II	J31_THC20:CBD1	3	HPTLC / Chromatographic Identification (Test C)	Missing / not tested	—	—	—	—		—
58	2025-12	J31122501	P060262	Jokerz 31	QCSP 001_J31_v.02	Grade II	J31_THC20:CBD1	4	Assay — Total Δ⁹-THC	19.84	%	100-2-К/26	09.04.2026	FARM	https://drive.google.com/file/d/1cgkhiaueOKYkuO_DQMiQQc8W_r4YwzqA/view	Total Δ9-THC — Racno trimiran cvet sub-lot
58	2025-12	J31122501	P060262	Jokerz 31	QCSP 001_J31_v.02	Grade II	J31_THC20:CBD1	4	Assay — Total Δ⁹-THC	21.84	%	100-3-К/26	09.04.2026	FARM	https://drive.google.com/file/d/1YKpjrWMg6v00rTukRHzGl5FxhvZGZcdZ/view	Total Δ9-THC — Trimiran cvet sub-lot
58	2025-12	J31122501	P060262	Jokerz 31	QCSP 001_J31_v.02	Grade II	J31_THC20:CBD1	5	Assay — Total CBD	< LOQ (<0.20%)	%	100-2-К/26	09.04.2026	FARM	https://drive.google.com/file/d/1cgkhiaueOKYkuO_DQMiQQc8W_r4YwzqA/view	Total CBD — Racno trimiran cvet sub-lot
58	2025-12	J31122501	P060262	Jokerz 31	QCSP 001_J31_v.02	Grade II	J31_THC20:CBD1	5	Assay — Total CBD	< LOQ (<0.20%)	%	100-3-К/26	09.04.2026	FARM	https://drive.google.com/file/d/1YKpjrWMg6v00rTukRHzGl5FxhvZGZcdZ/view	Total CBD — Trimiran cvet sub-lot
58	2025-12	J31122501	P060262	Jokerz 31	QCSP 001_J31_v.02	Grade II	J31_THC20:CBD1	6	Total CBN	< LOQ	%	100-2-К/26	09.04.2026	FARM	https://drive.google.com/file/d/1cgkhiaueOKYkuO_DQMiQQc8W_r4YwzqA/view	Total CBN — Racno trimiran cvet sub-lot
58	2025-12	J31122501	P060262	Jokerz 31	QCSP 001_J31_v.02	Grade II	J31_THC20:CBD1	6	Total CBN	< LOQ	%	100-3-К/26	09.04.2026	FARM	https://drive.google.com/file/d/1YKpjrWMg6v00rTukRHzGl5FxhvZGZcdZ/view	Total CBN — Trimiran cvet sub-lot
58	2025-12	J31122501	P060262	Jokerz 31	QCSP 001_J31_v.02	Grade II	J31_THC20:CBD1	7	Foreign Matter	Missing / not tested	—	—	—	—		—
58	2025-12	J31122501	P060262	Jokerz 31	QCSP 001_J31_v.02	Grade II	J31_THC20:CBD1	8	Loss on Drying	"""10.3%  [DATA INTEGRITY FLAG — see source: this Farmahem report's own header/sample-line prints batch """"J31112501"""", but the K-report (100-2-К, same submission CF-151/152) and Purely Plant's Bundle cross-reference both confirm this is a labelling typo for J31122501]"""	%	100-2-ГС/26	09.04.2026	FARM	https://drive.google.com/file/d/1cgkhiaueOKYkuO_DQMiQQc8W_r4YwzqA/view	Loss on drying (Ph.Eur. 2.2.32:2024) — Racno trimiran cvet sub-lot
58	2025-12	J31122501	P060262	Jokerz 31	QCSP 001_J31_v.02	Grade II	J31_THC20:CBD1	8	Loss on Drying	"""10.3%  [DATA INTEGRITY FLAG — see source: this Farmahem report's own header/sample-line prints batch """"J31112501"""", but the K-report (100-3-К, same submission CF-153/154) and Purely Plant's Bundle cross-reference both confirm this is a labelling typo for J31122501]"""	%	100-3-ГС/26	09.04.2026	FARM	https://drive.google.com/file/d/1bt_Nmg1rbXeF8a8duux36pdz4sX5O9iT/view	Loss on drying (Ph.Eur. 2.2.32:2024) — Trimiran cvet sub-lot
58	2025-12	J31122501	P060262	Jokerz 31	QCSP 001_J31_v.02	Grade II	J31_THC20:CBD1	9.1	Microbiology — TAMC	850	CFU/g	231/0394/26	07.04.2026	IPH	https://drive.google.com/file/d/1cgkhiaueOKYkuO_DQMiQQc8W_r4YwzqA/view	Microbiological quality (Ph.Eur. 5.1.8 cat. C) — Total aerobic microbial count (TAMC)
58	2025-12	J31122501	P060262	Jokerz 31	QCSP 001_J31_v.02	Grade II	J31_THC20:CBD1	9.1	Microbiology — TAMC	1900	CFU/g	230/0393/26	07.04.2026	IPH	https://drive.google.com/file/d/1F2reMroTCiFfVkdAlc42OiL6YGK9bCIu/view	Microbiological quality (Ph.Eur. 5.1.8 cat. C) — Total aerobic microbial count (TAMC)
58	2025-12	J31122501	P060262	Jokerz 31	QCSP 001_J31_v.02	Grade II	J31_THC20:CBD1	9.2	Microbiology — TYMC	370	CFU/g	231/0394/26	07.04.2026	IPH	https://drive.google.com/file/d/1cgkhiaueOKYkuO_DQMiQQc8W_r4YwzqA/view	Microbiological quality (Ph.Eur. 5.1.8 cat. C) — Total combined yeasts/moulds count (TYMC)
58	2025-12	J31122501	P060262	Jokerz 31	QCSP 001_J31_v.02	Grade II	J31_THC20:CBD1	9.2	Microbiology — TYMC	840	CFU/g	230/0393/26	07.04.2026	IPH	https://drive.google.com/file/d/1F2reMroTCiFfVkdAlc42OiL6YGK9bCIu/view	Microbiological quality (Ph.Eur. 5.1.8 cat. C) — Total combined yeasts/moulds count (TYMC)
58	2025-12	J31122501	P060262	Jokerz 31	QCSP 001_J31_v.02	Grade II	J31_THC20:CBD1	9.3	Microbiology — Bile-tolerant gram-negative	< 10^2 and > 10 CFU/g	CFU/g	231/0394/26	07.04.2026	IPH	https://drive.google.com/file/d/1cgkhiaueOKYkuO_DQMiQQc8W_r4YwzqA/view	Microbiological quality (Ph.Eur. 5.1.8 cat. C) — Bile-tolerant gram-negative bacteria
58	2025-12	J31122501	P060262	Jokerz 31	QCSP 001_J31_v.02	Grade II	J31_THC20:CBD1	9.3	Microbiology — Bile-tolerant gram-negative	< 10^3 and > 10^2 CFU/g	CFU/g	230/0393/26	07.04.2026	IPH	https://drive.google.com/file/d/1F2reMroTCiFfVkdAlc42OiL6YGK9bCIu/view	Microbiological quality (Ph.Eur. 5.1.8 cat. C) — Bile-tolerant gram-negative bacteria
58	2025-12	J31122501	P060262	Jokerz 31	QCSP 001_J31_v.02	Grade II	J31_THC20:CBD1	9.4	Microbiology — Salmonella	Одговара (Complies/Absent)	/25 g	231/0394/26	07.04.2026	IPH	https://drive.google.com/file/d/1cgkhiaueOKYkuO_DQMiQQc8W_r4YwzqA/view	Microbiological quality (Ph.Eur. 5.1.8 cat. C) — Salmonella
58	2025-12	J31122501	P060262	Jokerz 31	QCSP 001_J31_v.02	Grade II	J31_THC20:CBD1	9.4	Microbiology — Salmonella	Одговара (Complies/Absent)	/25 g	230/0393/26	07.04.2026	IPH	https://drive.google.com/file/d/1F2reMroTCiFfVkdAlc42OiL6YGK9bCIu/view	Microbiological quality (Ph.Eur. 5.1.8 cat. C) — Salmonella
58	2025-12	J31122501	P060262	Jokerz 31	QCSP 001_J31_v.02	Grade II	J31_THC20:CBD1	9.5	Microbiology — Escherichia coli	Одговара (Complies/Absent)	/1 g	231/0394/26	07.04.2026	IPH	https://drive.google.com/file/d/1cgkhiaueOKYkuO_DQMiQQc8W_r4YwzqA/view	Microbiological quality (Ph.Eur. 5.1.8 cat. C) — Escherichia coli
58	2025-12	J31122501	P060262	Jokerz 31	QCSP 001_J31_v.02	Grade II	J31_THC20:CBD1	9.5	Microbiology — Escherichia coli	Одговара (Complies/Absent)	/1 g	230/0393/26	07.04.2026	IPH	https://drive.google.com/file/d/1F2reMroTCiFfVkdAlc42OiL6YGK9bCIu/view	Microbiological quality (Ph.Eur. 5.1.8 cat. C) — Escherichia coli
58	2025-12	J31122501	P060262	Jokerz 31	QCSP 001_J31_v.02	Grade II	J31_THC20:CBD1	10.1	Mycotoxins — Aflatoxin B1	Missing / not tested	—	—	—	—		—
58	2025-12	J31122501	P060262	Jokerz 31	QCSP 001_J31_v.02	Grade II	J31_THC20:CBD1	10.2	Mycotoxins — Total Aflatoxins (B1+B2+G1+G2)	2.5	µg/kg	1628/2026	23.04.2026	IPH	https://drive.google.com/file/d/1cgkhiaueOKYkuO_DQMiQQc8W_r4YwzqA/view	Mycotoxins (Ph.Eur. 2.8.18) — Total aflatoxins (B1+B2+G1+G2)
58	2025-12	J31122501	P060262	Jokerz 31	QCSP 001_J31_v.02	Grade II	J31_THC20:CBD1	10.2	Mycotoxins — Total Aflatoxins (B1+B2+G1+G2)	COMPLIES (numeric value not present in captured source excerpt for report 1625/2026 — see Bundle cross-reference)	µg/kg	1625/2026	23.04.2026	IPH	https://drive.google.com/file/d/1F2reMroTCiFfVkdAlc42OiL6YGK9bCIu/view	Mycotoxins (Ph.Eur. 2.8.18) — Total aflatoxins
58	2025-12	J31122501	P060262	Jokerz 31	QCSP 001_J31_v.02	Grade II	J31_THC20:CBD1	10.3	Mycotoxins — Ochratoxin A	Missing / not tested	—	—	—	—		—
58	2025-12	J31122501	P060262	Jokerz 31	QCSP 001_J31_v.02	Grade II	J31_THC20:CBD1	11.1	Heavy Metals — Lead (Pb)	н.д.	mg/kg	1628/2026	23.04.2026	IPH	https://drive.google.com/file/d/1cgkhiaueOKYkuO_DQMiQQc8W_r4YwzqA/view	Heavy metals (Ph.Eur. 2.4.27) — Lead (олово)
58	2025-12	J31122501	P060262	Jokerz 31	QCSP 001_J31_v.02	Grade II	J31_THC20:CBD1	11.2	Heavy Metals — Cadmium (Cd)	н.д.	mg/kg	1628/2026	23.04.2026	IPH	https://drive.google.com/file/d/1cgkhiaueOKYkuO_DQMiQQc8W_r4YwzqA/view	Heavy metals (Ph.Eur. 2.4.27) — Cadmium (кадмиум)
58	2025-12	J31122501	P060262	Jokerz 31	QCSP 001_J31_v.02	Grade II	J31_THC20:CBD1	11.3	Heavy Metals — Arsenic (As)	н.д.	mg/kg	1628/2026	23.04.2026	IPH	https://drive.google.com/file/d/1cgkhiaueOKYkuO_DQMiQQc8W_r4YwzqA/view	Heavy metals (Ph.Eur. 2.4.27) — Arsenic (арсен)
58	2025-12	J31122501	P060262	Jokerz 31	QCSP 001_J31_v.02	Grade II	J31_THC20:CBD1	11.4	Heavy Metals — Mercury (Hg)	н.д.	mg/kg	1628/2026	23.04.2026	IPH	https://drive.google.com/file/d/1cgkhiaueOKYkuO_DQMiQQc8W_r4YwzqA/view	Heavy metals (Ph.Eur. 2.4.27) — Mercury (жива)
58	2025-12	J31122501	P060262	Jokerz 31	QCSP 001_J31_v.02	Grade II	J31_THC20:CBD1	12	Pesticide Residues — multi-residue panel	Lindan (Gama HCH): н.д.; Aldrin: н.д.; Dieldrin и Aldrin (expressed as Dieldrin): н.д.; HCB: н.д.; 4,4' DDE: н.д.; 4,4' DDD: н.д.; 4,4' DDT: н.д.; вкупно DDT (total DDT): н.д.; delta HCH: н.д.; alpha HCH: н.д.; beta HCH: н.д.; Endrin: н.д.; Chlorpyrifos-methyl: н.д.; Chlorpyrifos: н.д.; Heptachlor (sum of Heptachlor + Heptachlor epoxide): н.д.; Endosulfan (alpha, beta and endosulfan sulfate): н.д.; Deltamethrin: н.д.; Chlordane (sum of cis- and trans-chlordane): н.д.; Metoxychlor: н.д.; Heptachlor epoxide: н.д.; Endrin aldehyde: н.д.; alpha Endosulfan: н.д.; beta Endosulfan: н.д.; Endrin keton: н.д.; trans-Chlordane: н.д.; cis-Chlordane: н.д.; Dieldrin: н.д.; Heptachlor: н.д.; Endosulfan sulfate: н.д.	—	1628/2026	23.04.2026	IPH	https://drive.google.com/file/d/1cgkhiaueOKYkuO_DQMiQQc8W_r4YwzqA/view	multi-residue screen, per analyte
58	2025-12	J31122501	P060262	Jokerz 31	QCSP 001_J31_v.02	Grade II	J31_THC20:CBD1	12	Pesticide Residues — multi-residue panel	Lindan (Gama HCH): н.д.; Aldrin: н.д.; Dieldrin и Aldrin (expressed as Dieldrin): н.д.; HCB: н.д.; 4,4' DDE: н.д.; 4,4' DDD: н.д.; 4,4' DDT: н.д.; вкупно DDT (total DDT): н.д.; delta HCH: н.д.; alpha HCH: н.д.; beta HCH: н.д.; Endrin: н.д.; Chlorpyrifos-methyl: н.д.; Chlorpyrifos: н.д.; Heptachlor (sum of Heptachlor + Heptachlor epoxide): н.д.; Endosulfan (alpha, beta and endosulfan sulfate): н.д.; Deltamethrin: н.д.; Chlordane (sum of cis- and trans-chlordane): н.д.; Metoxychlor: н.д.; Heptachlor epoxide: н.д.; Endrin aldehyde: н.д.; alpha Endosulfan: н.д.; beta Endosulfan: н.д.; Endrin keton: н.д.; trans-Chlordane: н.д.; cis-Chlordane: н.д.; Dieldrin: н.д.; Heptachlor: н.д.; Endosulfan sulfate: н.д.	—	1625/2026	23.04.2026	IPH	https://drive.google.com/file/d/1F2reMroTCiFfVkdAlc42OiL6YGK9bCIu/view	multi-residue screen, per analyte
59	2025-12	OPM122501	P060242	Orange Punch Mimosa	QCSP 001_OPM_v.02	Grade IV	OPM_THC10:CBD1	1	Macroscopic Identification (Test A)	Missing / not tested	—	—	—	—		—
59	2025-12	OPM122501	P060242	Orange Punch Mimosa	QCSP 001_OPM_v.02	Grade IV	OPM_THC10:CBD1	2	Microscopic Identification (Test B)	Missing / not tested	—	—	—	—		—
59	2025-12	OPM122501	P060242	Orange Punch Mimosa	QCSP 001_OPM_v.02	Grade IV	OPM_THC10:CBD1	3	HPTLC / Chromatographic Identification (Test C)	Missing / not tested	—	—	—	—		—
59	2025-12	OPM122501	P060242	Orange Punch Mimosa	QCSP 001_OPM_v.02	Grade IV	OPM_THC10:CBD1	4	Assay — Total Δ⁹-THC	7.91	%	197-19-К/26	07.08.2026	FARM	https://drive.google.com/file/d/1XkEO41eFU0R0fGHkCEGMIMBT1lXxl90h/view	Total Δ9-THC (Вкупно Δ9-THC, as Δ9-THC) — HPLC/DAD
59	2025-12	OPM122501	P060242	Orange Punch Mimosa	QCSP 001_OPM_v.02	Grade IV	OPM_THC10:CBD1	4	Assay — Total Δ⁹-THC	8.09	%	100-4-К/26	09.04.2026	FARM	https://drive.google.com/file/d/1e5BgUBjGrnznzF23gXaK7IiaKrsFGGM4/view	Total Δ9-THC
59	2025-12	OPM122501	P060242	Orange Punch Mimosa	QCSP 001_OPM_v.02	Grade IV	OPM_THC10:CBD1	5	Assay — Total CBD	<LOQ %w/w	%	197-19-К/26	07.08.2026	FARM	https://drive.google.com/file/d/1XkEO41eFU0R0fGHkCEGMIMBT1lXxl90h/view	Total CBD (Вкупен CBD, as CBD) — HPLC/DAD
59	2025-12	OPM122501	P060242	Orange Punch Mimosa	QCSP 001_OPM_v.02	Grade IV	OPM_THC10:CBD1	5	Assay — Total CBD	< LOQ (<0.20%)	%	100-4-К/26	09.04.2026	FARM	https://drive.google.com/file/d/1e5BgUBjGrnznzF23gXaK7IiaKrsFGGM4/view	Total CBD
59	2025-12	OPM122501	P060242	Orange Punch Mimosa	QCSP 001_OPM_v.02	Grade IV	OPM_THC10:CBD1	6	Total CBN	<LOQ %w/w	%	197-19-К/26	07.08.2026	FARM	https://drive.google.com/file/d/1XkEO41eFU0R0fGHkCEGMIMBT1lXxl90h/view	Total CBN (Вкупен CBN) — HPLC/DAD
59	2025-12	OPM122501	P060242	Orange Punch Mimosa	QCSP 001_OPM_v.02	Grade IV	OPM_THC10:CBD1	6	Total CBN	< LOQ	%	100-4-К/26	09.04.2026	FARM	https://drive.google.com/file/d/1e5BgUBjGrnznzF23gXaK7IiaKrsFGGM4/view	Total CBN
59	2025-12	OPM122501	P060242	Orange Punch Mimosa	QCSP 001_OPM_v.02	Grade IV	OPM_THC10:CBD1	7	Foreign Matter	Missing / not tested	—	—	—	—		—
59	2025-12	OPM122501	P060242	Orange Punch Mimosa	QCSP 001_OPM_v.02	Grade IV	OPM_THC10:CBD1	8	Loss on Drying	6.6	%	100-4-ГС/26	09.04.2026	FARM	https://drive.google.com/file/d/1e5BgUBjGrnznzF23gXaK7IiaKrsFGGM4/view	Loss on drying (Ph.Eur. 2.2.32:2024)
59	2025-12	OPM122501	P060242	Orange Punch Mimosa	QCSP 001_OPM_v.02	Grade IV	OPM_THC10:CBD1	9.1	Microbiology — TAMC	120	CFU/g	229/0392/26	07.04.2026	IPH	https://drive.google.com/file/d/1e5BgUBjGrnznzF23gXaK7IiaKrsFGGM4/view	Microbiological quality (Ph.Eur. 5.1.8 cat. C) — Total aerobic microbial count (TAMC)
59	2025-12	OPM122501	P060242	Orange Punch Mimosa	QCSP 001_OPM_v.02	Grade IV	OPM_THC10:CBD1	9.2	Microbiology — TYMC	100	CFU/g	229/0392/26	07.04.2026	IPH	https://drive.google.com/file/d/1e5BgUBjGrnznzF23gXaK7IiaKrsFGGM4/view	Microbiological quality (Ph.Eur. 5.1.8 cat. C) — Total combined yeasts/moulds count (TYMC)
59	2025-12	OPM122501	P060242	Orange Punch Mimosa	QCSP 001_OPM_v.02	Grade IV	OPM_THC10:CBD1	9.3	Microbiology — Bile-tolerant gram-negative	<10	CFU/g	229/0392/26	07.04.2026	IPH	https://drive.google.com/file/d/1e5BgUBjGrnznzF23gXaK7IiaKrsFGGM4/view	Microbiological quality (Ph.Eur. 5.1.8 cat. C) — Bile-tolerant gram-negative bacteria
59	2025-12	OPM122501	P060242	Orange Punch Mimosa	QCSP 001_OPM_v.02	Grade IV	OPM_THC10:CBD1	9.4	Microbiology — Salmonella	Одговара (Complies/Absent)	/25 g	229/0392/26	07.04.2026	IPH	https://drive.google.com/file/d/1e5BgUBjGrnznzF23gXaK7IiaKrsFGGM4/view	Microbiological quality (Ph.Eur. 5.1.8 cat. C) — Salmonella
59	2025-12	OPM122501	P060242	Orange Punch Mimosa	QCSP 001_OPM_v.02	Grade IV	OPM_THC10:CBD1	9.5	Microbiology — Escherichia coli	Одговара (Complies/Absent)	/1 g	229/0392/26	07.04.2026	IPH	https://drive.google.com/file/d/1e5BgUBjGrnznzF23gXaK7IiaKrsFGGM4/view	Microbiological quality (Ph.Eur. 5.1.8 cat. C) — Escherichia coli
59	2025-12	OPM122501	P060242	Orange Punch Mimosa	QCSP 001_OPM_v.02	Grade IV	OPM_THC10:CBD1	10.1	Mycotoxins — Aflatoxin B1	ND µg/kg	µg/kg	197-19-М/26	10.08.2026	FARM	https://drive.google.com/file/d/19S4Xh9PCOIwTuTBRhi6fvnBjqJMpyge4/view	Aflatoxin B1
59	2025-12	OPM122501	P060242	Orange Punch Mimosa	QCSP 001_OPM_v.02	Grade IV	OPM_THC10:CBD1	10.2	Mycotoxins — Total Aflatoxins (B1+B2+G1+G2)	ND µg/kg	µg/kg	197-19-М/26	10.08.2026	FARM	https://drive.google.com/file/d/19S4Xh9PCOIwTuTBRhi6fvnBjqJMpyge4/view	Aflatoxin B2
59	2025-12	OPM122501	P060242	Orange Punch Mimosa	QCSP 001_OPM_v.02	Grade IV	OPM_THC10:CBD1	10.2	Mycotoxins — Total Aflatoxins (B1+B2+G1+G2)	ND µg/kg	µg/kg	197-19-М/26	10.08.2026	FARM	https://drive.google.com/file/d/19S4Xh9PCOIwTuTBRhi6fvnBjqJMpyge4/view	Aflatoxin G1
59	2025-12	OPM122501	P060242	Orange Punch Mimosa	QCSP 001_OPM_v.02	Grade IV	OPM_THC10:CBD1	10.2	Mycotoxins — Total Aflatoxins (B1+B2+G1+G2)	ND µg/kg	µg/kg	197-19-М/26	10.08.2026	FARM	https://drive.google.com/file/d/19S4Xh9PCOIwTuTBRhi6fvnBjqJMpyge4/view	Aflatoxin G2
59	2025-12	OPM122501	P060242	Orange Punch Mimosa	QCSP 001_OPM_v.02	Grade IV	OPM_THC10:CBD1	10.2	Mycotoxins — Total Aflatoxins (B1+B2+G1+G2)	ND (all four aflatoxins not detected)	µg/kg	197-19-М/26	10.08.2026	FARM	https://drive.google.com/file/d/19S4Xh9PCOIwTuTBRhi6fvnBjqJMpyge4/view	Sum aflatoxins B1+B2+G1+G2
59	2025-12	OPM122501	P060242	Orange Punch Mimosa	QCSP 001_OPM_v.02	Grade IV	OPM_THC10:CBD1	10.2	Mycotoxins — Total Aflatoxins (B1+B2+G1+G2)	2.2	µg/kg	1627/2026	23.04.2026	IPH	https://drive.google.com/file/d/1e5BgUBjGrnznzF23gXaK7IiaKrsFGGM4/view	Mycotoxins (Ph.Eur. 2.8.18) — Total aflatoxins (B1+B2+G1+G2)
59	2025-12	OPM122501	P060242	Orange Punch Mimosa	QCSP 001_OPM_v.02	Grade IV	OPM_THC10:CBD1	10.3	Mycotoxins — Ochratoxin A	ND µg/kg	µg/kg	197-19-М/26	10.08.2026	FARM	https://drive.google.com/file/d/19S4Xh9PCOIwTuTBRhi6fvnBjqJMpyge4/view	Ochratoxin A
59	2025-12	OPM122501	P060242	Orange Punch Mimosa	QCSP 001_OPM_v.02	Grade IV	OPM_THC10:CBD1	11.1	Heavy Metals — Lead (Pb)	0.049	mg/kg	1627/2026	23.04.2026	IPH	https://drive.google.com/file/d/1e5BgUBjGrnznzF23gXaK7IiaKrsFGGM4/view	Heavy metals (Ph.Eur. 2.4.27) — Lead (олово)
59	2025-12	OPM122501	P060242	Orange Punch Mimosa	QCSP 001_OPM_v.02	Grade IV	OPM_THC10:CBD1	11.2	Heavy Metals — Cadmium (Cd)	0.165	mg/kg	1627/2026	23.04.2026	IPH	https://drive.google.com/file/d/1e5BgUBjGrnznzF23gXaK7IiaKrsFGGM4/view	Heavy metals (Ph.Eur. 2.4.27) — Cadmium (кадмиум)
59	2025-12	OPM122501	P060242	Orange Punch Mimosa	QCSP 001_OPM_v.02	Grade IV	OPM_THC10:CBD1	11.3	Heavy Metals — Arsenic (As)	н.д.	mg/kg	1627/2026	23.04.2026	IPH	https://drive.google.com/file/d/1e5BgUBjGrnznzF23gXaK7IiaKrsFGGM4/view	Heavy metals (Ph.Eur. 2.4.27) — Arsenic (арсен)
59	2025-12	OPM122501	P060242	Orange Punch Mimosa	QCSP 001_OPM_v.02	Grade IV	OPM_THC10:CBD1	11.4	Heavy Metals — Mercury (Hg)	н.д.	mg/kg	1627/2026	23.04.2026	IPH	https://drive.google.com/file/d/1e5BgUBjGrnznzF23gXaK7IiaKrsFGGM4/view	Heavy metals (Ph.Eur. 2.4.27) — Mercury (жива)
59	2025-12	OPM122501	P060242	Orange Punch Mimosa	QCSP 001_OPM_v.02	Grade IV	OPM_THC10:CBD1	12	Pesticide Residues — multi-residue panel	Lindan (Gama HCH): н.д.; Aldrin: н.д.; Dieldrin и Aldrin (expressed as Dieldrin): н.д.; HCB: н.д.; 4,4' DDE: н.д.; 4,4' DDD: н.д.; 4,4' DDT: н.д.; вкупно DDT (total DDT): н.д.; delta HCH: н.д.; alpha HCH: н.д.; beta HCH: н.д.; Endrin: н.д.; Chlorpyrifos-methyl: н.д.; Chlorpyrifos: н.д.; Heptachlor (sum of Heptachlor + Heptachlor epoxide): н.д.; Endosulfan (alpha, beta and endosulfan sulfate): н.д.; Deltamethrin: н.д.; Chlordane (sum of cis- and trans-chlordane): н.д.; Metoxychlor: н.д.; Heptachlor epoxide: н.д.; Endrin aldehyde: н.д.; alpha Endosulfan: н.д.; beta Endosulfan: н.д.; Endrin keton: н.д.; trans-Chlordane: н.д.; cis-Chlordane: н.д.; Dieldrin: н.д.; Heptachlor: н.д.; Endosulfan sulfate: н.д.	—	1627/2026	23.04.2026	IPH	https://drive.google.com/file/d/1e5BgUBjGrnznzF23gXaK7IiaKrsFGGM4/view	multi-residue screen, per analyte
60	2026-01	CC012601/1	P060332	Cash Cow	QCSP 001_CC_v.02	Grade III	CC_THC18:CBD1	1	Macroscopic Identification (Test A)	Missing / not tested	—	—	—	—		—
60	2026-01	CC012601/1	P060332	Cash Cow	QCSP 001_CC_v.02	Grade III	CC_THC18:CBD1	2	Microscopic Identification (Test B)	Missing / not tested	—	—	—	—		—
60	2026-01	CC012601/1	P060332	Cash Cow	QCSP 001_CC_v.02	Grade III	CC_THC18:CBD1	3	HPTLC / Chromatographic Identification (Test C)	Missing / not tested	—	—	—	—		—
60	2026-01	CC012601/1	P060332	Cash Cow	QCSP 001_CC_v.02	Grade III	CC_THC18:CBD1	4	Assay — Total Δ⁹-THC	17.67	%	197-6-К/26	07.08.2026	FARM	https://drive.google.com/file/d/1i86I5tYl3_MgKFxQtY9FbKtfMxVrF4y6/view	Total Δ9-THC (Вкупно Δ9-THC, as Δ9-THC) — HPLC/DAD
60	2026-01	CC012601/1	P060332	Cash Cow	QCSP 001_CC_v.02	Grade III	CC_THC18:CBD1	5	Assay — Total CBD	<LOQ %w/w	%	197-6-К/26	07.08.2026	FARM	https://drive.google.com/file/d/1i86I5tYl3_MgKFxQtY9FbKtfMxVrF4y6/view	Total CBD (Вкупен CBD, as CBD) — HPLC/DAD
60	2026-01	CC012601/1	P060332	Cash Cow	QCSP 001_CC_v.02	Grade III	CC_THC18:CBD1	6	Total CBN	<LOQ %w/w	%	197-6-К/26	07.08.2026	FARM	https://drive.google.com/file/d/1i86I5tYl3_MgKFxQtY9FbKtfMxVrF4y6/view	Total CBN (Вкупен CBN) — HPLC/DAD
60	2026-01	CC012601/1	P060332	Cash Cow	QCSP 001_CC_v.02	Grade III	CC_THC18:CBD1	7	Foreign Matter	Missing / not tested	—	—	—	—		—
60	2026-01	CC012601/1	P060332	Cash Cow	QCSP 001_CC_v.02	Grade III	CC_THC18:CBD1	8	Loss on Drying	Missing / not tested	—	—	—	—		—
60	2026-01	CC012601/1	P060332	Cash Cow	QCSP 001_CC_v.02	Grade III	CC_THC18:CBD1	9.1	Microbiology — TAMC	Missing / not tested	—	—	—	—		—
60	2026-01	CC012601/1	P060332	Cash Cow	QCSP 001_CC_v.02	Grade III	CC_THC18:CBD1	9.2	Microbiology — TYMC	Missing / not tested	—	—	—	—		—
60	2026-01	CC012601/1	P060332	Cash Cow	QCSP 001_CC_v.02	Grade III	CC_THC18:CBD1	9.3	Microbiology — Bile-tolerant gram-negative	Missing / not tested	—	—	—	—		—
60	2026-01	CC012601/1	P060332	Cash Cow	QCSP 001_CC_v.02	Grade III	CC_THC18:CBD1	9.4	Microbiology — Salmonella	Missing / not tested	—	—	—	—		—
60	2026-01	CC012601/1	P060332	Cash Cow	QCSP 001_CC_v.02	Grade III	CC_THC18:CBD1	9.5	Microbiology — Escherichia coli	Missing / not tested	—	—	—	—		—
60	2026-01	CC012601/1	P060332	Cash Cow	QCSP 001_CC_v.02	Grade III	CC_THC18:CBD1	10.1	Mycotoxins — Aflatoxin B1	ND µg/kg	µg/kg	197-6-М/26	10.08.2026	FARM	https://drive.google.com/file/d/1RZtxOuLBGpiRkI0NG6cfTkx0iJtjm8pu/view	Aflatoxin B1
60	2026-01	CC012601/1	P060332	Cash Cow	QCSP 001_CC_v.02	Grade III	CC_THC18:CBD1	10.2	Mycotoxins — Total Aflatoxins (B1+B2+G1+G2)	ND µg/kg	µg/kg	197-6-М/26	10.08.2026	FARM	https://drive.google.com/file/d/1RZtxOuLBGpiRkI0NG6cfTkx0iJtjm8pu/view	Aflatoxin B2
60	2026-01	CC012601/1	P060332	Cash Cow	QCSP 001_CC_v.02	Grade III	CC_THC18:CBD1	10.2	Mycotoxins — Total Aflatoxins (B1+B2+G1+G2)	ND µg/kg	µg/kg	197-6-М/26	10.08.2026	FARM	https://drive.google.com/file/d/1RZtxOuLBGpiRkI0NG6cfTkx0iJtjm8pu/view	Aflatoxin G1
60	2026-01	CC012601/1	P060332	Cash Cow	QCSP 001_CC_v.02	Grade III	CC_THC18:CBD1	10.2	Mycotoxins — Total Aflatoxins (B1+B2+G1+G2)	ND µg/kg	µg/kg	197-6-М/26	10.08.2026	FARM	https://drive.google.com/file/d/1RZtxOuLBGpiRkI0NG6cfTkx0iJtjm8pu/view	Aflatoxin G2
60	2026-01	CC012601/1	P060332	Cash Cow	QCSP 001_CC_v.02	Grade III	CC_THC18:CBD1	10.2	Mycotoxins — Total Aflatoxins (B1+B2+G1+G2)	ND (all four aflatoxins not detected)	µg/kg	197-6-М/26	10.08.2026	FARM	https://drive.google.com/file/d/1RZtxOuLBGpiRkI0NG6cfTkx0iJtjm8pu/view	Sum aflatoxins B1+B2+G1+G2
60	2026-01	CC012601/1	P060332	Cash Cow	QCSP 001_CC_v.02	Grade III	CC_THC18:CBD1	10.3	Mycotoxins — Ochratoxin A	ND µg/kg	µg/kg	197-6-М/26	10.08.2026	FARM	https://drive.google.com/file/d/1RZtxOuLBGpiRkI0NG6cfTkx0iJtjm8pu/view	Ochratoxin A
60	2026-01	CC012601/1	P060332	Cash Cow	QCSP 001_CC_v.02	Grade III	CC_THC18:CBD1	11.1	Heavy Metals — Lead (Pb)	Missing / not tested	—	—	—	—		—
60	2026-01	CC012601/1	P060332	Cash Cow	QCSP 001_CC_v.02	Grade III	CC_THC18:CBD1	11.2	Heavy Metals — Cadmium (Cd)	Missing / not tested	—	—	—	—		—
60	2026-01	CC012601/1	P060332	Cash Cow	QCSP 001_CC_v.02	Grade III	CC_THC18:CBD1	11.3	Heavy Metals — Arsenic (As)	Missing / not tested	—	—	—	—		—
60	2026-01	CC012601/1	P060332	Cash Cow	QCSP 001_CC_v.02	Grade III	CC_THC18:CBD1	11.4	Heavy Metals — Mercury (Hg)	Missing / not tested	—	—	—	—		—
60	2026-01	CC012601/1	P060332	Cash Cow	QCSP 001_CC_v.02	Grade III	CC_THC18:CBD1	12	Pesticide Residues — multi-residue panel	Missing / not tested	—	—	—	—		—
61	2026-01	FB012601/1	P060322	Fat Bastard	QCSP 001_FB_v.02	Grade III	FB_THC16.5:CBD1	1	Macroscopic Identification (Test A)	Missing / not tested	—	—	—	—		—
61	2026-01	FB012601/1	P060322	Fat Bastard	QCSP 001_FB_v.02	Grade III	FB_THC16.5:CBD1	2	Microscopic Identification (Test B)	Missing / not tested	—	—	—	—		—
61	2026-01	FB012601/1	P060322	Fat Bastard	QCSP 001_FB_v.02	Grade III	FB_THC16.5:CBD1	3	HPTLC / Chromatographic Identification (Test C)	Missing / not tested	—	—	—	—		—
61	2026-01	FB012601/1	P060322	Fat Bastard	QCSP 001_FB_v.02	Grade III	FB_THC16.5:CBD1	4	Assay — Total Δ⁹-THC	14.68	%	ППК26067	11.05.2026	UKIM	https://drive.google.com/file/d/1NjYKCbogNtZRYaK37ka3vSlYQQYXM5sB/view	Total Δ9-THC
61	2026-01	FB012601/1	P060322	Fat Bastard	QCSP 001_FB_v.02	Grade III	FB_THC16.5:CBD1	5	Assay — Total CBD	0.04	%	ППК26067	11.05.2026	UKIM	https://drive.google.com/file/d/1NjYKCbogNtZRYaK37ka3vSlYQQYXM5sB/view	Total CBD
61	2026-01	FB012601/1	P060322	Fat Bastard	QCSP 001_FB_v.02	Grade III	FB_THC16.5:CBD1	6	Total CBN	Missing / not tested	—	—	—	—		—
61	2026-01	FB012601/1	P060322	Fat Bastard	QCSP 001_FB_v.02	Grade III	FB_THC16.5:CBD1	7	Foreign Matter	Missing / not tested	—	—	—	—		—
61	2026-01	FB012601/1	P060322	Fat Bastard	QCSP 001_FB_v.02	Grade III	FB_THC16.5:CBD1	8	Loss on Drying	7.67	%	ППК26067	11.05.2026	UKIM	https://drive.google.com/file/d/1NjYKCbogNtZRYaK37ka3vSlYQQYXM5sB/view	Loss on Drying
61	2026-01	FB012601/1	P060322	Fat Bastard	QCSP 001_FB_v.02	Grade III	FB_THC16.5:CBD1	9.1	Microbiology — TAMC	Missing / not tested	—	—	—	—		—
61	2026-01	FB012601/1	P060322	Fat Bastard	QCSP 001_FB_v.02	Grade III	FB_THC16.5:CBD1	9.2	Microbiology — TYMC	Missing / not tested	—	—	—	—		—
61	2026-01	FB012601/1	P060322	Fat Bastard	QCSP 001_FB_v.02	Grade III	FB_THC16.5:CBD1	9.3	Microbiology — Bile-tolerant gram-negative	Missing / not tested	—	—	—	—		—
61	2026-01	FB012601/1	P060322	Fat Bastard	QCSP 001_FB_v.02	Grade III	FB_THC16.5:CBD1	9.4	Microbiology — Salmonella	Missing / not tested	—	—	—	—		—
61	2026-01	FB012601/1	P060322	Fat Bastard	QCSP 001_FB_v.02	Grade III	FB_THC16.5:CBD1	9.5	Microbiology — Escherichia coli	Missing / not tested	—	—	—	—		—
61	2026-01	FB012601/1	P060322	Fat Bastard	QCSP 001_FB_v.02	Grade III	FB_THC16.5:CBD1	10.1	Mycotoxins — Aflatoxin B1	Missing / not tested	—	—	—	—		—
61	2026-01	FB012601/1	P060322	Fat Bastard	QCSP 001_FB_v.02	Grade III	FB_THC16.5:CBD1	10.2	Mycotoxins — Total Aflatoxins (B1+B2+G1+G2)	Missing / not tested	—	—	—	—		—
61	2026-01	FB012601/1	P060322	Fat Bastard	QCSP 001_FB_v.02	Grade III	FB_THC16.5:CBD1	10.3	Mycotoxins — Ochratoxin A	Missing / not tested	—	—	—	—		—
61	2026-01	FB012601/1	P060322	Fat Bastard	QCSP 001_FB_v.02	Grade III	FB_THC16.5:CBD1	11.1	Heavy Metals — Lead (Pb)	Missing / not tested	—	—	—	—		—
61	2026-01	FB012601/1	P060322	Fat Bastard	QCSP 001_FB_v.02	Grade III	FB_THC16.5:CBD1	11.2	Heavy Metals — Cadmium (Cd)	Missing / not tested	—	—	—	—		—
61	2026-01	FB012601/1	P060322	Fat Bastard	QCSP 001_FB_v.02	Grade III	FB_THC16.5:CBD1	11.3	Heavy Metals — Arsenic (As)	Missing / not tested	—	—	—	—		—
61	2026-01	FB012601/1	P060322	Fat Bastard	QCSP 001_FB_v.02	Grade III	FB_THC16.5:CBD1	11.4	Heavy Metals — Mercury (Hg)	Missing / not tested	—	—	—	—		—
61	2026-01	FB012601/1	P060322	Fat Bastard	QCSP 001_FB_v.02	Grade III	FB_THC16.5:CBD1	12	Pesticide Residues — multi-residue panel	Missing / not tested	—	—	—	—		—
62	2026-01	GG012601	P060302	Gorilla Glue	QCSP 001_GG_v.02	Grade III	GG_THC15:CBD1	1	Macroscopic Identification (Test A)	Missing / not tested	—	—	—	—		—
62	2026-01	GG012601	P060302	Gorilla Glue	QCSP 001_GG_v.02	Grade III	GG_THC15:CBD1	2	Microscopic Identification (Test B)	Missing / not tested	—	—	—	—		—
62	2026-01	GG012601	P060302	Gorilla Glue	QCSP 001_GG_v.02	Grade III	GG_THC15:CBD1	3	HPTLC / Chromatographic Identification (Test C)	Missing / not tested	—	—	—	—		—
62	2026-01	GG012601	P060302	Gorilla Glue	QCSP 001_GG_v.02	Grade III	GG_THC15:CBD1	4	Assay — Total Δ⁹-THC	15.35	%	ППК26062	11.05.2026	UKIM	https://drive.google.com/file/d/1rf4-UFK-BIfIBEB1l-93fAWLmFgS8O4K/view	Total Δ9-THC
62	2026-01	GG012601	P060302	Gorilla Glue	QCSP 001_GG_v.02	Grade III	GG_THC15:CBD1	5	Assay — Total CBD	0.06	%	ППК26062	11.05.2026	UKIM	https://drive.google.com/file/d/1rf4-UFK-BIfIBEB1l-93fAWLmFgS8O4K/view	Total CBD
62	2026-01	GG012601	P060302	Gorilla Glue	QCSP 001_GG_v.02	Grade III	GG_THC15:CBD1	6	Total CBN	Missing / not tested	—	—	—	—		—
62	2026-01	GG012601	P060302	Gorilla Glue	QCSP 001_GG_v.02	Grade III	GG_THC15:CBD1	7	Foreign Matter	Missing / not tested	—	—	—	—		—
62	2026-01	GG012601	P060302	Gorilla Glue	QCSP 001_GG_v.02	Grade III	GG_THC15:CBD1	8	Loss on Drying	6.13	%	ППК26062	11.05.2026	UKIM	https://drive.google.com/file/d/1rf4-UFK-BIfIBEB1l-93fAWLmFgS8O4K/view	Loss on Drying
62	2026-01	GG012601	P060302	Gorilla Glue	QCSP 001_GG_v.02	Grade III	GG_THC15:CBD1	9.1	Microbiology — TAMC	Missing / not tested	—	—	—	—		—
62	2026-01	GG012601	P060302	Gorilla Glue	QCSP 001_GG_v.02	Grade III	GG_THC15:CBD1	9.2	Microbiology — TYMC	Missing / not tested	—	—	—	—		—
62	2026-01	GG012601	P060302	Gorilla Glue	QCSP 001_GG_v.02	Grade III	GG_THC15:CBD1	9.3	Microbiology — Bile-tolerant gram-negative	Missing / not tested	—	—	—	—		—
62	2026-01	GG012601	P060302	Gorilla Glue	QCSP 001_GG_v.02	Grade III	GG_THC15:CBD1	9.4	Microbiology — Salmonella	Missing / not tested	—	—	—	—		—
62	2026-01	GG012601	P060302	Gorilla Glue	QCSP 001_GG_v.02	Grade III	GG_THC15:CBD1	9.5	Microbiology — Escherichia coli	Missing / not tested	—	—	—	—		—
62	2026-01	GG012601	P060302	Gorilla Glue	QCSP 001_GG_v.02	Grade III	GG_THC15:CBD1	10.1	Mycotoxins — Aflatoxin B1	Missing / not tested	—	—	—	—		—
62	2026-01	GG012601	P060302	Gorilla Glue	QCSP 001_GG_v.02	Grade III	GG_THC15:CBD1	10.2	Mycotoxins — Total Aflatoxins (B1+B2+G1+G2)	Missing / not tested	—	—	—	—		—
62	2026-01	GG012601	P060302	Gorilla Glue	QCSP 001_GG_v.02	Grade III	GG_THC15:CBD1	10.3	Mycotoxins — Ochratoxin A	Missing / not tested	—	—	—	—		—
62	2026-01	GG012601	P060302	Gorilla Glue	QCSP 001_GG_v.02	Grade III	GG_THC15:CBD1	11.1	Heavy Metals — Lead (Pb)	Missing / not tested	—	—	—	—		—
62	2026-01	GG012601	P060302	Gorilla Glue	QCSP 001_GG_v.02	Grade III	GG_THC15:CBD1	11.2	Heavy Metals — Cadmium (Cd)	Missing / not tested	—	—	—	—		—
62	2026-01	GG012601	P060302	Gorilla Glue	QCSP 001_GG_v.02	Grade III	GG_THC15:CBD1	11.3	Heavy Metals — Arsenic (As)	Missing / not tested	—	—	—	—		—
62	2026-01	GG012601	P060302	Gorilla Glue	QCSP 001_GG_v.02	Grade III	GG_THC15:CBD1	11.4	Heavy Metals — Mercury (Hg)	Missing / not tested	—	—	—	—		—
62	2026-01	GG012601	P060302	Gorilla Glue	QCSP 001_GG_v.02	Grade III	GG_THC15:CBD1	12	Pesticide Residues — multi-residue panel	Missing / not tested	—	—	—	—		—
63	2026-01	JD012601	P060312	Jelly Donutz	QCSP 001_JD_v.02	Grade III	JD_THC20:CBD1	1	Macroscopic Identification (Test A)	Missing / not tested	—	—	—	—		—
63	2026-01	JD012601	P060312	Jelly Donutz	QCSP 001_JD_v.02	Grade III	JD_THC20:CBD1	2	Microscopic Identification (Test B)	Missing / not tested	—	—	—	—		—
63	2026-01	JD012601	P060312	Jelly Donutz	QCSP 001_JD_v.02	Grade III	JD_THC20:CBD1	3	HPTLC / Chromatographic Identification (Test C)	Missing / not tested	—	—	—	—		—
63	2026-01	JD012601	P060312	Jelly Donutz	QCSP 001_JD_v.02	Grade III	JD_THC20:CBD1	4	Assay — Total Δ⁹-THC	18.16	%	ППК26064	11.05.2026	UKIM	https://drive.google.com/file/d/1q5vl0YY-vj__Rep2mPJKuytutL985HBq/view	Total Δ9-THC
63	2026-01	JD012601	P060312	Jelly Donutz	QCSP 001_JD_v.02	Grade III	JD_THC20:CBD1	5	Assay — Total CBD	0.06	%	ППК26064	11.05.2026	UKIM	https://drive.google.com/file/d/1q5vl0YY-vj__Rep2mPJKuytutL985HBq/view	Total CBD
63	2026-01	JD012601	P060312	Jelly Donutz	QCSP 001_JD_v.02	Grade III	JD_THC20:CBD1	6	Total CBN	Missing / not tested	—	—	—	—		—
63	2026-01	JD012601	P060312	Jelly Donutz	QCSP 001_JD_v.02	Grade III	JD_THC20:CBD1	7	Foreign Matter	Missing / not tested	—	—	—	—		—
63	2026-01	JD012601	P060312	Jelly Donutz	QCSP 001_JD_v.02	Grade III	JD_THC20:CBD1	8	Loss on Drying	6.68	%	ППК26064	11.05.2026	UKIM	https://drive.google.com/file/d/1q5vl0YY-vj__Rep2mPJKuytutL985HBq/view	Loss on Drying
63	2026-01	JD012601	P060312	Jelly Donutz	QCSP 001_JD_v.02	Grade III	JD_THC20:CBD1	9.1	Microbiology — TAMC	Missing / not tested	—	—	—	—		—
63	2026-01	JD012601	P060312	Jelly Donutz	QCSP 001_JD_v.02	Grade III	JD_THC20:CBD1	9.2	Microbiology — TYMC	Missing / not tested	—	—	—	—		—
63	2026-01	JD012601	P060312	Jelly Donutz	QCSP 001_JD_v.02	Grade III	JD_THC20:CBD1	9.3	Microbiology — Bile-tolerant gram-negative	Missing / not tested	—	—	—	—		—
63	2026-01	JD012601	P060312	Jelly Donutz	QCSP 001_JD_v.02	Grade III	JD_THC20:CBD1	9.4	Microbiology — Salmonella	Missing / not tested	—	—	—	—		—
63	2026-01	JD012601	P060312	Jelly Donutz	QCSP 001_JD_v.02	Grade III	JD_THC20:CBD1	9.5	Microbiology — Escherichia coli	Missing / not tested	—	—	—	—		—
63	2026-01	JD012601	P060312	Jelly Donutz	QCSP 001_JD_v.02	Grade III	JD_THC20:CBD1	10.1	Mycotoxins — Aflatoxin B1	Missing / not tested	—	—	—	—		—
63	2026-01	JD012601	P060312	Jelly Donutz	QCSP 001_JD_v.02	Grade III	JD_THC20:CBD1	10.2	Mycotoxins — Total Aflatoxins (B1+B2+G1+G2)	Missing / not tested	—	—	—	—		—
63	2026-01	JD012601	P060312	Jelly Donutz	QCSP 001_JD_v.02	Grade III	JD_THC20:CBD1	10.3	Mycotoxins — Ochratoxin A	Missing / not tested	—	—	—	—		—
63	2026-01	JD012601	P060312	Jelly Donutz	QCSP 001_JD_v.02	Grade III	JD_THC20:CBD1	11.1	Heavy Metals — Lead (Pb)	Missing / not tested	—	—	—	—		—
63	2026-01	JD012601	P060312	Jelly Donutz	QCSP 001_JD_v.02	Grade III	JD_THC20:CBD1	11.2	Heavy Metals — Cadmium (Cd)	Missing / not tested	—	—	—	—		—
63	2026-01	JD012601	P060312	Jelly Donutz	QCSP 001_JD_v.02	Grade III	JD_THC20:CBD1	11.3	Heavy Metals — Arsenic (As)	Missing / not tested	—	—	—	—		—
63	2026-01	JD012601	P060312	Jelly Donutz	QCSP 001_JD_v.02	Grade III	JD_THC20:CBD1	11.4	Heavy Metals — Mercury (Hg)	Missing / not tested	—	—	—	—		—
63	2026-01	JD012601	P060312	Jelly Donutz	QCSP 001_JD_v.02	Grade III	JD_THC20:CBD1	12	Pesticide Residues — multi-residue panel	Missing / not tested	—	—	—	—		—
64	2026-01	FB012602	P060352	Fat Bastard	QCSP 001_FB_v.02	Grade III	FB_THC16.5:CBD1	1	Macroscopic Identification (Test A)	Missing / not tested	—	—	—	—		—
64	2026-01	FB012602	P060352	Fat Bastard	QCSP 001_FB_v.02	Grade III	FB_THC16.5:CBD1	2	Microscopic Identification (Test B)	Missing / not tested	—	—	—	—		—
64	2026-01	FB012602	P060352	Fat Bastard	QCSP 001_FB_v.02	Grade III	FB_THC16.5:CBD1	3	HPTLC / Chromatographic Identification (Test C)	Missing / not tested	—	—	—	—		—
64	2026-01	FB012602	P060352	Fat Bastard	QCSP 001_FB_v.02	Grade III	FB_THC16.5:CBD1	4	Assay — Total Δ⁹-THC	18.86	%	197-7-К/26	07.08.2026	FARM	https://drive.google.com/file/d/19lm-miugDA04I5eEhXlTylJpBZoyGmQ_/view	Total Δ9-THC (Вкупно Δ9-THC, as Δ9-THC) — HPLC/DAD
64	2026-01	FB012602	P060352	Fat Bastard	QCSP 001_FB_v.02	Grade III	FB_THC16.5:CBD1	5	Assay — Total CBD	<LOQ %w/w	%	197-7-К/26	07.08.2026	FARM	https://drive.google.com/file/d/19lm-miugDA04I5eEhXlTylJpBZoyGmQ_/view	Total CBD (Вкупен CBD, as CBD) — HPLC/DAD
64	2026-01	FB012602	P060352	Fat Bastard	QCSP 001_FB_v.02	Grade III	FB_THC16.5:CBD1	6	Total CBN	0.22	%	197-7-К/26	07.08.2026	FARM	https://drive.google.com/file/d/19lm-miugDA04I5eEhXlTylJpBZoyGmQ_/view	Total CBN (Вкупен CBN) — HPLC/DAD
64	2026-01	FB012602	P060352	Fat Bastard	QCSP 001_FB_v.02	Grade III	FB_THC16.5:CBD1	7	Foreign Matter	Missing / not tested	—	—	—	—		—
64	2026-01	FB012602	P060352	Fat Bastard	QCSP 001_FB_v.02	Grade III	FB_THC16.5:CBD1	8	Loss on Drying	Missing / not tested	—	—	—	—		—
64	2026-01	FB012602	P060352	Fat Bastard	QCSP 001_FB_v.02	Grade III	FB_THC16.5:CBD1	9.1	Microbiology — TAMC	Missing / not tested	—	—	—	—		—
64	2026-01	FB012602	P060352	Fat Bastard	QCSP 001_FB_v.02	Grade III	FB_THC16.5:CBD1	9.2	Microbiology — TYMC	Missing / not tested	—	—	—	—		—
64	2026-01	FB012602	P060352	Fat Bastard	QCSP 001_FB_v.02	Grade III	FB_THC16.5:CBD1	9.3	Microbiology — Bile-tolerant gram-negative	Missing / not tested	—	—	—	—		—
64	2026-01	FB012602	P060352	Fat Bastard	QCSP 001_FB_v.02	Grade III	FB_THC16.5:CBD1	9.4	Microbiology — Salmonella	Missing / not tested	—	—	—	—		—
64	2026-01	FB012602	P060352	Fat Bastard	QCSP 001_FB_v.02	Grade III	FB_THC16.5:CBD1	9.5	Microbiology — Escherichia coli	Missing / not tested	—	—	—	—		—
64	2026-01	FB012602	P060352	Fat Bastard	QCSP 001_FB_v.02	Grade III	FB_THC16.5:CBD1	10.1	Mycotoxins — Aflatoxin B1	ND µg/kg	µg/kg	197-7-М/26	10.08.2026	FARM	https://drive.google.com/file/d/10atb89xk04ta_TbByfdGFNf_nyjOGDKG/view	Aflatoxin B1
64	2026-01	FB012602	P060352	Fat Bastard	QCSP 001_FB_v.02	Grade III	FB_THC16.5:CBD1	10.2	Mycotoxins — Total Aflatoxins (B1+B2+G1+G2)	ND µg/kg	µg/kg	197-7-М/26	10.08.2026	FARM	https://drive.google.com/file/d/10atb89xk04ta_TbByfdGFNf_nyjOGDKG/view	Aflatoxin B2
64	2026-01	FB012602	P060352	Fat Bastard	QCSP 001_FB_v.02	Grade III	FB_THC16.5:CBD1	10.2	Mycotoxins — Total Aflatoxins (B1+B2+G1+G2)	ND µg/kg	µg/kg	197-7-М/26	10.08.2026	FARM	https://drive.google.com/file/d/10atb89xk04ta_TbByfdGFNf_nyjOGDKG/view	Aflatoxin G1
64	2026-01	FB012602	P060352	Fat Bastard	QCSP 001_FB_v.02	Grade III	FB_THC16.5:CBD1	10.2	Mycotoxins — Total Aflatoxins (B1+B2+G1+G2)	ND µg/kg	µg/kg	197-7-М/26	10.08.2026	FARM	https://drive.google.com/file/d/10atb89xk04ta_TbByfdGFNf_nyjOGDKG/view	Aflatoxin G2
64	2026-01	FB012602	P060352	Fat Bastard	QCSP 001_FB_v.02	Grade III	FB_THC16.5:CBD1	10.2	Mycotoxins — Total Aflatoxins (B1+B2+G1+G2)	ND (all four aflatoxins not detected)	µg/kg	197-7-М/26	10.08.2026	FARM	https://drive.google.com/file/d/10atb89xk04ta_TbByfdGFNf_nyjOGDKG/view	Sum aflatoxins B1+B2+G1+G2
64	2026-01	FB012602	P060352	Fat Bastard	QCSP 001_FB_v.02	Grade III	FB_THC16.5:CBD1	10.3	Mycotoxins — Ochratoxin A	ND µg/kg	µg/kg	197-7-М/26	10.08.2026	FARM	https://drive.google.com/file/d/10atb89xk04ta_TbByfdGFNf_nyjOGDKG/view	Ochratoxin A
64	2026-01	FB012602	P060352	Fat Bastard	QCSP 001_FB_v.02	Grade III	FB_THC16.5:CBD1	11.1	Heavy Metals — Lead (Pb)	Missing / not tested	—	—	—	—		—
64	2026-01	FB012602	P060352	Fat Bastard	QCSP 001_FB_v.02	Grade III	FB_THC16.5:CBD1	11.2	Heavy Metals — Cadmium (Cd)	Missing / not tested	—	—	—	—		—
64	2026-01	FB012602	P060352	Fat Bastard	QCSP 001_FB_v.02	Grade III	FB_THC16.5:CBD1	11.3	Heavy Metals — Arsenic (As)	Missing / not tested	—	—	—	—		—
64	2026-01	FB012602	P060352	Fat Bastard	QCSP 001_FB_v.02	Grade III	FB_THC16.5:CBD1	11.4	Heavy Metals — Mercury (Hg)	Missing / not tested	—	—	—	—		—
64	2026-01	FB012602	P060352	Fat Bastard	QCSP 001_FB_v.02	Grade III	FB_THC16.5:CBD1	12	Pesticide Residues — multi-residue panel	Missing / not tested	—	—	—	—		—
65	2026-01	FB012603	—	Fat Bastard	QCSP 001_FB_v.02	Grade II	FB_THC22:CBD1	1	Macroscopic Identification (Test A)	Missing / not tested	—	—	—	—		—
65	2026-01	FB012603	—	Fat Bastard	QCSP 001_FB_v.02	Grade II	FB_THC22:CBD1	2	Microscopic Identification (Test B)	Missing / not tested	—	—	—	—		—
65	2026-01	FB012603	—	Fat Bastard	QCSP 001_FB_v.02	Grade II	FB_THC22:CBD1	3	HPTLC / Chromatographic Identification (Test C)	Conforms / Одговара	—	ППК26112	30.06.2026	UKIM	https://drive.google.com/file/d/1_EWukywHdMz5-gkzza3KExwrs3pEyYhd/view	Identification (macroscopy + microscopy)
65	2026-01	FB012603	—	Fat Bastard	QCSP 001_FB_v.02	Grade II	FB_THC22:CBD1	4	Assay — Total Δ⁹-THC	20.83	%	ППК26112	30.06.2026	UKIM	https://drive.google.com/file/d/1_EWukywHdMz5-gkzza3KExwrs3pEyYhd/view	Total Δ9-THC (as Δ9-THC)
65	2026-01	FB012603	—	Fat Bastard	QCSP 001_FB_v.02	Grade II	FB_THC22:CBD1	5	Assay — Total CBD	0.21	%	ППК26112	30.06.2026	UKIM	https://drive.google.com/file/d/1_EWukywHdMz5-gkzza3KExwrs3pEyYhd/view	Total CBD (as CBD)
65	2026-01	FB012603	—	Fat Bastard	QCSP 001_FB_v.02	Grade II	FB_THC22:CBD1	6	Total CBN	0.06	%	ППК26112	30.06.2026	UKIM	https://drive.google.com/file/d/1_EWukywHdMz5-gkzza3KExwrs3pEyYhd/view	Total CBN
65	2026-01	FB012603	—	Fat Bastard	QCSP 001_FB_v.02	Grade II	FB_THC22:CBD1	7	Foreign Matter	Conforms (no seed, no leaves >1cm)	%	ППК26112	30.06.2026	UKIM	https://drive.google.com/file/d/1_EWukywHdMz5-gkzza3KExwrs3pEyYhd/view	Foreign matter (Ph.Eur. 2.8.2)
65	2026-01	FB012603	—	Fat Bastard	QCSP 001_FB_v.02	Grade II	FB_THC22:CBD1	8	Loss on Drying	7.04	%	ППК26112	30.06.2026	UKIM	https://drive.google.com/file/d/1_EWukywHdMz5-gkzza3KExwrs3pEyYhd/view	Loss on drying (Ph.Eur. 2.2.32)
65	2026-01	FB012603	—	Fat Bastard	QCSP 001_FB_v.02	Grade II	FB_THC22:CBD1	9.1	Microbiology — TAMC	Missing / not tested	—	—	—	—		—
65	2026-01	FB012603	—	Fat Bastard	QCSP 001_FB_v.02	Grade II	FB_THC22:CBD1	9.2	Microbiology — TYMC	Missing / not tested	—	—	—	—		—
65	2026-01	FB012603	—	Fat Bastard	QCSP 001_FB_v.02	Grade II	FB_THC22:CBD1	9.3	Microbiology — Bile-tolerant gram-negative	Missing / not tested	—	—	—	—		—
65	2026-01	FB012603	—	Fat Bastard	QCSP 001_FB_v.02	Grade II	FB_THC22:CBD1	9.4	Microbiology — Salmonella	Missing / not tested	—	—	—	—		—
65	2026-01	FB012603	—	Fat Bastard	QCSP 001_FB_v.02	Grade II	FB_THC22:CBD1	9.5	Microbiology — Escherichia coli	Missing / not tested	—	—	—	—		—
65	2026-01	FB012603	—	Fat Bastard	QCSP 001_FB_v.02	Grade II	FB_THC22:CBD1	10.1	Mycotoxins — Aflatoxin B1	Missing / not tested	—	—	—	—		—
65	2026-01	FB012603	—	Fat Bastard	QCSP 001_FB_v.02	Grade II	FB_THC22:CBD1	10.2	Mycotoxins — Total Aflatoxins (B1+B2+G1+G2)	Missing / not tested	—	—	—	—		—
65	2026-01	FB012603	—	Fat Bastard	QCSP 001_FB_v.02	Grade II	FB_THC22:CBD1	10.3	Mycotoxins — Ochratoxin A	Missing / not tested	—	—	—	—		—
65	2026-01	FB012603	—	Fat Bastard	QCSP 001_FB_v.02	Grade II	FB_THC22:CBD1	11.1	Heavy Metals — Lead (Pb)	Missing / not tested	—	—	—	—		—
65	2026-01	FB012603	—	Fat Bastard	QCSP 001_FB_v.02	Grade II	FB_THC22:CBD1	11.2	Heavy Metals — Cadmium (Cd)	Missing / not tested	—	—	—	—		—
65	2026-01	FB012603	—	Fat Bastard	QCSP 001_FB_v.02	Grade II	FB_THC22:CBD1	11.3	Heavy Metals — Arsenic (As)	Missing / not tested	—	—	—	—		—
65	2026-01	FB012603	—	Fat Bastard	QCSP 001_FB_v.02	Grade II	FB_THC22:CBD1	11.4	Heavy Metals — Mercury (Hg)	Missing / not tested	—	—	—	—		—
65	2026-01	FB012603	—	Fat Bastard	QCSP 001_FB_v.02	Grade II	FB_THC22:CBD1	12	Pesticide Residues — multi-residue panel	Missing / not tested	—	—	—	—		—
66	2026-01	FB012603V	P060392	Fat Bastard	QCSP 001_FB_v.02	Grade III	FB_THC16.5:CBD1	1	Macroscopic Identification (Test A)	Missing / not tested	—	—	—	—		—
66	2026-01	FB012603V	P060392	Fat Bastard	QCSP 001_FB_v.02	Grade III	FB_THC16.5:CBD1	2	Microscopic Identification (Test B)	Missing / not tested	—	—	—	—		—
66	2026-01	FB012603V	P060392	Fat Bastard	QCSP 001_FB_v.02	Grade III	FB_THC16.5:CBD1	3	HPTLC / Chromatographic Identification (Test C)	Conforms / Одговара	—	ППК26110	30.06.2026	UKIM	https://drive.google.com/file/d/1YN5ICYWH1tgf7aW8vTercJksilEOGZLg/view	Identification (macroscopy + microscopy)
66	2026-01	FB012603V	P060392	Fat Bastard	QCSP 001_FB_v.02	Grade III	FB_THC16.5:CBD1	4	Assay — Total Δ⁹-THC	18.29	%	ППК26110	30.06.2026	UKIM	https://drive.google.com/file/d/1YN5ICYWH1tgf7aW8vTercJksilEOGZLg/view	Total Δ9-THC, as Δ9-THC (Ph.Eur. 2.2.29)
66	2026-01	FB012603V	P060392	Fat Bastard	QCSP 001_FB_v.02	Grade III	FB_THC16.5:CBD1	5	Assay — Total CBD	0.16	%	ППК26110	30.06.2026	UKIM	https://drive.google.com/file/d/1YN5ICYWH1tgf7aW8vTercJksilEOGZLg/view	Total CBD, as CBD (Ph.Eur. 2.2.29)
66	2026-01	FB012603V	P060392	Fat Bastard	QCSP 001_FB_v.02	Grade III	FB_THC16.5:CBD1	6	Total CBN	0.06	%	ППК26110	30.06.2026	UKIM	https://drive.google.com/file/d/1YN5ICYWH1tgf7aW8vTercJksilEOGZLg/view	Total CBN (Ph.Eur. 2.2.29)
66	2026-01	FB012603V	P060392	Fat Bastard	QCSP 001_FB_v.02	Grade III	FB_THC16.5:CBD1	7	Foreign Matter	/ (Conforms; no seed, no leaves >1 cm)	%	ППК26110	30.06.2026	UKIM	https://drive.google.com/file/d/1YN5ICYWH1tgf7aW8vTercJksilEOGZLg/view	Foreign matter (Страни материи)
66	2026-01	FB012603V	P060392	Fat Bastard	QCSP 001_FB_v.02	Grade III	FB_THC16.5:CBD1	8	Loss on Drying	6.36	%	ППК26110	30.06.2026	UKIM	https://drive.google.com/file/d/1YN5ICYWH1tgf7aW8vTercJksilEOGZLg/view	Loss on drying / Губиток со сушење (Ph.Eur. 2.2.32)
66	2026-01	FB012603V	P060392	Fat Bastard	QCSP 001_FB_v.02	Grade III	FB_THC16.5:CBD1	9.1	Microbiology — TAMC	Missing / not tested	—	—	—	—		—
66	2026-01	FB012603V	P060392	Fat Bastard	QCSP 001_FB_v.02	Grade III	FB_THC16.5:CBD1	9.2	Microbiology — TYMC	Missing / not tested	—	—	—	—		—
66	2026-01	FB012603V	P060392	Fat Bastard	QCSP 001_FB_v.02	Grade III	FB_THC16.5:CBD1	9.3	Microbiology — Bile-tolerant gram-negative	Missing / not tested	—	—	—	—		—
66	2026-01	FB012603V	P060392	Fat Bastard	QCSP 001_FB_v.02	Grade III	FB_THC16.5:CBD1	9.4	Microbiology — Salmonella	Missing / not tested	—	—	—	—		—
66	2026-01	FB012603V	P060392	Fat Bastard	QCSP 001_FB_v.02	Grade III	FB_THC16.5:CBD1	9.5	Microbiology — Escherichia coli	Missing / not tested	—	—	—	—		—
66	2026-01	FB012603V	P060392	Fat Bastard	QCSP 001_FB_v.02	Grade III	FB_THC16.5:CBD1	10.1	Mycotoxins — Aflatoxin B1	Missing / not tested	—	—	—	—		—
66	2026-01	FB012603V	P060392	Fat Bastard	QCSP 001_FB_v.02	Grade III	FB_THC16.5:CBD1	10.2	Mycotoxins — Total Aflatoxins (B1+B2+G1+G2)	Missing / not tested	—	—	—	—		—
66	2026-01	FB012603V	P060392	Fat Bastard	QCSP 001_FB_v.02	Grade III	FB_THC16.5:CBD1	10.3	Mycotoxins — Ochratoxin A	Missing / not tested	—	—	—	—		—
66	2026-01	FB012603V	P060392	Fat Bastard	QCSP 001_FB_v.02	Grade III	FB_THC16.5:CBD1	11.1	Heavy Metals — Lead (Pb)	Missing / not tested	—	—	—	—		—
66	2026-01	FB012603V	P060392	Fat Bastard	QCSP 001_FB_v.02	Grade III	FB_THC16.5:CBD1	11.2	Heavy Metals — Cadmium (Cd)	Missing / not tested	—	—	—	—		—
66	2026-01	FB012603V	P060392	Fat Bastard	QCSP 001_FB_v.02	Grade III	FB_THC16.5:CBD1	11.3	Heavy Metals — Arsenic (As)	Missing / not tested	—	—	—	—		—
66	2026-01	FB012603V	P060392	Fat Bastard	QCSP 001_FB_v.02	Grade III	FB_THC16.5:CBD1	11.4	Heavy Metals — Mercury (Hg)	Missing / not tested	—	—	—	—		—
66	2026-01	FB012603V	P060392	Fat Bastard	QCSP 001_FB_v.02	Grade III	FB_THC16.5:CBD1	12	Pesticide Residues — multi-residue panel	Missing / not tested	—	—	—	—		—
67	2026-01	GG012603	P060402	Gorilla Glue	QCSP 001_GG_v.02	Grade III	GG_THC15:CBD1	1	Macroscopic Identification (Test A)	Missing / not tested	—	—	—	—		—
67	2026-01	GG012603	P060402	Gorilla Glue	QCSP 001_GG_v.02	Grade III	GG_THC15:CBD1	2	Microscopic Identification (Test B)	Missing / not tested	—	—	—	—		—
67	2026-01	GG012603	P060402	Gorilla Glue	QCSP 001_GG_v.02	Grade III	GG_THC15:CBD1	3	HPTLC / Chromatographic Identification (Test C)	Conforms / Одговара	—	ППК26114	30.06.2026	UKIM	https://drive.google.com/file/d/17Pfvt193-4uJ6aiIPbtWDuwq9lPQkXTH/view	Identification (macroscopy + microscopy)
67	2026-01	GG012603	P060402	Gorilla Glue	QCSP 001_GG_v.02	Grade III	GG_THC15:CBD1	4	Assay — Total Δ⁹-THC	16.70	%	197-8-К/26	07.08.2026	FARM	https://drive.google.com/file/d/15WnXEUvZoJO0jEfGAskFYRh3eG1UTsiT/view	Total Δ9-THC (Вкупно Δ9-THC, as Δ9-THC) — HPLC/DAD
67	2026-01	GG012603	P060402	Gorilla Glue	QCSP 001_GG_v.02	Grade III	GG_THC15:CBD1	4	Assay — Total Δ⁹-THC	17.59	%	ППК26114	30.06.2026	UKIM	https://drive.google.com/file/d/17Pfvt193-4uJ6aiIPbtWDuwq9lPQkXTH/view	Total Δ9-THC, as Δ9-THC (Ph.Eur. 2.2.29)
67	2026-01	GG012603	P060402	Gorilla Glue	QCSP 001_GG_v.02	Grade III	GG_THC15:CBD1	5	Assay — Total CBD	<LOQ %w/w	%	197-8-К/26	07.08.2026	FARM	https://drive.google.com/file/d/15WnXEUvZoJO0jEfGAskFYRh3eG1UTsiT/view	Total CBD (Вкупен CBD, as CBD) — HPLC/DAD
67	2026-01	GG012603	P060402	Gorilla Glue	QCSP 001_GG_v.02	Grade III	GG_THC15:CBD1	5	Assay — Total CBD	0.05	%	ППК26114	30.06.2026	UKIM	https://drive.google.com/file/d/17Pfvt193-4uJ6aiIPbtWDuwq9lPQkXTH/view	Total CBD, as CBD (Ph.Eur. 2.2.29)
67	2026-01	GG012603	P060402	Gorilla Glue	QCSP 001_GG_v.02	Grade III	GG_THC15:CBD1	6	Total CBN	<LOQ %w/w	%	197-8-К/26	07.08.2026	FARM	https://drive.google.com/file/d/15WnXEUvZoJO0jEfGAskFYRh3eG1UTsiT/view	Total CBN (Вкупен CBN) — HPLC/DAD
67	2026-01	GG012603	P060402	Gorilla Glue	QCSP 001_GG_v.02	Grade III	GG_THC15:CBD1	6	Total CBN	0.15	%	ППК26114	30.06.2026	UKIM	https://drive.google.com/file/d/17Pfvt193-4uJ6aiIPbtWDuwq9lPQkXTH/view	Total CBN (Ph.Eur. 2.2.29)
67	2026-01	GG012603	P060402	Gorilla Glue	QCSP 001_GG_v.02	Grade III	GG_THC15:CBD1	7	Foreign Matter	0.09% (Conforms)	%	ППК26114	30.06.2026	UKIM	https://drive.google.com/file/d/17Pfvt193-4uJ6aiIPbtWDuwq9lPQkXTH/view	Foreign matter (Страни материи)
67	2026-01	GG012603	P060402	Gorilla Glue	QCSP 001_GG_v.02	Grade III	GG_THC15:CBD1	8	Loss on Drying	6.48	%	ППК26114	30.06.2026	UKIM	https://drive.google.com/file/d/17Pfvt193-4uJ6aiIPbtWDuwq9lPQkXTH/view	Loss on drying / Губиток со сушење (Ph.Eur. 2.2.32)
67	2026-01	GG012603	P060402	Gorilla Glue	QCSP 001_GG_v.02	Grade III	GG_THC15:CBD1	9.1	Microbiology — TAMC	Missing / not tested	—	—	—	—		—
67	2026-01	GG012603	P060402	Gorilla Glue	QCSP 001_GG_v.02	Grade III	GG_THC15:CBD1	9.2	Microbiology — TYMC	Missing / not tested	—	—	—	—		—
67	2026-01	GG012603	P060402	Gorilla Glue	QCSP 001_GG_v.02	Grade III	GG_THC15:CBD1	9.3	Microbiology — Bile-tolerant gram-negative	Missing / not tested	—	—	—	—		—
67	2026-01	GG012603	P060402	Gorilla Glue	QCSP 001_GG_v.02	Grade III	GG_THC15:CBD1	9.4	Microbiology — Salmonella	Missing / not tested	—	—	—	—		—
67	2026-01	GG012603	P060402	Gorilla Glue	QCSP 001_GG_v.02	Grade III	GG_THC15:CBD1	9.5	Microbiology — Escherichia coli	Missing / not tested	—	—	—	—		—
67	2026-01	GG012603	P060402	Gorilla Glue	QCSP 001_GG_v.02	Grade III	GG_THC15:CBD1	10.1	Mycotoxins — Aflatoxin B1	ND µg/kg	µg/kg	197-8-М/26	10.08.2026	FARM	https://drive.google.com/file/d/1KaQhZ1sVngqKn4GL6bsmY0aT6gt_DyED/view	Aflatoxin B1
67	2026-01	GG012603	P060402	Gorilla Glue	QCSP 001_GG_v.02	Grade III	GG_THC15:CBD1	10.2	Mycotoxins — Total Aflatoxins (B1+B2+G1+G2)	ND µg/kg	µg/kg	197-8-М/26	10.08.2026	FARM	https://drive.google.com/file/d/1KaQhZ1sVngqKn4GL6bsmY0aT6gt_DyED/view	Aflatoxin B2
67	2026-01	GG012603	P060402	Gorilla Glue	QCSP 001_GG_v.02	Grade III	GG_THC15:CBD1	10.2	Mycotoxins — Total Aflatoxins (B1+B2+G1+G2)	ND µg/kg	µg/kg	197-8-М/26	10.08.2026	FARM	https://drive.google.com/file/d/1KaQhZ1sVngqKn4GL6bsmY0aT6gt_DyED/view	Aflatoxin G1
67	2026-01	GG012603	P060402	Gorilla Glue	QCSP 001_GG_v.02	Grade III	GG_THC15:CBD1	10.2	Mycotoxins — Total Aflatoxins (B1+B2+G1+G2)	ND µg/kg	µg/kg	197-8-М/26	10.08.2026	FARM	https://drive.google.com/file/d/1KaQhZ1sVngqKn4GL6bsmY0aT6gt_DyED/view	Aflatoxin G2
67	2026-01	GG012603	P060402	Gorilla Glue	QCSP 001_GG_v.02	Grade III	GG_THC15:CBD1	10.2	Mycotoxins — Total Aflatoxins (B1+B2+G1+G2)	ND (all four aflatoxins not detected)	µg/kg	197-8-М/26	10.08.2026	FARM	https://drive.google.com/file/d/1KaQhZ1sVngqKn4GL6bsmY0aT6gt_DyED/view	Sum aflatoxins B1+B2+G1+G2
67	2026-01	GG012603	P060402	Gorilla Glue	QCSP 001_GG_v.02	Grade III	GG_THC15:CBD1	10.3	Mycotoxins — Ochratoxin A	ND µg/kg	µg/kg	197-8-М/26	10.08.2026	FARM	https://drive.google.com/file/d/1KaQhZ1sVngqKn4GL6bsmY0aT6gt_DyED/view	Ochratoxin A
67	2026-01	GG012603	P060402	Gorilla Glue	QCSP 001_GG_v.02	Grade III	GG_THC15:CBD1	11.1	Heavy Metals — Lead (Pb)	Missing / not tested	—	—	—	—		—
67	2026-01	GG012603	P060402	Gorilla Glue	QCSP 001_GG_v.02	Grade III	GG_THC15:CBD1	11.2	Heavy Metals — Cadmium (Cd)	Missing / not tested	—	—	—	—		—
67	2026-01	GG012603	P060402	Gorilla Glue	QCSP 001_GG_v.02	Grade III	GG_THC15:CBD1	11.3	Heavy Metals — Arsenic (As)	Missing / not tested	—	—	—	—		—
67	2026-01	GG012603	P060402	Gorilla Glue	QCSP 001_GG_v.02	Grade III	GG_THC15:CBD1	11.4	Heavy Metals — Mercury (Hg)	Missing / not tested	—	—	—	—		—
67	2026-01	GG012603	P060402	Gorilla Glue	QCSP 001_GG_v.02	Grade III	GG_THC15:CBD1	12	Pesticide Residues — multi-residue panel	Missing / not tested	—	—	—	—		—
68	2026-01	JD012603/2	P060412	Jelly Donutz	QCSP 001_JD_v.02	Grade III	JD_THC20:CBD1	1	Macroscopic Identification (Test A)	Missing / not tested	—	—	—	—		—
68	2026-01	JD012603/2	P060412	Jelly Donutz	QCSP 001_JD_v.02	Grade III	JD_THC20:CBD1	2	Microscopic Identification (Test B)	Missing / not tested	—	—	—	—		—
68	2026-01	JD012603/2	P060412	Jelly Donutz	QCSP 001_JD_v.02	Grade III	JD_THC20:CBD1	3	HPTLC / Chromatographic Identification (Test C)	Conforms / Одговара	—	ППК26113	30.06.2026	UKIM	https://drive.google.com/file/d/1AnpaG5lEh7fov6kIVSrM430xlyujNKRz/view	Identification (macroscopy + microscopy)
68	2026-01	JD012603/2	P060412	Jelly Donutz	QCSP 001_JD_v.02	Grade III	JD_THC20:CBD1	4	Assay — Total Δ⁹-THC	20.54	%	ППК26113	30.06.2026	UKIM	https://drive.google.com/file/d/1AnpaG5lEh7fov6kIVSrM430xlyujNKRz/view	Total Δ9-THC, as Δ9-THC (Ph.Eur. 2.2.29)
68	2026-01	JD012603/2	P060412	Jelly Donutz	QCSP 001_JD_v.02	Grade III	JD_THC20:CBD1	5	Assay — Total CBD	0.05	%	ППК26113	30.06.2026	UKIM	https://drive.google.com/file/d/1AnpaG5lEh7fov6kIVSrM430xlyujNKRz/view	Total CBD, as CBD (Ph.Eur. 2.2.29)
68	2026-01	JD012603/2	P060412	Jelly Donutz	QCSP 001_JD_v.02	Grade III	JD_THC20:CBD1	6	Total CBN	0.05	%	ППК26113	30.06.2026	UKIM	https://drive.google.com/file/d/1AnpaG5lEh7fov6kIVSrM430xlyujNKRz/view	Total CBN (Ph.Eur. 2.2.29)
68	2026-01	JD012603/2	P060412	Jelly Donutz	QCSP 001_JD_v.02	Grade III	JD_THC20:CBD1	7	Foreign Matter	/ (Conforms; no seed, no leaves >1 cm)	%	ППК26113	30.06.2026	UKIM	https://drive.google.com/file/d/1AnpaG5lEh7fov6kIVSrM430xlyujNKRz/view	Foreign matter (Страни материи)
68	2026-01	JD012603/2	P060412	Jelly Donutz	QCSP 001_JD_v.02	Grade III	JD_THC20:CBD1	8	Loss on Drying	7.52	%	ППК26113	30.06.2026	UKIM	https://drive.google.com/file/d/1AnpaG5lEh7fov6kIVSrM430xlyujNKRz/view	Loss on drying / Губиток со сушење (Ph.Eur. 2.2.32)
68	2026-01	JD012603/2	P060412	Jelly Donutz	QCSP 001_JD_v.02	Grade III	JD_THC20:CBD1	9.1	Microbiology — TAMC	Missing / not tested	—	—	—	—		—
68	2026-01	JD012603/2	P060412	Jelly Donutz	QCSP 001_JD_v.02	Grade III	JD_THC20:CBD1	9.2	Microbiology — TYMC	Missing / not tested	—	—	—	—		—
68	2026-01	JD012603/2	P060412	Jelly Donutz	QCSP 001_JD_v.02	Grade III	JD_THC20:CBD1	9.3	Microbiology — Bile-tolerant gram-negative	Missing / not tested	—	—	—	—		—
68	2026-01	JD012603/2	P060412	Jelly Donutz	QCSP 001_JD_v.02	Grade III	JD_THC20:CBD1	9.4	Microbiology — Salmonella	Missing / not tested	—	—	—	—		—
68	2026-01	JD012603/2	P060412	Jelly Donutz	QCSP 001_JD_v.02	Grade III	JD_THC20:CBD1	9.5	Microbiology — Escherichia coli	Missing / not tested	—	—	—	—		—
68	2026-01	JD012603/2	P060412	Jelly Donutz	QCSP 001_JD_v.02	Grade III	JD_THC20:CBD1	10.1	Mycotoxins — Aflatoxin B1	Missing / not tested	—	—	—	—		—
68	2026-01	JD012603/2	P060412	Jelly Donutz	QCSP 001_JD_v.02	Grade III	JD_THC20:CBD1	10.2	Mycotoxins — Total Aflatoxins (B1+B2+G1+G2)	Missing / not tested	—	—	—	—		—
68	2026-01	JD012603/2	P060412	Jelly Donutz	QCSP 001_JD_v.02	Grade III	JD_THC20:CBD1	10.3	Mycotoxins — Ochratoxin A	Missing / not tested	—	—	—	—		—
68	2026-01	JD012603/2	P060412	Jelly Donutz	QCSP 001_JD_v.02	Grade III	JD_THC20:CBD1	11.1	Heavy Metals — Lead (Pb)	Missing / not tested	—	—	—	—		—
68	2026-01	JD012603/2	P060412	Jelly Donutz	QCSP 001_JD_v.02	Grade III	JD_THC20:CBD1	11.2	Heavy Metals — Cadmium (Cd)	Missing / not tested	—	—	—	—		—
68	2026-01	JD012603/2	P060412	Jelly Donutz	QCSP 001_JD_v.02	Grade III	JD_THC20:CBD1	11.3	Heavy Metals — Arsenic (As)	Missing / not tested	—	—	—	—		—
68	2026-01	JD012603/2	P060412	Jelly Donutz	QCSP 001_JD_v.02	Grade III	JD_THC20:CBD1	11.4	Heavy Metals — Mercury (Hg)	Missing / not tested	—	—	—	—		—
68	2026-01	JD012603/2	P060412	Jelly Donutz	QCSP 001_JD_v.02	Grade III	JD_THC20:CBD1	12	Pesticide Residues — multi-residue panel	Missing / not tested	—	—	—	—		—
69	2026-01	JD012603/2V	P060422	Jelly Donutz	QCSP 001_JD_v.02	Grade IV	JD_THC15:CBD1	1	Macroscopic Identification (Test A)	Missing / not tested	—	—	—	—		—
69	2026-01	JD012603/2V	P060422	Jelly Donutz	QCSP 001_JD_v.02	Grade IV	JD_THC15:CBD1	2	Microscopic Identification (Test B)	Missing / not tested	—	—	—	—		—
69	2026-01	JD012603/2V	P060422	Jelly Donutz	QCSP 001_JD_v.02	Grade IV	JD_THC15:CBD1	3	HPTLC / Chromatographic Identification (Test C)	Conforms / Одговара	—	ППК26111	30.06.2026	UKIM	https://drive.google.com/file/d/1ePCAK06kE1RUz7ih4bMvmR3xIEf9wReS/view	Identification (macroscopy + microscopy)
69	2026-01	JD012603/2V	P060422	Jelly Donutz	QCSP 001_JD_v.02	Grade IV	JD_THC15:CBD1	4	Assay — Total Δ⁹-THC	15.16	%	ППК26111	30.06.2026	UKIM	https://drive.google.com/file/d/1ePCAK06kE1RUz7ih4bMvmR3xIEf9wReS/view	Total Δ9-THC, as Δ9-THC (Ph.Eur. 2.2.29)
69	2026-01	JD012603/2V	P060422	Jelly Donutz	QCSP 001_JD_v.02	Grade IV	JD_THC15:CBD1	5	Assay — Total CBD	BLQ (below limit of quantification)%	%	ППК26111	30.06.2026	UKIM	https://drive.google.com/file/d/1ePCAK06kE1RUz7ih4bMvmR3xIEf9wReS/view	Total CBD, as CBD (Ph.Eur. 2.2.29)
69	2026-01	JD012603/2V	P060422	Jelly Donutz	QCSP 001_JD_v.02	Grade IV	JD_THC15:CBD1	6	Total CBN	0.04	%	ППК26111	30.06.2026	UKIM	https://drive.google.com/file/d/1ePCAK06kE1RUz7ih4bMvmR3xIEf9wReS/view	Total CBN (Ph.Eur. 2.2.29)
69	2026-01	JD012603/2V	P060422	Jelly Donutz	QCSP 001_JD_v.02	Grade IV	JD_THC15:CBD1	7	Foreign Matter	/ (Conforms; no seed, no leaves >1 cm)	%	ППК26111	30.06.2026	UKIM	https://drive.google.com/file/d/1ePCAK06kE1RUz7ih4bMvmR3xIEf9wReS/view	Foreign matter (Страни материи)
69	2026-01	JD012603/2V	P060422	Jelly Donutz	QCSP 001_JD_v.02	Grade IV	JD_THC15:CBD1	8	Loss on Drying	7.04	%	ППК26111	30.06.2026	UKIM	https://drive.google.com/file/d/1ePCAK06kE1RUz7ih4bMvmR3xIEf9wReS/view	Loss on drying / Губиток со сушење (Ph.Eur. 2.2.32)
69	2026-01	JD012603/2V	P060422	Jelly Donutz	QCSP 001_JD_v.02	Grade IV	JD_THC15:CBD1	9.1	Microbiology — TAMC	Missing / not tested	—	—	—	—		—
69	2026-01	JD012603/2V	P060422	Jelly Donutz	QCSP 001_JD_v.02	Grade IV	JD_THC15:CBD1	9.2	Microbiology — TYMC	Missing / not tested	—	—	—	—		—
69	2026-01	JD012603/2V	P060422	Jelly Donutz	QCSP 001_JD_v.02	Grade IV	JD_THC15:CBD1	9.3	Microbiology — Bile-tolerant gram-negative	Missing / not tested	—	—	—	—		—
69	2026-01	JD012603/2V	P060422	Jelly Donutz	QCSP 001_JD_v.02	Grade IV	JD_THC15:CBD1	9.4	Microbiology — Salmonella	Missing / not tested	—	—	—	—		—
69	2026-01	JD012603/2V	P060422	Jelly Donutz	QCSP 001_JD_v.02	Grade IV	JD_THC15:CBD1	9.5	Microbiology — Escherichia coli	Missing / not tested	—	—	—	—		—
69	2026-01	JD012603/2V	P060422	Jelly Donutz	QCSP 001_JD_v.02	Grade IV	JD_THC15:CBD1	10.1	Mycotoxins — Aflatoxin B1	Missing / not tested	—	—	—	—		—
69	2026-01	JD012603/2V	P060422	Jelly Donutz	QCSP 001_JD_v.02	Grade IV	JD_THC15:CBD1	10.2	Mycotoxins — Total Aflatoxins (B1+B2+G1+G2)	Missing / not tested	—	—	—	—		—
69	2026-01	JD012603/2V	P060422	Jelly Donutz	QCSP 001_JD_v.02	Grade IV	JD_THC15:CBD1	10.3	Mycotoxins — Ochratoxin A	Missing / not tested	—	—	—	—		—
69	2026-01	JD012603/2V	P060422	Jelly Donutz	QCSP 001_JD_v.02	Grade IV	JD_THC15:CBD1	11.1	Heavy Metals — Lead (Pb)	Missing / not tested	—	—	—	—		—
69	2026-01	JD012603/2V	P060422	Jelly Donutz	QCSP 001_JD_v.02	Grade IV	JD_THC15:CBD1	11.2	Heavy Metals — Cadmium (Cd)	Missing / not tested	—	—	—	—		—
69	2026-01	JD012603/2V	P060422	Jelly Donutz	QCSP 001_JD_v.02	Grade IV	JD_THC15:CBD1	11.3	Heavy Metals — Arsenic (As)	Missing / not tested	—	—	—	—		—
69	2026-01	JD012603/2V	P060422	Jelly Donutz	QCSP 001_JD_v.02	Grade IV	JD_THC15:CBD1	11.4	Heavy Metals — Mercury (Hg)	Missing / not tested	—	—	—	—		—
69	2026-01	JD012603/2V	P060422	Jelly Donutz	QCSP 001_JD_v.02	Grade IV	JD_THC15:CBD1	12	Pesticide Residues — multi-residue panel	Missing / not tested	—	—	—	—		—
70	2026-01	SCR012603	P060382	Scrambler	QCSP 001_SCR_v.02	Grade III	SCR_THC18.5:CBD1	1	Macroscopic Identification (Test A)	Missing / not tested	—	—	—	—		—
70	2026-01	SCR012603	P060382	Scrambler	QCSP 001_SCR_v.02	Grade III	SCR_THC18.5:CBD1	2	Microscopic Identification (Test B)	Missing / not tested	—	—	—	—		—
70	2026-01	SCR012603	P060382	Scrambler	QCSP 001_SCR_v.02	Grade III	SCR_THC18.5:CBD1	3	HPTLC / Chromatographic Identification (Test C)	Missing / not tested	—	—	—	—		—
70	2026-01	SCR012603	P060382	Scrambler	QCSP 001_SCR_v.02	Grade III	SCR_THC18.5:CBD1	4	Assay — Total Δ⁹-THC	17.84	%	197-21-К/26	07.08.2026	FARM	https://drive.google.com/file/d/1j8B764vu5I2i6jYy4Pe12npFL3hODuNg/view	Total Δ9-THC (Вкупно Δ9-THC, as Δ9-THC) — HPLC/DAD
70	2026-01	SCR012603	P060382	Scrambler	QCSP 001_SCR_v.02	Grade III	SCR_THC18.5:CBD1	5	Assay — Total CBD	<LOQ %w/w	%	197-21-К/26	07.08.2026	FARM	https://drive.google.com/file/d/1j8B764vu5I2i6jYy4Pe12npFL3hODuNg/view	Total CBD (Вкупен CBD, as CBD) — HPLC/DAD
70	2026-01	SCR012603	P060382	Scrambler	QCSP 001_SCR_v.02	Grade III	SCR_THC18.5:CBD1	6	Total CBN	<LOQ %w/w	%	197-21-К/26	07.08.2026	FARM	https://drive.google.com/file/d/1j8B764vu5I2i6jYy4Pe12npFL3hODuNg/view	Total CBN (Вкупен CBN) — HPLC/DAD
70	2026-01	SCR012603	P060382	Scrambler	QCSP 001_SCR_v.02	Grade III	SCR_THC18.5:CBD1	7	Foreign Matter	Missing / not tested	—	—	—	—		—
70	2026-01	SCR012603	P060382	Scrambler	QCSP 001_SCR_v.02	Grade III	SCR_THC18.5:CBD1	8	Loss on Drying	Missing / not tested	—	—	—	—		—
70	2026-01	SCR012603	P060382	Scrambler	QCSP 001_SCR_v.02	Grade III	SCR_THC18.5:CBD1	9.1	Microbiology — TAMC	Missing / not tested	—	—	—	—		—
70	2026-01	SCR012603	P060382	Scrambler	QCSP 001_SCR_v.02	Grade III	SCR_THC18.5:CBD1	9.2	Microbiology — TYMC	Missing / not tested	—	—	—	—		—
70	2026-01	SCR012603	P060382	Scrambler	QCSP 001_SCR_v.02	Grade III	SCR_THC18.5:CBD1	9.3	Microbiology — Bile-tolerant gram-negative	Missing / not tested	—	—	—	—		—
70	2026-01	SCR012603	P060382	Scrambler	QCSP 001_SCR_v.02	Grade III	SCR_THC18.5:CBD1	9.4	Microbiology — Salmonella	Missing / not tested	—	—	—	—		—
70	2026-01	SCR012603	P060382	Scrambler	QCSP 001_SCR_v.02	Grade III	SCR_THC18.5:CBD1	9.5	Microbiology — Escherichia coli	Missing / not tested	—	—	—	—		—
70	2026-01	SCR012603	P060382	Scrambler	QCSP 001_SCR_v.02	Grade III	SCR_THC18.5:CBD1	10.1	Mycotoxins — Aflatoxin B1	ND µg/kg	µg/kg	197-21-М/26	10.08.2026	FARM	https://drive.google.com/file/d/1S7KDKNhVEHFBs-pX1F-co_T6LsSuh7w3/view	Aflatoxin B1
70	2026-01	SCR012603	P060382	Scrambler	QCSP 001_SCR_v.02	Grade III	SCR_THC18.5:CBD1	10.2	Mycotoxins — Total Aflatoxins (B1+B2+G1+G2)	ND µg/kg	µg/kg	197-21-М/26	10.08.2026	FARM	https://drive.google.com/file/d/1S7KDKNhVEHFBs-pX1F-co_T6LsSuh7w3/view	Aflatoxin B2
70	2026-01	SCR012603	P060382	Scrambler	QCSP 001_SCR_v.02	Grade III	SCR_THC18.5:CBD1	10.2	Mycotoxins — Total Aflatoxins (B1+B2+G1+G2)	ND µg/kg	µg/kg	197-21-М/26	10.08.2026	FARM	https://drive.google.com/file/d/1S7KDKNhVEHFBs-pX1F-co_T6LsSuh7w3/view	Aflatoxin G1
70	2026-01	SCR012603	P060382	Scrambler	QCSP 001_SCR_v.02	Grade III	SCR_THC18.5:CBD1	10.2	Mycotoxins — Total Aflatoxins (B1+B2+G1+G2)	ND µg/kg	µg/kg	197-21-М/26	10.08.2026	FARM	https://drive.google.com/file/d/1S7KDKNhVEHFBs-pX1F-co_T6LsSuh7w3/view	Aflatoxin G2
70	2026-01	SCR012603	P060382	Scrambler	QCSP 001_SCR_v.02	Grade III	SCR_THC18.5:CBD1	10.2	Mycotoxins — Total Aflatoxins (B1+B2+G1+G2)	ND (all four aflatoxins not detected)	µg/kg	197-21-М/26	10.08.2026	FARM	https://drive.google.com/file/d/1S7KDKNhVEHFBs-pX1F-co_T6LsSuh7w3/view	Sum aflatoxins B1+B2+G1+G2
70	2026-01	SCR012603	P060382	Scrambler	QCSP 001_SCR_v.02	Grade III	SCR_THC18.5:CBD1	10.3	Mycotoxins — Ochratoxin A	ND µg/kg	µg/kg	197-21-М/26	10.08.2026	FARM	https://drive.google.com/file/d/1S7KDKNhVEHFBs-pX1F-co_T6LsSuh7w3/view	Ochratoxin A
70	2026-01	SCR012603	P060382	Scrambler	QCSP 001_SCR_v.02	Grade III	SCR_THC18.5:CBD1	11.1	Heavy Metals — Lead (Pb)	Missing / not tested	—	—	—	—		—
70	2026-01	SCR012603	P060382	Scrambler	QCSP 001_SCR_v.02	Grade III	SCR_THC18.5:CBD1	11.2	Heavy Metals — Cadmium (Cd)	Missing / not tested	—	—	—	—		—
70	2026-01	SCR012603	P060382	Scrambler	QCSP 001_SCR_v.02	Grade III	SCR_THC18.5:CBD1	11.3	Heavy Metals — Arsenic (As)	Missing / not tested	—	—	—	—		—
70	2026-01	SCR012603	P060382	Scrambler	QCSP 001_SCR_v.02	Grade III	SCR_THC18.5:CBD1	11.4	Heavy Metals — Mercury (Hg)	Missing / not tested	—	—	—	—		—
70	2026-01	SCR012603	P060382	Scrambler	QCSP 001_SCR_v.02	Grade III	SCR_THC18.5:CBD1	12	Pesticide Residues — multi-residue panel	Missing / not tested	—	—	—	—		—
71	2026-02	JD022601	—	Jelly Donutz	QCSP 001_JD_v.02	Grade III	JD_THC20:CBD1	1	Macroscopic Identification (Test A)	Missing / not tested	—	—	—	—		—
71	2026-02	JD022601	—	Jelly Donutz	QCSP 001_JD_v.02	Grade III	JD_THC20:CBD1	2	Microscopic Identification (Test B)	Missing / not tested	—	—	—	—		—
71	2026-02	JD022601	—	Jelly Donutz	QCSP 001_JD_v.02	Grade III	JD_THC20:CBD1	3	HPTLC / Chromatographic Identification (Test C)	Conforms / Одговара	—	ППК26115	30.06.2026	UKIM	https://drive.google.com/file/d/1jpSgQVg-uZNw-IDoX6iA7yVuCu80y0-7/view	Identification (macroscopy + microscopy)
71	2026-02	JD022601	—	Jelly Donutz	QCSP 001_JD_v.02	Grade III	JD_THC20:CBD1	4	Assay — Total Δ⁹-THC	18.58	%	ППК26115	30.06.2026	UKIM	https://drive.google.com/file/d/1jpSgQVg-uZNw-IDoX6iA7yVuCu80y0-7/view	Total Δ9-THC, as Δ9-THC (Ph.Eur. 2.2.29)
71	2026-02	JD022601	—	Jelly Donutz	QCSP 001_JD_v.02	Grade III	JD_THC20:CBD1	5	Assay — Total CBD	BLQ (below limit of quantification)%	%	ППК26115	30.06.2026	UKIM	https://drive.google.com/file/d/1jpSgQVg-uZNw-IDoX6iA7yVuCu80y0-7/view	Total CBD, as CBD (Ph.Eur. 2.2.29)
71	2026-02	JD022601	—	Jelly Donutz	QCSP 001_JD_v.02	Grade III	JD_THC20:CBD1	6	Total CBN	0.05	%	ППК26115	30.06.2026	UKIM	https://drive.google.com/file/d/1jpSgQVg-uZNw-IDoX6iA7yVuCu80y0-7/view	Total CBN (Ph.Eur. 2.2.29)
71	2026-02	JD022601	—	Jelly Donutz	QCSP 001_JD_v.02	Grade III	JD_THC20:CBD1	7	Foreign Matter	/ (Conforms; no seed, no leaves >1 cm)	%	ППК26115	30.06.2026	UKIM	https://drive.google.com/file/d/1jpSgQVg-uZNw-IDoX6iA7yVuCu80y0-7/view	Foreign matter (Страни материи)
71	2026-02	JD022601	—	Jelly Donutz	QCSP 001_JD_v.02	Grade III	JD_THC20:CBD1	8	Loss on Drying	7.73	%	ППК26115	30.06.2026	UKIM	https://drive.google.com/file/d/1jpSgQVg-uZNw-IDoX6iA7yVuCu80y0-7/view	Loss on drying / Губиток со сушење (Ph.Eur. 2.2.32)
71	2026-02	JD022601	—	Jelly Donutz	QCSP 001_JD_v.02	Grade III	JD_THC20:CBD1	9.1	Microbiology — TAMC	Missing / not tested	—	—	—	—		—
71	2026-02	JD022601	—	Jelly Donutz	QCSP 001_JD_v.02	Grade III	JD_THC20:CBD1	9.2	Microbiology — TYMC	Missing / not tested	—	—	—	—		—
71	2026-02	JD022601	—	Jelly Donutz	QCSP 001_JD_v.02	Grade III	JD_THC20:CBD1	9.3	Microbiology — Bile-tolerant gram-negative	Missing / not tested	—	—	—	—		—
71	2026-02	JD022601	—	Jelly Donutz	QCSP 001_JD_v.02	Grade III	JD_THC20:CBD1	9.4	Microbiology — Salmonella	Missing / not tested	—	—	—	—		—
71	2026-02	JD022601	—	Jelly Donutz	QCSP 001_JD_v.02	Grade III	JD_THC20:CBD1	9.5	Microbiology — Escherichia coli	Missing / not tested	—	—	—	—		—
71	2026-02	JD022601	—	Jelly Donutz	QCSP 001_JD_v.02	Grade III	JD_THC20:CBD1	10.1	Mycotoxins — Aflatoxin B1	Missing / not tested	—	—	—	—		—
71	2026-02	JD022601	—	Jelly Donutz	QCSP 001_JD_v.02	Grade III	JD_THC20:CBD1	10.2	Mycotoxins — Total Aflatoxins (B1+B2+G1+G2)	Missing / not tested	—	—	—	—		—
71	2026-02	JD022601	—	Jelly Donutz	QCSP 001_JD_v.02	Grade III	JD_THC20:CBD1	10.3	Mycotoxins — Ochratoxin A	Missing / not tested	—	—	—	—		—
71	2026-02	JD022601	—	Jelly Donutz	QCSP 001_JD_v.02	Grade III	JD_THC20:CBD1	11.1	Heavy Metals — Lead (Pb)	Missing / not tested	—	—	—	—		—
71	2026-02	JD022601	—	Jelly Donutz	QCSP 001_JD_v.02	Grade III	JD_THC20:CBD1	11.2	Heavy Metals — Cadmium (Cd)	Missing / not tested	—	—	—	—		—
71	2026-02	JD022601	—	Jelly Donutz	QCSP 001_JD_v.02	Grade III	JD_THC20:CBD1	11.3	Heavy Metals — Arsenic (As)	Missing / not tested	—	—	—	—		—
71	2026-02	JD022601	—	Jelly Donutz	QCSP 001_JD_v.02	Grade III	JD_THC20:CBD1	11.4	Heavy Metals — Mercury (Hg)	Missing / not tested	—	—	—	—		—
71	2026-02	JD022601	—	Jelly Donutz	QCSP 001_JD_v.02	Grade III	JD_THC20:CBD1	12	Pesticide Residues — multi-residue panel	Missing / not tested	—	—	—	—		—
72	2026-02	SCR022601	—	Scrambler	QCSP 001_SCR_v.02	Grade II	SCR_THC23:CBD1	1	Macroscopic Identification (Test A)	Missing / not tested	—	—	—	—		—
72	2026-02	SCR022601	—	Scrambler	QCSP 001_SCR_v.02	Grade II	SCR_THC23:CBD1	2	Microscopic Identification (Test B)	Missing / not tested	—	—	—	—		—
72	2026-02	SCR022601	—	Scrambler	QCSP 001_SCR_v.02	Grade II	SCR_THC23:CBD1	3	HPTLC / Chromatographic Identification (Test C)	Conforms / Одговара	—	ППК26116	06.07.2026	UKIM	https://drive.google.com/file/d/1PheYfJtVmYk4ZnZgWTJc3FGb6Yor7lHU/view	Identification (macroscopy + microscopy)
72	2026-02	SCR022601	—	Scrambler	QCSP 001_SCR_v.02	Grade II	SCR_THC23:CBD1	4	Assay — Total Δ⁹-THC	21.92	%	ППК26116	06.07.2026	UKIM	https://drive.google.com/file/d/1PheYfJtVmYk4ZnZgWTJc3FGb6Yor7lHU/view	Total Δ9-THC, as Δ9-THC (Ph.Eur. 2.2.29)
72	2026-02	SCR022601	—	Scrambler	QCSP 001_SCR_v.02	Grade II	SCR_THC23:CBD1	5	Assay — Total CBD	0.19	%	ППК26116	06.07.2026	UKIM	https://drive.google.com/file/d/1PheYfJtVmYk4ZnZgWTJc3FGb6Yor7lHU/view	Total CBD, as CBD (Ph.Eur. 2.2.29)
72	2026-02	SCR022601	—	Scrambler	QCSP 001_SCR_v.02	Grade II	SCR_THC23:CBD1	6	Total CBN	0.06	%	ППК26116	06.07.2026	UKIM	https://drive.google.com/file/d/1PheYfJtVmYk4ZnZgWTJc3FGb6Yor7lHU/view	Total CBN (Ph.Eur. 2.2.29)
72	2026-02	SCR022601	—	Scrambler	QCSP 001_SCR_v.02	Grade II	SCR_THC23:CBD1	7	Foreign Matter	/ (Conforms; no seed, no leaves >1 cm)	%	ППК26116	06.07.2026	UKIM	https://drive.google.com/file/d/1PheYfJtVmYk4ZnZgWTJc3FGb6Yor7lHU/view	Foreign matter (Страни материи)
72	2026-02	SCR022601	—	Scrambler	QCSP 001_SCR_v.02	Grade II	SCR_THC23:CBD1	8	Loss on Drying	7.06	%	ППК26116	06.07.2026	UKIM	https://drive.google.com/file/d/1PheYfJtVmYk4ZnZgWTJc3FGb6Yor7lHU/view	Loss on drying / Губиток со сушење (Ph.Eur. 2.2.32)
72	2026-02	SCR022601	—	Scrambler	QCSP 001_SCR_v.02	Grade II	SCR_THC23:CBD1	9.1	Microbiology — TAMC	Missing / not tested	—	—	—	—		—
72	2026-02	SCR022601	—	Scrambler	QCSP 001_SCR_v.02	Grade II	SCR_THC23:CBD1	9.2	Microbiology — TYMC	Missing / not tested	—	—	—	—		—
72	2026-02	SCR022601	—	Scrambler	QCSP 001_SCR_v.02	Grade II	SCR_THC23:CBD1	9.3	Microbiology — Bile-tolerant gram-negative	Missing / not tested	—	—	—	—		—
72	2026-02	SCR022601	—	Scrambler	QCSP 001_SCR_v.02	Grade II	SCR_THC23:CBD1	9.4	Microbiology — Salmonella	Missing / not tested	—	—	—	—		—
72	2026-02	SCR022601	—	Scrambler	QCSP 001_SCR_v.02	Grade II	SCR_THC23:CBD1	9.5	Microbiology — Escherichia coli	Missing / not tested	—	—	—	—		—
72	2026-02	SCR022601	—	Scrambler	QCSP 001_SCR_v.02	Grade II	SCR_THC23:CBD1	10.1	Mycotoxins — Aflatoxin B1	Missing / not tested	—	—	—	—		—
72	2026-02	SCR022601	—	Scrambler	QCSP 001_SCR_v.02	Grade II	SCR_THC23:CBD1	10.2	Mycotoxins — Total Aflatoxins (B1+B2+G1+G2)	Missing / not tested	—	—	—	—		—
72	2026-02	SCR022601	—	Scrambler	QCSP 001_SCR_v.02	Grade II	SCR_THC23:CBD1	10.3	Mycotoxins — Ochratoxin A	Missing / not tested	—	—	—	—		—
72	2026-02	SCR022601	—	Scrambler	QCSP 001_SCR_v.02	Grade II	SCR_THC23:CBD1	11.1	Heavy Metals — Lead (Pb)	Missing / not tested	—	—	—	—		—
72	2026-02	SCR022601	—	Scrambler	QCSP 001_SCR_v.02	Grade II	SCR_THC23:CBD1	11.2	Heavy Metals — Cadmium (Cd)	Missing / not tested	—	—	—	—		—
72	2026-02	SCR022601	—	Scrambler	QCSP 001_SCR_v.02	Grade II	SCR_THC23:CBD1	11.3	Heavy Metals — Arsenic (As)	Missing / not tested	—	—	—	—		—
72	2026-02	SCR022601	—	Scrambler	QCSP 001_SCR_v.02	Grade II	SCR_THC23:CBD1	11.4	Heavy Metals — Mercury (Hg)	Missing / not tested	—	—	—	—		—
72	2026-02	SCR022601	—	Scrambler	QCSP 001_SCR_v.02	Grade II	SCR_THC23:CBD1	12	Pesticide Residues — multi-residue panel	Missing / not tested	—	—	—	—		—
73	2026-03	FB032601	—	Fat Bastard	QCSP 001_FB_v.02	Grade IV	FB_THC11:CBD1	1	Macroscopic Identification (Test A)	Missing / not tested	—	—	—	—		—
73	2026-03	FB032601	—	Fat Bastard	QCSP 001_FB_v.02	Grade IV	FB_THC11:CBD1	2	Microscopic Identification (Test B)	Missing / not tested	—	—	—	—		—
73	2026-03	FB032601	—	Fat Bastard	QCSP 001_FB_v.02	Grade IV	FB_THC11:CBD1	3	HPTLC / Chromatographic Identification (Test C)	Conforms / Одговара	—	ППК26127	21.07.2026	UKIM	https://drive.google.com/file/d/1eeC8z4JTZzyWboHQDkWTxRmM53fJuJw2/view	Identification (macroscopy + microscopy)
73	2026-03	FB032601	—	Fat Bastard	QCSP 001_FB_v.02	Grade IV	FB_THC11:CBD1	4	Assay — Total Δ⁹-THC	12.39	%	ППК26127	21.07.2026	UKIM	https://drive.google.com/file/d/1eeC8z4JTZzyWboHQDkWTxRmM53fJuJw2/view	Total Δ9-THC, as Δ9-THC (Ph.Eur. 2.2.29)
73	2026-03	FB032601	—	Fat Bastard	QCSP 001_FB_v.02	Grade IV	FB_THC11:CBD1	5	Assay — Total CBD	0.06	%	ППК26127	21.07.2026	UKIM	https://drive.google.com/file/d/1eeC8z4JTZzyWboHQDkWTxRmM53fJuJw2/view	Total CBD, as CBD (Ph.Eur. 2.2.29)
73	2026-03	FB032601	—	Fat Bastard	QCSP 001_FB_v.02	Grade IV	FB_THC11:CBD1	6	Total CBN	0.04	%	ППК26127	21.07.2026	UKIM	https://drive.google.com/file/d/1eeC8z4JTZzyWboHQDkWTxRmM53fJuJw2/view	Total CBN (Ph.Eur. 2.2.29)
73	2026-03	FB032601	—	Fat Bastard	QCSP 001_FB_v.02	Grade IV	FB_THC11:CBD1	7	Foreign Matter	0.08% (Не одговара) — NON-CONFORM: cannabis seed present [DATA INTEGRITY FLAG — see source]	%	ППК26127	21.07.2026	UKIM	https://drive.google.com/file/d/1eeC8z4JTZzyWboHQDkWTxRmM53fJuJw2/view	Foreign matter (Страни материи)
73	2026-03	FB032601	—	Fat Bastard	QCSP 001_FB_v.02	Grade IV	FB_THC11:CBD1	8	Loss on Drying	7.77	%	ППК26127	21.07.2026	UKIM	https://drive.google.com/file/d/1eeC8z4JTZzyWboHQDkWTxRmM53fJuJw2/view	Loss on drying / Губиток со сушење (Ph.Eur. 2.2.32)
73	2026-03	FB032601	—	Fat Bastard	QCSP 001_FB_v.02	Grade IV	FB_THC11:CBD1	9.1	Microbiology — TAMC	Missing / not tested	—	—	—	—		—
73	2026-03	FB032601	—	Fat Bastard	QCSP 001_FB_v.02	Grade IV	FB_THC11:CBD1	9.2	Microbiology — TYMC	Missing / not tested	—	—	—	—		—
73	2026-03	FB032601	—	Fat Bastard	QCSP 001_FB_v.02	Grade IV	FB_THC11:CBD1	9.3	Microbiology — Bile-tolerant gram-negative	Missing / not tested	—	—	—	—		—
73	2026-03	FB032601	—	Fat Bastard	QCSP 001_FB_v.02	Grade IV	FB_THC11:CBD1	9.4	Microbiology — Salmonella	Missing / not tested	—	—	—	—		—
73	2026-03	FB032601	—	Fat Bastard	QCSP 001_FB_v.02	Grade IV	FB_THC11:CBD1	9.5	Microbiology — Escherichia coli	Missing / not tested	—	—	—	—		—
73	2026-03	FB032601	—	Fat Bastard	QCSP 001_FB_v.02	Grade IV	FB_THC11:CBD1	10.1	Mycotoxins — Aflatoxin B1	Missing / not tested	—	—	—	—		—
73	2026-03	FB032601	—	Fat Bastard	QCSP 001_FB_v.02	Grade IV	FB_THC11:CBD1	10.2	Mycotoxins — Total Aflatoxins (B1+B2+G1+G2)	Missing / not tested	—	—	—	—		—
73	2026-03	FB032601	—	Fat Bastard	QCSP 001_FB_v.02	Grade IV	FB_THC11:CBD1	10.3	Mycotoxins — Ochratoxin A	Missing / not tested	—	—	—	—		—
73	2026-03	FB032601	—	Fat Bastard	QCSP 001_FB_v.02	Grade IV	FB_THC11:CBD1	11.1	Heavy Metals — Lead (Pb)	Missing / not tested	—	—	—	—		—
73	2026-03	FB032601	—	Fat Bastard	QCSP 001_FB_v.02	Grade IV	FB_THC11:CBD1	11.2	Heavy Metals — Cadmium (Cd)	Missing / not tested	—	—	—	—		—
73	2026-03	FB032601	—	Fat Bastard	QCSP 001_FB_v.02	Grade IV	FB_THC11:CBD1	11.3	Heavy Metals — Arsenic (As)	Missing / not tested	—	—	—	—		—
73	2026-03	FB032601	—	Fat Bastard	QCSP 001_FB_v.02	Grade IV	FB_THC11:CBD1	11.4	Heavy Metals — Mercury (Hg)	Missing / not tested	—	—	—	—		—
73	2026-03	FB032601	—	Fat Bastard	QCSP 001_FB_v.02	Grade IV	FB_THC11:CBD1	12	Pesticide Residues — multi-residue panel	Missing / not tested	—	—	—	—		—
74	2026-03	GG032601	—	Gorilla Glue	QCSP 001_GG_v.02	Grade II	GG_THC21:CBD1	1	Macroscopic Identification (Test A)	Missing / not tested	—	—	—	—		—
74	2026-03	GG032601	—	Gorilla Glue	QCSP 001_GG_v.02	Grade II	GG_THC21:CBD1	2	Microscopic Identification (Test B)	Missing / not tested	—	—	—	—		—
74	2026-03	GG032601	—	Gorilla Glue	QCSP 001_GG_v.02	Grade II	GG_THC21:CBD1	3	HPTLC / Chromatographic Identification (Test C)	Conforms / Одговара	—	ППК26128	21.07.2026	UKIM	https://drive.google.com/file/d/1ksQfpWrQ1NVRq3wgv0xYgLu79Cny5EYt/view	Identification (macroscopy + microscopy)
74	2026-03	GG032601	—	Gorilla Glue	QCSP 001_GG_v.02	Grade II	GG_THC21:CBD1	4	Assay — Total Δ⁹-THC	18.98	%	ППК26128	21.07.2026	UKIM	https://drive.google.com/file/d/1ksQfpWrQ1NVRq3wgv0xYgLu79Cny5EYt/view	Total Δ9-THC, as Δ9-THC (Ph.Eur. 2.2.29)
74	2026-03	GG032601	—	Gorilla Glue	QCSP 001_GG_v.02	Grade II	GG_THC21:CBD1	5	Assay — Total CBD	0.25	%	ППК26128	21.07.2026	UKIM	https://drive.google.com/file/d/1ksQfpWrQ1NVRq3wgv0xYgLu79Cny5EYt/view	Total CBD, as CBD (Ph.Eur. 2.2.29)
74	2026-03	GG032601	—	Gorilla Glue	QCSP 001_GG_v.02	Grade II	GG_THC21:CBD1	6	Total CBN	0.04	%	ППК26128	21.07.2026	UKIM	https://drive.google.com/file/d/1ksQfpWrQ1NVRq3wgv0xYgLu79Cny5EYt/view	Total CBN (Ph.Eur. 2.2.29)
74	2026-03	GG032601	—	Gorilla Glue	QCSP 001_GG_v.02	Grade II	GG_THC21:CBD1	7	Foreign Matter	/ (Conforms; no seed, no leaves >1 cm)	%	ППК26128	21.07.2026	UKIM	https://drive.google.com/file/d/1ksQfpWrQ1NVRq3wgv0xYgLu79Cny5EYt/view	Foreign matter (Страни материи)
74	2026-03	GG032601	—	Gorilla Glue	QCSP 001_GG_v.02	Grade II	GG_THC21:CBD1	8	Loss on Drying	7.88	%	ППК26128	21.07.2026	UKIM	https://drive.google.com/file/d/1ksQfpWrQ1NVRq3wgv0xYgLu79Cny5EYt/view	Loss on drying / Губиток со сушење (Ph.Eur. 2.2.32)
74	2026-03	GG032601	—	Gorilla Glue	QCSP 001_GG_v.02	Grade II	GG_THC21:CBD1	9.1	Microbiology — TAMC	Missing / not tested	—	—	—	—		—
74	2026-03	GG032601	—	Gorilla Glue	QCSP 001_GG_v.02	Grade II	GG_THC21:CBD1	9.2	Microbiology — TYMC	Missing / not tested	—	—	—	—		—
74	2026-03	GG032601	—	Gorilla Glue	QCSP 001_GG_v.02	Grade II	GG_THC21:CBD1	9.3	Microbiology — Bile-tolerant gram-negative	Missing / not tested	—	—	—	—		—
74	2026-03	GG032601	—	Gorilla Glue	QCSP 001_GG_v.02	Grade II	GG_THC21:CBD1	9.4	Microbiology — Salmonella	Missing / not tested	—	—	—	—		—
74	2026-03	GG032601	—	Gorilla Glue	QCSP 001_GG_v.02	Grade II	GG_THC21:CBD1	9.5	Microbiology — Escherichia coli	Missing / not tested	—	—	—	—		—
74	2026-03	GG032601	—	Gorilla Glue	QCSP 001_GG_v.02	Grade II	GG_THC21:CBD1	10.1	Mycotoxins — Aflatoxin B1	Missing / not tested	—	—	—	—		—
74	2026-03	GG032601	—	Gorilla Glue	QCSP 001_GG_v.02	Grade II	GG_THC21:CBD1	10.2	Mycotoxins — Total Aflatoxins (B1+B2+G1+G2)	Missing / not tested	—	—	—	—		—
74	2026-03	GG032601	—	Gorilla Glue	QCSP 001_GG_v.02	Grade II	GG_THC21:CBD1	10.3	Mycotoxins — Ochratoxin A	Missing / not tested	—	—	—	—		—
74	2026-03	GG032601	—	Gorilla Glue	QCSP 001_GG_v.02	Grade II	GG_THC21:CBD1	11.1	Heavy Metals — Lead (Pb)	Missing / not tested	—	—	—	—		—
74	2026-03	GG032601	—	Gorilla Glue	QCSP 001_GG_v.02	Grade II	GG_THC21:CBD1	11.2	Heavy Metals — Cadmium (Cd)	Missing / not tested	—	—	—	—		—
74	2026-03	GG032601	—	Gorilla Glue	QCSP 001_GG_v.02	Grade II	GG_THC21:CBD1	11.3	Heavy Metals — Arsenic (As)	Missing / not tested	—	—	—	—		—
74	2026-03	GG032601	—	Gorilla Glue	QCSP 001_GG_v.02	Grade II	GG_THC21:CBD1	11.4	Heavy Metals — Mercury (Hg)	Missing / not tested	—	—	—	—		—
74	2026-03	GG032601	—	Gorilla Glue	QCSP 001_GG_v.02	Grade II	GG_THC21:CBD1	12	Pesticide Residues — multi-residue panel	Missing / not tested	—	—	—	—		—
75	—	P160012	P160012	Grape Pie	QCSP 001_GP_v.02	Grade I	GP_THC28:CBD1	1	Macroscopic Identification (Test A)	Missing / not tested	—	—	—	—		—
75	—	P160012	P160012	Grape Pie	QCSP 001_GP_v.02	Grade I	GP_THC28:CBD1	2	Microscopic Identification (Test B)	Missing / not tested	—	—	—	—		—
75	—	P160012	P160012	Grape Pie	QCSP 001_GP_v.02	Grade I	GP_THC28:CBD1	3	HPTLC / Chromatographic Identification (Test C)	Conforms / Одговара	—	ППК26117	06.07.2026	UKIM	https://drive.google.com/file/d/1NcfSCyOQl1Xj60bCFztwo5PYdx9PzSPx/view	Identification (macroscopy + microscopy)
75	—	P160012	P160012	Grape Pie	QCSP 001_GP_v.02	Grade I	GP_THC28:CBD1	4	Assay — Total Δ⁹-THC	26.32	%	ППК26117	06.07.2026	UKIM	https://drive.google.com/file/d/1NcfSCyOQl1Xj60bCFztwo5PYdx9PzSPx/view	Total Δ9-THC, as Δ9-THC (Ph.Eur. 2.2.29)
75	—	P160012	P160012	Grape Pie	QCSP 001_GP_v.02	Grade I	GP_THC28:CBD1	5	Assay — Total CBD	0.15	%	ППК26117	06.07.2026	UKIM	https://drive.google.com/file/d/1NcfSCyOQl1Xj60bCFztwo5PYdx9PzSPx/view	Total CBD, as CBD (Ph.Eur. 2.2.29)
75	—	P160012	P160012	Grape Pie	QCSP 001_GP_v.02	Grade I	GP_THC28:CBD1	6	Total CBN	0.09	%	ППК26117	06.07.2026	UKIM	https://drive.google.com/file/d/1NcfSCyOQl1Xj60bCFztwo5PYdx9PzSPx/view	Total CBN (Ph.Eur. 2.2.29)
75	—	P160012	P160012	Grape Pie	QCSP 001_GP_v.02	Grade I	GP_THC28:CBD1	7	Foreign Matter	0.42% (Conforms)	%	ППК26117	06.07.2026	UKIM	https://drive.google.com/file/d/1NcfSCyOQl1Xj60bCFztwo5PYdx9PzSPx/view	Foreign matter (Страни материи)
75	—	P160012	P160012	Grape Pie	QCSP 001_GP_v.02	Grade I	GP_THC28:CBD1	8	Loss on Drying	6.31	%	ППК26117	06.07.2026	UKIM	https://drive.google.com/file/d/1NcfSCyOQl1Xj60bCFztwo5PYdx9PzSPx/view	Loss on drying / Губиток со сушење (Ph.Eur. 2.2.32)
75	—	P160012	P160012	Grape Pie	QCSP 001_GP_v.02	Grade I	GP_THC28:CBD1	9.1	Microbiology — TAMC	Missing / not tested	—	—	—	—		—
75	—	P160012	P160012	Grape Pie	QCSP 001_GP_v.02	Grade I	GP_THC28:CBD1	9.2	Microbiology — TYMC	Missing / not tested	—	—	—	—		—
75	—	P160012	P160012	Grape Pie	QCSP 001_GP_v.02	Grade I	GP_THC28:CBD1	9.3	Microbiology — Bile-tolerant gram-negative	Missing / not tested	—	—	—	—		—
75	—	P160012	P160012	Grape Pie	QCSP 001_GP_v.02	Grade I	GP_THC28:CBD1	9.4	Microbiology — Salmonella	Missing / not tested	—	—	—	—		—
75	—	P160012	P160012	Grape Pie	QCSP 001_GP_v.02	Grade I	GP_THC28:CBD1	9.5	Microbiology — Escherichia coli	Missing / not tested	—	—	—	—		—
75	—	P160012	P160012	Grape Pie	QCSP 001_GP_v.02	Grade I	GP_THC28:CBD1	10.1	Mycotoxins — Aflatoxin B1	Missing / not tested	—	—	—	—		—
75	—	P160012	P160012	Grape Pie	QCSP 001_GP_v.02	Grade I	GP_THC28:CBD1	10.2	Mycotoxins — Total Aflatoxins (B1+B2+G1+G2)	Missing / not tested	—	—	—	—		—
75	—	P160012	P160012	Grape Pie	QCSP 001_GP_v.02	Grade I	GP_THC28:CBD1	10.3	Mycotoxins — Ochratoxin A	Missing / not tested	—	—	—	—		—
75	—	P160012	P160012	Grape Pie	QCSP 001_GP_v.02	Grade I	GP_THC28:CBD1	11.1	Heavy Metals — Lead (Pb)	Missing / not tested	—	—	—	—		—
75	—	P160012	P160012	Grape Pie	QCSP 001_GP_v.02	Grade I	GP_THC28:CBD1	11.2	Heavy Metals — Cadmium (Cd)	Missing / not tested	—	—	—	—		—
75	—	P160012	P160012	Grape Pie	QCSP 001_GP_v.02	Grade I	GP_THC28:CBD1	11.3	Heavy Metals — Arsenic (As)	Missing / not tested	—	—	—	—		—
75	—	P160012	P160012	Grape Pie	QCSP 001_GP_v.02	Grade I	GP_THC28:CBD1	11.4	Heavy Metals — Mercury (Hg)	Missing / not tested	—	—	—	—		—
75	—	P160012	P160012	Grape Pie	QCSP 001_GP_v.02	Grade I	GP_THC28:CBD1	12	Pesticide Residues — multi-residue panel	Missing / not tested	—	—	—	—		—
76	—	P160022	P160022	Grape Pie	QCSP 001_GP_v.02	Grade II	GP_THC24:CBD1	1	Macroscopic Identification (Test A)	Missing / not tested	—	—	—	—		—
76	—	P160022	P160022	Grape Pie	QCSP 001_GP_v.02	Grade II	GP_THC24:CBD1	2	Microscopic Identification (Test B)	Missing / not tested	—	—	—	—		—
76	—	P160022	P160022	Grape Pie	QCSP 001_GP_v.02	Grade II	GP_THC24:CBD1	3	HPTLC / Chromatographic Identification (Test C)	Conforms / Одговара	—	ППК26118	06.07.2026	UKIM	https://drive.google.com/file/d/1LMi-niv8cTgaPh_6PsIH55BzXuNL2JPM/view	Identification (macroscopy + microscopy)
76	—	P160022	P160022	Grape Pie	QCSP 001_GP_v.02	Grade II	GP_THC24:CBD1	4	Assay — Total Δ⁹-THC	25.72	%	ППК26118	06.07.2026	UKIM	https://drive.google.com/file/d/1LMi-niv8cTgaPh_6PsIH55BzXuNL2JPM/view	Total Δ9-THC, as Δ9-THC (Ph.Eur. 2.2.29)
76	—	P160022	P160022	Grape Pie	QCSP 001_GP_v.02	Grade II	GP_THC24:CBD1	5	Assay — Total CBD	0.15	%	ППК26118	06.07.2026	UKIM	https://drive.google.com/file/d/1LMi-niv8cTgaPh_6PsIH55BzXuNL2JPM/view	Total CBD, as CBD (Ph.Eur. 2.2.29)
76	—	P160022	P160022	Grape Pie	QCSP 001_GP_v.02	Grade II	GP_THC24:CBD1	6	Total CBN	0.10	%	ППК26118	06.07.2026	UKIM	https://drive.google.com/file/d/1LMi-niv8cTgaPh_6PsIH55BzXuNL2JPM/view	Total CBN (Ph.Eur. 2.2.29)
76	—	P160022	P160022	Grape Pie	QCSP 001_GP_v.02	Grade II	GP_THC24:CBD1	7	Foreign Matter	/ (Conforms; no seed, no leaves >1 cm)	%	ППК26118	06.07.2026	UKIM	https://drive.google.com/file/d/1LMi-niv8cTgaPh_6PsIH55BzXuNL2JPM/view	Foreign matter (Страни материи)
76	—	P160022	P160022	Grape Pie	QCSP 001_GP_v.02	Grade II	GP_THC24:CBD1	8	Loss on Drying	6.67	%	ППК26118	06.07.2026	UKIM	https://drive.google.com/file/d/1LMi-niv8cTgaPh_6PsIH55BzXuNL2JPM/view	Loss on drying / Губиток со сушење (Ph.Eur. 2.2.32)
76	—	P160022	P160022	Grape Pie	QCSP 001_GP_v.02	Grade II	GP_THC24:CBD1	9.1	Microbiology — TAMC	Missing / not tested	—	—	—	—		—
76	—	P160022	P160022	Grape Pie	QCSP 001_GP_v.02	Grade II	GP_THC24:CBD1	9.2	Microbiology — TYMC	Missing / not tested	—	—	—	—		—
76	—	P160022	P160022	Grape Pie	QCSP 001_GP_v.02	Grade II	GP_THC24:CBD1	9.3	Microbiology — Bile-tolerant gram-negative	Missing / not tested	—	—	—	—		—
76	—	P160022	P160022	Grape Pie	QCSP 001_GP_v.02	Grade II	GP_THC24:CBD1	9.4	Microbiology — Salmonella	Missing / not tested	—	—	—	—		—
76	—	P160022	P160022	Grape Pie	QCSP 001_GP_v.02	Grade II	GP_THC24:CBD1	9.5	Microbiology — Escherichia coli	Missing / not tested	—	—	—	—		—
76	—	P160022	P160022	Grape Pie	QCSP 001_GP_v.02	Grade II	GP_THC24:CBD1	10.1	Mycotoxins — Aflatoxin B1	Missing / not tested	—	—	—	—		—
76	—	P160022	P160022	Grape Pie	QCSP 001_GP_v.02	Grade II	GP_THC24:CBD1	10.2	Mycotoxins — Total Aflatoxins (B1+B2+G1+G2)	Missing / not tested	—	—	—	—		—
76	—	P160022	P160022	Grape Pie	QCSP 001_GP_v.02	Grade II	GP_THC24:CBD1	10.3	Mycotoxins — Ochratoxin A	Missing / not tested	—	—	—	—		—
76	—	P160022	P160022	Grape Pie	QCSP 001_GP_v.02	Grade II	GP_THC24:CBD1	11.1	Heavy Metals — Lead (Pb)	Missing / not tested	—	—	—	—		—
76	—	P160022	P160022	Grape Pie	QCSP 001_GP_v.02	Grade II	GP_THC24:CBD1	11.2	Heavy Metals — Cadmium (Cd)	Missing / not tested	—	—	—	—		—
76	—	P160022	P160022	Grape Pie	QCSP 001_GP_v.02	Grade II	GP_THC24:CBD1	11.3	Heavy Metals — Arsenic (As)	Missing / not tested	—	—	—	—		—
76	—	P160022	P160022	Grape Pie	QCSP 001_GP_v.02	Grade II	GP_THC24:CBD1	11.4	Heavy Metals — Mercury (Hg)	Missing / not tested	—	—	—	—		—
76	—	P160022	P160022	Grape Pie	QCSP 001_GP_v.02	Grade II	GP_THC24:CBD1	12	Pesticide Residues — multi-residue panel	Missing / not tested	—	—	—	—		—
77	—	P160032	P160032	Grape Pie	QCSP 001_GP_v.02	Grade II	GP_THC24:CBD1	1	Macroscopic Identification (Test A)	Missing / not tested	—	—	—	—		—
77	—	P160032	P160032	Grape Pie	QCSP 001_GP_v.02	Grade II	GP_THC24:CBD1	2	Microscopic Identification (Test B)	Missing / not tested	—	—	—	—		—
77	—	P160032	P160032	Grape Pie	QCSP 001_GP_v.02	Grade II	GP_THC24:CBD1	3	HPTLC / Chromatographic Identification (Test C)	Conforms / Одговара	—	ППК26119	06.07.2026	UKIM	https://drive.google.com/file/d/1Tc954KoL0T8NGIBfmb4-5meb_779D9Wq/view	Identification (macroscopy + microscopy)
77	—	P160032	P160032	Grape Pie	QCSP 001_GP_v.02	Grade II	GP_THC24:CBD1	4	Assay — Total Δ⁹-THC	24.78	%	ППК26119	06.07.2026	UKIM	https://drive.google.com/file/d/1Tc954KoL0T8NGIBfmb4-5meb_779D9Wq/view	Total Δ9-THC, as Δ9-THC (Ph.Eur. 2.2.29)
77	—	P160032	P160032	Grape Pie	QCSP 001_GP_v.02	Grade II	GP_THC24:CBD1	5	Assay — Total CBD	0.06	%	ППК26119	06.07.2026	UKIM	https://drive.google.com/file/d/1Tc954KoL0T8NGIBfmb4-5meb_779D9Wq/view	Total CBD, as CBD (Ph.Eur. 2.2.29)
77	—	P160032	P160032	Grape Pie	QCSP 001_GP_v.02	Grade II	GP_THC24:CBD1	6	Total CBN	0.08	%	ППК26119	06.07.2026	UKIM	https://drive.google.com/file/d/1Tc954KoL0T8NGIBfmb4-5meb_779D9Wq/view	Total CBN (Ph.Eur. 2.2.29)
77	—	P160032	P160032	Grape Pie	QCSP 001_GP_v.02	Grade II	GP_THC24:CBD1	7	Foreign Matter	/ (Conforms; no seed, no leaves >1 cm)	%	ППК26119	06.07.2026	UKIM	https://drive.google.com/file/d/1Tc954KoL0T8NGIBfmb4-5meb_779D9Wq/view	Foreign matter (Страни материи)
77	—	P160032	P160032	Grape Pie	QCSP 001_GP_v.02	Grade II	GP_THC24:CBD1	8	Loss on Drying	6.78	%	ППК26119	06.07.2026	UKIM	https://drive.google.com/file/d/1Tc954KoL0T8NGIBfmb4-5meb_779D9Wq/view	Loss on drying / Губиток со сушење (Ph.Eur. 2.2.32)
77	—	P160032	P160032	Grape Pie	QCSP 001_GP_v.02	Grade II	GP_THC24:CBD1	9.1	Microbiology — TAMC	Missing / not tested	—	—	—	—		—
77	—	P160032	P160032	Grape Pie	QCSP 001_GP_v.02	Grade II	GP_THC24:CBD1	9.2	Microbiology — TYMC	Missing / not tested	—	—	—	—		—
77	—	P160032	P160032	Grape Pie	QCSP 001_GP_v.02	Grade II	GP_THC24:CBD1	9.3	Microbiology — Bile-tolerant gram-negative	Missing / not tested	—	—	—	—		—
77	—	P160032	P160032	Grape Pie	QCSP 001_GP_v.02	Grade II	GP_THC24:CBD1	9.4	Microbiology — Salmonella	Missing / not tested	—	—	—	—		—
77	—	P160032	P160032	Grape Pie	QCSP 001_GP_v.02	Grade II	GP_THC24:CBD1	9.5	Microbiology — Escherichia coli	Missing / not tested	—	—	—	—		—
77	—	P160032	P160032	Grape Pie	QCSP 001_GP_v.02	Grade II	GP_THC24:CBD1	10.1	Mycotoxins — Aflatoxin B1	Missing / not tested	—	—	—	—		—
77	—	P160032	P160032	Grape Pie	QCSP 001_GP_v.02	Grade II	GP_THC24:CBD1	10.2	Mycotoxins — Total Aflatoxins (B1+B2+G1+G2)	Missing / not tested	—	—	—	—		—
77	—	P160032	P160032	Grape Pie	QCSP 001_GP_v.02	Grade II	GP_THC24:CBD1	10.3	Mycotoxins — Ochratoxin A	Missing / not tested	—	—	—	—		—
77	—	P160032	P160032	Grape Pie	QCSP 001_GP_v.02	Grade II	GP_THC24:CBD1	11.1	Heavy Metals — Lead (Pb)	Missing / not tested	—	—	—	—		—
77	—	P160032	P160032	Grape Pie	QCSP 001_GP_v.02	Grade II	GP_THC24:CBD1	11.2	Heavy Metals — Cadmium (Cd)	Missing / not tested	—	—	—	—		—
77	—	P160032	P160032	Grape Pie	QCSP 001_GP_v.02	Grade II	GP_THC24:CBD1	11.3	Heavy Metals — Arsenic (As)	Missing / not tested	—	—	—	—		—
77	—	P160032	P160032	Grape Pie	QCSP 001_GP_v.02	Grade II	GP_THC24:CBD1	11.4	Heavy Metals — Mercury (Hg)	Missing / not tested	—	—	—	—		—
77	—	P160032	P160032	Grape Pie	QCSP 001_GP_v.02	Grade II	GP_THC24:CBD1	12	Pesticide Residues — multi-residue panel	Missing / not tested	—	—	—	—		—
